2025-04-14 10:36:01,001 - Trading System - INFO - Configuration loaded successfully
2025-04-14 10:36:01,302 - Platform Factory - INFO - Platform factory initialized with trading mode: paper
2025-04-14 10:36:01,302 - Trading System - INFO - Initialized platform factory with new adapters
2025-04-14 10:36:01,302 - Trading System - INFO - Environment variables loaded
2025-04-14 10:36:01,326 - Trading System - INFO - Encryption key loaded
2025-04-14 10:36:01,326 - Trading System - INFO - Fixed syntax error in improvement_bot.py
2025-04-14 10:36:01,771 - Trading System - INFO - scikit-learn is available (version 1.6.1)
2025-04-14 10:36:02,537 - Financial News - INFO - Financial News Collector initialized
2025-04-14 10:36:02,539 - Financial News - ERROR - Error loading news configuration: Expecting value: line 1 column 1 (char 0)
2025-04-14 10:36:02,539 - News Trading Integration - INFO - News integrator initialized
2025-04-14 10:36:02,539 - Financial News - INFO - Financial News Collector initialized
2025-04-14 10:36:02,539 - Financial News - ERROR - Error loading news configuration: Expecting value: line 1 column 1 (char 0)
2025-04-14 10:36:02,539 - News Trading Integration - INFO - News integrator initialized
2025-04-14 10:36:02,539 - Quantum Trading Bot - INFO - Attempting to import quantum libraries...
2025-04-14 10:36:03,189 - qiskit.passmanager.base_tasks - INFO - Pass: UnrollCustomDefinitions - 0.35405 (ms)
2025-04-14 10:36:03,190 - qiskit.transpiler.passes.basis.basis_translator - INFO - Begin BasisTranslator from source basis {('u3', 1)} to target basis {'p', 'reset', 'store', 'barrier', 'u', 'delay', 'snapshot', 'x', 'cx', 'rz', 'rx', 'z', 'measure', 'ry'}.
2025-04-14 10:36:03,190 - qiskit.transpiler.passes.basis.basis_translator - INFO - Basis translation path search completed in 0.001s.
2025-04-14 10:36:03,191 - qiskit.transpiler.passes.basis.basis_translator - INFO - Basis translation paths composed in 0.001s.
2025-04-14 10:36:03,192 - qiskit.transpiler.passes.basis.basis_translator - INFO - Basis translation instructions replaced in 0.001s.
2025-04-14 10:36:03,192 - qiskit.passmanager.base_tasks - INFO - Pass: BasisTranslator - 2.39396 (ms)
2025-04-14 10:36:03,196 - Quantum Trading Bot - INFO - Quantum libraries successfully imported: PennyLane 0.40.0, Qiskit 1.2.4
2025-04-14 10:36:03,201 - Quantum Trading Bot - INFO - ========== TRADING LOOP FUNCTION ENTERED ==========
2025-04-14 10:36:03,201 - Trading System - INFO - Started Trading Bot
2025-04-14 10:36:03,202 - Monitor Bot - INFO - Starting monitoring loop
2025-04-14 10:36:03,202 - Trading System - INFO - Started Monitor Bot
2025-04-14 10:36:03,202 - Quantum Trading Bot - INFO - Configuration loaded successfully
2025-04-14 10:36:03,202 - Improvement Bot - INFO - Starting improvement bot
2025-04-14 10:36:03,202 - Trading System - INFO - Started Improvement Bot
2025-04-14 10:36:03,202 - Trading System - INFO - Trading Bot is alive: True
2025-04-14 10:36:03,202 - Trading System - INFO - All bots started. Press Ctrl+C to exit.
2025-04-14 10:36:03,202 - Trading System - INFO - Monitor Bot is alive: True
2025-04-14 10:36:03,202 - Trading System - INFO - Improvement Bot is alive: True
2025-04-14 10:36:03,202 - Improvement Bot - INFO - Configuration loaded successfully
2025-04-14 10:36:03,202 - Quantum Trading Bot - INFO - Trade history loaded
2025-04-14 10:36:03,202 - Quantum Trading Bot - INFO - Signal handlers not installed - not in main thread
2025-04-14 10:36:03,203 - Quantum Trading Bot - INFO - Initialized PennyLane quantum device: default.qubit
2025-04-14 10:36:03,203 - Quantum Trading Bot - INFO - Mock adapter initialized
2025-04-14 10:36:03,208 - Improvement Bot - INFO - Running scheduled task: System Backup
2025-04-14 10:36:03,208 - Quantum Trading Bot - INFO - Starting trading cycle
2025-04-14 10:36:03,208 - Quantum Trading Bot - INFO - Processing AAPL
2025-04-14 10:36:03,208 - Quantum Trading Bot - ERROR - Error processing AAPL: name 'mock_check_halal_compliance' is not defined
2025-04-14 10:36:03,208 - Quantum Trading Bot - INFO - Processing MSFT
2025-04-14 10:36:03,208 - Quantum Trading Bot - ERROR - Error processing MSFT: name 'mock_check_halal_compliance' is not defined
2025-04-14 10:36:03,208 - Quantum Trading Bot - INFO - Processing NVDA
2025-04-14 10:36:03,208 - Quantum Trading Bot - ERROR - Error processing NVDA: name 'mock_check_halal_compliance' is not defined
2025-04-14 10:36:03,214 - Monitor Bot - INFO - Running scheduled task: Initial Performance Metrics
2025-04-14 10:36:03,219 - Monitor Bot - ERROR - Error extracting performance metrics: Expecting ',' delimiter: line 5194 column 27 (char 163935)
2025-04-14 10:36:03,219 - Monitor Bot - WARNING - Task Initial Performance Metrics completed with warnings
2025-04-14 10:36:03,220 - Monitor Bot - INFO - Running scheduled task: Initial API Health Check
2025-04-14 10:36:03,220 - WebUll Adapter - INFO - Generated random device ID for WebUll: TradingBot-ff582269f910
2025-04-14 10:36:03,220 - WebUll Adapter - WARNING - Missing WebUll credentials: username, password, trading_pin
2025-04-14 10:36:03,223 - WebUll Adapter - INFO - WebUll Adapter initialized in paper trading mode
2025-04-14 10:36:03,224 - Platform Factory - INFO - Created WebUll adapter in paper mode
2025-04-14 10:36:03,224 - WebUll Adapter - ERROR - Authentication failed: Missing username or password
2025-04-14 10:36:03,224 - Zoya Adapter - INFO - Zoya Adapter initialized in sandbox mode
2025-04-14 10:36:03,225 - Platform Factory - INFO - Created Zoya adapter in sandbox mode
2025-04-14 10:36:03,226 - Quantum Trading Bot - INFO - Performance metrics saved: 40/72 winning trades
2025-04-14 10:36:03,226 - Quantum Trading Bot - INFO - Sleeping for 60 seconds
2025-04-14 10:36:03,227 - Improvement Bot - INFO - System snapshot created at backups/snapshot_20250414_103603
2025-04-14 10:36:03,227 - Improvement Bot - INFO - Task System Backup completed successfully
2025-04-14 10:36:03,227 - Improvement Bot - INFO - Running scheduled task: Code Quality Check - Trading Bot
2025-04-14 10:36:03,228 - Improvement Bot - INFO - Found 2 issues in trading_bot
2025-04-14 10:36:03,228 - Improvement Bot - INFO - Task Code Quality Check - Trading Bot completed successfully
2025-04-14 10:36:03,228 - Improvement Bot - INFO - Running scheduled task: Code Quality Check - Monitor Bot
2025-04-14 10:36:03,228 - Improvement Bot - INFO - No issues found in monitor_bot
2025-04-14 10:36:03,228 - Improvement Bot - WARNING - Task Code Quality Check - Monitor Bot completed with warnings
2025-04-14 10:36:03,228 - Improvement Bot - INFO - Running scheduled task: Code Quality Check - Improvement Bot
2025-04-14 10:36:03,228 - Improvement Bot - INFO - Found 6 issues in improvement_bot
2025-04-14 10:36:03,228 - Improvement Bot - INFO - Task Code Quality Check - Improvement Bot completed successfully
2025-04-14 10:36:03,228 - Improvement Bot - INFO - Running scheduled task: ML Model Optimization
2025-04-14 10:36:03,228 - Improvement Bot - INFO - No ML models found to optimize
2025-04-14 10:36:03,228 - Improvement Bot - WARNING - Task ML Model Optimization completed with warnings
2025-04-14 10:36:03,228 - Improvement Bot - INFO - Running scheduled task: Quantum Circuit Optimization
2025-04-14 10:36:03,228 - Improvement Bot - INFO - Starting quantum circuit optimization
2025-04-14 10:36:03,229 - Improvement Bot - INFO - No quantum model files found to optimize
2025-04-14 10:36:03,229 - Improvement Bot - WARNING - Task Quantum Circuit Optimization completed with warnings
2025-04-14 10:36:03,229 - Improvement Bot - INFO - Running scheduled task: Quantum Error Analysis
2025-04-14 10:36:03,229 - Improvement Bot - INFO - Analyzing quantum error rates
2025-04-14 10:36:03,229 - Improvement Bot - INFO - Quantum error analysis completed: avg error 0.0431, trend +0.0105
2025-04-14 10:36:03,229 - Improvement Bot - INFO - Task Quantum Error Analysis completed successfully
2025-04-14 10:36:03,229 - Improvement Bot - INFO - Running scheduled task: Quantum Prediction Analysis
2025-04-14 10:36:03,229 - Improvement Bot - INFO - Evaluating quantum prediction accuracy
2025-04-14 10:36:03,230 - Improvement Bot - INFO - No completed quantum predictions found
2025-04-14 10:36:03,230 - Improvement Bot - WARNING - Task Quantum Prediction Analysis completed with warnings
2025-04-14 10:36:03,230 - Improvement Bot - INFO - Running scheduled task: Quantum Weight Optimization
2025-04-14 10:36:03,231 - Improvement Bot - INFO - Generated new quantum-optimized weights
2025-04-14 10:36:03,231 - Improvement Bot - INFO - Task Quantum Weight Optimization completed successfully
2025-04-14 10:36:03,231 - Improvement Bot - INFO - Running scheduled task: System Health Analysis
2025-04-14 10:36:03,232 - Improvement Bot - INFO - Win rate trend: +0.00%
2025-04-14 10:36:03,232 - Improvement Bot - INFO - Profit trend: +0.00%
2025-04-14 10:36:03,233 - Improvement Bot - INFO - System health analysis completed: healthy
2025-04-14 10:36:03,233 - Improvement Bot - INFO - Task System Health Analysis completed successfully
2025-04-14 10:36:03,374 - Monitor Bot - INFO - === API Health Status ===
2025-04-14 10:36:03,374 - Monitor Bot - INFO - WebUll API: Unavailable
2025-04-14 10:36:03,374 - Monitor Bot - INFO - Zoya API: OK
2025-04-14 10:36:03,374 - Monitor Bot - INFO - =======================
2025-04-14 10:36:03,374 - Monitor Bot - INFO - Task Initial API Health Check completed successfully
2025-04-14 10:36:03,374 - Monitor Bot - INFO - Running scheduled task: Initial Legal Compliance Report
2025-04-14 10:36:03,374 - Monitor Bot - INFO - Legal compliance report generated at legal/compliance_reports/compliance_report_20250414.json
2025-04-14 10:36:03,374 - Monitor Bot - INFO - Task Initial Legal Compliance Report completed successfully
2025-04-14 10:36:03,374 - Monitor Bot - INFO - Running scheduled task: Initial Quantum System Health Check
2025-04-14 10:36:03,374 - Monitor Bot - INFO - Monitoring quantum system health
2025-04-14 10:36:03,375 - Monitor Bot - INFO - Average quantum error rate: 0.0482
2025-04-14 10:36:03,376 - Monitor Bot - INFO - Task Initial Quantum System Health Check completed successfully
2025-04-14 10:37:03,208 - Trading System - INFO - Trading Bot is alive: True
2025-04-14 10:37:03,210 - Trading System - INFO - Monitor Bot is alive: True
2025-04-14 10:37:03,210 - Trading System - INFO - Improvement Bot is alive: True
2025-04-14 10:37:03,231 - Quantum Trading Bot - INFO - Starting trading cycle
2025-04-14 10:37:03,231 - Quantum Trading Bot - INFO - Processing AAPL
2025-04-14 10:37:03,231 - Quantum Trading Bot - ERROR - Error processing AAPL: name 'mock_check_halal_compliance' is not defined
2025-04-14 10:37:03,231 - Quantum Trading Bot - INFO - Processing MSFT
2025-04-14 10:37:03,232 - Quantum Trading Bot - ERROR - Error processing MSFT: name 'mock_check_halal_compliance' is not defined
2025-04-14 10:37:03,232 - Quantum Trading Bot - INFO - Processing NVDA
2025-04-14 10:37:03,232 - Quantum Trading Bot - ERROR - Error processing NVDA: name 'mock_check_halal_compliance' is not defined
2025-04-14 10:37:03,257 - Quantum Trading Bot - INFO - Performance metrics saved: 40/72 winning trades
2025-04-14 10:37:03,258 - Quantum Trading Bot - INFO - Sleeping for 60 seconds
2025-04-14 10:38:03,216 - Trading System - INFO - Trading Bot is alive: True
2025-04-14 10:38:03,219 - Trading System - INFO - Monitor Bot is alive: True
2025-04-14 10:38:03,219 - Trading System - INFO - Improvement Bot is alive: True
2025-04-14 10:38:03,263 - Quantum Trading Bot - INFO - Starting trading cycle
2025-04-14 10:38:03,264 - Quantum Trading Bot - INFO - Processing AAPL
2025-04-14 10:38:03,264 - Quantum Trading Bot - ERROR - Error processing AAPL: name 'mock_check_halal_compliance' is not defined
2025-04-14 10:38:03,264 - Quantum Trading Bot - INFO - Processing MSFT
2025-04-14 10:38:03,264 - Quantum Trading Bot - ERROR - Error processing MSFT: name 'mock_check_halal_compliance' is not defined
2025-04-14 10:38:03,264 - Quantum Trading Bot - INFO - Processing NVDA
2025-04-14 10:38:03,264 - Quantum Trading Bot - ERROR - Error processing NVDA: name 'mock_check_halal_compliance' is not defined
2025-04-14 10:38:03,298 - Quantum Trading Bot - INFO - Performance metrics saved: 40/72 winning trades
2025-04-14 10:38:03,298 - Quantum Trading Bot - INFO - Sleeping for 60 seconds
2025-04-14 10:39:03,221 - Trading System - INFO - Trading Bot is alive: True
2025-04-14 10:39:03,224 - Trading System - INFO - Monitor Bot is alive: True
2025-04-14 10:39:03,224 - Trading System - INFO - Improvement Bot is alive: True
2025-04-14 10:39:03,304 - Quantum Trading Bot - INFO - Starting trading cycle
2025-04-14 10:39:03,304 - Quantum Trading Bot - INFO - Processing AAPL
2025-04-14 10:39:03,305 - Quantum Trading Bot - ERROR - Error processing AAPL: name 'mock_check_halal_compliance' is not defined
2025-04-14 10:39:03,305 - Quantum Trading Bot - INFO - Processing MSFT
2025-04-14 10:39:03,305 - Quantum Trading Bot - ERROR - Error processing MSFT: name 'mock_check_halal_compliance' is not defined
2025-04-14 10:39:03,305 - Quantum Trading Bot - INFO - Processing NVDA
2025-04-14 10:39:03,305 - Quantum Trading Bot - ERROR - Error processing NVDA: name 'mock_check_halal_compliance' is not defined
2025-04-14 10:39:03,338 - Quantum Trading Bot - INFO - Performance metrics saved: 40/72 winning trades
2025-04-14 10:39:03,338 - Quantum Trading Bot - INFO - Sleeping for 60 seconds
2025-04-14 10:40:03,225 - Trading System - INFO - Trading Bot is alive: True
2025-04-14 10:40:03,227 - Trading System - INFO - Monitor Bot is alive: True
2025-04-14 10:40:03,227 - Trading System - INFO - Improvement Bot is alive: True
2025-04-14 10:40:03,344 - Quantum Trading Bot - INFO - Starting trading cycle
2025-04-14 10:40:03,344 - Quantum Trading Bot - INFO - Processing AAPL
2025-04-14 10:40:03,344 - Quantum Trading Bot - ERROR - Error processing AAPL: name 'mock_check_halal_compliance' is not defined
2025-04-14 10:40:03,344 - Quantum Trading Bot - INFO - Processing MSFT
2025-04-14 10:40:03,344 - Quantum Trading Bot - ERROR - Error processing MSFT: name 'mock_check_halal_compliance' is not defined
2025-04-14 10:40:03,345 - Quantum Trading Bot - INFO - Processing NVDA
2025-04-14 10:40:03,345 - Quantum Trading Bot - ERROR - Error processing NVDA: name 'mock_check_halal_compliance' is not defined
2025-04-14 10:40:03,374 - Quantum Trading Bot - INFO - Performance metrics saved: 40/72 winning trades
2025-04-14 10:40:03,375 - Quantum Trading Bot - INFO - Sleeping for 60 seconds
2025-04-14 10:41:03,231 - Trading System - INFO - Trading Bot is alive: True
2025-04-14 10:41:03,234 - Trading System - INFO - Monitor Bot is alive: True
2025-04-14 10:41:03,234 - Trading System - INFO - Improvement Bot is alive: True
2025-04-14 10:41:03,380 - Quantum Trading Bot - INFO - Starting trading cycle
2025-04-14 10:41:03,381 - Quantum Trading Bot - INFO - Processing AAPL
2025-04-14 10:41:03,381 - Quantum Trading Bot - ERROR - Error processing AAPL: name 'mock_check_halal_compliance' is not defined
2025-04-14 10:41:03,381 - Quantum Trading Bot - INFO - Processing MSFT
2025-04-14 10:41:03,381 - Quantum Trading Bot - ERROR - Error processing MSFT: name 'mock_check_halal_compliance' is not defined
2025-04-14 10:41:03,381 - Quantum Trading Bot - INFO - Processing NVDA
2025-04-14 10:41:03,382 - Quantum Trading Bot - ERROR - Error processing NVDA: name 'mock_check_halal_compliance' is not defined
2025-04-14 10:41:03,411 - Quantum Trading Bot - INFO - Performance metrics saved: 40/72 winning trades
2025-04-14 10:41:03,411 - Quantum Trading Bot - INFO - Sleeping for 60 seconds
2025-04-14 10:42:03,239 - Trading System - INFO - Trading Bot is alive: True
2025-04-14 10:42:03,241 - Trading System - INFO - Monitor Bot is alive: True
2025-04-14 10:42:03,241 - Trading System - INFO - Improvement Bot is alive: True
2025-04-14 10:42:03,417 - Quantum Trading Bot - INFO - Starting trading cycle
2025-04-14 10:42:03,417 - Quantum Trading Bot - INFO - Processing AAPL
2025-04-14 10:42:03,418 - Quantum Trading Bot - ERROR - Error processing AAPL: name 'mock_check_halal_compliance' is not defined
2025-04-14 10:42:03,418 - Quantum Trading Bot - INFO - Processing MSFT
2025-04-14 10:42:03,418 - Quantum Trading Bot - ERROR - Error processing MSFT: name 'mock_check_halal_compliance' is not defined
2025-04-14 10:42:03,418 - Quantum Trading Bot - INFO - Processing NVDA
2025-04-14 10:42:03,419 - Quantum Trading Bot - ERROR - Error processing NVDA: name 'mock_check_halal_compliance' is not defined
2025-04-14 10:42:03,446 - Quantum Trading Bot - INFO - Performance metrics saved: 40/72 winning trades
2025-04-14 10:42:03,448 - Quantum Trading Bot - INFO - Sleeping for 60 seconds
2025-04-14 10:43:03,242 - Trading System - INFO - Trading Bot is alive: True
2025-04-14 10:43:03,244 - Trading System - INFO - Monitor Bot is alive: True
2025-04-14 10:43:03,244 - Trading System - INFO - Improvement Bot is alive: True
2025-04-14 10:43:03,453 - Quantum Trading Bot - INFO - Starting trading cycle
2025-04-14 10:43:03,453 - Quantum Trading Bot - INFO - Processing AAPL
2025-04-14 10:43:03,454 - Quantum Trading Bot - ERROR - Error processing AAPL: name 'mock_check_halal_compliance' is not defined
2025-04-14 10:43:03,454 - Quantum Trading Bot - INFO - Processing MSFT
2025-04-14 10:43:03,454 - Quantum Trading Bot - ERROR - Error processing MSFT: name 'mock_check_halal_compliance' is not defined
2025-04-14 10:43:03,454 - Quantum Trading Bot - INFO - Processing NVDA
2025-04-14 10:43:03,454 - Quantum Trading Bot - ERROR - Error processing NVDA: name 'mock_check_halal_compliance' is not defined
2025-04-14 10:43:03,485 - Quantum Trading Bot - INFO - Performance metrics saved: 40/72 winning trades
2025-04-14 10:43:03,485 - Quantum Trading Bot - INFO - Sleeping for 60 seconds
2025-04-14 10:44:03,247 - Trading System - INFO - Trading Bot is alive: True
2025-04-14 10:44:03,250 - Trading System - INFO - Monitor Bot is alive: True
2025-04-14 10:44:03,250 - Trading System - INFO - Improvement Bot is alive: True
2025-04-14 10:44:03,491 - Quantum Trading Bot - INFO - Starting trading cycle
2025-04-14 10:44:03,491 - Quantum Trading Bot - INFO - Processing AAPL
2025-04-14 10:44:03,492 - Quantum Trading Bot - ERROR - Error processing AAPL: name 'mock_check_halal_compliance' is not defined
2025-04-14 10:44:03,492 - Quantum Trading Bot - INFO - Processing MSFT
2025-04-14 10:44:03,492 - Quantum Trading Bot - ERROR - Error processing MSFT: name 'mock_check_halal_compliance' is not defined
2025-04-14 10:44:03,492 - Quantum Trading Bot - INFO - Processing NVDA
2025-04-14 10:44:03,492 - Quantum Trading Bot - ERROR - Error processing NVDA: name 'mock_check_halal_compliance' is not defined
2025-04-14 10:44:03,521 - Quantum Trading Bot - INFO - Performance metrics saved: 40/72 winning trades
2025-04-14 10:44:03,522 - Quantum Trading Bot - INFO - Sleeping for 60 seconds
2025-04-14 10:45:03,255 - Trading System - INFO - Trading Bot is alive: True
2025-04-14 10:45:03,257 - Trading System - INFO - Monitor Bot is alive: True
2025-04-14 10:45:03,257 - Trading System - INFO - Improvement Bot is alive: True
2025-04-14 10:45:03,524 - Quantum Trading Bot - INFO - Starting trading cycle
2025-04-14 10:45:03,525 - Quantum Trading Bot - INFO - Processing AAPL
2025-04-14 10:45:03,525 - Quantum Trading Bot - ERROR - Error processing AAPL: name 'mock_check_halal_compliance' is not defined
2025-04-14 10:45:03,525 - Quantum Trading Bot - INFO - Processing MSFT
2025-04-14 10:45:03,525 - Quantum Trading Bot - ERROR - Error processing MSFT: name 'mock_check_halal_compliance' is not defined
2025-04-14 10:45:03,525 - Quantum Trading Bot - INFO - Processing NVDA
2025-04-14 10:45:03,525 - Quantum Trading Bot - ERROR - Error processing NVDA: name 'mock_check_halal_compliance' is not defined
2025-04-14 10:45:03,561 - Quantum Trading Bot - INFO - Performance metrics saved: 40/72 winning trades
2025-04-14 10:45:03,561 - Quantum Trading Bot - INFO - Not enough quantum predictions to update model
2025-04-14 10:45:03,561 - Quantum Trading Bot - INFO - Sleeping for 60 seconds
2025-04-14 10:46:03,263 - Trading System - INFO - Trading Bot is alive: True
2025-04-14 10:46:03,266 - Trading System - INFO - Monitor Bot is alive: True
2025-04-14 10:46:03,266 - Trading System - INFO - Improvement Bot is alive: True
2025-04-14 10:46:03,566 - Quantum Trading Bot - INFO - Starting trading cycle
2025-04-14 10:46:03,567 - Quantum Trading Bot - INFO - Processing AAPL
2025-04-14 10:46:03,568 - Quantum Trading Bot - ERROR - Error processing AAPL: name 'mock_check_halal_compliance' is not defined
2025-04-14 10:46:03,568 - Quantum Trading Bot - INFO - Processing MSFT
2025-04-14 10:46:03,568 - Quantum Trading Bot - ERROR - Error processing MSFT: name 'mock_check_halal_compliance' is not defined
2025-04-14 10:46:03,568 - Quantum Trading Bot - INFO - Processing NVDA
2025-04-14 10:46:03,568 - Quantum Trading Bot - ERROR - Error processing NVDA: name 'mock_check_halal_compliance' is not defined
2025-04-14 10:46:03,604 - Quantum Trading Bot - INFO - Performance metrics saved: 40/72 winning trades
2025-04-14 10:46:03,604 - Quantum Trading Bot - INFO - Sleeping for 60 seconds
2025-04-14 10:47:03,270 - Trading System - INFO - Trading Bot is alive: True
2025-04-14 10:47:03,273 - Trading System - INFO - Monitor Bot is alive: True
2025-04-14 10:47:03,273 - Trading System - INFO - Improvement Bot is alive: True
2025-04-14 10:47:03,610 - Quantum Trading Bot - INFO - Starting trading cycle
2025-04-14 10:47:03,610 - Quantum Trading Bot - INFO - Processing AAPL
2025-04-14 10:47:03,610 - Quantum Trading Bot - ERROR - Error processing AAPL: name 'mock_check_halal_compliance' is not defined
2025-04-14 10:47:03,610 - Quantum Trading Bot - INFO - Processing MSFT
2025-04-14 10:47:03,610 - Quantum Trading Bot - ERROR - Error processing MSFT: name 'mock_check_halal_compliance' is not defined
2025-04-14 10:47:03,611 - Quantum Trading Bot - INFO - Processing NVDA
2025-04-14 10:47:03,611 - Quantum Trading Bot - ERROR - Error processing NVDA: name 'mock_check_halal_compliance' is not defined
2025-04-14 10:47:03,643 - Quantum Trading Bot - INFO - Performance metrics saved: 40/72 winning trades
2025-04-14 10:47:03,643 - Quantum Trading Bot - INFO - Sleeping for 60 seconds
2025-04-14 10:48:03,277 - Trading System - INFO - Trading Bot is alive: True
2025-04-14 10:48:03,281 - Trading System - INFO - Monitor Bot is alive: True
2025-04-14 10:48:03,281 - Trading System - INFO - Improvement Bot is alive: True
2025-04-14 10:48:03,597 - Quantum Trading Bot - INFO - Starting trading cycle
2025-04-14 10:48:03,597 - Quantum Trading Bot - INFO - Processing AAPL
2025-04-14 10:48:03,598 - Quantum Trading Bot - ERROR - Error processing AAPL: name 'mock_check_halal_compliance' is not defined
2025-04-14 10:48:03,598 - Quantum Trading Bot - INFO - Processing MSFT
2025-04-14 10:48:03,598 - Quantum Trading Bot - ERROR - Error processing MSFT: name 'mock_check_halal_compliance' is not defined
2025-04-14 10:48:03,598 - Quantum Trading Bot - INFO - Processing NVDA
2025-04-14 10:48:03,598 - Quantum Trading Bot - ERROR - Error processing NVDA: name 'mock_check_halal_compliance' is not defined
2025-04-14 10:48:03,615 - Quantum Trading Bot - INFO - Performance metrics saved: 40/72 winning trades
2025-04-14 10:48:03,615 - Quantum Trading Bot - INFO - Sleeping for 60 seconds
2025-04-14 10:49:03,233 - Trading System - INFO - Trading Bot is alive: True
2025-04-14 10:49:03,236 - Trading System - INFO - Monitor Bot is alive: True
2025-04-14 10:49:03,236 - Trading System - INFO - Improvement Bot is alive: True
2025-04-14 10:49:03,619 - Quantum Trading Bot - INFO - Starting trading cycle
2025-04-14 10:49:03,620 - Quantum Trading Bot - INFO - Processing AAPL
2025-04-14 10:49:03,620 - Quantum Trading Bot - ERROR - Error processing AAPL: name 'mock_check_halal_compliance' is not defined
2025-04-14 10:49:03,621 - Quantum Trading Bot - INFO - Processing MSFT
2025-04-14 10:49:03,621 - Quantum Trading Bot - ERROR - Error processing MSFT: name 'mock_check_halal_compliance' is not defined
2025-04-14 10:49:03,621 - Quantum Trading Bot - INFO - Processing NVDA
2025-04-14 10:49:03,621 - Quantum Trading Bot - ERROR - Error processing NVDA: name 'mock_check_halal_compliance' is not defined
2025-04-14 10:49:03,648 - Quantum Trading Bot - INFO - Performance metrics saved: 40/72 winning trades
2025-04-14 10:49:03,648 - Quantum Trading Bot - INFO - Sleeping for 60 seconds
2025-04-14 10:50:03,240 - Trading System - INFO - Trading Bot is alive: True
2025-04-14 10:50:03,241 - Trading System - INFO - Monitor Bot is alive: True
2025-04-14 10:50:03,241 - Trading System - INFO - Improvement Bot is alive: True
2025-04-14 10:50:03,652 - Quantum Trading Bot - INFO - Starting trading cycle
2025-04-14 10:50:03,652 - Quantum Trading Bot - INFO - Processing AAPL
2025-04-14 10:50:03,652 - Quantum Trading Bot - ERROR - Error processing AAPL: name 'mock_check_halal_compliance' is not defined
2025-04-14 10:50:03,652 - Quantum Trading Bot - INFO - Processing MSFT
2025-04-14 10:50:03,652 - Quantum Trading Bot - ERROR - Error processing MSFT: name 'mock_check_halal_compliance' is not defined
2025-04-14 10:50:03,652 - Quantum Trading Bot - INFO - Processing NVDA
2025-04-14 10:50:03,652 - Quantum Trading Bot - ERROR - Error processing NVDA: name 'mock_check_halal_compliance' is not defined
2025-04-14 10:50:03,666 - Quantum Trading Bot - INFO - Performance metrics saved: 40/72 winning trades
2025-04-14 10:50:03,666 - Quantum Trading Bot - INFO - Sleeping for 60 seconds
2025-04-14 10:51:03,246 - Trading System - INFO - Trading Bot is alive: True
2025-04-14 10:51:03,248 - Trading System - INFO - Monitor Bot is alive: True
2025-04-14 10:51:03,248 - Trading System - INFO - Improvement Bot is alive: True
2025-04-14 10:51:03,670 - Quantum Trading Bot - INFO - Starting trading cycle
2025-04-14 10:51:03,671 - Quantum Trading Bot - INFO - Processing AAPL
2025-04-14 10:51:03,671 - Quantum Trading Bot - ERROR - Error processing AAPL: name 'mock_check_halal_compliance' is not defined
2025-04-14 10:51:03,671 - Quantum Trading Bot - INFO - Processing MSFT
2025-04-14 10:51:03,671 - Quantum Trading Bot - ERROR - Error processing MSFT: name 'mock_check_halal_compliance' is not defined
2025-04-14 10:51:03,671 - Quantum Trading Bot - INFO - Processing NVDA
2025-04-14 10:51:03,671 - Quantum Trading Bot - ERROR - Error processing NVDA: name 'mock_check_halal_compliance' is not defined
2025-04-14 10:51:03,708 - Quantum Trading Bot - INFO - Performance metrics saved: 40/72 winning trades
2025-04-14 10:51:03,709 - Quantum Trading Bot - INFO - Sleeping for 60 seconds
2025-04-14 10:52:03,253 - Trading System - INFO - Trading Bot is alive: True
2025-04-14 10:52:03,256 - Trading System - INFO - Monitor Bot is alive: True
2025-04-14 10:52:03,256 - Trading System - INFO - Improvement Bot is alive: True
2025-04-14 10:52:03,713 - Quantum Trading Bot - INFO - Starting trading cycle
2025-04-14 10:52:03,714 - Quantum Trading Bot - INFO - Processing AAPL
2025-04-14 10:52:03,714 - Quantum Trading Bot - ERROR - Error processing AAPL: name 'mock_check_halal_compliance' is not defined
2025-04-14 10:52:03,714 - Quantum Trading Bot - INFO - Processing MSFT
2025-04-14 10:52:03,714 - Quantum Trading Bot - ERROR - Error processing MSFT: name 'mock_check_halal_compliance' is not defined
2025-04-14 10:52:03,714 - Quantum Trading Bot - INFO - Processing NVDA
2025-04-14 10:52:03,715 - Quantum Trading Bot - ERROR - Error processing NVDA: name 'mock_check_halal_compliance' is not defined
2025-04-14 10:52:03,753 - Quantum Trading Bot - INFO - Performance metrics saved: 40/72 winning trades
2025-04-14 10:52:03,754 - Quantum Trading Bot - INFO - Sleeping for 60 seconds
2025-04-14 10:53:03,260 - Trading System - INFO - Trading Bot is alive: True
2025-04-14 10:53:03,263 - Trading System - INFO - Monitor Bot is alive: True
2025-04-14 10:53:03,263 - Trading System - INFO - Improvement Bot is alive: True
2025-04-14 10:53:03,758 - Quantum Trading Bot - INFO - Starting trading cycle
2025-04-14 10:53:03,759 - Quantum Trading Bot - INFO - Processing AAPL
2025-04-14 10:53:03,759 - Quantum Trading Bot - ERROR - Error processing AAPL: name 'mock_check_halal_compliance' is not defined
2025-04-14 10:53:03,759 - Quantum Trading Bot - INFO - Processing MSFT
2025-04-14 10:53:03,759 - Quantum Trading Bot - ERROR - Error processing MSFT: name 'mock_check_halal_compliance' is not defined
2025-04-14 10:53:03,759 - Quantum Trading Bot - INFO - Processing NVDA
2025-04-14 10:53:03,760 - Quantum Trading Bot - ERROR - Error processing NVDA: name 'mock_check_halal_compliance' is not defined
2025-04-14 10:53:03,794 - Quantum Trading Bot - INFO - Performance metrics saved: 40/72 winning trades
2025-04-14 10:53:03,794 - Quantum Trading Bot - INFO - Sleeping for 60 seconds
2025-04-14 10:54:03,267 - Trading System - INFO - Trading Bot is alive: True
2025-04-14 10:54:03,270 - Trading System - INFO - Monitor Bot is alive: True
2025-04-14 10:54:03,270 - Trading System - INFO - Improvement Bot is alive: True
2025-04-14 10:54:03,798 - Quantum Trading Bot - INFO - Starting trading cycle
2025-04-14 10:54:03,799 - Quantum Trading Bot - INFO - Processing AAPL
2025-04-14 10:54:03,799 - Quantum Trading Bot - ERROR - Error processing AAPL: name 'mock_check_halal_compliance' is not defined
2025-04-14 10:54:03,799 - Quantum Trading Bot - INFO - Processing MSFT
2025-04-14 10:54:03,800 - Quantum Trading Bot - ERROR - Error processing MSFT: name 'mock_check_halal_compliance' is not defined
2025-04-14 10:54:03,800 - Quantum Trading Bot - INFO - Processing NVDA
2025-04-14 10:54:03,800 - Quantum Trading Bot - ERROR - Error processing NVDA: name 'mock_check_halal_compliance' is not defined
2025-04-14 10:54:03,829 - Quantum Trading Bot - INFO - Performance metrics saved: 40/72 winning trades
2025-04-14 10:54:03,829 - Quantum Trading Bot - INFO - Sleeping for 60 seconds
2025-04-14 10:55:03,274 - Trading System - INFO - Trading Bot is alive: True
2025-04-14 10:55:03,275 - Trading System - INFO - Monitor Bot is alive: True
2025-04-14 10:55:03,276 - Trading System - INFO - Improvement Bot is alive: True
2025-04-14 10:55:03,833 - Quantum Trading Bot - INFO - Starting trading cycle
2025-04-14 10:55:03,834 - Quantum Trading Bot - INFO - Processing AAPL
2025-04-14 10:55:03,834 - Quantum Trading Bot - ERROR - Error processing AAPL: name 'mock_check_halal_compliance' is not defined
2025-04-14 10:55:03,834 - Quantum Trading Bot - INFO - Processing MSFT
2025-04-14 10:55:03,834 - Quantum Trading Bot - ERROR - Error processing MSFT: name 'mock_check_halal_compliance' is not defined
2025-04-14 10:55:03,834 - Quantum Trading Bot - INFO - Processing NVDA
2025-04-14 10:55:03,834 - Quantum Trading Bot - ERROR - Error processing NVDA: name 'mock_check_halal_compliance' is not defined
2025-04-14 10:55:03,863 - Quantum Trading Bot - INFO - Performance metrics saved: 40/72 winning trades
2025-04-14 10:55:03,863 - Quantum Trading Bot - INFO - Not enough quantum predictions to update model
2025-04-14 10:55:03,900 - Quantum Trading Bot - INFO - Quantum device error rate: 0.0357
2025-04-14 10:55:03,902 - Quantum Trading Bot - INFO - Quantum portfolio optimization complete: {'AAPL': np.float64(0.3413014608233732), 'MSFT': np.float64(0.3293492695883134), 'NVDA': np.float64(0.3293492695883134)}
2025-04-14 10:55:03,903 - Quantum Trading Bot - INFO - Optimal portfolio weights: {'AAPL': np.float64(0.3413014608233732), 'MSFT': np.float64(0.3293492695883134), 'NVDA': np.float64(0.3293492695883134)}
2025-04-14 10:55:03,903 - Quantum Trading Bot - INFO - Sleeping for 60 seconds
2025-04-14 10:56:03,280 - Trading System - INFO - Trading Bot is alive: True
2025-04-14 10:56:03,282 - Trading System - INFO - Monitor Bot is alive: True
2025-04-14 10:56:03,282 - Trading System - INFO - Improvement Bot is alive: True
2025-04-14 10:56:03,907 - Quantum Trading Bot - INFO - Starting trading cycle
2025-04-14 10:56:03,908 - Quantum Trading Bot - INFO - Processing AAPL
2025-04-14 10:56:03,908 - Quantum Trading Bot - ERROR - Error processing AAPL: name 'mock_check_halal_compliance' is not defined
2025-04-14 10:56:03,908 - Quantum Trading Bot - INFO - Processing MSFT
2025-04-14 10:56:03,908 - Quantum Trading Bot - ERROR - Error processing MSFT: name 'mock_check_halal_compliance' is not defined
2025-04-14 10:56:03,908 - Quantum Trading Bot - INFO - Processing NVDA
2025-04-14 10:56:03,908 - Quantum Trading Bot - ERROR - Error processing NVDA: name 'mock_check_halal_compliance' is not defined
2025-04-14 10:56:03,937 - Quantum Trading Bot - INFO - Performance metrics saved: 40/72 winning trades
2025-04-14 10:56:03,938 - Quantum Trading Bot - INFO - Sleeping for 60 seconds
2025-04-14 10:57:03,285 - Trading System - INFO - Trading Bot is alive: True
2025-04-14 10:57:03,286 - Trading System - INFO - Monitor Bot is alive: True
2025-04-14 10:57:03,286 - Trading System - INFO - Improvement Bot is alive: True
2025-04-14 10:57:03,942 - Quantum Trading Bot - INFO - Starting trading cycle
2025-04-14 10:57:03,942 - Quantum Trading Bot - INFO - Processing AAPL
2025-04-14 10:57:03,942 - Quantum Trading Bot - ERROR - Error processing AAPL: name 'mock_check_halal_compliance' is not defined
2025-04-14 10:57:03,943 - Quantum Trading Bot - INFO - Processing MSFT
2025-04-14 10:57:03,943 - Quantum Trading Bot - ERROR - Error processing MSFT: name 'mock_check_halal_compliance' is not defined
2025-04-14 10:57:03,943 - Quantum Trading Bot - INFO - Processing NVDA
2025-04-14 10:57:03,943 - Quantum Trading Bot - ERROR - Error processing NVDA: name 'mock_check_halal_compliance' is not defined
2025-04-14 10:57:03,973 - Quantum Trading Bot - INFO - Performance metrics saved: 40/72 winning trades
2025-04-14 10:57:03,974 - Quantum Trading Bot - INFO - Sleeping for 60 seconds
2025-04-14 10:58:03,291 - Trading System - INFO - Trading Bot is alive: True
2025-04-14 10:58:03,292 - Trading System - INFO - Monitor Bot is alive: True
2025-04-14 10:58:03,293 - Trading System - INFO - Improvement Bot is alive: True
2025-04-14 10:58:03,978 - Quantum Trading Bot - INFO - Starting trading cycle
2025-04-14 10:58:03,978 - Quantum Trading Bot - INFO - Processing AAPL
2025-04-14 10:58:03,978 - Quantum Trading Bot - ERROR - Error processing AAPL: name 'mock_check_halal_compliance' is not defined
2025-04-14 10:58:03,978 - Quantum Trading Bot - INFO - Processing MSFT
2025-04-14 10:58:03,979 - Quantum Trading Bot - ERROR - Error processing MSFT: name 'mock_check_halal_compliance' is not defined
2025-04-14 10:58:03,979 - Quantum Trading Bot - INFO - Processing NVDA
2025-04-14 10:58:03,979 - Quantum Trading Bot - ERROR - Error processing NVDA: name 'mock_check_halal_compliance' is not defined
2025-04-14 10:58:04,008 - Quantum Trading Bot - INFO - Performance metrics saved: 40/72 winning trades
2025-04-14 10:58:04,008 - Quantum Trading Bot - INFO - Sleeping for 60 seconds
2025-04-14 10:59:03,294 - Trading System - INFO - Trading Bot is alive: True
2025-04-14 10:59:03,295 - Trading System - INFO - Monitor Bot is alive: True
2025-04-14 10:59:03,295 - Trading System - INFO - Improvement Bot is alive: True
2025-04-14 10:59:04,012 - Quantum Trading Bot - INFO - Starting trading cycle
2025-04-14 10:59:04,012 - Quantum Trading Bot - INFO - Processing AAPL
2025-04-14 10:59:04,013 - Quantum Trading Bot - ERROR - Error processing AAPL: name 'mock_check_halal_compliance' is not defined
2025-04-14 10:59:04,013 - Quantum Trading Bot - INFO - Processing MSFT
2025-04-14 10:59:04,013 - Quantum Trading Bot - ERROR - Error processing MSFT: name 'mock_check_halal_compliance' is not defined
2025-04-14 10:59:04,013 - Quantum Trading Bot - INFO - Processing NVDA
2025-04-14 10:59:04,013 - Quantum Trading Bot - ERROR - Error processing NVDA: name 'mock_check_halal_compliance' is not defined
2025-04-14 10:59:04,039 - Quantum Trading Bot - INFO - Performance metrics saved: 40/72 winning trades
2025-04-14 10:59:04,040 - Quantum Trading Bot - INFO - Sleeping for 60 seconds
2025-04-14 11:00:03,299 - Trading System - INFO - Trading Bot is alive: True
2025-04-14 11:00:03,301 - Trading System - INFO - Monitor Bot is alive: True
2025-04-14 11:00:03,301 - Trading System - INFO - Improvement Bot is alive: True
2025-04-14 11:00:04,049 - Quantum Trading Bot - INFO - Starting trading cycle
2025-04-14 11:00:04,050 - Quantum Trading Bot - INFO - Processing AAPL
2025-04-14 11:00:04,050 - Quantum Trading Bot - ERROR - Error processing AAPL: name 'mock_check_halal_compliance' is not defined
2025-04-14 11:00:04,050 - Quantum Trading Bot - INFO - Processing MSFT
2025-04-14 11:00:04,050 - Quantum Trading Bot - ERROR - Error processing MSFT: name 'mock_check_halal_compliance' is not defined
2025-04-14 11:00:04,050 - Quantum Trading Bot - INFO - Processing NVDA
2025-04-14 11:00:04,050 - Quantum Trading Bot - ERROR - Error processing NVDA: name 'mock_check_halal_compliance' is not defined
2025-04-14 11:00:04,080 - Quantum Trading Bot - INFO - Performance metrics saved: 40/72 winning trades
2025-04-14 11:00:04,080 - Quantum Trading Bot - INFO - Sleeping for 60 seconds
2025-04-14 11:01:03,309 - Trading System - INFO - Trading Bot is alive: True
2025-04-14 11:01:03,311 - Trading System - INFO - Monitor Bot is alive: True
2025-04-14 11:01:03,312 - Trading System - INFO - Improvement Bot is alive: True
2025-04-14 11:01:04,082 - Quantum Trading Bot - INFO - Starting trading cycle
2025-04-14 11:01:04,082 - Quantum Trading Bot - INFO - Processing AAPL
2025-04-14 11:01:04,082 - Quantum Trading Bot - ERROR - Error processing AAPL: name 'mock_check_halal_compliance' is not defined
2025-04-14 11:01:04,082 - Quantum Trading Bot - INFO - Processing MSFT
2025-04-14 11:01:04,082 - Quantum Trading Bot - ERROR - Error processing MSFT: name 'mock_check_halal_compliance' is not defined
2025-04-14 11:01:04,082 - Quantum Trading Bot - INFO - Processing NVDA
2025-04-14 11:01:04,082 - Quantum Trading Bot - ERROR - Error processing NVDA: name 'mock_check_halal_compliance' is not defined
2025-04-14 11:01:04,112 - Quantum Trading Bot - INFO - Performance metrics saved: 40/72 winning trades
2025-04-14 11:01:04,113 - Quantum Trading Bot - INFO - Sleeping for 60 seconds
2025-04-14 11:02:03,315 - Trading System - INFO - Trading Bot is alive: True
2025-04-14 11:02:03,317 - Trading System - INFO - Monitor Bot is alive: True
2025-04-14 11:02:03,317 - Trading System - INFO - Improvement Bot is alive: True
2025-04-14 11:02:04,117 - Quantum Trading Bot - INFO - Starting trading cycle
2025-04-14 11:02:04,118 - Quantum Trading Bot - INFO - Processing AAPL
2025-04-14 11:02:04,118 - Quantum Trading Bot - ERROR - Error processing AAPL: name 'mock_check_halal_compliance' is not defined
2025-04-14 11:02:04,118 - Quantum Trading Bot - INFO - Processing MSFT
2025-04-14 11:02:04,118 - Quantum Trading Bot - ERROR - Error processing MSFT: name 'mock_check_halal_compliance' is not defined
2025-04-14 11:02:04,118 - Quantum Trading Bot - INFO - Processing NVDA
2025-04-14 11:02:04,118 - Quantum Trading Bot - ERROR - Error processing NVDA: name 'mock_check_halal_compliance' is not defined
2025-04-14 11:02:04,153 - Quantum Trading Bot - INFO - Performance metrics saved: 40/72 winning trades
2025-04-14 11:02:04,153 - Quantum Trading Bot - INFO - Sleeping for 60 seconds
2025-04-14 11:03:03,320 - Trading System - INFO - Trading Bot is alive: True
2025-04-14 11:03:03,357 - Trading System - INFO - Monitor Bot is alive: True
2025-04-14 11:03:03,368 - Trading System - INFO - Improvement Bot is alive: True
2025-04-14 11:03:04,153 - Quantum Trading Bot - INFO - Starting trading cycle
2025-04-14 11:03:04,154 - Quantum Trading Bot - INFO - Processing AAPL
2025-04-14 11:03:04,154 - Quantum Trading Bot - ERROR - Error processing AAPL: name 'mock_check_halal_compliance' is not defined
2025-04-14 11:03:04,154 - Quantum Trading Bot - INFO - Processing MSFT
2025-04-14 11:03:04,154 - Quantum Trading Bot - ERROR - Error processing MSFT: name 'mock_check_halal_compliance' is not defined
2025-04-14 11:03:04,154 - Quantum Trading Bot - INFO - Processing NVDA
2025-04-14 11:03:04,154 - Quantum Trading Bot - ERROR - Error processing NVDA: name 'mock_check_halal_compliance' is not defined
2025-04-14 11:03:04,170 - Quantum Trading Bot - INFO - Performance metrics saved: 40/72 winning trades
2025-04-14 11:03:04,170 - Quantum Trading Bot - INFO - Sleeping for 60 seconds
2025-04-14 11:04:03,371 - Trading System - INFO - Trading Bot is alive: True
2025-04-14 11:04:03,373 - Trading System - INFO - Monitor Bot is alive: True
2025-04-14 11:04:03,373 - Trading System - INFO - Improvement Bot is alive: True
2025-04-14 11:04:04,175 - Quantum Trading Bot - INFO - Starting trading cycle
2025-04-14 11:04:04,175 - Quantum Trading Bot - INFO - Processing AAPL
2025-04-14 11:04:04,175 - Quantum Trading Bot - ERROR - Error processing AAPL: name 'mock_check_halal_compliance' is not defined
2025-04-14 11:04:04,175 - Quantum Trading Bot - INFO - Processing MSFT
2025-04-14 11:04:04,176 - Quantum Trading Bot - ERROR - Error processing MSFT: name 'mock_check_halal_compliance' is not defined
2025-04-14 11:04:04,176 - Quantum Trading Bot - INFO - Processing NVDA
2025-04-14 11:04:04,176 - Quantum Trading Bot - ERROR - Error processing NVDA: name 'mock_check_halal_compliance' is not defined
2025-04-14 11:04:04,206 - Quantum Trading Bot - INFO - Performance metrics saved: 40/72 winning trades
2025-04-14 11:04:04,206 - Quantum Trading Bot - INFO - Sleeping for 60 seconds
2025-04-14 11:05:03,378 - Trading System - INFO - Trading Bot is alive: True
2025-04-14 11:05:03,379 - Trading System - INFO - Monitor Bot is alive: True
2025-04-14 11:05:03,380 - Trading System - INFO - Improvement Bot is alive: True
2025-04-14 11:05:04,211 - Quantum Trading Bot - INFO - Starting trading cycle
2025-04-14 11:05:04,211 - Quantum Trading Bot - INFO - Processing AAPL
2025-04-14 11:05:04,211 - Quantum Trading Bot - ERROR - Error processing AAPL: name 'mock_check_halal_compliance' is not defined
2025-04-14 11:05:04,211 - Quantum Trading Bot - INFO - Processing MSFT
2025-04-14 11:05:04,211 - Quantum Trading Bot - ERROR - Error processing MSFT: name 'mock_check_halal_compliance' is not defined
2025-04-14 11:05:04,212 - Quantum Trading Bot - INFO - Processing NVDA
2025-04-14 11:05:04,212 - Quantum Trading Bot - ERROR - Error processing NVDA: name 'mock_check_halal_compliance' is not defined
2025-04-14 11:05:04,247 - Quantum Trading Bot - INFO - Performance metrics saved: 40/72 winning trades
2025-04-14 11:05:04,247 - Quantum Trading Bot - INFO - Not enough quantum predictions to update model
2025-04-14 11:05:04,247 - Quantum Trading Bot - INFO - Sleeping for 60 seconds
2025-04-14 11:06:03,381 - Trading System - INFO - Trading Bot is alive: True
2025-04-14 11:06:03,383 - Trading System - INFO - Monitor Bot is alive: True
2025-04-14 11:06:03,383 - Trading System - INFO - Improvement Bot is alive: True
2025-04-14 11:06:04,251 - Quantum Trading Bot - INFO - Starting trading cycle
2025-04-14 11:06:04,251 - Quantum Trading Bot - INFO - Processing AAPL
2025-04-14 11:06:04,252 - Quantum Trading Bot - ERROR - Error processing AAPL: name 'mock_check_halal_compliance' is not defined
2025-04-14 11:06:04,252 - Quantum Trading Bot - INFO - Processing MSFT
2025-04-14 11:06:04,252 - Quantum Trading Bot - ERROR - Error processing MSFT: name 'mock_check_halal_compliance' is not defined
2025-04-14 11:06:04,252 - Quantum Trading Bot - INFO - Processing NVDA
2025-04-14 11:06:04,252 - Quantum Trading Bot - ERROR - Error processing NVDA: name 'mock_check_halal_compliance' is not defined
2025-04-14 11:06:04,279 - Quantum Trading Bot - INFO - Performance metrics saved: 40/72 winning trades
2025-04-14 11:06:04,279 - Quantum Trading Bot - INFO - Sleeping for 60 seconds
2025-04-14 11:07:03,384 - Trading System - INFO - Trading Bot is alive: True
2025-04-14 11:07:03,387 - Trading System - INFO - Monitor Bot is alive: True
2025-04-14 11:07:03,387 - Trading System - INFO - Improvement Bot is alive: True
2025-04-14 11:07:04,280 - Quantum Trading Bot - INFO - Starting trading cycle
2025-04-14 11:07:04,280 - Quantum Trading Bot - INFO - Processing AAPL
2025-04-14 11:07:04,280 - Quantum Trading Bot - ERROR - Error processing AAPL: name 'mock_check_halal_compliance' is not defined
2025-04-14 11:07:04,280 - Quantum Trading Bot - INFO - Processing MSFT
2025-04-14 11:07:04,280 - Quantum Trading Bot - ERROR - Error processing MSFT: name 'mock_check_halal_compliance' is not defined
2025-04-14 11:07:04,280 - Quantum Trading Bot - INFO - Processing NVDA
2025-04-14 11:07:04,280 - Quantum Trading Bot - ERROR - Error processing NVDA: name 'mock_check_halal_compliance' is not defined
2025-04-14 11:07:04,301 - Quantum Trading Bot - INFO - Performance metrics saved: 40/72 winning trades
2025-04-14 11:07:04,301 - Quantum Trading Bot - INFO - Sleeping for 60 seconds
2025-04-14 11:08:03,387 - Trading System - INFO - Trading Bot is alive: True
2025-04-14 11:08:03,390 - Trading System - INFO - Monitor Bot is alive: True
2025-04-14 11:08:03,390 - Trading System - INFO - Improvement Bot is alive: True
2025-04-14 11:08:04,305 - Quantum Trading Bot - INFO - Starting trading cycle
2025-04-14 11:08:04,306 - Quantum Trading Bot - INFO - Processing AAPL
2025-04-14 11:08:04,306 - Quantum Trading Bot - ERROR - Error processing AAPL: name 'mock_check_halal_compliance' is not defined
2025-04-14 11:08:04,306 - Quantum Trading Bot - INFO - Processing MSFT
2025-04-14 11:08:04,306 - Quantum Trading Bot - ERROR - Error processing MSFT: name 'mock_check_halal_compliance' is not defined
2025-04-14 11:08:04,306 - Quantum Trading Bot - INFO - Processing NVDA
2025-04-14 11:08:04,306 - Quantum Trading Bot - ERROR - Error processing NVDA: name 'mock_check_halal_compliance' is not defined
2025-04-14 11:08:04,343 - Quantum Trading Bot - INFO - Performance metrics saved: 40/72 winning trades
2025-04-14 11:08:04,343 - Quantum Trading Bot - INFO - Sleeping for 60 seconds
2025-04-14 11:09:03,390 - Trading System - INFO - Trading Bot is alive: True
2025-04-14 11:09:03,393 - Trading System - INFO - Monitor Bot is alive: True
2025-04-14 11:09:03,393 - Trading System - INFO - Improvement Bot is alive: True
2025-04-14 11:09:04,348 - Quantum Trading Bot - INFO - Starting trading cycle
2025-04-14 11:09:04,348 - Quantum Trading Bot - INFO - Processing AAPL
2025-04-14 11:09:04,349 - Quantum Trading Bot - ERROR - Error processing AAPL: name 'mock_check_halal_compliance' is not defined
2025-04-14 11:09:04,349 - Quantum Trading Bot - INFO - Processing MSFT
2025-04-14 11:09:04,349 - Quantum Trading Bot - ERROR - Error processing MSFT: name 'mock_check_halal_compliance' is not defined
2025-04-14 11:09:04,349 - Quantum Trading Bot - INFO - Processing NVDA
2025-04-14 11:09:04,349 - Quantum Trading Bot - ERROR - Error processing NVDA: name 'mock_check_halal_compliance' is not defined
2025-04-14 11:09:04,371 - Quantum Trading Bot - INFO - Performance metrics saved: 40/72 winning trades
2025-04-14 11:09:04,371 - Quantum Trading Bot - INFO - Sleeping for 60 seconds
2025-04-14 11:10:03,398 - Trading System - INFO - Trading Bot is alive: True
2025-04-14 11:10:03,400 - Trading System - INFO - Monitor Bot is alive: True
2025-04-14 11:10:03,401 - Trading System - INFO - Improvement Bot is alive: True
2025-04-14 11:10:04,375 - Quantum Trading Bot - INFO - Starting trading cycle
2025-04-14 11:10:04,376 - Quantum Trading Bot - INFO - Processing AAPL
2025-04-14 11:10:04,376 - Quantum Trading Bot - ERROR - Error processing AAPL: name 'mock_check_halal_compliance' is not defined
2025-04-14 11:10:04,376 - Quantum Trading Bot - INFO - Processing MSFT
2025-04-14 11:10:04,376 - Quantum Trading Bot - ERROR - Error processing MSFT: name 'mock_check_halal_compliance' is not defined
2025-04-14 11:10:04,377 - Quantum Trading Bot - INFO - Processing NVDA
2025-04-14 11:10:04,377 - Quantum Trading Bot - ERROR - Error processing NVDA: name 'mock_check_halal_compliance' is not defined
2025-04-14 11:10:04,413 - Quantum Trading Bot - INFO - Performance metrics saved: 40/72 winning trades
2025-04-14 11:10:04,413 - Quantum Trading Bot - INFO - Sleeping for 60 seconds
2025-04-14 11:11:03,406 - Trading System - INFO - Trading Bot is alive: True
2025-04-14 11:11:03,410 - Trading System - INFO - Monitor Bot is alive: True
2025-04-14 11:11:03,410 - Trading System - INFO - Improvement Bot is alive: True
2025-04-14 11:11:04,418 - Quantum Trading Bot - INFO - Starting trading cycle
2025-04-14 11:11:04,418 - Quantum Trading Bot - INFO - Processing AAPL
2025-04-14 11:11:04,419 - Quantum Trading Bot - ERROR - Error processing AAPL: name 'mock_check_halal_compliance' is not defined
2025-04-14 11:11:04,419 - Quantum Trading Bot - INFO - Processing MSFT
2025-04-14 11:11:04,419 - Quantum Trading Bot - ERROR - Error processing MSFT: name 'mock_check_halal_compliance' is not defined
2025-04-14 11:11:04,419 - Quantum Trading Bot - INFO - Processing NVDA
2025-04-14 11:11:04,419 - Quantum Trading Bot - ERROR - Error processing NVDA: name 'mock_check_halal_compliance' is not defined
2025-04-14 11:11:04,442 - Quantum Trading Bot - INFO - Performance metrics saved: 40/72 winning trades
2025-04-14 11:11:04,442 - Quantum Trading Bot - INFO - Sleeping for 60 seconds
2025-04-14 11:12:03,411 - Trading System - INFO - Trading Bot is alive: True
2025-04-14 11:12:03,413 - Trading System - INFO - Monitor Bot is alive: True
2025-04-14 11:12:03,413 - Trading System - INFO - Improvement Bot is alive: True
2025-04-14 11:12:04,446 - Quantum Trading Bot - INFO - Starting trading cycle
2025-04-14 11:12:04,447 - Quantum Trading Bot - INFO - Processing AAPL
2025-04-14 11:12:04,447 - Quantum Trading Bot - ERROR - Error processing AAPL: name 'mock_check_halal_compliance' is not defined
2025-04-14 11:12:04,447 - Quantum Trading Bot - INFO - Processing MSFT
2025-04-14 11:12:04,447 - Quantum Trading Bot - ERROR - Error processing MSFT: name 'mock_check_halal_compliance' is not defined
2025-04-14 11:12:04,447 - Quantum Trading Bot - INFO - Processing NVDA
2025-04-14 11:12:04,448 - Quantum Trading Bot - ERROR - Error processing NVDA: name 'mock_check_halal_compliance' is not defined
2025-04-14 11:12:04,476 - Quantum Trading Bot - INFO - Performance metrics saved: 40/72 winning trades
2025-04-14 11:12:04,476 - Quantum Trading Bot - INFO - Sleeping for 60 seconds
2025-04-14 11:13:03,418 - Trading System - INFO - Trading Bot is alive: True
2025-04-14 11:13:03,421 - Trading System - INFO - Monitor Bot is alive: True
2025-04-14 11:13:03,421 - Trading System - INFO - Improvement Bot is alive: True
2025-04-14 11:13:04,480 - Quantum Trading Bot - INFO - Starting trading cycle
2025-04-14 11:13:04,481 - Quantum Trading Bot - INFO - Processing AAPL
2025-04-14 11:13:04,481 - Quantum Trading Bot - ERROR - Error processing AAPL: name 'mock_check_halal_compliance' is not defined
2025-04-14 11:13:04,481 - Quantum Trading Bot - INFO - Processing MSFT
2025-04-14 11:13:04,481 - Quantum Trading Bot - ERROR - Error processing MSFT: name 'mock_check_halal_compliance' is not defined
2025-04-14 11:13:04,481 - Quantum Trading Bot - INFO - Processing NVDA
2025-04-14 11:13:04,482 - Quantum Trading Bot - ERROR - Error processing NVDA: name 'mock_check_halal_compliance' is not defined
2025-04-14 11:13:04,509 - Quantum Trading Bot - INFO - Performance metrics saved: 40/72 winning trades
2025-04-14 11:13:04,510 - Quantum Trading Bot - INFO - Sleeping for 60 seconds
2025-04-14 11:14:03,426 - Trading System - INFO - Trading Bot is alive: True
2025-04-14 11:14:03,428 - Trading System - INFO - Monitor Bot is alive: True
2025-04-14 11:14:03,428 - Trading System - INFO - Improvement Bot is alive: True
2025-04-14 11:14:04,513 - Quantum Trading Bot - INFO - Starting trading cycle
2025-04-14 11:14:04,513 - Quantum Trading Bot - INFO - Processing AAPL
2025-04-14 11:14:04,513 - Quantum Trading Bot - ERROR - Error processing AAPL: name 'mock_check_halal_compliance' is not defined
2025-04-14 11:14:04,513 - Quantum Trading Bot - INFO - Processing MSFT
2025-04-14 11:14:04,513 - Quantum Trading Bot - ERROR - Error processing MSFT: name 'mock_check_halal_compliance' is not defined
2025-04-14 11:14:04,513 - Quantum Trading Bot - INFO - Processing NVDA
2025-04-14 11:14:04,513 - Quantum Trading Bot - ERROR - Error processing NVDA: name 'mock_check_halal_compliance' is not defined
2025-04-14 11:14:04,525 - Quantum Trading Bot - INFO - Performance metrics saved: 40/72 winning trades
2025-04-14 11:14:04,525 - Quantum Trading Bot - INFO - Sleeping for 60 seconds
2025-04-14 11:15:03,432 - Trading System - INFO - Trading Bot is alive: True
2025-04-14 11:15:03,433 - Trading System - INFO - Monitor Bot is alive: True
2025-04-14 11:15:03,434 - Trading System - INFO - Improvement Bot is alive: True
2025-04-14 11:15:04,529 - Quantum Trading Bot - INFO - Starting trading cycle
2025-04-14 11:15:04,529 - Quantum Trading Bot - INFO - Processing AAPL
2025-04-14 11:15:04,530 - Quantum Trading Bot - ERROR - Error processing AAPL: name 'mock_check_halal_compliance' is not defined
2025-04-14 11:15:04,530 - Quantum Trading Bot - INFO - Processing MSFT
2025-04-14 11:15:04,530 - Quantum Trading Bot - ERROR - Error processing MSFT: name 'mock_check_halal_compliance' is not defined
2025-04-14 11:15:04,530 - Quantum Trading Bot - INFO - Processing NVDA
2025-04-14 11:15:04,530 - Quantum Trading Bot - ERROR - Error processing NVDA: name 'mock_check_halal_compliance' is not defined
2025-04-14 11:15:04,558 - Quantum Trading Bot - INFO - Performance metrics saved: 40/72 winning trades
2025-04-14 11:15:04,558 - Quantum Trading Bot - INFO - Not enough quantum predictions to update model
2025-04-14 11:15:04,582 - Quantum Trading Bot - INFO - Quantum device error rate: 0.0696
2025-04-14 11:15:04,585 - Quantum Trading Bot - INFO - Quantum portfolio optimization complete: {'AAPL': np.float64(0.32979429329794296), 'MSFT': np.float64(0.35567352355673526), 'NVDA': np.float64(0.31453218314532183)}
2025-04-14 11:15:04,585 - Quantum Trading Bot - INFO - Optimal portfolio weights: {'AAPL': np.float64(0.32979429329794296), 'MSFT': np.float64(0.35567352355673526), 'NVDA': np.float64(0.31453218314532183)}
2025-04-14 11:15:04,585 - Quantum Trading Bot - INFO - Sleeping for 60 seconds
2025-04-14 11:16:03,437 - Trading System - INFO - Trading Bot is alive: True
2025-04-14 11:16:03,440 - Trading System - INFO - Monitor Bot is alive: True
2025-04-14 11:16:03,440 - Trading System - INFO - Improvement Bot is alive: True
2025-04-14 11:16:04,589 - Quantum Trading Bot - INFO - Starting trading cycle
2025-04-14 11:16:04,590 - Quantum Trading Bot - INFO - Processing AAPL
2025-04-14 11:16:04,590 - Quantum Trading Bot - ERROR - Error processing AAPL: name 'mock_check_halal_compliance' is not defined
2025-04-14 11:16:04,590 - Quantum Trading Bot - INFO - Processing MSFT
2025-04-14 11:16:04,590 - Quantum Trading Bot - ERROR - Error processing MSFT: name 'mock_check_halal_compliance' is not defined
2025-04-14 11:16:04,590 - Quantum Trading Bot - INFO - Processing NVDA
2025-04-14 11:16:04,590 - Quantum Trading Bot - ERROR - Error processing NVDA: name 'mock_check_halal_compliance' is not defined
2025-04-14 11:16:04,625 - Quantum Trading Bot - INFO - Performance metrics saved: 40/72 winning trades
2025-04-14 11:16:04,626 - Quantum Trading Bot - INFO - Sleeping for 60 seconds
2025-04-14 11:17:03,445 - Trading System - INFO - Trading Bot is alive: True
2025-04-14 11:17:03,448 - Trading System - INFO - Monitor Bot is alive: True
2025-04-14 11:17:03,448 - Trading System - INFO - Improvement Bot is alive: True
2025-04-14 11:17:04,630 - Quantum Trading Bot - INFO - Starting trading cycle
2025-04-14 11:17:04,630 - Quantum Trading Bot - INFO - Processing AAPL
2025-04-14 11:17:04,630 - Quantum Trading Bot - ERROR - Error processing AAPL: name 'mock_check_halal_compliance' is not defined
2025-04-14 11:17:04,630 - Quantum Trading Bot - INFO - Processing MSFT
2025-04-14 11:17:04,630 - Quantum Trading Bot - ERROR - Error processing MSFT: name 'mock_check_halal_compliance' is not defined
2025-04-14 11:17:04,630 - Quantum Trading Bot - INFO - Processing NVDA
2025-04-14 11:17:04,630 - Quantum Trading Bot - ERROR - Error processing NVDA: name 'mock_check_halal_compliance' is not defined
2025-04-14 11:17:04,650 - Quantum Trading Bot - INFO - Performance metrics saved: 40/72 winning trades
2025-04-14 11:17:04,650 - Quantum Trading Bot - INFO - Sleeping for 60 seconds
2025-04-14 11:18:03,454 - Trading System - INFO - Trading Bot is alive: True
2025-04-14 11:18:03,455 - Trading System - INFO - Monitor Bot is alive: True
2025-04-14 11:18:03,456 - Trading System - INFO - Improvement Bot is alive: True
2025-04-14 11:18:04,661 - Quantum Trading Bot - INFO - Starting trading cycle
2025-04-14 11:18:04,661 - Quantum Trading Bot - INFO - Processing AAPL
2025-04-14 11:18:04,661 - Quantum Trading Bot - ERROR - Error processing AAPL: name 'mock_check_halal_compliance' is not defined
2025-04-14 11:18:04,661 - Quantum Trading Bot - INFO - Processing MSFT
2025-04-14 11:18:04,661 - Quantum Trading Bot - ERROR - Error processing MSFT: name 'mock_check_halal_compliance' is not defined
2025-04-14 11:18:04,661 - Quantum Trading Bot - INFO - Processing NVDA
2025-04-14 11:18:04,661 - Quantum Trading Bot - ERROR - Error processing NVDA: name 'mock_check_halal_compliance' is not defined
2025-04-14 11:18:04,675 - Quantum Trading Bot - INFO - Performance metrics saved: 40/72 winning trades
2025-04-14 11:18:04,675 - Quantum Trading Bot - INFO - Sleeping for 60 seconds
2025-04-14 11:19:03,499 - Trading System - INFO - Trading Bot is alive: True
2025-04-14 11:19:03,501 - Trading System - INFO - Monitor Bot is alive: True
2025-04-14 11:19:03,501 - Trading System - INFO - Improvement Bot is alive: True
2025-04-14 11:19:04,716 - Quantum Trading Bot - INFO - Starting trading cycle
2025-04-14 11:19:04,716 - Quantum Trading Bot - INFO - Processing AAPL
2025-04-14 11:19:04,717 - Quantum Trading Bot - ERROR - Error processing AAPL: name 'mock_check_halal_compliance' is not defined
2025-04-14 11:19:04,717 - Quantum Trading Bot - INFO - Processing MSFT
2025-04-14 11:19:04,717 - Quantum Trading Bot - ERROR - Error processing MSFT: name 'mock_check_halal_compliance' is not defined
2025-04-14 11:19:04,717 - Quantum Trading Bot - INFO - Processing NVDA
2025-04-14 11:19:04,717 - Quantum Trading Bot - ERROR - Error processing NVDA: name 'mock_check_halal_compliance' is not defined
2025-04-14 11:19:04,747 - Quantum Trading Bot - INFO - Performance metrics saved: 40/72 winning trades
2025-04-14 11:19:04,747 - Quantum Trading Bot - INFO - Sleeping for 60 seconds
2025-04-14 11:20:03,507 - Trading System - INFO - Trading Bot is alive: True
2025-04-14 11:20:03,509 - Trading System - INFO - Monitor Bot is alive: True
2025-04-14 11:20:03,509 - Trading System - INFO - Improvement Bot is alive: True
2025-04-14 11:20:04,753 - Quantum Trading Bot - INFO - Starting trading cycle
2025-04-14 11:20:04,753 - Quantum Trading Bot - INFO - Processing AAPL
2025-04-14 11:20:04,754 - Quantum Trading Bot - ERROR - Error processing AAPL: name 'mock_check_halal_compliance' is not defined
2025-04-14 11:20:04,754 - Quantum Trading Bot - INFO - Processing MSFT
2025-04-14 11:20:04,754 - Quantum Trading Bot - ERROR - Error processing MSFT: name 'mock_check_halal_compliance' is not defined
2025-04-14 11:20:04,754 - Quantum Trading Bot - INFO - Processing NVDA
2025-04-14 11:20:04,754 - Quantum Trading Bot - ERROR - Error processing NVDA: name 'mock_check_halal_compliance' is not defined
2025-04-14 11:20:04,790 - Quantum Trading Bot - INFO - Performance metrics saved: 40/72 winning trades
2025-04-14 11:20:04,791 - Quantum Trading Bot - INFO - Sleeping for 60 seconds
2025-04-14 11:21:03,514 - Trading System - INFO - Trading Bot is alive: True
2025-04-14 11:21:03,516 - Trading System - INFO - Monitor Bot is alive: True
2025-04-14 11:21:03,516 - Trading System - INFO - Improvement Bot is alive: True
2025-04-14 11:21:04,796 - Quantum Trading Bot - INFO - Starting trading cycle
2025-04-14 11:21:04,796 - Quantum Trading Bot - INFO - Processing AAPL
2025-04-14 11:21:04,796 - Quantum Trading Bot - ERROR - Error processing AAPL: name 'mock_check_halal_compliance' is not defined
2025-04-14 11:21:04,796 - Quantum Trading Bot - INFO - Processing MSFT
2025-04-14 11:21:04,796 - Quantum Trading Bot - ERROR - Error processing MSFT: name 'mock_check_halal_compliance' is not defined
2025-04-14 11:21:04,796 - Quantum Trading Bot - INFO - Processing NVDA
2025-04-14 11:21:04,797 - Quantum Trading Bot - ERROR - Error processing NVDA: name 'mock_check_halal_compliance' is not defined
2025-04-14 11:21:04,834 - Quantum Trading Bot - INFO - Performance metrics saved: 40/72 winning trades
2025-04-14 11:21:04,834 - Quantum Trading Bot - INFO - Sleeping for 60 seconds
2025-04-14 11:22:03,524 - Trading System - INFO - Trading Bot is alive: True
2025-04-14 11:22:03,527 - Trading System - INFO - Monitor Bot is alive: True
2025-04-14 11:22:03,528 - Trading System - INFO - Improvement Bot is alive: True
2025-04-14 11:22:04,844 - Quantum Trading Bot - INFO - Starting trading cycle
2025-04-14 11:22:04,845 - Quantum Trading Bot - INFO - Processing AAPL
2025-04-14 11:22:04,845 - Quantum Trading Bot - ERROR - Error processing AAPL: name 'mock_check_halal_compliance' is not defined
2025-04-14 11:22:04,845 - Quantum Trading Bot - INFO - Processing MSFT
2025-04-14 11:22:04,845 - Quantum Trading Bot - ERROR - Error processing MSFT: name 'mock_check_halal_compliance' is not defined
2025-04-14 11:22:04,845 - Quantum Trading Bot - INFO - Processing NVDA
2025-04-14 11:22:04,846 - Quantum Trading Bot - ERROR - Error processing NVDA: name 'mock_check_halal_compliance' is not defined
2025-04-14 11:22:04,880 - Quantum Trading Bot - INFO - Performance metrics saved: 40/72 winning trades
2025-04-14 11:22:04,880 - Quantum Trading Bot - INFO - Sleeping for 60 seconds
2025-04-14 11:23:03,532 - Trading System - INFO - Trading Bot is alive: True
2025-04-14 11:23:03,534 - Trading System - INFO - Monitor Bot is alive: True
2025-04-14 11:23:03,534 - Trading System - INFO - Improvement Bot is alive: True
2025-04-14 11:23:04,885 - Quantum Trading Bot - INFO - Starting trading cycle
2025-04-14 11:23:04,885 - Quantum Trading Bot - INFO - Processing AAPL
2025-04-14 11:23:04,885 - Quantum Trading Bot - ERROR - Error processing AAPL: name 'mock_check_halal_compliance' is not defined
2025-04-14 11:23:04,885 - Quantum Trading Bot - INFO - Processing MSFT
2025-04-14 11:23:04,885 - Quantum Trading Bot - ERROR - Error processing MSFT: name 'mock_check_halal_compliance' is not defined
2025-04-14 11:23:04,885 - Quantum Trading Bot - INFO - Processing NVDA
2025-04-14 11:23:04,885 - Quantum Trading Bot - ERROR - Error processing NVDA: name 'mock_check_halal_compliance' is not defined
2025-04-14 11:23:04,921 - Quantum Trading Bot - INFO - Performance metrics saved: 40/72 winning trades
2025-04-14 11:23:04,921 - Quantum Trading Bot - INFO - Sleeping for 60 seconds
2025-04-14 11:24:03,538 - Trading System - INFO - Trading Bot is alive: True
2025-04-14 11:24:03,541 - Trading System - INFO - Monitor Bot is alive: True
2025-04-14 11:24:03,541 - Trading System - INFO - Improvement Bot is alive: True
2025-04-14 11:24:04,926 - Quantum Trading Bot - INFO - Starting trading cycle
2025-04-14 11:24:04,927 - Quantum Trading Bot - INFO - Processing AAPL
2025-04-14 11:24:04,927 - Quantum Trading Bot - ERROR - Error processing AAPL: name 'mock_check_halal_compliance' is not defined
2025-04-14 11:24:04,927 - Quantum Trading Bot - INFO - Processing MSFT
2025-04-14 11:24:04,927 - Quantum Trading Bot - ERROR - Error processing MSFT: name 'mock_check_halal_compliance' is not defined
2025-04-14 11:24:04,927 - Quantum Trading Bot - INFO - Processing NVDA
2025-04-14 11:24:04,927 - Quantum Trading Bot - ERROR - Error processing NVDA: name 'mock_check_halal_compliance' is not defined
2025-04-14 11:24:04,953 - Quantum Trading Bot - INFO - Performance metrics saved: 40/72 winning trades
2025-04-14 11:24:04,953 - Quantum Trading Bot - INFO - Sleeping for 60 seconds
2025-04-14 11:25:03,545 - Trading System - INFO - Trading Bot is alive: True
2025-04-14 11:25:03,548 - Trading System - INFO - Monitor Bot is alive: True
2025-04-14 11:25:03,548 - Trading System - INFO - Improvement Bot is alive: True
2025-04-14 11:25:04,958 - Quantum Trading Bot - INFO - Starting trading cycle
2025-04-14 11:25:04,958 - Quantum Trading Bot - INFO - Processing AAPL
2025-04-14 11:25:04,958 - Quantum Trading Bot - ERROR - Error processing AAPL: name 'mock_check_halal_compliance' is not defined
2025-04-14 11:25:04,959 - Quantum Trading Bot - INFO - Processing MSFT
2025-04-14 11:25:04,959 - Quantum Trading Bot - ERROR - Error processing MSFT: name 'mock_check_halal_compliance' is not defined
2025-04-14 11:25:04,959 - Quantum Trading Bot - INFO - Processing NVDA
2025-04-14 11:25:04,959 - Quantum Trading Bot - ERROR - Error processing NVDA: name 'mock_check_halal_compliance' is not defined
2025-04-14 11:25:04,984 - Quantum Trading Bot - INFO - Performance metrics saved: 40/72 winning trades
2025-04-14 11:25:04,984 - Quantum Trading Bot - INFO - Not enough quantum predictions to update model
2025-04-14 11:25:04,984 - Quantum Trading Bot - INFO - Sleeping for 60 seconds
2025-04-14 11:26:03,548 - Trading System - INFO - Trading Bot is alive: True
2025-04-14 11:26:03,550 - Trading System - INFO - Monitor Bot is alive: True
2025-04-14 11:26:03,550 - Trading System - INFO - Improvement Bot is alive: True
2025-04-14 11:26:04,990 - Quantum Trading Bot - INFO - Starting trading cycle
2025-04-14 11:26:04,990 - Quantum Trading Bot - INFO - Processing AAPL
2025-04-14 11:26:04,990 - Quantum Trading Bot - ERROR - Error processing AAPL: name 'mock_check_halal_compliance' is not defined
2025-04-14 11:26:04,991 - Quantum Trading Bot - INFO - Processing MSFT
2025-04-14 11:26:04,991 - Quantum Trading Bot - ERROR - Error processing MSFT: name 'mock_check_halal_compliance' is not defined
2025-04-14 11:26:04,991 - Quantum Trading Bot - INFO - Processing NVDA
2025-04-14 11:26:04,991 - Quantum Trading Bot - ERROR - Error processing NVDA: name 'mock_check_halal_compliance' is not defined
2025-04-14 11:26:05,022 - Quantum Trading Bot - INFO - Performance metrics saved: 40/72 winning trades
2025-04-14 11:26:05,022 - Quantum Trading Bot - INFO - Sleeping for 60 seconds
2025-04-14 11:27:03,553 - Trading System - INFO - Trading Bot is alive: True
2025-04-14 11:27:03,556 - Trading System - INFO - Monitor Bot is alive: True
2025-04-14 11:27:03,557 - Trading System - INFO - Improvement Bot is alive: True
2025-04-14 11:27:05,027 - Quantum Trading Bot - INFO - Starting trading cycle
2025-04-14 11:27:05,028 - Quantum Trading Bot - INFO - Processing AAPL
2025-04-14 11:27:05,028 - Quantum Trading Bot - ERROR - Error processing AAPL: name 'mock_check_halal_compliance' is not defined
2025-04-14 11:27:05,028 - Quantum Trading Bot - INFO - Processing MSFT
2025-04-14 11:27:05,028 - Quantum Trading Bot - ERROR - Error processing MSFT: name 'mock_check_halal_compliance' is not defined
2025-04-14 11:27:05,028 - Quantum Trading Bot - INFO - Processing NVDA
2025-04-14 11:27:05,028 - Quantum Trading Bot - ERROR - Error processing NVDA: name 'mock_check_halal_compliance' is not defined
2025-04-14 11:27:05,065 - Quantum Trading Bot - INFO - Performance metrics saved: 40/72 winning trades
2025-04-14 11:27:05,065 - Quantum Trading Bot - INFO - Sleeping for 60 seconds
2025-04-14 11:28:03,562 - Trading System - INFO - Trading Bot is alive: True
2025-04-14 11:28:03,565 - Trading System - INFO - Monitor Bot is alive: True
2025-04-14 11:28:03,565 - Trading System - INFO - Improvement Bot is alive: True
2025-04-14 11:28:05,070 - Quantum Trading Bot - INFO - Starting trading cycle
2025-04-14 11:28:05,070 - Quantum Trading Bot - INFO - Processing AAPL
2025-04-14 11:28:05,071 - Quantum Trading Bot - ERROR - Error processing AAPL: name 'mock_check_halal_compliance' is not defined
2025-04-14 11:28:05,071 - Quantum Trading Bot - INFO - Processing MSFT
2025-04-14 11:28:05,071 - Quantum Trading Bot - ERROR - Error processing MSFT: name 'mock_check_halal_compliance' is not defined
2025-04-14 11:28:05,071 - Quantum Trading Bot - INFO - Processing NVDA
2025-04-14 11:28:05,071 - Quantum Trading Bot - ERROR - Error processing NVDA: name 'mock_check_halal_compliance' is not defined
2025-04-14 11:28:05,103 - Quantum Trading Bot - INFO - Performance metrics saved: 40/72 winning trades
2025-04-14 11:28:05,103 - Quantum Trading Bot - INFO - Sleeping for 60 seconds
2025-04-14 11:29:03,568 - Trading System - INFO - Trading Bot is alive: True
2025-04-14 11:29:03,570 - Trading System - INFO - Monitor Bot is alive: True
2025-04-14 11:29:03,571 - Trading System - INFO - Improvement Bot is alive: True
2025-04-14 11:29:05,108 - Quantum Trading Bot - INFO - Starting trading cycle
2025-04-14 11:29:05,108 - Quantum Trading Bot - INFO - Processing AAPL
2025-04-14 11:29:05,109 - Quantum Trading Bot - ERROR - Error processing AAPL: name 'mock_check_halal_compliance' is not defined
2025-04-14 11:29:05,109 - Quantum Trading Bot - INFO - Processing MSFT
2025-04-14 11:29:05,109 - Quantum Trading Bot - ERROR - Error processing MSFT: name 'mock_check_halal_compliance' is not defined
2025-04-14 11:29:05,109 - Quantum Trading Bot - INFO - Processing NVDA
2025-04-14 11:29:05,109 - Quantum Trading Bot - ERROR - Error processing NVDA: name 'mock_check_halal_compliance' is not defined
2025-04-14 11:29:05,146 - Quantum Trading Bot - INFO - Performance metrics saved: 40/72 winning trades
2025-04-14 11:29:05,146 - Quantum Trading Bot - INFO - Sleeping for 60 seconds
2025-04-14 11:30:03,573 - Trading System - INFO - Trading Bot is alive: True
2025-04-14 11:30:03,576 - Trading System - INFO - Monitor Bot is alive: True
2025-04-14 11:30:03,576 - Trading System - INFO - Improvement Bot is alive: True
2025-04-14 11:30:05,151 - Quantum Trading Bot - INFO - Starting trading cycle
2025-04-14 11:30:05,152 - Quantum Trading Bot - INFO - Processing AAPL
2025-04-14 11:30:05,152 - Quantum Trading Bot - ERROR - Error processing AAPL: name 'mock_check_halal_compliance' is not defined
2025-04-14 11:30:05,152 - Quantum Trading Bot - INFO - Processing MSFT
2025-04-14 11:30:05,152 - Quantum Trading Bot - ERROR - Error processing MSFT: name 'mock_check_halal_compliance' is not defined
2025-04-14 11:30:05,152 - Quantum Trading Bot - INFO - Processing NVDA
2025-04-14 11:30:05,152 - Quantum Trading Bot - ERROR - Error processing NVDA: name 'mock_check_halal_compliance' is not defined
2025-04-14 11:30:05,189 - Quantum Trading Bot - INFO - Performance metrics saved: 40/72 winning trades
2025-04-14 11:30:05,189 - Quantum Trading Bot - INFO - Sleeping for 60 seconds
2025-04-14 11:31:03,581 - Trading System - INFO - Trading Bot is alive: True
2025-04-14 11:31:03,583 - Trading System - INFO - Monitor Bot is alive: True
2025-04-14 11:31:03,584 - Trading System - INFO - Improvement Bot is alive: True
2025-04-14 11:31:05,195 - Quantum Trading Bot - INFO - Starting trading cycle
2025-04-14 11:31:05,195 - Quantum Trading Bot - INFO - Processing AAPL
2025-04-14 11:31:05,195 - Quantum Trading Bot - ERROR - Error processing AAPL: name 'mock_check_halal_compliance' is not defined
2025-04-14 11:31:05,196 - Quantum Trading Bot - INFO - Processing MSFT
2025-04-14 11:31:05,196 - Quantum Trading Bot - ERROR - Error processing MSFT: name 'mock_check_halal_compliance' is not defined
2025-04-14 11:31:05,196 - Quantum Trading Bot - INFO - Processing NVDA
2025-04-14 11:31:05,196 - Quantum Trading Bot - ERROR - Error processing NVDA: name 'mock_check_halal_compliance' is not defined
2025-04-14 11:31:05,243 - Quantum Trading Bot - INFO - Performance metrics saved: 40/72 winning trades
2025-04-14 11:31:05,243 - Quantum Trading Bot - INFO - Sleeping for 60 seconds
2025-04-14 11:32:03,589 - Trading System - INFO - Trading Bot is alive: True
2025-04-14 11:32:03,591 - Trading System - INFO - Monitor Bot is alive: True
2025-04-14 11:32:03,592 - Trading System - INFO - Improvement Bot is alive: True
2025-04-14 11:32:05,249 - Quantum Trading Bot - INFO - Starting trading cycle
2025-04-14 11:32:05,249 - Quantum Trading Bot - INFO - Processing AAPL
2025-04-14 11:32:05,250 - Quantum Trading Bot - ERROR - Error processing AAPL: name 'mock_check_halal_compliance' is not defined
2025-04-14 11:32:05,256 - Quantum Trading Bot - INFO - Processing MSFT
2025-04-14 11:32:05,257 - Quantum Trading Bot - ERROR - Error processing MSFT: name 'mock_check_halal_compliance' is not defined
2025-04-14 11:32:05,257 - Quantum Trading Bot - INFO - Processing NVDA
2025-04-14 11:32:05,257 - Quantum Trading Bot - ERROR - Error processing NVDA: name 'mock_check_halal_compliance' is not defined
2025-04-14 11:32:05,298 - Quantum Trading Bot - INFO - Performance metrics saved: 40/72 winning trades
2025-04-14 11:32:05,299 - Quantum Trading Bot - INFO - Sleeping for 60 seconds
2025-04-14 11:33:03,597 - Trading System - INFO - Trading Bot is alive: True
2025-04-14 11:33:03,600 - Trading System - INFO - Monitor Bot is alive: True
2025-04-14 11:33:03,600 - Trading System - INFO - Improvement Bot is alive: True
2025-04-14 11:33:05,304 - Quantum Trading Bot - INFO - Starting trading cycle
2025-04-14 11:33:05,304 - Quantum Trading Bot - INFO - Processing AAPL
2025-04-14 11:33:05,305 - Quantum Trading Bot - ERROR - Error processing AAPL: name 'mock_check_halal_compliance' is not defined
2025-04-14 11:33:05,305 - Quantum Trading Bot - INFO - Processing MSFT
2025-04-14 11:33:05,305 - Quantum Trading Bot - ERROR - Error processing MSFT: name 'mock_check_halal_compliance' is not defined
2025-04-14 11:33:05,305 - Quantum Trading Bot - INFO - Processing NVDA
2025-04-14 11:33:05,305 - Quantum Trading Bot - ERROR - Error processing NVDA: name 'mock_check_halal_compliance' is not defined
2025-04-14 11:33:05,342 - Quantum Trading Bot - INFO - Performance metrics saved: 40/72 winning trades
2025-04-14 11:33:05,342 - Quantum Trading Bot - INFO - Sleeping for 60 seconds
2025-04-14 11:34:03,605 - Trading System - INFO - Trading Bot is alive: True
2025-04-14 11:34:03,608 - Trading System - INFO - Monitor Bot is alive: True
2025-04-14 11:34:03,608 - Trading System - INFO - Improvement Bot is alive: True
2025-04-14 11:34:05,347 - Quantum Trading Bot - INFO - Starting trading cycle
2025-04-14 11:34:05,348 - Quantum Trading Bot - INFO - Processing AAPL
2025-04-14 11:34:05,348 - Quantum Trading Bot - ERROR - Error processing AAPL: name 'mock_check_halal_compliance' is not defined
2025-04-14 11:34:05,349 - Quantum Trading Bot - INFO - Processing MSFT
2025-04-14 11:34:05,349 - Quantum Trading Bot - ERROR - Error processing MSFT: name 'mock_check_halal_compliance' is not defined
2025-04-14 11:34:05,349 - Quantum Trading Bot - INFO - Processing NVDA
2025-04-14 11:34:05,349 - Quantum Trading Bot - ERROR - Error processing NVDA: name 'mock_check_halal_compliance' is not defined
2025-04-14 11:34:05,385 - Quantum Trading Bot - INFO - Performance metrics saved: 40/72 winning trades
2025-04-14 11:34:05,385 - Quantum Trading Bot - INFO - Sleeping for 60 seconds
2025-04-14 11:35:03,612 - Trading System - INFO - Trading Bot is alive: True
2025-04-14 11:35:03,615 - Trading System - INFO - Monitor Bot is alive: True
2025-04-14 11:35:03,617 - Trading System - INFO - Improvement Bot is alive: True
2025-04-14 11:35:05,390 - Quantum Trading Bot - INFO - Starting trading cycle
2025-04-14 11:35:05,391 - Quantum Trading Bot - INFO - Processing AAPL
2025-04-14 11:35:05,391 - Quantum Trading Bot - ERROR - Error processing AAPL: name 'mock_check_halal_compliance' is not defined
2025-04-14 11:35:05,391 - Quantum Trading Bot - INFO - Processing MSFT
2025-04-14 11:35:05,391 - Quantum Trading Bot - ERROR - Error processing MSFT: name 'mock_check_halal_compliance' is not defined
2025-04-14 11:35:05,392 - Quantum Trading Bot - INFO - Processing NVDA
2025-04-14 11:35:05,392 - Quantum Trading Bot - ERROR - Error processing NVDA: name 'mock_check_halal_compliance' is not defined
2025-04-14 11:35:05,429 - Quantum Trading Bot - INFO - Performance metrics saved: 40/72 winning trades
2025-04-14 11:35:05,430 - Quantum Trading Bot - INFO - Not enough quantum predictions to update model
2025-04-14 11:35:05,459 - Quantum Trading Bot - INFO - Quantum device error rate: 0.0270
2025-04-14 11:35:05,461 - Quantum Trading Bot - INFO - Quantum portfolio optimization complete: {'AAPL': np.float64(0.3229442970822281), 'MSFT': np.float64(0.33620689655172414), 'NVDA': np.float64(0.34084880636604775)}
2025-04-14 11:35:05,461 - Quantum Trading Bot - INFO - Optimal portfolio weights: {'AAPL': np.float64(0.3229442970822281), 'MSFT': np.float64(0.33620689655172414), 'NVDA': np.float64(0.34084880636604775)}
2025-04-14 11:35:05,461 - Quantum Trading Bot - INFO - Sleeping for 60 seconds
2025-04-14 11:36:03,623 - Trading System - INFO - Trading Bot is alive: True
2025-04-14 11:36:03,626 - Trading System - INFO - Monitor Bot is alive: True
2025-04-14 11:36:03,626 - Trading System - INFO - Improvement Bot is alive: True
2025-04-14 11:36:03,796 - Monitor Bot - INFO - Running scheduled task: Performance Metrics
2025-04-14 11:36:03,808 - Monitor Bot - INFO - === Performance Metrics ===
2025-04-14 11:36:03,808 - Monitor Bot - INFO - Date: 2025-04-14T11:35:05.392911
2025-04-14 11:36:03,808 - Monitor Bot - INFO - Total Trades: 72
2025-04-14 11:36:03,808 - Monitor Bot - INFO - Win Rate: 55.56%
2025-04-14 11:36:03,809 - Monitor Bot - INFO - Total Profit: $18.27
2025-04-14 11:36:03,809 - Monitor Bot - INFO - Average Profit per Trade: $0.25
2025-04-14 11:36:03,809 - Monitor Bot - INFO - Average Profit Percentage: 0.09%
2025-04-14 11:36:03,809 - Monitor Bot - INFO - Maximum Drawdown: 0.10%
2025-04-14 11:36:03,809 - Monitor Bot - INFO - ============================
2025-04-14 11:36:03,855 - Monitor Bot - INFO - Task Performance Metrics completed successfully
2025-04-14 11:36:05,466 - Quantum Trading Bot - INFO - Starting trading cycle
2025-04-14 11:36:05,467 - Quantum Trading Bot - INFO - Processing AAPL
2025-04-14 11:36:05,467 - Quantum Trading Bot - ERROR - Error processing AAPL: name 'mock_check_halal_compliance' is not defined
2025-04-14 11:36:05,467 - Quantum Trading Bot - INFO - Processing MSFT
2025-04-14 11:36:05,467 - Quantum Trading Bot - ERROR - Error processing MSFT: name 'mock_check_halal_compliance' is not defined
2025-04-14 11:36:05,467 - Quantum Trading Bot - INFO - Processing NVDA
2025-04-14 11:36:05,468 - Quantum Trading Bot - ERROR - Error processing NVDA: name 'mock_check_halal_compliance' is not defined
2025-04-14 11:36:05,502 - Quantum Trading Bot - INFO - Performance metrics saved: 40/72 winning trades
2025-04-14 11:36:05,502 - Quantum Trading Bot - INFO - Sleeping for 60 seconds
2025-04-14 11:37:03,631 - Trading System - INFO - Trading Bot is alive: True
2025-04-14 11:37:03,634 - Trading System - INFO - Monitor Bot is alive: True
2025-04-14 11:37:03,634 - Trading System - INFO - Improvement Bot is alive: True
2025-04-14 11:37:05,506 - Quantum Trading Bot - INFO - Starting trading cycle
2025-04-14 11:37:05,506 - Quantum Trading Bot - INFO - Processing AAPL
2025-04-14 11:37:05,506 - Quantum Trading Bot - ERROR - Error processing AAPL: name 'mock_check_halal_compliance' is not defined
2025-04-14 11:37:05,507 - Quantum Trading Bot - INFO - Processing MSFT
2025-04-14 11:37:05,507 - Quantum Trading Bot - ERROR - Error processing MSFT: name 'mock_check_halal_compliance' is not defined
2025-04-14 11:37:05,507 - Quantum Trading Bot - INFO - Processing NVDA
2025-04-14 11:37:05,507 - Quantum Trading Bot - ERROR - Error processing NVDA: name 'mock_check_halal_compliance' is not defined
2025-04-14 11:37:05,536 - Quantum Trading Bot - INFO - Performance metrics saved: 40/72 winning trades
2025-04-14 11:37:05,536 - Quantum Trading Bot - INFO - Sleeping for 60 seconds
2025-04-14 11:38:03,636 - Trading System - INFO - Trading Bot is alive: True
2025-04-14 11:38:03,637 - Trading System - INFO - Monitor Bot is alive: True
2025-04-14 11:38:03,637 - Trading System - INFO - Improvement Bot is alive: True
2025-04-14 11:38:05,541 - Quantum Trading Bot - INFO - Starting trading cycle
2025-04-14 11:38:05,541 - Quantum Trading Bot - INFO - Processing AAPL
2025-04-14 11:38:05,541 - Quantum Trading Bot - ERROR - Error processing AAPL: name 'mock_check_halal_compliance' is not defined
2025-04-14 11:38:05,541 - Quantum Trading Bot - INFO - Processing MSFT
2025-04-14 11:38:05,541 - Quantum Trading Bot - ERROR - Error processing MSFT: name 'mock_check_halal_compliance' is not defined
2025-04-14 11:38:05,541 - Quantum Trading Bot - INFO - Processing NVDA
2025-04-14 11:38:05,541 - Quantum Trading Bot - ERROR - Error processing NVDA: name 'mock_check_halal_compliance' is not defined
2025-04-14 11:38:05,569 - Quantum Trading Bot - INFO - Performance metrics saved: 40/72 winning trades
2025-04-14 11:38:05,569 - Quantum Trading Bot - INFO - Sleeping for 60 seconds
2025-04-14 11:39:03,642 - Trading System - INFO - Trading Bot is alive: True
2025-04-14 11:39:03,644 - Trading System - INFO - Monitor Bot is alive: True
2025-04-14 11:39:03,644 - Trading System - INFO - Improvement Bot is alive: True
2025-04-14 11:39:05,573 - Quantum Trading Bot - INFO - Starting trading cycle
2025-04-14 11:39:05,573 - Quantum Trading Bot - INFO - Processing AAPL
2025-04-14 11:39:05,573 - Quantum Trading Bot - ERROR - Error processing AAPL: name 'mock_check_halal_compliance' is not defined
2025-04-14 11:39:05,573 - Quantum Trading Bot - INFO - Processing MSFT
2025-04-14 11:39:05,573 - Quantum Trading Bot - ERROR - Error processing MSFT: name 'mock_check_halal_compliance' is not defined
2025-04-14 11:39:05,573 - Quantum Trading Bot - INFO - Processing NVDA
2025-04-14 11:39:05,573 - Quantum Trading Bot - ERROR - Error processing NVDA: name 'mock_check_halal_compliance' is not defined
2025-04-14 11:39:05,604 - Quantum Trading Bot - INFO - Performance metrics saved: 40/72 winning trades
2025-04-14 11:39:05,604 - Quantum Trading Bot - INFO - Sleeping for 60 seconds
2025-04-14 11:40:03,649 - Trading System - INFO - Trading Bot is alive: True
2025-04-14 11:40:03,652 - Trading System - INFO - Monitor Bot is alive: True
2025-04-14 11:40:03,652 - Trading System - INFO - Improvement Bot is alive: True
2025-04-14 11:40:05,609 - Quantum Trading Bot - INFO - Starting trading cycle
2025-04-14 11:40:05,609 - Quantum Trading Bot - INFO - Processing AAPL
2025-04-14 11:40:05,610 - Quantum Trading Bot - ERROR - Error processing AAPL: name 'mock_check_halal_compliance' is not defined
2025-04-14 11:40:05,610 - Quantum Trading Bot - INFO - Processing MSFT
2025-04-14 11:40:05,610 - Quantum Trading Bot - ERROR - Error processing MSFT: name 'mock_check_halal_compliance' is not defined
2025-04-14 11:40:05,610 - Quantum Trading Bot - INFO - Processing NVDA
2025-04-14 11:40:05,610 - Quantum Trading Bot - ERROR - Error processing NVDA: name 'mock_check_halal_compliance' is not defined
2025-04-14 11:40:05,647 - Quantum Trading Bot - INFO - Performance metrics saved: 40/72 winning trades
2025-04-14 11:40:05,647 - Quantum Trading Bot - INFO - Sleeping for 60 seconds
2025-04-14 11:41:03,657 - Trading System - INFO - Trading Bot is alive: True
2025-04-14 11:41:03,660 - Trading System - INFO - Monitor Bot is alive: True
2025-04-14 11:41:03,660 - Trading System - INFO - Improvement Bot is alive: True
2025-04-14 11:41:05,652 - Quantum Trading Bot - INFO - Starting trading cycle
2025-04-14 11:41:05,653 - Quantum Trading Bot - INFO - Processing AAPL
2025-04-14 11:41:05,653 - Quantum Trading Bot - ERROR - Error processing AAPL: name 'mock_check_halal_compliance' is not defined
2025-04-14 11:41:05,654 - Quantum Trading Bot - INFO - Processing MSFT
2025-04-14 11:41:05,654 - Quantum Trading Bot - ERROR - Error processing MSFT: name 'mock_check_halal_compliance' is not defined
2025-04-14 11:41:05,654 - Quantum Trading Bot - INFO - Processing NVDA
2025-04-14 11:41:05,654 - Quantum Trading Bot - ERROR - Error processing NVDA: name 'mock_check_halal_compliance' is not defined
2025-04-14 11:41:05,691 - Quantum Trading Bot - INFO - Performance metrics saved: 40/72 winning trades
2025-04-14 11:41:05,692 - Quantum Trading Bot - INFO - Sleeping for 60 seconds
2025-04-14 11:42:03,665 - Trading System - INFO - Trading Bot is alive: True
2025-04-14 11:42:03,668 - Trading System - INFO - Monitor Bot is alive: True
2025-04-14 11:42:03,668 - Trading System - INFO - Improvement Bot is alive: True
2025-04-14 11:42:05,697 - Quantum Trading Bot - INFO - Starting trading cycle
2025-04-14 11:42:05,697 - Quantum Trading Bot - INFO - Processing AAPL
2025-04-14 11:42:05,697 - Quantum Trading Bot - ERROR - Error processing AAPL: name 'mock_check_halal_compliance' is not defined
2025-04-14 11:42:05,698 - Quantum Trading Bot - INFO - Processing MSFT
2025-04-14 11:42:05,698 - Quantum Trading Bot - ERROR - Error processing MSFT: name 'mock_check_halal_compliance' is not defined
2025-04-14 11:42:05,698 - Quantum Trading Bot - INFO - Processing NVDA
2025-04-14 11:42:05,698 - Quantum Trading Bot - ERROR - Error processing NVDA: name 'mock_check_halal_compliance' is not defined
2025-04-14 11:42:05,727 - Quantum Trading Bot - INFO - Performance metrics saved: 40/72 winning trades
2025-04-14 11:42:05,727 - Quantum Trading Bot - INFO - Sleeping for 60 seconds
2025-04-14 11:43:03,670 - Trading System - INFO - Trading Bot is alive: True
2025-04-14 11:43:03,672 - Trading System - INFO - Monitor Bot is alive: True
2025-04-14 11:43:03,672 - Trading System - INFO - Improvement Bot is alive: True
2025-04-14 11:43:05,730 - Quantum Trading Bot - INFO - Starting trading cycle
2025-04-14 11:43:05,730 - Quantum Trading Bot - INFO - Processing AAPL
2025-04-14 11:43:05,730 - Quantum Trading Bot - ERROR - Error processing AAPL: name 'mock_check_halal_compliance' is not defined
2025-04-14 11:43:05,730 - Quantum Trading Bot - INFO - Processing MSFT
2025-04-14 11:43:05,730 - Quantum Trading Bot - ERROR - Error processing MSFT: name 'mock_check_halal_compliance' is not defined
2025-04-14 11:43:05,730 - Quantum Trading Bot - INFO - Processing NVDA
2025-04-14 11:43:05,730 - Quantum Trading Bot - ERROR - Error processing NVDA: name 'mock_check_halal_compliance' is not defined
2025-04-14 11:43:05,767 - Quantum Trading Bot - INFO - Performance metrics saved: 40/72 winning trades
2025-04-14 11:43:05,767 - Quantum Trading Bot - INFO - Sleeping for 60 seconds
2025-04-14 11:44:03,676 - Trading System - INFO - Trading Bot is alive: True
2025-04-14 11:44:03,678 - Trading System - INFO - Monitor Bot is alive: True
2025-04-14 11:44:03,678 - Trading System - INFO - Improvement Bot is alive: True
2025-04-14 11:44:05,771 - Quantum Trading Bot - INFO - Starting trading cycle
2025-04-14 11:44:05,772 - Quantum Trading Bot - INFO - Processing AAPL
2025-04-14 11:44:05,772 - Quantum Trading Bot - ERROR - Error processing AAPL: name 'mock_check_halal_compliance' is not defined
2025-04-14 11:44:05,772 - Quantum Trading Bot - INFO - Processing MSFT
2025-04-14 11:44:05,773 - Quantum Trading Bot - ERROR - Error processing MSFT: name 'mock_check_halal_compliance' is not defined
2025-04-14 11:44:05,773 - Quantum Trading Bot - INFO - Processing NVDA
2025-04-14 11:44:05,773 - Quantum Trading Bot - ERROR - Error processing NVDA: name 'mock_check_halal_compliance' is not defined
2025-04-14 11:44:05,812 - Quantum Trading Bot - INFO - Performance metrics saved: 40/72 winning trades
2025-04-14 11:44:05,813 - Quantum Trading Bot - INFO - Sleeping for 60 seconds
2025-04-14 11:45:03,680 - Trading System - INFO - Trading Bot is alive: True
2025-04-14 11:45:03,682 - Trading System - INFO - Monitor Bot is alive: True
2025-04-14 11:45:03,683 - Trading System - INFO - Improvement Bot is alive: True
2025-04-14 11:45:05,813 - Quantum Trading Bot - INFO - Starting trading cycle
2025-04-14 11:45:05,813 - Quantum Trading Bot - INFO - Processing AAPL
2025-04-14 11:45:05,813 - Quantum Trading Bot - ERROR - Error processing AAPL: name 'mock_check_halal_compliance' is not defined
2025-04-14 11:45:05,814 - Quantum Trading Bot - INFO - Processing MSFT
2025-04-14 11:45:05,814 - Quantum Trading Bot - ERROR - Error processing MSFT: name 'mock_check_halal_compliance' is not defined
2025-04-14 11:45:05,814 - Quantum Trading Bot - INFO - Processing NVDA
2025-04-14 11:45:05,814 - Quantum Trading Bot - ERROR - Error processing NVDA: name 'mock_check_halal_compliance' is not defined
2025-04-14 11:45:05,849 - Quantum Trading Bot - INFO - Performance metrics saved: 40/72 winning trades
2025-04-14 11:45:05,849 - Quantum Trading Bot - INFO - Not enough quantum predictions to update model
2025-04-14 11:45:05,849 - Quantum Trading Bot - INFO - Sleeping for 60 seconds
2025-04-14 11:46:03,684 - Trading System - INFO - Trading Bot is alive: True
2025-04-14 11:46:03,688 - Trading System - INFO - Monitor Bot is alive: True
2025-04-14 11:46:03,688 - Trading System - INFO - Improvement Bot is alive: True
2025-04-14 11:46:05,856 - Quantum Trading Bot - INFO - Starting trading cycle
2025-04-14 11:46:05,857 - Quantum Trading Bot - INFO - Processing AAPL
2025-04-14 11:46:05,857 - Quantum Trading Bot - ERROR - Error processing AAPL: name 'mock_check_halal_compliance' is not defined
2025-04-14 11:46:05,857 - Quantum Trading Bot - INFO - Processing MSFT
2025-04-14 11:46:05,857 - Quantum Trading Bot - ERROR - Error processing MSFT: name 'mock_check_halal_compliance' is not defined
2025-04-14 11:46:05,857 - Quantum Trading Bot - INFO - Processing NVDA
2025-04-14 11:46:05,858 - Quantum Trading Bot - ERROR - Error processing NVDA: name 'mock_check_halal_compliance' is not defined
2025-04-14 11:46:05,913 - Quantum Trading Bot - INFO - Performance metrics saved: 40/72 winning trades
2025-04-14 11:46:05,914 - Quantum Trading Bot - INFO - Sleeping for 60 seconds
2025-04-14 11:47:03,694 - Trading System - INFO - Trading Bot is alive: True
2025-04-14 11:47:03,697 - Trading System - INFO - Monitor Bot is alive: True
2025-04-14 11:47:03,697 - Trading System - INFO - Improvement Bot is alive: True
2025-04-14 11:47:05,919 - Quantum Trading Bot - INFO - Starting trading cycle
2025-04-14 11:47:05,919 - Quantum Trading Bot - INFO - Processing AAPL
2025-04-14 11:47:05,920 - Quantum Trading Bot - ERROR - Error processing AAPL: name 'mock_check_halal_compliance' is not defined
2025-04-14 11:47:05,920 - Quantum Trading Bot - INFO - Processing MSFT
2025-04-14 11:47:05,920 - Quantum Trading Bot - ERROR - Error processing MSFT: name 'mock_check_halal_compliance' is not defined
2025-04-14 11:47:05,920 - Quantum Trading Bot - INFO - Processing NVDA
2025-04-14 11:47:05,920 - Quantum Trading Bot - ERROR - Error processing NVDA: name 'mock_check_halal_compliance' is not defined
2025-04-14 11:47:05,958 - Quantum Trading Bot - INFO - Performance metrics saved: 40/72 winning trades
2025-04-14 11:47:05,958 - Quantum Trading Bot - INFO - Sleeping for 60 seconds
2025-04-14 11:48:03,698 - Trading System - INFO - Trading Bot is alive: True
2025-04-14 11:48:03,700 - Trading System - INFO - Monitor Bot is alive: True
2025-04-14 11:48:03,700 - Trading System - INFO - Improvement Bot is alive: True
2025-04-14 11:48:05,963 - Quantum Trading Bot - INFO - Starting trading cycle
2025-04-14 11:48:05,964 - Quantum Trading Bot - INFO - Processing AAPL
2025-04-14 11:48:05,964 - Quantum Trading Bot - ERROR - Error processing AAPL: name 'mock_check_halal_compliance' is not defined
2025-04-14 11:48:05,964 - Quantum Trading Bot - INFO - Processing MSFT
2025-04-14 11:48:05,964 - Quantum Trading Bot - ERROR - Error processing MSFT: name 'mock_check_halal_compliance' is not defined
2025-04-14 11:48:05,964 - Quantum Trading Bot - INFO - Processing NVDA
2025-04-14 11:48:05,964 - Quantum Trading Bot - ERROR - Error processing NVDA: name 'mock_check_halal_compliance' is not defined
2025-04-14 11:48:06,001 - Quantum Trading Bot - INFO - Performance metrics saved: 40/72 winning trades
2025-04-14 11:48:06,002 - Quantum Trading Bot - INFO - Sleeping for 60 seconds
2025-04-14 11:49:03,702 - Trading System - INFO - Trading Bot is alive: True
2025-04-14 11:49:03,704 - Trading System - INFO - Monitor Bot is alive: True
2025-04-14 11:49:03,704 - Trading System - INFO - Improvement Bot is alive: True
2025-04-14 11:49:06,007 - Quantum Trading Bot - INFO - Starting trading cycle
2025-04-14 11:49:06,007 - Quantum Trading Bot - INFO - Processing AAPL
2025-04-14 11:49:06,007 - Quantum Trading Bot - ERROR - Error processing AAPL: name 'mock_check_halal_compliance' is not defined
2025-04-14 11:49:06,008 - Quantum Trading Bot - INFO - Processing MSFT
2025-04-14 11:49:06,008 - Quantum Trading Bot - ERROR - Error processing MSFT: name 'mock_check_halal_compliance' is not defined
2025-04-14 11:49:06,008 - Quantum Trading Bot - INFO - Processing NVDA
2025-04-14 11:49:06,008 - Quantum Trading Bot - ERROR - Error processing NVDA: name 'mock_check_halal_compliance' is not defined
2025-04-14 11:49:06,044 - Quantum Trading Bot - INFO - Performance metrics saved: 40/72 winning trades
2025-04-14 11:49:06,044 - Quantum Trading Bot - INFO - Sleeping for 60 seconds
2025-04-14 11:50:03,710 - Trading System - INFO - Trading Bot is alive: True
2025-04-14 11:50:03,711 - Trading System - INFO - Monitor Bot is alive: True
2025-04-14 11:50:03,711 - Trading System - INFO - Improvement Bot is alive: True
2025-04-14 11:50:06,049 - Quantum Trading Bot - INFO - Starting trading cycle
2025-04-14 11:50:06,049 - Quantum Trading Bot - INFO - Processing AAPL
2025-04-14 11:50:06,050 - Quantum Trading Bot - ERROR - Error processing AAPL: name 'mock_check_halal_compliance' is not defined
2025-04-14 11:50:06,050 - Quantum Trading Bot - INFO - Processing MSFT
2025-04-14 11:50:06,050 - Quantum Trading Bot - ERROR - Error processing MSFT: name 'mock_check_halal_compliance' is not defined
2025-04-14 11:50:06,050 - Quantum Trading Bot - INFO - Processing NVDA
2025-04-14 11:50:06,050 - Quantum Trading Bot - ERROR - Error processing NVDA: name 'mock_check_halal_compliance' is not defined
2025-04-14 11:50:06,085 - Quantum Trading Bot - INFO - Performance metrics saved: 40/72 winning trades
2025-04-14 11:50:06,085 - Quantum Trading Bot - INFO - Sleeping for 60 seconds
2025-04-14 11:51:03,719 - Trading System - INFO - Trading Bot is alive: True
2025-04-14 11:51:03,721 - Trading System - INFO - Monitor Bot is alive: True
2025-04-14 11:51:03,721 - Trading System - INFO - Improvement Bot is alive: True
2025-04-14 11:51:06,093 - Quantum Trading Bot - INFO - Starting trading cycle
2025-04-14 11:51:06,094 - Quantum Trading Bot - INFO - Processing AAPL
2025-04-14 11:51:06,094 - Quantum Trading Bot - ERROR - Error processing AAPL: name 'mock_check_halal_compliance' is not defined
2025-04-14 11:51:06,094 - Quantum Trading Bot - INFO - Processing MSFT
2025-04-14 11:51:06,094 - Quantum Trading Bot - ERROR - Error processing MSFT: name 'mock_check_halal_compliance' is not defined
2025-04-14 11:51:06,094 - Quantum Trading Bot - INFO - Processing NVDA
2025-04-14 11:51:06,094 - Quantum Trading Bot - ERROR - Error processing NVDA: name 'mock_check_halal_compliance' is not defined
2025-04-14 11:51:06,155 - Quantum Trading Bot - INFO - Performance metrics saved: 40/72 winning trades
2025-04-14 11:51:06,157 - Quantum Trading Bot - INFO - Sleeping for 60 seconds
2025-04-14 11:52:03,728 - Trading System - INFO - Trading Bot is alive: True
2025-04-14 11:52:03,731 - Trading System - INFO - Monitor Bot is alive: True
2025-04-14 11:52:03,731 - Trading System - INFO - Improvement Bot is alive: True
2025-04-14 11:52:06,163 - Quantum Trading Bot - INFO - Starting trading cycle
2025-04-14 11:52:06,164 - Quantum Trading Bot - INFO - Processing AAPL
2025-04-14 11:52:06,164 - Quantum Trading Bot - ERROR - Error processing AAPL: name 'mock_check_halal_compliance' is not defined
2025-04-14 11:52:06,164 - Quantum Trading Bot - INFO - Processing MSFT
2025-04-14 11:52:06,165 - Quantum Trading Bot - ERROR - Error processing MSFT: name 'mock_check_halal_compliance' is not defined
2025-04-14 11:52:06,165 - Quantum Trading Bot - INFO - Processing NVDA
2025-04-14 11:52:06,165 - Quantum Trading Bot - ERROR - Error processing NVDA: name 'mock_check_halal_compliance' is not defined
2025-04-14 11:52:06,203 - Quantum Trading Bot - INFO - Performance metrics saved: 40/72 winning trades
2025-04-14 11:52:06,203 - Quantum Trading Bot - INFO - Sleeping for 60 seconds
2025-04-14 11:53:03,741 - Trading System - INFO - Trading Bot is alive: True
2025-04-14 11:53:03,744 - Trading System - INFO - Monitor Bot is alive: True
2025-04-14 11:53:03,744 - Trading System - INFO - Improvement Bot is alive: True
2025-04-14 11:53:06,213 - Quantum Trading Bot - INFO - Starting trading cycle
2025-04-14 11:53:06,214 - Quantum Trading Bot - INFO - Processing AAPL
2025-04-14 11:53:06,214 - Quantum Trading Bot - ERROR - Error processing AAPL: name 'mock_check_halal_compliance' is not defined
2025-04-14 11:53:06,214 - Quantum Trading Bot - INFO - Processing MSFT
2025-04-14 11:53:06,214 - Quantum Trading Bot - ERROR - Error processing MSFT: name 'mock_check_halal_compliance' is not defined
2025-04-14 11:53:06,214 - Quantum Trading Bot - INFO - Processing NVDA
2025-04-14 11:53:06,215 - Quantum Trading Bot - ERROR - Error processing NVDA: name 'mock_check_halal_compliance' is not defined
2025-04-14 11:53:06,253 - Quantum Trading Bot - INFO - Performance metrics saved: 40/72 winning trades
2025-04-14 11:53:06,253 - Quantum Trading Bot - INFO - Sleeping for 60 seconds
2025-04-14 11:54:03,753 - Trading System - INFO - Trading Bot is alive: True
2025-04-14 11:54:03,757 - Trading System - INFO - Monitor Bot is alive: True
2025-04-14 11:54:03,757 - Trading System - INFO - Improvement Bot is alive: True
2025-04-14 11:54:06,263 - Quantum Trading Bot - INFO - Starting trading cycle
2025-04-14 11:54:06,263 - Quantum Trading Bot - INFO - Processing AAPL
2025-04-14 11:54:06,264 - Quantum Trading Bot - ERROR - Error processing AAPL: name 'mock_check_halal_compliance' is not defined
2025-04-14 11:54:06,264 - Quantum Trading Bot - INFO - Processing MSFT
2025-04-14 11:54:06,264 - Quantum Trading Bot - ERROR - Error processing MSFT: name 'mock_check_halal_compliance' is not defined
2025-04-14 11:54:06,264 - Quantum Trading Bot - INFO - Processing NVDA
2025-04-14 11:54:06,264 - Quantum Trading Bot - ERROR - Error processing NVDA: name 'mock_check_halal_compliance' is not defined
2025-04-14 11:54:06,302 - Quantum Trading Bot - INFO - Performance metrics saved: 40/72 winning trades
2025-04-14 11:54:06,303 - Quantum Trading Bot - INFO - Sleeping for 60 seconds
2025-04-14 11:55:03,758 - Trading System - INFO - Trading Bot is alive: True
2025-04-14 11:55:03,760 - Trading System - INFO - Monitor Bot is alive: True
2025-04-14 11:55:03,760 - Trading System - INFO - Improvement Bot is alive: True
2025-04-14 11:55:06,313 - Quantum Trading Bot - INFO - Starting trading cycle
2025-04-14 11:55:06,313 - Quantum Trading Bot - INFO - Processing AAPL
2025-04-14 11:55:06,313 - Quantum Trading Bot - ERROR - Error processing AAPL: name 'mock_check_halal_compliance' is not defined
2025-04-14 11:55:06,313 - Quantum Trading Bot - INFO - Processing MSFT
2025-04-14 11:55:06,314 - Quantum Trading Bot - ERROR - Error processing MSFT: name 'mock_check_halal_compliance' is not defined
2025-04-14 11:55:06,314 - Quantum Trading Bot - INFO - Processing NVDA
2025-04-14 11:55:06,314 - Quantum Trading Bot - ERROR - Error processing NVDA: name 'mock_check_halal_compliance' is not defined
2025-04-14 11:55:06,350 - Quantum Trading Bot - INFO - Performance metrics saved: 40/72 winning trades
2025-04-14 11:55:06,350 - Quantum Trading Bot - INFO - Not enough quantum predictions to update model
2025-04-14 11:55:06,384 - Quantum Trading Bot - INFO - Quantum device error rate: 0.0660
2025-04-14 11:55:06,387 - Quantum Trading Bot - INFO - Quantum portfolio optimization complete: {'AAPL': np.float64(0.3272233536999321), 'MSFT': np.float64(0.3251866938221317), 'NVDA': np.float64(0.3475899524779362)}
2025-04-14 11:55:06,387 - Quantum Trading Bot - INFO - Optimal portfolio weights: {'AAPL': np.float64(0.3272233536999321), 'MSFT': np.float64(0.3251866938221317), 'NVDA': np.float64(0.3475899524779362)}
2025-04-14 11:55:06,387 - Quantum Trading Bot - INFO - Sleeping for 60 seconds
2025-04-14 11:56:03,769 - Trading System - INFO - Trading Bot is alive: True
2025-04-14 11:56:03,771 - Trading System - INFO - Monitor Bot is alive: True
2025-04-14 11:56:03,771 - Trading System - INFO - Improvement Bot is alive: True
2025-04-14 11:56:06,389 - Quantum Trading Bot - INFO - Starting trading cycle
2025-04-14 11:56:06,394 - Quantum Trading Bot - INFO - Processing AAPL
2025-04-14 11:56:06,395 - Quantum Trading Bot - ERROR - Error processing AAPL: name 'mock_check_halal_compliance' is not defined
2025-04-14 11:56:06,395 - Quantum Trading Bot - INFO - Processing MSFT
2025-04-14 11:56:06,395 - Quantum Trading Bot - ERROR - Error processing MSFT: name 'mock_check_halal_compliance' is not defined
2025-04-14 11:56:06,395 - Quantum Trading Bot - INFO - Processing NVDA
2025-04-14 11:56:06,395 - Quantum Trading Bot - ERROR - Error processing NVDA: name 'mock_check_halal_compliance' is not defined
2025-04-14 11:56:06,473 - Quantum Trading Bot - INFO - Performance metrics saved: 40/72 winning trades
2025-04-14 11:56:06,474 - Quantum Trading Bot - INFO - Sleeping for 60 seconds
2025-04-14 12:03:05,796 - Trading System - INFO - Trading Bot is alive: True
2025-04-14 12:03:05,799 - Trading System - INFO - Monitor Bot is alive: True
2025-04-14 12:03:05,799 - Trading System - INFO - Improvement Bot is alive: True
2025-04-14 12:03:08,498 - Quantum Trading Bot - INFO - Starting trading cycle
2025-04-14 12:03:08,499 - Quantum Trading Bot - INFO - Processing AAPL
2025-04-14 12:03:08,499 - Quantum Trading Bot - ERROR - Error processing AAPL: name 'mock_check_halal_compliance' is not defined
2025-04-14 12:03:08,499 - Quantum Trading Bot - INFO - Processing MSFT
2025-04-14 12:03:08,499 - Quantum Trading Bot - ERROR - Error processing MSFT: name 'mock_check_halal_compliance' is not defined
2025-04-14 12:03:08,499 - Quantum Trading Bot - INFO - Processing NVDA
2025-04-14 12:03:08,500 - Quantum Trading Bot - ERROR - Error processing NVDA: name 'mock_check_halal_compliance' is not defined
2025-04-14 12:03:08,536 - Quantum Trading Bot - INFO - Performance metrics saved: 40/72 winning trades
2025-04-14 12:03:08,536 - Quantum Trading Bot - INFO - Sleeping for 60 seconds
2025-04-14 12:06:24,710 - Trading System - INFO - Trading Bot is alive: True
2025-04-14 12:06:24,713 - Trading System - INFO - Monitor Bot is alive: True
2025-04-14 12:06:24,713 - Trading System - INFO - Improvement Bot is alive: True
2025-04-14 12:06:27,446 - Quantum Trading Bot - INFO - Starting trading cycle
2025-04-14 12:06:27,447 - Quantum Trading Bot - INFO - Processing AAPL
2025-04-14 12:06:27,447 - Quantum Trading Bot - ERROR - Error processing AAPL: name 'mock_check_halal_compliance' is not defined
2025-04-14 12:06:27,447 - Quantum Trading Bot - INFO - Processing MSFT
2025-04-14 12:06:27,447 - Quantum Trading Bot - ERROR - Error processing MSFT: name 'mock_check_halal_compliance' is not defined
2025-04-14 12:06:27,447 - Quantum Trading Bot - INFO - Processing NVDA
2025-04-14 12:06:27,447 - Quantum Trading Bot - ERROR - Error processing NVDA: name 'mock_check_halal_compliance' is not defined
2025-04-14 12:06:27,477 - Quantum Trading Bot - INFO - Performance metrics saved: 40/72 winning trades
2025-04-14 12:06:27,477 - Quantum Trading Bot - INFO - Sleeping for 60 seconds
2025-04-14 12:07:24,719 - Trading System - INFO - Trading Bot is alive: True
2025-04-14 12:07:24,721 - Trading System - INFO - Monitor Bot is alive: True
2025-04-14 12:07:24,721 - Trading System - INFO - Improvement Bot is alive: True
2025-04-14 12:07:27,482 - Quantum Trading Bot - INFO - Starting trading cycle
2025-04-14 12:07:27,483 - Quantum Trading Bot - INFO - Processing AAPL
2025-04-14 12:07:27,483 - Quantum Trading Bot - ERROR - Error processing AAPL: name 'mock_check_halal_compliance' is not defined
2025-04-14 12:07:27,483 - Quantum Trading Bot - INFO - Processing MSFT
2025-04-14 12:07:27,483 - Quantum Trading Bot - ERROR - Error processing MSFT: name 'mock_check_halal_compliance' is not defined
2025-04-14 12:07:27,483 - Quantum Trading Bot - INFO - Processing NVDA
2025-04-14 12:07:27,484 - Quantum Trading Bot - ERROR - Error processing NVDA: name 'mock_check_halal_compliance' is not defined
2025-04-14 12:07:27,510 - Quantum Trading Bot - INFO - Performance metrics saved: 40/72 winning trades
2025-04-14 12:07:27,510 - Quantum Trading Bot - INFO - Sleeping for 60 seconds
2025-04-14 12:08:24,724 - Trading System - INFO - Trading Bot is alive: True
2025-04-14 12:08:24,725 - Trading System - INFO - Monitor Bot is alive: True
2025-04-14 12:08:24,725 - Trading System - INFO - Improvement Bot is alive: True
2025-04-14 12:08:27,515 - Quantum Trading Bot - INFO - Starting trading cycle
2025-04-14 12:08:27,516 - Quantum Trading Bot - INFO - Processing AAPL
2025-04-14 12:08:27,516 - Quantum Trading Bot - ERROR - Error processing AAPL: name 'mock_check_halal_compliance' is not defined
2025-04-14 12:08:27,516 - Quantum Trading Bot - INFO - Processing MSFT
2025-04-14 12:08:27,516 - Quantum Trading Bot - ERROR - Error processing MSFT: name 'mock_check_halal_compliance' is not defined
2025-04-14 12:08:27,516 - Quantum Trading Bot - INFO - Processing NVDA
2025-04-14 12:08:27,516 - Quantum Trading Bot - ERROR - Error processing NVDA: name 'mock_check_halal_compliance' is not defined
2025-04-14 12:08:27,545 - Quantum Trading Bot - INFO - Performance metrics saved: 40/72 winning trades
2025-04-14 12:08:27,545 - Quantum Trading Bot - INFO - Sleeping for 60 seconds
2025-04-14 12:09:24,726 - Trading System - INFO - Trading Bot is alive: True
2025-04-14 12:09:24,729 - Trading System - INFO - Monitor Bot is alive: True
2025-04-14 12:09:24,729 - Trading System - INFO - Improvement Bot is alive: True
2025-04-14 12:09:27,550 - Quantum Trading Bot - INFO - Starting trading cycle
2025-04-14 12:09:27,551 - Quantum Trading Bot - INFO - Processing AAPL
2025-04-14 12:09:27,551 - Quantum Trading Bot - ERROR - Error processing AAPL: name 'mock_check_halal_compliance' is not defined
2025-04-14 12:09:27,551 - Quantum Trading Bot - INFO - Processing MSFT
2025-04-14 12:09:27,551 - Quantum Trading Bot - ERROR - Error processing MSFT: name 'mock_check_halal_compliance' is not defined
2025-04-14 12:09:27,551 - Quantum Trading Bot - INFO - Processing NVDA
2025-04-14 12:09:27,551 - Quantum Trading Bot - ERROR - Error processing NVDA: name 'mock_check_halal_compliance' is not defined
2025-04-14 12:09:27,578 - Quantum Trading Bot - INFO - Performance metrics saved: 40/72 winning trades
2025-04-14 12:09:27,578 - Quantum Trading Bot - INFO - Sleeping for 60 seconds
2025-04-14 12:10:24,732 - Trading System - INFO - Trading Bot is alive: True
2025-04-14 12:10:24,733 - Trading System - INFO - Monitor Bot is alive: True
2025-04-14 12:10:24,733 - Trading System - INFO - Improvement Bot is alive: True
2025-04-14 12:10:27,584 - Quantum Trading Bot - INFO - Starting trading cycle
2025-04-14 12:10:27,584 - Quantum Trading Bot - INFO - Processing AAPL
2025-04-14 12:10:27,584 - Quantum Trading Bot - ERROR - Error processing AAPL: name 'mock_check_halal_compliance' is not defined
2025-04-14 12:10:27,585 - Quantum Trading Bot - INFO - Processing MSFT
2025-04-14 12:10:27,585 - Quantum Trading Bot - ERROR - Error processing MSFT: name 'mock_check_halal_compliance' is not defined
2025-04-14 12:10:27,585 - Quantum Trading Bot - INFO - Processing NVDA
2025-04-14 12:10:27,585 - Quantum Trading Bot - ERROR - Error processing NVDA: name 'mock_check_halal_compliance' is not defined
2025-04-14 12:10:27,611 - Quantum Trading Bot - INFO - Performance metrics saved: 40/72 winning trades
2025-04-14 12:10:27,611 - Quantum Trading Bot - INFO - Sleeping for 60 seconds
2025-04-14 12:11:24,739 - Trading System - INFO - Trading Bot is alive: True
2025-04-14 12:11:24,740 - Trading System - INFO - Monitor Bot is alive: True
2025-04-14 12:11:24,740 - Trading System - INFO - Improvement Bot is alive: True
2025-04-14 12:11:27,617 - Quantum Trading Bot - INFO - Starting trading cycle
2025-04-14 12:11:27,617 - Quantum Trading Bot - INFO - Processing AAPL
2025-04-14 12:11:27,617 - Quantum Trading Bot - ERROR - Error processing AAPL: name 'mock_check_halal_compliance' is not defined
2025-04-14 12:11:27,617 - Quantum Trading Bot - INFO - Processing MSFT
2025-04-14 12:11:27,618 - Quantum Trading Bot - ERROR - Error processing MSFT: name 'mock_check_halal_compliance' is not defined
2025-04-14 12:11:27,618 - Quantum Trading Bot - INFO - Processing NVDA
2025-04-14 12:11:27,618 - Quantum Trading Bot - ERROR - Error processing NVDA: name 'mock_check_halal_compliance' is not defined
2025-04-14 12:11:27,647 - Quantum Trading Bot - INFO - Performance metrics saved: 40/72 winning trades
2025-04-14 12:11:27,647 - Quantum Trading Bot - INFO - Sleeping for 60 seconds
2025-04-14 12:12:24,746 - Trading System - INFO - Trading Bot is alive: True
2025-04-14 12:12:24,748 - Trading System - INFO - Monitor Bot is alive: True
2025-04-14 12:12:24,748 - Trading System - INFO - Improvement Bot is alive: True
2025-04-14 12:12:27,653 - Quantum Trading Bot - INFO - Starting trading cycle
2025-04-14 12:12:27,653 - Quantum Trading Bot - INFO - Processing AAPL
2025-04-14 12:12:27,653 - Quantum Trading Bot - ERROR - Error processing AAPL: name 'mock_check_halal_compliance' is not defined
2025-04-14 12:12:27,653 - Quantum Trading Bot - INFO - Processing MSFT
2025-04-14 12:12:27,654 - Quantum Trading Bot - ERROR - Error processing MSFT: name 'mock_check_halal_compliance' is not defined
2025-04-14 12:12:27,654 - Quantum Trading Bot - INFO - Processing NVDA
2025-04-14 12:12:27,654 - Quantum Trading Bot - ERROR - Error processing NVDA: name 'mock_check_halal_compliance' is not defined
2025-04-14 12:12:27,681 - Quantum Trading Bot - INFO - Performance metrics saved: 40/72 winning trades
2025-04-14 12:12:27,682 - Quantum Trading Bot - INFO - Sleeping for 60 seconds
2025-04-14 12:13:24,750 - Trading System - INFO - Trading Bot is alive: True
2025-04-14 12:13:24,752 - Trading System - INFO - Monitor Bot is alive: True
2025-04-14 12:13:24,753 - Trading System - INFO - Improvement Bot is alive: True
2025-04-14 12:13:27,687 - Quantum Trading Bot - INFO - Starting trading cycle
2025-04-14 12:13:27,687 - Quantum Trading Bot - INFO - Processing AAPL
2025-04-14 12:13:27,688 - Quantum Trading Bot - ERROR - Error processing AAPL: name 'mock_check_halal_compliance' is not defined
2025-04-14 12:13:27,688 - Quantum Trading Bot - INFO - Processing MSFT
2025-04-14 12:13:27,688 - Quantum Trading Bot - ERROR - Error processing MSFT: name 'mock_check_halal_compliance' is not defined
2025-04-14 12:13:27,688 - Quantum Trading Bot - INFO - Processing NVDA
2025-04-14 12:13:27,688 - Quantum Trading Bot - ERROR - Error processing NVDA: name 'mock_check_halal_compliance' is not defined
2025-04-14 12:13:27,713 - Quantum Trading Bot - INFO - Performance metrics saved: 40/72 winning trades
2025-04-14 12:13:27,713 - Quantum Trading Bot - INFO - Not enough quantum predictions to update model
2025-04-14 12:13:27,713 - Quantum Trading Bot - INFO - Sleeping for 60 seconds
2025-04-14 12:14:24,760 - Trading System - INFO - Trading Bot is alive: True
2025-04-14 12:14:24,763 - Trading System - INFO - Monitor Bot is alive: True
2025-04-14 12:14:24,763 - Trading System - INFO - Improvement Bot is alive: True
2025-04-14 12:14:27,724 - Quantum Trading Bot - INFO - Starting trading cycle
2025-04-14 12:14:27,724 - Quantum Trading Bot - INFO - Processing AAPL
2025-04-14 12:14:27,724 - Quantum Trading Bot - ERROR - Error processing AAPL: name 'mock_check_halal_compliance' is not defined
2025-04-14 12:14:27,724 - Quantum Trading Bot - INFO - Processing MSFT
2025-04-14 12:14:27,724 - Quantum Trading Bot - ERROR - Error processing MSFT: name 'mock_check_halal_compliance' is not defined
2025-04-14 12:14:27,725 - Quantum Trading Bot - INFO - Processing NVDA
2025-04-14 12:14:27,725 - Quantum Trading Bot - ERROR - Error processing NVDA: name 'mock_check_halal_compliance' is not defined
2025-04-14 12:14:27,747 - Quantum Trading Bot - INFO - Performance metrics saved: 40/72 winning trades
2025-04-14 12:14:27,747 - Quantum Trading Bot - INFO - Sleeping for 60 seconds
2025-04-14 12:15:24,765 - Trading System - INFO - Trading Bot is alive: True
2025-04-14 12:15:24,767 - Trading System - INFO - Monitor Bot is alive: True
2025-04-14 12:15:24,767 - Trading System - INFO - Improvement Bot is alive: True
2025-04-14 12:15:27,758 - Quantum Trading Bot - INFO - Starting trading cycle
2025-04-14 12:15:27,758 - Quantum Trading Bot - INFO - Processing AAPL
2025-04-14 12:15:27,758 - Quantum Trading Bot - ERROR - Error processing AAPL: name 'mock_check_halal_compliance' is not defined
2025-04-14 12:15:27,759 - Quantum Trading Bot - INFO - Processing MSFT
2025-04-14 12:15:27,759 - Quantum Trading Bot - ERROR - Error processing MSFT: name 'mock_check_halal_compliance' is not defined
2025-04-14 12:15:27,759 - Quantum Trading Bot - INFO - Processing NVDA
2025-04-14 12:15:27,759 - Quantum Trading Bot - ERROR - Error processing NVDA: name 'mock_check_halal_compliance' is not defined
2025-04-14 12:15:27,789 - Quantum Trading Bot - INFO - Performance metrics saved: 40/72 winning trades
2025-04-14 12:15:27,789 - Quantum Trading Bot - INFO - Sleeping for 60 seconds
2025-04-14 12:16:24,768 - Trading System - INFO - Trading Bot is alive: True
2025-04-14 12:16:24,771 - Trading System - INFO - Monitor Bot is alive: True
2025-04-14 12:16:24,771 - Trading System - INFO - Improvement Bot is alive: True
2025-04-14 12:16:27,794 - Quantum Trading Bot - INFO - Starting trading cycle
2025-04-14 12:16:27,795 - Quantum Trading Bot - INFO - Processing AAPL
2025-04-14 12:16:27,795 - Quantum Trading Bot - ERROR - Error processing AAPL: name 'mock_check_halal_compliance' is not defined
2025-04-14 12:16:27,795 - Quantum Trading Bot - INFO - Processing MSFT
2025-04-14 12:16:27,795 - Quantum Trading Bot - ERROR - Error processing MSFT: name 'mock_check_halal_compliance' is not defined
2025-04-14 12:16:27,795 - Quantum Trading Bot - INFO - Processing NVDA
2025-04-14 12:16:27,796 - Quantum Trading Bot - ERROR - Error processing NVDA: name 'mock_check_halal_compliance' is not defined
2025-04-14 12:16:27,825 - Quantum Trading Bot - INFO - Performance metrics saved: 40/72 winning trades
2025-04-14 12:16:27,826 - Quantum Trading Bot - INFO - Sleeping for 60 seconds
2025-04-14 12:17:24,772 - Trading System - INFO - Trading Bot is alive: True
2025-04-14 12:17:24,774 - Trading System - INFO - Monitor Bot is alive: True
2025-04-14 12:17:24,774 - Trading System - INFO - Improvement Bot is alive: True
2025-04-14 12:17:27,831 - Quantum Trading Bot - INFO - Starting trading cycle
2025-04-14 12:17:27,832 - Quantum Trading Bot - INFO - Processing AAPL
2025-04-14 12:17:27,832 - Quantum Trading Bot - ERROR - Error processing AAPL: name 'mock_check_halal_compliance' is not defined
2025-04-14 12:17:27,832 - Quantum Trading Bot - INFO - Processing MSFT
2025-04-14 12:17:27,832 - Quantum Trading Bot - ERROR - Error processing MSFT: name 'mock_check_halal_compliance' is not defined
2025-04-14 12:17:27,832 - Quantum Trading Bot - INFO - Processing NVDA
2025-04-14 12:17:27,832 - Quantum Trading Bot - ERROR - Error processing NVDA: name 'mock_check_halal_compliance' is not defined
2025-04-14 12:17:27,867 - Quantum Trading Bot - INFO - Performance metrics saved: 40/72 winning trades
2025-04-14 12:17:27,867 - Quantum Trading Bot - INFO - Sleeping for 60 seconds
2025-04-14 12:18:24,777 - Trading System - INFO - Trading Bot is alive: True
2025-04-14 12:18:24,779 - Trading System - INFO - Monitor Bot is alive: True
2025-04-14 12:18:24,779 - Trading System - INFO - Improvement Bot is alive: True
2025-04-14 12:18:27,872 - Quantum Trading Bot - INFO - Starting trading cycle
2025-04-14 12:18:27,873 - Quantum Trading Bot - INFO - Processing AAPL
2025-04-14 12:18:27,873 - Quantum Trading Bot - ERROR - Error processing AAPL: name 'mock_check_halal_compliance' is not defined
2025-04-14 12:18:27,873 - Quantum Trading Bot - INFO - Processing MSFT
2025-04-14 12:18:27,873 - Quantum Trading Bot - ERROR - Error processing MSFT: name 'mock_check_halal_compliance' is not defined
2025-04-14 12:18:27,873 - Quantum Trading Bot - INFO - Processing NVDA
2025-04-14 12:18:27,873 - Quantum Trading Bot - ERROR - Error processing NVDA: name 'mock_check_halal_compliance' is not defined
2025-04-14 12:18:27,910 - Quantum Trading Bot - INFO - Performance metrics saved: 40/72 winning trades
2025-04-14 12:18:27,910 - Quantum Trading Bot - INFO - Sleeping for 60 seconds
2025-04-14 12:19:24,785 - Trading System - INFO - Trading Bot is alive: True
2025-04-14 12:19:24,787 - Trading System - INFO - Monitor Bot is alive: True
2025-04-14 12:19:24,787 - Trading System - INFO - Improvement Bot is alive: True
2025-04-14 12:19:27,915 - Quantum Trading Bot - INFO - Starting trading cycle
2025-04-14 12:19:27,916 - Quantum Trading Bot - INFO - Processing AAPL
2025-04-14 12:19:27,916 - Quantum Trading Bot - ERROR - Error processing AAPL: name 'mock_check_halal_compliance' is not defined
2025-04-14 12:19:27,916 - Quantum Trading Bot - INFO - Processing MSFT
2025-04-14 12:19:27,916 - Quantum Trading Bot - ERROR - Error processing MSFT: name 'mock_check_halal_compliance' is not defined
2025-04-14 12:19:27,916 - Quantum Trading Bot - INFO - Processing NVDA
2025-04-14 12:19:27,916 - Quantum Trading Bot - ERROR - Error processing NVDA: name 'mock_check_halal_compliance' is not defined
2025-04-14 12:19:27,953 - Quantum Trading Bot - INFO - Performance metrics saved: 40/72 winning trades
2025-04-14 12:19:27,954 - Quantum Trading Bot - INFO - Sleeping for 60 seconds
2025-04-14 12:20:24,788 - Trading System - INFO - Trading Bot is alive: True
2025-04-14 12:20:24,789 - Trading System - INFO - Monitor Bot is alive: True
2025-04-14 12:20:24,790 - Trading System - INFO - Improvement Bot is alive: True
2025-04-14 12:20:27,959 - Quantum Trading Bot - INFO - Starting trading cycle
2025-04-14 12:20:27,959 - Quantum Trading Bot - INFO - Processing AAPL
2025-04-14 12:20:27,959 - Quantum Trading Bot - ERROR - Error processing AAPL: name 'mock_check_halal_compliance' is not defined
2025-04-14 12:20:27,960 - Quantum Trading Bot - INFO - Processing MSFT
2025-04-14 12:20:27,960 - Quantum Trading Bot - ERROR - Error processing MSFT: name 'mock_check_halal_compliance' is not defined
2025-04-14 12:20:27,960 - Quantum Trading Bot - INFO - Processing NVDA
2025-04-14 12:20:27,960 - Quantum Trading Bot - ERROR - Error processing NVDA: name 'mock_check_halal_compliance' is not defined
2025-04-14 12:20:27,997 - Quantum Trading Bot - INFO - Performance metrics saved: 40/72 winning trades
2025-04-14 12:20:27,997 - Quantum Trading Bot - INFO - Sleeping for 60 seconds
2025-04-14 12:21:24,792 - Trading System - INFO - Trading Bot is alive: True
2025-04-14 12:21:24,795 - Trading System - INFO - Monitor Bot is alive: True
2025-04-14 12:21:24,796 - Trading System - INFO - Improvement Bot is alive: True
2025-04-14 12:21:28,003 - Quantum Trading Bot - INFO - Starting trading cycle
2025-04-14 12:21:28,003 - Quantum Trading Bot - INFO - Processing AAPL
2025-04-14 12:21:28,004 - Quantum Trading Bot - ERROR - Error processing AAPL: name 'mock_check_halal_compliance' is not defined
2025-04-14 12:21:28,004 - Quantum Trading Bot - INFO - Processing MSFT
2025-04-14 12:21:28,004 - Quantum Trading Bot - ERROR - Error processing MSFT: name 'mock_check_halal_compliance' is not defined
2025-04-14 12:21:28,004 - Quantum Trading Bot - INFO - Processing NVDA
2025-04-14 12:21:28,004 - Quantum Trading Bot - ERROR - Error processing NVDA: name 'mock_check_halal_compliance' is not defined
2025-04-14 12:21:28,043 - Quantum Trading Bot - INFO - Performance metrics saved: 40/72 winning trades
2025-04-14 12:21:28,043 - Quantum Trading Bot - INFO - Sleeping for 60 seconds
2025-04-14 12:22:24,800 - Trading System - INFO - Trading Bot is alive: True
2025-04-14 12:22:24,802 - Trading System - INFO - Monitor Bot is alive: True
2025-04-14 12:22:24,802 - Trading System - INFO - Improvement Bot is alive: True
2025-04-14 12:22:28,049 - Quantum Trading Bot - INFO - Starting trading cycle
2025-04-14 12:22:28,049 - Quantum Trading Bot - INFO - Processing AAPL
2025-04-14 12:22:28,050 - Quantum Trading Bot - ERROR - Error processing AAPL: name 'mock_check_halal_compliance' is not defined
2025-04-14 12:22:28,050 - Quantum Trading Bot - INFO - Processing MSFT
2025-04-14 12:22:28,050 - Quantum Trading Bot - ERROR - Error processing MSFT: name 'mock_check_halal_compliance' is not defined
2025-04-14 12:22:28,050 - Quantum Trading Bot - INFO - Processing NVDA
2025-04-14 12:22:28,050 - Quantum Trading Bot - ERROR - Error processing NVDA: name 'mock_check_halal_compliance' is not defined
2025-04-14 12:22:28,080 - Quantum Trading Bot - INFO - Performance metrics saved: 40/72 winning trades
2025-04-14 12:22:28,080 - Quantum Trading Bot - INFO - Sleeping for 60 seconds
2025-04-14 12:23:24,805 - Trading System - INFO - Trading Bot is alive: True
2025-04-14 12:23:24,807 - Trading System - INFO - Monitor Bot is alive: True
2025-04-14 12:23:24,807 - Trading System - INFO - Improvement Bot is alive: True
2025-04-14 12:23:28,085 - Quantum Trading Bot - INFO - Starting trading cycle
2025-04-14 12:23:28,086 - Quantum Trading Bot - INFO - Processing AAPL
2025-04-14 12:23:28,086 - Quantum Trading Bot - ERROR - Error processing AAPL: name 'mock_check_halal_compliance' is not defined
2025-04-14 12:23:28,086 - Quantum Trading Bot - INFO - Processing MSFT
2025-04-14 12:23:28,086 - Quantum Trading Bot - ERROR - Error processing MSFT: name 'mock_check_halal_compliance' is not defined
2025-04-14 12:23:28,086 - Quantum Trading Bot - INFO - Processing NVDA
2025-04-14 12:23:28,087 - Quantum Trading Bot - ERROR - Error processing NVDA: name 'mock_check_halal_compliance' is not defined
2025-04-14 12:23:28,115 - Quantum Trading Bot - INFO - Performance metrics saved: 40/72 winning trades
2025-04-14 12:23:28,115 - Quantum Trading Bot - INFO - Not enough quantum predictions to update model
2025-04-14 12:23:28,143 - Quantum Trading Bot - INFO - Quantum device error rate: 0.0321
2025-04-14 12:23:28,145 - Quantum Trading Bot - INFO - Quantum portfolio optimization complete: {'AAPL': np.float64(0.32505036937541976), 'MSFT': np.float64(0.335795836131632), 'NVDA': np.float64(0.3391537944929483)}
2025-04-14 12:23:28,145 - Quantum Trading Bot - INFO - Optimal portfolio weights: {'AAPL': np.float64(0.32505036937541976), 'MSFT': np.float64(0.335795836131632), 'NVDA': np.float64(0.3391537944929483)}
2025-04-14 12:23:28,146 - Quantum Trading Bot - INFO - Sleeping for 60 seconds
2025-04-14 12:24:24,809 - Trading System - INFO - Trading Bot is alive: True
2025-04-14 12:24:24,811 - Trading System - INFO - Monitor Bot is alive: True
2025-04-14 12:24:24,811 - Trading System - INFO - Improvement Bot is alive: True
2025-04-14 12:24:28,149 - Quantum Trading Bot - INFO - Starting trading cycle
2025-04-14 12:24:28,150 - Quantum Trading Bot - INFO - Processing AAPL
2025-04-14 12:24:28,150 - Quantum Trading Bot - ERROR - Error processing AAPL: name 'mock_check_halal_compliance' is not defined
2025-04-14 12:24:28,150 - Quantum Trading Bot - INFO - Processing MSFT
2025-04-14 12:24:28,150 - Quantum Trading Bot - ERROR - Error processing MSFT: name 'mock_check_halal_compliance' is not defined
2025-04-14 12:24:28,150 - Quantum Trading Bot - INFO - Processing NVDA
2025-04-14 12:24:28,150 - Quantum Trading Bot - ERROR - Error processing NVDA: name 'mock_check_halal_compliance' is not defined
2025-04-14 12:24:28,166 - Quantum Trading Bot - INFO - Performance metrics saved: 40/72 winning trades
2025-04-14 12:24:28,166 - Quantum Trading Bot - INFO - Sleeping for 60 seconds
2025-04-14 12:25:24,816 - Trading System - INFO - Trading Bot is alive: True
2025-04-14 12:25:24,818 - Trading System - INFO - Monitor Bot is alive: True
2025-04-14 12:25:24,818 - Trading System - INFO - Improvement Bot is alive: True
2025-04-14 12:25:28,172 - Quantum Trading Bot - INFO - Starting trading cycle
2025-04-14 12:25:28,172 - Quantum Trading Bot - INFO - Processing AAPL
2025-04-14 12:25:28,173 - Quantum Trading Bot - ERROR - Error processing AAPL: name 'mock_check_halal_compliance' is not defined
2025-04-14 12:25:28,173 - Quantum Trading Bot - INFO - Processing MSFT
2025-04-14 12:25:28,173 - Quantum Trading Bot - ERROR - Error processing MSFT: name 'mock_check_halal_compliance' is not defined
2025-04-14 12:25:28,173 - Quantum Trading Bot - INFO - Processing NVDA
2025-04-14 12:25:28,173 - Quantum Trading Bot - ERROR - Error processing NVDA: name 'mock_check_halal_compliance' is not defined
2025-04-14 12:25:28,198 - Quantum Trading Bot - INFO - Performance metrics saved: 40/72 winning trades
2025-04-14 12:25:28,199 - Quantum Trading Bot - INFO - Sleeping for 60 seconds
2025-04-14 12:26:24,824 - Trading System - INFO - Trading Bot is alive: True
2025-04-14 12:26:24,825 - Trading System - INFO - Monitor Bot is alive: True
2025-04-14 12:26:24,825 - Trading System - INFO - Improvement Bot is alive: True
2025-04-14 12:26:28,204 - Quantum Trading Bot - INFO - Starting trading cycle
2025-04-14 12:26:28,204 - Quantum Trading Bot - INFO - Processing AAPL
2025-04-14 12:26:28,204 - Quantum Trading Bot - ERROR - Error processing AAPL: name 'mock_check_halal_compliance' is not defined
2025-04-14 12:26:28,205 - Quantum Trading Bot - INFO - Processing MSFT
2025-04-14 12:26:28,205 - Quantum Trading Bot - ERROR - Error processing MSFT: name 'mock_check_halal_compliance' is not defined
2025-04-14 12:26:28,205 - Quantum Trading Bot - INFO - Processing NVDA
2025-04-14 12:26:28,205 - Quantum Trading Bot - ERROR - Error processing NVDA: name 'mock_check_halal_compliance' is not defined
2025-04-14 12:26:28,232 - Quantum Trading Bot - INFO - Performance metrics saved: 40/72 winning trades
2025-04-14 12:26:28,233 - Quantum Trading Bot - INFO - Sleeping for 60 seconds
2025-04-14 12:27:24,831 - Trading System - INFO - Trading Bot is alive: True
2025-04-14 12:27:24,833 - Trading System - INFO - Monitor Bot is alive: True
2025-04-14 12:27:24,833 - Trading System - INFO - Improvement Bot is alive: True
2025-04-14 12:27:28,238 - Quantum Trading Bot - INFO - Starting trading cycle
2025-04-14 12:27:28,239 - Quantum Trading Bot - INFO - Processing AAPL
2025-04-14 12:27:28,239 - Quantum Trading Bot - ERROR - Error processing AAPL: name 'mock_check_halal_compliance' is not defined
2025-04-14 12:27:28,239 - Quantum Trading Bot - INFO - Processing MSFT
2025-04-14 12:27:28,239 - Quantum Trading Bot - ERROR - Error processing MSFT: name 'mock_check_halal_compliance' is not defined
2025-04-14 12:27:28,239 - Quantum Trading Bot - INFO - Processing NVDA
2025-04-14 12:27:28,239 - Quantum Trading Bot - ERROR - Error processing NVDA: name 'mock_check_halal_compliance' is not defined
2025-04-14 12:27:28,268 - Quantum Trading Bot - INFO - Performance metrics saved: 40/72 winning trades
2025-04-14 12:27:28,268 - Quantum Trading Bot - INFO - Sleeping for 60 seconds
2025-04-14 12:28:24,837 - Trading System - INFO - Trading Bot is alive: True
2025-04-14 12:28:24,839 - Trading System - INFO - Monitor Bot is alive: True
2025-04-14 12:28:24,839 - Trading System - INFO - Improvement Bot is alive: True
2025-04-14 12:28:28,272 - Quantum Trading Bot - INFO - Starting trading cycle
2025-04-14 12:28:28,273 - Quantum Trading Bot - INFO - Processing AAPL
2025-04-14 12:28:28,273 - Quantum Trading Bot - ERROR - Error processing AAPL: name 'mock_check_halal_compliance' is not defined
2025-04-14 12:28:28,273 - Quantum Trading Bot - INFO - Processing MSFT
2025-04-14 12:28:28,273 - Quantum Trading Bot - ERROR - Error processing MSFT: name 'mock_check_halal_compliance' is not defined
2025-04-14 12:28:28,273 - Quantum Trading Bot - INFO - Processing NVDA
2025-04-14 12:28:28,273 - Quantum Trading Bot - ERROR - Error processing NVDA: name 'mock_check_halal_compliance' is not defined
2025-04-14 12:28:28,300 - Quantum Trading Bot - INFO - Performance metrics saved: 40/72 winning trades
2025-04-14 12:28:28,300 - Quantum Trading Bot - INFO - Sleeping for 60 seconds
2025-04-14 12:29:24,841 - Trading System - INFO - Trading Bot is alive: True
2025-04-14 12:29:24,843 - Trading System - INFO - Monitor Bot is alive: True
2025-04-14 12:29:24,843 - Trading System - INFO - Improvement Bot is alive: True
2025-04-14 12:29:28,303 - Quantum Trading Bot - INFO - Starting trading cycle
2025-04-14 12:29:28,304 - Quantum Trading Bot - INFO - Processing AAPL
2025-04-14 12:29:28,304 - Quantum Trading Bot - ERROR - Error processing AAPL: name 'mock_check_halal_compliance' is not defined
2025-04-14 12:29:28,304 - Quantum Trading Bot - INFO - Processing MSFT
2025-04-14 12:29:28,304 - Quantum Trading Bot - ERROR - Error processing MSFT: name 'mock_check_halal_compliance' is not defined
2025-04-14 12:29:28,304 - Quantum Trading Bot - INFO - Processing NVDA
2025-04-14 12:29:28,304 - Quantum Trading Bot - ERROR - Error processing NVDA: name 'mock_check_halal_compliance' is not defined
2025-04-14 12:29:28,323 - Quantum Trading Bot - INFO - Performance metrics saved: 40/72 winning trades
2025-04-14 12:29:28,323 - Quantum Trading Bot - INFO - Sleeping for 60 seconds
2025-04-14 12:30:24,848 - Trading System - INFO - Trading Bot is alive: True
2025-04-14 12:30:24,849 - Trading System - INFO - Monitor Bot is alive: True
2025-04-14 12:30:24,849 - Trading System - INFO - Improvement Bot is alive: True
2025-04-14 12:30:28,328 - Quantum Trading Bot - INFO - Starting trading cycle
2025-04-14 12:30:28,329 - Quantum Trading Bot - INFO - Processing AAPL
2025-04-14 12:30:28,329 - Quantum Trading Bot - ERROR - Error processing AAPL: name 'mock_check_halal_compliance' is not defined
2025-04-14 12:30:28,329 - Quantum Trading Bot - INFO - Processing MSFT
2025-04-14 12:30:28,330 - Quantum Trading Bot - ERROR - Error processing MSFT: name 'mock_check_halal_compliance' is not defined
2025-04-14 12:30:28,330 - Quantum Trading Bot - INFO - Processing NVDA
2025-04-14 12:30:28,330 - Quantum Trading Bot - ERROR - Error processing NVDA: name 'mock_check_halal_compliance' is not defined
2025-04-14 12:30:28,368 - Quantum Trading Bot - INFO - Performance metrics saved: 40/72 winning trades
2025-04-14 12:30:28,369 - Quantum Trading Bot - INFO - Sleeping for 60 seconds
2025-04-14 12:31:24,855 - Trading System - INFO - Trading Bot is alive: True
2025-04-14 12:31:24,857 - Trading System - INFO - Monitor Bot is alive: True
2025-04-14 12:31:24,857 - Trading System - INFO - Improvement Bot is alive: True
2025-04-14 12:31:28,374 - Quantum Trading Bot - INFO - Starting trading cycle
2025-04-14 12:31:28,375 - Quantum Trading Bot - INFO - Processing AAPL
2025-04-14 12:31:28,375 - Quantum Trading Bot - ERROR - Error processing AAPL: name 'mock_check_halal_compliance' is not defined
2025-04-14 12:31:28,375 - Quantum Trading Bot - INFO - Processing MSFT
2025-04-14 12:31:28,375 - Quantum Trading Bot - ERROR - Error processing MSFT: name 'mock_check_halal_compliance' is not defined
2025-04-14 12:31:28,375 - Quantum Trading Bot - INFO - Processing NVDA
2025-04-14 12:31:28,376 - Quantum Trading Bot - ERROR - Error processing NVDA: name 'mock_check_halal_compliance' is not defined
2025-04-14 12:31:28,407 - Quantum Trading Bot - INFO - Performance metrics saved: 40/72 winning trades
2025-04-14 12:31:28,407 - Quantum Trading Bot - INFO - Sleeping for 60 seconds
2025-04-14 12:32:24,863 - Trading System - INFO - Trading Bot is alive: True
2025-04-14 12:32:24,866 - Trading System - INFO - Monitor Bot is alive: True
2025-04-14 12:32:24,866 - Trading System - INFO - Improvement Bot is alive: True
2025-04-14 12:32:28,413 - Quantum Trading Bot - INFO - Starting trading cycle
2025-04-14 12:32:28,413 - Quantum Trading Bot - INFO - Processing AAPL
2025-04-14 12:32:28,414 - Quantum Trading Bot - ERROR - Error processing AAPL: name 'mock_check_halal_compliance' is not defined
2025-04-14 12:32:28,414 - Quantum Trading Bot - INFO - Processing MSFT
2025-04-14 12:32:28,414 - Quantum Trading Bot - ERROR - Error processing MSFT: name 'mock_check_halal_compliance' is not defined
2025-04-14 12:32:28,414 - Quantum Trading Bot - INFO - Processing NVDA
2025-04-14 12:32:28,414 - Quantum Trading Bot - ERROR - Error processing NVDA: name 'mock_check_halal_compliance' is not defined
2025-04-14 12:32:28,450 - Quantum Trading Bot - INFO - Performance metrics saved: 40/72 winning trades
2025-04-14 12:32:28,450 - Quantum Trading Bot - INFO - Sleeping for 60 seconds
2025-04-14 12:33:24,872 - Trading System - INFO - Trading Bot is alive: True
2025-04-14 12:33:24,875 - Trading System - INFO - Monitor Bot is alive: True
2025-04-14 12:33:24,875 - Trading System - INFO - Improvement Bot is alive: True
2025-04-14 12:33:28,456 - Quantum Trading Bot - INFO - Starting trading cycle
2025-04-14 12:33:28,456 - Quantum Trading Bot - INFO - Processing AAPL
2025-04-14 12:33:28,457 - Quantum Trading Bot - ERROR - Error processing AAPL: name 'mock_check_halal_compliance' is not defined
2025-04-14 12:33:28,457 - Quantum Trading Bot - INFO - Processing MSFT
2025-04-14 12:33:28,457 - Quantum Trading Bot - ERROR - Error processing MSFT: name 'mock_check_halal_compliance' is not defined
2025-04-14 12:33:28,457 - Quantum Trading Bot - INFO - Processing NVDA
2025-04-14 12:33:28,457 - Quantum Trading Bot - ERROR - Error processing NVDA: name 'mock_check_halal_compliance' is not defined
2025-04-14 12:33:28,491 - Quantum Trading Bot - INFO - Performance metrics saved: 40/72 winning trades
2025-04-14 12:33:28,492 - Quantum Trading Bot - INFO - Not enough quantum predictions to update model
2025-04-14 12:33:28,492 - Quantum Trading Bot - INFO - Sleeping for 60 seconds
2025-04-14 12:34:24,881 - Trading System - INFO - Trading Bot is alive: True
2025-04-14 12:34:24,883 - Trading System - INFO - Monitor Bot is alive: True
2025-04-14 12:34:24,884 - Trading System - INFO - Improvement Bot is alive: True
2025-04-14 12:34:28,497 - Quantum Trading Bot - INFO - Starting trading cycle
2025-04-14 12:34:28,497 - Quantum Trading Bot - INFO - Processing AAPL
2025-04-14 12:34:28,498 - Quantum Trading Bot - ERROR - Error processing AAPL: name 'mock_check_halal_compliance' is not defined
2025-04-14 12:34:28,498 - Quantum Trading Bot - INFO - Processing MSFT
2025-04-14 12:34:28,498 - Quantum Trading Bot - ERROR - Error processing MSFT: name 'mock_check_halal_compliance' is not defined
2025-04-14 12:34:28,498 - Quantum Trading Bot - INFO - Processing NVDA
2025-04-14 12:34:28,498 - Quantum Trading Bot - ERROR - Error processing NVDA: name 'mock_check_halal_compliance' is not defined
2025-04-14 12:34:28,534 - Quantum Trading Bot - INFO - Performance metrics saved: 40/72 winning trades
2025-04-14 12:34:28,534 - Quantum Trading Bot - INFO - Sleeping for 60 seconds
2025-04-14 12:35:24,885 - Trading System - INFO - Trading Bot is alive: True
2025-04-14 12:35:24,887 - Trading System - INFO - Monitor Bot is alive: True
2025-04-14 12:35:24,887 - Trading System - INFO - Improvement Bot is alive: True
2025-04-14 12:35:28,535 - Quantum Trading Bot - INFO - Starting trading cycle
2025-04-14 12:35:28,536 - Quantum Trading Bot - INFO - Processing AAPL
2025-04-14 12:35:28,536 - Quantum Trading Bot - ERROR - Error processing AAPL: name 'mock_check_halal_compliance' is not defined
2025-04-14 12:35:28,536 - Quantum Trading Bot - INFO - Processing MSFT
2025-04-14 12:35:28,536 - Quantum Trading Bot - ERROR - Error processing MSFT: name 'mock_check_halal_compliance' is not defined
2025-04-14 12:35:28,536 - Quantum Trading Bot - INFO - Processing NVDA
2025-04-14 12:35:28,536 - Quantum Trading Bot - ERROR - Error processing NVDA: name 'mock_check_halal_compliance' is not defined
2025-04-14 12:35:28,570 - Quantum Trading Bot - INFO - Performance metrics saved: 40/72 winning trades
2025-04-14 12:35:28,570 - Quantum Trading Bot - INFO - Sleeping for 60 seconds
2025-04-14 12:36:24,891 - Trading System - INFO - Trading Bot is alive: True
2025-04-14 12:36:24,893 - Trading System - INFO - Monitor Bot is alive: True
2025-04-14 12:36:24,893 - Trading System - INFO - Improvement Bot is alive: True
2025-04-14 12:36:25,137 - Monitor Bot - INFO - Running scheduled task: Performance Metrics
2025-04-14 12:36:25,149 - Monitor Bot - INFO - === Performance Metrics ===
2025-04-14 12:36:25,149 - Monitor Bot - INFO - Date: 2025-04-14T12:35:28.537112
2025-04-14 12:36:25,149 - Monitor Bot - INFO - Total Trades: 72
2025-04-14 12:36:25,149 - Monitor Bot - INFO - Win Rate: 55.56%
2025-04-14 12:36:25,149 - Monitor Bot - INFO - Total Profit: $18.27
2025-04-14 12:36:25,149 - Monitor Bot - INFO - Average Profit per Trade: $0.25
2025-04-14 12:36:25,149 - Monitor Bot - INFO - Average Profit Percentage: 0.09%
2025-04-14 12:36:25,149 - Monitor Bot - INFO - Maximum Drawdown: 0.10%
2025-04-14 12:36:25,149 - Monitor Bot - INFO - ============================
2025-04-14 12:36:25,163 - Monitor Bot - INFO - Task Performance Metrics completed successfully
2025-04-14 12:36:28,575 - Quantum Trading Bot - INFO - Starting trading cycle
2025-04-14 12:36:28,576 - Quantum Trading Bot - INFO - Processing AAPL
2025-04-14 12:36:28,576 - Quantum Trading Bot - ERROR - Error processing AAPL: name 'mock_check_halal_compliance' is not defined
2025-04-14 12:36:28,576 - Quantum Trading Bot - INFO - Processing MSFT
2025-04-14 12:36:28,576 - Quantum Trading Bot - ERROR - Error processing MSFT: name 'mock_check_halal_compliance' is not defined
2025-04-14 12:36:28,576 - Quantum Trading Bot - INFO - Processing NVDA
2025-04-14 12:36:28,576 - Quantum Trading Bot - ERROR - Error processing NVDA: name 'mock_check_halal_compliance' is not defined
2025-04-14 12:36:28,612 - Quantum Trading Bot - INFO - Performance metrics saved: 40/72 winning trades
2025-04-14 12:36:28,613 - Quantum Trading Bot - INFO - Sleeping for 60 seconds
2025-04-14 12:37:24,897 - Trading System - INFO - Trading Bot is alive: True
2025-04-14 12:37:24,900 - Trading System - INFO - Monitor Bot is alive: True
2025-04-14 12:37:24,901 - Trading System - INFO - Improvement Bot is alive: True
2025-04-14 12:37:28,618 - Quantum Trading Bot - INFO - Starting trading cycle
2025-04-14 12:37:28,618 - Quantum Trading Bot - INFO - Processing AAPL
2025-04-14 12:37:28,619 - Quantum Trading Bot - ERROR - Error processing AAPL: name 'mock_check_halal_compliance' is not defined
2025-04-14 12:37:28,619 - Quantum Trading Bot - INFO - Processing MSFT
2025-04-14 12:37:28,619 - Quantum Trading Bot - ERROR - Error processing MSFT: name 'mock_check_halal_compliance' is not defined
2025-04-14 12:37:28,619 - Quantum Trading Bot - INFO - Processing NVDA
2025-04-14 12:37:28,619 - Quantum Trading Bot - ERROR - Error processing NVDA: name 'mock_check_halal_compliance' is not defined
2025-04-14 12:37:28,646 - Quantum Trading Bot - INFO - Performance metrics saved: 40/72 winning trades
2025-04-14 12:37:28,647 - Quantum Trading Bot - INFO - Sleeping for 60 seconds
2025-04-14 12:38:24,907 - Trading System - INFO - Trading Bot is alive: True
2025-04-14 12:38:24,909 - Trading System - INFO - Monitor Bot is alive: True
2025-04-14 12:38:24,909 - Trading System - INFO - Improvement Bot is alive: True
2025-04-14 12:38:28,652 - Quantum Trading Bot - INFO - Starting trading cycle
2025-04-14 12:38:28,653 - Quantum Trading Bot - INFO - Processing AAPL
2025-04-14 12:38:28,653 - Quantum Trading Bot - ERROR - Error processing AAPL: name 'mock_check_halal_compliance' is not defined
2025-04-14 12:38:28,653 - Quantum Trading Bot - INFO - Processing MSFT
2025-04-14 12:38:28,653 - Quantum Trading Bot - ERROR - Error processing MSFT: name 'mock_check_halal_compliance' is not defined
2025-04-14 12:38:28,653 - Quantum Trading Bot - INFO - Processing NVDA
2025-04-14 12:38:28,654 - Quantum Trading Bot - ERROR - Error processing NVDA: name 'mock_check_halal_compliance' is not defined
2025-04-14 12:38:28,684 - Quantum Trading Bot - INFO - Performance metrics saved: 40/72 winning trades
2025-04-14 12:38:28,684 - Quantum Trading Bot - INFO - Sleeping for 60 seconds
2025-04-14 12:39:24,912 - Trading System - INFO - Trading Bot is alive: True
2025-04-14 12:39:24,914 - Trading System - INFO - Monitor Bot is alive: True
2025-04-14 12:39:24,914 - Trading System - INFO - Improvement Bot is alive: True
2025-04-14 12:39:28,690 - Quantum Trading Bot - INFO - Starting trading cycle
2025-04-14 12:39:28,690 - Quantum Trading Bot - INFO - Processing AAPL
2025-04-14 12:39:28,690 - Quantum Trading Bot - ERROR - Error processing AAPL: name 'mock_check_halal_compliance' is not defined
2025-04-14 12:39:28,690 - Quantum Trading Bot - INFO - Processing MSFT
2025-04-14 12:39:28,691 - Quantum Trading Bot - ERROR - Error processing MSFT: name 'mock_check_halal_compliance' is not defined
2025-04-14 12:39:28,691 - Quantum Trading Bot - INFO - Processing NVDA
2025-04-14 12:39:28,691 - Quantum Trading Bot - ERROR - Error processing NVDA: name 'mock_check_halal_compliance' is not defined
2025-04-14 12:39:28,718 - Quantum Trading Bot - INFO - Performance metrics saved: 40/72 winning trades
2025-04-14 12:39:28,719 - Quantum Trading Bot - INFO - Sleeping for 60 seconds
2025-04-14 12:40:24,918 - Trading System - INFO - Trading Bot is alive: True
2025-04-14 12:40:24,920 - Trading System - INFO - Monitor Bot is alive: True
2025-04-14 12:40:24,920 - Trading System - INFO - Improvement Bot is alive: True
2025-04-14 12:40:28,723 - Quantum Trading Bot - INFO - Starting trading cycle
2025-04-14 12:40:28,723 - Quantum Trading Bot - INFO - Processing AAPL
2025-04-14 12:40:28,724 - Quantum Trading Bot - ERROR - Error processing AAPL: name 'mock_check_halal_compliance' is not defined
2025-04-14 12:40:28,724 - Quantum Trading Bot - INFO - Processing MSFT
2025-04-14 12:40:28,724 - Quantum Trading Bot - ERROR - Error processing MSFT: name 'mock_check_halal_compliance' is not defined
2025-04-14 12:40:28,724 - Quantum Trading Bot - INFO - Processing NVDA
2025-04-14 12:40:28,724 - Quantum Trading Bot - ERROR - Error processing NVDA: name 'mock_check_halal_compliance' is not defined
2025-04-14 12:40:28,753 - Quantum Trading Bot - INFO - Performance metrics saved: 40/72 winning trades
2025-04-14 12:40:28,753 - Quantum Trading Bot - INFO - Sleeping for 60 seconds
2025-04-14 12:41:24,926 - Trading System - INFO - Trading Bot is alive: True
2025-04-14 12:41:24,928 - Trading System - INFO - Monitor Bot is alive: True
2025-04-14 12:41:24,928 - Trading System - INFO - Improvement Bot is alive: True
2025-04-14 12:41:28,759 - Quantum Trading Bot - INFO - Starting trading cycle
2025-04-14 12:41:28,759 - Quantum Trading Bot - INFO - Processing AAPL
2025-04-14 12:41:28,759 - Quantum Trading Bot - ERROR - Error processing AAPL: name 'mock_check_halal_compliance' is not defined
2025-04-14 12:41:28,759 - Quantum Trading Bot - INFO - Processing MSFT
2025-04-14 12:41:28,759 - Quantum Trading Bot - ERROR - Error processing MSFT: name 'mock_check_halal_compliance' is not defined
2025-04-14 12:41:28,759 - Quantum Trading Bot - INFO - Processing NVDA
2025-04-14 12:41:28,759 - Quantum Trading Bot - ERROR - Error processing NVDA: name 'mock_check_halal_compliance' is not defined
2025-04-14 12:41:28,774 - Quantum Trading Bot - INFO - Performance metrics saved: 40/72 winning trades
2025-04-14 12:41:28,774 - Quantum Trading Bot - INFO - Sleeping for 60 seconds
2025-04-14 12:42:24,929 - Trading System - INFO - Trading Bot is alive: True
2025-04-14 12:42:24,934 - Trading System - INFO - Monitor Bot is alive: True
2025-04-14 12:42:24,934 - Trading System - INFO - Improvement Bot is alive: True
2025-04-14 12:42:28,779 - Quantum Trading Bot - INFO - Starting trading cycle
2025-04-14 12:42:28,780 - Quantum Trading Bot - INFO - Processing AAPL
2025-04-14 12:42:28,780 - Quantum Trading Bot - ERROR - Error processing AAPL: name 'mock_check_halal_compliance' is not defined
2025-04-14 12:42:28,780 - Quantum Trading Bot - INFO - Processing MSFT
2025-04-14 12:42:28,780 - Quantum Trading Bot - ERROR - Error processing MSFT: name 'mock_check_halal_compliance' is not defined
2025-04-14 12:42:28,780 - Quantum Trading Bot - INFO - Processing NVDA
2025-04-14 12:42:28,780 - Quantum Trading Bot - ERROR - Error processing NVDA: name 'mock_check_halal_compliance' is not defined
2025-04-14 12:42:28,821 - Quantum Trading Bot - INFO - Performance metrics saved: 40/72 winning trades
2025-04-14 12:42:28,821 - Quantum Trading Bot - INFO - Sleeping for 60 seconds
2025-04-14 12:43:24,938 - Trading System - INFO - Trading Bot is alive: True
2025-04-14 12:43:24,940 - Trading System - INFO - Monitor Bot is alive: True
2025-04-14 12:43:24,940 - Trading System - INFO - Improvement Bot is alive: True
2025-04-14 12:43:28,827 - Quantum Trading Bot - INFO - Starting trading cycle
2025-04-14 12:43:28,827 - Quantum Trading Bot - INFO - Processing AAPL
2025-04-14 12:43:28,827 - Quantum Trading Bot - ERROR - Error processing AAPL: name 'mock_check_halal_compliance' is not defined
2025-04-14 12:43:28,827 - Quantum Trading Bot - INFO - Processing MSFT
2025-04-14 12:43:28,827 - Quantum Trading Bot - ERROR - Error processing MSFT: name 'mock_check_halal_compliance' is not defined
2025-04-14 12:43:28,827 - Quantum Trading Bot - INFO - Processing NVDA
2025-04-14 12:43:28,828 - Quantum Trading Bot - ERROR - Error processing NVDA: name 'mock_check_halal_compliance' is not defined
2025-04-14 12:43:28,851 - Quantum Trading Bot - INFO - Performance metrics saved: 40/72 winning trades
2025-04-14 12:43:28,851 - Quantum Trading Bot - INFO - Not enough quantum predictions to update model
2025-04-14 12:43:28,873 - Quantum Trading Bot - INFO - Quantum device error rate: 0.0414
2025-04-14 12:43:28,875 - Quantum Trading Bot - INFO - Quantum portfolio optimization complete: {'AAPL': np.float64(0.3508417508417509), 'MSFT': np.float64(0.31313131313131315), 'NVDA': np.float64(0.33602693602693606)}
2025-04-14 12:43:28,875 - Quantum Trading Bot - INFO - Optimal portfolio weights: {'AAPL': np.float64(0.3508417508417509), 'MSFT': np.float64(0.31313131313131315), 'NVDA': np.float64(0.33602693602693606)}
2025-04-14 12:43:28,876 - Quantum Trading Bot - INFO - Sleeping for 60 seconds
2025-04-14 12:44:24,122 - Improvement Bot - INFO - Running scheduled task: System Health Analysis
2025-04-14 12:44:24,132 - Improvement Bot - INFO - Win rate trend: +0.00%
2025-04-14 12:44:24,132 - Improvement Bot - INFO - Profit trend: +0.00%
2025-04-14 12:44:24,133 - Improvement Bot - INFO - System health analysis completed: healthy
2025-04-14 12:44:24,133 - Improvement Bot - INFO - Task System Health Analysis completed successfully
2025-04-14 12:44:24,944 - Trading System - INFO - Trading Bot is alive: True
2025-04-14 12:44:24,945 - Trading System - INFO - Monitor Bot is alive: True
2025-04-14 12:44:24,945 - Trading System - INFO - Improvement Bot is alive: True
2025-04-14 12:44:28,881 - Quantum Trading Bot - INFO - Starting trading cycle
2025-04-14 12:44:28,882 - Quantum Trading Bot - INFO - Processing AAPL
2025-04-14 12:44:28,882 - Quantum Trading Bot - ERROR - Error processing AAPL: name 'mock_check_halal_compliance' is not defined
2025-04-14 12:44:28,882 - Quantum Trading Bot - INFO - Processing MSFT
2025-04-14 12:44:28,882 - Quantum Trading Bot - ERROR - Error processing MSFT: name 'mock_check_halal_compliance' is not defined
2025-04-14 12:44:28,882 - Quantum Trading Bot - INFO - Processing NVDA
2025-04-14 12:44:28,882 - Quantum Trading Bot - ERROR - Error processing NVDA: name 'mock_check_halal_compliance' is not defined
2025-04-14 12:44:28,909 - Quantum Trading Bot - INFO - Performance metrics saved: 40/72 winning trades
2025-04-14 12:44:28,910 - Quantum Trading Bot - INFO - Sleeping for 60 seconds
2025-04-14 12:45:24,949 - Trading System - INFO - Trading Bot is alive: True
2025-04-14 12:45:24,950 - Trading System - INFO - Monitor Bot is alive: True
2025-04-14 12:45:24,950 - Trading System - INFO - Improvement Bot is alive: True
2025-04-14 12:45:28,915 - Quantum Trading Bot - INFO - Starting trading cycle
2025-04-14 12:45:28,915 - Quantum Trading Bot - INFO - Processing AAPL
2025-04-14 12:45:28,916 - Quantum Trading Bot - ERROR - Error processing AAPL: name 'mock_check_halal_compliance' is not defined
2025-04-14 12:45:28,916 - Quantum Trading Bot - INFO - Processing MSFT
2025-04-14 12:45:28,916 - Quantum Trading Bot - ERROR - Error processing MSFT: name 'mock_check_halal_compliance' is not defined
2025-04-14 12:45:28,916 - Quantum Trading Bot - INFO - Processing NVDA
2025-04-14 12:45:28,916 - Quantum Trading Bot - ERROR - Error processing NVDA: name 'mock_check_halal_compliance' is not defined
2025-04-14 12:45:28,945 - Quantum Trading Bot - INFO - Performance metrics saved: 40/72 winning trades
2025-04-14 12:45:28,946 - Quantum Trading Bot - INFO - Sleeping for 60 seconds
2025-04-14 12:46:24,954 - Trading System - INFO - Trading Bot is alive: True
2025-04-14 12:46:24,956 - Trading System - INFO - Monitor Bot is alive: True
2025-04-14 12:46:24,956 - Trading System - INFO - Improvement Bot is alive: True
2025-04-14 12:46:28,951 - Quantum Trading Bot - INFO - Starting trading cycle
2025-04-14 12:46:28,951 - Quantum Trading Bot - INFO - Processing AAPL
2025-04-14 12:46:28,951 - Quantum Trading Bot - ERROR - Error processing AAPL: name 'mock_check_halal_compliance' is not defined
2025-04-14 12:46:28,951 - Quantum Trading Bot - INFO - Processing MSFT
2025-04-14 12:46:28,951 - Quantum Trading Bot - ERROR - Error processing MSFT: name 'mock_check_halal_compliance' is not defined
2025-04-14 12:46:28,951 - Quantum Trading Bot - INFO - Processing NVDA
2025-04-14 12:46:28,951 - Quantum Trading Bot - ERROR - Error processing NVDA: name 'mock_check_halal_compliance' is not defined
2025-04-14 12:46:28,969 - Quantum Trading Bot - INFO - Performance metrics saved: 40/72 winning trades
2025-04-14 12:46:28,969 - Quantum Trading Bot - INFO - Sleeping for 60 seconds
2025-04-14 12:47:24,960 - Trading System - INFO - Trading Bot is alive: True
2025-04-14 12:47:24,963 - Trading System - INFO - Monitor Bot is alive: True
2025-04-14 12:47:24,964 - Trading System - INFO - Improvement Bot is alive: True
2025-04-14 12:47:28,969 - Quantum Trading Bot - INFO - Starting trading cycle
2025-04-14 12:47:28,970 - Quantum Trading Bot - INFO - Processing AAPL
2025-04-14 12:47:28,970 - Quantum Trading Bot - ERROR - Error processing AAPL: name 'mock_check_halal_compliance' is not defined
2025-04-14 12:47:28,970 - Quantum Trading Bot - INFO - Processing MSFT
2025-04-14 12:47:28,970 - Quantum Trading Bot - ERROR - Error processing MSFT: name 'mock_check_halal_compliance' is not defined
2025-04-14 12:47:28,970 - Quantum Trading Bot - INFO - Processing NVDA
2025-04-14 12:47:28,970 - Quantum Trading Bot - ERROR - Error processing NVDA: name 'mock_check_halal_compliance' is not defined
2025-04-14 12:47:28,989 - Quantum Trading Bot - INFO - Performance metrics saved: 40/72 winning trades
2025-04-14 12:47:28,990 - Quantum Trading Bot - INFO - Sleeping for 60 seconds
2025-04-14 12:48:24,969 - Trading System - INFO - Trading Bot is alive: True
2025-04-14 12:48:24,972 - Trading System - INFO - Monitor Bot is alive: True
2025-04-14 12:48:24,972 - Trading System - INFO - Improvement Bot is alive: True
2025-04-14 12:48:28,992 - Quantum Trading Bot - INFO - Starting trading cycle
2025-04-14 12:48:28,992 - Quantum Trading Bot - INFO - Processing AAPL
2025-04-14 12:48:28,992 - Quantum Trading Bot - ERROR - Error processing AAPL: name 'mock_check_halal_compliance' is not defined
2025-04-14 12:48:28,993 - Quantum Trading Bot - INFO - Processing MSFT
2025-04-14 12:48:28,993 - Quantum Trading Bot - ERROR - Error processing MSFT: name 'mock_check_halal_compliance' is not defined
2025-04-14 12:48:28,993 - Quantum Trading Bot - INFO - Processing NVDA
2025-04-14 12:48:28,993 - Quantum Trading Bot - ERROR - Error processing NVDA: name 'mock_check_halal_compliance' is not defined
2025-04-14 12:48:29,013 - Quantum Trading Bot - INFO - Performance metrics saved: 40/72 winning trades
2025-04-14 12:48:29,013 - Quantum Trading Bot - INFO - Sleeping for 60 seconds
2025-04-14 12:49:24,974 - Trading System - INFO - Trading Bot is alive: True
2025-04-14 12:49:24,978 - Trading System - INFO - Monitor Bot is alive: True
2025-04-14 12:49:24,978 - Trading System - INFO - Improvement Bot is alive: True
2025-04-14 12:49:29,019 - Quantum Trading Bot - INFO - Starting trading cycle
2025-04-14 12:49:29,020 - Quantum Trading Bot - INFO - Processing AAPL
2025-04-14 12:49:29,021 - Quantum Trading Bot - ERROR - Error processing AAPL: name 'mock_check_halal_compliance' is not defined
2025-04-14 12:49:29,021 - Quantum Trading Bot - INFO - Processing MSFT
2025-04-14 12:49:29,021 - Quantum Trading Bot - ERROR - Error processing MSFT: name 'mock_check_halal_compliance' is not defined
2025-04-14 12:49:29,021 - Quantum Trading Bot - INFO - Processing NVDA
2025-04-14 12:49:29,021 - Quantum Trading Bot - ERROR - Error processing NVDA: name 'mock_check_halal_compliance' is not defined
2025-04-14 12:49:29,058 - Quantum Trading Bot - INFO - Performance metrics saved: 40/72 winning trades
2025-04-14 12:49:29,059 - Quantum Trading Bot - INFO - Sleeping for 60 seconds
2025-04-14 12:50:24,982 - Trading System - INFO - Trading Bot is alive: True
2025-04-14 12:50:24,984 - Trading System - INFO - Monitor Bot is alive: True
2025-04-14 12:50:24,984 - Trading System - INFO - Improvement Bot is alive: True
2025-04-14 12:50:29,064 - Quantum Trading Bot - INFO - Starting trading cycle
2025-04-14 12:50:29,065 - Quantum Trading Bot - INFO - Processing AAPL
2025-04-14 12:50:29,066 - Quantum Trading Bot - ERROR - Error processing AAPL: name 'mock_check_halal_compliance' is not defined
2025-04-14 12:50:29,066 - Quantum Trading Bot - INFO - Processing MSFT
2025-04-14 12:50:29,066 - Quantum Trading Bot - ERROR - Error processing MSFT: name 'mock_check_halal_compliance' is not defined
2025-04-14 12:50:29,066 - Quantum Trading Bot - INFO - Processing NVDA
2025-04-14 12:50:29,066 - Quantum Trading Bot - ERROR - Error processing NVDA: name 'mock_check_halal_compliance' is not defined
2025-04-14 12:50:29,097 - Quantum Trading Bot - INFO - Performance metrics saved: 40/72 winning trades
2025-04-14 12:50:29,097 - Quantum Trading Bot - INFO - Sleeping for 60 seconds
2025-04-14 12:51:24,988 - Trading System - INFO - Trading Bot is alive: True
2025-04-14 12:51:24,990 - Trading System - INFO - Monitor Bot is alive: True
2025-04-14 12:51:24,991 - Trading System - INFO - Improvement Bot is alive: True
2025-04-14 12:51:29,102 - Quantum Trading Bot - INFO - Starting trading cycle
2025-04-14 12:51:29,103 - Quantum Trading Bot - INFO - Processing AAPL
2025-04-14 12:51:29,103 - Quantum Trading Bot - ERROR - Error processing AAPL: name 'mock_check_halal_compliance' is not defined
2025-04-14 12:51:29,103 - Quantum Trading Bot - INFO - Processing MSFT
2025-04-14 12:51:29,103 - Quantum Trading Bot - ERROR - Error processing MSFT: name 'mock_check_halal_compliance' is not defined
2025-04-14 12:51:29,103 - Quantum Trading Bot - INFO - Processing NVDA
2025-04-14 12:51:29,103 - Quantum Trading Bot - ERROR - Error processing NVDA: name 'mock_check_halal_compliance' is not defined
2025-04-14 12:51:29,142 - Quantum Trading Bot - INFO - Performance metrics saved: 40/72 winning trades
2025-04-14 12:51:29,142 - Quantum Trading Bot - INFO - Sleeping for 60 seconds
2025-04-14 12:52:24,995 - Trading System - INFO - Trading Bot is alive: True
2025-04-14 12:52:24,998 - Trading System - INFO - Monitor Bot is alive: True
2025-04-14 12:52:24,998 - Trading System - INFO - Improvement Bot is alive: True
2025-04-14 12:52:29,148 - Quantum Trading Bot - INFO - Starting trading cycle
2025-04-14 12:52:29,148 - Quantum Trading Bot - INFO - Processing AAPL
2025-04-14 12:52:29,148 - Quantum Trading Bot - ERROR - Error processing AAPL: name 'mock_check_halal_compliance' is not defined
2025-04-14 12:52:29,149 - Quantum Trading Bot - INFO - Processing MSFT
2025-04-14 12:52:29,149 - Quantum Trading Bot - ERROR - Error processing MSFT: name 'mock_check_halal_compliance' is not defined
2025-04-14 12:52:29,149 - Quantum Trading Bot - INFO - Processing NVDA
2025-04-14 12:52:29,149 - Quantum Trading Bot - ERROR - Error processing NVDA: name 'mock_check_halal_compliance' is not defined
2025-04-14 12:52:29,186 - Quantum Trading Bot - INFO - Performance metrics saved: 40/72 winning trades
2025-04-14 12:52:29,186 - Quantum Trading Bot - INFO - Sleeping for 60 seconds
2025-04-14 12:53:25,004 - Trading System - INFO - Trading Bot is alive: True
2025-04-14 12:53:25,007 - Trading System - INFO - Monitor Bot is alive: True
2025-04-14 12:53:25,007 - Trading System - INFO - Improvement Bot is alive: True
2025-04-14 12:53:29,192 - Quantum Trading Bot - INFO - Starting trading cycle
2025-04-14 12:53:29,192 - Quantum Trading Bot - INFO - Processing AAPL
2025-04-14 12:53:29,193 - Quantum Trading Bot - ERROR - Error processing AAPL: name 'mock_check_halal_compliance' is not defined
2025-04-14 12:53:29,193 - Quantum Trading Bot - INFO - Processing MSFT
2025-04-14 12:53:29,193 - Quantum Trading Bot - ERROR - Error processing MSFT: name 'mock_check_halal_compliance' is not defined
2025-04-14 12:53:29,193 - Quantum Trading Bot - INFO - Processing NVDA
2025-04-14 12:53:29,193 - Quantum Trading Bot - ERROR - Error processing NVDA: name 'mock_check_halal_compliance' is not defined
2025-04-14 12:53:29,232 - Quantum Trading Bot - INFO - Performance metrics saved: 40/72 winning trades
2025-04-14 12:53:29,233 - Quantum Trading Bot - INFO - Not enough quantum predictions to update model
2025-04-14 12:53:29,233 - Quantum Trading Bot - INFO - Sleeping for 60 seconds
2025-04-14 12:54:25,014 - Trading System - INFO - Trading Bot is alive: True
2025-04-14 12:54:25,016 - Trading System - INFO - Monitor Bot is alive: True
2025-04-14 12:54:25,016 - Trading System - INFO - Improvement Bot is alive: True
2025-04-14 12:54:29,238 - Quantum Trading Bot - INFO - Starting trading cycle
2025-04-14 12:54:29,239 - Quantum Trading Bot - INFO - Processing AAPL
2025-04-14 12:54:29,239 - Quantum Trading Bot - ERROR - Error processing AAPL: name 'mock_check_halal_compliance' is not defined
2025-04-14 12:54:29,239 - Quantum Trading Bot - INFO - Processing MSFT
2025-04-14 12:54:29,239 - Quantum Trading Bot - ERROR - Error processing MSFT: name 'mock_check_halal_compliance' is not defined
2025-04-14 12:54:29,239 - Quantum Trading Bot - INFO - Processing NVDA
2025-04-14 12:54:29,240 - Quantum Trading Bot - ERROR - Error processing NVDA: name 'mock_check_halal_compliance' is not defined
2025-04-14 12:54:29,269 - Quantum Trading Bot - INFO - Performance metrics saved: 40/72 winning trades
2025-04-14 12:54:29,269 - Quantum Trading Bot - INFO - Sleeping for 60 seconds
2025-04-14 12:55:25,019 - Trading System - INFO - Trading Bot is alive: True
2025-04-14 12:55:25,021 - Trading System - INFO - Monitor Bot is alive: True
2025-04-14 12:55:25,021 - Trading System - INFO - Improvement Bot is alive: True
2025-04-14 12:55:29,275 - Quantum Trading Bot - INFO - Starting trading cycle
2025-04-14 12:55:29,275 - Quantum Trading Bot - INFO - Processing AAPL
2025-04-14 12:55:29,276 - Quantum Trading Bot - ERROR - Error processing AAPL: name 'mock_check_halal_compliance' is not defined
2025-04-14 12:55:29,276 - Quantum Trading Bot - INFO - Processing MSFT
2025-04-14 12:55:29,276 - Quantum Trading Bot - ERROR - Error processing MSFT: name 'mock_check_halal_compliance' is not defined
2025-04-14 12:55:29,276 - Quantum Trading Bot - INFO - Processing NVDA
2025-04-14 12:55:29,276 - Quantum Trading Bot - ERROR - Error processing NVDA: name 'mock_check_halal_compliance' is not defined
2025-04-14 12:55:29,301 - Quantum Trading Bot - INFO - Performance metrics saved: 40/72 winning trades
2025-04-14 12:55:29,301 - Quantum Trading Bot - INFO - Sleeping for 60 seconds
2025-04-14 12:56:25,027 - Trading System - INFO - Trading Bot is alive: True
2025-04-14 12:56:25,029 - Trading System - INFO - Monitor Bot is alive: True
2025-04-14 12:56:25,029 - Trading System - INFO - Improvement Bot is alive: True
2025-04-14 12:56:29,307 - Quantum Trading Bot - INFO - Starting trading cycle
2025-04-14 12:56:29,307 - Quantum Trading Bot - INFO - Processing AAPL
2025-04-14 12:56:29,308 - Quantum Trading Bot - ERROR - Error processing AAPL: name 'mock_check_halal_compliance' is not defined
2025-04-14 12:56:29,308 - Quantum Trading Bot - INFO - Processing MSFT
2025-04-14 12:56:29,309 - Quantum Trading Bot - ERROR - Error processing MSFT: name 'mock_check_halal_compliance' is not defined
2025-04-14 12:56:29,309 - Quantum Trading Bot - INFO - Processing NVDA
2025-04-14 12:56:29,309 - Quantum Trading Bot - ERROR - Error processing NVDA: name 'mock_check_halal_compliance' is not defined
2025-04-14 12:56:29,342 - Quantum Trading Bot - INFO - Performance metrics saved: 40/72 winning trades
2025-04-14 12:56:29,342 - Quantum Trading Bot - INFO - Sleeping for 60 seconds
2025-04-14 12:57:25,032 - Trading System - INFO - Trading Bot is alive: True
2025-04-14 12:57:25,033 - Trading System - INFO - Monitor Bot is alive: True
2025-04-14 12:57:25,033 - Trading System - INFO - Improvement Bot is alive: True
2025-04-14 12:57:29,347 - Quantum Trading Bot - INFO - Starting trading cycle
2025-04-14 12:57:29,348 - Quantum Trading Bot - INFO - Processing AAPL
2025-04-14 12:57:29,348 - Quantum Trading Bot - ERROR - Error processing AAPL: name 'mock_check_halal_compliance' is not defined
2025-04-14 12:57:29,348 - Quantum Trading Bot - INFO - Processing MSFT
2025-04-14 12:57:29,348 - Quantum Trading Bot - ERROR - Error processing MSFT: name 'mock_check_halal_compliance' is not defined
2025-04-14 12:57:29,348 - Quantum Trading Bot - INFO - Processing NVDA
2025-04-14 12:57:29,348 - Quantum Trading Bot - ERROR - Error processing NVDA: name 'mock_check_halal_compliance' is not defined
2025-04-14 12:57:29,377 - Quantum Trading Bot - INFO - Performance metrics saved: 40/72 winning trades
2025-04-14 12:57:29,377 - Quantum Trading Bot - INFO - Sleeping for 60 seconds
2025-04-14 12:58:25,039 - Trading System - INFO - Trading Bot is alive: True
2025-04-14 12:58:25,041 - Trading System - INFO - Monitor Bot is alive: True
2025-04-14 12:58:25,042 - Trading System - INFO - Improvement Bot is alive: True
2025-04-14 12:58:29,383 - Quantum Trading Bot - INFO - Starting trading cycle
2025-04-14 12:58:29,383 - Quantum Trading Bot - INFO - Processing AAPL
2025-04-14 12:58:29,384 - Quantum Trading Bot - ERROR - Error processing AAPL: name 'mock_check_halal_compliance' is not defined
2025-04-14 12:58:29,384 - Quantum Trading Bot - INFO - Processing MSFT
2025-04-14 12:58:29,384 - Quantum Trading Bot - ERROR - Error processing MSFT: name 'mock_check_halal_compliance' is not defined
2025-04-14 12:58:29,384 - Quantum Trading Bot - INFO - Processing NVDA
2025-04-14 12:58:29,384 - Quantum Trading Bot - ERROR - Error processing NVDA: name 'mock_check_halal_compliance' is not defined
2025-04-14 12:58:29,416 - Quantum Trading Bot - INFO - Performance metrics saved: 40/72 winning trades
2025-04-14 12:58:29,416 - Quantum Trading Bot - INFO - Sleeping for 60 seconds
2025-04-14 12:59:25,009 - Trading System - INFO - Trading Bot is alive: True
2025-04-14 12:59:25,012 - Trading System - INFO - Monitor Bot is alive: True
2025-04-14 12:59:25,012 - Trading System - INFO - Improvement Bot is alive: True
2025-04-14 12:59:29,382 - Quantum Trading Bot - INFO - Starting trading cycle
2025-04-14 12:59:29,383 - Quantum Trading Bot - INFO - Processing AAPL
2025-04-14 12:59:29,383 - Quantum Trading Bot - ERROR - Error processing AAPL: name 'mock_check_halal_compliance' is not defined
2025-04-14 12:59:29,384 - Quantum Trading Bot - INFO - Processing MSFT
2025-04-14 12:59:29,384 - Quantum Trading Bot - ERROR - Error processing MSFT: name 'mock_check_halal_compliance' is not defined
2025-04-14 12:59:29,384 - Quantum Trading Bot - INFO - Processing NVDA
2025-04-14 12:59:29,384 - Quantum Trading Bot - ERROR - Error processing NVDA: name 'mock_check_halal_compliance' is not defined
2025-04-14 12:59:29,420 - Quantum Trading Bot - INFO - Performance metrics saved: 40/72 winning trades
2025-04-14 12:59:29,420 - Quantum Trading Bot - INFO - Sleeping for 60 seconds
2025-04-14 13:00:25,014 - Trading System - INFO - Trading Bot is alive: True
2025-04-14 13:00:25,017 - Trading System - INFO - Monitor Bot is alive: True
2025-04-14 13:00:25,017 - Trading System - INFO - Improvement Bot is alive: True
2025-04-14 13:00:29,423 - Quantum Trading Bot - INFO - Starting trading cycle
2025-04-14 13:00:29,424 - Quantum Trading Bot - INFO - Processing AAPL
2025-04-14 13:00:29,424 - Quantum Trading Bot - ERROR - Error processing AAPL: name 'mock_check_halal_compliance' is not defined
2025-04-14 13:00:29,425 - Quantum Trading Bot - INFO - Processing MSFT
2025-04-14 13:00:29,425 - Quantum Trading Bot - ERROR - Error processing MSFT: name 'mock_check_halal_compliance' is not defined
2025-04-14 13:00:29,425 - Quantum Trading Bot - INFO - Processing NVDA
2025-04-14 13:00:29,425 - Quantum Trading Bot - ERROR - Error processing NVDA: name 'mock_check_halal_compliance' is not defined
2025-04-14 13:00:29,464 - Quantum Trading Bot - INFO - Performance metrics saved: 40/72 winning trades
2025-04-14 13:00:29,464 - Quantum Trading Bot - INFO - Sleeping for 60 seconds
2025-04-14 13:01:25,022 - Trading System - INFO - Trading Bot is alive: True
2025-04-14 13:01:25,024 - Trading System - INFO - Monitor Bot is alive: True
2025-04-14 13:01:25,025 - Trading System - INFO - Improvement Bot is alive: True
2025-04-14 13:01:29,466 - Quantum Trading Bot - INFO - Starting trading cycle
2025-04-14 13:01:29,466 - Quantum Trading Bot - INFO - Processing AAPL
2025-04-14 13:01:29,466 - Quantum Trading Bot - ERROR - Error processing AAPL: name 'mock_check_halal_compliance' is not defined
2025-04-14 13:01:29,466 - Quantum Trading Bot - INFO - Processing MSFT
2025-04-14 13:01:29,466 - Quantum Trading Bot - ERROR - Error processing MSFT: name 'mock_check_halal_compliance' is not defined
2025-04-14 13:01:29,466 - Quantum Trading Bot - INFO - Processing NVDA
2025-04-14 13:01:29,466 - Quantum Trading Bot - ERROR - Error processing NVDA: name 'mock_check_halal_compliance' is not defined
2025-04-14 13:01:29,500 - Quantum Trading Bot - INFO - Performance metrics saved: 40/72 winning trades
2025-04-14 13:01:29,500 - Quantum Trading Bot - INFO - Sleeping for 60 seconds
2025-04-14 13:02:25,029 - Trading System - INFO - Trading Bot is alive: True
2025-04-14 13:02:25,031 - Trading System - INFO - Monitor Bot is alive: True
2025-04-14 13:02:25,032 - Trading System - INFO - Improvement Bot is alive: True
2025-04-14 13:02:29,500 - Quantum Trading Bot - INFO - Starting trading cycle
2025-04-14 13:02:29,501 - Quantum Trading Bot - INFO - Processing AAPL
2025-04-14 13:02:29,506 - Quantum Trading Bot - ERROR - Error processing AAPL: name 'mock_check_halal_compliance' is not defined
2025-04-14 13:02:29,507 - Quantum Trading Bot - INFO - Processing MSFT
2025-04-14 13:02:29,507 - Quantum Trading Bot - ERROR - Error processing MSFT: name 'mock_check_halal_compliance' is not defined
2025-04-14 13:02:29,507 - Quantum Trading Bot - INFO - Processing NVDA
2025-04-14 13:02:29,507 - Quantum Trading Bot - ERROR - Error processing NVDA: name 'mock_check_halal_compliance' is not defined
2025-04-14 13:02:29,525 - Quantum Trading Bot - INFO - Performance metrics saved: 40/72 winning trades
2025-04-14 13:02:29,525 - Quantum Trading Bot - INFO - Sleeping for 60 seconds
2025-04-14 13:03:25,036 - Trading System - INFO - Trading Bot is alive: True
2025-04-14 13:03:25,037 - Trading System - INFO - Monitor Bot is alive: True
2025-04-14 13:03:25,037 - Trading System - INFO - Improvement Bot is alive: True
2025-04-14 13:03:29,527 - Quantum Trading Bot - INFO - Starting trading cycle
2025-04-14 13:03:29,527 - Quantum Trading Bot - INFO - Processing AAPL
2025-04-14 13:03:29,527 - Quantum Trading Bot - ERROR - Error processing AAPL: name 'mock_check_halal_compliance' is not defined
2025-04-14 13:03:29,527 - Quantum Trading Bot - INFO - Processing MSFT
2025-04-14 13:03:29,527 - Quantum Trading Bot - ERROR - Error processing MSFT: name 'mock_check_halal_compliance' is not defined
2025-04-14 13:03:29,527 - Quantum Trading Bot - INFO - Processing NVDA
2025-04-14 13:03:29,527 - Quantum Trading Bot - ERROR - Error processing NVDA: name 'mock_check_halal_compliance' is not defined
2025-04-14 13:03:29,538 - Quantum Trading Bot - INFO - Performance metrics saved: 40/72 winning trades
2025-04-14 13:03:29,538 - Quantum Trading Bot - INFO - Not enough quantum predictions to update model
2025-04-14 13:03:29,571 - Quantum Trading Bot - INFO - Quantum device error rate: 0.0576
2025-04-14 13:03:29,575 - Quantum Trading Bot - INFO - Quantum portfolio optimization complete: {'AAPL': np.float64(0.3253652058432935), 'MSFT': np.float64(0.3346613545816733), 'NVDA': np.float64(0.33997343957503323)}
2025-04-14 13:03:29,575 - Quantum Trading Bot - INFO - Optimal portfolio weights: {'AAPL': np.float64(0.3253652058432935), 'MSFT': np.float64(0.3346613545816733), 'NVDA': np.float64(0.33997343957503323)}
2025-04-14 13:03:29,575 - Quantum Trading Bot - INFO - Sleeping for 60 seconds
2025-04-14 13:04:25,040 - Trading System - INFO - Trading Bot is alive: True
2025-04-14 13:04:25,041 - Trading System - INFO - Monitor Bot is alive: True
2025-04-14 13:04:25,041 - Trading System - INFO - Improvement Bot is alive: True
2025-04-14 13:04:29,575 - Quantum Trading Bot - INFO - Starting trading cycle
2025-04-14 13:04:29,575 - Quantum Trading Bot - INFO - Processing AAPL
2025-04-14 13:04:29,575 - Quantum Trading Bot - ERROR - Error processing AAPL: name 'mock_check_halal_compliance' is not defined
2025-04-14 13:04:29,575 - Quantum Trading Bot - INFO - Processing MSFT
2025-04-14 13:04:29,575 - Quantum Trading Bot - ERROR - Error processing MSFT: name 'mock_check_halal_compliance' is not defined
2025-04-14 13:04:29,575 - Quantum Trading Bot - INFO - Processing NVDA
2025-04-14 13:04:29,575 - Quantum Trading Bot - ERROR - Error processing NVDA: name 'mock_check_halal_compliance' is not defined
2025-04-14 13:04:29,590 - Quantum Trading Bot - INFO - Performance metrics saved: 40/72 winning trades
2025-04-14 13:04:29,590 - Quantum Trading Bot - INFO - Sleeping for 60 seconds
2025-04-14 13:05:25,045 - Trading System - INFO - Trading Bot is alive: True
2025-04-14 13:05:25,046 - Trading System - INFO - Monitor Bot is alive: True
2025-04-14 13:05:25,046 - Trading System - INFO - Improvement Bot is alive: True
2025-04-14 13:05:29,591 - Quantum Trading Bot - INFO - Starting trading cycle
2025-04-14 13:05:29,591 - Quantum Trading Bot - INFO - Processing AAPL
2025-04-14 13:05:29,591 - Quantum Trading Bot - ERROR - Error processing AAPL: name 'mock_check_halal_compliance' is not defined
2025-04-14 13:05:29,591 - Quantum Trading Bot - INFO - Processing MSFT
2025-04-14 13:05:29,591 - Quantum Trading Bot - ERROR - Error processing MSFT: name 'mock_check_halal_compliance' is not defined
2025-04-14 13:05:29,591 - Quantum Trading Bot - INFO - Processing NVDA
2025-04-14 13:05:29,591 - Quantum Trading Bot - ERROR - Error processing NVDA: name 'mock_check_halal_compliance' is not defined
2025-04-14 13:05:29,604 - Quantum Trading Bot - INFO - Performance metrics saved: 40/72 winning trades
2025-04-14 13:05:29,605 - Quantum Trading Bot - INFO - Sleeping for 60 seconds
2025-04-14 13:06:25,051 - Trading System - INFO - Trading Bot is alive: True
2025-04-14 13:06:25,053 - Trading System - INFO - Monitor Bot is alive: True
2025-04-14 13:06:25,053 - Trading System - INFO - Improvement Bot is alive: True
2025-04-14 13:06:29,609 - Quantum Trading Bot - INFO - Starting trading cycle
2025-04-14 13:06:29,609 - Quantum Trading Bot - INFO - Processing AAPL
2025-04-14 13:06:29,610 - Quantum Trading Bot - ERROR - Error processing AAPL: name 'mock_check_halal_compliance' is not defined
2025-04-14 13:06:29,610 - Quantum Trading Bot - INFO - Processing MSFT
2025-04-14 13:06:29,610 - Quantum Trading Bot - ERROR - Error processing MSFT: name 'mock_check_halal_compliance' is not defined
2025-04-14 13:06:29,610 - Quantum Trading Bot - INFO - Processing NVDA
2025-04-14 13:06:29,610 - Quantum Trading Bot - ERROR - Error processing NVDA: name 'mock_check_halal_compliance' is not defined
2025-04-14 13:06:29,630 - Quantum Trading Bot - INFO - Performance metrics saved: 40/72 winning trades
2025-04-14 13:06:29,630 - Quantum Trading Bot - INFO - Sleeping for 60 seconds
2025-04-14 13:07:25,057 - Trading System - INFO - Trading Bot is alive: True
2025-04-14 13:07:25,059 - Trading System - INFO - Monitor Bot is alive: True
2025-04-14 13:07:25,059 - Trading System - INFO - Improvement Bot is alive: True
2025-04-14 13:07:29,635 - Quantum Trading Bot - INFO - Starting trading cycle
2025-04-14 13:07:29,635 - Quantum Trading Bot - INFO - Processing AAPL
2025-04-14 13:07:29,635 - Quantum Trading Bot - ERROR - Error processing AAPL: name 'mock_check_halal_compliance' is not defined
2025-04-14 13:07:29,636 - Quantum Trading Bot - INFO - Processing MSFT
2025-04-14 13:07:29,636 - Quantum Trading Bot - ERROR - Error processing MSFT: name 'mock_check_halal_compliance' is not defined
2025-04-14 13:07:29,636 - Quantum Trading Bot - INFO - Processing NVDA
2025-04-14 13:07:29,636 - Quantum Trading Bot - ERROR - Error processing NVDA: name 'mock_check_halal_compliance' is not defined
2025-04-14 13:07:29,674 - Quantum Trading Bot - INFO - Performance metrics saved: 40/72 winning trades
2025-04-14 13:07:29,674 - Quantum Trading Bot - INFO - Sleeping for 60 seconds
2025-04-14 13:08:25,063 - Trading System - INFO - Trading Bot is alive: True
2025-04-14 13:08:25,065 - Trading System - INFO - Monitor Bot is alive: True
2025-04-14 13:08:25,065 - Trading System - INFO - Improvement Bot is alive: True
2025-04-14 13:08:29,679 - Quantum Trading Bot - INFO - Starting trading cycle
2025-04-14 13:08:29,680 - Quantum Trading Bot - INFO - Processing AAPL
2025-04-14 13:08:29,681 - Quantum Trading Bot - ERROR - Error processing AAPL: name 'mock_check_halal_compliance' is not defined
2025-04-14 13:08:29,681 - Quantum Trading Bot - INFO - Processing MSFT
2025-04-14 13:08:29,681 - Quantum Trading Bot - ERROR - Error processing MSFT: name 'mock_check_halal_compliance' is not defined
2025-04-14 13:08:29,681 - Quantum Trading Bot - INFO - Processing NVDA
2025-04-14 13:08:29,681 - Quantum Trading Bot - ERROR - Error processing NVDA: name 'mock_check_halal_compliance' is not defined
2025-04-14 13:08:29,707 - Quantum Trading Bot - INFO - Performance metrics saved: 40/72 winning trades
2025-04-14 13:08:29,707 - Quantum Trading Bot - INFO - Sleeping for 60 seconds
2025-04-14 13:09:25,070 - Trading System - INFO - Trading Bot is alive: True
2025-04-14 13:09:25,072 - Trading System - INFO - Monitor Bot is alive: True
2025-04-14 13:09:25,072 - Trading System - INFO - Improvement Bot is alive: True
2025-04-14 13:09:29,712 - Quantum Trading Bot - INFO - Starting trading cycle
2025-04-14 13:09:29,712 - Quantum Trading Bot - INFO - Processing AAPL
2025-04-14 13:09:29,712 - Quantum Trading Bot - ERROR - Error processing AAPL: name 'mock_check_halal_compliance' is not defined
2025-04-14 13:09:29,713 - Quantum Trading Bot - INFO - Processing MSFT
2025-04-14 13:09:29,713 - Quantum Trading Bot - ERROR - Error processing MSFT: name 'mock_check_halal_compliance' is not defined
2025-04-14 13:09:29,713 - Quantum Trading Bot - INFO - Processing NVDA
2025-04-14 13:09:29,713 - Quantum Trading Bot - ERROR - Error processing NVDA: name 'mock_check_halal_compliance' is not defined
2025-04-14 13:09:29,739 - Quantum Trading Bot - INFO - Performance metrics saved: 40/72 winning trades
2025-04-14 13:09:29,740 - Quantum Trading Bot - INFO - Sleeping for 60 seconds
2025-04-14 13:10:25,075 - Trading System - INFO - Trading Bot is alive: True
2025-04-14 13:10:25,078 - Trading System - INFO - Monitor Bot is alive: True
2025-04-14 13:10:25,078 - Trading System - INFO - Improvement Bot is alive: True
2025-04-14 13:10:29,742 - Quantum Trading Bot - INFO - Starting trading cycle
2025-04-14 13:10:29,743 - Quantum Trading Bot - INFO - Processing AAPL
2025-04-14 13:10:29,743 - Quantum Trading Bot - ERROR - Error processing AAPL: name 'mock_check_halal_compliance' is not defined
2025-04-14 13:10:29,743 - Quantum Trading Bot - INFO - Processing MSFT
2025-04-14 13:10:29,743 - Quantum Trading Bot - ERROR - Error processing MSFT: name 'mock_check_halal_compliance' is not defined
2025-04-14 13:10:29,743 - Quantum Trading Bot - INFO - Processing NVDA
2025-04-14 13:10:29,743 - Quantum Trading Bot - ERROR - Error processing NVDA: name 'mock_check_halal_compliance' is not defined
2025-04-14 13:10:29,757 - Quantum Trading Bot - INFO - Performance metrics saved: 40/72 winning trades
2025-04-14 13:10:29,757 - Quantum Trading Bot - INFO - Sleeping for 60 seconds
2025-04-14 13:11:25,079 - Trading System - INFO - Trading Bot is alive: True
2025-04-14 13:11:25,080 - Trading System - INFO - Monitor Bot is alive: True
2025-04-14 13:11:25,080 - Trading System - INFO - Improvement Bot is alive: True
2025-04-14 13:11:29,762 - Quantum Trading Bot - INFO - Starting trading cycle
2025-04-14 13:11:29,762 - Quantum Trading Bot - INFO - Processing AAPL
2025-04-14 13:11:29,763 - Quantum Trading Bot - ERROR - Error processing AAPL: name 'mock_check_halal_compliance' is not defined
2025-04-14 13:11:29,763 - Quantum Trading Bot - INFO - Processing MSFT
2025-04-14 13:11:29,763 - Quantum Trading Bot - ERROR - Error processing MSFT: name 'mock_check_halal_compliance' is not defined
2025-04-14 13:11:29,763 - Quantum Trading Bot - INFO - Processing NVDA
2025-04-14 13:11:29,763 - Quantum Trading Bot - ERROR - Error processing NVDA: name 'mock_check_halal_compliance' is not defined
2025-04-14 13:11:29,794 - Quantum Trading Bot - INFO - Performance metrics saved: 40/72 winning trades
2025-04-14 13:11:29,794 - Quantum Trading Bot - INFO - Sleeping for 60 seconds
2025-04-14 13:12:25,085 - Trading System - INFO - Trading Bot is alive: True
2025-04-14 13:12:25,087 - Trading System - INFO - Monitor Bot is alive: True
2025-04-14 13:12:25,087 - Trading System - INFO - Improvement Bot is alive: True
2025-04-14 13:12:29,799 - Quantum Trading Bot - INFO - Starting trading cycle
2025-04-14 13:12:29,799 - Quantum Trading Bot - INFO - Processing AAPL
2025-04-14 13:12:29,799 - Quantum Trading Bot - ERROR - Error processing AAPL: name 'mock_check_halal_compliance' is not defined
2025-04-14 13:12:29,799 - Quantum Trading Bot - INFO - Processing MSFT
2025-04-14 13:12:29,799 - Quantum Trading Bot - ERROR - Error processing MSFT: name 'mock_check_halal_compliance' is not defined
2025-04-14 13:12:29,799 - Quantum Trading Bot - INFO - Processing NVDA
2025-04-14 13:12:29,799 - Quantum Trading Bot - ERROR - Error processing NVDA: name 'mock_check_halal_compliance' is not defined
2025-04-14 13:12:29,831 - Quantum Trading Bot - INFO - Performance metrics saved: 40/72 winning trades
2025-04-14 13:12:29,831 - Quantum Trading Bot - INFO - Sleeping for 60 seconds
2025-04-14 13:13:25,091 - Trading System - INFO - Trading Bot is alive: True
2025-04-14 13:13:25,093 - Trading System - INFO - Monitor Bot is alive: True
2025-04-14 13:13:25,093 - Trading System - INFO - Improvement Bot is alive: True
2025-04-14 13:13:29,836 - Quantum Trading Bot - INFO - Starting trading cycle
2025-04-14 13:13:29,838 - Quantum Trading Bot - INFO - Processing AAPL
2025-04-14 13:13:29,838 - Quantum Trading Bot - ERROR - Error processing AAPL: name 'mock_check_halal_compliance' is not defined
2025-04-14 13:13:29,838 - Quantum Trading Bot - INFO - Processing MSFT
2025-04-14 13:13:29,838 - Quantum Trading Bot - ERROR - Error processing MSFT: name 'mock_check_halal_compliance' is not defined
2025-04-14 13:13:29,839 - Quantum Trading Bot - INFO - Processing NVDA
2025-04-14 13:13:29,839 - Quantum Trading Bot - ERROR - Error processing NVDA: name 'mock_check_halal_compliance' is not defined
2025-04-14 13:13:29,868 - Quantum Trading Bot - INFO - Performance metrics saved: 40/72 winning trades
2025-04-14 13:13:29,868 - Quantum Trading Bot - INFO - Not enough quantum predictions to update model
2025-04-14 13:13:29,868 - Quantum Trading Bot - INFO - Sleeping for 60 seconds
2025-04-14 13:14:25,095 - Trading System - INFO - Trading Bot is alive: True
2025-04-14 13:14:25,097 - Trading System - INFO - Monitor Bot is alive: True
2025-04-14 13:14:25,097 - Trading System - INFO - Improvement Bot is alive: True
2025-04-14 13:14:29,870 - Quantum Trading Bot - INFO - Starting trading cycle
2025-04-14 13:14:29,870 - Quantum Trading Bot - INFO - Processing AAPL
2025-04-14 13:14:29,870 - Quantum Trading Bot - ERROR - Error processing AAPL: name 'mock_check_halal_compliance' is not defined
2025-04-14 13:14:29,870 - Quantum Trading Bot - INFO - Processing MSFT
2025-04-14 13:14:29,871 - Quantum Trading Bot - ERROR - Error processing MSFT: name 'mock_check_halal_compliance' is not defined
2025-04-14 13:14:29,871 - Quantum Trading Bot - INFO - Processing NVDA
2025-04-14 13:14:29,871 - Quantum Trading Bot - ERROR - Error processing NVDA: name 'mock_check_halal_compliance' is not defined
2025-04-14 13:14:29,890 - Quantum Trading Bot - INFO - Performance metrics saved: 40/72 winning trades
2025-04-14 13:14:29,891 - Quantum Trading Bot - INFO - Sleeping for 60 seconds
2025-04-14 13:15:25,102 - Trading System - INFO - Trading Bot is alive: True
2025-04-14 13:15:25,104 - Trading System - INFO - Monitor Bot is alive: True
2025-04-14 13:15:25,104 - Trading System - INFO - Improvement Bot is alive: True
2025-04-14 13:15:29,893 - Quantum Trading Bot - INFO - Starting trading cycle
2025-04-14 13:15:29,894 - Quantum Trading Bot - INFO - Processing AAPL
2025-04-14 13:15:29,894 - Quantum Trading Bot - ERROR - Error processing AAPL: name 'mock_check_halal_compliance' is not defined
2025-04-14 13:15:29,894 - Quantum Trading Bot - INFO - Processing MSFT
2025-04-14 13:15:29,894 - Quantum Trading Bot - ERROR - Error processing MSFT: name 'mock_check_halal_compliance' is not defined
2025-04-14 13:15:29,894 - Quantum Trading Bot - INFO - Processing NVDA
2025-04-14 13:15:29,894 - Quantum Trading Bot - ERROR - Error processing NVDA: name 'mock_check_halal_compliance' is not defined
2025-04-14 13:15:29,924 - Quantum Trading Bot - INFO - Performance metrics saved: 40/72 winning trades
2025-04-14 13:15:29,924 - Quantum Trading Bot - INFO - Sleeping for 60 seconds
2025-04-14 13:16:25,110 - Trading System - INFO - Trading Bot is alive: True
2025-04-14 13:16:25,113 - Trading System - INFO - Monitor Bot is alive: True
2025-04-14 13:16:25,114 - Trading System - INFO - Improvement Bot is alive: True
2025-04-14 13:16:29,924 - Quantum Trading Bot - INFO - Starting trading cycle
2025-04-14 13:16:29,925 - Quantum Trading Bot - INFO - Processing AAPL
2025-04-14 13:16:29,925 - Quantum Trading Bot - ERROR - Error processing AAPL: name 'mock_check_halal_compliance' is not defined
2025-04-14 13:16:29,925 - Quantum Trading Bot - INFO - Processing MSFT
2025-04-14 13:16:29,925 - Quantum Trading Bot - ERROR - Error processing MSFT: name 'mock_check_halal_compliance' is not defined
2025-04-14 13:16:29,925 - Quantum Trading Bot - INFO - Processing NVDA
2025-04-14 13:16:29,926 - Quantum Trading Bot - ERROR - Error processing NVDA: name 'mock_check_halal_compliance' is not defined
2025-04-14 13:16:29,954 - Quantum Trading Bot - INFO - Performance metrics saved: 40/72 winning trades
2025-04-14 13:16:29,954 - Quantum Trading Bot - INFO - Sleeping for 60 seconds
2025-04-14 13:17:25,118 - Trading System - INFO - Trading Bot is alive: True
2025-04-14 13:17:25,119 - Trading System - INFO - Monitor Bot is alive: True
2025-04-14 13:17:25,120 - Trading System - INFO - Improvement Bot is alive: True
2025-04-14 13:17:29,959 - Quantum Trading Bot - INFO - Starting trading cycle
2025-04-14 13:17:29,959 - Quantum Trading Bot - INFO - Processing AAPL
2025-04-14 13:17:29,960 - Quantum Trading Bot - ERROR - Error processing AAPL: name 'mock_check_halal_compliance' is not defined
2025-04-14 13:17:29,960 - Quantum Trading Bot - INFO - Processing MSFT
2025-04-14 13:17:29,960 - Quantum Trading Bot - ERROR - Error processing MSFT: name 'mock_check_halal_compliance' is not defined
2025-04-14 13:17:29,960 - Quantum Trading Bot - INFO - Processing NVDA
2025-04-14 13:17:29,960 - Quantum Trading Bot - ERROR - Error processing NVDA: name 'mock_check_halal_compliance' is not defined
2025-04-14 13:17:29,996 - Quantum Trading Bot - INFO - Performance metrics saved: 40/72 winning trades
2025-04-14 13:17:29,996 - Quantum Trading Bot - INFO - Sleeping for 60 seconds
2025-04-14 13:18:25,123 - Trading System - INFO - Trading Bot is alive: True
2025-04-14 13:18:25,125 - Trading System - INFO - Monitor Bot is alive: True
2025-04-14 13:18:25,125 - Trading System - INFO - Improvement Bot is alive: True
2025-04-14 13:18:30,001 - Quantum Trading Bot - INFO - Starting trading cycle
2025-04-14 13:18:30,001 - Quantum Trading Bot - INFO - Processing AAPL
2025-04-14 13:18:30,002 - Quantum Trading Bot - ERROR - Error processing AAPL: name 'mock_check_halal_compliance' is not defined
2025-04-14 13:18:30,002 - Quantum Trading Bot - INFO - Processing MSFT
2025-04-14 13:18:30,002 - Quantum Trading Bot - ERROR - Error processing MSFT: name 'mock_check_halal_compliance' is not defined
2025-04-14 13:18:30,002 - Quantum Trading Bot - INFO - Processing NVDA
2025-04-14 13:18:30,002 - Quantum Trading Bot - ERROR - Error processing NVDA: name 'mock_check_halal_compliance' is not defined
2025-04-14 13:18:30,041 - Quantum Trading Bot - INFO - Performance metrics saved: 40/72 winning trades
2025-04-14 13:18:30,041 - Quantum Trading Bot - INFO - Sleeping for 60 seconds
2025-04-14 13:19:25,129 - Trading System - INFO - Trading Bot is alive: True
2025-04-14 13:19:25,130 - Trading System - INFO - Monitor Bot is alive: True
2025-04-14 13:19:25,130 - Trading System - INFO - Improvement Bot is alive: True
2025-04-14 13:19:30,045 - Quantum Trading Bot - INFO - Starting trading cycle
2025-04-14 13:19:30,046 - Quantum Trading Bot - INFO - Processing AAPL
2025-04-14 13:19:30,046 - Quantum Trading Bot - ERROR - Error processing AAPL: name 'mock_check_halal_compliance' is not defined
2025-04-14 13:19:30,046 - Quantum Trading Bot - INFO - Processing MSFT
2025-04-14 13:19:30,046 - Quantum Trading Bot - ERROR - Error processing MSFT: name 'mock_check_halal_compliance' is not defined
2025-04-14 13:19:30,047 - Quantum Trading Bot - INFO - Processing NVDA
2025-04-14 13:19:30,047 - Quantum Trading Bot - ERROR - Error processing NVDA: name 'mock_check_halal_compliance' is not defined
2025-04-14 13:19:30,084 - Quantum Trading Bot - INFO - Performance metrics saved: 40/72 winning trades
2025-04-14 13:19:30,084 - Quantum Trading Bot - INFO - Sleeping for 60 seconds
2025-04-14 13:20:25,133 - Trading System - INFO - Trading Bot is alive: True
2025-04-14 13:20:25,135 - Trading System - INFO - Monitor Bot is alive: True
2025-04-14 13:20:25,136 - Trading System - INFO - Improvement Bot is alive: True
2025-04-14 13:20:30,088 - Quantum Trading Bot - INFO - Starting trading cycle
2025-04-14 13:20:30,088 - Quantum Trading Bot - INFO - Processing AAPL
2025-04-14 13:20:30,088 - Quantum Trading Bot - ERROR - Error processing AAPL: name 'mock_check_halal_compliance' is not defined
2025-04-14 13:20:30,088 - Quantum Trading Bot - INFO - Processing MSFT
2025-04-14 13:20:30,088 - Quantum Trading Bot - ERROR - Error processing MSFT: name 'mock_check_halal_compliance' is not defined
2025-04-14 13:20:30,088 - Quantum Trading Bot - INFO - Processing NVDA
2025-04-14 13:20:30,088 - Quantum Trading Bot - ERROR - Error processing NVDA: name 'mock_check_halal_compliance' is not defined
2025-04-14 13:20:30,100 - Quantum Trading Bot - INFO - Performance metrics saved: 40/72 winning trades
2025-04-14 13:20:30,101 - Quantum Trading Bot - INFO - Sleeping for 60 seconds
2025-04-14 13:21:25,139 - Trading System - INFO - Trading Bot is alive: True
2025-04-14 13:21:25,141 - Trading System - INFO - Monitor Bot is alive: True
2025-04-14 13:21:25,141 - Trading System - INFO - Improvement Bot is alive: True
2025-04-14 13:21:30,105 - Quantum Trading Bot - INFO - Starting trading cycle
2025-04-14 13:21:30,106 - Quantum Trading Bot - INFO - Processing AAPL
2025-04-14 13:21:30,106 - Quantum Trading Bot - ERROR - Error processing AAPL: name 'mock_check_halal_compliance' is not defined
2025-04-14 13:21:30,106 - Quantum Trading Bot - INFO - Processing MSFT
2025-04-14 13:21:30,106 - Quantum Trading Bot - ERROR - Error processing MSFT: name 'mock_check_halal_compliance' is not defined
2025-04-14 13:21:30,106 - Quantum Trading Bot - INFO - Processing NVDA
2025-04-14 13:21:30,106 - Quantum Trading Bot - ERROR - Error processing NVDA: name 'mock_check_halal_compliance' is not defined
2025-04-14 13:21:30,136 - Quantum Trading Bot - INFO - Performance metrics saved: 40/72 winning trades
2025-04-14 13:21:30,136 - Quantum Trading Bot - INFO - Sleeping for 60 seconds
2025-04-14 13:22:25,143 - Trading System - INFO - Trading Bot is alive: True
2025-04-14 13:22:25,144 - Trading System - INFO - Monitor Bot is alive: True
2025-04-14 13:22:25,145 - Trading System - INFO - Improvement Bot is alive: True
2025-04-14 13:22:30,141 - Quantum Trading Bot - INFO - Starting trading cycle
2025-04-14 13:22:30,142 - Quantum Trading Bot - INFO - Processing AAPL
2025-04-14 13:22:30,142 - Quantum Trading Bot - ERROR - Error processing AAPL: name 'mock_check_halal_compliance' is not defined
2025-04-14 13:22:30,143 - Quantum Trading Bot - INFO - Processing MSFT
2025-04-14 13:22:30,143 - Quantum Trading Bot - ERROR - Error processing MSFT: name 'mock_check_halal_compliance' is not defined
2025-04-14 13:22:30,143 - Quantum Trading Bot - INFO - Processing NVDA
2025-04-14 13:22:30,143 - Quantum Trading Bot - ERROR - Error processing NVDA: name 'mock_check_halal_compliance' is not defined
2025-04-14 13:22:30,181 - Quantum Trading Bot - INFO - Performance metrics saved: 40/72 winning trades
2025-04-14 13:22:30,181 - Quantum Trading Bot - INFO - Sleeping for 60 seconds
2025-04-14 13:23:25,149 - Trading System - INFO - Trading Bot is alive: True
2025-04-14 13:23:25,152 - Trading System - INFO - Monitor Bot is alive: True
2025-04-14 13:23:25,152 - Trading System - INFO - Improvement Bot is alive: True
2025-04-14 13:23:30,185 - Quantum Trading Bot - INFO - Starting trading cycle
2025-04-14 13:23:30,186 - Quantum Trading Bot - INFO - Processing AAPL
2025-04-14 13:23:30,186 - Quantum Trading Bot - ERROR - Error processing AAPL: name 'mock_check_halal_compliance' is not defined
2025-04-14 13:23:30,186 - Quantum Trading Bot - INFO - Processing MSFT
2025-04-14 13:23:30,186 - Quantum Trading Bot - ERROR - Error processing MSFT: name 'mock_check_halal_compliance' is not defined
2025-04-14 13:23:30,186 - Quantum Trading Bot - INFO - Processing NVDA
2025-04-14 13:23:30,187 - Quantum Trading Bot - ERROR - Error processing NVDA: name 'mock_check_halal_compliance' is not defined
2025-04-14 13:23:30,216 - Quantum Trading Bot - INFO - Performance metrics saved: 40/72 winning trades
2025-04-14 13:23:30,217 - Quantum Trading Bot - INFO - Not enough quantum predictions to update model
2025-04-14 13:23:30,241 - Quantum Trading Bot - INFO - Quantum device error rate: 0.0339
2025-04-14 13:23:30,243 - Quantum Trading Bot - INFO - Quantum portfolio optimization complete: {'AAPL': np.float64(0.345819397993311), 'MSFT': np.float64(0.3217391304347826), 'NVDA': np.float64(0.33244147157190634)}
2025-04-14 13:23:30,243 - Quantum Trading Bot - INFO - Optimal portfolio weights: {'AAPL': np.float64(0.345819397993311), 'MSFT': np.float64(0.3217391304347826), 'NVDA': np.float64(0.33244147157190634)}
2025-04-14 13:23:30,244 - Quantum Trading Bot - INFO - Sleeping for 60 seconds
2025-04-14 13:24:25,156 - Trading System - INFO - Trading Bot is alive: True
2025-04-14 13:24:25,158 - Trading System - INFO - Monitor Bot is alive: True
2025-04-14 13:24:25,159 - Trading System - INFO - Improvement Bot is alive: True
2025-04-14 13:24:30,248 - Quantum Trading Bot - INFO - Starting trading cycle
2025-04-14 13:24:30,249 - Quantum Trading Bot - INFO - Processing AAPL
2025-04-14 13:24:30,249 - Quantum Trading Bot - ERROR - Error processing AAPL: name 'mock_check_halal_compliance' is not defined
2025-04-14 13:24:30,249 - Quantum Trading Bot - INFO - Processing MSFT
2025-04-14 13:24:30,249 - Quantum Trading Bot - ERROR - Error processing MSFT: name 'mock_check_halal_compliance' is not defined
2025-04-14 13:24:30,249 - Quantum Trading Bot - INFO - Processing NVDA
2025-04-14 13:24:30,249 - Quantum Trading Bot - ERROR - Error processing NVDA: name 'mock_check_halal_compliance' is not defined
2025-04-14 13:24:30,281 - Quantum Trading Bot - INFO - Performance metrics saved: 40/72 winning trades
2025-04-14 13:24:30,281 - Quantum Trading Bot - INFO - Sleeping for 60 seconds
2025-04-14 13:25:25,162 - Trading System - INFO - Trading Bot is alive: True
2025-04-14 13:25:25,165 - Trading System - INFO - Monitor Bot is alive: True
2025-04-14 13:25:25,166 - Trading System - INFO - Improvement Bot is alive: True
2025-04-14 13:25:30,286 - Quantum Trading Bot - INFO - Starting trading cycle
2025-04-14 13:25:30,287 - Quantum Trading Bot - INFO - Processing AAPL
2025-04-14 13:25:30,287 - Quantum Trading Bot - ERROR - Error processing AAPL: name 'mock_check_halal_compliance' is not defined
2025-04-14 13:25:30,287 - Quantum Trading Bot - INFO - Processing MSFT
2025-04-14 13:25:30,287 - Quantum Trading Bot - ERROR - Error processing MSFT: name 'mock_check_halal_compliance' is not defined
2025-04-14 13:25:30,287 - Quantum Trading Bot - INFO - Processing NVDA
2025-04-14 13:25:30,287 - Quantum Trading Bot - ERROR - Error processing NVDA: name 'mock_check_halal_compliance' is not defined
2025-04-14 13:25:30,325 - Quantum Trading Bot - INFO - Performance metrics saved: 40/72 winning trades
2025-04-14 13:25:30,325 - Quantum Trading Bot - INFO - Sleeping for 60 seconds
2025-04-14 13:26:25,171 - Trading System - INFO - Trading Bot is alive: True
2025-04-14 13:26:25,174 - Trading System - INFO - Monitor Bot is alive: True
2025-04-14 13:26:25,174 - Trading System - INFO - Improvement Bot is alive: True
2025-04-14 13:26:30,330 - Quantum Trading Bot - INFO - Starting trading cycle
2025-04-14 13:26:30,331 - Quantum Trading Bot - INFO - Processing AAPL
2025-04-14 13:26:30,331 - Quantum Trading Bot - ERROR - Error processing AAPL: name 'mock_check_halal_compliance' is not defined
2025-04-14 13:26:30,332 - Quantum Trading Bot - INFO - Processing MSFT
2025-04-14 13:26:30,332 - Quantum Trading Bot - ERROR - Error processing MSFT: name 'mock_check_halal_compliance' is not defined
2025-04-14 13:26:30,332 - Quantum Trading Bot - INFO - Processing NVDA
2025-04-14 13:26:30,332 - Quantum Trading Bot - ERROR - Error processing NVDA: name 'mock_check_halal_compliance' is not defined
2025-04-14 13:26:30,372 - Quantum Trading Bot - INFO - Performance metrics saved: 40/72 winning trades
2025-04-14 13:26:30,373 - Quantum Trading Bot - INFO - Sleeping for 60 seconds
2025-04-14 13:27:25,176 - Trading System - INFO - Trading Bot is alive: True
2025-04-14 13:27:25,178 - Trading System - INFO - Monitor Bot is alive: True
2025-04-14 13:27:25,179 - Trading System - INFO - Improvement Bot is alive: True
2025-04-14 13:27:30,377 - Quantum Trading Bot - INFO - Starting trading cycle
2025-04-14 13:27:30,378 - Quantum Trading Bot - INFO - Processing AAPL
2025-04-14 13:27:30,378 - Quantum Trading Bot - ERROR - Error processing AAPL: name 'mock_check_halal_compliance' is not defined
2025-04-14 13:27:30,378 - Quantum Trading Bot - INFO - Processing MSFT
2025-04-14 13:27:30,378 - Quantum Trading Bot - ERROR - Error processing MSFT: name 'mock_check_halal_compliance' is not defined
2025-04-14 13:27:30,378 - Quantum Trading Bot - INFO - Processing NVDA
2025-04-14 13:27:30,378 - Quantum Trading Bot - ERROR - Error processing NVDA: name 'mock_check_halal_compliance' is not defined
2025-04-14 13:27:30,409 - Quantum Trading Bot - INFO - Performance metrics saved: 40/72 winning trades
2025-04-14 13:27:30,410 - Quantum Trading Bot - INFO - Sleeping for 60 seconds
2025-04-14 13:28:25,180 - Trading System - INFO - Trading Bot is alive: True
2025-04-14 13:28:25,182 - Trading System - INFO - Monitor Bot is alive: True
2025-04-14 13:28:25,183 - Trading System - INFO - Improvement Bot is alive: True
2025-04-14 13:28:30,414 - Quantum Trading Bot - INFO - Starting trading cycle
2025-04-14 13:28:30,415 - Quantum Trading Bot - INFO - Processing AAPL
2025-04-14 13:28:30,415 - Quantum Trading Bot - ERROR - Error processing AAPL: name 'mock_check_halal_compliance' is not defined
2025-04-14 13:28:30,415 - Quantum Trading Bot - INFO - Processing MSFT
2025-04-14 13:28:30,415 - Quantum Trading Bot - ERROR - Error processing MSFT: name 'mock_check_halal_compliance' is not defined
2025-04-14 13:28:30,415 - Quantum Trading Bot - INFO - Processing NVDA
2025-04-14 13:28:30,415 - Quantum Trading Bot - ERROR - Error processing NVDA: name 'mock_check_halal_compliance' is not defined
2025-04-14 13:28:30,451 - Quantum Trading Bot - INFO - Performance metrics saved: 40/72 winning trades
2025-04-14 13:28:30,452 - Quantum Trading Bot - INFO - Sleeping for 60 seconds
2025-04-14 13:29:25,188 - Trading System - INFO - Trading Bot is alive: True
2025-04-14 13:29:25,191 - Trading System - INFO - Monitor Bot is alive: True
2025-04-14 13:29:25,191 - Trading System - INFO - Improvement Bot is alive: True
2025-04-14 13:29:30,456 - Quantum Trading Bot - INFO - Starting trading cycle
2025-04-14 13:29:30,457 - Quantum Trading Bot - INFO - Processing AAPL
2025-04-14 13:29:30,457 - Quantum Trading Bot - ERROR - Error processing AAPL: name 'mock_check_halal_compliance' is not defined
2025-04-14 13:29:30,458 - Quantum Trading Bot - INFO - Processing MSFT
2025-04-14 13:29:30,458 - Quantum Trading Bot - ERROR - Error processing MSFT: name 'mock_check_halal_compliance' is not defined
2025-04-14 13:29:30,458 - Quantum Trading Bot - INFO - Processing NVDA
2025-04-14 13:29:30,458 - Quantum Trading Bot - ERROR - Error processing NVDA: name 'mock_check_halal_compliance' is not defined
2025-04-14 13:29:30,493 - Quantum Trading Bot - INFO - Performance metrics saved: 40/72 winning trades
2025-04-14 13:29:30,494 - Quantum Trading Bot - INFO - Sleeping for 60 seconds
2025-04-14 13:30:25,197 - Trading System - INFO - Trading Bot is alive: True
2025-04-14 13:30:25,200 - Trading System - INFO - Monitor Bot is alive: True
2025-04-14 13:30:25,200 - Trading System - INFO - Improvement Bot is alive: True
2025-04-14 13:30:30,498 - Quantum Trading Bot - INFO - Starting trading cycle
2025-04-14 13:30:30,499 - Quantum Trading Bot - INFO - Processing AAPL
2025-04-14 13:30:30,499 - Quantum Trading Bot - ERROR - Error processing AAPL: name 'mock_check_halal_compliance' is not defined
2025-04-14 13:30:30,499 - Quantum Trading Bot - INFO - Processing MSFT
2025-04-14 13:30:30,499 - Quantum Trading Bot - ERROR - Error processing MSFT: name 'mock_check_halal_compliance' is not defined
2025-04-14 13:30:30,499 - Quantum Trading Bot - INFO - Processing NVDA
2025-04-14 13:30:30,499 - Quantum Trading Bot - ERROR - Error processing NVDA: name 'mock_check_halal_compliance' is not defined
2025-04-14 13:30:30,528 - Quantum Trading Bot - INFO - Performance metrics saved: 40/72 winning trades
2025-04-14 13:30:30,528 - Quantum Trading Bot - INFO - Sleeping for 60 seconds
2025-04-14 13:31:25,183 - Trading System - INFO - Trading Bot is alive: True
2025-04-14 13:31:25,185 - Trading System - INFO - Monitor Bot is alive: True
2025-04-14 13:31:25,185 - Trading System - INFO - Improvement Bot is alive: True
2025-04-14 13:31:30,512 - Quantum Trading Bot - INFO - Starting trading cycle
2025-04-14 13:31:30,512 - Quantum Trading Bot - INFO - Processing AAPL
2025-04-14 13:31:30,513 - Quantum Trading Bot - ERROR - Error processing AAPL: name 'mock_check_halal_compliance' is not defined
2025-04-14 13:31:30,513 - Quantum Trading Bot - INFO - Processing MSFT
2025-04-14 13:31:30,513 - Quantum Trading Bot - ERROR - Error processing MSFT: name 'mock_check_halal_compliance' is not defined
2025-04-14 13:31:30,513 - Quantum Trading Bot - INFO - Processing NVDA
2025-04-14 13:31:30,513 - Quantum Trading Bot - ERROR - Error processing NVDA: name 'mock_check_halal_compliance' is not defined
2025-04-14 13:31:30,549 - Quantum Trading Bot - INFO - Performance metrics saved: 40/72 winning trades
2025-04-14 13:31:30,549 - Quantum Trading Bot - INFO - Sleeping for 60 seconds
2025-04-14 13:32:25,185 - Trading System - INFO - Trading Bot is alive: True
2025-04-14 13:32:25,187 - Trading System - INFO - Monitor Bot is alive: True
2025-04-14 13:32:25,187 - Trading System - INFO - Improvement Bot is alive: True
2025-04-14 13:32:30,552 - Quantum Trading Bot - INFO - Starting trading cycle
2025-04-14 13:32:30,554 - Quantum Trading Bot - INFO - Processing AAPL
2025-04-14 13:32:30,554 - Quantum Trading Bot - ERROR - Error processing AAPL: name 'mock_check_halal_compliance' is not defined
2025-04-14 13:32:30,554 - Quantum Trading Bot - INFO - Processing MSFT
2025-04-14 13:32:30,555 - Quantum Trading Bot - ERROR - Error processing MSFT: name 'mock_check_halal_compliance' is not defined
2025-04-14 13:32:30,555 - Quantum Trading Bot - INFO - Processing NVDA
2025-04-14 13:32:30,555 - Quantum Trading Bot - ERROR - Error processing NVDA: name 'mock_check_halal_compliance' is not defined
2025-04-14 13:32:30,594 - Quantum Trading Bot - INFO - Performance metrics saved: 40/72 winning trades
2025-04-14 13:32:30,594 - Quantum Trading Bot - INFO - Sleeping for 60 seconds
2025-04-14 13:33:25,187 - Trading System - INFO - Trading Bot is alive: True
2025-04-14 13:33:25,189 - Trading System - INFO - Monitor Bot is alive: True
2025-04-14 13:33:25,189 - Trading System - INFO - Improvement Bot is alive: True
2025-04-14 13:33:30,598 - Quantum Trading Bot - INFO - Starting trading cycle
2025-04-14 13:33:30,599 - Quantum Trading Bot - INFO - Processing AAPL
2025-04-14 13:33:30,599 - Quantum Trading Bot - ERROR - Error processing AAPL: name 'mock_check_halal_compliance' is not defined
2025-04-14 13:33:30,599 - Quantum Trading Bot - INFO - Processing MSFT
2025-04-14 13:33:30,599 - Quantum Trading Bot - ERROR - Error processing MSFT: name 'mock_check_halal_compliance' is not defined
2025-04-14 13:33:30,599 - Quantum Trading Bot - INFO - Processing NVDA
2025-04-14 13:33:30,599 - Quantum Trading Bot - ERROR - Error processing NVDA: name 'mock_check_halal_compliance' is not defined
2025-04-14 13:33:30,627 - Quantum Trading Bot - INFO - Performance metrics saved: 40/72 winning trades
2025-04-14 13:33:30,628 - Quantum Trading Bot - INFO - Not enough quantum predictions to update model
2025-04-14 13:33:30,628 - Quantum Trading Bot - INFO - Sleeping for 60 seconds
2025-04-14 13:34:25,193 - Trading System - INFO - Trading Bot is alive: True
2025-04-14 13:34:25,196 - Trading System - INFO - Monitor Bot is alive: True
2025-04-14 13:34:25,196 - Trading System - INFO - Improvement Bot is alive: True
2025-04-14 13:34:30,632 - Quantum Trading Bot - INFO - Starting trading cycle
2025-04-14 13:34:30,632 - Quantum Trading Bot - INFO - Processing AAPL
2025-04-14 13:34:30,632 - Quantum Trading Bot - ERROR - Error processing AAPL: name 'mock_check_halal_compliance' is not defined
2025-04-14 13:34:30,632 - Quantum Trading Bot - INFO - Processing MSFT
2025-04-14 13:34:30,632 - Quantum Trading Bot - ERROR - Error processing MSFT: name 'mock_check_halal_compliance' is not defined
2025-04-14 13:34:30,633 - Quantum Trading Bot - INFO - Processing NVDA
2025-04-14 13:34:30,633 - Quantum Trading Bot - ERROR - Error processing NVDA: name 'mock_check_halal_compliance' is not defined
2025-04-14 13:34:30,666 - Quantum Trading Bot - INFO - Performance metrics saved: 40/72 winning trades
2025-04-14 13:34:30,666 - Quantum Trading Bot - INFO - Sleeping for 60 seconds
2025-04-14 13:35:25,201 - Trading System - INFO - Trading Bot is alive: True
2025-04-14 13:35:25,203 - Trading System - INFO - Monitor Bot is alive: True
2025-04-14 13:35:25,203 - Trading System - INFO - Improvement Bot is alive: True
2025-04-14 13:35:30,670 - Quantum Trading Bot - INFO - Starting trading cycle
2025-04-14 13:35:30,671 - Quantum Trading Bot - INFO - Processing AAPL
2025-04-14 13:35:30,671 - Quantum Trading Bot - ERROR - Error processing AAPL: name 'mock_check_halal_compliance' is not defined
2025-04-14 13:35:30,671 - Quantum Trading Bot - INFO - Processing MSFT
2025-04-14 13:35:30,671 - Quantum Trading Bot - ERROR - Error processing MSFT: name 'mock_check_halal_compliance' is not defined
2025-04-14 13:35:30,671 - Quantum Trading Bot - INFO - Processing NVDA
2025-04-14 13:35:30,671 - Quantum Trading Bot - ERROR - Error processing NVDA: name 'mock_check_halal_compliance' is not defined
2025-04-14 13:35:30,708 - Quantum Trading Bot - INFO - Performance metrics saved: 40/72 winning trades
2025-04-14 13:35:30,709 - Quantum Trading Bot - INFO - Sleeping for 60 seconds
2025-04-14 13:36:25,205 - Trading System - INFO - Trading Bot is alive: True
2025-04-14 13:36:25,207 - Trading System - INFO - Monitor Bot is alive: True
2025-04-14 13:36:25,207 - Trading System - INFO - Improvement Bot is alive: True
2025-04-14 13:36:25,438 - Monitor Bot - INFO - Running scheduled task: Quantum System Health Check
2025-04-14 13:36:25,438 - Monitor Bot - INFO - Monitoring quantum system health
2025-04-14 13:36:25,440 - Monitor Bot - INFO - Average quantum error rate: 0.0462
2025-04-14 13:36:25,445 - Monitor Bot - INFO - Task Quantum System Health Check completed successfully
2025-04-14 13:36:25,445 - Monitor Bot - INFO - Running scheduled task: Performance Metrics
2025-04-14 13:36:25,457 - Monitor Bot - INFO - === Performance Metrics ===
2025-04-14 13:36:25,457 - Monitor Bot - INFO - Date: 2025-04-14T13:35:30.672206
2025-04-14 13:36:25,457 - Monitor Bot - INFO - Total Trades: 72
2025-04-14 13:36:25,457 - Monitor Bot - INFO - Win Rate: 55.56%
2025-04-14 13:36:25,457 - Monitor Bot - INFO - Total Profit: $18.27
2025-04-14 13:36:25,457 - Monitor Bot - INFO - Average Profit per Trade: $0.25
2025-04-14 13:36:25,457 - Monitor Bot - INFO - Average Profit Percentage: 0.09%
2025-04-14 13:36:25,457 - Monitor Bot - INFO - Maximum Drawdown: 0.10%
2025-04-14 13:36:25,457 - Monitor Bot - INFO - ============================
2025-04-14 13:36:25,475 - Monitor Bot - INFO - Task Performance Metrics completed successfully
2025-04-14 13:36:30,713 - Quantum Trading Bot - INFO - Starting trading cycle
2025-04-14 13:36:30,714 - Quantum Trading Bot - INFO - Processing AAPL
2025-04-14 13:36:30,714 - Quantum Trading Bot - ERROR - Error processing AAPL: name 'mock_check_halal_compliance' is not defined
2025-04-14 13:36:30,714 - Quantum Trading Bot - INFO - Processing MSFT
2025-04-14 13:36:30,714 - Quantum Trading Bot - ERROR - Error processing MSFT: name 'mock_check_halal_compliance' is not defined
2025-04-14 13:36:30,714 - Quantum Trading Bot - INFO - Processing NVDA
2025-04-14 13:36:30,714 - Quantum Trading Bot - ERROR - Error processing NVDA: name 'mock_check_halal_compliance' is not defined
2025-04-14 13:36:30,751 - Quantum Trading Bot - INFO - Performance metrics saved: 40/72 winning trades
2025-04-14 13:36:30,751 - Quantum Trading Bot - INFO - Sleeping for 60 seconds
2025-04-14 13:37:25,210 - Trading System - INFO - Trading Bot is alive: True
2025-04-14 13:37:25,211 - Trading System - INFO - Monitor Bot is alive: True
2025-04-14 13:37:25,211 - Trading System - INFO - Improvement Bot is alive: True
2025-04-14 13:37:30,755 - Quantum Trading Bot - INFO - Starting trading cycle
2025-04-14 13:37:30,756 - Quantum Trading Bot - INFO - Processing AAPL
2025-04-14 13:37:30,756 - Quantum Trading Bot - ERROR - Error processing AAPL: name 'mock_check_halal_compliance' is not defined
2025-04-14 13:37:30,756 - Quantum Trading Bot - INFO - Processing MSFT
2025-04-14 13:37:30,756 - Quantum Trading Bot - ERROR - Error processing MSFT: name 'mock_check_halal_compliance' is not defined
2025-04-14 13:37:30,756 - Quantum Trading Bot - INFO - Processing NVDA
2025-04-14 13:37:30,756 - Quantum Trading Bot - ERROR - Error processing NVDA: name 'mock_check_halal_compliance' is not defined
2025-04-14 13:37:30,792 - Quantum Trading Bot - INFO - Performance metrics saved: 40/72 winning trades
2025-04-14 13:37:30,793 - Quantum Trading Bot - INFO - Sleeping for 60 seconds
2025-04-14 13:38:25,215 - Trading System - INFO - Trading Bot is alive: True
2025-04-14 13:38:25,217 - Trading System - INFO - Monitor Bot is alive: True
2025-04-14 13:38:25,217 - Trading System - INFO - Improvement Bot is alive: True
2025-04-14 13:38:30,797 - Quantum Trading Bot - INFO - Starting trading cycle
2025-04-14 13:38:30,797 - Quantum Trading Bot - INFO - Processing AAPL
2025-04-14 13:38:30,798 - Quantum Trading Bot - ERROR - Error processing AAPL: name 'mock_check_halal_compliance' is not defined
2025-04-14 13:38:30,798 - Quantum Trading Bot - INFO - Processing MSFT
2025-04-14 13:38:30,798 - Quantum Trading Bot - ERROR - Error processing MSFT: name 'mock_check_halal_compliance' is not defined
2025-04-14 13:38:30,798 - Quantum Trading Bot - INFO - Processing NVDA
2025-04-14 13:38:30,798 - Quantum Trading Bot - ERROR - Error processing NVDA: name 'mock_check_halal_compliance' is not defined
2025-04-14 13:38:30,836 - Quantum Trading Bot - INFO - Performance metrics saved: 40/72 winning trades
2025-04-14 13:38:30,837 - Quantum Trading Bot - INFO - Sleeping for 60 seconds
2025-04-14 13:39:25,221 - Trading System - INFO - Trading Bot is alive: True
2025-04-14 13:39:25,223 - Trading System - INFO - Monitor Bot is alive: True
2025-04-14 13:39:25,223 - Trading System - INFO - Improvement Bot is alive: True
2025-04-14 13:39:30,841 - Quantum Trading Bot - INFO - Starting trading cycle
2025-04-14 13:39:30,841 - Quantum Trading Bot - INFO - Processing AAPL
2025-04-14 13:39:30,842 - Quantum Trading Bot - ERROR - Error processing AAPL: name 'mock_check_halal_compliance' is not defined
2025-04-14 13:39:30,842 - Quantum Trading Bot - INFO - Processing MSFT
2025-04-14 13:39:30,842 - Quantum Trading Bot - ERROR - Error processing MSFT: name 'mock_check_halal_compliance' is not defined
2025-04-14 13:39:30,842 - Quantum Trading Bot - INFO - Processing NVDA
2025-04-14 13:39:30,842 - Quantum Trading Bot - ERROR - Error processing NVDA: name 'mock_check_halal_compliance' is not defined
2025-04-14 13:39:30,878 - Quantum Trading Bot - INFO - Performance metrics saved: 40/72 winning trades
2025-04-14 13:39:30,879 - Quantum Trading Bot - INFO - Sleeping for 60 seconds
2025-04-14 13:40:25,226 - Trading System - INFO - Trading Bot is alive: True
2025-04-14 13:40:25,227 - Trading System - INFO - Monitor Bot is alive: True
2025-04-14 13:40:25,228 - Trading System - INFO - Improvement Bot is alive: True
2025-04-14 13:40:30,883 - Quantum Trading Bot - INFO - Starting trading cycle
2025-04-14 13:40:30,883 - Quantum Trading Bot - INFO - Processing AAPL
2025-04-14 13:40:30,883 - Quantum Trading Bot - ERROR - Error processing AAPL: name 'mock_check_halal_compliance' is not defined
2025-04-14 13:40:30,884 - Quantum Trading Bot - INFO - Processing MSFT
2025-04-14 13:40:30,884 - Quantum Trading Bot - ERROR - Error processing MSFT: name 'mock_check_halal_compliance' is not defined
2025-04-14 13:40:30,884 - Quantum Trading Bot - INFO - Processing NVDA
2025-04-14 13:40:30,884 - Quantum Trading Bot - ERROR - Error processing NVDA: name 'mock_check_halal_compliance' is not defined
2025-04-14 13:40:30,921 - Quantum Trading Bot - INFO - Performance metrics saved: 40/72 winning trades
2025-04-14 13:40:30,921 - Quantum Trading Bot - INFO - Sleeping for 60 seconds
2025-04-14 13:41:25,237 - Trading System - INFO - Trading Bot is alive: True
2025-04-14 13:41:25,239 - Trading System - INFO - Monitor Bot is alive: True
2025-04-14 13:41:25,239 - Trading System - INFO - Improvement Bot is alive: True
2025-04-14 13:41:30,930 - Quantum Trading Bot - INFO - Starting trading cycle
2025-04-14 13:41:30,931 - Quantum Trading Bot - INFO - Processing AAPL
2025-04-14 13:41:30,931 - Quantum Trading Bot - ERROR - Error processing AAPL: name 'mock_check_halal_compliance' is not defined
2025-04-14 13:41:30,931 - Quantum Trading Bot - INFO - Processing MSFT
2025-04-14 13:41:30,931 - Quantum Trading Bot - ERROR - Error processing MSFT: name 'mock_check_halal_compliance' is not defined
2025-04-14 13:41:30,931 - Quantum Trading Bot - INFO - Processing NVDA
2025-04-14 13:41:30,931 - Quantum Trading Bot - ERROR - Error processing NVDA: name 'mock_check_halal_compliance' is not defined
2025-04-14 13:41:30,970 - Quantum Trading Bot - INFO - Performance metrics saved: 40/72 winning trades
2025-04-14 13:41:30,970 - Quantum Trading Bot - INFO - Sleeping for 60 seconds
2025-04-14 13:42:25,240 - Trading System - INFO - Trading Bot is alive: True
2025-04-14 13:42:25,241 - Trading System - INFO - Monitor Bot is alive: True
2025-04-14 13:42:25,241 - Trading System - INFO - Improvement Bot is alive: True
2025-04-14 13:42:30,979 - Quantum Trading Bot - INFO - Starting trading cycle
2025-04-14 13:42:30,980 - Quantum Trading Bot - INFO - Processing AAPL
2025-04-14 13:42:30,980 - Quantum Trading Bot - ERROR - Error processing AAPL: name 'mock_check_halal_compliance' is not defined
2025-04-14 13:42:30,980 - Quantum Trading Bot - INFO - Processing MSFT
2025-04-14 13:42:30,980 - Quantum Trading Bot - ERROR - Error processing MSFT: name 'mock_check_halal_compliance' is not defined
2025-04-14 13:42:30,980 - Quantum Trading Bot - INFO - Processing NVDA
2025-04-14 13:42:30,980 - Quantum Trading Bot - ERROR - Error processing NVDA: name 'mock_check_halal_compliance' is not defined
2025-04-14 13:42:31,019 - Quantum Trading Bot - INFO - Performance metrics saved: 40/72 winning trades
2025-04-14 13:42:31,020 - Quantum Trading Bot - INFO - Sleeping for 60 seconds
2025-04-14 13:43:25,244 - Trading System - INFO - Trading Bot is alive: True
2025-04-14 13:43:25,245 - Trading System - INFO - Monitor Bot is alive: True
2025-04-14 13:43:25,245 - Trading System - INFO - Improvement Bot is alive: True
2025-04-14 13:43:31,029 - Quantum Trading Bot - INFO - Starting trading cycle
2025-04-14 13:43:31,029 - Quantum Trading Bot - INFO - Processing AAPL
2025-04-14 13:43:31,030 - Quantum Trading Bot - ERROR - Error processing AAPL: name 'mock_check_halal_compliance' is not defined
2025-04-14 13:43:31,030 - Quantum Trading Bot - INFO - Processing MSFT
2025-04-14 13:43:31,030 - Quantum Trading Bot - ERROR - Error processing MSFT: name 'mock_check_halal_compliance' is not defined
2025-04-14 13:43:31,030 - Quantum Trading Bot - INFO - Processing NVDA
2025-04-14 13:43:31,030 - Quantum Trading Bot - ERROR - Error processing NVDA: name 'mock_check_halal_compliance' is not defined
2025-04-14 13:43:31,068 - Quantum Trading Bot - INFO - Performance metrics saved: 40/72 winning trades
2025-04-14 13:43:31,068 - Quantum Trading Bot - INFO - Not enough quantum predictions to update model
2025-04-14 13:43:31,102 - Quantum Trading Bot - INFO - Quantum device error rate: 0.0357
2025-04-14 13:43:31,105 - Quantum Trading Bot - INFO - Quantum portfolio optimization complete: {'AAPL': np.float64(0.31523871811641596), 'MSFT': np.float64(0.3381294964028777), 'NVDA': np.float64(0.3466317854807064)}
2025-04-14 13:43:31,105 - Quantum Trading Bot - INFO - Optimal portfolio weights: {'AAPL': np.float64(0.31523871811641596), 'MSFT': np.float64(0.3381294964028777), 'NVDA': np.float64(0.3466317854807064)}
2025-04-14 13:43:31,105 - Quantum Trading Bot - INFO - Sleeping for 60 seconds
2025-04-14 13:44:25,254 - Trading System - INFO - Trading Bot is alive: True
2025-04-14 13:44:25,256 - Trading System - INFO - Monitor Bot is alive: True
2025-04-14 13:44:25,256 - Trading System - INFO - Improvement Bot is alive: True
2025-04-14 13:44:31,114 - Quantum Trading Bot - INFO - Starting trading cycle
2025-04-14 13:44:31,115 - Quantum Trading Bot - INFO - Processing AAPL
2025-04-14 13:44:31,115 - Quantum Trading Bot - ERROR - Error processing AAPL: name 'mock_check_halal_compliance' is not defined
2025-04-14 13:44:31,115 - Quantum Trading Bot - INFO - Processing MSFT
2025-04-14 13:44:31,115 - Quantum Trading Bot - ERROR - Error processing MSFT: name 'mock_check_halal_compliance' is not defined
2025-04-14 13:44:31,115 - Quantum Trading Bot - INFO - Processing NVDA
2025-04-14 13:44:31,115 - Quantum Trading Bot - ERROR - Error processing NVDA: name 'mock_check_halal_compliance' is not defined
2025-04-14 13:44:31,153 - Quantum Trading Bot - INFO - Performance metrics saved: 40/72 winning trades
2025-04-14 13:44:31,153 - Quantum Trading Bot - INFO - Sleeping for 60 seconds
2025-04-14 13:45:53,887 - Trading System - INFO - Trading Bot is alive: True
2025-04-14 13:45:53,889 - Trading System - INFO - Monitor Bot is alive: True
2025-04-14 13:45:53,889 - Trading System - INFO - Improvement Bot is alive: True
2025-04-14 13:45:59,784 - Quantum Trading Bot - INFO - Starting trading cycle
2025-04-14 13:45:59,785 - Quantum Trading Bot - INFO - Processing AAPL
2025-04-14 13:45:59,785 - Quantum Trading Bot - ERROR - Error processing AAPL: name 'mock_check_halal_compliance' is not defined
2025-04-14 13:45:59,786 - Quantum Trading Bot - INFO - Processing MSFT
2025-04-14 13:45:59,786 - Quantum Trading Bot - ERROR - Error processing MSFT: name 'mock_check_halal_compliance' is not defined
2025-04-14 13:45:59,786 - Quantum Trading Bot - INFO - Processing NVDA
2025-04-14 13:45:59,786 - Quantum Trading Bot - ERROR - Error processing NVDA: name 'mock_check_halal_compliance' is not defined
2025-04-14 13:45:59,815 - Quantum Trading Bot - INFO - Performance metrics saved: 40/72 winning trades
2025-04-14 13:45:59,816 - Quantum Trading Bot - INFO - Sleeping for 60 seconds
2025-04-14 13:46:53,893 - Trading System - INFO - Trading Bot is alive: True
2025-04-14 13:46:53,894 - Trading System - INFO - Monitor Bot is alive: True
2025-04-14 13:46:53,894 - Trading System - INFO - Improvement Bot is alive: True
2025-04-14 13:46:59,817 - Quantum Trading Bot - INFO - Starting trading cycle
2025-04-14 13:46:59,817 - Quantum Trading Bot - INFO - Processing AAPL
2025-04-14 13:46:59,817 - Quantum Trading Bot - ERROR - Error processing AAPL: name 'mock_check_halal_compliance' is not defined
2025-04-14 13:46:59,817 - Quantum Trading Bot - INFO - Processing MSFT
2025-04-14 13:46:59,817 - Quantum Trading Bot - ERROR - Error processing MSFT: name 'mock_check_halal_compliance' is not defined
2025-04-14 13:46:59,818 - Quantum Trading Bot - INFO - Processing NVDA
2025-04-14 13:46:59,818 - Quantum Trading Bot - ERROR - Error processing NVDA: name 'mock_check_halal_compliance' is not defined
2025-04-14 13:46:59,857 - Quantum Trading Bot - INFO - Performance metrics saved: 40/72 winning trades
2025-04-14 13:46:59,857 - Quantum Trading Bot - INFO - Sleeping for 60 seconds
2025-04-14 13:47:53,897 - Trading System - INFO - Trading Bot is alive: True
2025-04-14 13:47:53,898 - Trading System - INFO - Monitor Bot is alive: True
2025-04-14 13:47:53,899 - Trading System - INFO - Improvement Bot is alive: True
2025-04-14 13:47:59,858 - Quantum Trading Bot - INFO - Starting trading cycle
2025-04-14 13:47:59,859 - Quantum Trading Bot - INFO - Processing AAPL
2025-04-14 13:47:59,859 - Quantum Trading Bot - ERROR - Error processing AAPL: name 'mock_check_halal_compliance' is not defined
2025-04-14 13:47:59,859 - Quantum Trading Bot - INFO - Processing MSFT
2025-04-14 13:47:59,859 - Quantum Trading Bot - ERROR - Error processing MSFT: name 'mock_check_halal_compliance' is not defined
2025-04-14 13:47:59,859 - Quantum Trading Bot - INFO - Processing NVDA
2025-04-14 13:47:59,859 - Quantum Trading Bot - ERROR - Error processing NVDA: name 'mock_check_halal_compliance' is not defined
2025-04-14 13:47:59,879 - Quantum Trading Bot - INFO - Performance metrics saved: 40/72 winning trades
2025-04-14 13:47:59,879 - Quantum Trading Bot - INFO - Sleeping for 60 seconds
2025-04-14 13:48:53,904 - Trading System - INFO - Trading Bot is alive: True
2025-04-14 13:48:53,906 - Trading System - INFO - Monitor Bot is alive: True
2025-04-14 13:48:53,907 - Trading System - INFO - Improvement Bot is alive: True
2025-04-14 13:48:59,883 - Quantum Trading Bot - INFO - Starting trading cycle
2025-04-14 13:48:59,884 - Quantum Trading Bot - INFO - Processing AAPL
2025-04-14 13:48:59,884 - Quantum Trading Bot - ERROR - Error processing AAPL: name 'mock_check_halal_compliance' is not defined
2025-04-14 13:48:59,884 - Quantum Trading Bot - INFO - Processing MSFT
2025-04-14 13:48:59,884 - Quantum Trading Bot - ERROR - Error processing MSFT: name 'mock_check_halal_compliance' is not defined
2025-04-14 13:48:59,884 - Quantum Trading Bot - INFO - Processing NVDA
2025-04-14 13:48:59,884 - Quantum Trading Bot - ERROR - Error processing NVDA: name 'mock_check_halal_compliance' is not defined
2025-04-14 13:48:59,922 - Quantum Trading Bot - INFO - Performance metrics saved: 40/72 winning trades
2025-04-14 13:48:59,923 - Quantum Trading Bot - INFO - Sleeping for 60 seconds
2025-04-14 13:49:53,910 - Trading System - INFO - Trading Bot is alive: True
2025-04-14 13:49:53,913 - Trading System - INFO - Monitor Bot is alive: True
2025-04-14 13:49:53,913 - Trading System - INFO - Improvement Bot is alive: True
2025-04-14 13:49:59,927 - Quantum Trading Bot - INFO - Starting trading cycle
2025-04-14 13:49:59,927 - Quantum Trading Bot - INFO - Processing AAPL
2025-04-14 13:49:59,927 - Quantum Trading Bot - ERROR - Error processing AAPL: name 'mock_check_halal_compliance' is not defined
2025-04-14 13:49:59,928 - Quantum Trading Bot - INFO - Processing MSFT
2025-04-14 13:49:59,928 - Quantum Trading Bot - ERROR - Error processing MSFT: name 'mock_check_halal_compliance' is not defined
2025-04-14 13:49:59,928 - Quantum Trading Bot - INFO - Processing NVDA
2025-04-14 13:49:59,928 - Quantum Trading Bot - ERROR - Error processing NVDA: name 'mock_check_halal_compliance' is not defined
2025-04-14 13:49:59,953 - Quantum Trading Bot - INFO - Performance metrics saved: 40/72 winning trades
2025-04-14 13:49:59,953 - Quantum Trading Bot - INFO - Sleeping for 60 seconds
2025-04-14 13:50:26,588 - Trading System - INFO - Main process interrupted, shutting down...
2025-04-14 13:50:26,588 - Trading System - INFO - Trading system shutdown complete
2025-04-14 13:50:53,919 - Trading System - INFO - Trading Bot is alive: True
2025-04-14 13:50:53,922 - Trading System - INFO - Monitor Bot is alive: True
2025-04-14 13:50:53,922 - Trading System - INFO - Improvement Bot is alive: True
2025-04-14 13:50:59,958 - Quantum Trading Bot - INFO - Starting trading cycle
2025-04-14 13:50:59,959 - Quantum Trading Bot - INFO - Processing AAPL
2025-04-14 13:50:59,960 - Quantum Trading Bot - ERROR - Error processing AAPL: name 'mock_check_halal_compliance' is not defined
2025-04-14 13:50:59,960 - Quantum Trading Bot - INFO - Processing MSFT
2025-04-14 13:50:59,960 - Quantum Trading Bot - ERROR - Error processing MSFT: name 'mock_check_halal_compliance' is not defined
2025-04-14 13:50:59,960 - Quantum Trading Bot - INFO - Processing NVDA
2025-04-14 13:50:59,960 - Quantum Trading Bot - ERROR - Error processing NVDA: name 'mock_check_halal_compliance' is not defined
2025-04-14 13:50:59,994 - Quantum Trading Bot - INFO - Performance metrics saved: 40/72 winning trades
2025-04-14 13:50:59,995 - Quantum Trading Bot - INFO - Sleeping for 60 seconds
2025-04-14 13:51:53,930 - Trading System - INFO - Trading Bot is alive: True
2025-04-14 13:51:53,938 - Trading System - INFO - Monitor Bot is alive: True
2025-04-14 13:51:53,938 - Trading System - INFO - Improvement Bot is alive: True
2025-04-14 13:51:59,996 - Quantum Trading Bot - INFO - Starting trading cycle
2025-04-14 13:51:59,996 - Quantum Trading Bot - INFO - Processing AAPL
2025-04-14 13:51:59,996 - Quantum Trading Bot - ERROR - Error processing AAPL: name 'mock_check_halal_compliance' is not defined
2025-04-14 13:51:59,997 - Quantum Trading Bot - INFO - Processing MSFT
2025-04-14 13:51:59,997 - Quantum Trading Bot - ERROR - Error processing MSFT: name 'mock_check_halal_compliance' is not defined
2025-04-14 13:51:59,997 - Quantum Trading Bot - INFO - Processing NVDA
2025-04-14 13:51:59,997 - Quantum Trading Bot - ERROR - Error processing NVDA: name 'mock_check_halal_compliance' is not defined
2025-04-14 13:52:00,032 - Quantum Trading Bot - INFO - Performance metrics saved: 40/72 winning trades
2025-04-14 13:52:00,033 - Quantum Trading Bot - INFO - Sleeping for 60 seconds
2025-04-14 13:52:53,943 - Trading System - INFO - Trading Bot is alive: True
2025-04-14 13:52:53,946 - Trading System - INFO - Monitor Bot is alive: True
2025-04-14 13:52:53,946 - Trading System - INFO - Improvement Bot is alive: True
2025-04-14 13:53:00,034 - Quantum Trading Bot - INFO - Starting trading cycle
2025-04-14 13:53:00,035 - Quantum Trading Bot - INFO - Processing AAPL
2025-04-14 13:53:00,035 - Quantum Trading Bot - ERROR - Error processing AAPL: name 'mock_check_halal_compliance' is not defined
2025-04-14 13:53:00,035 - Quantum Trading Bot - INFO - Processing MSFT
2025-04-14 13:53:00,035 - Quantum Trading Bot - ERROR - Error processing MSFT: name 'mock_check_halal_compliance' is not defined
2025-04-14 13:53:00,036 - Quantum Trading Bot - INFO - Processing NVDA
2025-04-14 13:53:00,036 - Quantum Trading Bot - ERROR - Error processing NVDA: name 'mock_check_halal_compliance' is not defined
2025-04-14 13:53:00,076 - Quantum Trading Bot - INFO - Performance metrics saved: 40/72 winning trades
2025-04-14 13:53:00,076 - Quantum Trading Bot - INFO - Sleeping for 60 seconds
2025-04-14 13:53:53,951 - Trading System - INFO - Trading Bot is alive: True
2025-04-14 13:53:53,954 - Trading System - INFO - Monitor Bot is alive: True
2025-04-14 13:53:53,954 - Trading System - INFO - Improvement Bot is alive: True
2025-04-14 13:54:00,080 - Quantum Trading Bot - INFO - Starting trading cycle
2025-04-14 13:54:00,081 - Quantum Trading Bot - INFO - Processing AAPL
2025-04-14 13:54:00,081 - Quantum Trading Bot - ERROR - Error processing AAPL: name 'mock_check_halal_compliance' is not defined
2025-04-14 13:54:00,081 - Quantum Trading Bot - INFO - Processing MSFT
2025-04-14 13:54:00,081 - Quantum Trading Bot - ERROR - Error processing MSFT: name 'mock_check_halal_compliance' is not defined
2025-04-14 13:54:00,081 - Quantum Trading Bot - INFO - Processing NVDA
2025-04-14 13:54:00,081 - Quantum Trading Bot - ERROR - Error processing NVDA: name 'mock_check_halal_compliance' is not defined
2025-04-14 13:54:00,113 - Quantum Trading Bot - INFO - Performance metrics saved: 40/72 winning trades
2025-04-14 13:54:00,113 - Quantum Trading Bot - INFO - Not enough quantum predictions to update model
2025-04-14 13:54:00,113 - Quantum Trading Bot - INFO - Sleeping for 60 seconds
2025-04-14 13:54:53,959 - Trading System - INFO - Trading Bot is alive: True
2025-04-14 13:54:53,962 - Trading System - INFO - Monitor Bot is alive: True
2025-04-14 13:54:53,962 - Trading System - INFO - Improvement Bot is alive: True
2025-04-14 13:55:00,120 - Quantum Trading Bot - INFO - Starting trading cycle
2025-04-14 13:55:00,120 - Quantum Trading Bot - INFO - Processing AAPL
2025-04-14 13:55:00,120 - Quantum Trading Bot - ERROR - Error processing AAPL: name 'mock_check_halal_compliance' is not defined
2025-04-14 13:55:00,120 - Quantum Trading Bot - INFO - Processing MSFT
2025-04-14 13:55:00,120 - Quantum Trading Bot - ERROR - Error processing MSFT: name 'mock_check_halal_compliance' is not defined
2025-04-14 13:55:00,120 - Quantum Trading Bot - INFO - Processing NVDA
2025-04-14 13:55:00,120 - Quantum Trading Bot - ERROR - Error processing NVDA: name 'mock_check_halal_compliance' is not defined
2025-04-14 13:55:00,161 - Quantum Trading Bot - INFO - Performance metrics saved: 40/72 winning trades
2025-04-14 13:55:00,161 - Quantum Trading Bot - INFO - Sleeping for 60 seconds
2025-04-14 13:55:53,967 - Trading System - INFO - Trading Bot is alive: True
2025-04-14 13:55:53,970 - Trading System - INFO - Monitor Bot is alive: True
2025-04-14 13:55:53,971 - Trading System - INFO - Improvement Bot is alive: True
2025-04-14 13:56:00,166 - Quantum Trading Bot - INFO - Starting trading cycle
2025-04-14 13:56:00,167 - Quantum Trading Bot - INFO - Processing AAPL
2025-04-14 13:56:00,167 - Quantum Trading Bot - ERROR - Error processing AAPL: name 'mock_check_halal_compliance' is not defined
2025-04-14 13:56:00,167 - Quantum Trading Bot - INFO - Processing MSFT
2025-04-14 13:56:00,168 - Quantum Trading Bot - ERROR - Error processing MSFT: name 'mock_check_halal_compliance' is not defined
2025-04-14 13:56:00,168 - Quantum Trading Bot - INFO - Processing NVDA
2025-04-14 13:56:00,168 - Quantum Trading Bot - ERROR - Error processing NVDA: name 'mock_check_halal_compliance' is not defined
2025-04-14 13:56:00,200 - Quantum Trading Bot - INFO - Performance metrics saved: 40/72 winning trades
2025-04-14 13:56:00,201 - Quantum Trading Bot - INFO - Sleeping for 60 seconds
2025-04-14 13:56:53,976 - Trading System - INFO - Trading Bot is alive: True
2025-04-14 13:56:53,979 - Trading System - INFO - Monitor Bot is alive: True
2025-04-14 13:56:53,980 - Trading System - INFO - Improvement Bot is alive: True
2025-04-14 13:57:00,206 - Quantum Trading Bot - INFO - Starting trading cycle
2025-04-14 13:57:00,206 - Quantum Trading Bot - INFO - Processing AAPL
2025-04-14 13:57:00,206 - Quantum Trading Bot - ERROR - Error processing AAPL: name 'mock_check_halal_compliance' is not defined
2025-04-14 13:57:00,206 - Quantum Trading Bot - INFO - Processing MSFT
2025-04-14 13:57:00,207 - Quantum Trading Bot - ERROR - Error processing MSFT: name 'mock_check_halal_compliance' is not defined
2025-04-14 13:57:00,207 - Quantum Trading Bot - INFO - Processing NVDA
2025-04-14 13:57:00,207 - Quantum Trading Bot - ERROR - Error processing NVDA: name 'mock_check_halal_compliance' is not defined
2025-04-14 13:57:00,243 - Quantum Trading Bot - INFO - Performance metrics saved: 40/72 winning trades
2025-04-14 13:57:00,244 - Quantum Trading Bot - INFO - Sleeping for 60 seconds
2025-04-14 13:57:53,982 - Trading System - INFO - Trading Bot is alive: True
2025-04-14 13:57:53,983 - Trading System - INFO - Monitor Bot is alive: True
2025-04-14 13:57:53,983 - Trading System - INFO - Improvement Bot is alive: True
2025-04-14 13:58:00,248 - Quantum Trading Bot - INFO - Starting trading cycle
2025-04-14 13:58:00,249 - Quantum Trading Bot - INFO - Processing AAPL
2025-04-14 13:58:00,249 - Quantum Trading Bot - ERROR - Error processing AAPL: name 'mock_check_halal_compliance' is not defined
2025-04-14 13:58:00,249 - Quantum Trading Bot - INFO - Processing MSFT
2025-04-14 13:58:00,249 - Quantum Trading Bot - ERROR - Error processing MSFT: name 'mock_check_halal_compliance' is not defined
2025-04-14 13:58:00,249 - Quantum Trading Bot - INFO - Processing NVDA
2025-04-14 13:58:00,249 - Quantum Trading Bot - ERROR - Error processing NVDA: name 'mock_check_halal_compliance' is not defined
2025-04-14 13:58:00,284 - Quantum Trading Bot - INFO - Performance metrics saved: 40/72 winning trades
2025-04-14 13:58:00,284 - Quantum Trading Bot - INFO - Sleeping for 60 seconds
2025-04-14 13:58:53,989 - Trading System - INFO - Trading Bot is alive: True
2025-04-14 13:58:53,993 - Trading System - INFO - Monitor Bot is alive: True
2025-04-14 13:58:53,993 - Trading System - INFO - Improvement Bot is alive: True
2025-04-14 13:59:00,289 - Quantum Trading Bot - INFO - Starting trading cycle
2025-04-14 13:59:00,289 - Quantum Trading Bot - INFO - Processing AAPL
2025-04-14 13:59:00,289 - Quantum Trading Bot - ERROR - Error processing AAPL: name 'mock_check_halal_compliance' is not defined
2025-04-14 13:59:00,289 - Quantum Trading Bot - INFO - Processing MSFT
2025-04-14 13:59:00,290 - Quantum Trading Bot - ERROR - Error processing MSFT: name 'mock_check_halal_compliance' is not defined
2025-04-14 13:59:00,290 - Quantum Trading Bot - INFO - Processing NVDA
2025-04-14 13:59:00,290 - Quantum Trading Bot - ERROR - Error processing NVDA: name 'mock_check_halal_compliance' is not defined
2025-04-14 13:59:00,328 - Quantum Trading Bot - INFO - Performance metrics saved: 40/72 winning trades
2025-04-14 13:59:00,328 - Quantum Trading Bot - INFO - Sleeping for 60 seconds
2025-04-14 13:59:53,998 - Trading System - INFO - Trading Bot is alive: True
2025-04-14 13:59:54,002 - Trading System - INFO - Monitor Bot is alive: True
2025-04-14 13:59:54,002 - Trading System - INFO - Improvement Bot is alive: True
2025-04-14 14:00:00,333 - Quantum Trading Bot - INFO - Starting trading cycle
2025-04-14 14:00:00,333 - Quantum Trading Bot - INFO - Processing AAPL
2025-04-14 14:00:00,334 - Quantum Trading Bot - ERROR - Error processing AAPL: name 'mock_check_halal_compliance' is not defined
2025-04-14 14:00:00,334 - Quantum Trading Bot - INFO - Processing MSFT
2025-04-14 14:00:00,334 - Quantum Trading Bot - ERROR - Error processing MSFT: name 'mock_check_halal_compliance' is not defined
2025-04-14 14:00:00,334 - Quantum Trading Bot - INFO - Processing NVDA
2025-04-14 14:00:00,334 - Quantum Trading Bot - ERROR - Error processing NVDA: name 'mock_check_halal_compliance' is not defined
2025-04-14 14:00:00,372 - Quantum Trading Bot - INFO - Performance metrics saved: 40/72 winning trades
2025-04-14 14:00:00,372 - Quantum Trading Bot - INFO - Sleeping for 60 seconds
2025-04-14 14:00:54,006 - Trading System - INFO - Trading Bot is alive: True
2025-04-14 14:00:54,010 - Trading System - INFO - Monitor Bot is alive: True
2025-04-14 14:00:54,010 - Trading System - INFO - Improvement Bot is alive: True
2025-04-14 14:01:00,377 - Quantum Trading Bot - INFO - Starting trading cycle
2025-04-14 14:01:00,377 - Quantum Trading Bot - INFO - Processing AAPL
2025-04-14 14:01:00,378 - Quantum Trading Bot - ERROR - Error processing AAPL: name 'mock_check_halal_compliance' is not defined
2025-04-14 14:01:00,378 - Quantum Trading Bot - INFO - Processing MSFT
2025-04-14 14:01:00,378 - Quantum Trading Bot - ERROR - Error processing MSFT: name 'mock_check_halal_compliance' is not defined
2025-04-14 14:01:00,378 - Quantum Trading Bot - INFO - Processing NVDA
2025-04-14 14:01:00,378 - Quantum Trading Bot - ERROR - Error processing NVDA: name 'mock_check_halal_compliance' is not defined
2025-04-14 14:01:00,424 - Quantum Trading Bot - INFO - Performance metrics saved: 40/72 winning trades
2025-04-14 14:01:00,425 - Quantum Trading Bot - INFO - Sleeping for 60 seconds
2025-04-14 14:01:54,014 - Trading System - INFO - Trading Bot is alive: True
2025-04-14 14:01:54,017 - Trading System - INFO - Monitor Bot is alive: True
2025-04-14 14:01:54,017 - Trading System - INFO - Improvement Bot is alive: True
2025-04-14 14:02:00,430 - Quantum Trading Bot - INFO - Starting trading cycle
2025-04-14 14:02:00,430 - Quantum Trading Bot - INFO - Processing AAPL
2025-04-14 14:02:00,430 - Quantum Trading Bot - ERROR - Error processing AAPL: name 'mock_check_halal_compliance' is not defined
2025-04-14 14:02:00,431 - Quantum Trading Bot - INFO - Processing MSFT
2025-04-14 14:02:00,431 - Quantum Trading Bot - ERROR - Error processing MSFT: name 'mock_check_halal_compliance' is not defined
2025-04-14 14:02:00,431 - Quantum Trading Bot - INFO - Processing NVDA
2025-04-14 14:02:00,431 - Quantum Trading Bot - ERROR - Error processing NVDA: name 'mock_check_halal_compliance' is not defined
2025-04-14 14:02:00,469 - Quantum Trading Bot - INFO - Performance metrics saved: 40/72 winning trades
2025-04-14 14:02:00,470 - Quantum Trading Bot - INFO - Sleeping for 60 seconds
2025-04-14 14:02:54,020 - Trading System - INFO - Trading Bot is alive: True
2025-04-14 14:02:54,021 - Trading System - INFO - Monitor Bot is alive: True
2025-04-14 14:02:54,021 - Trading System - INFO - Improvement Bot is alive: True
2025-04-14 14:03:00,474 - Quantum Trading Bot - INFO - Starting trading cycle
2025-04-14 14:03:00,475 - Quantum Trading Bot - INFO - Processing AAPL
2025-04-14 14:03:00,476 - Quantum Trading Bot - ERROR - Error processing AAPL: name 'mock_check_halal_compliance' is not defined
2025-04-14 14:03:00,476 - Quantum Trading Bot - INFO - Processing MSFT
2025-04-14 14:03:00,476 - Quantum Trading Bot - ERROR - Error processing MSFT: name 'mock_check_halal_compliance' is not defined
2025-04-14 14:03:00,476 - Quantum Trading Bot - INFO - Processing NVDA
2025-04-14 14:03:00,476 - Quantum Trading Bot - ERROR - Error processing NVDA: name 'mock_check_halal_compliance' is not defined
2025-04-14 14:03:00,512 - Quantum Trading Bot - INFO - Performance metrics saved: 40/72 winning trades
2025-04-14 14:03:00,513 - Quantum Trading Bot - INFO - Sleeping for 60 seconds
2025-04-14 14:03:54,026 - Trading System - INFO - Trading Bot is alive: True
2025-04-14 14:03:54,028 - Trading System - INFO - Monitor Bot is alive: True
2025-04-14 14:03:54,029 - Trading System - INFO - Improvement Bot is alive: True
2025-04-14 14:04:00,517 - Quantum Trading Bot - INFO - Starting trading cycle
2025-04-14 14:04:00,518 - Quantum Trading Bot - INFO - Processing AAPL
2025-04-14 14:04:00,518 - Quantum Trading Bot - ERROR - Error processing AAPL: name 'mock_check_halal_compliance' is not defined
2025-04-14 14:04:00,518 - Quantum Trading Bot - INFO - Processing MSFT
2025-04-14 14:04:00,518 - Quantum Trading Bot - ERROR - Error processing MSFT: name 'mock_check_halal_compliance' is not defined
2025-04-14 14:04:00,519 - Quantum Trading Bot - INFO - Processing NVDA
2025-04-14 14:04:00,519 - Quantum Trading Bot - ERROR - Error processing NVDA: name 'mock_check_halal_compliance' is not defined
2025-04-14 14:04:00,556 - Quantum Trading Bot - INFO - Performance metrics saved: 40/72 winning trades
2025-04-14 14:04:00,557 - Quantum Trading Bot - INFO - Not enough quantum predictions to update model
2025-04-14 14:04:00,588 - Quantum Trading Bot - INFO - Quantum device error rate: 0.0447
2025-04-14 14:04:00,590 - Quantum Trading Bot - INFO - Quantum portfolio optimization complete: {'AAPL': np.float64(0.3406520292747838), 'MSFT': np.float64(0.3379906852960745), 'NVDA': np.float64(0.32135728542914166)}
2025-04-14 14:04:00,590 - Quantum Trading Bot - INFO - Optimal portfolio weights: {'AAPL': np.float64(0.3406520292747838), 'MSFT': np.float64(0.3379906852960745), 'NVDA': np.float64(0.32135728542914166)}
2025-04-14 14:04:00,591 - Quantum Trading Bot - INFO - Sleeping for 60 seconds
2025-04-14 14:04:54,033 - Trading System - INFO - Trading Bot is alive: True
2025-04-14 14:04:54,034 - Trading System - INFO - Monitor Bot is alive: True
2025-04-14 14:04:54,034 - Trading System - INFO - Improvement Bot is alive: True
2025-04-14 14:05:00,595 - Quantum Trading Bot - INFO - Starting trading cycle
2025-04-14 14:05:00,596 - Quantum Trading Bot - INFO - Processing AAPL
2025-04-14 14:05:00,597 - Quantum Trading Bot - ERROR - Error processing AAPL: name 'mock_check_halal_compliance' is not defined
2025-04-14 14:05:00,597 - Quantum Trading Bot - INFO - Processing MSFT
2025-04-14 14:05:00,597 - Quantum Trading Bot - ERROR - Error processing MSFT: name 'mock_check_halal_compliance' is not defined
2025-04-14 14:05:00,597 - Quantum Trading Bot - INFO - Processing NVDA
2025-04-14 14:05:00,597 - Quantum Trading Bot - ERROR - Error processing NVDA: name 'mock_check_halal_compliance' is not defined
2025-04-14 14:05:00,634 - Quantum Trading Bot - INFO - Performance metrics saved: 40/72 winning trades
2025-04-14 14:05:00,635 - Quantum Trading Bot - INFO - Sleeping for 60 seconds
2025-04-14 14:05:54,036 - Trading System - INFO - Trading Bot is alive: True
2025-04-14 14:05:54,038 - Trading System - INFO - Monitor Bot is alive: True
2025-04-14 14:05:54,039 - Trading System - INFO - Improvement Bot is alive: True
2025-04-14 14:06:00,639 - Quantum Trading Bot - INFO - Starting trading cycle
2025-04-14 14:06:00,640 - Quantum Trading Bot - INFO - Processing AAPL
2025-04-14 14:06:00,640 - Quantum Trading Bot - ERROR - Error processing AAPL: name 'mock_check_halal_compliance' is not defined
2025-04-14 14:06:00,640 - Quantum Trading Bot - INFO - Processing MSFT
2025-04-14 14:06:00,640 - Quantum Trading Bot - ERROR - Error processing MSFT: name 'mock_check_halal_compliance' is not defined
2025-04-14 14:06:00,641 - Quantum Trading Bot - INFO - Processing NVDA
2025-04-14 14:06:00,641 - Quantum Trading Bot - ERROR - Error processing NVDA: name 'mock_check_halal_compliance' is not defined
2025-04-14 14:06:00,681 - Quantum Trading Bot - INFO - Performance metrics saved: 40/72 winning trades
2025-04-14 14:06:00,681 - Quantum Trading Bot - INFO - Sleeping for 60 seconds
2025-04-14 14:06:54,040 - Trading System - INFO - Trading Bot is alive: True
2025-04-14 14:06:54,042 - Trading System - INFO - Monitor Bot is alive: True
2025-04-14 14:06:54,042 - Trading System - INFO - Improvement Bot is alive: True
2025-04-14 14:07:00,685 - Quantum Trading Bot - INFO - Starting trading cycle
2025-04-14 14:07:00,686 - Quantum Trading Bot - INFO - Processing AAPL
2025-04-14 14:07:00,687 - Quantum Trading Bot - ERROR - Error processing AAPL: name 'mock_check_halal_compliance' is not defined
2025-04-14 14:07:00,687 - Quantum Trading Bot - INFO - Processing MSFT
2025-04-14 14:07:00,687 - Quantum Trading Bot - ERROR - Error processing MSFT: name 'mock_check_halal_compliance' is not defined
2025-04-14 14:07:00,687 - Quantum Trading Bot - INFO - Processing NVDA
2025-04-14 14:07:00,687 - Quantum Trading Bot - ERROR - Error processing NVDA: name 'mock_check_halal_compliance' is not defined
2025-04-14 14:07:00,724 - Quantum Trading Bot - INFO - Performance metrics saved: 40/72 winning trades
2025-04-14 14:07:00,725 - Quantum Trading Bot - INFO - Sleeping for 60 seconds
2025-04-14 14:07:54,048 - Trading System - INFO - Trading Bot is alive: True
2025-04-14 14:07:54,051 - Trading System - INFO - Monitor Bot is alive: True
2025-04-14 14:07:54,051 - Trading System - INFO - Improvement Bot is alive: True
2025-04-14 14:08:00,729 - Quantum Trading Bot - INFO - Starting trading cycle
2025-04-14 14:08:00,730 - Quantum Trading Bot - INFO - Processing AAPL
2025-04-14 14:08:00,731 - Quantum Trading Bot - ERROR - Error processing AAPL: name 'mock_check_halal_compliance' is not defined
2025-04-14 14:08:00,731 - Quantum Trading Bot - INFO - Processing MSFT
2025-04-14 14:08:00,731 - Quantum Trading Bot - ERROR - Error processing MSFT: name 'mock_check_halal_compliance' is not defined
2025-04-14 14:08:00,731 - Quantum Trading Bot - INFO - Processing NVDA
2025-04-14 14:08:00,731 - Quantum Trading Bot - ERROR - Error processing NVDA: name 'mock_check_halal_compliance' is not defined
2025-04-14 14:08:00,767 - Quantum Trading Bot - INFO - Performance metrics saved: 40/72 winning trades
2025-04-14 14:08:00,767 - Quantum Trading Bot - INFO - Sleeping for 60 seconds
2025-04-14 14:08:54,060 - Trading System - INFO - Trading Bot is alive: True
2025-04-14 14:08:54,061 - Trading System - INFO - Monitor Bot is alive: True
2025-04-14 14:08:54,062 - Trading System - INFO - Improvement Bot is alive: True
2025-04-14 14:09:00,777 - Quantum Trading Bot - INFO - Starting trading cycle
2025-04-14 14:09:00,777 - Quantum Trading Bot - INFO - Processing AAPL
2025-04-14 14:09:00,777 - Quantum Trading Bot - ERROR - Error processing AAPL: name 'mock_check_halal_compliance' is not defined
2025-04-14 14:09:00,778 - Quantum Trading Bot - INFO - Processing MSFT
2025-04-14 14:09:00,778 - Quantum Trading Bot - ERROR - Error processing MSFT: name 'mock_check_halal_compliance' is not defined
2025-04-14 14:09:00,778 - Quantum Trading Bot - INFO - Processing NVDA
2025-04-14 14:09:00,778 - Quantum Trading Bot - ERROR - Error processing NVDA: name 'mock_check_halal_compliance' is not defined
2025-04-14 14:09:00,818 - Quantum Trading Bot - INFO - Performance metrics saved: 40/72 winning trades
2025-04-14 14:09:00,818 - Quantum Trading Bot - INFO - Sleeping for 60 seconds
2025-04-14 14:09:54,070 - Trading System - INFO - Trading Bot is alive: True
2025-04-14 14:09:54,074 - Trading System - INFO - Monitor Bot is alive: True
2025-04-14 14:09:54,074 - Trading System - INFO - Improvement Bot is alive: True
2025-04-14 14:10:00,828 - Quantum Trading Bot - INFO - Starting trading cycle
2025-04-14 14:10:00,829 - Quantum Trading Bot - INFO - Processing AAPL
2025-04-14 14:10:00,829 - Quantum Trading Bot - ERROR - Error processing AAPL: name 'mock_check_halal_compliance' is not defined
2025-04-14 14:10:00,830 - Quantum Trading Bot - INFO - Processing MSFT
2025-04-14 14:10:00,830 - Quantum Trading Bot - ERROR - Error processing MSFT: name 'mock_check_halal_compliance' is not defined
2025-04-14 14:10:00,830 - Quantum Trading Bot - INFO - Processing NVDA
2025-04-14 14:10:00,830 - Quantum Trading Bot - ERROR - Error processing NVDA: name 'mock_check_halal_compliance' is not defined
2025-04-14 14:10:00,868 - Quantum Trading Bot - INFO - Performance metrics saved: 40/72 winning trades
2025-04-14 14:10:00,868 - Quantum Trading Bot - INFO - Sleeping for 60 seconds
2025-04-14 14:10:54,074 - Trading System - INFO - Trading Bot is alive: True
2025-04-14 14:10:54,076 - Trading System - INFO - Monitor Bot is alive: True
2025-04-14 14:10:54,077 - Trading System - INFO - Improvement Bot is alive: True
2025-04-14 14:11:00,877 - Quantum Trading Bot - INFO - Starting trading cycle
2025-04-14 14:11:00,878 - Quantum Trading Bot - INFO - Processing AAPL
2025-04-14 14:11:00,878 - Quantum Trading Bot - ERROR - Error processing AAPL: name 'mock_check_halal_compliance' is not defined
2025-04-14 14:11:00,878 - Quantum Trading Bot - INFO - Processing MSFT
2025-04-14 14:11:00,878 - Quantum Trading Bot - ERROR - Error processing MSFT: name 'mock_check_halal_compliance' is not defined
2025-04-14 14:11:00,878 - Quantum Trading Bot - INFO - Processing NVDA
2025-04-14 14:11:00,878 - Quantum Trading Bot - ERROR - Error processing NVDA: name 'mock_check_halal_compliance' is not defined
2025-04-14 14:11:00,912 - Quantum Trading Bot - INFO - Performance metrics saved: 40/72 winning trades
2025-04-14 14:11:00,913 - Quantum Trading Bot - INFO - Sleeping for 60 seconds
2025-04-14 14:11:54,085 - Trading System - INFO - Trading Bot is alive: True
2025-04-14 14:11:54,087 - Trading System - INFO - Monitor Bot is alive: True
2025-04-14 14:11:54,088 - Trading System - INFO - Improvement Bot is alive: True
2025-04-14 14:12:00,922 - Quantum Trading Bot - INFO - Starting trading cycle
2025-04-14 14:12:00,924 - Quantum Trading Bot - INFO - Processing AAPL
2025-04-14 14:12:00,924 - Quantum Trading Bot - ERROR - Error processing AAPL: name 'mock_check_halal_compliance' is not defined
2025-04-14 14:12:00,924 - Quantum Trading Bot - INFO - Processing MSFT
2025-04-14 14:12:00,924 - Quantum Trading Bot - ERROR - Error processing MSFT: name 'mock_check_halal_compliance' is not defined
2025-04-14 14:12:00,924 - Quantum Trading Bot - INFO - Processing NVDA
2025-04-14 14:12:00,924 - Quantum Trading Bot - ERROR - Error processing NVDA: name 'mock_check_halal_compliance' is not defined
2025-04-14 14:12:00,961 - Quantum Trading Bot - INFO - Performance metrics saved: 40/72 winning trades
2025-04-14 14:12:00,961 - Quantum Trading Bot - INFO - Sleeping for 60 seconds
2025-04-14 14:13:22,632 - Trading System - INFO - Trading Bot is alive: True
2025-04-14 14:13:22,640 - Trading System - INFO - Monitor Bot is alive: True
2025-04-14 14:13:22,640 - Trading System - INFO - Improvement Bot is alive: True
2025-04-14 14:13:29,505 - Quantum Trading Bot - INFO - Starting trading cycle
2025-04-14 14:13:29,507 - Quantum Trading Bot - INFO - Processing AAPL
2025-04-14 14:13:29,507 - Quantum Trading Bot - ERROR - Error processing AAPL: name 'mock_check_halal_compliance' is not defined
2025-04-14 14:13:29,507 - Quantum Trading Bot - INFO - Processing MSFT
2025-04-14 14:13:29,508 - Quantum Trading Bot - ERROR - Error processing MSFT: name 'mock_check_halal_compliance' is not defined
2025-04-14 14:13:29,508 - Quantum Trading Bot - INFO - Processing NVDA
2025-04-14 14:13:29,508 - Quantum Trading Bot - ERROR - Error processing NVDA: name 'mock_check_halal_compliance' is not defined
2025-04-14 14:13:29,544 - Quantum Trading Bot - INFO - Performance metrics saved: 40/72 winning trades
2025-04-14 14:13:29,544 - Quantum Trading Bot - INFO - Sleeping for 60 seconds
2025-04-14 14:29:50,200 - Trading System - INFO - Trading Bot is alive: True
2025-04-14 14:29:50,203 - Trading System - INFO - Monitor Bot is alive: True
2025-04-14 14:29:50,203 - Trading System - INFO - Improvement Bot is alive: True
2025-04-14 14:29:57,104 - Quantum Trading Bot - INFO - Starting trading cycle
2025-04-14 14:29:57,105 - Quantum Trading Bot - INFO - Processing AAPL
2025-04-14 14:29:57,105 - Quantum Trading Bot - ERROR - Error processing AAPL: name 'mock_check_halal_compliance' is not defined
2025-04-14 14:29:57,105 - Quantum Trading Bot - INFO - Processing MSFT
2025-04-14 14:29:57,105 - Quantum Trading Bot - ERROR - Error processing MSFT: name 'mock_check_halal_compliance' is not defined
2025-04-14 14:29:57,105 - Quantum Trading Bot - INFO - Processing NVDA
2025-04-14 14:29:57,106 - Quantum Trading Bot - ERROR - Error processing NVDA: name 'mock_check_halal_compliance' is not defined
2025-04-14 14:29:57,143 - Quantum Trading Bot - INFO - Performance metrics saved: 40/72 winning trades
2025-04-14 14:29:57,144 - Quantum Trading Bot - INFO - Not enough quantum predictions to update model
2025-04-14 14:29:57,144 - Quantum Trading Bot - INFO - Sleeping for 60 seconds
2025-04-14 14:46:04,103 - Trading System - INFO - Trading Bot is alive: True
2025-04-14 14:46:04,105 - Trading System - INFO - Monitor Bot is alive: True
2025-04-14 14:46:04,105 - Trading System - INFO - Improvement Bot is alive: True
2025-04-14 14:46:04,377 - Monitor Bot - INFO - Running scheduled task: Performance Metrics
2025-04-14 14:46:04,391 - Monitor Bot - INFO - === Performance Metrics ===
2025-04-14 14:46:04,391 - Monitor Bot - INFO - Date: 2025-04-14T14:29:57.106426
2025-04-14 14:46:04,391 - Monitor Bot - INFO - Total Trades: 72
2025-04-14 14:46:04,391 - Monitor Bot - INFO - Win Rate: 55.56%
2025-04-14 14:46:04,391 - Monitor Bot - INFO - Total Profit: $18.27
2025-04-14 14:46:04,391 - Monitor Bot - INFO - Average Profit per Trade: $0.25
2025-04-14 14:46:04,391 - Monitor Bot - INFO - Average Profit Percentage: 0.09%
2025-04-14 14:46:04,391 - Monitor Bot - INFO - Maximum Drawdown: 0.10%
2025-04-14 14:46:04,391 - Monitor Bot - INFO - ============================
2025-04-14 14:46:04,406 - Monitor Bot - INFO - Task Performance Metrics completed successfully
2025-04-14 14:46:11,040 - Quantum Trading Bot - INFO - Starting trading cycle
2025-04-14 14:46:11,041 - Quantum Trading Bot - INFO - Processing AAPL
2025-04-14 14:46:11,041 - Quantum Trading Bot - ERROR - Error processing AAPL: name 'mock_check_halal_compliance' is not defined
2025-04-14 14:46:11,041 - Quantum Trading Bot - INFO - Processing MSFT
2025-04-14 14:46:11,042 - Quantum Trading Bot - ERROR - Error processing MSFT: name 'mock_check_halal_compliance' is not defined
2025-04-14 14:46:11,042 - Quantum Trading Bot - INFO - Processing NVDA
2025-04-14 14:46:11,042 - Quantum Trading Bot - ERROR - Error processing NVDA: name 'mock_check_halal_compliance' is not defined
2025-04-14 14:46:11,080 - Quantum Trading Bot - INFO - Performance metrics saved: 40/72 winning trades
2025-04-14 14:46:11,080 - Quantum Trading Bot - INFO - Sleeping for 60 seconds
2025-04-14 15:02:04,523 - Trading System - INFO - Trading Bot is alive: True
2025-04-14 15:02:04,526 - Trading System - INFO - Monitor Bot is alive: True
2025-04-14 15:02:04,526 - Trading System - INFO - Improvement Bot is alive: True
2025-04-14 15:19:44,422 - Quantum Trading Bot - INFO - Starting trading cycle
2025-04-14 15:19:44,424 - Quantum Trading Bot - INFO - Processing AAPL
2025-04-14 15:19:44,424 - Quantum Trading Bot - ERROR - Error processing AAPL: name 'mock_check_halal_compliance' is not defined
2025-04-14 15:19:44,425 - Quantum Trading Bot - INFO - Processing MSFT
2025-04-14 15:19:44,425 - Quantum Trading Bot - ERROR - Error processing MSFT: name 'mock_check_halal_compliance' is not defined
2025-04-14 15:19:44,425 - Quantum Trading Bot - INFO - Processing NVDA
2025-04-14 15:19:44,425 - Quantum Trading Bot - ERROR - Error processing NVDA: name 'mock_check_halal_compliance' is not defined
2025-04-14 15:19:44,462 - Quantum Trading Bot - INFO - Performance metrics saved: 40/72 winning trades
2025-04-14 15:19:44,462 - Quantum Trading Bot - INFO - Sleeping for 60 seconds
2025-04-14 15:36:49,318 - Trading System - INFO - Trading Bot is alive: True
2025-04-14 15:36:49,321 - Trading System - INFO - Monitor Bot is alive: True
2025-04-14 15:36:49,321 - Trading System - INFO - Improvement Bot is alive: True
2025-04-14 15:36:56,322 - Quantum Trading Bot - INFO - Starting trading cycle
2025-04-14 15:36:56,323 - Quantum Trading Bot - INFO - Processing AAPL
2025-04-14 15:36:56,323 - Quantum Trading Bot - ERROR - Error processing AAPL: name 'mock_check_halal_compliance' is not defined
2025-04-14 15:36:56,323 - Quantum Trading Bot - INFO - Processing MSFT
2025-04-14 15:36:56,324 - Quantum Trading Bot - ERROR - Error processing MSFT: name 'mock_check_halal_compliance' is not defined
2025-04-14 15:36:56,324 - Quantum Trading Bot - INFO - Processing NVDA
2025-04-14 15:36:56,324 - Quantum Trading Bot - ERROR - Error processing NVDA: name 'mock_check_halal_compliance' is not defined
2025-04-14 15:36:56,361 - Quantum Trading Bot - INFO - Performance metrics saved: 40/72 winning trades
2025-04-14 15:36:56,362 - Quantum Trading Bot - INFO - Sleeping for 60 seconds
2025-04-14 15:53:34,185 - Trading System - INFO - Trading Bot is alive: True
2025-04-14 15:53:34,188 - Trading System - INFO - Monitor Bot is alive: True
2025-04-14 15:53:34,188 - Trading System - INFO - Improvement Bot is alive: True
2025-04-14 15:53:34,490 - Monitor Bot - INFO - Running scheduled task: Performance Metrics
2025-04-14 15:53:34,497 - Monitor Bot - INFO - === Performance Metrics ===
2025-04-14 15:53:34,498 - Monitor Bot - INFO - Date: 2025-04-14T15:36:56.325021
2025-04-14 15:53:34,498 - Monitor Bot - INFO - Total Trades: 72
2025-04-14 15:53:34,498 - Monitor Bot - INFO - Win Rate: 55.56%
2025-04-14 15:53:34,498 - Monitor Bot - INFO - Total Profit: $18.27
2025-04-14 15:53:34,498 - Monitor Bot - INFO - Average Profit per Trade: $0.25
2025-04-14 15:53:34,498 - Monitor Bot - INFO - Average Profit Percentage: 0.09%
2025-04-14 15:53:34,498 - Monitor Bot - INFO - Maximum Drawdown: 0.10%
2025-04-14 15:53:34,498 - Monitor Bot - INFO - ============================
2025-04-14 15:53:34,520 - Monitor Bot - INFO - Task Performance Metrics completed successfully
2025-04-14 15:53:41,231 - Quantum Trading Bot - INFO - Starting trading cycle
2025-04-14 15:53:41,232 - Quantum Trading Bot - INFO - Processing AAPL
2025-04-14 15:53:41,232 - Quantum Trading Bot - ERROR - Error processing AAPL: name 'mock_check_halal_compliance' is not defined
2025-04-14 15:53:41,232 - Quantum Trading Bot - INFO - Processing MSFT
2025-04-14 15:53:41,232 - Quantum Trading Bot - ERROR - Error processing MSFT: name 'mock_check_halal_compliance' is not defined
2025-04-14 15:53:41,233 - Quantum Trading Bot - INFO - Processing NVDA
2025-04-14 15:53:41,233 - Quantum Trading Bot - ERROR - Error processing NVDA: name 'mock_check_halal_compliance' is not defined
2025-04-14 15:53:41,271 - Quantum Trading Bot - INFO - Performance metrics saved: 40/72 winning trades
2025-04-14 15:53:41,271 - Quantum Trading Bot - INFO - Sleeping for 60 seconds
2025-04-14 16:08:51,102 - Trading System - INFO - Trading Bot is alive: True
2025-04-14 16:08:51,105 - Trading System - INFO - Monitor Bot is alive: True
2025-04-14 16:08:51,105 - Trading System - INFO - Improvement Bot is alive: True
2025-04-14 16:08:58,184 - Quantum Trading Bot - INFO - Starting trading cycle
2025-04-14 16:08:58,185 - Quantum Trading Bot - INFO - Market is closed, waiting...
2025-04-14 16:08:58,185 - Quantum Trading Bot - INFO - Sleeping for 60 seconds
2025-04-14 16:41:47,987 - Trading System - INFO - Trading Bot is alive: True
2025-04-14 16:41:47,989 - Trading System - INFO - Monitor Bot is alive: True
2025-04-14 16:41:47,989 - Trading System - INFO - Improvement Bot is alive: True
2025-04-14 16:41:48,320 - Monitor Bot - INFO - Running scheduled task: Quantum System Health Check
2025-04-14 16:41:48,320 - Monitor Bot - INFO - Monitoring quantum system health
2025-04-14 16:41:48,322 - Monitor Bot - INFO - Average quantum error rate: 0.0427
2025-04-14 16:41:48,331 - Monitor Bot - INFO - Task Quantum System Health Check completed successfully
2025-04-14 16:41:55,067 - Quantum Trading Bot - INFO - Starting trading cycle
2025-04-14 16:41:55,069 - Quantum Trading Bot - INFO - Market is closed, waiting...
2025-04-14 16:41:55,069 - Quantum Trading Bot - INFO - Sleeping for 60 seconds
2025-04-14 16:59:24,921 - Trading System - INFO - Trading Bot is alive: True
2025-04-14 16:59:24,924 - Trading System - INFO - Monitor Bot is alive: True
2025-04-14 16:59:24,925 - Trading System - INFO - Improvement Bot is alive: True
2025-04-14 16:59:25,267 - Monitor Bot - INFO - Running scheduled task: Performance Metrics
2025-04-14 16:59:25,281 - Monitor Bot - INFO - === Performance Metrics ===
2025-04-14 16:59:25,281 - Monitor Bot - INFO - Date: 2025-04-14T15:53:41.233708
2025-04-14 16:59:25,281 - Monitor Bot - INFO - Total Trades: 72
2025-04-14 16:59:25,281 - Monitor Bot - INFO - Win Rate: 55.56%
2025-04-14 16:59:25,281 - Monitor Bot - INFO - Total Profit: $18.27
2025-04-14 16:59:25,281 - Monitor Bot - INFO - Average Profit per Trade: $0.25
2025-04-14 16:59:25,281 - Monitor Bot - INFO - Average Profit Percentage: 0.09%
2025-04-14 16:59:25,281 - Monitor Bot - INFO - Maximum Drawdown: 0.10%
2025-04-14 16:59:25,282 - Monitor Bot - INFO - ============================
2025-04-14 16:59:25,303 - Monitor Bot - INFO - Task Performance Metrics completed successfully
2025-04-14 16:59:32,001 - Quantum Trading Bot - INFO - Starting trading cycle
2025-04-14 16:59:32,001 - Quantum Trading Bot - INFO - Market is closed, waiting...
2025-04-14 16:59:32,001 - Quantum Trading Bot - INFO - Sleeping for 60 seconds
2025-04-14 17:09:43,859 - Trading System - INFO - Trading Bot is alive: True
2025-04-14 17:09:43,861 - Trading System - INFO - Monitor Bot is alive: True
2025-04-14 17:09:43,861 - Trading System - INFO - Improvement Bot is alive: True
2025-04-14 17:09:50,935 - Quantum Trading Bot - INFO - Starting trading cycle
2025-04-14 17:09:50,936 - Quantum Trading Bot - INFO - Market is closed, waiting...
2025-04-14 17:09:50,936 - Quantum Trading Bot - INFO - Sleeping for 60 seconds
2025-04-14 17:27:09,760 - Trading System - INFO - Trading Bot is alive: True
2025-04-14 17:27:09,762 - Trading System - INFO - Monitor Bot is alive: True
2025-04-14 17:27:09,762 - Trading System - INFO - Improvement Bot is alive: True
2025-04-14 17:27:16,834 - Quantum Trading Bot - INFO - Starting trading cycle
2025-04-14 17:27:16,835 - Quantum Trading Bot - INFO - Market is closed, waiting...
2025-04-14 17:27:16,835 - Quantum Trading Bot - INFO - Sleeping for 60 seconds
2025-04-14 17:44:37,676 - Trading System - INFO - Trading Bot is alive: True
2025-04-14 17:44:37,678 - Trading System - INFO - Monitor Bot is alive: True
2025-04-14 17:44:37,678 - Trading System - INFO - Improvement Bot is alive: True
2025-04-14 17:44:44,749 - Quantum Trading Bot - INFO - Starting trading cycle
2025-04-14 17:44:44,750 - Quantum Trading Bot - INFO - Market is closed, waiting...
2025-04-14 17:44:44,750 - Quantum Trading Bot - INFO - Sleeping for 60 seconds
2025-04-14 18:01:49,225 - Trading System - INFO - Trading Bot is alive: True
2025-04-14 18:01:49,227 - Trading System - INFO - Monitor Bot is alive: True
2025-04-14 18:01:49,227 - Trading System - INFO - Improvement Bot is alive: True
2025-04-14 18:01:49,605 - Monitor Bot - INFO - Running scheduled task: Performance Metrics
2025-04-14 18:01:49,621 - Monitor Bot - INFO - === Performance Metrics ===
2025-04-14 18:01:49,622 - Monitor Bot - INFO - Date: 2025-04-14T15:53:41.233708
2025-04-14 18:01:49,622 - Monitor Bot - INFO - Total Trades: 72
2025-04-14 18:01:49,622 - Monitor Bot - INFO - Win Rate: 55.56%
2025-04-14 18:01:49,622 - Monitor Bot - INFO - Total Profit: $18.27
2025-04-14 18:01:49,622 - Monitor Bot - INFO - Average Profit per Trade: $0.25
2025-04-14 18:01:49,622 - Monitor Bot - INFO - Average Profit Percentage: 0.09%
2025-04-14 18:01:49,622 - Monitor Bot - INFO - Maximum Drawdown: 0.10%
2025-04-14 18:01:49,622 - Monitor Bot - INFO - ============================
2025-04-14 18:01:49,636 - Monitor Bot - INFO - Task Performance Metrics completed successfully
2025-04-14 18:01:56,296 - Quantum Trading Bot - INFO - Starting trading cycle
2025-04-14 18:01:56,297 - Quantum Trading Bot - INFO - Market is closed, waiting...
2025-04-14 18:01:56,297 - Quantum Trading Bot - INFO - Sleeping for 60 seconds
2025-04-14 18:10:33,428 - Trading System - INFO - Trading Bot is alive: True
2025-04-14 18:10:33,431 - Trading System - INFO - Monitor Bot is alive: True
2025-04-14 18:10:33,431 - Trading System - INFO - Improvement Bot is alive: True
2025-04-14 18:10:40,497 - Quantum Trading Bot - INFO - Starting trading cycle
2025-04-14 18:10:40,497 - Quantum Trading Bot - INFO - Market is closed, waiting...
2025-04-14 18:10:40,498 - Quantum Trading Bot - INFO - Sleeping for 60 seconds
2025-04-14 18:27:29,352 - Trading System - INFO - Trading Bot is alive: True
2025-04-14 18:27:29,355 - Trading System - INFO - Monitor Bot is alive: True
2025-04-14 18:27:29,355 - Trading System - INFO - Improvement Bot is alive: True
2025-04-14 18:27:36,417 - Quantum Trading Bot - INFO - Starting trading cycle
2025-04-14 18:27:36,419 - Quantum Trading Bot - INFO - Market is closed, waiting...
2025-04-14 18:27:36,419 - Quantum Trading Bot - INFO - Sleeping for 60 seconds
2025-04-14 18:43:32,282 - Trading System - INFO - Trading Bot is alive: True
2025-04-14 18:43:32,283 - Trading System - INFO - Monitor Bot is alive: True
2025-04-14 18:43:32,284 - Trading System - INFO - Improvement Bot is alive: True
2025-04-14 18:43:39,345 - Quantum Trading Bot - INFO - Starting trading cycle
2025-04-14 18:43:39,346 - Quantum Trading Bot - INFO - Market is closed, waiting...
2025-04-14 18:43:39,346 - Quantum Trading Bot - INFO - Sleeping for 60 seconds
2025-04-14 19:00:44,051 - Trading System - INFO - Trading Bot is alive: True
2025-04-14 19:00:44,052 - Trading System - INFO - Monitor Bot is alive: True
2025-04-14 19:00:44,052 - Trading System - INFO - Improvement Bot is alive: True
2025-04-14 19:00:51,114 - Quantum Trading Bot - INFO - Starting trading cycle
2025-04-14 19:00:51,114 - Quantum Trading Bot - INFO - Market is closed, waiting...
2025-04-14 19:00:51,114 - Quantum Trading Bot - INFO - Sleeping for 60 seconds
2025-04-14 19:19:49,933 - Trading System - INFO - Trading Bot is alive: True
2025-04-14 19:19:49,937 - Trading System - INFO - Monitor Bot is alive: True
2025-04-14 19:19:49,937 - Trading System - INFO - Improvement Bot is alive: True
2025-04-14 19:19:50,345 - Monitor Bot - INFO - Running scheduled task: Performance Metrics
2025-04-14 19:19:50,358 - Monitor Bot - INFO - === Performance Metrics ===
2025-04-14 19:19:50,358 - Monitor Bot - INFO - Date: 2025-04-14T15:53:41.233708
2025-04-14 19:19:50,358 - Monitor Bot - INFO - Total Trades: 72
2025-04-14 19:19:50,358 - Monitor Bot - INFO - Win Rate: 55.56%
2025-04-14 19:19:50,359 - Monitor Bot - INFO - Total Profit: $18.27
2025-04-14 19:19:50,359 - Monitor Bot - INFO - Average Profit per Trade: $0.25
2025-04-14 19:19:50,359 - Monitor Bot - INFO - Average Profit Percentage: 0.09%
2025-04-14 19:19:50,359 - Monitor Bot - INFO - Maximum Drawdown: 0.10%
2025-04-14 19:19:50,359 - Monitor Bot - INFO - ============================
2025-04-14 19:19:50,382 - Monitor Bot - INFO - Task Performance Metrics completed successfully
2025-04-14 19:19:56,996 - Quantum Trading Bot - INFO - Starting trading cycle
2025-04-14 19:19:56,996 - Quantum Trading Bot - INFO - Market is closed, waiting...
2025-04-14 19:19:56,996 - Quantum Trading Bot - INFO - Sleeping for 60 seconds
2025-04-14 19:25:41,922 - Trading System - INFO - Trading Bot is alive: True
2025-04-14 19:25:41,926 - Trading System - INFO - Monitor Bot is alive: True
2025-04-14 19:25:41,926 - Trading System - INFO - Improvement Bot is alive: True
2025-04-14 19:25:48,981 - Quantum Trading Bot - INFO - Starting trading cycle
2025-04-14 19:25:48,981 - Quantum Trading Bot - INFO - Market is closed, waiting...
2025-04-14 19:25:48,982 - Quantum Trading Bot - INFO - Sleeping for 60 seconds
2025-04-14 19:42:26,826 - Trading System - INFO - Trading Bot is alive: True
2025-04-14 19:42:26,829 - Trading System - INFO - Monitor Bot is alive: True
2025-04-14 19:42:26,829 - Trading System - INFO - Improvement Bot is alive: True
2025-04-14 19:42:27,273 - Monitor Bot - INFO - Running scheduled task: Quantum System Health Check
2025-04-14 19:42:27,273 - Monitor Bot - INFO - Monitoring quantum system health
2025-04-14 19:42:27,275 - Monitor Bot - INFO - Average quantum error rate: 0.0427
2025-04-14 19:42:27,281 - Monitor Bot - INFO - Task Quantum System Health Check completed successfully
2025-04-14 19:42:33,881 - Quantum Trading Bot - INFO - Starting trading cycle
2025-04-14 19:42:33,881 - Quantum Trading Bot - INFO - Market is closed, waiting...
2025-04-14 19:42:33,881 - Quantum Trading Bot - INFO - Sleeping for 60 seconds
2025-04-14 19:51:57,737 - Trading System - INFO - Trading Bot is alive: True
2025-04-14 19:51:57,739 - Trading System - INFO - Monitor Bot is alive: True
2025-04-14 19:51:57,740 - Trading System - INFO - Improvement Bot is alive: True
2025-04-14 19:52:04,788 - Quantum Trading Bot - INFO - Starting trading cycle
2025-04-14 19:52:04,790 - Quantum Trading Bot - INFO - Market is closed, waiting...
2025-04-14 19:52:04,790 - Quantum Trading Bot - INFO - Sleeping for 60 seconds
2025-04-14 20:09:38,048 - Trading System - INFO - Trading Bot is alive: True
2025-04-14 20:09:38,052 - Trading System - INFO - Monitor Bot is alive: True
2025-04-14 20:09:38,052 - Trading System - INFO - Improvement Bot is alive: True
2025-04-14 20:25:28,994 - Quantum Trading Bot - INFO - Starting trading cycle
2025-04-14 20:25:28,995 - Quantum Trading Bot - INFO - Market is closed, waiting...
2025-04-14 20:25:28,995 - Quantum Trading Bot - INFO - Sleeping for 60 seconds
2025-04-14 20:41:25,798 - Trading System - INFO - Trading Bot is alive: True
2025-04-14 20:41:25,800 - Trading System - INFO - Monitor Bot is alive: True
2025-04-14 20:41:25,801 - Trading System - INFO - Improvement Bot is alive: True
2025-04-14 20:41:26,252 - Monitor Bot - INFO - Running scheduled task: Performance Metrics
2025-04-14 20:41:26,266 - Monitor Bot - INFO - === Performance Metrics ===
2025-04-14 20:41:26,266 - Monitor Bot - INFO - Date: 2025-04-14T15:53:41.233708
2025-04-14 20:41:26,266 - Monitor Bot - INFO - Total Trades: 72
2025-04-14 20:41:26,266 - Monitor Bot - INFO - Win Rate: 55.56%
2025-04-14 20:41:26,266 - Monitor Bot - INFO - Total Profit: $18.27
2025-04-14 20:41:26,266 - Monitor Bot - INFO - Average Profit per Trade: $0.25
2025-04-14 20:41:26,266 - Monitor Bot - INFO - Average Profit Percentage: 0.09%
2025-04-14 20:41:26,266 - Monitor Bot - INFO - Maximum Drawdown: 0.10%
2025-04-14 20:41:26,266 - Monitor Bot - INFO - ============================
2025-04-14 20:41:26,280 - Monitor Bot - INFO - Task Performance Metrics completed successfully
2025-04-14 20:41:32,838 - Quantum Trading Bot - INFO - Starting trading cycle
2025-04-14 20:41:32,839 - Quantum Trading Bot - INFO - Market is closed, waiting...
2025-04-14 20:41:32,839 - Quantum Trading Bot - INFO - Sleeping for 60 seconds
2025-04-14 20:44:56,482 - Trading System - INFO - Trading Bot is alive: True
2025-04-14 20:44:56,482 - Trading System - INFO - Monitor Bot is alive: True
2025-04-14 20:44:56,482 - Trading System - INFO - Improvement Bot is alive: True
2025-04-14 20:45:03,519 - Quantum Trading Bot - INFO - Starting trading cycle
2025-04-14 20:45:03,519 - Quantum Trading Bot - INFO - Market is closed, waiting...
2025-04-14 20:45:03,520 - Quantum Trading Bot - INFO - Sleeping for 60 seconds
2025-04-14 20:58:40,809 - Trading System - INFO - Trading Bot is alive: True
2025-04-14 20:58:40,811 - Trading System - INFO - Monitor Bot is alive: True
2025-04-14 20:58:40,811 - Trading System - INFO - Improvement Bot is alive: True
2025-04-14 20:58:47,845 - Quantum Trading Bot - INFO - Starting trading cycle
2025-04-14 20:58:47,846 - Quantum Trading Bot - INFO - Market is closed, waiting...
2025-04-14 20:58:47,846 - Quantum Trading Bot - INFO - Sleeping for 60 seconds
2025-04-14 21:15:12,857 - Trading System - INFO - Trading Bot is alive: True
2025-04-14 21:15:12,860 - Trading System - INFO - Monitor Bot is alive: True
2025-04-14 21:15:12,860 - Trading System - INFO - Improvement Bot is alive: True
2025-04-14 21:15:19,892 - Quantum Trading Bot - INFO - Starting trading cycle
2025-04-14 21:15:19,893 - Quantum Trading Bot - INFO - Market is closed, waiting...
2025-04-14 21:15:19,893 - Quantum Trading Bot - INFO - Sleeping for 60 seconds
2025-04-14 21:32:04,741 - Trading System - INFO - Trading Bot is alive: True
2025-04-14 21:32:04,743 - Trading System - INFO - Monitor Bot is alive: True
2025-04-14 21:32:04,743 - Trading System - INFO - Improvement Bot is alive: True
2025-04-14 21:32:11,773 - Quantum Trading Bot - INFO - Starting trading cycle
2025-04-14 21:32:11,773 - Quantum Trading Bot - INFO - Market is closed, waiting...
2025-04-14 21:32:11,774 - Quantum Trading Bot - INFO - Sleeping for 60 seconds
2025-04-14 21:48:34,656 - Trading System - INFO - Trading Bot is alive: True
2025-04-14 21:48:34,659 - Trading System - INFO - Monitor Bot is alive: True
2025-04-14 21:48:34,659 - Trading System - INFO - Improvement Bot is alive: True
2025-04-14 21:48:35,136 - Monitor Bot - INFO - Running scheduled task: Performance Metrics
2025-04-14 21:48:35,150 - Monitor Bot - INFO - === Performance Metrics ===
2025-04-14 21:48:35,150 - Monitor Bot - INFO - Date: 2025-04-14T15:53:41.233708
2025-04-14 21:48:35,150 - Monitor Bot - INFO - Total Trades: 72
2025-04-14 21:48:35,150 - Monitor Bot - INFO - Win Rate: 55.56%
2025-04-14 21:48:35,150 - Monitor Bot - INFO - Total Profit: $18.27
2025-04-14 21:48:35,150 - Monitor Bot - INFO - Average Profit per Trade: $0.25
2025-04-14 21:48:35,150 - Monitor Bot - INFO - Average Profit Percentage: 0.09%
2025-04-14 21:48:35,150 - Monitor Bot - INFO - Maximum Drawdown: 0.10%
2025-04-14 21:48:35,151 - Monitor Bot - INFO - ============================
2025-04-14 21:48:35,165 - Monitor Bot - INFO - Task Performance Metrics completed successfully
2025-04-14 21:48:41,685 - Quantum Trading Bot - INFO - Starting trading cycle
2025-04-14 21:48:41,685 - Quantum Trading Bot - INFO - Market is closed, waiting...
2025-04-14 21:48:41,685 - Quantum Trading Bot - INFO - Sleeping for 60 seconds
2025-04-14 22:23:07,703 - Trading System - INFO - Trading Bot is alive: True
2025-04-14 22:23:07,705 - Trading System - INFO - Monitor Bot is alive: True
2025-04-14 22:23:07,706 - Trading System - INFO - Improvement Bot is alive: True
2025-04-14 22:23:14,730 - Quantum Trading Bot - INFO - Starting trading cycle
2025-04-14 22:23:14,732 - Quantum Trading Bot - INFO - Market is closed, waiting...
2025-04-14 22:23:14,732 - Quantum Trading Bot - INFO - Sleeping for 60 seconds
2025-04-14 22:40:49,675 - Trading System - INFO - Trading Bot is alive: True
2025-04-14 22:40:49,678 - Trading System - INFO - Monitor Bot is alive: True
2025-04-14 22:40:49,678 - Trading System - INFO - Improvement Bot is alive: True
2025-04-14 22:40:56,701 - Quantum Trading Bot - INFO - Starting trading cycle
2025-04-14 22:40:56,701 - Quantum Trading Bot - INFO - Market is closed, waiting...
2025-04-14 22:40:56,701 - Quantum Trading Bot - INFO - Sleeping for 60 seconds
2025-04-14 22:42:09,815 - Trading System - INFO - Trading Bot is alive: True
2025-04-14 22:42:09,816 - Trading System - INFO - Monitor Bot is alive: True
2025-04-14 22:42:09,817 - Trading System - INFO - Improvement Bot is alive: True
2025-04-14 22:42:16,833 - Quantum Trading Bot - INFO - Starting trading cycle
2025-04-14 22:42:16,834 - Quantum Trading Bot - INFO - Market is closed, waiting...
2025-04-14 22:42:16,834 - Quantum Trading Bot - INFO - Sleeping for 60 seconds
2025-04-14 22:58:16,005 - Trading System - INFO - Trading Bot is alive: True
2025-04-14 22:58:16,007 - Trading System - INFO - Monitor Bot is alive: True
2025-04-14 22:58:16,008 - Trading System - INFO - Improvement Bot is alive: True
2025-04-14 22:58:16,512 - Monitor Bot - INFO - Running scheduled task: Quantum System Health Check
2025-04-14 22:58:16,513 - Monitor Bot - INFO - Monitoring quantum system health
2025-04-14 22:58:16,514 - Monitor Bot - INFO - Average quantum error rate: 0.0427
2025-04-14 22:58:16,518 - Monitor Bot - INFO - Task Quantum System Health Check completed successfully
2025-04-14 22:58:16,519 - Monitor Bot - INFO - Running scheduled task: Performance Metrics
2025-04-14 22:58:16,528 - Monitor Bot - INFO - === Performance Metrics ===
2025-04-14 22:58:16,529 - Monitor Bot - INFO - Date: 2025-04-14T15:53:41.233708
2025-04-14 22:58:16,529 - Monitor Bot - INFO - Total Trades: 72
2025-04-14 22:58:16,529 - Monitor Bot - INFO - Win Rate: 55.56%
2025-04-14 22:58:16,529 - Monitor Bot - INFO - Total Profit: $18.27
2025-04-14 22:58:16,529 - Monitor Bot - INFO - Average Profit per Trade: $0.25
2025-04-14 22:58:16,529 - Monitor Bot - INFO - Average Profit Percentage: 0.09%
2025-04-14 22:58:16,529 - Monitor Bot - INFO - Maximum Drawdown: 0.10%
2025-04-14 22:58:16,529 - Monitor Bot - INFO - ============================
2025-04-14 22:58:16,540 - Monitor Bot - INFO - Task Performance Metrics completed successfully
2025-04-14 22:58:23,021 - Quantum Trading Bot - INFO - Starting trading cycle
2025-04-14 22:58:23,022 - Quantum Trading Bot - INFO - Market is closed, waiting...
2025-04-14 22:58:23,022 - Quantum Trading Bot - INFO - Sleeping for 60 seconds
2025-04-14 22:59:14,140 - Improvement Bot - INFO - Running scheduled task: Code Quality Check - Trading Bot
2025-04-14 22:59:14,153 - Improvement Bot - INFO - Found 2 issues in trading_bot
2025-04-14 22:59:14,153 - Improvement Bot - INFO - Task Code Quality Check - Trading Bot completed successfully
2025-04-14 22:59:14,153 - Improvement Bot - INFO - Running scheduled task: Code Quality Check - Monitor Bot
2025-04-14 22:59:14,155 - Improvement Bot - INFO - No issues found in monitor_bot
2025-04-14 22:59:14,155 - Improvement Bot - WARNING - Task Code Quality Check - Monitor Bot completed with warnings
2025-04-14 22:59:14,155 - Improvement Bot - INFO - Running scheduled task: Code Quality Check - Improvement Bot
2025-04-14 22:59:14,157 - Improvement Bot - INFO - Found 6 issues in improvement_bot
2025-04-14 22:59:14,157 - Improvement Bot - INFO - Task Code Quality Check - Improvement Bot completed successfully
2025-04-14 22:59:14,157 - Improvement Bot - INFO - Running scheduled task: Quantum Error Analysis
2025-04-14 22:59:14,157 - Improvement Bot - INFO - Analyzing quantum error rates
2025-04-14 22:59:14,159 - Improvement Bot - INFO - Quantum error analysis completed: avg error 0.0444, trend +0.0090
2025-04-14 22:59:14,159 - Improvement Bot - INFO - Task Quantum Error Analysis completed successfully
2025-04-14 22:59:14,159 - Improvement Bot - INFO - Running scheduled task: System Health Analysis
2025-04-14 22:59:14,170 - Improvement Bot - INFO - Win rate trend: +0.00%
2025-04-14 22:59:14,170 - Improvement Bot - INFO - Profit trend: +0.00%
2025-04-14 22:59:14,171 - Improvement Bot - INFO - System health analysis completed: healthy
2025-04-14 22:59:14,172 - Improvement Bot - INFO - Task System Health Analysis completed successfully
2025-04-14 22:59:16,012 - Trading System - INFO - Trading Bot is alive: True
2025-04-14 22:59:16,013 - Trading System - INFO - Monitor Bot is alive: True
2025-04-14 22:59:16,013 - Trading System - INFO - Improvement Bot is alive: True
2025-04-14 22:59:23,026 - Quantum Trading Bot - INFO - Starting trading cycle
2025-04-14 22:59:23,027 - Quantum Trading Bot - INFO - Market is closed, waiting...
2025-04-14 22:59:23,027 - Quantum Trading Bot - INFO - Sleeping for 60 seconds
2025-04-14 23:00:16,016 - Trading System - INFO - Trading Bot is alive: True
2025-04-14 23:00:16,020 - Trading System - INFO - Monitor Bot is alive: True
2025-04-14 23:00:16,020 - Trading System - INFO - Improvement Bot is alive: True
2025-04-14 23:00:23,031 - Quantum Trading Bot - INFO - Starting trading cycle
2025-04-14 23:00:23,032 - Quantum Trading Bot - INFO - Market is closed, waiting...
2025-04-14 23:00:23,032 - Quantum Trading Bot - INFO - Sleeping for 60 seconds
2025-04-14 23:01:16,025 - Trading System - INFO - Trading Bot is alive: True
2025-04-14 23:01:16,028 - Trading System - INFO - Monitor Bot is alive: True
2025-04-14 23:01:16,028 - Trading System - INFO - Improvement Bot is alive: True
2025-04-14 23:01:23,038 - Quantum Trading Bot - INFO - Starting trading cycle
2025-04-14 23:01:23,039 - Quantum Trading Bot - INFO - Market is closed, waiting...
2025-04-14 23:01:23,039 - Quantum Trading Bot - INFO - Sleeping for 60 seconds
2025-04-14 23:02:16,031 - Trading System - INFO - Trading Bot is alive: True
2025-04-14 23:02:16,034 - Trading System - INFO - Monitor Bot is alive: True
2025-04-14 23:02:16,034 - Trading System - INFO - Improvement Bot is alive: True
2025-04-14 23:02:23,043 - Quantum Trading Bot - INFO - Starting trading cycle
2025-04-14 23:02:23,047 - Quantum Trading Bot - INFO - Market is closed, waiting...
2025-04-14 23:02:23,047 - Quantum Trading Bot - INFO - Sleeping for 60 seconds
2025-04-14 23:03:16,039 - Trading System - INFO - Trading Bot is alive: True
2025-04-14 23:03:16,042 - Trading System - INFO - Monitor Bot is alive: True
2025-04-14 23:03:16,042 - Trading System - INFO - Improvement Bot is alive: True
2025-04-14 23:03:23,050 - Quantum Trading Bot - INFO - Starting trading cycle
2025-04-14 23:03:23,051 - Quantum Trading Bot - INFO - Market is closed, waiting...
2025-04-14 23:03:23,052 - Quantum Trading Bot - INFO - Sleeping for 60 seconds
2025-04-14 23:04:16,047 - Trading System - INFO - Trading Bot is alive: True
2025-04-14 23:04:16,050 - Trading System - INFO - Monitor Bot is alive: True
2025-04-14 23:04:16,051 - Trading System - INFO - Improvement Bot is alive: True
2025-04-14 23:04:23,056 - Quantum Trading Bot - INFO - Starting trading cycle
2025-04-14 23:04:23,057 - Quantum Trading Bot - INFO - Market is closed, waiting...
2025-04-14 23:04:23,057 - Quantum Trading Bot - INFO - Sleeping for 60 seconds
2025-04-14 23:05:16,056 - Trading System - INFO - Trading Bot is alive: True
2025-04-14 23:05:16,059 - Trading System - INFO - Monitor Bot is alive: True
2025-04-14 23:05:16,059 - Trading System - INFO - Improvement Bot is alive: True
2025-04-14 23:05:23,059 - Quantum Trading Bot - INFO - Starting trading cycle
2025-04-14 23:05:23,059 - Quantum Trading Bot - INFO - Market is closed, waiting...
2025-04-14 23:05:23,059 - Quantum Trading Bot - INFO - Sleeping for 60 seconds
2025-04-14 23:06:16,064 - Trading System - INFO - Trading Bot is alive: True
2025-04-14 23:06:16,067 - Trading System - INFO - Monitor Bot is alive: True
2025-04-14 23:06:16,068 - Trading System - INFO - Improvement Bot is alive: True
2025-04-14 23:06:23,060 - Quantum Trading Bot - INFO - Starting trading cycle
2025-04-14 23:06:23,062 - Quantum Trading Bot - INFO - Market is closed, waiting...
2025-04-14 23:06:23,062 - Quantum Trading Bot - INFO - Sleeping for 60 seconds
2025-04-14 23:07:16,073 - Trading System - INFO - Trading Bot is alive: True
2025-04-14 23:07:16,075 - Trading System - INFO - Monitor Bot is alive: True
2025-04-14 23:07:16,075 - Trading System - INFO - Improvement Bot is alive: True
2025-04-14 23:07:23,067 - Quantum Trading Bot - INFO - Starting trading cycle
2025-04-14 23:07:23,068 - Quantum Trading Bot - INFO - Market is closed, waiting...
2025-04-14 23:07:23,068 - Quantum Trading Bot - INFO - Sleeping for 60 seconds
2025-04-14 23:08:16,081 - Trading System - INFO - Trading Bot is alive: True
2025-04-14 23:08:16,083 - Trading System - INFO - Monitor Bot is alive: True
2025-04-14 23:08:16,083 - Trading System - INFO - Improvement Bot is alive: True
2025-04-14 23:08:23,073 - Quantum Trading Bot - INFO - Starting trading cycle
2025-04-14 23:08:23,074 - Quantum Trading Bot - INFO - Market is closed, waiting...
2025-04-14 23:08:23,074 - Quantum Trading Bot - INFO - Sleeping for 60 seconds
2025-04-14 23:09:16,084 - Trading System - INFO - Trading Bot is alive: True
2025-04-14 23:09:16,086 - Trading System - INFO - Monitor Bot is alive: True
2025-04-14 23:09:16,086 - Trading System - INFO - Improvement Bot is alive: True
2025-04-14 23:09:23,078 - Quantum Trading Bot - INFO - Starting trading cycle
2025-04-14 23:09:23,078 - Quantum Trading Bot - INFO - Market is closed, waiting...
2025-04-14 23:09:23,079 - Quantum Trading Bot - INFO - Sleeping for 60 seconds
2025-04-14 23:10:16,092 - Trading System - INFO - Trading Bot is alive: True
2025-04-14 23:10:16,095 - Trading System - INFO - Monitor Bot is alive: True
2025-04-14 23:10:16,095 - Trading System - INFO - Improvement Bot is alive: True
2025-04-14 23:10:23,082 - Quantum Trading Bot - INFO - Starting trading cycle
2025-04-14 23:10:23,083 - Quantum Trading Bot - INFO - Market is closed, waiting...
2025-04-14 23:10:23,083 - Quantum Trading Bot - INFO - Sleeping for 60 seconds
2025-04-14 23:11:16,099 - Trading System - INFO - Trading Bot is alive: True
2025-04-14 23:11:16,099 - Trading System - INFO - Monitor Bot is alive: True
2025-04-14 23:11:16,099 - Trading System - INFO - Improvement Bot is alive: True
2025-04-14 23:11:23,086 - Quantum Trading Bot - INFO - Starting trading cycle
2025-04-14 23:11:23,086 - Quantum Trading Bot - INFO - Market is closed, waiting...
2025-04-14 23:11:23,087 - Quantum Trading Bot - INFO - Sleeping for 60 seconds
2025-04-14 23:12:16,106 - Trading System - INFO - Trading Bot is alive: True
2025-04-14 23:12:16,109 - Trading System - INFO - Monitor Bot is alive: True
2025-04-14 23:12:16,109 - Trading System - INFO - Improvement Bot is alive: True
2025-04-14 23:12:23,091 - Quantum Trading Bot - INFO - Starting trading cycle
2025-04-14 23:12:23,091 - Quantum Trading Bot - INFO - Market is closed, waiting...
2025-04-14 23:12:23,092 - Quantum Trading Bot - INFO - Sleeping for 60 seconds
2025-04-14 23:13:16,110 - Trading System - INFO - Trading Bot is alive: True
2025-04-14 23:13:16,112 - Trading System - INFO - Monitor Bot is alive: True
2025-04-14 23:13:16,112 - Trading System - INFO - Improvement Bot is alive: True
2025-04-14 23:13:23,097 - Quantum Trading Bot - INFO - Starting trading cycle
2025-04-14 23:13:23,099 - Quantum Trading Bot - INFO - Market is closed, waiting...
2025-04-14 23:13:23,099 - Quantum Trading Bot - INFO - Sleeping for 60 seconds
2025-04-14 23:14:16,115 - Trading System - INFO - Trading Bot is alive: True
2025-04-14 23:14:16,118 - Trading System - INFO - Monitor Bot is alive: True
2025-04-14 23:14:16,118 - Trading System - INFO - Improvement Bot is alive: True
2025-04-14 23:14:23,101 - Quantum Trading Bot - INFO - Starting trading cycle
2025-04-14 23:14:23,102 - Quantum Trading Bot - INFO - Market is closed, waiting...
2025-04-14 23:14:23,102 - Quantum Trading Bot - INFO - Sleeping for 60 seconds
2025-04-14 23:15:16,124 - Trading System - INFO - Trading Bot is alive: True
2025-04-14 23:15:16,124 - Trading System - INFO - Monitor Bot is alive: True
2025-04-14 23:15:16,125 - Trading System - INFO - Improvement Bot is alive: True
2025-04-14 23:15:23,107 - Quantum Trading Bot - INFO - Starting trading cycle
2025-04-14 23:15:23,108 - Quantum Trading Bot - INFO - Market is closed, waiting...
2025-04-14 23:15:23,108 - Quantum Trading Bot - INFO - Sleeping for 60 seconds
2025-04-14 23:16:16,129 - Trading System - INFO - Trading Bot is alive: True
2025-04-14 23:16:16,131 - Trading System - INFO - Monitor Bot is alive: True
2025-04-14 23:16:16,131 - Trading System - INFO - Improvement Bot is alive: True
2025-04-14 23:16:23,113 - Quantum Trading Bot - INFO - Starting trading cycle
2025-04-14 23:16:23,114 - Quantum Trading Bot - INFO - Market is closed, waiting...
2025-04-14 23:16:23,114 - Quantum Trading Bot - INFO - Sleeping for 60 seconds
2025-04-14 23:17:16,133 - Trading System - INFO - Trading Bot is alive: True
2025-04-14 23:17:16,135 - Trading System - INFO - Monitor Bot is alive: True
2025-04-14 23:17:16,136 - Trading System - INFO - Improvement Bot is alive: True
2025-04-14 23:17:23,115 - Quantum Trading Bot - INFO - Starting trading cycle
2025-04-14 23:17:23,116 - Quantum Trading Bot - INFO - Market is closed, waiting...
2025-04-14 23:17:23,116 - Quantum Trading Bot - INFO - Sleeping for 60 seconds
2025-04-14 23:18:16,138 - Trading System - INFO - Trading Bot is alive: True
2025-04-14 23:18:16,140 - Trading System - INFO - Monitor Bot is alive: True
2025-04-14 23:18:16,140 - Trading System - INFO - Improvement Bot is alive: True
2025-04-14 23:18:23,117 - Quantum Trading Bot - INFO - Starting trading cycle
2025-04-14 23:18:23,117 - Quantum Trading Bot - INFO - Market is closed, waiting...
2025-04-14 23:18:23,117 - Quantum Trading Bot - INFO - Sleeping for 60 seconds
2025-04-14 23:19:16,143 - Trading System - INFO - Trading Bot is alive: True
2025-04-14 23:19:16,145 - Trading System - INFO - Monitor Bot is alive: True
2025-04-14 23:19:16,146 - Trading System - INFO - Improvement Bot is alive: True
2025-04-14 23:19:23,121 - Quantum Trading Bot - INFO - Starting trading cycle
2025-04-14 23:19:23,121 - Quantum Trading Bot - INFO - Market is closed, waiting...
2025-04-14 23:19:23,122 - Quantum Trading Bot - INFO - Sleeping for 60 seconds
2025-04-14 23:20:16,152 - Trading System - INFO - Trading Bot is alive: True
2025-04-14 23:20:16,154 - Trading System - INFO - Monitor Bot is alive: True
2025-04-14 23:20:16,154 - Trading System - INFO - Improvement Bot is alive: True
2025-04-14 23:20:23,125 - Quantum Trading Bot - INFO - Starting trading cycle
2025-04-14 23:20:23,127 - Quantum Trading Bot - INFO - Market is closed, waiting...
2025-04-14 23:20:23,127 - Quantum Trading Bot - INFO - Sleeping for 60 seconds
2025-04-14 23:21:16,160 - Trading System - INFO - Trading Bot is alive: True
2025-04-14 23:21:16,163 - Trading System - INFO - Monitor Bot is alive: True
2025-04-14 23:21:16,163 - Trading System - INFO - Improvement Bot is alive: True
2025-04-14 23:21:23,133 - Quantum Trading Bot - INFO - Starting trading cycle
2025-04-14 23:21:23,133 - Quantum Trading Bot - INFO - Market is closed, waiting...
2025-04-14 23:21:23,133 - Quantum Trading Bot - INFO - Sleeping for 60 seconds
2025-04-14 23:22:16,168 - Trading System - INFO - Trading Bot is alive: True
2025-04-14 23:22:16,169 - Trading System - INFO - Monitor Bot is alive: True
2025-04-14 23:22:16,170 - Trading System - INFO - Improvement Bot is alive: True
2025-04-14 23:22:23,139 - Quantum Trading Bot - INFO - Starting trading cycle
2025-04-14 23:22:23,139 - Quantum Trading Bot - INFO - Market is closed, waiting...
2025-04-14 23:22:23,139 - Quantum Trading Bot - INFO - Sleeping for 60 seconds
2025-04-14 23:23:16,172 - Trading System - INFO - Trading Bot is alive: True
2025-04-14 23:23:16,174 - Trading System - INFO - Monitor Bot is alive: True
2025-04-14 23:23:16,174 - Trading System - INFO - Improvement Bot is alive: True
2025-04-14 23:23:23,142 - Quantum Trading Bot - INFO - Starting trading cycle
2025-04-14 23:23:23,144 - Quantum Trading Bot - INFO - Market is closed, waiting...
2025-04-14 23:23:23,145 - Quantum Trading Bot - INFO - Sleeping for 60 seconds
2025-04-14 23:24:16,179 - Trading System - INFO - Trading Bot is alive: True
2025-04-14 23:24:16,181 - Trading System - INFO - Monitor Bot is alive: True
2025-04-14 23:24:16,181 - Trading System - INFO - Improvement Bot is alive: True
2025-04-14 23:24:23,148 - Quantum Trading Bot - INFO - Starting trading cycle
2025-04-14 23:24:23,148 - Quantum Trading Bot - INFO - Market is closed, waiting...
2025-04-14 23:24:23,148 - Quantum Trading Bot - INFO - Sleeping for 60 seconds
2025-04-14 23:25:16,187 - Trading System - INFO - Trading Bot is alive: True
2025-04-14 23:25:16,188 - Trading System - INFO - Monitor Bot is alive: True
2025-04-14 23:25:16,188 - Trading System - INFO - Improvement Bot is alive: True
2025-04-14 23:25:23,151 - Quantum Trading Bot - INFO - Starting trading cycle
2025-04-14 23:25:23,151 - Quantum Trading Bot - INFO - Market is closed, waiting...
2025-04-14 23:25:23,152 - Quantum Trading Bot - INFO - Sleeping for 60 seconds
2025-04-14 23:26:16,193 - Trading System - INFO - Trading Bot is alive: True
2025-04-14 23:26:16,195 - Trading System - INFO - Monitor Bot is alive: True
2025-04-14 23:26:16,195 - Trading System - INFO - Improvement Bot is alive: True
2025-04-14 23:26:23,157 - Quantum Trading Bot - INFO - Starting trading cycle
2025-04-14 23:26:23,157 - Quantum Trading Bot - INFO - Market is closed, waiting...
2025-04-14 23:26:23,157 - Quantum Trading Bot - INFO - Sleeping for 60 seconds
2025-04-14 23:27:16,200 - Trading System - INFO - Trading Bot is alive: True
2025-04-14 23:27:16,201 - Trading System - INFO - Monitor Bot is alive: True
2025-04-14 23:27:16,202 - Trading System - INFO - Improvement Bot is alive: True
2025-04-14 23:27:23,163 - Quantum Trading Bot - INFO - Starting trading cycle
2025-04-14 23:27:23,163 - Quantum Trading Bot - INFO - Market is closed, waiting...
2025-04-14 23:27:23,163 - Quantum Trading Bot - INFO - Sleeping for 60 seconds
2025-04-14 23:28:16,202 - Trading System - INFO - Trading Bot is alive: True
2025-04-14 23:28:16,204 - Trading System - INFO - Monitor Bot is alive: True
2025-04-14 23:28:16,205 - Trading System - INFO - Improvement Bot is alive: True
2025-04-14 23:28:23,166 - Quantum Trading Bot - INFO - Starting trading cycle
2025-04-14 23:28:23,167 - Quantum Trading Bot - INFO - Market is closed, waiting...
2025-04-14 23:28:23,167 - Quantum Trading Bot - INFO - Sleeping for 60 seconds
2025-04-14 23:29:16,209 - Trading System - INFO - Trading Bot is alive: True
2025-04-14 23:29:16,212 - Trading System - INFO - Monitor Bot is alive: True
2025-04-14 23:29:16,212 - Trading System - INFO - Improvement Bot is alive: True
2025-04-14 23:29:23,170 - Quantum Trading Bot - INFO - Starting trading cycle
2025-04-14 23:29:23,171 - Quantum Trading Bot - INFO - Market is closed, waiting...
2025-04-14 23:29:23,171 - Quantum Trading Bot - INFO - Sleeping for 60 seconds
2025-04-14 23:30:16,190 - Trading System - INFO - Trading Bot is alive: True
2025-04-14 23:30:16,191 - Trading System - INFO - Monitor Bot is alive: True
2025-04-14 23:30:16,191 - Trading System - INFO - Improvement Bot is alive: True
2025-04-14 23:30:23,144 - Quantum Trading Bot - INFO - Starting trading cycle
2025-04-14 23:30:23,145 - Quantum Trading Bot - INFO - Market is closed, waiting...
2025-04-14 23:30:23,146 - Quantum Trading Bot - INFO - Sleeping for 60 seconds
2025-04-14 23:31:16,186 - Trading System - INFO - Trading Bot is alive: True
2025-04-14 23:31:16,187 - Trading System - INFO - Monitor Bot is alive: True
2025-04-14 23:31:16,187 - Trading System - INFO - Improvement Bot is alive: True
2025-04-14 23:31:23,146 - Quantum Trading Bot - INFO - Starting trading cycle
2025-04-14 23:31:23,147 - Quantum Trading Bot - INFO - Market is closed, waiting...
2025-04-14 23:31:23,147 - Quantum Trading Bot - INFO - Sleeping for 60 seconds
2025-04-14 23:32:44,806 - Trading System - INFO - Trading Bot is alive: True
2025-04-14 23:32:44,806 - Trading System - INFO - Monitor Bot is alive: True
2025-04-14 23:32:44,806 - Trading System - INFO - Improvement Bot is alive: True
2025-04-14 23:32:51,714 - Quantum Trading Bot - INFO - Starting trading cycle
2025-04-14 23:32:51,714 - Quantum Trading Bot - INFO - Market is closed, waiting...
2025-04-14 23:32:51,715 - Quantum Trading Bot - INFO - Sleeping for 60 seconds
2025-04-14 23:49:47,437 - Trading System - INFO - Trading Bot is alive: True
2025-04-14 23:49:47,438 - Trading System - INFO - Monitor Bot is alive: True
2025-04-14 23:49:47,438 - Trading System - INFO - Improvement Bot is alive: True
2025-04-14 23:49:54,354 - Quantum Trading Bot - INFO - Starting trading cycle
2025-04-14 23:49:54,355 - Quantum Trading Bot - INFO - Market is closed, waiting...
2025-04-14 23:49:54,355 - Quantum Trading Bot - INFO - Sleeping for 60 seconds
2025-04-15 00:06:23,410 - Trading System - INFO - Trading Bot is alive: True
2025-04-15 00:06:23,416 - Trading System - INFO - Monitor Bot is alive: True
2025-04-15 00:06:23,416 - Trading System - INFO - Improvement Bot is alive: True
2025-04-15 00:06:23,891 - Monitor Bot - INFO - Running scheduled task: Performance Metrics
2025-04-15 00:06:23,904 - Monitor Bot - INFO - === Performance Metrics ===
2025-04-15 00:06:23,905 - Monitor Bot - INFO - Date: 2025-04-14T15:53:41.233708
2025-04-15 00:06:23,905 - Monitor Bot - INFO - Total Trades: 72
2025-04-15 00:06:23,905 - Monitor Bot - INFO - Win Rate: 55.56%
2025-04-15 00:06:23,905 - Monitor Bot - INFO - Total Profit: $18.27
2025-04-15 00:06:23,905 - Monitor Bot - INFO - Average Profit per Trade: $0.25
2025-04-15 00:06:23,905 - Monitor Bot - INFO - Average Profit Percentage: 0.09%
2025-04-15 00:06:23,905 - Monitor Bot - INFO - Maximum Drawdown: 0.10%
2025-04-15 00:06:23,905 - Monitor Bot - INFO - ============================
2025-04-15 00:06:23,917 - Monitor Bot - INFO - Task Performance Metrics completed successfully
2025-04-15 00:06:30,320 - Quantum Trading Bot - INFO - Starting trading cycle
2025-04-15 00:06:30,320 - Quantum Trading Bot - INFO - Market is closed, waiting...
2025-04-15 00:06:30,320 - Quantum Trading Bot - INFO - Sleeping for 60 seconds
2025-04-15 00:22:59,387 - Trading System - INFO - Trading Bot is alive: True
2025-04-15 00:22:59,389 - Trading System - INFO - Monitor Bot is alive: True
2025-04-15 00:22:59,389 - Trading System - INFO - Improvement Bot is alive: True
2025-04-15 00:23:06,292 - Quantum Trading Bot - INFO - Starting trading cycle
2025-04-15 00:23:06,292 - Quantum Trading Bot - INFO - Market is closed, waiting...
2025-04-15 00:23:06,292 - Quantum Trading Bot - INFO - Sleeping for 60 seconds
2025-04-15 00:40:29,357 - Trading System - INFO - Trading Bot is alive: True
2025-04-15 00:40:29,358 - Trading System - INFO - Monitor Bot is alive: True
2025-04-15 00:40:29,358 - Trading System - INFO - Improvement Bot is alive: True
2025-04-15 00:40:36,260 - Quantum Trading Bot - INFO - Starting trading cycle
2025-04-15 00:40:36,261 - Quantum Trading Bot - INFO - Market is closed, waiting...
2025-04-15 00:40:36,261 - Quantum Trading Bot - INFO - Sleeping for 60 seconds
2025-04-15 00:41:29,364 - Trading System - INFO - Trading Bot is alive: True
2025-04-15 00:41:29,366 - Trading System - INFO - Monitor Bot is alive: True
2025-04-15 00:41:29,366 - Trading System - INFO - Improvement Bot is alive: True
2025-04-15 00:41:36,271 - Quantum Trading Bot - INFO - Starting trading cycle
2025-04-15 00:41:36,272 - Quantum Trading Bot - INFO - Market is closed, waiting...
2025-04-15 00:41:36,272 - Quantum Trading Bot - INFO - Sleeping for 60 seconds
2025-04-15 00:42:29,374 - Trading System - INFO - Trading Bot is alive: True
2025-04-15 00:42:29,375 - Trading System - INFO - Monitor Bot is alive: True
2025-04-15 00:42:29,375 - Trading System - INFO - Improvement Bot is alive: True
2025-04-15 00:42:36,279 - Quantum Trading Bot - INFO - Starting trading cycle
2025-04-15 00:42:36,279 - Quantum Trading Bot - INFO - Market is closed, waiting...
2025-04-15 00:42:36,279 - Quantum Trading Bot - INFO - Sleeping for 60 seconds
2025-04-15 00:48:40,894 - Trading System - INFO - Trading Bot is alive: True
2025-04-15 00:48:40,895 - Trading System - INFO - Monitor Bot is alive: True
2025-04-15 00:48:40,896 - Trading System - INFO - Improvement Bot is alive: True
2025-04-15 00:48:47,801 - Quantum Trading Bot - INFO - Starting trading cycle
2025-04-15 00:48:47,801 - Quantum Trading Bot - INFO - Market is closed, waiting...
2025-04-15 00:48:47,801 - Quantum Trading Bot - INFO - Sleeping for 60 seconds
2025-04-15 00:49:40,897 - Trading System - INFO - Trading Bot is alive: True
2025-04-15 00:49:40,900 - Trading System - INFO - Monitor Bot is alive: True
2025-04-15 00:49:40,900 - Trading System - INFO - Improvement Bot is alive: True
2025-04-15 00:49:47,808 - Quantum Trading Bot - INFO - Starting trading cycle
2025-04-15 00:49:47,809 - Quantum Trading Bot - INFO - Market is closed, waiting...
2025-04-15 00:49:47,809 - Quantum Trading Bot - INFO - Sleeping for 60 seconds
2025-04-15 01:06:49,865 - Trading System - INFO - Trading Bot is alive: True
2025-04-15 01:06:49,867 - Trading System - INFO - Monitor Bot is alive: True
2025-04-15 01:06:49,867 - Trading System - INFO - Improvement Bot is alive: True
2025-04-15 01:06:50,370 - Monitor Bot - INFO - Running scheduled task: Performance Metrics
2025-04-15 01:06:50,384 - Monitor Bot - INFO - === Performance Metrics ===
2025-04-15 01:06:50,385 - Monitor Bot - INFO - Date: 2025-04-14T15:53:41.233708
2025-04-15 01:06:50,385 - Monitor Bot - INFO - Total Trades: 72
2025-04-15 01:06:50,385 - Monitor Bot - INFO - Win Rate: 55.56%
2025-04-15 01:06:50,385 - Monitor Bot - INFO - Total Profit: $18.27
2025-04-15 01:06:50,385 - Monitor Bot - INFO - Average Profit per Trade: $0.25
2025-04-15 01:06:50,385 - Monitor Bot - INFO - Average Profit Percentage: 0.09%
2025-04-15 01:06:50,385 - Monitor Bot - INFO - Maximum Drawdown: 0.10%
2025-04-15 01:06:50,385 - Monitor Bot - INFO - ============================
2025-04-15 01:06:50,397 - Monitor Bot - INFO - Task Performance Metrics completed successfully
2025-04-15 01:06:56,772 - Quantum Trading Bot - INFO - Starting trading cycle
2025-04-15 01:06:56,773 - Quantum Trading Bot - INFO - Market is closed, waiting...
2025-04-15 01:06:56,774 - Quantum Trading Bot - INFO - Sleeping for 60 seconds
2025-04-15 01:22:52,889 - Trading System - INFO - Trading Bot is alive: True
2025-04-15 01:22:52,890 - Trading System - INFO - Monitor Bot is alive: True
2025-04-15 01:22:52,891 - Trading System - INFO - Improvement Bot is alive: True
2025-04-15 01:22:59,800 - Quantum Trading Bot - INFO - Starting trading cycle
2025-04-15 01:22:59,800 - Quantum Trading Bot - INFO - Market is closed, waiting...
2025-04-15 01:22:59,800 - Quantum Trading Bot - INFO - Sleeping for 60 seconds
2025-04-15 01:32:41,869 - Trading System - INFO - Trading Bot is alive: True
2025-04-15 01:32:41,872 - Trading System - INFO - Monitor Bot is alive: True
2025-04-15 01:32:41,872 - Trading System - INFO - Improvement Bot is alive: True
2025-04-15 01:32:48,776 - Quantum Trading Bot - INFO - Starting trading cycle
2025-04-15 01:32:48,777 - Quantum Trading Bot - INFO - Market is closed, waiting...
2025-04-15 01:32:48,777 - Quantum Trading Bot - INFO - Sleeping for 60 seconds
2025-04-15 01:49:07,824 - Trading System - INFO - Trading Bot is alive: True
2025-04-15 01:49:07,826 - Trading System - INFO - Monitor Bot is alive: True
2025-04-15 01:49:07,826 - Trading System - INFO - Improvement Bot is alive: True
2025-04-15 01:49:14,729 - Quantum Trading Bot - INFO - Starting trading cycle
2025-04-15 01:49:14,729 - Quantum Trading Bot - INFO - Market is closed, waiting...
2025-04-15 01:49:14,729 - Quantum Trading Bot - INFO - Sleeping for 60 seconds
2025-04-15 02:06:18,071 - Trading System - INFO - Trading Bot is alive: True
2025-04-15 02:06:18,074 - Trading System - INFO - Monitor Bot is alive: True
2025-04-15 02:06:18,074 - Trading System - INFO - Improvement Bot is alive: True
2025-04-15 02:06:18,599 - Monitor Bot - INFO - Running scheduled task: Quantum System Health Check
2025-04-15 02:06:18,599 - Monitor Bot - INFO - Monitoring quantum system health
2025-04-15 02:06:18,600 - Monitor Bot - INFO - Average quantum error rate: 0.0427
2025-04-15 02:06:18,606 - Monitor Bot - INFO - Task Quantum System Health Check completed successfully
2025-04-15 02:23:48,904 - Quantum Trading Bot - INFO - Starting trading cycle
2025-04-15 02:23:48,905 - Quantum Trading Bot - INFO - Market is closed, waiting...
2025-04-15 02:23:48,905 - Quantum Trading Bot - INFO - Sleeping for 60 seconds
2025-04-15 02:41:17,006 - Trading System - INFO - Trading Bot is alive: True
2025-04-15 02:41:17,007 - Trading System - INFO - Monitor Bot is alive: True
2025-04-15 02:41:17,007 - Trading System - INFO - Improvement Bot is alive: True
2025-04-15 02:41:17,541 - Monitor Bot - INFO - Running scheduled task: Performance Metrics
2025-04-15 02:41:17,554 - Monitor Bot - INFO - === Performance Metrics ===
2025-04-15 02:41:17,554 - Monitor Bot - INFO - Date: 2025-04-14T15:53:41.233708
2025-04-15 02:41:17,554 - Monitor Bot - INFO - Total Trades: 72
2025-04-15 02:41:17,554 - Monitor Bot - INFO - Win Rate: 55.56%
2025-04-15 02:41:17,554 - Monitor Bot - INFO - Total Profit: $18.27
2025-04-15 02:41:17,554 - Monitor Bot - INFO - Average Profit per Trade: $0.25
2025-04-15 02:41:17,554 - Monitor Bot - INFO - Average Profit Percentage: 0.09%
2025-04-15 02:41:17,554 - Monitor Bot - INFO - Maximum Drawdown: 0.10%
2025-04-15 02:41:17,554 - Monitor Bot - INFO - ============================
2025-04-15 02:41:17,566 - Monitor Bot - INFO - Task Performance Metrics completed successfully
2025-04-15 02:41:23,906 - Quantum Trading Bot - INFO - Starting trading cycle
2025-04-15 02:41:23,907 - Quantum Trading Bot - INFO - Market is closed, waiting...
2025-04-15 02:41:23,907 - Quantum Trading Bot - INFO - Sleeping for 60 seconds
2025-04-15 02:57:17,953 - Trading System - INFO - Trading Bot is alive: True
2025-04-15 02:57:17,955 - Trading System - INFO - Monitor Bot is alive: True
2025-04-15 02:57:17,955 - Trading System - INFO - Improvement Bot is alive: True
2025-04-15 02:57:24,852 - Quantum Trading Bot - INFO - Starting trading cycle
2025-04-15 02:57:24,853 - Quantum Trading Bot - INFO - Market is closed, waiting...
2025-04-15 02:57:24,854 - Quantum Trading Bot - INFO - Sleeping for 60 seconds
2025-04-15 03:13:43,949 - Trading System - INFO - Trading Bot is alive: True
2025-04-15 03:13:43,952 - Trading System - INFO - Monitor Bot is alive: True
2025-04-15 03:13:43,952 - Trading System - INFO - Improvement Bot is alive: True
2025-04-15 03:13:50,847 - Quantum Trading Bot - INFO - Starting trading cycle
2025-04-15 03:13:50,848 - Quantum Trading Bot - INFO - Market is closed, waiting...
2025-04-15 03:13:50,848 - Quantum Trading Bot - INFO - Sleeping for 60 seconds
2025-04-15 03:48:05,955 - Trading System - INFO - Trading Bot is alive: True
2025-04-15 03:48:05,956 - Trading System - INFO - Monitor Bot is alive: True
2025-04-15 03:48:05,956 - Trading System - INFO - Improvement Bot is alive: True
2025-04-15 03:48:06,511 - Monitor Bot - INFO - Running scheduled task: Performance Metrics
2025-04-15 03:48:06,526 - Monitor Bot - INFO - === Performance Metrics ===
2025-04-15 03:48:06,526 - Monitor Bot - INFO - Date: 2025-04-14T15:53:41.233708
2025-04-15 03:48:06,526 - Monitor Bot - INFO - Total Trades: 72
2025-04-15 03:48:06,526 - Monitor Bot - INFO - Win Rate: 55.56%
2025-04-15 03:48:06,526 - Monitor Bot - INFO - Total Profit: $18.27
2025-04-15 03:48:06,526 - Monitor Bot - INFO - Average Profit per Trade: $0.25
2025-04-15 03:48:06,526 - Monitor Bot - INFO - Average Profit Percentage: 0.09%
2025-04-15 03:48:06,527 - Monitor Bot - INFO - Maximum Drawdown: 0.10%
2025-04-15 03:48:06,527 - Monitor Bot - INFO - ============================
2025-04-15 03:48:06,536 - Monitor Bot - INFO - Task Performance Metrics completed successfully
2025-04-15 03:48:12,845 - Quantum Trading Bot - INFO - Starting trading cycle
2025-04-15 03:48:12,846 - Quantum Trading Bot - INFO - Market is closed, waiting...
2025-04-15 03:48:12,846 - Quantum Trading Bot - INFO - Sleeping for 60 seconds
2025-04-15 04:04:32,637 - Trading System - INFO - Trading Bot is alive: True
2025-04-15 04:04:32,639 - Trading System - INFO - Monitor Bot is alive: True
2025-04-15 04:04:32,639 - Trading System - INFO - Improvement Bot is alive: True
2025-04-15 04:04:39,530 - Quantum Trading Bot - INFO - Starting trading cycle
2025-04-15 04:04:39,530 - Quantum Trading Bot - INFO - Market is closed, waiting...
2025-04-15 04:04:39,531 - Quantum Trading Bot - INFO - Sleeping for 60 seconds
2025-04-15 04:20:36,587 - Trading System - INFO - Trading Bot is alive: True
2025-04-15 04:20:36,588 - Trading System - INFO - Monitor Bot is alive: True
2025-04-15 04:20:36,589 - Trading System - INFO - Improvement Bot is alive: True
2025-04-15 04:20:43,480 - Quantum Trading Bot - INFO - Starting trading cycle
2025-04-15 04:20:43,480 - Quantum Trading Bot - INFO - Market is closed, waiting...
2025-04-15 04:20:43,480 - Quantum Trading Bot - INFO - Sleeping for 60 seconds
2025-04-15 04:37:52,584 - Trading System - INFO - Trading Bot is alive: True
2025-04-15 04:37:52,586 - Trading System - INFO - Monitor Bot is alive: True
2025-04-15 04:37:52,586 - Trading System - INFO - Improvement Bot is alive: True
2025-04-15 04:37:59,475 - Quantum Trading Bot - INFO - Starting trading cycle
2025-04-15 04:37:59,477 - Quantum Trading Bot - INFO - Market is closed, waiting...
2025-04-15 04:37:59,477 - Quantum Trading Bot - INFO - Sleeping for 60 seconds
2025-04-15 04:54:01,529 - Trading System - INFO - Trading Bot is alive: True
2025-04-15 04:54:01,530 - Trading System - INFO - Monitor Bot is alive: True
2025-04-15 04:54:01,531 - Trading System - INFO - Improvement Bot is alive: True
2025-04-15 04:54:02,100 - Monitor Bot - INFO - Running scheduled task: Performance Metrics
2025-04-15 04:54:02,114 - Monitor Bot - INFO - === Performance Metrics ===
2025-04-15 04:54:02,114 - Monitor Bot - INFO - Date: 2025-04-14T15:53:41.233708
2025-04-15 04:54:02,114 - Monitor Bot - INFO - Total Trades: 72
2025-04-15 04:54:02,115 - Monitor Bot - INFO - Win Rate: 55.56%
2025-04-15 04:54:02,115 - Monitor Bot - INFO - Total Profit: $18.27
2025-04-15 04:54:02,115 - Monitor Bot - INFO - Average Profit per Trade: $0.25
2025-04-15 04:54:02,115 - Monitor Bot - INFO - Average Profit Percentage: 0.09%
2025-04-15 04:54:02,115 - Monitor Bot - INFO - Maximum Drawdown: 0.10%
2025-04-15 04:54:02,115 - Monitor Bot - INFO - ============================
2025-04-15 04:54:02,125 - Monitor Bot - INFO - Task Performance Metrics completed successfully
2025-04-15 05:09:38,359 - Quantum Trading Bot - INFO - Starting trading cycle
2025-04-15 05:09:38,359 - Quantum Trading Bot - INFO - Market is closed, waiting...
2025-04-15 05:09:38,359 - Quantum Trading Bot - INFO - Sleeping for 60 seconds
2025-04-15 05:11:34,440 - Trading System - INFO - Trading Bot is alive: True
2025-04-15 05:11:34,443 - Trading System - INFO - Monitor Bot is alive: True
2025-04-15 05:11:34,443 - Trading System - INFO - Improvement Bot is alive: True
2025-04-15 05:11:35,037 - Monitor Bot - INFO - Running scheduled task: Quantum System Health Check
2025-04-15 05:11:35,038 - Monitor Bot - INFO - Monitoring quantum system health
2025-04-15 05:11:35,039 - Monitor Bot - INFO - Average quantum error rate: 0.0427
2025-04-15 05:11:35,044 - Monitor Bot - INFO - Task Quantum System Health Check completed successfully
2025-04-15 05:11:41,327 - Quantum Trading Bot - INFO - Starting trading cycle
2025-04-15 05:11:41,328 - Quantum Trading Bot - INFO - Market is closed, waiting...
2025-04-15 05:11:41,328 - Quantum Trading Bot - INFO - Sleeping for 60 seconds
2025-04-15 05:26:17,581 - Trading System - INFO - Trading Bot is alive: True
2025-04-15 05:26:17,582 - Trading System - INFO - Monitor Bot is alive: True
2025-04-15 05:26:17,582 - Trading System - INFO - Improvement Bot is alive: True
2025-04-15 05:26:24,460 - Quantum Trading Bot - INFO - Starting trading cycle
2025-04-15 05:26:24,460 - Quantum Trading Bot - INFO - Market is closed, waiting...
2025-04-15 05:26:24,460 - Quantum Trading Bot - INFO - Sleeping for 60 seconds
2025-04-15 05:43:27,620 - Trading System - INFO - Trading Bot is alive: True
2025-04-15 05:43:27,622 - Trading System - INFO - Monitor Bot is alive: True
2025-04-15 05:43:27,622 - Trading System - INFO - Improvement Bot is alive: True
2025-04-15 05:43:34,497 - Quantum Trading Bot - INFO - Starting trading cycle
2025-04-15 05:43:34,497 - Quantum Trading Bot - INFO - Market is closed, waiting...
2025-04-15 05:43:34,497 - Quantum Trading Bot - INFO - Sleeping for 60 seconds
2025-04-15 06:00:14,397 - Trading System - INFO - Trading Bot is alive: True
2025-04-15 06:00:14,399 - Trading System - INFO - Monitor Bot is alive: True
2025-04-15 06:00:14,399 - Trading System - INFO - Improvement Bot is alive: True
2025-04-15 06:00:14,998 - Monitor Bot - INFO - Running scheduled task: Performance Metrics
2025-04-15 06:00:15,012 - Monitor Bot - INFO - === Performance Metrics ===
2025-04-15 06:00:15,012 - Monitor Bot - INFO - Date: 2025-04-14T15:53:41.233708
2025-04-15 06:00:15,012 - Monitor Bot - INFO - Total Trades: 72
2025-04-15 06:00:15,012 - Monitor Bot - INFO - Win Rate: 55.56%
2025-04-15 06:00:15,013 - Monitor Bot - INFO - Total Profit: $18.27
2025-04-15 06:00:15,013 - Monitor Bot - INFO - Average Profit per Trade: $0.25
2025-04-15 06:00:15,013 - Monitor Bot - INFO - Average Profit Percentage: 0.09%
2025-04-15 06:00:15,013 - Monitor Bot - INFO - Maximum Drawdown: 0.10%
2025-04-15 06:00:15,013 - Monitor Bot - INFO - ============================
2025-04-15 06:00:15,027 - Monitor Bot - INFO - Task Performance Metrics completed successfully
2025-04-15 06:00:21,271 - Quantum Trading Bot - INFO - Starting trading cycle
2025-04-15 06:00:21,273 - Quantum Trading Bot - INFO - Market is closed, waiting...
2025-04-15 06:00:21,273 - Quantum Trading Bot - INFO - Sleeping for 60 seconds
2025-04-15 06:17:10,323 - Trading System - INFO - Trading Bot is alive: True
2025-04-15 06:17:10,326 - Trading System - INFO - Monitor Bot is alive: True
2025-04-15 06:17:10,326 - Trading System - INFO - Improvement Bot is alive: True
2025-04-15 06:33:19,131 - Quantum Trading Bot - INFO - Starting trading cycle
2025-04-15 06:33:19,132 - Quantum Trading Bot - INFO - Market is closed, waiting...
2025-04-15 06:33:19,132 - Quantum Trading Bot - INFO - Sleeping for 60 seconds
2025-04-15 06:49:27,797 - Improvement Bot - INFO - Running scheduled task: Code Quality Check - Trading Bot
2025-04-15 06:49:27,807 - Improvement Bot - INFO - Found 2 issues in trading_bot
2025-04-15 06:49:27,807 - Improvement Bot - INFO - Task Code Quality Check - Trading Bot completed successfully
2025-04-15 06:49:27,807 - Improvement Bot - INFO - Running scheduled task: Code Quality Check - Monitor Bot
2025-04-15 06:49:27,809 - Improvement Bot - INFO - No issues found in monitor_bot
2025-04-15 06:49:27,809 - Improvement Bot - WARNING - Task Code Quality Check - Monitor Bot completed with warnings
2025-04-15 06:49:27,809 - Improvement Bot - INFO - Running scheduled task: Code Quality Check - Improvement Bot
2025-04-15 06:49:27,811 - Improvement Bot - INFO - Found 6 issues in improvement_bot
2025-04-15 06:49:27,812 - Improvement Bot - INFO - Task Code Quality Check - Improvement Bot completed successfully
2025-04-15 06:49:27,812 - Improvement Bot - INFO - Running scheduled task: System Health Analysis
2025-04-15 06:49:27,821 - Improvement Bot - INFO - Win rate trend: +0.00%
2025-04-15 06:49:27,821 - Improvement Bot - INFO - Profit trend: +0.00%
2025-04-15 06:49:27,822 - Improvement Bot - INFO - System health analysis completed: healthy
2025-04-15 06:49:27,822 - Improvement Bot - INFO - Task System Health Analysis completed successfully
2025-04-15 06:49:30,232 - Trading System - INFO - Trading Bot is alive: True
2025-04-15 06:49:30,232 - Trading System - INFO - Monitor Bot is alive: True
2025-04-15 06:49:30,232 - Trading System - INFO - Improvement Bot is alive: True
2025-04-15 06:49:37,104 - Quantum Trading Bot - INFO - Starting trading cycle
2025-04-15 06:49:37,104 - Quantum Trading Bot - INFO - Market is closed, waiting...
2025-04-15 06:49:37,105 - Quantum Trading Bot - INFO - Sleeping for 60 seconds
2025-04-15 07:05:58,196 - Trading System - INFO - Trading Bot is alive: True
2025-04-15 07:05:58,198 - Trading System - INFO - Monitor Bot is alive: True
2025-04-15 07:05:58,198 - Trading System - INFO - Improvement Bot is alive: True
2025-04-15 07:05:58,826 - Monitor Bot - INFO - Running scheduled task: Performance Metrics
2025-04-15 07:05:58,839 - Monitor Bot - INFO - === Performance Metrics ===
2025-04-15 07:05:58,840 - Monitor Bot - INFO - Date: 2025-04-14T15:53:41.233708
2025-04-15 07:05:58,840 - Monitor Bot - INFO - Total Trades: 72
2025-04-15 07:05:58,840 - Monitor Bot - INFO - Win Rate: 55.56%
2025-04-15 07:05:58,840 - Monitor Bot - INFO - Total Profit: $18.27
2025-04-15 07:05:58,840 - Monitor Bot - INFO - Average Profit per Trade: $0.25
2025-04-15 07:05:58,840 - Monitor Bot - INFO - Average Profit Percentage: 0.09%
2025-04-15 07:05:58,840 - Monitor Bot - INFO - Maximum Drawdown: 0.10%
2025-04-15 07:05:58,840 - Monitor Bot - INFO - ============================
2025-04-15 07:05:58,851 - Monitor Bot - INFO - Task Performance Metrics completed successfully
2025-04-15 07:06:05,068 - Quantum Trading Bot - INFO - Starting trading cycle
2025-04-15 07:06:05,069 - Quantum Trading Bot - INFO - Market is closed, waiting...
2025-04-15 07:06:05,069 - Quantum Trading Bot - INFO - Sleeping for 60 seconds
2025-04-15 07:22:33,155 - Trading System - INFO - Trading Bot is alive: True
2025-04-15 07:22:33,158 - Trading System - INFO - Monitor Bot is alive: True
2025-04-15 07:22:33,158 - Trading System - INFO - Improvement Bot is alive: True
2025-04-15 07:22:40,025 - Quantum Trading Bot - INFO - Starting trading cycle
2025-04-15 07:22:40,025 - Quantum Trading Bot - INFO - Market is closed, waiting...
2025-04-15 07:22:40,025 - Quantum Trading Bot - INFO - Sleeping for 60 seconds
2025-04-15 07:43:13,544 - Trading System - INFO - Trading Bot is alive: True
2025-04-15 07:43:13,546 - Trading System - INFO - Monitor Bot is alive: True
2025-04-15 07:43:13,546 - Trading System - INFO - Improvement Bot is alive: True
2025-04-15 07:43:20,421 - Quantum Trading Bot - INFO - Starting trading cycle
2025-04-15 07:43:20,422 - Quantum Trading Bot - INFO - Market is closed, waiting...
2025-04-15 07:43:20,422 - Quantum Trading Bot - INFO - Sleeping for 60 seconds
2025-04-15 07:44:13,551 - Trading System - INFO - Trading Bot is alive: True
2025-04-15 07:44:13,552 - Trading System - INFO - Monitor Bot is alive: True
2025-04-15 07:44:13,553 - Trading System - INFO - Improvement Bot is alive: True
2025-04-15 08:00:06,158 - Quantum Trading Bot - INFO - Starting trading cycle
2025-04-15 08:00:06,159 - Quantum Trading Bot - INFO - Market is closed, waiting...
2025-04-15 08:00:06,159 - Quantum Trading Bot - INFO - Sleeping for 60 seconds
2025-04-15 08:17:31,249 - Trading System - INFO - Trading Bot is alive: True
2025-04-15 08:17:31,251 - Trading System - INFO - Monitor Bot is alive: True
2025-04-15 08:17:31,251 - Trading System - INFO - Improvement Bot is alive: True
2025-04-15 08:17:31,909 - Monitor Bot - INFO - Running scheduled task: Performance Metrics
2025-04-15 08:17:31,927 - Monitor Bot - INFO - === Performance Metrics ===
2025-04-15 08:17:31,929 - Monitor Bot - INFO - Date: 2025-04-14T15:53:41.233708
2025-04-15 08:17:31,929 - Monitor Bot - INFO - Total Trades: 72
2025-04-15 08:17:31,929 - Monitor Bot - INFO - Win Rate: 55.56%
2025-04-15 08:17:31,930 - Monitor Bot - INFO - Total Profit: $18.27
2025-04-15 08:17:31,930 - Monitor Bot - INFO - Average Profit per Trade: $0.25
2025-04-15 08:17:31,930 - Monitor Bot - INFO - Average Profit Percentage: 0.09%
2025-04-15 08:17:31,930 - Monitor Bot - INFO - Maximum Drawdown: 0.10%
2025-04-15 08:17:31,930 - Monitor Bot - INFO - ============================
2025-04-15 08:17:31,942 - Monitor Bot - INFO - Task Performance Metrics completed successfully
2025-04-15 08:17:31,943 - Monitor Bot - INFO - Running scheduled task: Quantum System Health Check
2025-04-15 08:17:31,943 - Monitor Bot - INFO - Monitoring quantum system health
2025-04-15 08:17:31,943 - Monitor Bot - INFO - Average quantum error rate: 0.0427
2025-04-15 08:17:31,945 - Monitor Bot - INFO - Task Quantum System Health Check completed successfully
2025-04-15 08:17:38,126 - Quantum Trading Bot - INFO - Starting trading cycle
2025-04-15 08:17:38,127 - Quantum Trading Bot - INFO - Market is closed, waiting...
2025-04-15 08:17:38,127 - Quantum Trading Bot - INFO - Sleeping for 60 seconds
2025-04-15 08:35:13,226 - Trading System - INFO - Trading Bot is alive: True
2025-04-15 08:35:13,228 - Trading System - INFO - Monitor Bot is alive: True
2025-04-15 08:35:13,228 - Trading System - INFO - Improvement Bot is alive: True
2025-04-15 08:35:20,102 - Quantum Trading Bot - INFO - Starting trading cycle
2025-04-15 08:35:20,102 - Quantum Trading Bot - INFO - Market is closed, waiting...
2025-04-15 08:35:20,102 - Quantum Trading Bot - INFO - Sleeping for 60 seconds
2025-04-15 08:51:21,213 - Trading System - INFO - Trading Bot is alive: True
2025-04-15 08:51:21,215 - Trading System - INFO - Monitor Bot is alive: True
2025-04-15 08:51:21,215 - Trading System - INFO - Improvement Bot is alive: True
2025-04-15 08:51:28,086 - Quantum Trading Bot - INFO - Starting trading cycle
2025-04-15 08:51:28,087 - Quantum Trading Bot - INFO - Market is closed, waiting...
2025-04-15 08:51:28,087 - Quantum Trading Bot - INFO - Sleeping for 60 seconds
2025-04-15 09:11:15,151 - Trading System - INFO - Trading Bot is alive: True
2025-04-15 09:11:15,152 - Trading System - INFO - Monitor Bot is alive: True
2025-04-15 09:11:15,152 - Trading System - INFO - Improvement Bot is alive: True
2025-04-15 09:11:22,027 - Quantum Trading Bot - INFO - Starting trading cycle
2025-04-15 09:11:22,028 - Quantum Trading Bot - INFO - Processing AAPL
2025-04-15 09:11:22,028 - Quantum Trading Bot - ERROR - Error processing AAPL: name 'mock_check_halal_compliance' is not defined
2025-04-15 09:11:22,028 - Quantum Trading Bot - INFO - Processing MSFT
2025-04-15 09:11:22,028 - Quantum Trading Bot - ERROR - Error processing MSFT: name 'mock_check_halal_compliance' is not defined
2025-04-15 09:11:22,028 - Quantum Trading Bot - INFO - Processing NVDA
2025-04-15 09:11:22,029 - Quantum Trading Bot - ERROR - Error processing NVDA: name 'mock_check_halal_compliance' is not defined
2025-04-15 09:11:22,059 - Quantum Trading Bot - INFO - Performance metrics saved: 40/72 winning trades
2025-04-15 09:11:22,059 - Quantum Trading Bot - INFO - Sleeping for 60 seconds
2025-04-15 09:12:15,164 - Trading System - INFO - Trading Bot is alive: True
2025-04-15 09:12:15,166 - Trading System - INFO - Monitor Bot is alive: True
2025-04-15 09:12:15,166 - Trading System - INFO - Improvement Bot is alive: True
2025-04-15 09:12:22,075 - Quantum Trading Bot - INFO - Starting trading cycle
2025-04-15 09:12:22,075 - Quantum Trading Bot - INFO - Processing AAPL
2025-04-15 09:12:22,075 - Quantum Trading Bot - ERROR - Error processing AAPL: name 'mock_check_halal_compliance' is not defined
2025-04-15 09:12:22,075 - Quantum Trading Bot - INFO - Processing MSFT
2025-04-15 09:12:22,075 - Quantum Trading Bot - ERROR - Error processing MSFT: name 'mock_check_halal_compliance' is not defined
2025-04-15 09:12:22,076 - Quantum Trading Bot - INFO - Processing NVDA
2025-04-15 09:12:22,076 - Quantum Trading Bot - ERROR - Error processing NVDA: name 'mock_check_halal_compliance' is not defined
2025-04-15 09:12:22,115 - Quantum Trading Bot - INFO - Performance metrics saved: 40/72 winning trades
2025-04-15 09:12:22,116 - Quantum Trading Bot - INFO - Sleeping for 60 seconds
2025-04-15 09:19:54,778 - Trading System - INFO - Trading Bot is alive: True
2025-04-15 09:19:54,781 - Trading System - INFO - Monitor Bot is alive: True
2025-04-15 09:19:54,781 - Trading System - INFO - Improvement Bot is alive: True
2025-04-15 09:19:55,473 - Monitor Bot - INFO - Running scheduled task: Performance Metrics
2025-04-15 09:19:55,488 - Monitor Bot - INFO - === Performance Metrics ===
2025-04-15 09:19:55,489 - Monitor Bot - INFO - Date: 2025-04-15T09:12:22.076618
2025-04-15 09:19:55,489 - Monitor Bot - INFO - Total Trades: 72
2025-04-15 09:19:55,489 - Monitor Bot - INFO - Win Rate: 55.56%
2025-04-15 09:19:55,489 - Monitor Bot - INFO - Total Profit: $18.27
2025-04-15 09:19:55,490 - Monitor Bot - INFO - Average Profit per Trade: $0.25
2025-04-15 09:19:55,490 - Monitor Bot - INFO - Average Profit Percentage: 0.09%
2025-04-15 09:19:55,490 - Monitor Bot - INFO - Maximum Drawdown: 0.10%
2025-04-15 09:19:55,490 - Monitor Bot - INFO - ============================
2025-04-15 09:19:55,504 - Monitor Bot - INFO - Task Performance Metrics completed successfully
2025-04-15 09:20:01,726 - Quantum Trading Bot - INFO - Starting trading cycle
2025-04-15 09:20:01,727 - Quantum Trading Bot - INFO - Processing AAPL
2025-04-15 09:20:01,727 - Quantum Trading Bot - ERROR - Error processing AAPL: name 'mock_check_halal_compliance' is not defined
2025-04-15 09:20:01,727 - Quantum Trading Bot - INFO - Processing MSFT
2025-04-15 09:20:01,727 - Quantum Trading Bot - ERROR - Error processing MSFT: name 'mock_check_halal_compliance' is not defined
2025-04-15 09:20:01,727 - Quantum Trading Bot - INFO - Processing NVDA
2025-04-15 09:20:01,727 - Quantum Trading Bot - ERROR - Error processing NVDA: name 'mock_check_halal_compliance' is not defined
2025-04-15 09:20:01,765 - Quantum Trading Bot - INFO - Performance metrics saved: 40/72 winning trades
2025-04-15 09:20:01,765 - Quantum Trading Bot - INFO - Sleeping for 60 seconds
2025-04-15 09:20:54,783 - Trading System - INFO - Trading Bot is alive: True
2025-04-15 09:20:54,785 - Trading System - INFO - Monitor Bot is alive: True
2025-04-15 09:20:54,785 - Trading System - INFO - Improvement Bot is alive: True
2025-04-15 09:21:01,769 - Quantum Trading Bot - INFO - Starting trading cycle
2025-04-15 09:21:01,770 - Quantum Trading Bot - INFO - Processing AAPL
2025-04-15 09:21:01,770 - Quantum Trading Bot - ERROR - Error processing AAPL: name 'mock_check_halal_compliance' is not defined
2025-04-15 09:21:01,771 - Quantum Trading Bot - INFO - Processing MSFT
2025-04-15 09:21:01,771 - Quantum Trading Bot - ERROR - Error processing MSFT: name 'mock_check_halal_compliance' is not defined
2025-04-15 09:21:01,771 - Quantum Trading Bot - INFO - Processing NVDA
2025-04-15 09:21:01,771 - Quantum Trading Bot - ERROR - Error processing NVDA: name 'mock_check_halal_compliance' is not defined
2025-04-15 09:21:01,808 - Quantum Trading Bot - INFO - Performance metrics saved: 40/72 winning trades
2025-04-15 09:21:01,808 - Quantum Trading Bot - INFO - Sleeping for 60 seconds
2025-04-15 09:21:54,789 - Trading System - INFO - Trading Bot is alive: True
2025-04-15 09:21:54,791 - Trading System - INFO - Monitor Bot is alive: True
2025-04-15 09:21:54,791 - Trading System - INFO - Improvement Bot is alive: True
2025-04-15 09:22:01,813 - Quantum Trading Bot - INFO - Starting trading cycle
2025-04-15 09:22:01,813 - Quantum Trading Bot - INFO - Processing AAPL
2025-04-15 09:22:01,814 - Quantum Trading Bot - ERROR - Error processing AAPL: name 'mock_check_halal_compliance' is not defined
2025-04-15 09:22:01,814 - Quantum Trading Bot - INFO - Processing MSFT
2025-04-15 09:22:01,814 - Quantum Trading Bot - ERROR - Error processing MSFT: name 'mock_check_halal_compliance' is not defined
2025-04-15 09:22:01,815 - Quantum Trading Bot - INFO - Processing NVDA
2025-04-15 09:22:01,815 - Quantum Trading Bot - ERROR - Error processing NVDA: name 'mock_check_halal_compliance' is not defined
2025-04-15 09:22:01,856 - Quantum Trading Bot - INFO - Performance metrics saved: 40/72 winning trades
2025-04-15 09:22:01,856 - Quantum Trading Bot - INFO - Sleeping for 60 seconds
2025-04-15 09:22:54,796 - Trading System - INFO - Trading Bot is alive: True
2025-04-15 09:22:54,799 - Trading System - INFO - Monitor Bot is alive: True
2025-04-15 09:22:54,800 - Trading System - INFO - Improvement Bot is alive: True
2025-04-15 09:23:01,861 - Quantum Trading Bot - INFO - Starting trading cycle
2025-04-15 09:23:01,862 - Quantum Trading Bot - INFO - Processing AAPL
2025-04-15 09:23:01,863 - Quantum Trading Bot - ERROR - Error processing AAPL: name 'mock_check_halal_compliance' is not defined
2025-04-15 09:23:01,863 - Quantum Trading Bot - INFO - Processing MSFT
2025-04-15 09:23:01,863 - Quantum Trading Bot - ERROR - Error processing MSFT: name 'mock_check_halal_compliance' is not defined
2025-04-15 09:23:01,863 - Quantum Trading Bot - INFO - Processing NVDA
2025-04-15 09:23:01,863 - Quantum Trading Bot - ERROR - Error processing NVDA: name 'mock_check_halal_compliance' is not defined
2025-04-15 09:23:01,901 - Quantum Trading Bot - INFO - Performance metrics saved: 40/72 winning trades
2025-04-15 09:23:01,901 - Quantum Trading Bot - INFO - Not enough quantum predictions to update model
2025-04-15 09:23:01,943 - Quantum Trading Bot - INFO - Quantum device error rate: 0.0417
2025-04-15 09:23:01,946 - Quantum Trading Bot - INFO - Quantum portfolio optimization complete: {'AAPL': np.float64(0.3268356075373619), 'MSFT': np.float64(0.33528265107212474), 'NVDA': np.float64(0.3378817413905133)}
2025-04-15 09:23:01,946 - Quantum Trading Bot - INFO - Optimal portfolio weights: {'AAPL': np.float64(0.3268356075373619), 'MSFT': np.float64(0.33528265107212474), 'NVDA': np.float64(0.3378817413905133)}
2025-04-15 09:23:01,947 - Quantum Trading Bot - INFO - Sleeping for 60 seconds
2025-04-15 09:23:54,805 - Trading System - INFO - Trading Bot is alive: True
2025-04-15 09:23:54,808 - Trading System - INFO - Monitor Bot is alive: True
2025-04-15 09:23:54,808 - Trading System - INFO - Improvement Bot is alive: True
2025-04-15 09:24:01,952 - Quantum Trading Bot - INFO - Starting trading cycle
2025-04-15 09:24:01,952 - Quantum Trading Bot - INFO - Processing AAPL
2025-04-15 09:24:01,953 - Quantum Trading Bot - ERROR - Error processing AAPL: name 'mock_check_halal_compliance' is not defined
2025-04-15 09:24:01,953 - Quantum Trading Bot - INFO - Processing MSFT
2025-04-15 09:24:01,953 - Quantum Trading Bot - ERROR - Error processing MSFT: name 'mock_check_halal_compliance' is not defined
2025-04-15 09:24:01,953 - Quantum Trading Bot - INFO - Processing NVDA
2025-04-15 09:24:01,954 - Quantum Trading Bot - ERROR - Error processing NVDA: name 'mock_check_halal_compliance' is not defined
2025-04-15 09:24:01,995 - Quantum Trading Bot - INFO - Performance metrics saved: 40/72 winning trades
2025-04-15 09:24:01,995 - Quantum Trading Bot - INFO - Sleeping for 60 seconds
2025-04-15 09:24:54,808 - Trading System - INFO - Trading Bot is alive: True
2025-04-15 09:24:54,811 - Trading System - INFO - Monitor Bot is alive: True
2025-04-15 09:24:54,811 - Trading System - INFO - Improvement Bot is alive: True
2025-04-15 09:25:02,000 - Quantum Trading Bot - INFO - Starting trading cycle
2025-04-15 09:25:02,001 - Quantum Trading Bot - INFO - Processing AAPL
2025-04-15 09:25:02,001 - Quantum Trading Bot - ERROR - Error processing AAPL: name 'mock_check_halal_compliance' is not defined
2025-04-15 09:25:02,001 - Quantum Trading Bot - INFO - Processing MSFT
2025-04-15 09:25:02,001 - Quantum Trading Bot - ERROR - Error processing MSFT: name 'mock_check_halal_compliance' is not defined
2025-04-15 09:25:02,002 - Quantum Trading Bot - INFO - Processing NVDA
2025-04-15 09:25:02,002 - Quantum Trading Bot - ERROR - Error processing NVDA: name 'mock_check_halal_compliance' is not defined
2025-04-15 09:25:02,042 - Quantum Trading Bot - INFO - Performance metrics saved: 40/72 winning trades
2025-04-15 09:25:02,042 - Quantum Trading Bot - INFO - Sleeping for 60 seconds
2025-04-15 09:25:54,816 - Trading System - INFO - Trading Bot is alive: True
2025-04-15 09:25:54,819 - Trading System - INFO - Monitor Bot is alive: True
2025-04-15 09:25:54,819 - Trading System - INFO - Improvement Bot is alive: True
2025-04-15 09:26:02,047 - Quantum Trading Bot - INFO - Starting trading cycle
2025-04-15 09:26:02,048 - Quantum Trading Bot - INFO - Processing AAPL
2025-04-15 09:26:02,049 - Quantum Trading Bot - ERROR - Error processing AAPL: name 'mock_check_halal_compliance' is not defined
2025-04-15 09:26:02,049 - Quantum Trading Bot - INFO - Processing MSFT
2025-04-15 09:26:02,049 - Quantum Trading Bot - ERROR - Error processing MSFT: name 'mock_check_halal_compliance' is not defined
2025-04-15 09:26:02,050 - Quantum Trading Bot - INFO - Processing NVDA
2025-04-15 09:26:02,050 - Quantum Trading Bot - ERROR - Error processing NVDA: name 'mock_check_halal_compliance' is not defined
2025-04-15 09:26:02,086 - Quantum Trading Bot - INFO - Performance metrics saved: 40/72 winning trades
2025-04-15 09:26:02,087 - Quantum Trading Bot - INFO - Sleeping for 60 seconds
2025-04-15 09:26:54,822 - Trading System - INFO - Trading Bot is alive: True
2025-04-15 09:26:54,823 - Trading System - INFO - Monitor Bot is alive: True
2025-04-15 09:26:54,823 - Trading System - INFO - Improvement Bot is alive: True
2025-04-15 09:27:02,091 - Quantum Trading Bot - INFO - Starting trading cycle
2025-04-15 09:27:02,092 - Quantum Trading Bot - INFO - Processing AAPL
2025-04-15 09:27:02,092 - Quantum Trading Bot - ERROR - Error processing AAPL: name 'mock_check_halal_compliance' is not defined
2025-04-15 09:27:02,092 - Quantum Trading Bot - INFO - Processing MSFT
2025-04-15 09:27:02,092 - Quantum Trading Bot - ERROR - Error processing MSFT: name 'mock_check_halal_compliance' is not defined
2025-04-15 09:27:02,092 - Quantum Trading Bot - INFO - Processing NVDA
2025-04-15 09:27:02,092 - Quantum Trading Bot - ERROR - Error processing NVDA: name 'mock_check_halal_compliance' is not defined
2025-04-15 09:27:02,131 - Quantum Trading Bot - INFO - Performance metrics saved: 40/72 winning trades
2025-04-15 09:27:02,132 - Quantum Trading Bot - INFO - Sleeping for 60 seconds
2025-04-15 09:27:54,829 - Trading System - INFO - Trading Bot is alive: True
2025-04-15 09:27:54,832 - Trading System - INFO - Monitor Bot is alive: True
2025-04-15 09:27:54,833 - Trading System - INFO - Improvement Bot is alive: True
2025-04-15 09:28:02,136 - Quantum Trading Bot - INFO - Starting trading cycle
2025-04-15 09:28:02,137 - Quantum Trading Bot - INFO - Processing AAPL
2025-04-15 09:28:02,137 - Quantum Trading Bot - ERROR - Error processing AAPL: name 'mock_check_halal_compliance' is not defined
2025-04-15 09:28:02,137 - Quantum Trading Bot - INFO - Processing MSFT
2025-04-15 09:28:02,138 - Quantum Trading Bot - ERROR - Error processing MSFT: name 'mock_check_halal_compliance' is not defined
2025-04-15 09:28:02,138 - Quantum Trading Bot - INFO - Processing NVDA
2025-04-15 09:28:02,138 - Quantum Trading Bot - ERROR - Error processing NVDA: name 'mock_check_halal_compliance' is not defined
2025-04-15 09:28:02,175 - Quantum Trading Bot - INFO - Performance metrics saved: 40/72 winning trades
2025-04-15 09:28:02,175 - Quantum Trading Bot - INFO - Sleeping for 60 seconds
2025-04-15 09:28:54,834 - Trading System - INFO - Trading Bot is alive: True
2025-04-15 09:28:54,838 - Trading System - INFO - Monitor Bot is alive: True
2025-04-15 09:28:54,838 - Trading System - INFO - Improvement Bot is alive: True
2025-04-15 09:29:02,180 - Quantum Trading Bot - INFO - Starting trading cycle
2025-04-15 09:29:02,180 - Quantum Trading Bot - INFO - Processing AAPL
2025-04-15 09:29:02,181 - Quantum Trading Bot - ERROR - Error processing AAPL: name 'mock_check_halal_compliance' is not defined
2025-04-15 09:29:02,181 - Quantum Trading Bot - INFO - Processing MSFT
2025-04-15 09:29:02,181 - Quantum Trading Bot - ERROR - Error processing MSFT: name 'mock_check_halal_compliance' is not defined
2025-04-15 09:29:02,181 - Quantum Trading Bot - INFO - Processing NVDA
2025-04-15 09:29:02,181 - Quantum Trading Bot - ERROR - Error processing NVDA: name 'mock_check_halal_compliance' is not defined
2025-04-15 09:29:02,221 - Quantum Trading Bot - INFO - Performance metrics saved: 40/72 winning trades
2025-04-15 09:29:02,221 - Quantum Trading Bot - INFO - Sleeping for 60 seconds
2025-04-15 09:29:54,844 - Trading System - INFO - Trading Bot is alive: True
2025-04-15 09:29:54,847 - Trading System - INFO - Monitor Bot is alive: True
2025-04-15 09:29:54,847 - Trading System - INFO - Improvement Bot is alive: True
2025-04-15 09:30:02,225 - Quantum Trading Bot - INFO - Starting trading cycle
2025-04-15 09:30:02,226 - Quantum Trading Bot - INFO - Processing AAPL
2025-04-15 09:30:02,227 - Quantum Trading Bot - ERROR - Error processing AAPL: name 'mock_check_halal_compliance' is not defined
2025-04-15 09:30:02,227 - Quantum Trading Bot - INFO - Processing MSFT
2025-04-15 09:30:02,227 - Quantum Trading Bot - ERROR - Error processing MSFT: name 'mock_check_halal_compliance' is not defined
2025-04-15 09:30:02,227 - Quantum Trading Bot - INFO - Processing NVDA
2025-04-15 09:30:02,228 - Quantum Trading Bot - ERROR - Error processing NVDA: name 'mock_check_halal_compliance' is not defined
2025-04-15 09:30:02,266 - Quantum Trading Bot - INFO - Performance metrics saved: 40/72 winning trades
2025-04-15 09:30:02,266 - Quantum Trading Bot - INFO - Sleeping for 60 seconds
2025-04-15 09:30:54,852 - Trading System - INFO - Trading Bot is alive: True
2025-04-15 09:30:54,853 - Trading System - INFO - Monitor Bot is alive: True
2025-04-15 09:30:54,853 - Trading System - INFO - Improvement Bot is alive: True
2025-04-15 09:31:02,271 - Quantum Trading Bot - INFO - Starting trading cycle
2025-04-15 09:31:02,273 - Quantum Trading Bot - INFO - Processing AAPL
2025-04-15 09:31:02,273 - Quantum Trading Bot - ERROR - Error processing AAPL: name 'mock_check_halal_compliance' is not defined
2025-04-15 09:31:02,273 - Quantum Trading Bot - INFO - Processing MSFT
2025-04-15 09:31:02,273 - Quantum Trading Bot - ERROR - Error processing MSFT: name 'mock_check_halal_compliance' is not defined
2025-04-15 09:31:02,273 - Quantum Trading Bot - INFO - Processing NVDA
2025-04-15 09:31:02,274 - Quantum Trading Bot - ERROR - Error processing NVDA: name 'mock_check_halal_compliance' is not defined
2025-04-15 09:31:02,313 - Quantum Trading Bot - INFO - Performance metrics saved: 40/72 winning trades
2025-04-15 09:31:02,314 - Quantum Trading Bot - INFO - Sleeping for 60 seconds
2025-04-15 09:31:54,855 - Trading System - INFO - Trading Bot is alive: True
2025-04-15 09:31:54,858 - Trading System - INFO - Monitor Bot is alive: True
2025-04-15 09:31:54,859 - Trading System - INFO - Improvement Bot is alive: True
2025-04-15 09:32:02,318 - Quantum Trading Bot - INFO - Starting trading cycle
2025-04-15 09:32:02,319 - Quantum Trading Bot - INFO - Processing AAPL
2025-04-15 09:32:02,320 - Quantum Trading Bot - ERROR - Error processing AAPL: name 'mock_check_halal_compliance' is not defined
2025-04-15 09:32:02,320 - Quantum Trading Bot - INFO - Processing MSFT
2025-04-15 09:32:02,320 - Quantum Trading Bot - ERROR - Error processing MSFT: name 'mock_check_halal_compliance' is not defined
2025-04-15 09:32:02,320 - Quantum Trading Bot - INFO - Processing NVDA
2025-04-15 09:32:02,320 - Quantum Trading Bot - ERROR - Error processing NVDA: name 'mock_check_halal_compliance' is not defined
2025-04-15 09:32:02,361 - Quantum Trading Bot - INFO - Performance metrics saved: 40/72 winning trades
2025-04-15 09:32:02,361 - Quantum Trading Bot - INFO - Sleeping for 60 seconds
2025-04-15 09:32:54,859 - Trading System - INFO - Trading Bot is alive: True
2025-04-15 09:32:54,863 - Trading System - INFO - Monitor Bot is alive: True
2025-04-15 09:32:54,863 - Trading System - INFO - Improvement Bot is alive: True
2025-04-15 09:33:02,365 - Quantum Trading Bot - INFO - Starting trading cycle
2025-04-15 09:33:02,366 - Quantum Trading Bot - INFO - Processing AAPL
2025-04-15 09:33:02,366 - Quantum Trading Bot - ERROR - Error processing AAPL: name 'mock_check_halal_compliance' is not defined
2025-04-15 09:33:02,366 - Quantum Trading Bot - INFO - Processing MSFT
2025-04-15 09:33:02,367 - Quantum Trading Bot - ERROR - Error processing MSFT: name 'mock_check_halal_compliance' is not defined
2025-04-15 09:33:02,367 - Quantum Trading Bot - INFO - Processing NVDA
2025-04-15 09:33:02,367 - Quantum Trading Bot - ERROR - Error processing NVDA: name 'mock_check_halal_compliance' is not defined
2025-04-15 09:33:02,405 - Quantum Trading Bot - INFO - Performance metrics saved: 40/72 winning trades
2025-04-15 09:33:02,406 - Quantum Trading Bot - INFO - Not enough quantum predictions to update model
2025-04-15 09:33:02,406 - Quantum Trading Bot - INFO - Sleeping for 60 seconds
2025-04-15 09:33:54,866 - Trading System - INFO - Trading Bot is alive: True
2025-04-15 09:33:54,867 - Trading System - INFO - Monitor Bot is alive: True
2025-04-15 09:33:54,868 - Trading System - INFO - Improvement Bot is alive: True
2025-04-15 09:34:02,410 - Quantum Trading Bot - INFO - Starting trading cycle
2025-04-15 09:34:02,411 - Quantum Trading Bot - INFO - Processing AAPL
2025-04-15 09:34:02,411 - Quantum Trading Bot - ERROR - Error processing AAPL: name 'mock_check_halal_compliance' is not defined
2025-04-15 09:34:02,411 - Quantum Trading Bot - INFO - Processing MSFT
2025-04-15 09:34:02,412 - Quantum Trading Bot - ERROR - Error processing MSFT: name 'mock_check_halal_compliance' is not defined
2025-04-15 09:34:02,412 - Quantum Trading Bot - INFO - Processing NVDA
2025-04-15 09:34:02,412 - Quantum Trading Bot - ERROR - Error processing NVDA: name 'mock_check_halal_compliance' is not defined
2025-04-15 09:34:02,450 - Quantum Trading Bot - INFO - Performance metrics saved: 40/72 winning trades
2025-04-15 09:34:02,450 - Quantum Trading Bot - INFO - Sleeping for 60 seconds
2025-04-15 09:34:54,877 - Trading System - INFO - Trading Bot is alive: True
2025-04-15 09:34:54,880 - Trading System - INFO - Monitor Bot is alive: True
2025-04-15 09:34:54,881 - Trading System - INFO - Improvement Bot is alive: True
2025-04-15 09:35:02,450 - Quantum Trading Bot - INFO - Starting trading cycle
2025-04-15 09:35:02,451 - Quantum Trading Bot - INFO - Processing AAPL
2025-04-15 09:35:02,451 - Quantum Trading Bot - ERROR - Error processing AAPL: name 'mock_check_halal_compliance' is not defined
2025-04-15 09:35:02,451 - Quantum Trading Bot - INFO - Processing MSFT
2025-04-15 09:35:02,451 - Quantum Trading Bot - ERROR - Error processing MSFT: name 'mock_check_halal_compliance' is not defined
2025-04-15 09:35:02,451 - Quantum Trading Bot - INFO - Processing NVDA
2025-04-15 09:35:02,451 - Quantum Trading Bot - ERROR - Error processing NVDA: name 'mock_check_halal_compliance' is not defined
2025-04-15 09:35:02,481 - Quantum Trading Bot - INFO - Performance metrics saved: 40/72 winning trades
2025-04-15 09:35:02,481 - Quantum Trading Bot - INFO - Sleeping for 60 seconds
2025-04-15 09:35:54,886 - Trading System - INFO - Trading Bot is alive: True
2025-04-15 09:35:54,887 - Trading System - INFO - Monitor Bot is alive: True
2025-04-15 09:35:54,887 - Trading System - INFO - Improvement Bot is alive: True
2025-04-15 09:36:02,486 - Quantum Trading Bot - INFO - Starting trading cycle
2025-04-15 09:36:02,487 - Quantum Trading Bot - INFO - Processing AAPL
2025-04-15 09:36:02,487 - Quantum Trading Bot - ERROR - Error processing AAPL: name 'mock_check_halal_compliance' is not defined
2025-04-15 09:36:02,487 - Quantum Trading Bot - INFO - Processing MSFT
2025-04-15 09:36:02,487 - Quantum Trading Bot - ERROR - Error processing MSFT: name 'mock_check_halal_compliance' is not defined
2025-04-15 09:36:02,487 - Quantum Trading Bot - INFO - Processing NVDA
2025-04-15 09:36:02,487 - Quantum Trading Bot - ERROR - Error processing NVDA: name 'mock_check_halal_compliance' is not defined
2025-04-15 09:36:02,523 - Quantum Trading Bot - INFO - Performance metrics saved: 40/72 winning trades
2025-04-15 09:36:02,524 - Quantum Trading Bot - INFO - Sleeping for 60 seconds
2025-04-15 09:36:54,892 - Trading System - INFO - Trading Bot is alive: True
2025-04-15 09:36:54,894 - Trading System - INFO - Monitor Bot is alive: True
2025-04-15 09:36:54,895 - Trading System - INFO - Improvement Bot is alive: True
2025-04-15 09:37:02,528 - Quantum Trading Bot - INFO - Starting trading cycle
2025-04-15 09:37:02,529 - Quantum Trading Bot - INFO - Processing AAPL
2025-04-15 09:37:02,529 - Quantum Trading Bot - ERROR - Error processing AAPL: name 'mock_check_halal_compliance' is not defined
2025-04-15 09:37:02,530 - Quantum Trading Bot - INFO - Processing MSFT
2025-04-15 09:37:02,530 - Quantum Trading Bot - ERROR - Error processing MSFT: name 'mock_check_halal_compliance' is not defined
2025-04-15 09:37:02,530 - Quantum Trading Bot - INFO - Processing NVDA
2025-04-15 09:37:02,530 - Quantum Trading Bot - ERROR - Error processing NVDA: name 'mock_check_halal_compliance' is not defined
2025-04-15 09:37:02,568 - Quantum Trading Bot - INFO - Performance metrics saved: 40/72 winning trades
2025-04-15 09:37:02,568 - Quantum Trading Bot - INFO - Sleeping for 60 seconds
2025-04-15 09:37:54,896 - Trading System - INFO - Trading Bot is alive: True
2025-04-15 09:37:54,900 - Trading System - INFO - Monitor Bot is alive: True
2025-04-15 09:37:54,900 - Trading System - INFO - Improvement Bot is alive: True
2025-04-15 09:38:02,579 - Quantum Trading Bot - INFO - Starting trading cycle
2025-04-15 09:38:02,579 - Quantum Trading Bot - INFO - Processing AAPL
2025-04-15 09:38:02,580 - Quantum Trading Bot - ERROR - Error processing AAPL: name 'mock_check_halal_compliance' is not defined
2025-04-15 09:38:02,580 - Quantum Trading Bot - INFO - Processing MSFT
2025-04-15 09:38:02,580 - Quantum Trading Bot - ERROR - Error processing MSFT: name 'mock_check_halal_compliance' is not defined
2025-04-15 09:38:02,580 - Quantum Trading Bot - INFO - Processing NVDA
2025-04-15 09:38:02,580 - Quantum Trading Bot - ERROR - Error processing NVDA: name 'mock_check_halal_compliance' is not defined
2025-04-15 09:38:02,622 - Quantum Trading Bot - INFO - Performance metrics saved: 40/72 winning trades
2025-04-15 09:38:02,622 - Quantum Trading Bot - INFO - Sleeping for 60 seconds
2025-04-15 09:38:54,918 - Trading System - INFO - Trading Bot is alive: True
2025-04-15 09:38:54,921 - Trading System - INFO - Monitor Bot is alive: True
2025-04-15 09:38:54,922 - Trading System - INFO - Improvement Bot is alive: True
2025-04-15 09:39:02,635 - Quantum Trading Bot - INFO - Starting trading cycle
2025-04-15 09:39:02,635 - Quantum Trading Bot - INFO - Processing AAPL
2025-04-15 09:39:02,636 - Quantum Trading Bot - ERROR - Error processing AAPL: name 'mock_check_halal_compliance' is not defined
2025-04-15 09:39:02,636 - Quantum Trading Bot - INFO - Processing MSFT
2025-04-15 09:39:02,636 - Quantum Trading Bot - ERROR - Error processing MSFT: name 'mock_check_halal_compliance' is not defined
2025-04-15 09:39:02,636 - Quantum Trading Bot - INFO - Processing NVDA
2025-04-15 09:39:02,636 - Quantum Trading Bot - ERROR - Error processing NVDA: name 'mock_check_halal_compliance' is not defined
2025-04-15 09:39:02,674 - Quantum Trading Bot - INFO - Performance metrics saved: 40/72 winning trades
2025-04-15 09:39:02,675 - Quantum Trading Bot - INFO - Sleeping for 60 seconds
2025-04-15 09:39:54,928 - Trading System - INFO - Trading Bot is alive: True
2025-04-15 09:39:54,931 - Trading System - INFO - Monitor Bot is alive: True
2025-04-15 09:39:54,931 - Trading System - INFO - Improvement Bot is alive: True
2025-04-15 09:40:02,679 - Quantum Trading Bot - INFO - Starting trading cycle
2025-04-15 09:40:02,680 - Quantum Trading Bot - INFO - Processing AAPL
2025-04-15 09:40:02,680 - Quantum Trading Bot - ERROR - Error processing AAPL: name 'mock_check_halal_compliance' is not defined
2025-04-15 09:40:02,680 - Quantum Trading Bot - INFO - Processing MSFT
2025-04-15 09:40:02,680 - Quantum Trading Bot - ERROR - Error processing MSFT: name 'mock_check_halal_compliance' is not defined
2025-04-15 09:40:02,681 - Quantum Trading Bot - INFO - Processing NVDA
2025-04-15 09:40:02,681 - Quantum Trading Bot - ERROR - Error processing NVDA: name 'mock_check_halal_compliance' is not defined
2025-04-15 09:40:02,721 - Quantum Trading Bot - INFO - Performance metrics saved: 40/72 winning trades
2025-04-15 09:40:02,721 - Quantum Trading Bot - INFO - Sleeping for 60 seconds
2025-04-15 09:40:54,934 - Trading System - INFO - Trading Bot is alive: True
2025-04-15 09:40:54,939 - Trading System - INFO - Monitor Bot is alive: True
2025-04-15 09:40:54,940 - Trading System - INFO - Improvement Bot is alive: True
2025-04-15 09:41:02,726 - Quantum Trading Bot - INFO - Starting trading cycle
2025-04-15 09:41:02,727 - Quantum Trading Bot - INFO - Processing AAPL
2025-04-15 09:41:02,728 - Quantum Trading Bot - ERROR - Error processing AAPL: name 'mock_check_halal_compliance' is not defined
2025-04-15 09:41:02,728 - Quantum Trading Bot - INFO - Processing MSFT
2025-04-15 09:41:02,728 - Quantum Trading Bot - ERROR - Error processing MSFT: name 'mock_check_halal_compliance' is not defined
2025-04-15 09:41:02,728 - Quantum Trading Bot - INFO - Processing NVDA
2025-04-15 09:41:02,729 - Quantum Trading Bot - ERROR - Error processing NVDA: name 'mock_check_halal_compliance' is not defined
2025-04-15 09:41:02,769 - Quantum Trading Bot - INFO - Performance metrics saved: 40/72 winning trades
2025-04-15 09:41:02,770 - Quantum Trading Bot - INFO - Sleeping for 60 seconds
2025-04-15 09:41:54,942 - Trading System - INFO - Trading Bot is alive: True
2025-04-15 09:41:54,944 - Trading System - INFO - Monitor Bot is alive: True
2025-04-15 09:41:54,944 - Trading System - INFO - Improvement Bot is alive: True
2025-04-15 09:42:02,771 - Quantum Trading Bot - INFO - Starting trading cycle
2025-04-15 09:42:02,773 - Quantum Trading Bot - INFO - Processing AAPL
2025-04-15 09:42:02,773 - Quantum Trading Bot - ERROR - Error processing AAPL: name 'mock_check_halal_compliance' is not defined
2025-04-15 09:42:02,773 - Quantum Trading Bot - INFO - Processing MSFT
2025-04-15 09:42:02,773 - Quantum Trading Bot - ERROR - Error processing MSFT: name 'mock_check_halal_compliance' is not defined
2025-04-15 09:42:02,773 - Quantum Trading Bot - INFO - Processing NVDA
2025-04-15 09:42:02,773 - Quantum Trading Bot - ERROR - Error processing NVDA: name 'mock_check_halal_compliance' is not defined
2025-04-15 09:42:02,811 - Quantum Trading Bot - INFO - Performance metrics saved: 40/72 winning trades
2025-04-15 09:42:02,811 - Quantum Trading Bot - INFO - Sleeping for 60 seconds
2025-04-15 09:42:54,949 - Trading System - INFO - Trading Bot is alive: True
2025-04-15 09:42:54,953 - Trading System - INFO - Monitor Bot is alive: True
2025-04-15 09:42:54,953 - Trading System - INFO - Improvement Bot is alive: True
2025-04-15 09:43:02,816 - Quantum Trading Bot - INFO - Starting trading cycle
2025-04-15 09:43:02,819 - Quantum Trading Bot - INFO - Processing AAPL
2025-04-15 09:43:02,819 - Quantum Trading Bot - ERROR - Error processing AAPL: name 'mock_check_halal_compliance' is not defined
2025-04-15 09:43:02,819 - Quantum Trading Bot - INFO - Processing MSFT
2025-04-15 09:43:02,820 - Quantum Trading Bot - ERROR - Error processing MSFT: name 'mock_check_halal_compliance' is not defined
2025-04-15 09:43:02,820 - Quantum Trading Bot - INFO - Processing NVDA
2025-04-15 09:43:02,820 - Quantum Trading Bot - ERROR - Error processing NVDA: name 'mock_check_halal_compliance' is not defined
2025-04-15 09:43:02,860 - Quantum Trading Bot - INFO - Performance metrics saved: 40/72 winning trades
2025-04-15 09:43:02,861 - Quantum Trading Bot - INFO - Not enough quantum predictions to update model
2025-04-15 09:43:02,904 - Quantum Trading Bot - INFO - Quantum device error rate: 0.0264
2025-04-15 09:43:02,907 - Quantum Trading Bot - INFO - Quantum portfolio optimization complete: {'AAPL': np.float64(0.33847184986595175), 'MSFT': np.float64(0.3351206434316354), 'NVDA': np.float64(0.32640750670241286)}
2025-04-15 09:43:02,907 - Quantum Trading Bot - INFO - Optimal portfolio weights: {'AAPL': np.float64(0.33847184986595175), 'MSFT': np.float64(0.3351206434316354), 'NVDA': np.float64(0.32640750670241286)}
2025-04-15 09:43:02,907 - Quantum Trading Bot - INFO - Sleeping for 60 seconds
2025-04-15 09:43:54,957 - Trading System - INFO - Trading Bot is alive: True
2025-04-15 09:43:54,959 - Trading System - INFO - Monitor Bot is alive: True
2025-04-15 09:43:54,960 - Trading System - INFO - Improvement Bot is alive: True
2025-04-15 09:44:02,914 - Quantum Trading Bot - INFO - Starting trading cycle
2025-04-15 09:44:02,916 - Quantum Trading Bot - INFO - Processing AAPL
2025-04-15 09:44:02,917 - Quantum Trading Bot - ERROR - Error processing AAPL: name 'mock_check_halal_compliance' is not defined
2025-04-15 09:44:02,918 - Quantum Trading Bot - INFO - Processing MSFT
2025-04-15 09:44:02,918 - Quantum Trading Bot - ERROR - Error processing MSFT: name 'mock_check_halal_compliance' is not defined
2025-04-15 09:44:02,918 - Quantum Trading Bot - INFO - Processing NVDA
2025-04-15 09:44:02,918 - Quantum Trading Bot - ERROR - Error processing NVDA: name 'mock_check_halal_compliance' is not defined
2025-04-15 09:44:02,955 - Quantum Trading Bot - INFO - Performance metrics saved: 40/72 winning trades
2025-04-15 09:44:02,955 - Quantum Trading Bot - INFO - Sleeping for 60 seconds
2025-04-15 09:44:54,965 - Trading System - INFO - Trading Bot is alive: True
2025-04-15 09:44:54,967 - Trading System - INFO - Monitor Bot is alive: True
2025-04-15 09:44:54,968 - Trading System - INFO - Improvement Bot is alive: True
2025-04-15 09:45:02,960 - Quantum Trading Bot - INFO - Starting trading cycle
2025-04-15 09:45:02,961 - Quantum Trading Bot - INFO - Processing AAPL
2025-04-15 09:45:02,962 - Quantum Trading Bot - ERROR - Error processing AAPL: name 'mock_check_halal_compliance' is not defined
2025-04-15 09:45:02,962 - Quantum Trading Bot - INFO - Processing MSFT
2025-04-15 09:45:02,962 - Quantum Trading Bot - ERROR - Error processing MSFT: name 'mock_check_halal_compliance' is not defined
2025-04-15 09:45:02,962 - Quantum Trading Bot - INFO - Processing NVDA
2025-04-15 09:45:02,963 - Quantum Trading Bot - ERROR - Error processing NVDA: name 'mock_check_halal_compliance' is not defined
2025-04-15 09:45:03,002 - Quantum Trading Bot - INFO - Performance metrics saved: 40/72 winning trades
2025-04-15 09:45:03,003 - Quantum Trading Bot - INFO - Sleeping for 60 seconds
2025-04-15 09:45:54,971 - Trading System - INFO - Trading Bot is alive: True
2025-04-15 09:45:54,974 - Trading System - INFO - Monitor Bot is alive: True
2025-04-15 09:45:54,974 - Trading System - INFO - Improvement Bot is alive: True
2025-04-15 09:46:03,008 - Quantum Trading Bot - INFO - Starting trading cycle
2025-04-15 09:46:03,009 - Quantum Trading Bot - INFO - Processing AAPL
2025-04-15 09:46:03,009 - Quantum Trading Bot - ERROR - Error processing AAPL: name 'mock_check_halal_compliance' is not defined
2025-04-15 09:46:03,009 - Quantum Trading Bot - INFO - Processing MSFT
2025-04-15 09:46:03,010 - Quantum Trading Bot - ERROR - Error processing MSFT: name 'mock_check_halal_compliance' is not defined
2025-04-15 09:46:03,010 - Quantum Trading Bot - INFO - Processing NVDA
2025-04-15 09:46:03,010 - Quantum Trading Bot - ERROR - Error processing NVDA: name 'mock_check_halal_compliance' is not defined
2025-04-15 09:46:03,051 - Quantum Trading Bot - INFO - Performance metrics saved: 40/72 winning trades
2025-04-15 09:46:03,052 - Quantum Trading Bot - INFO - Sleeping for 60 seconds
2025-04-15 09:46:54,977 - Trading System - INFO - Trading Bot is alive: True
2025-04-15 09:46:54,979 - Trading System - INFO - Monitor Bot is alive: True
2025-04-15 09:46:54,979 - Trading System - INFO - Improvement Bot is alive: True
2025-04-15 09:47:03,056 - Quantum Trading Bot - INFO - Starting trading cycle
2025-04-15 09:47:03,058 - Quantum Trading Bot - INFO - Processing AAPL
2025-04-15 09:47:03,058 - Quantum Trading Bot - ERROR - Error processing AAPL: name 'mock_check_halal_compliance' is not defined
2025-04-15 09:47:03,058 - Quantum Trading Bot - INFO - Processing MSFT
2025-04-15 09:47:03,059 - Quantum Trading Bot - ERROR - Error processing MSFT: name 'mock_check_halal_compliance' is not defined
2025-04-15 09:47:03,059 - Quantum Trading Bot - INFO - Processing NVDA
2025-04-15 09:47:03,059 - Quantum Trading Bot - ERROR - Error processing NVDA: name 'mock_check_halal_compliance' is not defined
2025-04-15 09:47:03,099 - Quantum Trading Bot - INFO - Performance metrics saved: 40/72 winning trades
2025-04-15 09:47:03,100 - Quantum Trading Bot - INFO - Sleeping for 60 seconds
2025-04-15 09:47:54,981 - Trading System - INFO - Trading Bot is alive: True
2025-04-15 09:47:54,984 - Trading System - INFO - Monitor Bot is alive: True
2025-04-15 09:47:54,984 - Trading System - INFO - Improvement Bot is alive: True
2025-04-15 09:48:03,100 - Quantum Trading Bot - INFO - Starting trading cycle
2025-04-15 09:48:03,102 - Quantum Trading Bot - INFO - Processing AAPL
2025-04-15 09:48:03,102 - Quantum Trading Bot - ERROR - Error processing AAPL: name 'mock_check_halal_compliance' is not defined
2025-04-15 09:48:03,102 - Quantum Trading Bot - INFO - Processing MSFT
2025-04-15 09:48:03,102 - Quantum Trading Bot - ERROR - Error processing MSFT: name 'mock_check_halal_compliance' is not defined
2025-04-15 09:48:03,103 - Quantum Trading Bot - INFO - Processing NVDA
2025-04-15 09:48:03,103 - Quantum Trading Bot - ERROR - Error processing NVDA: name 'mock_check_halal_compliance' is not defined
2025-04-15 09:48:03,139 - Quantum Trading Bot - INFO - Performance metrics saved: 40/72 winning trades
2025-04-15 09:48:03,140 - Quantum Trading Bot - INFO - Sleeping for 60 seconds
2025-04-15 09:48:54,990 - Trading System - INFO - Trading Bot is alive: True
2025-04-15 09:48:54,992 - Trading System - INFO - Monitor Bot is alive: True
2025-04-15 09:48:54,992 - Trading System - INFO - Improvement Bot is alive: True
2025-04-15 09:49:03,144 - Quantum Trading Bot - INFO - Starting trading cycle
2025-04-15 09:49:03,146 - Quantum Trading Bot - INFO - Processing AAPL
2025-04-15 09:49:03,147 - Quantum Trading Bot - ERROR - Error processing AAPL: name 'mock_check_halal_compliance' is not defined
2025-04-15 09:49:03,147 - Quantum Trading Bot - INFO - Processing MSFT
2025-04-15 09:49:03,147 - Quantum Trading Bot - ERROR - Error processing MSFT: name 'mock_check_halal_compliance' is not defined
2025-04-15 09:49:03,147 - Quantum Trading Bot - INFO - Processing NVDA
2025-04-15 09:49:03,147 - Quantum Trading Bot - ERROR - Error processing NVDA: name 'mock_check_halal_compliance' is not defined
2025-04-15 09:49:03,187 - Quantum Trading Bot - INFO - Performance metrics saved: 40/72 winning trades
2025-04-15 09:49:03,188 - Quantum Trading Bot - INFO - Sleeping for 60 seconds
2025-04-15 09:49:54,996 - Trading System - INFO - Trading Bot is alive: True
2025-04-15 09:49:54,998 - Trading System - INFO - Monitor Bot is alive: True
2025-04-15 09:49:54,999 - Trading System - INFO - Improvement Bot is alive: True
2025-04-15 09:50:03,192 - Quantum Trading Bot - INFO - Starting trading cycle
2025-04-15 09:50:03,193 - Quantum Trading Bot - INFO - Processing AAPL
2025-04-15 09:50:03,193 - Quantum Trading Bot - ERROR - Error processing AAPL: name 'mock_check_halal_compliance' is not defined
2025-04-15 09:50:03,193 - Quantum Trading Bot - INFO - Processing MSFT
2025-04-15 09:50:03,193 - Quantum Trading Bot - ERROR - Error processing MSFT: name 'mock_check_halal_compliance' is not defined
2025-04-15 09:50:03,193 - Quantum Trading Bot - INFO - Processing NVDA
2025-04-15 09:50:03,193 - Quantum Trading Bot - ERROR - Error processing NVDA: name 'mock_check_halal_compliance' is not defined
2025-04-15 09:50:03,231 - Quantum Trading Bot - INFO - Performance metrics saved: 40/72 winning trades
2025-04-15 09:50:03,232 - Quantum Trading Bot - INFO - Sleeping for 60 seconds
2025-04-15 09:50:55,003 - Trading System - INFO - Trading Bot is alive: True
2025-04-15 09:50:55,005 - Trading System - INFO - Monitor Bot is alive: True
2025-04-15 09:50:55,006 - Trading System - INFO - Improvement Bot is alive: True
2025-04-15 09:51:03,237 - Quantum Trading Bot - INFO - Starting trading cycle
2025-04-15 09:51:03,238 - Quantum Trading Bot - INFO - Processing AAPL
2025-04-15 09:51:03,238 - Quantum Trading Bot - ERROR - Error processing AAPL: name 'mock_check_halal_compliance' is not defined
2025-04-15 09:51:03,238 - Quantum Trading Bot - INFO - Processing MSFT
2025-04-15 09:51:03,238 - Quantum Trading Bot - ERROR - Error processing MSFT: name 'mock_check_halal_compliance' is not defined
2025-04-15 09:51:03,238 - Quantum Trading Bot - INFO - Processing NVDA
2025-04-15 09:51:03,238 - Quantum Trading Bot - ERROR - Error processing NVDA: name 'mock_check_halal_compliance' is not defined
2025-04-15 09:51:03,280 - Quantum Trading Bot - INFO - Performance metrics saved: 40/72 winning trades
2025-04-15 09:51:03,280 - Quantum Trading Bot - INFO - Sleeping for 60 seconds
2025-04-15 09:51:55,006 - Trading System - INFO - Trading Bot is alive: True
2025-04-15 09:51:55,008 - Trading System - INFO - Monitor Bot is alive: True
2025-04-15 09:51:55,009 - Trading System - INFO - Improvement Bot is alive: True
2025-04-15 09:52:03,285 - Quantum Trading Bot - INFO - Starting trading cycle
2025-04-15 09:52:03,286 - Quantum Trading Bot - INFO - Processing AAPL
2025-04-15 09:52:03,286 - Quantum Trading Bot - ERROR - Error processing AAPL: name 'mock_check_halal_compliance' is not defined
2025-04-15 09:52:03,286 - Quantum Trading Bot - INFO - Processing MSFT
2025-04-15 09:52:03,286 - Quantum Trading Bot - ERROR - Error processing MSFT: name 'mock_check_halal_compliance' is not defined
2025-04-15 09:52:03,286 - Quantum Trading Bot - INFO - Processing NVDA
2025-04-15 09:52:03,286 - Quantum Trading Bot - ERROR - Error processing NVDA: name 'mock_check_halal_compliance' is not defined
2025-04-15 09:52:03,325 - Quantum Trading Bot - INFO - Performance metrics saved: 40/72 winning trades
2025-04-15 09:52:03,325 - Quantum Trading Bot - INFO - Sleeping for 60 seconds
2025-04-15 09:52:55,014 - Trading System - INFO - Trading Bot is alive: True
2025-04-15 09:52:55,017 - Trading System - INFO - Monitor Bot is alive: True
2025-04-15 09:52:55,017 - Trading System - INFO - Improvement Bot is alive: True
2025-04-15 09:53:03,330 - Quantum Trading Bot - INFO - Starting trading cycle
2025-04-15 09:53:03,331 - Quantum Trading Bot - INFO - Processing AAPL
2025-04-15 09:53:03,332 - Quantum Trading Bot - ERROR - Error processing AAPL: name 'mock_check_halal_compliance' is not defined
2025-04-15 09:53:03,332 - Quantum Trading Bot - INFO - Processing MSFT
2025-04-15 09:53:03,332 - Quantum Trading Bot - ERROR - Error processing MSFT: name 'mock_check_halal_compliance' is not defined
2025-04-15 09:53:03,332 - Quantum Trading Bot - INFO - Processing NVDA
2025-04-15 09:53:03,332 - Quantum Trading Bot - ERROR - Error processing NVDA: name 'mock_check_halal_compliance' is not defined
2025-04-15 09:53:03,372 - Quantum Trading Bot - INFO - Performance metrics saved: 40/72 winning trades
2025-04-15 09:53:03,372 - Quantum Trading Bot - INFO - Not enough quantum predictions to update model
2025-04-15 09:53:03,372 - Quantum Trading Bot - INFO - Sleeping for 60 seconds
2025-04-15 09:53:55,021 - Trading System - INFO - Trading Bot is alive: True
2025-04-15 09:53:55,025 - Trading System - INFO - Monitor Bot is alive: True
2025-04-15 09:53:55,025 - Trading System - INFO - Improvement Bot is alive: True
2025-04-15 09:54:03,376 - Quantum Trading Bot - INFO - Starting trading cycle
2025-04-15 09:54:03,377 - Quantum Trading Bot - INFO - Processing AAPL
2025-04-15 09:54:03,378 - Quantum Trading Bot - ERROR - Error processing AAPL: name 'mock_check_halal_compliance' is not defined
2025-04-15 09:54:03,378 - Quantum Trading Bot - INFO - Processing MSFT
2025-04-15 09:54:03,378 - Quantum Trading Bot - ERROR - Error processing MSFT: name 'mock_check_halal_compliance' is not defined
2025-04-15 09:54:03,378 - Quantum Trading Bot - INFO - Processing NVDA
2025-04-15 09:54:03,378 - Quantum Trading Bot - ERROR - Error processing NVDA: name 'mock_check_halal_compliance' is not defined
2025-04-15 09:54:03,421 - Quantum Trading Bot - INFO - Performance metrics saved: 40/72 winning trades
2025-04-15 09:54:03,422 - Quantum Trading Bot - INFO - Sleeping for 60 seconds
2025-04-15 09:54:55,029 - Trading System - INFO - Trading Bot is alive: True
2025-04-15 09:54:55,031 - Trading System - INFO - Monitor Bot is alive: True
2025-04-15 09:54:55,031 - Trading System - INFO - Improvement Bot is alive: True
2025-04-15 09:55:03,427 - Quantum Trading Bot - INFO - Starting trading cycle
2025-04-15 09:55:03,427 - Quantum Trading Bot - INFO - Processing AAPL
2025-04-15 09:55:03,428 - Quantum Trading Bot - ERROR - Error processing AAPL: name 'mock_check_halal_compliance' is not defined
2025-04-15 09:55:03,428 - Quantum Trading Bot - INFO - Processing MSFT
2025-04-15 09:55:03,428 - Quantum Trading Bot - ERROR - Error processing MSFT: name 'mock_check_halal_compliance' is not defined
2025-04-15 09:55:03,428 - Quantum Trading Bot - INFO - Processing NVDA
2025-04-15 09:55:03,428 - Quantum Trading Bot - ERROR - Error processing NVDA: name 'mock_check_halal_compliance' is not defined
2025-04-15 09:55:03,469 - Quantum Trading Bot - INFO - Performance metrics saved: 40/72 winning trades
2025-04-15 09:55:03,469 - Quantum Trading Bot - INFO - Sleeping for 60 seconds
2025-04-15 09:55:55,032 - Trading System - INFO - Trading Bot is alive: True
2025-04-15 09:55:55,034 - Trading System - INFO - Monitor Bot is alive: True
2025-04-15 09:55:55,034 - Trading System - INFO - Improvement Bot is alive: True
2025-04-15 09:56:03,474 - Quantum Trading Bot - INFO - Starting trading cycle
2025-04-15 09:56:03,474 - Quantum Trading Bot - INFO - Processing AAPL
2025-04-15 09:56:03,474 - Quantum Trading Bot - ERROR - Error processing AAPL: name 'mock_check_halal_compliance' is not defined
2025-04-15 09:56:03,475 - Quantum Trading Bot - INFO - Processing MSFT
2025-04-15 09:56:03,475 - Quantum Trading Bot - ERROR - Error processing MSFT: name 'mock_check_halal_compliance' is not defined
2025-04-15 09:56:03,475 - Quantum Trading Bot - INFO - Processing NVDA
2025-04-15 09:56:03,475 - Quantum Trading Bot - ERROR - Error processing NVDA: name 'mock_check_halal_compliance' is not defined
2025-04-15 09:56:03,514 - Quantum Trading Bot - INFO - Performance metrics saved: 40/72 winning trades
2025-04-15 09:56:03,514 - Quantum Trading Bot - INFO - Sleeping for 60 seconds
2025-04-15 09:56:55,035 - Trading System - INFO - Trading Bot is alive: True
2025-04-15 09:56:55,037 - Trading System - INFO - Monitor Bot is alive: True
2025-04-15 09:56:55,037 - Trading System - INFO - Improvement Bot is alive: True
2025-04-15 09:57:03,519 - Quantum Trading Bot - INFO - Starting trading cycle
2025-04-15 09:57:03,520 - Quantum Trading Bot - INFO - Processing AAPL
2025-04-15 09:57:03,520 - Quantum Trading Bot - ERROR - Error processing AAPL: name 'mock_check_halal_compliance' is not defined
2025-04-15 09:57:03,520 - Quantum Trading Bot - INFO - Processing MSFT
2025-04-15 09:57:03,520 - Quantum Trading Bot - ERROR - Error processing MSFT: name 'mock_check_halal_compliance' is not defined
2025-04-15 09:57:03,521 - Quantum Trading Bot - INFO - Processing NVDA
2025-04-15 09:57:03,521 - Quantum Trading Bot - ERROR - Error processing NVDA: name 'mock_check_halal_compliance' is not defined
2025-04-15 09:57:03,562 - Quantum Trading Bot - INFO - Performance metrics saved: 40/72 winning trades
2025-04-15 09:57:03,562 - Quantum Trading Bot - INFO - Sleeping for 60 seconds
2025-04-15 09:57:55,039 - Trading System - INFO - Trading Bot is alive: True
2025-04-15 09:57:55,041 - Trading System - INFO - Monitor Bot is alive: True
2025-04-15 09:57:55,041 - Trading System - INFO - Improvement Bot is alive: True
2025-04-15 09:58:03,567 - Quantum Trading Bot - INFO - Starting trading cycle
2025-04-15 09:58:03,568 - Quantum Trading Bot - INFO - Processing AAPL
2025-04-15 09:58:03,569 - Quantum Trading Bot - ERROR - Error processing AAPL: name 'mock_check_halal_compliance' is not defined
2025-04-15 09:58:03,569 - Quantum Trading Bot - INFO - Processing MSFT
2025-04-15 09:58:03,569 - Quantum Trading Bot - ERROR - Error processing MSFT: name 'mock_check_halal_compliance' is not defined
2025-04-15 09:58:03,569 - Quantum Trading Bot - INFO - Processing NVDA
2025-04-15 09:58:03,569 - Quantum Trading Bot - ERROR - Error processing NVDA: name 'mock_check_halal_compliance' is not defined
2025-04-15 09:58:03,610 - Quantum Trading Bot - INFO - Performance metrics saved: 40/72 winning trades
2025-04-15 09:58:03,611 - Quantum Trading Bot - INFO - Sleeping for 60 seconds
2025-04-15 09:58:55,043 - Trading System - INFO - Trading Bot is alive: True
2025-04-15 09:58:55,045 - Trading System - INFO - Monitor Bot is alive: True
2025-04-15 09:58:55,045 - Trading System - INFO - Improvement Bot is alive: True
2025-04-15 09:59:03,616 - Quantum Trading Bot - INFO - Starting trading cycle
2025-04-15 09:59:03,617 - Quantum Trading Bot - INFO - Processing AAPL
2025-04-15 09:59:03,618 - Quantum Trading Bot - ERROR - Error processing AAPL: name 'mock_check_halal_compliance' is not defined
2025-04-15 09:59:03,618 - Quantum Trading Bot - INFO - Processing MSFT
2025-04-15 09:59:03,618 - Quantum Trading Bot - ERROR - Error processing MSFT: name 'mock_check_halal_compliance' is not defined
2025-04-15 09:59:03,618 - Quantum Trading Bot - INFO - Processing NVDA
2025-04-15 09:59:03,618 - Quantum Trading Bot - ERROR - Error processing NVDA: name 'mock_check_halal_compliance' is not defined
2025-04-15 09:59:03,663 - Quantum Trading Bot - INFO - Performance metrics saved: 40/72 winning trades
2025-04-15 09:59:03,663 - Quantum Trading Bot - INFO - Sleeping for 60 seconds
2025-04-15 09:59:55,045 - Trading System - INFO - Trading Bot is alive: True
2025-04-15 09:59:55,047 - Trading System - INFO - Monitor Bot is alive: True
2025-04-15 09:59:55,047 - Trading System - INFO - Improvement Bot is alive: True
2025-04-15 10:00:03,668 - Quantum Trading Bot - INFO - Starting trading cycle
2025-04-15 10:00:03,668 - Quantum Trading Bot - INFO - Processing AAPL
2025-04-15 10:00:03,668 - Quantum Trading Bot - ERROR - Error processing AAPL: name 'mock_check_halal_compliance' is not defined
2025-04-15 10:00:03,668 - Quantum Trading Bot - INFO - Processing MSFT
2025-04-15 10:00:03,669 - Quantum Trading Bot - ERROR - Error processing MSFT: name 'mock_check_halal_compliance' is not defined
2025-04-15 10:00:03,669 - Quantum Trading Bot - INFO - Processing NVDA
2025-04-15 10:00:03,669 - Quantum Trading Bot - ERROR - Error processing NVDA: name 'mock_check_halal_compliance' is not defined
2025-04-15 10:00:03,703 - Quantum Trading Bot - INFO - Performance metrics saved: 40/72 winning trades
2025-04-15 10:00:03,704 - Quantum Trading Bot - INFO - Sleeping for 60 seconds
2025-04-15 10:00:55,057 - Trading System - INFO - Trading Bot is alive: True
2025-04-15 10:00:55,063 - Trading System - INFO - Monitor Bot is alive: True
2025-04-15 10:00:55,063 - Trading System - INFO - Improvement Bot is alive: True
2025-04-15 10:01:03,714 - Quantum Trading Bot - INFO - Starting trading cycle
2025-04-15 10:01:03,715 - Quantum Trading Bot - INFO - Processing AAPL
2025-04-15 10:01:03,715 - Quantum Trading Bot - ERROR - Error processing AAPL: name 'mock_check_halal_compliance' is not defined
2025-04-15 10:01:03,715 - Quantum Trading Bot - INFO - Processing MSFT
2025-04-15 10:01:03,715 - Quantum Trading Bot - ERROR - Error processing MSFT: name 'mock_check_halal_compliance' is not defined
2025-04-15 10:01:03,716 - Quantum Trading Bot - INFO - Processing NVDA
2025-04-15 10:01:03,716 - Quantum Trading Bot - ERROR - Error processing NVDA: name 'mock_check_halal_compliance' is not defined
2025-04-15 10:01:03,755 - Quantum Trading Bot - INFO - Performance metrics saved: 40/72 winning trades
2025-04-15 10:01:03,755 - Quantum Trading Bot - INFO - Sleeping for 60 seconds
2025-04-15 10:01:55,069 - Trading System - INFO - Trading Bot is alive: True
2025-04-15 10:01:55,072 - Trading System - INFO - Monitor Bot is alive: True
2025-04-15 10:01:55,072 - Trading System - INFO - Improvement Bot is alive: True
2025-04-15 10:02:03,760 - Quantum Trading Bot - INFO - Starting trading cycle
2025-04-15 10:02:03,761 - Quantum Trading Bot - INFO - Processing AAPL
2025-04-15 10:02:03,761 - Quantum Trading Bot - ERROR - Error processing AAPL: name 'mock_check_halal_compliance' is not defined
2025-04-15 10:02:03,762 - Quantum Trading Bot - INFO - Processing MSFT
2025-04-15 10:02:03,762 - Quantum Trading Bot - ERROR - Error processing MSFT: name 'mock_check_halal_compliance' is not defined
2025-04-15 10:02:03,762 - Quantum Trading Bot - INFO - Processing NVDA
2025-04-15 10:02:03,762 - Quantum Trading Bot - ERROR - Error processing NVDA: name 'mock_check_halal_compliance' is not defined
2025-04-15 10:02:03,804 - Quantum Trading Bot - INFO - Performance metrics saved: 40/72 winning trades
2025-04-15 10:02:03,804 - Quantum Trading Bot - INFO - Sleeping for 60 seconds
2025-04-15 10:02:55,072 - Trading System - INFO - Trading Bot is alive: True
2025-04-15 10:02:55,074 - Trading System - INFO - Monitor Bot is alive: True
2025-04-15 10:02:55,074 - Trading System - INFO - Improvement Bot is alive: True
2025-04-15 10:03:03,809 - Quantum Trading Bot - INFO - Starting trading cycle
2025-04-15 10:03:03,810 - Quantum Trading Bot - INFO - Processing AAPL
2025-04-15 10:03:03,810 - Quantum Trading Bot - ERROR - Error processing AAPL: name 'mock_check_halal_compliance' is not defined
2025-04-15 10:03:03,811 - Quantum Trading Bot - INFO - Processing MSFT
2025-04-15 10:03:03,811 - Quantum Trading Bot - ERROR - Error processing MSFT: name 'mock_check_halal_compliance' is not defined
2025-04-15 10:03:03,811 - Quantum Trading Bot - INFO - Processing NVDA
2025-04-15 10:03:03,811 - Quantum Trading Bot - ERROR - Error processing NVDA: name 'mock_check_halal_compliance' is not defined
2025-04-15 10:03:03,851 - Quantum Trading Bot - INFO - Performance metrics saved: 40/72 winning trades
2025-04-15 10:03:03,851 - Quantum Trading Bot - INFO - Not enough quantum predictions to update model
2025-04-15 10:03:03,896 - Quantum Trading Bot - INFO - Quantum device error rate: 0.0387
2025-04-15 10:03:03,898 - Quantum Trading Bot - INFO - Quantum portfolio optimization complete: {'AAPL': np.float64(0.3321964529331514), 'MSFT': np.float64(0.334924965893588), 'NVDA': np.float64(0.3328785811732606)}
2025-04-15 10:03:03,898 - Quantum Trading Bot - INFO - Optimal portfolio weights: {'AAPL': np.float64(0.3321964529331514), 'MSFT': np.float64(0.334924965893588), 'NVDA': np.float64(0.3328785811732606)}
2025-04-15 10:03:03,899 - Quantum Trading Bot - INFO - Sleeping for 60 seconds
2025-04-15 10:03:55,076 - Trading System - INFO - Trading Bot is alive: True
2025-04-15 10:03:55,079 - Trading System - INFO - Monitor Bot is alive: True
2025-04-15 10:03:55,079 - Trading System - INFO - Improvement Bot is alive: True
2025-04-15 10:04:03,904 - Quantum Trading Bot - INFO - Starting trading cycle
2025-04-15 10:04:03,905 - Quantum Trading Bot - INFO - Processing AAPL
2025-04-15 10:04:03,905 - Quantum Trading Bot - ERROR - Error processing AAPL: name 'mock_check_halal_compliance' is not defined
2025-04-15 10:04:03,907 - Quantum Trading Bot - INFO - Processing MSFT
2025-04-15 10:04:03,908 - Quantum Trading Bot - ERROR - Error processing MSFT: name 'mock_check_halal_compliance' is not defined
2025-04-15 10:04:03,908 - Quantum Trading Bot - INFO - Processing NVDA
2025-04-15 10:04:03,908 - Quantum Trading Bot - ERROR - Error processing NVDA: name 'mock_check_halal_compliance' is not defined
2025-04-15 10:04:03,948 - Quantum Trading Bot - INFO - Performance metrics saved: 40/72 winning trades
2025-04-15 10:04:03,949 - Quantum Trading Bot - INFO - Sleeping for 60 seconds
2025-04-15 10:04:55,084 - Trading System - INFO - Trading Bot is alive: True
2025-04-15 10:04:55,087 - Trading System - INFO - Monitor Bot is alive: True
2025-04-15 10:04:55,087 - Trading System - INFO - Improvement Bot is alive: True
2025-04-15 10:05:03,954 - Quantum Trading Bot - INFO - Starting trading cycle
2025-04-15 10:05:03,955 - Quantum Trading Bot - INFO - Processing AAPL
2025-04-15 10:05:03,955 - Quantum Trading Bot - ERROR - Error processing AAPL: name 'mock_check_halal_compliance' is not defined
2025-04-15 10:05:03,956 - Quantum Trading Bot - INFO - Processing MSFT
2025-04-15 10:05:03,956 - Quantum Trading Bot - ERROR - Error processing MSFT: name 'mock_check_halal_compliance' is not defined
2025-04-15 10:05:03,956 - Quantum Trading Bot - INFO - Processing NVDA
2025-04-15 10:05:03,956 - Quantum Trading Bot - ERROR - Error processing NVDA: name 'mock_check_halal_compliance' is not defined
2025-04-15 10:05:03,994 - Quantum Trading Bot - INFO - Performance metrics saved: 40/72 winning trades
2025-04-15 10:05:03,995 - Quantum Trading Bot - INFO - Sleeping for 60 seconds
2025-04-15 10:05:55,093 - Trading System - INFO - Trading Bot is alive: True
2025-04-15 10:05:55,097 - Trading System - INFO - Monitor Bot is alive: True
2025-04-15 10:05:55,097 - Trading System - INFO - Improvement Bot is alive: True
2025-04-15 10:06:03,999 - Quantum Trading Bot - INFO - Starting trading cycle
2025-04-15 10:06:04,001 - Quantum Trading Bot - INFO - Processing AAPL
2025-04-15 10:06:04,001 - Quantum Trading Bot - ERROR - Error processing AAPL: name 'mock_check_halal_compliance' is not defined
2025-04-15 10:06:04,001 - Quantum Trading Bot - INFO - Processing MSFT
2025-04-15 10:06:04,001 - Quantum Trading Bot - ERROR - Error processing MSFT: name 'mock_check_halal_compliance' is not defined
2025-04-15 10:06:04,002 - Quantum Trading Bot - INFO - Processing NVDA
2025-04-15 10:06:04,002 - Quantum Trading Bot - ERROR - Error processing NVDA: name 'mock_check_halal_compliance' is not defined
2025-04-15 10:06:04,039 - Quantum Trading Bot - INFO - Performance metrics saved: 40/72 winning trades
2025-04-15 10:06:04,040 - Quantum Trading Bot - INFO - Sleeping for 60 seconds
2025-04-15 10:06:55,097 - Trading System - INFO - Trading Bot is alive: True
2025-04-15 10:06:55,098 - Trading System - INFO - Monitor Bot is alive: True
2025-04-15 10:06:55,098 - Trading System - INFO - Improvement Bot is alive: True
2025-04-15 10:07:04,044 - Quantum Trading Bot - INFO - Starting trading cycle
2025-04-15 10:07:04,046 - Quantum Trading Bot - INFO - Processing AAPL
2025-04-15 10:07:04,046 - Quantum Trading Bot - ERROR - Error processing AAPL: name 'mock_check_halal_compliance' is not defined
2025-04-15 10:07:04,046 - Quantum Trading Bot - INFO - Processing MSFT
2025-04-15 10:07:04,046 - Quantum Trading Bot - ERROR - Error processing MSFT: name 'mock_check_halal_compliance' is not defined
2025-04-15 10:07:04,046 - Quantum Trading Bot - INFO - Processing NVDA
2025-04-15 10:07:04,046 - Quantum Trading Bot - ERROR - Error processing NVDA: name 'mock_check_halal_compliance' is not defined
2025-04-15 10:07:04,088 - Quantum Trading Bot - INFO - Performance metrics saved: 40/72 winning trades
2025-04-15 10:07:04,088 - Quantum Trading Bot - INFO - Sleeping for 60 seconds
2025-04-15 10:07:55,103 - Trading System - INFO - Trading Bot is alive: True
2025-04-15 10:07:55,105 - Trading System - INFO - Monitor Bot is alive: True
2025-04-15 10:07:55,105 - Trading System - INFO - Improvement Bot is alive: True
2025-04-15 10:08:04,093 - Quantum Trading Bot - INFO - Starting trading cycle
2025-04-15 10:08:04,094 - Quantum Trading Bot - INFO - Processing AAPL
2025-04-15 10:08:04,094 - Quantum Trading Bot - ERROR - Error processing AAPL: name 'mock_check_halal_compliance' is not defined
2025-04-15 10:08:04,094 - Quantum Trading Bot - INFO - Processing MSFT
2025-04-15 10:08:04,095 - Quantum Trading Bot - ERROR - Error processing MSFT: name 'mock_check_halal_compliance' is not defined
2025-04-15 10:08:04,095 - Quantum Trading Bot - INFO - Processing NVDA
2025-04-15 10:08:04,095 - Quantum Trading Bot - ERROR - Error processing NVDA: name 'mock_check_halal_compliance' is not defined
2025-04-15 10:08:04,135 - Quantum Trading Bot - INFO - Performance metrics saved: 40/72 winning trades
2025-04-15 10:08:04,136 - Quantum Trading Bot - INFO - Sleeping for 60 seconds
2025-04-15 10:08:55,110 - Trading System - INFO - Trading Bot is alive: True
2025-04-15 10:08:55,111 - Trading System - INFO - Monitor Bot is alive: True
2025-04-15 10:08:55,111 - Trading System - INFO - Improvement Bot is alive: True
2025-04-15 10:09:04,140 - Quantum Trading Bot - INFO - Starting trading cycle
2025-04-15 10:09:04,141 - Quantum Trading Bot - INFO - Processing AAPL
2025-04-15 10:09:04,141 - Quantum Trading Bot - ERROR - Error processing AAPL: name 'mock_check_halal_compliance' is not defined
2025-04-15 10:09:04,141 - Quantum Trading Bot - INFO - Processing MSFT
2025-04-15 10:09:04,141 - Quantum Trading Bot - ERROR - Error processing MSFT: name 'mock_check_halal_compliance' is not defined
2025-04-15 10:09:04,141 - Quantum Trading Bot - INFO - Processing NVDA
2025-04-15 10:09:04,142 - Quantum Trading Bot - ERROR - Error processing NVDA: name 'mock_check_halal_compliance' is not defined
2025-04-15 10:09:04,183 - Quantum Trading Bot - INFO - Performance metrics saved: 40/72 winning trades
2025-04-15 10:09:04,183 - Quantum Trading Bot - INFO - Sleeping for 60 seconds
2025-04-15 10:09:52,275 - Improvement Bot - INFO - Running scheduled task: System Health Analysis
2025-04-15 10:09:52,290 - Improvement Bot - INFO - Win rate trend: +0.00%
2025-04-15 10:09:52,290 - Improvement Bot - INFO - Profit trend: +0.00%
2025-04-15 10:09:52,291 - Improvement Bot - INFO - System health analysis completed: healthy
2025-04-15 10:09:52,292 - Improvement Bot - INFO - Task System Health Analysis completed successfully
2025-04-15 10:09:55,135 - Trading System - INFO - Trading Bot is alive: True
2025-04-15 10:09:55,135 - Trading System - INFO - Monitor Bot is alive: True
2025-04-15 10:09:55,135 - Trading System - INFO - Improvement Bot is alive: True
2025-04-15 10:10:04,213 - Quantum Trading Bot - INFO - Starting trading cycle
2025-04-15 10:10:04,215 - Quantum Trading Bot - INFO - Processing AAPL
2025-04-15 10:10:04,215 - Quantum Trading Bot - ERROR - Error processing AAPL: name 'mock_check_halal_compliance' is not defined
2025-04-15 10:10:04,215 - Quantum Trading Bot - INFO - Processing MSFT
2025-04-15 10:10:04,215 - Quantum Trading Bot - ERROR - Error processing MSFT: name 'mock_check_halal_compliance' is not defined
2025-04-15 10:10:04,215 - Quantum Trading Bot - INFO - Processing NVDA
2025-04-15 10:10:04,215 - Quantum Trading Bot - ERROR - Error processing NVDA: name 'mock_check_halal_compliance' is not defined
2025-04-15 10:10:04,250 - Quantum Trading Bot - INFO - Performance metrics saved: 40/72 winning trades
2025-04-15 10:10:04,251 - Quantum Trading Bot - INFO - Sleeping for 60 seconds
2025-04-15 10:10:55,151 - Trading System - INFO - Trading Bot is alive: True
2025-04-15 10:10:55,152 - Trading System - INFO - Monitor Bot is alive: True
2025-04-15 10:10:55,153 - Trading System - INFO - Improvement Bot is alive: True
2025-04-15 10:11:04,267 - Quantum Trading Bot - INFO - Starting trading cycle
2025-04-15 10:11:04,269 - Quantum Trading Bot - INFO - Processing AAPL
2025-04-15 10:11:04,269 - Quantum Trading Bot - ERROR - Error processing AAPL: name 'mock_check_halal_compliance' is not defined
2025-04-15 10:11:04,269 - Quantum Trading Bot - INFO - Processing MSFT
2025-04-15 10:11:04,270 - Quantum Trading Bot - ERROR - Error processing MSFT: name 'mock_check_halal_compliance' is not defined
2025-04-15 10:11:04,270 - Quantum Trading Bot - INFO - Processing NVDA
2025-04-15 10:11:04,270 - Quantum Trading Bot - ERROR - Error processing NVDA: name 'mock_check_halal_compliance' is not defined
2025-04-15 10:11:04,307 - Quantum Trading Bot - INFO - Performance metrics saved: 40/72 winning trades
2025-04-15 10:11:04,308 - Quantum Trading Bot - INFO - Sleeping for 60 seconds
2025-04-15 10:11:55,160 - Trading System - INFO - Trading Bot is alive: True
2025-04-15 10:11:55,161 - Trading System - INFO - Monitor Bot is alive: True
2025-04-15 10:11:55,162 - Trading System - INFO - Improvement Bot is alive: True
2025-04-15 10:12:04,318 - Quantum Trading Bot - INFO - Starting trading cycle
2025-04-15 10:12:04,319 - Quantum Trading Bot - INFO - Processing AAPL
2025-04-15 10:12:04,320 - Quantum Trading Bot - ERROR - Error processing AAPL: name 'mock_check_halal_compliance' is not defined
2025-04-15 10:12:04,320 - Quantum Trading Bot - INFO - Processing MSFT
2025-04-15 10:12:04,320 - Quantum Trading Bot - ERROR - Error processing MSFT: name 'mock_check_halal_compliance' is not defined
2025-04-15 10:12:04,320 - Quantum Trading Bot - INFO - Processing NVDA
2025-04-15 10:12:04,320 - Quantum Trading Bot - ERROR - Error processing NVDA: name 'mock_check_halal_compliance' is not defined
2025-04-15 10:12:04,357 - Quantum Trading Bot - INFO - Performance metrics saved: 40/72 winning trades
2025-04-15 10:12:04,358 - Quantum Trading Bot - INFO - Sleeping for 60 seconds
2025-04-15 10:12:55,173 - Trading System - INFO - Trading Bot is alive: True
2025-04-15 10:12:55,175 - Trading System - INFO - Monitor Bot is alive: True
2025-04-15 10:12:55,175 - Trading System - INFO - Improvement Bot is alive: True
2025-04-15 10:13:04,368 - Quantum Trading Bot - INFO - Starting trading cycle
2025-04-15 10:13:04,370 - Quantum Trading Bot - INFO - Processing AAPL
2025-04-15 10:13:04,370 - Quantum Trading Bot - ERROR - Error processing AAPL: name 'mock_check_halal_compliance' is not defined
2025-04-15 10:13:04,370 - Quantum Trading Bot - INFO - Processing MSFT
2025-04-15 10:13:04,370 - Quantum Trading Bot - ERROR - Error processing MSFT: name 'mock_check_halal_compliance' is not defined
2025-04-15 10:13:04,371 - Quantum Trading Bot - INFO - Processing NVDA
2025-04-15 10:13:04,371 - Quantum Trading Bot - ERROR - Error processing NVDA: name 'mock_check_halal_compliance' is not defined
2025-04-15 10:13:04,410 - Quantum Trading Bot - INFO - Performance metrics saved: 40/72 winning trades
2025-04-15 10:13:04,411 - Quantum Trading Bot - INFO - Not enough quantum predictions to update model
2025-04-15 10:13:04,411 - Quantum Trading Bot - INFO - Sleeping for 60 seconds
2025-04-15 10:13:55,177 - Trading System - INFO - Trading Bot is alive: True
2025-04-15 10:13:55,178 - Trading System - INFO - Monitor Bot is alive: True
2025-04-15 10:13:55,178 - Trading System - INFO - Improvement Bot is alive: True
2025-04-15 10:14:04,421 - Quantum Trading Bot - INFO - Starting trading cycle
2025-04-15 10:14:04,423 - Quantum Trading Bot - INFO - Processing AAPL
2025-04-15 10:14:04,423 - Quantum Trading Bot - ERROR - Error processing AAPL: name 'mock_check_halal_compliance' is not defined
2025-04-15 10:14:04,423 - Quantum Trading Bot - INFO - Processing MSFT
2025-04-15 10:14:04,423 - Quantum Trading Bot - ERROR - Error processing MSFT: name 'mock_check_halal_compliance' is not defined
2025-04-15 10:14:04,423 - Quantum Trading Bot - INFO - Processing NVDA
2025-04-15 10:14:04,423 - Quantum Trading Bot - ERROR - Error processing NVDA: name 'mock_check_halal_compliance' is not defined
2025-04-15 10:14:04,463 - Quantum Trading Bot - INFO - Performance metrics saved: 40/72 winning trades
2025-04-15 10:14:04,463 - Quantum Trading Bot - INFO - Sleeping for 60 seconds
2025-04-15 10:14:55,184 - Trading System - INFO - Trading Bot is alive: True
2025-04-15 10:14:55,185 - Trading System - INFO - Monitor Bot is alive: True
2025-04-15 10:14:55,185 - Trading System - INFO - Improvement Bot is alive: True
2025-04-15 10:15:33,001 - Quantum Trading Bot - INFO - Starting trading cycle
2025-04-15 10:15:33,002 - Quantum Trading Bot - INFO - Processing AAPL
2025-04-15 10:15:33,002 - Quantum Trading Bot - ERROR - Error processing AAPL: name 'mock_check_halal_compliance' is not defined
2025-04-15 10:15:33,003 - Quantum Trading Bot - INFO - Processing MSFT
2025-04-15 10:15:33,003 - Quantum Trading Bot - ERROR - Error processing MSFT: name 'mock_check_halal_compliance' is not defined
2025-04-15 10:15:33,003 - Quantum Trading Bot - INFO - Processing NVDA
2025-04-15 10:15:33,003 - Quantum Trading Bot - ERROR - Error processing NVDA: name 'mock_check_halal_compliance' is not defined
2025-04-15 10:15:33,043 - Quantum Trading Bot - INFO - Performance metrics saved: 40/72 winning trades
2025-04-15 10:15:33,043 - Quantum Trading Bot - INFO - Sleeping for 60 seconds
2025-04-15 10:31:26,951 - Trading System - INFO - Trading Bot is alive: True
2025-04-15 10:31:26,952 - Trading System - INFO - Monitor Bot is alive: True
2025-04-15 10:31:26,953 - Trading System - INFO - Improvement Bot is alive: True
2025-04-15 10:31:27,686 - Monitor Bot - INFO - Running scheduled task: Performance Metrics
2025-04-15 10:31:27,700 - Monitor Bot - INFO - === Performance Metrics ===
2025-04-15 10:31:27,700 - Monitor Bot - INFO - Date: 2025-04-15T10:15:33.004112
2025-04-15 10:31:27,700 - Monitor Bot - INFO - Total Trades: 72
2025-04-15 10:31:27,700 - Monitor Bot - INFO - Win Rate: 55.56%
2025-04-15 10:31:27,700 - Monitor Bot - INFO - Total Profit: $18.27
2025-04-15 10:31:27,700 - Monitor Bot - INFO - Average Profit per Trade: $0.25
2025-04-15 10:31:27,700 - Monitor Bot - INFO - Average Profit Percentage: 0.09%
2025-04-15 10:31:27,700 - Monitor Bot - INFO - Maximum Drawdown: 0.10%
2025-04-15 10:31:27,700 - Monitor Bot - INFO - ============================
2025-04-15 10:31:27,719 - Monitor Bot - INFO - Task Performance Metrics completed successfully
2025-04-15 10:31:36,280 - Quantum Trading Bot - INFO - Starting trading cycle
2025-04-15 10:31:36,280 - Quantum Trading Bot - INFO - Processing AAPL
2025-04-15 10:31:36,281 - Quantum Trading Bot - ERROR - Error processing AAPL: name 'mock_check_halal_compliance' is not defined
2025-04-15 10:31:36,281 - Quantum Trading Bot - INFO - Processing MSFT
2025-04-15 10:31:36,281 - Quantum Trading Bot - ERROR - Error processing MSFT: name 'mock_check_halal_compliance' is not defined
2025-04-15 10:31:36,281 - Quantum Trading Bot - INFO - Processing NVDA
2025-04-15 10:31:36,281 - Quantum Trading Bot - ERROR - Error processing NVDA: name 'mock_check_halal_compliance' is not defined
2025-04-15 10:31:36,319 - Quantum Trading Bot - INFO - Performance metrics saved: 40/72 winning trades
2025-04-15 10:31:36,319 - Quantum Trading Bot - INFO - Sleeping for 60 seconds
2025-04-15 10:47:30,865 - Trading System - INFO - Trading Bot is alive: True
2025-04-15 10:47:30,867 - Trading System - INFO - Monitor Bot is alive: True
2025-04-15 10:47:30,867 - Trading System - INFO - Improvement Bot is alive: True
2025-04-15 10:47:31,633 - Monitor Bot - INFO - Running scheduled task: Performance Charts
