2025-03-25 09:17:12,727 - Trading System - INFO - Configuration loaded successfully
2025-03-25 09:17:12,727 - Trading System - INFO - Environment variables loaded
2025-03-25 09:17:12,749 - Trading System - INFO - Encryption key loaded
2025-03-25 09:17:12,752 - Trading System - INFO - Fixed syntax error in improvement_bot.py
2025-03-25 09:17:13,479 - Trading System - INFO - scikit-learn is available (version 1.6.1)
2025-03-25 09:17:13,479 - Trading Bot - INFO - Mock adapter initialized
2025-03-25 09:17:13,584 - Trading Bot - INFO - Trading bot starting
2025-03-25 09:17:13,584 - Trading System - INFO - Started Trading Bot
2025-03-25 09:17:13,584 - Monitor Bot - INFO - Starting monitoring loop
2025-03-25 09:17:13,584 - Trading System - INFO - Started Monitor Bot
2025-03-25 09:17:13,584 - Improvement Bot - INFO - Starting improvement bot
2025-03-25 09:17:13,585 - Trading System - INFO - Started Improvement Bot
2025-03-25 09:17:13,585 - Trading System - INFO - Trading Bot is alive: True
2025-03-25 09:17:13,585 - Trading System - INFO - All bots started. Press Ctrl+C to exit.
2025-03-25 09:17:13,585 - Trading System - INFO - Monitor Bot is alive: True
2025-03-25 09:17:13,585 - Trading Bot - INFO - Trade history loaded
2025-03-25 09:17:13,585 - Trading System - INFO - Improvement Bot is alive: True
2025-03-25 09:17:13,585 - Trading Bot - INFO - Starting trading cycle
2025-03-25 09:17:13,585 - Trading Bot - INFO - Processing AAPL
2025-03-25 09:17:13,585 - Trading Bot - INFO - HOLD signal for AAPL (score: 0.7248)
2025-03-25 09:17:13,585 - Trading Bot - INFO - Processing MSFT
2025-03-25 09:17:13,585 - Trading Bot - INFO - HOLD signal for MSFT (score: 0.5007)
2025-03-25 09:17:13,585 - Trading Bot - INFO - Processing GOOGL
2025-03-25 09:17:13,585 - Trading Bot - INFO - HOLD signal for GOOGL (score: 0.6398)
2025-03-25 09:17:13,585 - Improvement Bot - INFO - Configuration loaded successfully
2025-03-25 09:17:13,585 - Improvement Bot - INFO - Running scheduled task: System Backup
2025-03-25 09:17:13,589 - Monitor Bot - INFO - Running scheduled task: Initial Performance Metrics
2025-03-25 09:17:13,589 - Trading Bot - INFO - Performance metrics saved: 26/53 winning trades
2025-03-25 09:17:13,589 - Trading Bot - INFO - Sleeping for 60 seconds
2025-03-25 09:17:13,590 - Monitor Bot - INFO - === Performance Metrics ===
2025-03-25 09:17:13,590 - Monitor Bot - INFO - Date: 2025-03-25T09:17:13.585565
2025-03-25 09:17:13,590 - Monitor Bot - INFO - Total Trades: 53
2025-03-25 09:17:13,590 - Monitor Bot - INFO - Win Rate: 49.06%
2025-03-25 09:17:13,590 - Monitor Bot - INFO - Total Profit: $6.41
2025-03-25 09:17:13,590 - Monitor Bot - INFO - Average Profit per Trade: $0.12
2025-03-25 09:17:13,590 - Monitor Bot - ERROR - Error extracting performance metrics: 'avg_profit_pct'
2025-03-25 09:17:13,590 - Monitor Bot - WARNING - Task Initial Performance Metrics completed with warnings
2025-03-25 09:17:13,590 - Monitor Bot - INFO - Running scheduled task: Initial API Health Check
2025-03-25 09:17:13,591 - Improvement Bot - INFO - System snapshot created at backups/snapshot_20250325_091713
2025-03-25 09:17:13,591 - Improvement Bot - INFO - Task System Backup completed successfully
2025-03-25 09:17:13,591 - Improvement Bot - INFO - Running scheduled task: Code Quality Check - Trading Bot
2025-03-25 09:17:13,591 - Improvement Bot - INFO - No issues found in trading_bot
2025-03-25 09:17:13,591 - Improvement Bot - WARNING - Task Code Quality Check - Trading Bot completed with warnings
2025-03-25 09:17:13,591 - Improvement Bot - INFO - Running scheduled task: Code Quality Check - Monitor Bot
2025-03-25 09:17:13,592 - Improvement Bot - INFO - Found 2 issues in monitor_bot
2025-03-25 09:17:13,592 - Improvement Bot - INFO - Task Code Quality Check - Monitor Bot completed successfully
2025-03-25 09:17:13,592 - Improvement Bot - INFO - Running scheduled task: Code Quality Check - Improvement Bot
2025-03-25 09:17:13,592 - Improvement Bot - INFO - Found 6 issues in improvement_bot
2025-03-25 09:17:13,592 - Improvement Bot - INFO - Task Code Quality Check - Improvement Bot completed successfully
2025-03-25 09:17:13,592 - Improvement Bot - INFO - Running scheduled task: ML Model Optimization
2025-03-25 09:17:13,592 - Improvement Bot - INFO - No ML models found to optimize
2025-03-25 09:17:13,592 - Improvement Bot - WARNING - Task ML Model Optimization completed with warnings
2025-03-25 09:17:13,592 - Improvement Bot - INFO - Running scheduled task: Quantum Weight Optimization
2025-03-25 09:17:13,592 - Improvement Bot - INFO - Generated new quantum-optimized weights
2025-03-25 09:17:13,592 - Improvement Bot - INFO - Task Quantum Weight Optimization completed successfully
2025-03-25 09:17:13,592 - Improvement Bot - INFO - Running scheduled task: System Health Analysis
2025-03-25 09:17:13,592 - Improvement Bot - INFO - Win rate trend: -1.48%
2025-03-25 09:17:13,592 - Improvement Bot - INFO - Profit trend: -23.32%
2025-03-25 09:17:13,593 - Improvement Bot - INFO - System health analysis completed: needs_improvement
2025-03-25 09:17:13,593 - Improvement Bot - INFO - Task System Health Analysis completed successfully
2025-03-25 09:17:13,980 - Monitor Bot - INFO - === API Health Status ===
2025-03-25 09:17:13,980 - Monitor Bot - INFO - WebUll API: Unavailable
2025-03-25 09:17:13,980 - Monitor Bot - INFO - Zoya API: Error: 204
2025-03-25 09:17:13,980 - Monitor Bot - INFO - =======================
2025-03-25 09:17:13,980 - Monitor Bot - INFO - Task Initial API Health Check completed successfully
2025-03-25 09:17:13,980 - Monitor Bot - INFO - Running scheduled task: Initial Legal Compliance Report
2025-03-25 09:17:13,982 - Monitor Bot - INFO - Legal compliance report generated at legal/compliance_reports/compliance_report_20250325.json
2025-03-25 09:17:13,982 - Monitor Bot - INFO - Task Initial Legal Compliance Report completed successfully
2025-03-25 09:18:13,589 - Trading System - INFO - Trading Bot is alive: True
2025-03-25 09:18:13,590 - Trading Bot - INFO - Starting trading cycle
2025-03-25 09:18:13,591 - Trading Bot - INFO - Processing AAPL
2025-03-25 09:18:13,591 - Trading System - INFO - Monitor Bot is alive: True
2025-03-25 09:18:13,591 - Trading Bot - INFO - SELL signal for AAPL (score: 0.2377)
2025-03-25 09:18:13,591 - Trading System - INFO - Improvement Bot is alive: True
2025-03-25 09:18:13,591 - Trading Bot - WARNING - Cannot sell AAPL - no position
2025-03-25 09:18:13,591 - Trading Bot - INFO - Processing MSFT
2025-03-25 09:18:13,591 - Trading Bot - INFO - HOLD signal for MSFT (score: 0.6454)
2025-03-25 09:18:13,591 - Trading Bot - INFO - Processing GOOGL
2025-03-25 09:18:13,591 - Trading Bot - INFO - HOLD signal for GOOGL (score: 0.2770)
2025-03-25 09:18:13,595 - Trading Bot - INFO - Performance metrics saved: 26/53 winning trades
2025-03-25 09:18:13,595 - Trading Bot - INFO - Sleeping for 60 seconds
2025-03-25 09:19:13,593 - Trading System - INFO - Trading Bot is alive: True
2025-03-25 09:19:13,593 - Trading System - INFO - Monitor Bot is alive: True
2025-03-25 09:19:13,593 - Trading System - INFO - Improvement Bot is alive: True
2025-03-25 09:19:13,599 - Trading Bot - INFO - Starting trading cycle
2025-03-25 09:19:13,599 - Trading Bot - INFO - Processing AAPL
2025-03-25 09:19:13,600 - Trading Bot - INFO - HOLD signal for AAPL (score: 0.8872)
2025-03-25 09:19:13,600 - Trading Bot - INFO - Processing MSFT
2025-03-25 09:19:13,600 - Trading Bot - INFO - HOLD signal for MSFT (score: 0.4400)
2025-03-25 09:19:13,600 - Trading Bot - INFO - Processing GOOGL
2025-03-25 09:19:13,600 - Trading Bot - INFO - HOLD signal for GOOGL (score: 0.3006)
2025-03-25 09:19:13,605 - Trading Bot - INFO - Performance metrics saved: 26/53 winning trades
2025-03-25 09:19:13,606 - Trading Bot - INFO - Sleeping for 60 seconds
2025-03-25 09:20:13,595 - Trading System - INFO - Trading Bot is alive: True
2025-03-25 09:20:13,595 - Trading System - INFO - Monitor Bot is alive: True
2025-03-25 09:20:13,596 - Trading System - INFO - Improvement Bot is alive: True
2025-03-25 09:20:13,608 - Trading Bot - INFO - Starting trading cycle
2025-03-25 09:20:13,609 - Trading Bot - INFO - Processing AAPL
2025-03-25 09:20:13,609 - Trading Bot - INFO - HOLD signal for AAPL (score: 0.5458)
2025-03-25 09:20:13,609 - Trading Bot - INFO - Processing MSFT
2025-03-25 09:20:13,609 - Trading Bot - INFO - HOLD signal for MSFT (score: 0.6027)
2025-03-25 09:20:13,609 - Trading Bot - INFO - Processing GOOGL
2025-03-25 09:20:13,609 - Trading Bot - INFO - HOLD signal for GOOGL (score: 0.1510)
2025-03-25 09:20:13,612 - Trading Bot - INFO - Performance metrics saved: 26/53 winning trades
2025-03-25 09:20:13,612 - Trading Bot - INFO - Sleeping for 60 seconds
2025-03-25 09:21:13,600 - Trading System - INFO - Trading Bot is alive: True
2025-03-25 09:21:13,600 - Trading System - INFO - Monitor Bot is alive: True
2025-03-25 09:21:13,600 - Trading System - INFO - Improvement Bot is alive: True
2025-03-25 09:21:13,616 - Trading Bot - INFO - Starting trading cycle
2025-03-25 09:21:13,617 - Trading Bot - INFO - Processing AAPL
2025-03-25 09:21:13,617 - Trading Bot - INFO - HOLD signal for AAPL (score: 0.5347)
2025-03-25 09:21:13,617 - Trading Bot - INFO - Processing MSFT
2025-03-25 09:21:13,617 - Trading Bot - INFO - HOLD signal for MSFT (score: 0.6171)
2025-03-25 09:21:13,617 - Trading Bot - INFO - Processing GOOGL
2025-03-25 09:21:13,617 - Trading Bot - INFO - BUY signal for GOOGL (score: 0.8767)
2025-03-25 09:21:13,617 - Trading Bot - INFO - BUY order for 1 shares of GOOGL at $140.98
2025-03-25 09:21:13,621 - Trading Bot - INFO - Trade history saved
2025-03-25 09:21:13,625 - Trading Bot - INFO - Performance metrics saved: 26/53 winning trades
2025-03-25 09:21:13,625 - Trading Bot - INFO - Sleeping for 60 seconds
2025-03-25 09:22:13,603 - Trading System - INFO - Trading Bot is alive: True
2025-03-25 09:22:13,603 - Trading System - INFO - Monitor Bot is alive: True
2025-03-25 09:22:13,604 - Trading System - INFO - Improvement Bot is alive: True
2025-03-25 09:22:13,625 - Trading Bot - INFO - Starting trading cycle
2025-03-25 09:22:13,625 - Trading Bot - INFO - Processing AAPL
2025-03-25 09:22:13,625 - Trading Bot - INFO - HOLD signal for AAPL (score: 0.8725)
2025-03-25 09:22:13,625 - Trading Bot - INFO - Processing MSFT
2025-03-25 09:22:13,625 - Trading Bot - INFO - HOLD signal for MSFT (score: 0.3696)
2025-03-25 09:22:13,625 - Trading Bot - INFO - Processing GOOGL
2025-03-25 09:22:13,625 - Trading Bot - INFO - HOLD signal for GOOGL (score: 0.3300)
2025-03-25 09:22:13,630 - Trading Bot - INFO - Performance metrics saved: 26/53 winning trades
2025-03-25 09:22:13,630 - Trading Bot - INFO - Sleeping for 60 seconds
2025-03-25 09:23:13,608 - Trading System - INFO - Trading Bot is alive: True
2025-03-25 09:23:13,608 - Trading System - INFO - Monitor Bot is alive: True
2025-03-25 09:23:13,609 - Trading System - INFO - Improvement Bot is alive: True
2025-03-25 09:23:13,633 - Trading Bot - INFO - Starting trading cycle
2025-03-25 09:23:13,634 - Trading Bot - INFO - Processing AAPL
2025-03-25 09:23:13,634 - Trading Bot - INFO - SELL signal for AAPL (score: 0.0515)
2025-03-25 09:23:13,634 - Trading Bot - WARNING - Cannot sell AAPL - no position
2025-03-25 09:23:13,634 - Trading Bot - INFO - Processing MSFT
2025-03-25 09:23:13,634 - Trading Bot - INFO - BUY signal for MSFT (score: 0.8085)
2025-03-25 09:23:13,634 - Trading Bot - INFO - BUY order for 1 shares of MSFT at $354.05
2025-03-25 09:23:13,638 - Trading Bot - INFO - Trade history saved
2025-03-25 09:23:13,639 - Trading Bot - INFO - Processing GOOGL
2025-03-25 09:23:13,639 - Trading Bot - INFO - SELL signal for GOOGL (score: 0.2823)
2025-03-25 09:23:13,639 - Trading Bot - INFO - SELL order for 1 shares of GOOGL at $142.22
2025-03-25 09:23:13,641 - Trading Bot - INFO - Trade history saved
2025-03-25 09:23:13,641 - Trading Bot - INFO - SELL completed: P&L $0.07 (0.05%)
2025-03-25 09:23:13,642 - Trading Bot - INFO - Performance metrics saved: 27/54 winning trades
2025-03-25 09:23:13,642 - Trading Bot - INFO - Sleeping for 60 seconds
2025-03-25 09:24:13,613 - Trading System - INFO - Trading Bot is alive: True
2025-03-25 09:24:13,613 - Trading System - INFO - Monitor Bot is alive: True
2025-03-25 09:24:13,613 - Trading System - INFO - Improvement Bot is alive: True
2025-03-25 09:24:13,647 - Trading Bot - INFO - Starting trading cycle
2025-03-25 09:24:13,647 - Trading Bot - INFO - Processing AAPL
2025-03-25 09:24:13,647 - Trading Bot - INFO - HOLD signal for AAPL (score: 0.5140)
2025-03-25 09:24:13,647 - Trading Bot - INFO - Processing MSFT
2025-03-25 09:24:13,647 - Trading Bot - INFO - HOLD signal for MSFT (score: 0.8646)
2025-03-25 09:24:13,647 - Trading Bot - INFO - Processing GOOGL
2025-03-25 09:24:13,647 - Trading Bot - INFO - HOLD signal for GOOGL (score: 0.3726)
2025-03-25 09:24:13,652 - Trading Bot - INFO - Performance metrics saved: 27/54 winning trades
2025-03-25 09:24:13,652 - Trading Bot - INFO - Sleeping for 60 seconds
2025-03-25 09:25:13,618 - Trading System - INFO - Trading Bot is alive: True
2025-03-25 09:25:13,619 - Trading System - INFO - Monitor Bot is alive: True
2025-03-25 09:25:13,619 - Trading System - INFO - Improvement Bot is alive: True
2025-03-25 09:25:13,661 - Trading Bot - INFO - Starting trading cycle
2025-03-25 09:25:13,661 - Trading Bot - INFO - Processing AAPL
2025-03-25 09:25:13,662 - Trading Bot - INFO - HOLD signal for AAPL (score: 0.3823)
2025-03-25 09:25:13,662 - Trading Bot - INFO - Processing MSFT
2025-03-25 09:25:13,662 - Trading Bot - INFO - HOLD signal for MSFT (score: 0.7221)
2025-03-25 09:25:13,662 - Trading Bot - INFO - Processing GOOGL
2025-03-25 09:25:13,662 - Trading Bot - INFO - BUY signal for GOOGL (score: 0.9527)
2025-03-25 09:25:13,662 - Trading Bot - INFO - BUY order for 1 shares of GOOGL at $141.26
2025-03-25 09:25:13,666 - Trading Bot - INFO - Trade history saved
2025-03-25 09:25:13,669 - Trading Bot - INFO - Performance metrics saved: 27/54 winning trades
2025-03-25 09:25:13,670 - Trading Bot - INFO - Sleeping for 60 seconds
2025-03-25 09:26:13,628 - Trading System - INFO - Trading Bot is alive: True
2025-03-25 09:26:13,629 - Trading System - INFO - Monitor Bot is alive: True
2025-03-25 09:26:13,629 - Trading System - INFO - Improvement Bot is alive: True
2025-03-25 09:26:13,677 - Trading Bot - INFO - Starting trading cycle
2025-03-25 09:26:13,678 - Trading Bot - INFO - Processing AAPL
2025-03-25 09:26:13,678 - Trading Bot - INFO - HOLD signal for AAPL (score: 0.5498)
2025-03-25 09:26:13,678 - Trading Bot - INFO - Processing MSFT
2025-03-25 09:26:13,678 - Trading Bot - INFO - HOLD signal for MSFT (score: 0.6639)
2025-03-25 09:26:13,678 - Trading Bot - INFO - Processing GOOGL
2025-03-25 09:26:13,678 - Trading Bot - INFO - HOLD signal for GOOGL (score: 0.8281)
2025-03-25 09:26:13,682 - Trading Bot - INFO - Performance metrics saved: 27/54 winning trades
2025-03-25 09:26:13,682 - Trading Bot - INFO - Sleeping for 60 seconds
2025-03-25 09:27:13,634 - Trading System - INFO - Trading Bot is alive: True
2025-03-25 09:27:13,635 - Trading System - INFO - Monitor Bot is alive: True
2025-03-25 09:27:13,635 - Trading System - INFO - Improvement Bot is alive: True
2025-03-25 09:27:13,688 - Trading Bot - INFO - Starting trading cycle
2025-03-25 09:27:13,688 - Trading Bot - INFO - Processing AAPL
2025-03-25 09:27:13,689 - Trading Bot - INFO - SELL signal for AAPL (score: 0.1229)
2025-03-25 09:27:13,689 - Trading Bot - WARNING - Cannot sell AAPL - no position
2025-03-25 09:27:13,689 - Trading Bot - INFO - Processing MSFT
2025-03-25 09:27:13,689 - Trading Bot - INFO - HOLD signal for MSFT (score: 0.4383)
2025-03-25 09:27:13,689 - Trading Bot - INFO - Processing GOOGL
2025-03-25 09:27:13,689 - Trading Bot - INFO - HOLD signal for GOOGL (score: 0.4105)
2025-03-25 09:27:13,694 - Trading Bot - INFO - Performance metrics saved: 27/54 winning trades
2025-03-25 09:27:13,695 - Trading Bot - INFO - Sleeping for 60 seconds
2025-03-25 09:28:13,645 - Trading System - INFO - Trading Bot is alive: True
2025-03-25 09:28:13,645 - Trading System - INFO - Monitor Bot is alive: True
2025-03-25 09:28:13,645 - Trading System - INFO - Improvement Bot is alive: True
2025-03-25 09:28:13,704 - Trading Bot - INFO - Starting trading cycle
2025-03-25 09:28:13,704 - Trading Bot - INFO - Processing AAPL
2025-03-25 09:28:13,704 - Trading Bot - INFO - SELL signal for AAPL (score: 0.1701)
2025-03-25 09:28:13,704 - Trading Bot - WARNING - Cannot sell AAPL - no position
2025-03-25 09:28:13,704 - Trading Bot - INFO - Processing MSFT
2025-03-25 09:28:13,705 - Trading Bot - INFO - HOLD signal for MSFT (score: 0.8265)
2025-03-25 09:28:13,705 - Trading Bot - INFO - Processing GOOGL
2025-03-25 09:28:13,705 - Trading Bot - INFO - HOLD signal for GOOGL (score: 0.6907)
2025-03-25 09:28:13,709 - Trading Bot - INFO - Performance metrics saved: 27/54 winning trades
2025-03-25 09:28:13,709 - Trading Bot - INFO - Sleeping for 60 seconds
2025-03-25 09:45:07,675 - Trading System - INFO - Trading Bot is alive: True
2025-03-25 09:45:07,677 - Trading System - INFO - Monitor Bot is alive: True
2025-03-25 09:45:07,677 - Trading System - INFO - Improvement Bot is alive: True
2025-03-25 09:45:07,739 - Trading Bot - INFO - Starting trading cycle
2025-03-25 09:45:07,739 - Trading Bot - INFO - Processing AAPL
2025-03-25 09:45:07,739 - Trading Bot - INFO - HOLD signal for AAPL (score: 0.8522)
2025-03-25 09:45:07,739 - Trading Bot - INFO - Processing MSFT
2025-03-25 09:45:07,739 - Trading Bot - INFO - HOLD signal for MSFT (score: 0.8665)
2025-03-25 09:45:07,739 - Trading Bot - INFO - Processing GOOGL
2025-03-25 09:45:07,740 - Trading Bot - INFO - SELL signal for GOOGL (score: 0.0711)
2025-03-25 09:45:07,740 - Trading Bot - INFO - SELL order for 1 shares of GOOGL at $141.75
2025-03-25 09:45:07,744 - Trading Bot - INFO - Trade history saved
2025-03-25 09:45:07,744 - Trading Bot - INFO - SELL completed: P&L $-0.37 (-0.26%)
2025-03-25 09:45:07,748 - Trading Bot - INFO - Performance metrics saved: 27/55 winning trades
2025-03-25 09:45:07,748 - Trading Bot - INFO - Sleeping for 60 seconds
2025-03-25 10:03:10,267 - Trading System - INFO - Trading Bot is alive: True
2025-03-25 10:03:10,268 - Trading System - INFO - Monitor Bot is alive: True
2025-03-25 10:03:10,268 - Trading System - INFO - Improvement Bot is alive: True
2025-03-25 10:03:10,338 - Trading Bot - INFO - Starting trading cycle
2025-03-25 10:03:10,338 - Trading Bot - INFO - Processing AAPL
2025-03-25 10:03:10,338 - Trading Bot - INFO - HOLD signal for AAPL (score: 0.5195)
2025-03-25 10:03:10,338 - Trading Bot - INFO - Processing MSFT
2025-03-25 10:03:10,339 - Trading Bot - INFO - HOLD signal for MSFT (score: 0.8135)
2025-03-25 10:03:10,339 - Trading Bot - INFO - Processing GOOGL
2025-03-25 10:03:10,339 - Trading Bot - INFO - BUY signal for GOOGL (score: 0.7330)
2025-03-25 10:03:10,339 - Trading Bot - INFO - BUY order for 1 shares of GOOGL at $140.85
2025-03-25 10:03:10,343 - Trading Bot - INFO - Trade history saved
2025-03-25 10:03:10,347 - Trading Bot - INFO - Performance metrics saved: 27/55 winning trades
2025-03-25 10:03:10,348 - Trading Bot - INFO - Sleeping for 60 seconds
2025-03-25 10:20:44,183 - Trading System - INFO - Trading Bot is alive: True
2025-03-25 10:20:44,183 - Trading System - INFO - Monitor Bot is alive: True
2025-03-25 10:20:44,183 - Trading System - INFO - Improvement Bot is alive: True
2025-03-25 10:20:44,262 - Trading Bot - INFO - Starting trading cycle
2025-03-25 10:20:44,262 - Trading Bot - INFO - Processing AAPL
2025-03-25 10:20:44,262 - Trading Bot - INFO - HOLD signal for AAPL (score: 0.5887)
2025-03-25 10:20:44,262 - Trading Bot - INFO - Processing MSFT
2025-03-25 10:20:44,263 - Trading Bot - INFO - HOLD signal for MSFT (score: 0.7578)
2025-03-25 10:20:44,263 - Trading Bot - INFO - Processing GOOGL
2025-03-25 10:20:44,263 - Trading Bot - INFO - HOLD signal for GOOGL (score: 0.4604)
2025-03-25 10:20:44,267 - Trading Bot - INFO - Performance metrics saved: 27/55 winning trades
2025-03-25 10:20:44,267 - Trading Bot - INFO - Sleeping for 60 seconds
2025-03-25 10:20:44,576 - Monitor Bot - INFO - Running scheduled task: Performance Metrics
2025-03-25 10:20:44,577 - Monitor Bot - INFO - === Performance Metrics ===
2025-03-25 10:20:44,577 - Monitor Bot - INFO - Date: 2025-03-25T10:20:44.263499
2025-03-25 10:20:44,577 - Monitor Bot - INFO - Total Trades: 55
2025-03-25 10:20:44,577 - Monitor Bot - INFO - Win Rate: 49.09%
2025-03-25 10:20:44,578 - Monitor Bot - INFO - Total Profit: $6.10
2025-03-25 10:20:44,578 - Monitor Bot - INFO - Average Profit per Trade: $0.11
2025-03-25 10:20:44,578 - Monitor Bot - ERROR - Error extracting performance metrics: 'avg_profit_pct'
2025-03-25 10:20:44,578 - Monitor Bot - WARNING - Task Performance Metrics completed with warnings
2025-03-25 10:37:51,071 - Trading System - INFO - Trading Bot is alive: True
2025-03-25 10:37:51,072 - Trading System - INFO - Monitor Bot is alive: True
2025-03-25 10:37:51,072 - Trading System - INFO - Improvement Bot is alive: True
2025-03-25 10:37:51,155 - Trading Bot - INFO - Starting trading cycle
2025-03-25 10:37:51,155 - Trading Bot - INFO - Processing AAPL
2025-03-25 10:37:51,155 - Trading Bot - INFO - HOLD signal for AAPL (score: 0.8493)
2025-03-25 10:37:51,155 - Trading Bot - INFO - Processing MSFT
2025-03-25 10:37:51,155 - Trading Bot - INFO - SELL signal for MSFT (score: 0.0617)
2025-03-25 10:37:51,155 - Trading Bot - INFO - SELL order for 1 shares of MSFT at $357.52
2025-03-25 10:37:51,159 - Trading Bot - INFO - Trade history saved
2025-03-25 10:37:51,159 - Trading Bot - INFO - SELL completed: P&L $3.35 (0.95%)
2025-03-25 10:37:51,159 - Trading Bot - INFO - Processing GOOGL
2025-03-25 10:37:51,160 - Trading Bot - INFO - HOLD signal for GOOGL (score: 0.6810)
2025-03-25 10:37:51,163 - Trading Bot - INFO - Performance metrics saved: 28/56 winning trades
2025-03-25 10:37:51,163 - Trading Bot - INFO - Sleeping for 60 seconds
2025-03-25 10:38:51,079 - Trading System - INFO - Trading Bot is alive: True
2025-03-25 10:38:51,080 - Trading System - INFO - Monitor Bot is alive: True
2025-03-25 10:38:51,080 - Trading System - INFO - Improvement Bot is alive: True
2025-03-25 10:38:51,169 - Trading Bot - INFO - Starting trading cycle
2025-03-25 10:38:51,169 - Trading Bot - INFO - Processing AAPL
2025-03-25 10:38:51,169 - Trading Bot - INFO - HOLD signal for AAPL (score: 0.3448)
2025-03-25 10:38:51,169 - Trading Bot - INFO - Processing MSFT
2025-03-25 10:38:51,169 - Trading Bot - INFO - HOLD signal for MSFT (score: 0.1978)
2025-03-25 10:38:51,169 - Trading Bot - INFO - Processing GOOGL
2025-03-25 10:38:51,169 - Trading Bot - INFO - HOLD signal for GOOGL (score: 0.7896)
2025-03-25 10:38:51,174 - Trading Bot - INFO - Performance metrics saved: 28/56 winning trades
2025-03-25 10:38:51,174 - Trading Bot - INFO - Sleeping for 60 seconds
2025-03-25 10:55:28,361 - Trading System - INFO - Trading Bot is alive: True
2025-03-25 10:55:28,361 - Trading System - INFO - Monitor Bot is alive: True
2025-03-25 10:55:28,361 - Trading System - INFO - Improvement Bot is alive: True
2025-03-25 10:55:28,455 - Trading Bot - INFO - Starting trading cycle
2025-03-25 10:55:28,455 - Trading Bot - INFO - Processing AAPL
2025-03-25 10:55:28,455 - Trading Bot - INFO - HOLD signal for AAPL (score: 0.6877)
2025-03-25 10:55:28,455 - Trading Bot - INFO - Processing MSFT
2025-03-25 10:55:28,455 - Trading Bot - INFO - HOLD signal for MSFT (score: 0.6293)
2025-03-25 10:55:28,455 - Trading Bot - INFO - Processing GOOGL
2025-03-25 10:55:28,456 - Trading Bot - INFO - SELL signal for GOOGL (score: 0.1909)
2025-03-25 10:55:28,456 - Trading Bot - INFO - SELL order for 1 shares of GOOGL at $139.18
2025-03-25 10:55:28,460 - Trading Bot - INFO - Trade history saved
2025-03-25 10:55:28,460 - Trading Bot - INFO - SELL completed: P&L $-0.99 (-0.71%)
2025-03-25 10:55:28,463 - Trading Bot - INFO - Performance metrics saved: 28/57 winning trades
2025-03-25 10:55:28,463 - Trading Bot - INFO - Sleeping for 60 seconds
2025-03-25 11:06:02,326 - Trading System - INFO - Trading Bot is alive: True
2025-03-25 11:06:02,327 - Trading System - INFO - Monitor Bot is alive: True
2025-03-25 11:06:02,327 - Trading System - INFO - Improvement Bot is alive: True
2025-03-25 11:06:02,427 - Trading Bot - INFO - Starting trading cycle
2025-03-25 11:06:02,428 - Trading Bot - INFO - Processing AAPL
2025-03-25 11:06:02,428 - Trading Bot - INFO - HOLD signal for AAPL (score: 0.7374)
2025-03-25 11:06:02,428 - Trading Bot - INFO - Processing MSFT
2025-03-25 11:06:02,428 - Trading Bot - INFO - HOLD signal for MSFT (score: 0.3173)
2025-03-25 11:06:02,428 - Trading Bot - INFO - Processing GOOGL
2025-03-25 11:06:02,428 - Trading Bot - INFO - HOLD signal for GOOGL (score: 0.1043)
2025-03-25 11:06:02,433 - Trading Bot - INFO - Performance metrics saved: 28/57 winning trades
2025-03-25 11:06:02,433 - Trading Bot - INFO - Sleeping for 60 seconds
2025-03-25 11:17:01,331 - Trading System - INFO - Trading Bot is alive: True
2025-03-25 11:17:01,333 - Trading System - INFO - Monitor Bot is alive: True
2025-03-25 11:17:01,333 - Trading System - INFO - Improvement Bot is alive: True
2025-03-25 11:17:01,437 - Trading Bot - INFO - Starting trading cycle
2025-03-25 11:17:01,438 - Trading Bot - INFO - Processing AAPL
2025-03-25 11:17:01,438 - Trading Bot - INFO - HOLD signal for AAPL (score: 0.7833)
2025-03-25 11:17:01,438 - Trading Bot - INFO - Processing MSFT
2025-03-25 11:17:01,438 - Trading Bot - INFO - BUY signal for MSFT (score: 0.9373)
2025-03-25 11:17:01,438 - Trading Bot - INFO - BUY order for 1 shares of MSFT at $356.11
2025-03-25 11:17:01,441 - Trading Bot - INFO - Trade history saved
2025-03-25 11:17:01,442 - Trading Bot - INFO - Processing GOOGL
2025-03-25 11:17:01,442 - Trading Bot - INFO - HOLD signal for GOOGL (score: 0.1143)
2025-03-25 11:17:01,446 - Trading Bot - INFO - Performance metrics saved: 28/57 winning trades
2025-03-25 11:17:01,446 - Trading Bot - INFO - Sleeping for 60 seconds
2025-03-25 11:25:06,997 - Trading System - INFO - Trading Bot is alive: True
2025-03-25 11:25:06,998 - Trading System - INFO - Monitor Bot is alive: True
2025-03-25 11:25:06,998 - Trading System - INFO - Improvement Bot is alive: True
2025-03-25 11:25:07,109 - Trading Bot - INFO - Starting trading cycle
2025-03-25 11:25:07,109 - Trading Bot - INFO - Processing AAPL
2025-03-25 11:25:07,109 - Trading Bot - INFO - HOLD signal for AAPL (score: 0.4709)
2025-03-25 11:25:07,109 - Trading Bot - INFO - Processing MSFT
2025-03-25 11:25:07,109 - Trading Bot - INFO - HOLD signal for MSFT (score: 0.4258)
2025-03-25 11:25:07,109 - Trading Bot - INFO - Processing GOOGL
2025-03-25 11:25:07,110 - Trading Bot - INFO - HOLD signal for GOOGL (score: 0.6429)
2025-03-25 11:25:07,113 - Trading Bot - INFO - Performance metrics saved: 28/57 winning trades
2025-03-25 11:25:07,114 - Trading Bot - INFO - Sleeping for 60 seconds
2025-03-25 11:25:07,387 - Monitor Bot - INFO - Running scheduled task: Performance Metrics
2025-03-25 11:25:07,388 - Monitor Bot - INFO - === Performance Metrics ===
2025-03-25 11:25:07,389 - Monitor Bot - INFO - Date: 2025-03-25T11:25:07.110159
2025-03-25 11:25:07,389 - Monitor Bot - INFO - Total Trades: 57
2025-03-25 11:25:07,389 - Monitor Bot - INFO - Win Rate: 49.12%
2025-03-25 11:25:07,389 - Monitor Bot - INFO - Total Profit: $8.46
2025-03-25 11:25:07,389 - Monitor Bot - INFO - Average Profit per Trade: $0.15
2025-03-25 11:25:07,389 - Monitor Bot - ERROR - Error extracting performance metrics: 'avg_profit_pct'
2025-03-25 11:25:07,389 - Monitor Bot - WARNING - Task Performance Metrics completed with warnings
2025-03-25 11:41:39,876 - Trading System - INFO - Trading Bot is alive: True
2025-03-25 11:41:39,878 - Trading System - INFO - Monitor Bot is alive: True
2025-03-25 11:41:39,878 - Trading System - INFO - Improvement Bot is alive: True
2025-03-25 11:41:39,991 - Trading Bot - INFO - Starting trading cycle
2025-03-25 11:41:39,991 - Trading Bot - INFO - Processing AAPL
2025-03-25 11:41:39,991 - Trading Bot - INFO - HOLD signal for AAPL (score: 0.6680)
2025-03-25 11:41:39,992 - Trading Bot - INFO - Processing MSFT
2025-03-25 11:41:39,992 - Trading Bot - INFO - HOLD signal for MSFT (score: 0.7579)
2025-03-25 11:41:39,992 - Trading Bot - INFO - Processing GOOGL
2025-03-25 11:41:39,992 - Trading Bot - INFO - HOLD signal for GOOGL (score: 0.6296)
2025-03-25 11:41:39,998 - Trading Bot - INFO - Performance metrics saved: 28/57 winning trades
2025-03-25 11:41:39,998 - Trading Bot - INFO - Sleeping for 60 seconds
2025-03-25 12:14:29,294 - Trading System - INFO - Trading Bot is alive: True
2025-03-25 12:14:29,294 - Trading System - INFO - Monitor Bot is alive: True
2025-03-25 12:14:29,294 - Trading System - INFO - Improvement Bot is alive: True
2025-03-25 12:14:29,413 - Trading Bot - INFO - Starting trading cycle
2025-03-25 12:14:29,413 - Trading Bot - INFO - Processing AAPL
2025-03-25 12:14:29,413 - Trading Bot - INFO - SELL signal for AAPL (score: 0.1166)
2025-03-25 12:14:29,414 - Trading Bot - WARNING - Cannot sell AAPL - no position
2025-03-25 12:14:29,414 - Trading Bot - INFO - Processing MSFT
2025-03-25 12:14:29,414 - Trading Bot - INFO - SELL signal for MSFT (score: 0.1690)
2025-03-25 12:14:29,414 - Trading Bot - INFO - SELL order for 1 shares of MSFT at $358.88
2025-03-25 12:14:29,418 - Trading Bot - INFO - Trade history saved
2025-03-25 12:14:29,418 - Trading Bot - INFO - SELL completed: P&L $4.11 (1.16%)
2025-03-25 12:14:29,418 - Trading Bot - INFO - Processing GOOGL
2025-03-25 12:14:29,418 - Trading Bot - INFO - HOLD signal for GOOGL (score: 0.4250)
2025-03-25 12:14:29,421 - Trading Bot - INFO - Performance metrics saved: 29/58 winning trades
2025-03-25 12:14:29,421 - Trading Bot - INFO - Sleeping for 60 seconds
2025-03-25 12:23:47,896 - Trading System - INFO - Trading Bot is alive: True
2025-03-25 12:23:47,898 - Trading System - INFO - Monitor Bot is alive: True
2025-03-25 12:23:47,898 - Trading System - INFO - Improvement Bot is alive: True
2025-03-25 12:23:48,023 - Trading Bot - INFO - Starting trading cycle
2025-03-25 12:23:48,023 - Trading Bot - INFO - Processing AAPL
2025-03-25 12:23:48,023 - Trading Bot - INFO - HOLD signal for AAPL (score: 0.9277)
2025-03-25 12:23:48,023 - Trading Bot - INFO - Processing MSFT
2025-03-25 12:23:48,024 - Trading Bot - INFO - BUY signal for MSFT (score: 0.7879)
2025-03-25 12:23:48,024 - Trading Bot - INFO - BUY order for 1 shares of MSFT at $359.83
2025-03-25 12:23:48,028 - Trading Bot - INFO - Trade history saved
2025-03-25 12:23:48,028 - Trading Bot - INFO - Processing GOOGL
2025-03-25 12:23:48,029 - Trading Bot - INFO - BUY signal for GOOGL (score: 0.8517)
2025-03-25 12:23:48,029 - Trading Bot - INFO - BUY order for 1 shares of GOOGL at $137.11
2025-03-25 12:23:48,031 - Trading Bot - INFO - Trade history saved
2025-03-25 12:23:48,035 - Trading Bot - INFO - Performance metrics saved: 29/58 winning trades
2025-03-25 12:23:48,035 - Trading Bot - INFO - Sleeping for 60 seconds
2025-03-25 12:24:47,899 - Trading System - INFO - Trading Bot is alive: True
2025-03-25 12:24:47,901 - Trading System - INFO - Monitor Bot is alive: True
2025-03-25 12:24:47,901 - Trading System - INFO - Improvement Bot is alive: True
2025-03-25 12:24:48,039 - Trading Bot - INFO - Starting trading cycle
2025-03-25 12:24:48,039 - Trading Bot - INFO - Processing AAPL
2025-03-25 12:24:48,039 - Trading Bot - INFO - SELL signal for AAPL (score: 0.1589)
2025-03-25 12:24:48,039 - Trading Bot - WARNING - Cannot sell AAPL - no position
2025-03-25 12:24:48,040 - Trading Bot - INFO - Processing MSFT
2025-03-25 12:24:48,040 - Trading Bot - INFO - SELL signal for MSFT (score: 0.1028)
2025-03-25 12:24:48,040 - Trading Bot - INFO - SELL order for 1 shares of MSFT at $358.01
2025-03-25 12:24:48,043 - Trading Bot - INFO - Trade history saved
2025-03-25 12:24:48,043 - Trading Bot - INFO - SELL completed: P&L $1.14 (0.32%)
2025-03-25 12:24:48,043 - Trading Bot - INFO - Processing GOOGL
2025-03-25 12:24:48,043 - Trading Bot - INFO - HOLD signal for GOOGL (score: 0.5174)
2025-03-25 12:24:48,047 - Trading Bot - INFO - Performance metrics saved: 30/59 winning trades
2025-03-25 12:24:48,047 - Trading Bot - INFO - Sleeping for 60 seconds
2025-03-25 12:25:47,906 - Trading System - INFO - Trading Bot is alive: True
2025-03-25 12:25:47,906 - Trading System - INFO - Monitor Bot is alive: True
2025-03-25 12:25:47,906 - Trading System - INFO - Improvement Bot is alive: True
2025-03-25 12:25:48,051 - Trading Bot - INFO - Starting trading cycle
2025-03-25 12:25:48,052 - Trading Bot - INFO - Processing AAPL
2025-03-25 12:25:48,052 - Trading Bot - INFO - HOLD signal for AAPL (score: 0.7226)
2025-03-25 12:25:48,052 - Trading Bot - INFO - Processing MSFT
2025-03-25 12:25:48,052 - Trading Bot - INFO - BUY signal for MSFT (score: 0.8154)
2025-03-25 12:25:48,052 - Trading Bot - INFO - BUY order for 1 shares of MSFT at $356.53
2025-03-25 12:25:48,056 - Trading Bot - INFO - Trade history saved
2025-03-25 12:25:48,056 - Trading Bot - INFO - Processing GOOGL
2025-03-25 12:25:48,056 - Trading Bot - INFO - HOLD signal for GOOGL (score: 0.3402)
2025-03-25 12:25:48,060 - Trading Bot - INFO - Performance metrics saved: 30/59 winning trades
2025-03-25 12:25:48,060 - Trading Bot - INFO - Sleeping for 60 seconds
2025-03-25 12:25:48,295 - Monitor Bot - INFO - Running scheduled task: Performance Metrics
2025-03-25 12:25:48,296 - Monitor Bot - INFO - === Performance Metrics ===
2025-03-25 12:25:48,296 - Monitor Bot - INFO - Date: 2025-03-25T12:25:48.056869
2025-03-25 12:25:48,296 - Monitor Bot - INFO - Total Trades: 59
2025-03-25 12:25:48,296 - Monitor Bot - INFO - Win Rate: 50.85%
2025-03-25 12:25:48,296 - Monitor Bot - INFO - Total Profit: $13.72
2025-03-25 12:25:48,296 - Monitor Bot - INFO - Average Profit per Trade: $0.23
2025-03-25 12:25:48,296 - Monitor Bot - ERROR - Error extracting performance metrics: 'avg_profit_pct'
2025-03-25 12:25:48,296 - Monitor Bot - WARNING - Task Performance Metrics completed with warnings
2025-03-25 12:26:47,912 - Trading System - INFO - Trading Bot is alive: True
2025-03-25 12:26:47,912 - Trading System - INFO - Monitor Bot is alive: True
2025-03-25 12:26:47,913 - Trading System - INFO - Improvement Bot is alive: True
2025-03-25 12:26:48,065 - Trading Bot - INFO - Starting trading cycle
2025-03-25 12:26:48,066 - Trading Bot - INFO - Processing AAPL
2025-03-25 12:26:48,066 - Trading Bot - INFO - HOLD signal for AAPL (score: 0.9555)
2025-03-25 12:26:48,066 - Trading Bot - INFO - Processing MSFT
2025-03-25 12:26:48,066 - Trading Bot - INFO - HOLD signal for MSFT (score: 0.7011)
2025-03-25 12:26:48,066 - Trading Bot - INFO - Processing GOOGL
2025-03-25 12:26:48,066 - Trading Bot - INFO - HOLD signal for GOOGL (score: 0.4751)
2025-03-25 12:26:48,071 - Trading Bot - INFO - Performance metrics saved: 30/59 winning trades
2025-03-25 12:26:48,071 - Trading Bot - INFO - Sleeping for 60 seconds
2025-03-25 12:27:47,917 - Trading System - INFO - Trading Bot is alive: True
2025-03-25 12:27:47,917 - Trading System - INFO - Monitor Bot is alive: True
2025-03-25 12:27:47,917 - Trading System - INFO - Improvement Bot is alive: True
2025-03-25 12:27:48,074 - Trading Bot - INFO - Starting trading cycle
2025-03-25 12:27:48,074 - Trading Bot - INFO - Processing AAPL
2025-03-25 12:27:48,074 - Trading Bot - INFO - HOLD signal for AAPL (score: 0.7959)
2025-03-25 12:27:48,074 - Trading Bot - INFO - Processing MSFT
2025-03-25 12:27:48,075 - Trading Bot - INFO - SELL signal for MSFT (score: 0.1050)
2025-03-25 12:27:48,075 - Trading Bot - INFO - SELL order for 1 shares of MSFT at $357.51
2025-03-25 12:27:48,079 - Trading Bot - INFO - Trade history saved
2025-03-25 12:27:48,079 - Trading Bot - INFO - SELL completed: P&L $0.73 (0.20%)
2025-03-25 12:27:48,079 - Trading Bot - INFO - Processing GOOGL
2025-03-25 12:27:48,079 - Trading Bot - INFO - SELL signal for GOOGL (score: 0.0533)
2025-03-25 12:27:48,079 - Trading Bot - INFO - SELL order for 1 shares of GOOGL at $138.82
2025-03-25 12:27:48,082 - Trading Bot - INFO - Trade history saved
2025-03-25 12:27:48,082 - Trading Bot - INFO - SELL completed: P&L $0.23 (0.17%)
2025-03-25 12:27:48,085 - Trading Bot - INFO - Performance metrics saved: 32/61 winning trades
2025-03-25 12:27:48,085 - Trading Bot - INFO - Sleeping for 60 seconds
2025-03-25 12:28:47,923 - Trading System - INFO - Trading Bot is alive: True
2025-03-25 12:28:47,924 - Trading System - INFO - Monitor Bot is alive: True
2025-03-25 12:28:47,924 - Trading System - INFO - Improvement Bot is alive: True
2025-03-25 12:28:48,088 - Trading Bot - INFO - Starting trading cycle
2025-03-25 12:28:48,088 - Trading Bot - INFO - Processing AAPL
2025-03-25 12:28:48,089 - Trading Bot - INFO - SELL signal for AAPL (score: 0.2064)
2025-03-25 12:28:48,089 - Trading Bot - WARNING - Cannot sell AAPL - no position
2025-03-25 12:28:48,089 - Trading Bot - INFO - Processing MSFT
2025-03-25 12:28:48,089 - Trading Bot - INFO - BUY signal for MSFT (score: 0.8572)
2025-03-25 12:28:48,089 - Trading Bot - INFO - BUY order for 1 shares of MSFT at $360.01
2025-03-25 12:28:48,093 - Trading Bot - INFO - Trade history saved
2025-03-25 12:28:48,094 - Trading Bot - INFO - Processing GOOGL
2025-03-25 12:28:48,094 - Trading Bot - INFO - BUY signal for GOOGL (score: 0.9804)
2025-03-25 12:28:48,094 - Trading Bot - INFO - BUY order for 1 shares of GOOGL at $138.03
2025-03-25 12:28:48,096 - Trading Bot - INFO - Trade history saved
2025-03-25 12:28:48,099 - Trading Bot - INFO - Performance metrics saved: 32/61 winning trades
2025-03-25 12:28:48,100 - Trading Bot - INFO - Sleeping for 60 seconds
2025-03-25 12:29:47,928 - Trading System - INFO - Trading Bot is alive: True
2025-03-25 12:29:47,928 - Trading System - INFO - Monitor Bot is alive: True
2025-03-25 12:29:47,928 - Trading System - INFO - Improvement Bot is alive: True
2025-03-25 12:29:48,103 - Trading Bot - INFO - Starting trading cycle
2025-03-25 12:29:48,104 - Trading Bot - INFO - Processing AAPL
2025-03-25 12:29:48,104 - Trading Bot - INFO - HOLD signal for AAPL (score: 0.4107)
2025-03-25 12:29:48,104 - Trading Bot - INFO - Processing MSFT
2025-03-25 12:29:48,104 - Trading Bot - INFO - HOLD signal for MSFT (score: 0.7741)
2025-03-25 12:29:48,104 - Trading Bot - INFO - Processing GOOGL
2025-03-25 12:29:48,104 - Trading Bot - INFO - SELL signal for GOOGL (score: 0.2541)
2025-03-25 12:29:48,104 - Trading Bot - INFO - SELL order for 1 shares of GOOGL at $140.37
2025-03-25 12:29:48,107 - Trading Bot - INFO - Trade history saved
2025-03-25 12:29:48,108 - Trading Bot - INFO - SELL completed: P&L $0.55 (0.39%)
2025-03-25 12:29:48,111 - Trading Bot - INFO - Performance metrics saved: 33/62 winning trades
2025-03-25 12:29:48,111 - Trading Bot - INFO - Sleeping for 60 seconds
2025-03-25 12:30:47,931 - Trading System - INFO - Trading Bot is alive: True
2025-03-25 12:30:47,932 - Trading System - INFO - Monitor Bot is alive: True
2025-03-25 12:30:47,932 - Trading System - INFO - Improvement Bot is alive: True
2025-03-25 12:30:48,115 - Trading Bot - INFO - Starting trading cycle
2025-03-25 12:30:48,116 - Trading Bot - INFO - Processing AAPL
2025-03-25 12:30:48,116 - Trading Bot - INFO - SELL signal for AAPL (score: 0.0758)
2025-03-25 12:30:48,116 - Trading Bot - WARNING - Cannot sell AAPL - no position
2025-03-25 12:30:48,116 - Trading Bot - INFO - Processing MSFT
2025-03-25 12:30:48,116 - Trading Bot - INFO - HOLD signal for MSFT (score: 0.8598)
2025-03-25 12:30:48,117 - Trading Bot - INFO - Processing GOOGL
2025-03-25 12:30:48,117 - Trading Bot - INFO - HOLD signal for GOOGL (score: 0.3066)
2025-03-25 12:30:48,122 - Trading Bot - INFO - Performance metrics saved: 33/62 winning trades
2025-03-25 12:30:48,122 - Trading Bot - INFO - Sleeping for 60 seconds
2025-03-25 12:31:47,939 - Trading System - INFO - Trading Bot is alive: True
2025-03-25 12:31:47,941 - Trading System - INFO - Monitor Bot is alive: True
2025-03-25 12:31:47,941 - Trading System - INFO - Improvement Bot is alive: True
2025-03-25 12:31:48,129 - Trading Bot - INFO - Starting trading cycle
2025-03-25 12:31:48,130 - Trading Bot - INFO - Processing AAPL
2025-03-25 12:31:48,130 - Trading Bot - INFO - HOLD signal for AAPL (score: 0.6023)
2025-03-25 12:31:48,130 - Trading Bot - INFO - Processing MSFT
2025-03-25 12:31:48,130 - Trading Bot - INFO - HOLD signal for MSFT (score: 0.5387)
2025-03-25 12:31:48,130 - Trading Bot - INFO - Processing GOOGL
2025-03-25 12:31:48,130 - Trading Bot - INFO - HOLD signal for GOOGL (score: 0.2075)
2025-03-25 12:31:48,138 - Trading Bot - INFO - Performance metrics saved: 33/62 winning trades
2025-03-25 12:31:48,138 - Trading Bot - INFO - Sleeping for 60 seconds
2025-03-25 12:32:47,945 - Trading System - INFO - Trading Bot is alive: True
2025-03-25 12:32:47,946 - Trading System - INFO - Monitor Bot is alive: True
2025-03-25 12:32:47,946 - Trading System - INFO - Improvement Bot is alive: True
2025-03-25 12:32:48,140 - Trading Bot - INFO - Starting trading cycle
2025-03-25 12:32:48,140 - Trading Bot - INFO - Processing AAPL
2025-03-25 12:32:48,141 - Trading Bot - INFO - HOLD signal for AAPL (score: 0.4492)
2025-03-25 12:32:48,141 - Trading Bot - INFO - Processing MSFT
2025-03-25 12:32:48,141 - Trading Bot - INFO - HOLD signal for MSFT (score: 0.9300)
2025-03-25 12:32:48,141 - Trading Bot - INFO - Processing GOOGL
2025-03-25 12:32:48,141 - Trading Bot - INFO - HOLD signal for GOOGL (score: 0.1067)
2025-03-25 12:32:48,146 - Trading Bot - INFO - Performance metrics saved: 33/62 winning trades
2025-03-25 12:32:48,146 - Trading Bot - INFO - Sleeping for 60 seconds
2025-03-25 12:33:47,952 - Trading System - INFO - Trading Bot is alive: True
2025-03-25 12:33:47,953 - Trading System - INFO - Monitor Bot is alive: True
2025-03-25 12:33:47,953 - Trading System - INFO - Improvement Bot is alive: True
2025-03-25 12:33:48,155 - Trading Bot - INFO - Starting trading cycle
2025-03-25 12:33:48,155 - Trading Bot - INFO - Processing AAPL
2025-03-25 12:33:48,156 - Trading Bot - INFO - SELL signal for AAPL (score: 0.1009)
2025-03-25 12:33:48,156 - Trading Bot - WARNING - Cannot sell AAPL - no position
2025-03-25 12:33:48,156 - Trading Bot - INFO - Processing MSFT
2025-03-25 12:33:48,156 - Trading Bot - INFO - HOLD signal for MSFT (score: 0.5906)
2025-03-25 12:33:48,156 - Trading Bot - INFO - Processing GOOGL
2025-03-25 12:33:48,156 - Trading Bot - INFO - BUY signal for GOOGL (score: 0.8811)
2025-03-25 12:33:48,156 - Trading Bot - INFO - BUY order for 1 shares of GOOGL at $141.49
2025-03-25 12:33:48,160 - Trading Bot - INFO - Trade history saved
2025-03-25 12:33:48,165 - Trading Bot - INFO - Performance metrics saved: 33/62 winning trades
2025-03-25 12:33:48,165 - Trading Bot - INFO - Sleeping for 60 seconds
2025-03-25 12:34:47,963 - Trading System - INFO - Trading Bot is alive: True
2025-03-25 12:34:47,964 - Trading System - INFO - Monitor Bot is alive: True
2025-03-25 12:34:47,964 - Trading System - INFO - Improvement Bot is alive: True
2025-03-25 12:34:48,170 - Trading Bot - INFO - Starting trading cycle
2025-03-25 12:34:48,170 - Trading Bot - INFO - Processing AAPL
2025-03-25 12:34:48,170 - Trading Bot - INFO - HOLD signal for AAPL (score: 0.8883)
2025-03-25 12:34:48,171 - Trading Bot - INFO - Processing MSFT
2025-03-25 12:34:48,171 - Trading Bot - INFO - HOLD signal for MSFT (score: 0.3492)
2025-03-25 12:34:48,171 - Trading Bot - INFO - Processing GOOGL
2025-03-25 12:34:48,171 - Trading Bot - INFO - HOLD signal for GOOGL (score: 0.3448)
2025-03-25 12:34:48,176 - Trading Bot - INFO - Performance metrics saved: 33/62 winning trades
2025-03-25 12:34:48,177 - Trading Bot - INFO - Sleeping for 60 seconds
2025-03-25 12:52:39,162 - Trading System - INFO - Trading Bot is alive: True
2025-03-25 12:52:39,165 - Trading System - INFO - Monitor Bot is alive: True
2025-03-25 12:52:39,165 - Trading System - INFO - Improvement Bot is alive: True
2025-03-25 12:52:39,375 - Trading Bot - INFO - Starting trading cycle
2025-03-25 12:52:39,375 - Trading Bot - INFO - Processing AAPL
2025-03-25 12:52:39,376 - Trading Bot - INFO - SELL signal for AAPL (score: 0.0576)
2025-03-25 12:52:39,376 - Trading Bot - WARNING - Cannot sell AAPL - no position
2025-03-25 12:52:39,376 - Trading Bot - INFO - Processing MSFT
2025-03-25 12:52:39,376 - Trading Bot - INFO - SELL signal for MSFT (score: 0.2437)
2025-03-25 12:52:39,376 - Trading Bot - INFO - SELL order for 1 shares of MSFT at $362.65
2025-03-25 12:52:39,380 - Trading Bot - INFO - Trade history saved
2025-03-25 12:52:39,380 - Trading Bot - INFO - SELL completed: P&L $1.96 (0.54%)
2025-03-25 12:52:39,380 - Trading Bot - INFO - Processing GOOGL
2025-03-25 12:52:39,380 - Trading Bot - INFO - HOLD signal for GOOGL (score: 0.6065)
2025-03-25 12:52:39,385 - Trading Bot - INFO - Performance metrics saved: 34/63 winning trades
2025-03-25 12:52:39,385 - Trading Bot - INFO - Sleeping for 60 seconds
2025-03-25 13:09:29,131 - Trading System - INFO - Trading Bot is alive: True
2025-03-25 13:09:29,131 - Trading System - INFO - Monitor Bot is alive: True
2025-03-25 13:09:29,132 - Trading System - INFO - Improvement Bot is alive: True
2025-03-25 13:09:29,351 - Trading Bot - INFO - Starting trading cycle
2025-03-25 13:09:29,351 - Trading Bot - INFO - Processing AAPL
2025-03-25 13:09:29,351 - Trading Bot - INFO - SELL signal for AAPL (score: 0.0006)
2025-03-25 13:09:29,351 - Trading Bot - WARNING - Cannot sell AAPL - no position
2025-03-25 13:09:29,351 - Trading Bot - INFO - Processing MSFT
2025-03-25 13:09:29,351 - Trading Bot - INFO - HOLD signal for MSFT (score: 0.6524)
2025-03-25 13:09:29,351 - Trading Bot - INFO - Processing GOOGL
2025-03-25 13:09:29,352 - Trading Bot - INFO - SELL signal for GOOGL (score: 0.1592)
2025-03-25 13:09:29,352 - Trading Bot - INFO - SELL order for 1 shares of GOOGL at $142.18
2025-03-25 13:09:29,354 - Trading Bot - INFO - Trade history saved
2025-03-25 13:09:29,355 - Trading Bot - INFO - SELL completed: P&L $0.79 (0.56%)
2025-03-25 13:09:29,358 - Trading Bot - INFO - Performance metrics saved: 35/64 winning trades
2025-03-25 13:09:29,359 - Trading Bot - INFO - Sleeping for 60 seconds
2025-03-25 13:10:29,135 - Trading System - INFO - Trading Bot is alive: True
2025-03-25 13:10:29,136 - Trading System - INFO - Monitor Bot is alive: True
2025-03-25 13:10:29,137 - Trading System - INFO - Improvement Bot is alive: True
2025-03-25 13:10:29,363 - Trading Bot - INFO - Starting trading cycle
2025-03-25 13:10:29,364 - Trading Bot - INFO - Processing AAPL
2025-03-25 13:10:29,364 - Trading Bot - INFO - HOLD signal for AAPL (score: 0.7539)
2025-03-25 13:10:29,364 - Trading Bot - INFO - Processing MSFT
2025-03-25 13:10:29,364 - Trading Bot - INFO - HOLD signal for MSFT (score: 0.3357)
2025-03-25 13:10:29,364 - Trading Bot - INFO - Processing GOOGL
2025-03-25 13:10:29,364 - Trading Bot - INFO - HOLD signal for GOOGL (score: 0.5377)
2025-03-25 13:10:29,370 - Trading Bot - INFO - Performance metrics saved: 35/64 winning trades
2025-03-25 13:10:29,370 - Trading Bot - INFO - Sleeping for 60 seconds
2025-03-25 13:27:03,932 - Trading System - INFO - Trading Bot is alive: True
2025-03-25 13:27:03,933 - Trading System - INFO - Monitor Bot is alive: True
2025-03-25 13:27:03,933 - Trading System - INFO - Improvement Bot is alive: True
2025-03-25 13:27:04,165 - Trading Bot - INFO - Starting trading cycle
2025-03-25 13:27:04,165 - Trading Bot - INFO - Processing AAPL
2025-03-25 13:27:04,165 - Trading Bot - INFO - HOLD signal for AAPL (score: 0.3311)
2025-03-25 13:27:04,165 - Trading Bot - INFO - Processing MSFT
2025-03-25 13:27:04,166 - Trading Bot - INFO - BUY signal for MSFT (score: 0.7605)
2025-03-25 13:27:04,166 - Trading Bot - INFO - BUY order for 1 shares of MSFT at $364.92
2025-03-25 13:27:04,170 - Trading Bot - INFO - Trade history saved
2025-03-25 13:27:04,171 - Trading Bot - INFO - Processing GOOGL
2025-03-25 13:27:04,171 - Trading Bot - INFO - HOLD signal for GOOGL (score: 0.6235)
2025-03-25 13:27:04,175 - Trading Bot - INFO - Performance metrics saved: 35/64 winning trades
2025-03-25 13:27:04,175 - Trading Bot - INFO - Sleeping for 60 seconds
2025-03-25 13:27:04,322 - Monitor Bot - INFO - Running scheduled task: Performance Metrics
2025-03-25 13:27:04,323 - Monitor Bot - INFO - === Performance Metrics ===
2025-03-25 13:27:04,323 - Monitor Bot - INFO - Date: 2025-03-25T13:27:04.171475
2025-03-25 13:27:04,323 - Monitor Bot - INFO - Total Trades: 64
2025-03-25 13:27:04,323 - Monitor Bot - INFO - Win Rate: 54.69%
2025-03-25 13:27:04,323 - Monitor Bot - INFO - Total Profit: $17.97
2025-03-25 13:27:04,323 - Monitor Bot - INFO - Average Profit per Trade: $0.28
2025-03-25 13:27:04,323 - Monitor Bot - ERROR - Error extracting performance metrics: 'avg_profit_pct'
2025-03-25 13:27:04,323 - Monitor Bot - WARNING - Task Performance Metrics completed with warnings
2025-03-25 13:28:03,935 - Trading System - INFO - Trading Bot is alive: True
2025-03-25 13:28:03,935 - Trading System - INFO - Monitor Bot is alive: True
2025-03-25 13:28:03,935 - Trading System - INFO - Improvement Bot is alive: True
2025-03-25 13:28:04,179 - Trading Bot - INFO - Starting trading cycle
2025-03-25 13:28:04,179 - Trading Bot - INFO - Processing AAPL
2025-03-25 13:28:04,179 - Trading Bot - INFO - SELL signal for AAPL (score: 0.0717)
2025-03-25 13:28:04,179 - Trading Bot - WARNING - Cannot sell AAPL - no position
2025-03-25 13:28:04,179 - Trading Bot - INFO - Processing MSFT
2025-03-25 13:28:04,180 - Trading Bot - INFO - HOLD signal for MSFT (score: 0.5844)
2025-03-25 13:28:04,180 - Trading Bot - INFO - Processing GOOGL
2025-03-25 13:28:04,180 - Trading Bot - INFO - HOLD signal for GOOGL (score: 0.2504)
2025-03-25 13:28:04,185 - Trading Bot - INFO - Performance metrics saved: 35/64 winning trades
2025-03-25 13:28:04,185 - Trading Bot - INFO - Sleeping for 60 seconds
2025-03-25 13:29:03,938 - Trading System - INFO - Trading Bot is alive: True
2025-03-25 13:29:03,939 - Trading System - INFO - Monitor Bot is alive: True
2025-03-25 13:29:03,939 - Trading System - INFO - Improvement Bot is alive: True
2025-03-25 13:29:04,188 - Trading Bot - INFO - Starting trading cycle
2025-03-25 13:29:04,188 - Trading Bot - INFO - Processing AAPL
2025-03-25 13:29:04,188 - Trading Bot - INFO - HOLD signal for AAPL (score: 0.8025)
2025-03-25 13:29:04,188 - Trading Bot - INFO - Processing MSFT
2025-03-25 13:29:04,188 - Trading Bot - INFO - SELL signal for MSFT (score: 0.1217)
2025-03-25 13:29:04,189 - Trading Bot - INFO - SELL order for 1 shares of MSFT at $366.02
2025-03-25 13:29:04,192 - Trading Bot - INFO - Trade history saved
2025-03-25 13:29:04,192 - Trading Bot - INFO - SELL completed: P&L $4.26 (1.17%)
2025-03-25 13:29:04,192 - Trading Bot - INFO - Processing GOOGL
2025-03-25 13:29:04,192 - Trading Bot - INFO - HOLD signal for GOOGL (score: 0.4034)
2025-03-25 13:29:04,196 - Trading Bot - INFO - Performance metrics saved: 36/65 winning trades
2025-03-25 13:29:04,196 - Trading Bot - INFO - Sleeping for 60 seconds
2025-03-25 13:30:03,940 - Trading System - INFO - Trading Bot is alive: True
2025-03-25 13:30:03,940 - Trading System - INFO - Monitor Bot is alive: True
2025-03-25 13:30:03,940 - Trading System - INFO - Improvement Bot is alive: True
2025-03-25 13:30:04,197 - Trading Bot - INFO - Starting trading cycle
2025-03-25 13:30:04,198 - Trading Bot - INFO - Processing AAPL
2025-03-25 13:30:04,198 - Trading Bot - INFO - HOLD signal for AAPL (score: 0.6360)
2025-03-25 13:30:04,198 - Trading Bot - INFO - Processing MSFT
2025-03-25 13:30:04,198 - Trading Bot - INFO - HOLD signal for MSFT (score: 0.5954)
2025-03-25 13:30:04,198 - Trading Bot - INFO - Processing GOOGL
2025-03-25 13:30:04,198 - Trading Bot - INFO - BUY signal for GOOGL (score: 0.7480)
2025-03-25 13:30:04,198 - Trading Bot - INFO - BUY order for 1 shares of GOOGL at $143.42
2025-03-25 13:30:04,201 - Trading Bot - INFO - Trade history saved
2025-03-25 13:30:04,205 - Trading Bot - INFO - Performance metrics saved: 36/65 winning trades
2025-03-25 13:30:04,205 - Trading Bot - INFO - Sleeping for 60 seconds
2025-03-25 13:31:03,945 - Trading System - INFO - Trading Bot is alive: True
2025-03-25 13:31:03,945 - Trading System - INFO - Monitor Bot is alive: True
2025-03-25 13:31:03,945 - Trading System - INFO - Improvement Bot is alive: True
2025-03-25 13:31:04,207 - Trading Bot - INFO - Starting trading cycle
2025-03-25 13:31:04,208 - Trading Bot - INFO - Processing AAPL
2025-03-25 13:31:04,208 - Trading Bot - INFO - SELL signal for AAPL (score: 0.1011)
2025-03-25 13:31:04,208 - Trading Bot - WARNING - Cannot sell AAPL - no position
2025-03-25 13:31:04,208 - Trading Bot - INFO - Processing MSFT
2025-03-25 13:31:04,208 - Trading Bot - INFO - BUY signal for MSFT (score: 0.9278)
2025-03-25 13:31:04,208 - Trading Bot - INFO - BUY order for 1 shares of MSFT at $365.70
2025-03-25 13:31:04,211 - Trading Bot - INFO - Trade history saved
2025-03-25 13:31:04,212 - Trading Bot - INFO - Processing GOOGL
2025-03-25 13:31:04,212 - Trading Bot - INFO - HOLD signal for GOOGL (score: 0.7344)
2025-03-25 13:31:04,216 - Trading Bot - INFO - Performance metrics saved: 36/65 winning trades
2025-03-25 13:31:04,216 - Trading Bot - INFO - Sleeping for 60 seconds
2025-03-25 13:32:03,948 - Trading System - INFO - Trading Bot is alive: True
2025-03-25 13:32:03,949 - Trading System - INFO - Monitor Bot is alive: True
2025-03-25 13:32:03,950 - Trading System - INFO - Improvement Bot is alive: True
2025-03-25 13:32:04,220 - Trading Bot - INFO - Starting trading cycle
2025-03-25 13:32:04,220 - Trading Bot - INFO - Processing AAPL
2025-03-25 13:32:04,221 - Trading Bot - INFO - HOLD signal for AAPL (score: 0.5422)
2025-03-25 13:32:04,221 - Trading Bot - INFO - Processing MSFT
2025-03-25 13:32:04,221 - Trading Bot - INFO - SELL signal for MSFT (score: 0.0016)
2025-03-25 13:32:04,221 - Trading Bot - INFO - SELL order for 1 shares of MSFT at $368.73
2025-03-25 13:32:04,224 - Trading Bot - INFO - Trade history saved
2025-03-25 13:32:04,225 - Trading Bot - INFO - SELL completed: P&L $1.67 (0.46%)
2025-03-25 13:32:04,225 - Trading Bot - INFO - Processing GOOGL
2025-03-25 13:32:04,225 - Trading Bot - INFO - HOLD signal for GOOGL (score: 0.8632)
2025-03-25 13:32:04,228 - Trading Bot - INFO - Performance metrics saved: 37/66 winning trades
2025-03-25 13:32:04,229 - Trading Bot - INFO - Sleeping for 60 seconds
2025-03-25 13:33:03,958 - Trading System - INFO - Trading Bot is alive: True
2025-03-25 13:33:03,959 - Trading System - INFO - Monitor Bot is alive: True
2025-03-25 13:33:03,959 - Trading System - INFO - Improvement Bot is alive: True
2025-03-25 13:33:04,238 - Trading Bot - INFO - Starting trading cycle
2025-03-25 13:33:04,238 - Trading Bot - INFO - Processing AAPL
2025-03-25 13:33:04,238 - Trading Bot - INFO - HOLD signal for AAPL (score: 0.5581)
2025-03-25 13:33:04,238 - Trading Bot - INFO - Processing MSFT
2025-03-25 13:33:04,239 - Trading Bot - INFO - HOLD signal for MSFT (score: 0.3946)
2025-03-25 13:33:04,239 - Trading Bot - INFO - Processing GOOGL
2025-03-25 13:33:04,239 - Trading Bot - INFO - HOLD signal for GOOGL (score: 0.5583)
2025-03-25 13:33:04,245 - Trading Bot - INFO - Performance metrics saved: 37/66 winning trades
2025-03-25 13:33:04,246 - Trading Bot - INFO - Sleeping for 60 seconds
2025-03-25 13:34:03,966 - Trading System - INFO - Trading Bot is alive: True
2025-03-25 13:34:03,967 - Trading System - INFO - Monitor Bot is alive: True
2025-03-25 13:34:03,967 - Trading System - INFO - Improvement Bot is alive: True
2025-03-25 13:34:04,250 - Trading Bot - INFO - Starting trading cycle
2025-03-25 13:34:04,250 - Trading Bot - INFO - Processing AAPL
2025-03-25 13:34:04,250 - Trading Bot - INFO - HOLD signal for AAPL (score: 0.7929)
2025-03-25 13:34:04,250 - Trading Bot - INFO - Processing MSFT
2025-03-25 13:34:04,250 - Trading Bot - INFO - BUY signal for MSFT (score: 0.8577)
2025-03-25 13:34:04,250 - Trading Bot - INFO - BUY order for 1 shares of MSFT at $369.82
2025-03-25 13:34:04,254 - Trading Bot - INFO - Trade history saved
2025-03-25 13:34:04,255 - Trading Bot - INFO - Processing GOOGL
2025-03-25 13:34:04,255 - Trading Bot - INFO - HOLD signal for GOOGL (score: 0.6677)
2025-03-25 13:34:04,271 - Trading Bot - INFO - Performance metrics saved: 37/66 winning trades
2025-03-25 13:34:04,272 - Trading Bot - INFO - Sleeping for 60 seconds
2025-03-25 13:35:03,973 - Trading System - INFO - Trading Bot is alive: True
2025-03-25 13:35:03,974 - Trading System - INFO - Monitor Bot is alive: True
2025-03-25 13:35:03,974 - Trading System - INFO - Improvement Bot is alive: True
2025-03-25 13:35:04,281 - Trading Bot - INFO - Starting trading cycle
2025-03-25 13:35:04,281 - Trading Bot - INFO - Processing AAPL
2025-03-25 13:35:04,281 - Trading Bot - INFO - HOLD signal for AAPL (score: 0.6683)
2025-03-25 13:35:04,281 - Trading Bot - INFO - Processing MSFT
2025-03-25 13:35:04,281 - Trading Bot - INFO - HOLD signal for MSFT (score: 0.4293)
2025-03-25 13:35:04,282 - Trading Bot - INFO - Processing GOOGL
2025-03-25 13:35:04,282 - Trading Bot - INFO - SELL signal for GOOGL (score: 0.1891)
2025-03-25 13:35:04,282 - Trading Bot - INFO - SELL order for 1 shares of GOOGL at $144.59
2025-03-25 13:35:04,285 - Trading Bot - INFO - Trade history saved
2025-03-25 13:35:04,285 - Trading Bot - INFO - SELL completed: P&L $1.16 (0.81%)
2025-03-25 13:35:04,289 - Trading Bot - INFO - Performance metrics saved: 38/67 winning trades
2025-03-25 13:35:04,289 - Trading Bot - INFO - Sleeping for 60 seconds
2025-03-25 13:36:03,979 - Trading System - INFO - Trading Bot is alive: True
2025-03-25 13:36:03,980 - Trading System - INFO - Monitor Bot is alive: True
2025-03-25 13:36:03,981 - Trading System - INFO - Improvement Bot is alive: True
2025-03-25 13:36:04,294 - Trading Bot - INFO - Starting trading cycle
2025-03-25 13:36:04,294 - Trading Bot - INFO - Processing AAPL
2025-03-25 13:36:04,295 - Trading Bot - INFO - HOLD signal for AAPL (score: 0.7532)
2025-03-25 13:36:04,295 - Trading Bot - INFO - Processing MSFT
2025-03-25 13:36:04,295 - Trading Bot - INFO - HOLD signal for MSFT (score: 0.6026)
2025-03-25 13:36:04,295 - Trading Bot - INFO - Processing GOOGL
2025-03-25 13:36:04,295 - Trading Bot - INFO - BUY signal for GOOGL (score: 0.8402)
2025-03-25 13:36:04,295 - Trading Bot - INFO - BUY order for 1 shares of GOOGL at $146.31
2025-03-25 13:36:04,299 - Trading Bot - INFO - Trade history saved
2025-03-25 13:36:04,303 - Trading Bot - INFO - Performance metrics saved: 38/67 winning trades
2025-03-25 13:36:04,303 - Trading Bot - INFO - Sleeping for 60 seconds
2025-03-25 13:37:03,983 - Trading System - INFO - Trading Bot is alive: True
2025-03-25 13:37:03,983 - Trading System - INFO - Monitor Bot is alive: True
2025-03-25 13:37:03,983 - Trading System - INFO - Improvement Bot is alive: True
2025-03-25 13:37:04,308 - Trading Bot - INFO - Starting trading cycle
2025-03-25 13:37:04,308 - Trading Bot - INFO - Processing AAPL
2025-03-25 13:37:04,308 - Trading Bot - INFO - HOLD signal for AAPL (score: 0.3605)
2025-03-25 13:37:04,308 - Trading Bot - INFO - Processing MSFT
2025-03-25 13:37:04,308 - Trading Bot - INFO - HOLD signal for MSFT (score: 0.3801)
2025-03-25 13:37:04,308 - Trading Bot - INFO - Processing GOOGL
2025-03-25 13:37:04,309 - Trading Bot - INFO - HOLD signal for GOOGL (score: 0.4106)
2025-03-25 13:37:04,313 - Trading Bot - INFO - Performance metrics saved: 38/67 winning trades
2025-03-25 13:37:04,313 - Trading Bot - INFO - Sleeping for 60 seconds
2025-03-25 13:38:03,987 - Trading System - INFO - Trading Bot is alive: True
2025-03-25 13:38:03,987 - Trading System - INFO - Monitor Bot is alive: True
2025-03-25 13:38:03,987 - Trading System - INFO - Improvement Bot is alive: True
2025-03-25 13:38:04,317 - Trading Bot - INFO - Starting trading cycle
2025-03-25 13:38:04,317 - Trading Bot - INFO - Processing AAPL
2025-03-25 13:38:04,317 - Trading Bot - INFO - SELL signal for AAPL (score: 0.1653)
2025-03-25 13:38:04,317 - Trading Bot - WARNING - Cannot sell AAPL - no position
2025-03-25 13:38:04,318 - Trading Bot - INFO - Processing MSFT
2025-03-25 13:38:04,318 - Trading Bot - INFO - HOLD signal for MSFT (score: 0.4390)
2025-03-25 13:38:04,318 - Trading Bot - INFO - Processing GOOGL
2025-03-25 13:38:04,318 - Trading Bot - INFO - HOLD signal for GOOGL (score: 0.9944)
2025-03-25 13:38:04,322 - Trading Bot - INFO - Performance metrics saved: 38/67 winning trades
2025-03-25 13:38:04,323 - Trading Bot - INFO - Sleeping for 60 seconds
2025-03-25 13:39:03,991 - Trading System - INFO - Trading Bot is alive: True
2025-03-25 13:39:03,991 - Trading System - INFO - Monitor Bot is alive: True
2025-03-25 13:39:03,991 - Trading System - INFO - Improvement Bot is alive: True
2025-03-25 13:39:04,327 - Trading Bot - INFO - Starting trading cycle
2025-03-25 13:39:04,327 - Trading Bot - INFO - Processing AAPL
2025-03-25 13:39:04,327 - Trading Bot - INFO - HOLD signal for AAPL (score: 0.9633)
2025-03-25 13:39:04,327 - Trading Bot - INFO - Processing MSFT
2025-03-25 13:39:04,328 - Trading Bot - INFO - SELL signal for MSFT (score: 0.1805)
2025-03-25 13:39:04,328 - Trading Bot - INFO - SELL order for 1 shares of MSFT at $367.08
2025-03-25 13:39:04,332 - Trading Bot - INFO - Trade history saved
2025-03-25 13:39:04,333 - Trading Bot - INFO - SELL completed: P&L $-2.18 (-0.58%)
2025-03-25 13:39:04,333 - Trading Bot - INFO - Processing GOOGL
2025-03-25 13:39:04,333 - Trading Bot - INFO - HOLD signal for GOOGL (score: 0.5090)
2025-03-25 13:39:04,337 - Trading Bot - INFO - Performance metrics saved: 38/68 winning trades
2025-03-25 13:39:04,337 - Trading Bot - INFO - Sleeping for 60 seconds
2025-03-25 13:40:03,995 - Trading System - INFO - Trading Bot is alive: True
2025-03-25 13:40:03,997 - Trading System - INFO - Monitor Bot is alive: True
2025-03-25 13:40:03,997 - Trading System - INFO - Improvement Bot is alive: True
2025-03-25 13:40:04,339 - Trading Bot - INFO - Starting trading cycle
2025-03-25 13:40:04,339 - Trading Bot - INFO - Processing AAPL
2025-03-25 13:40:04,340 - Trading Bot - INFO - HOLD signal for AAPL (score: 0.7950)
2025-03-25 13:40:04,340 - Trading Bot - INFO - Processing MSFT
2025-03-25 13:40:04,340 - Trading Bot - INFO - BUY signal for MSFT (score: 0.7686)
2025-03-25 13:40:04,340 - Trading Bot - INFO - BUY order for 1 shares of MSFT at $368.14
2025-03-25 13:40:04,343 - Trading Bot - INFO - Trade history saved
2025-03-25 13:40:04,344 - Trading Bot - INFO - Processing GOOGL
2025-03-25 13:40:04,344 - Trading Bot - INFO - HOLD signal for GOOGL (score: 0.3053)
2025-03-25 13:40:04,348 - Trading Bot - INFO - Performance metrics saved: 38/68 winning trades
2025-03-25 13:40:04,348 - Trading Bot - INFO - Sleeping for 60 seconds
2025-03-25 13:41:03,999 - Trading System - INFO - Trading Bot is alive: True
2025-03-25 13:41:04,000 - Trading System - INFO - Monitor Bot is alive: True
2025-03-25 13:41:04,000 - Trading System - INFO - Improvement Bot is alive: True
2025-03-25 13:41:04,352 - Trading Bot - INFO - Starting trading cycle
2025-03-25 13:41:04,353 - Trading Bot - INFO - Processing AAPL
2025-03-25 13:41:04,353 - Trading Bot - INFO - HOLD signal for AAPL (score: 0.3451)
2025-03-25 13:41:04,353 - Trading Bot - INFO - Processing MSFT
2025-03-25 13:41:04,353 - Trading Bot - INFO - HOLD signal for MSFT (score: 0.6726)
2025-03-25 13:41:04,353 - Trading Bot - INFO - Processing GOOGL
2025-03-25 13:41:04,353 - Trading Bot - INFO - HOLD signal for GOOGL (score: 0.7224)
2025-03-25 13:41:04,359 - Trading Bot - INFO - Performance metrics saved: 38/68 winning trades
2025-03-25 13:41:04,359 - Trading Bot - INFO - Sleeping for 60 seconds
2025-03-25 13:42:04,004 - Trading System - INFO - Trading Bot is alive: True
2025-03-25 13:42:04,004 - Trading System - INFO - Monitor Bot is alive: True
2025-03-25 13:42:04,005 - Trading System - INFO - Improvement Bot is alive: True
2025-03-25 13:42:04,359 - Trading Bot - INFO - Starting trading cycle
2025-03-25 13:42:04,360 - Trading Bot - INFO - Processing AAPL
2025-03-25 13:42:04,360 - Trading Bot - INFO - HOLD signal for AAPL (score: 0.8546)
2025-03-25 13:42:04,360 - Trading Bot - INFO - Processing MSFT
2025-03-25 13:42:04,360 - Trading Bot - INFO - SELL signal for MSFT (score: 0.2136)
2025-03-25 13:42:04,360 - Trading Bot - INFO - SELL order for 1 shares of MSFT at $371.24
2025-03-25 13:42:04,365 - Trading Bot - INFO - Trade history saved
2025-03-25 13:42:04,365 - Trading Bot - INFO - SELL completed: P&L $0.55 (0.15%)
2025-03-25 13:42:04,365 - Trading Bot - INFO - Processing GOOGL
2025-03-25 13:42:04,365 - Trading Bot - INFO - HOLD signal for GOOGL (score: 0.9125)
2025-03-25 13:42:04,368 - Trading Bot - INFO - Performance metrics saved: 39/69 winning trades
2025-03-25 13:42:04,368 - Trading Bot - INFO - Sleeping for 60 seconds
2025-03-25 13:43:04,006 - Trading System - INFO - Trading Bot is alive: True
2025-03-25 13:43:04,006 - Trading System - INFO - Monitor Bot is alive: True
2025-03-25 13:43:04,006 - Trading System - INFO - Improvement Bot is alive: True
2025-03-25 13:43:04,372 - Trading Bot - INFO - Starting trading cycle
2025-03-25 13:43:04,372 - Trading Bot - INFO - Processing AAPL
2025-03-25 13:43:04,373 - Trading Bot - INFO - SELL signal for AAPL (score: 0.2299)
2025-03-25 13:43:04,373 - Trading Bot - WARNING - Cannot sell AAPL - no position
2025-03-25 13:43:04,373 - Trading Bot - INFO - Processing MSFT
2025-03-25 13:43:04,373 - Trading Bot - INFO - BUY signal for MSFT (score: 0.7937)
2025-03-25 13:43:04,373 - Trading Bot - INFO - BUY order for 1 shares of MSFT at $370.06
2025-03-25 13:43:04,377 - Trading Bot - INFO - Trade history saved
2025-03-25 13:43:04,377 - Trading Bot - INFO - Processing GOOGL
2025-03-25 13:43:04,377 - Trading Bot - INFO - HOLD signal for GOOGL (score: 0.5733)
2025-03-25 13:43:04,380 - Trading Bot - INFO - Performance metrics saved: 39/69 winning trades
2025-03-25 13:43:04,380 - Trading Bot - INFO - Sleeping for 60 seconds
2025-03-25 13:44:04,008 - Trading System - INFO - Trading Bot is alive: True
2025-03-25 13:44:04,009 - Trading System - INFO - Monitor Bot is alive: True
2025-03-25 13:44:04,010 - Trading System - INFO - Improvement Bot is alive: True
2025-03-25 13:44:04,390 - Trading Bot - INFO - Starting trading cycle
2025-03-25 13:44:04,390 - Trading Bot - INFO - Processing AAPL
2025-03-25 13:44:04,390 - Trading Bot - INFO - HOLD signal for AAPL (score: 0.5911)
2025-03-25 13:44:04,390 - Trading Bot - INFO - Processing MSFT
2025-03-25 13:44:04,390 - Trading Bot - INFO - SELL signal for MSFT (score: 0.0282)
2025-03-25 13:44:04,391 - Trading Bot - INFO - SELL order for 1 shares of MSFT at $367.78
2025-03-25 13:44:04,394 - Trading Bot - INFO - Trade history saved
2025-03-25 13:44:04,394 - Trading Bot - INFO - SELL completed: P&L $-4.12 (-1.10%)
2025-03-25 13:44:04,395 - Trading Bot - INFO - Processing GOOGL
2025-03-25 13:44:04,395 - Trading Bot - INFO - HOLD signal for GOOGL (score: 0.3326)
2025-03-25 13:44:04,399 - Trading Bot - INFO - Performance metrics saved: 39/70 winning trades
2025-03-25 13:44:04,399 - Trading Bot - INFO - Sleeping for 60 seconds
2025-03-25 13:45:04,017 - Trading System - INFO - Trading Bot is alive: True
2025-03-25 13:45:04,018 - Trading System - INFO - Monitor Bot is alive: True
2025-03-25 13:45:04,018 - Trading System - INFO - Improvement Bot is alive: True
2025-03-25 13:45:04,399 - Trading Bot - INFO - Starting trading cycle
2025-03-25 13:45:04,399 - Trading Bot - INFO - Processing AAPL
2025-03-25 13:45:04,399 - Trading Bot - INFO - SELL signal for AAPL (score: 0.2313)
2025-03-25 13:45:04,400 - Trading Bot - WARNING - Cannot sell AAPL - no position
2025-03-25 13:45:04,400 - Trading Bot - INFO - Processing MSFT
2025-03-25 13:45:04,400 - Trading Bot - INFO - BUY signal for MSFT (score: 0.9453)
2025-03-25 13:45:04,400 - Trading Bot - INFO - BUY order for 1 shares of MSFT at $367.73
2025-03-25 13:45:04,404 - Trading Bot - INFO - Trade history saved
2025-03-25 13:45:04,404 - Trading Bot - INFO - Processing GOOGL
2025-03-25 13:45:04,404 - Trading Bot - INFO - HOLD signal for GOOGL (score: 0.6591)
2025-03-25 13:45:04,408 - Trading Bot - INFO - Performance metrics saved: 39/70 winning trades
2025-03-25 13:45:04,408 - Trading Bot - INFO - Sleeping for 60 seconds
2025-03-25 13:46:04,018 - Trading System - INFO - Trading Bot is alive: True
2025-03-25 13:46:04,019 - Trading System - INFO - Monitor Bot is alive: True
2025-03-25 13:46:04,019 - Trading System - INFO - Improvement Bot is alive: True
2025-03-25 13:46:04,413 - Trading Bot - INFO - Starting trading cycle
2025-03-25 13:46:04,414 - Trading Bot - INFO - Processing AAPL
2025-03-25 13:46:04,414 - Trading Bot - INFO - HOLD signal for AAPL (score: 0.5015)
2025-03-25 13:46:04,414 - Trading Bot - INFO - Processing MSFT
2025-03-25 13:46:04,414 - Trading Bot - INFO - HOLD signal for MSFT (score: 0.9014)
2025-03-25 13:46:04,414 - Trading Bot - INFO - Processing GOOGL
2025-03-25 13:46:04,414 - Trading Bot - INFO - HOLD signal for GOOGL (score: 0.5599)
2025-03-25 13:46:04,420 - Trading Bot - INFO - Performance metrics saved: 39/70 winning trades
2025-03-25 13:46:04,421 - Trading Bot - INFO - Sleeping for 60 seconds
2025-03-25 13:47:04,028 - Trading System - INFO - Trading Bot is alive: True
2025-03-25 13:47:04,028 - Trading System - INFO - Monitor Bot is alive: True
2025-03-25 13:47:04,028 - Trading System - INFO - Improvement Bot is alive: True
2025-03-25 13:47:04,428 - Trading Bot - INFO - Starting trading cycle
2025-03-25 13:47:04,428 - Trading Bot - INFO - Processing AAPL
2025-03-25 13:47:04,428 - Trading Bot - INFO - HOLD signal for AAPL (score: 0.7378)
2025-03-25 13:47:04,429 - Trading Bot - INFO - Processing MSFT
2025-03-25 13:47:04,429 - Trading Bot - INFO - SELL signal for MSFT (score: 0.1889)
2025-03-25 13:47:04,429 - Trading Bot - INFO - SELL order for 1 shares of MSFT at $367.51
2025-03-25 13:47:04,432 - Trading Bot - INFO - Trade history saved
2025-03-25 13:47:04,433 - Trading Bot - INFO - SELL completed: P&L $-3.56 (-0.97%)
2025-03-25 13:47:04,433 - Trading Bot - INFO - Processing GOOGL
2025-03-25 13:47:04,433 - Trading Bot - INFO - SELL signal for GOOGL (score: 0.0787)
2025-03-25 13:47:04,433 - Trading Bot - INFO - SELL order for 1 shares of GOOGL at $147.36
2025-03-25 13:47:04,435 - Trading Bot - INFO - Trade history saved
2025-03-25 13:47:04,436 - Trading Bot - INFO - SELL completed: P&L $2.52 (1.74%)
2025-03-25 13:47:04,439 - Trading Bot - INFO - Performance metrics saved: 40/72 winning trades
2025-03-25 13:47:04,439 - Trading Bot - INFO - Sleeping for 60 seconds
2025-03-25 13:48:04,047 - Trading System - INFO - Trading Bot is alive: True
2025-03-25 13:48:04,047 - Trading System - INFO - Monitor Bot is alive: True
2025-03-25 13:48:04,047 - Trading System - INFO - Improvement Bot is alive: True
2025-03-25 13:48:04,457 - Trading Bot - INFO - Starting trading cycle
2025-03-25 13:48:04,457 - Trading Bot - INFO - Processing AAPL
2025-03-25 13:48:04,458 - Trading Bot - INFO - HOLD signal for AAPL (score: 0.9074)
2025-03-25 13:48:04,458 - Trading Bot - INFO - Processing MSFT
2025-03-25 13:48:04,458 - Trading Bot - INFO - HOLD signal for MSFT (score: 0.1874)
2025-03-25 13:48:04,458 - Trading Bot - INFO - Processing GOOGL
2025-03-25 13:48:04,458 - Trading Bot - INFO - HOLD signal for GOOGL (score: 0.3679)
2025-03-25 13:48:04,465 - Trading Bot - INFO - Performance metrics saved: 40/72 winning trades
2025-03-25 13:48:04,465 - Trading Bot - INFO - Sleeping for 60 seconds
2025-03-25 14:11:08,233 - Improvement Bot - INFO - Running scheduled task: System Health Analysis
2025-03-25 14:11:08,237 - Improvement Bot - INFO - Win rate trend: -0.87%
2025-03-25 14:11:08,237 - Improvement Bot - INFO - Profit trend: -20.93%
2025-03-25 14:11:08,238 - Improvement Bot - INFO - System health analysis completed: healthy
2025-03-25 14:11:08,238 - Improvement Bot - INFO - Task System Health Analysis completed successfully
2025-03-25 14:11:08,672 - Trading System - INFO - Trading Bot is alive: True
2025-03-25 14:11:08,672 - Trading System - INFO - Monitor Bot is alive: True
2025-03-25 14:11:08,672 - Trading System - INFO - Improvement Bot is alive: True
2025-03-25 14:11:09,089 - Trading Bot - INFO - Starting trading cycle
2025-03-25 14:11:09,089 - Trading Bot - INFO - Processing AAPL
2025-03-25 14:11:09,090 - Trading Bot - INFO - SELL signal for AAPL (score: 0.0945)
2025-03-25 14:11:09,090 - Trading Bot - WARNING - Cannot sell AAPL - no position
2025-03-25 14:11:09,090 - Trading Bot - INFO - Processing MSFT
2025-03-25 14:11:09,090 - Trading Bot - INFO - HOLD signal for MSFT (score: 0.0388)
2025-03-25 14:11:09,090 - Trading Bot - INFO - Processing GOOGL
2025-03-25 14:11:09,090 - Trading Bot - INFO - HOLD signal for GOOGL (score: 0.6542)
2025-03-25 14:11:09,095 - Trading Bot - INFO - Performance metrics saved: 40/72 winning trades
2025-03-25 14:11:09,096 - Trading Bot - INFO - Sleeping for 60 seconds
2025-03-25 14:28:31,980 - Trading System - INFO - Trading Bot is alive: True
2025-03-25 14:28:31,982 - Trading System - INFO - Monitor Bot is alive: True
2025-03-25 14:28:31,982 - Trading System - INFO - Improvement Bot is alive: True
2025-03-25 14:28:32,362 - Monitor Bot - INFO - Running scheduled task: Performance Metrics
2025-03-25 14:28:32,363 - Monitor Bot - INFO - === Performance Metrics ===
2025-03-25 14:28:32,364 - Monitor Bot - INFO - Date: 2025-03-25T14:11:09.090898
2025-03-25 14:28:32,364 - Monitor Bot - INFO - Total Trades: 72
2025-03-25 14:28:32,364 - Monitor Bot - INFO - Win Rate: 55.56%
2025-03-25 14:28:32,364 - Monitor Bot - INFO - Total Profit: $18.27
2025-03-25 14:28:32,364 - Monitor Bot - INFO - Average Profit per Trade: $0.25
2025-03-25 14:28:32,364 - Monitor Bot - ERROR - Error extracting performance metrics: 'avg_profit_pct'
2025-03-25 14:28:32,364 - Monitor Bot - WARNING - Task Performance Metrics completed with warnings
2025-03-25 14:28:32,403 - Trading Bot - INFO - Starting trading cycle
2025-03-25 14:28:32,403 - Trading Bot - INFO - Processing AAPL
2025-03-25 14:28:32,403 - Trading Bot - INFO - HOLD signal for AAPL (score: 0.8647)
2025-03-25 14:28:32,404 - Trading Bot - INFO - Processing MSFT
2025-03-25 14:28:32,404 - Trading Bot - INFO - HOLD signal for MSFT (score: 0.3828)
2025-03-25 14:28:32,404 - Trading Bot - INFO - Processing GOOGL
2025-03-25 14:28:32,404 - Trading Bot - INFO - BUY signal for GOOGL (score: 0.7537)
2025-03-25 14:28:32,404 - Trading Bot - INFO - BUY order for 1 shares of GOOGL at $147.75
2025-03-25 14:28:32,409 - Trading Bot - INFO - Trade history saved
2025-03-25 14:28:32,413 - Trading Bot - INFO - Performance metrics saved: 40/72 winning trades
2025-03-25 14:28:32,413 - Trading Bot - INFO - Sleeping for 60 seconds
2025-03-25 14:46:07,902 - Trading System - INFO - Trading Bot is alive: True
2025-03-25 14:46:07,903 - Trading System - INFO - Monitor Bot is alive: True
2025-03-25 14:46:07,903 - Trading System - INFO - Improvement Bot is alive: True
2025-03-25 14:46:08,333 - Trading Bot - INFO - Starting trading cycle
2025-03-25 14:46:08,333 - Trading Bot - INFO - Processing AAPL
2025-03-25 14:46:08,333 - Trading Bot - INFO - HOLD signal for AAPL (score: 0.6934)
2025-03-25 14:46:08,333 - Trading Bot - INFO - Processing MSFT
2025-03-25 14:46:08,333 - Trading Bot - INFO - HOLD signal for MSFT (score: 0.3710)
2025-03-25 14:46:08,334 - Trading Bot - INFO - Processing GOOGL
2025-03-25 14:46:08,334 - Trading Bot - INFO - HOLD signal for GOOGL (score: 0.6917)
2025-03-25 14:46:08,339 - Trading Bot - INFO - Performance metrics saved: 40/72 winning trades
2025-03-25 14:46:08,339 - Trading Bot - INFO - Sleeping for 60 seconds
2025-03-25 15:02:33,263 - Trading System - INFO - Trading Bot is alive: True
2025-03-25 15:02:33,264 - Trading System - INFO - Monitor Bot is alive: True
2025-03-25 15:02:33,264 - Trading System - INFO - Improvement Bot is alive: True
2025-03-25 15:02:33,699 - Trading Bot - INFO - Starting trading cycle
2025-03-25 15:02:33,699 - Trading Bot - INFO - Processing AAPL
2025-03-25 15:02:33,699 - Trading Bot - INFO - SELL signal for AAPL (score: 0.2650)
2025-03-25 15:02:33,699 - Trading Bot - WARNING - Cannot sell AAPL - no position
2025-03-25 15:02:33,700 - Trading Bot - INFO - Processing MSFT
2025-03-25 15:02:33,700 - Trading Bot - INFO - HOLD signal for MSFT (score: 0.6400)
2025-03-25 15:02:33,700 - Trading Bot - INFO - Processing GOOGL
2025-03-25 15:02:33,700 - Trading Bot - INFO - HOLD signal for GOOGL (score: 0.9369)
2025-03-25 15:02:33,705 - Trading Bot - INFO - Performance metrics saved: 40/72 winning trades
2025-03-25 15:02:33,705 - Trading Bot - INFO - Sleeping for 60 seconds
2025-03-25 15:19:16,151 - Trading System - INFO - Trading Bot is alive: True
2025-03-25 15:19:16,152 - Trading System - INFO - Monitor Bot is alive: True
2025-03-25 15:19:16,152 - Trading System - INFO - Improvement Bot is alive: True
2025-03-25 15:19:16,592 - Trading Bot - INFO - Starting trading cycle
2025-03-25 15:19:16,592 - Trading Bot - INFO - Processing AAPL
2025-03-25 15:19:16,592 - Trading Bot - INFO - HOLD signal for AAPL (score: 0.5688)
2025-03-25 15:19:16,592 - Trading Bot - INFO - Processing MSFT
2025-03-25 15:19:16,592 - Trading Bot - INFO - HOLD signal for MSFT (score: 0.6481)
2025-03-25 15:19:16,593 - Trading Bot - INFO - Processing GOOGL
2025-03-25 15:19:16,593 - Trading Bot - INFO - HOLD signal for GOOGL (score: 0.8256)
2025-03-25 15:19:16,598 - Trading Bot - INFO - Performance metrics saved: 40/72 winning trades
2025-03-25 15:19:16,598 - Trading Bot - INFO - Sleeping for 60 seconds
2025-03-25 15:36:59,004 - Trading System - INFO - Trading Bot is alive: True
2025-03-25 15:36:59,006 - Trading System - INFO - Monitor Bot is alive: True
2025-03-25 15:36:59,006 - Trading System - INFO - Improvement Bot is alive: True
2025-03-25 15:36:59,387 - Monitor Bot - INFO - Running scheduled task: Performance Metrics
2025-03-25 15:36:59,388 - Monitor Bot - INFO - === Performance Metrics ===
2025-03-25 15:36:59,389 - Monitor Bot - INFO - Date: 2025-03-25T15:19:16.593365
2025-03-25 15:36:59,389 - Monitor Bot - INFO - Total Trades: 72
2025-03-25 15:36:59,389 - Monitor Bot - INFO - Win Rate: 55.56%
2025-03-25 15:36:59,389 - Monitor Bot - INFO - Total Profit: $18.27
2025-03-25 15:36:59,389 - Monitor Bot - INFO - Average Profit per Trade: $0.25
2025-03-25 15:36:59,389 - Monitor Bot - ERROR - Error extracting performance metrics: 'avg_profit_pct'
2025-03-25 15:36:59,389 - Monitor Bot - WARNING - Task Performance Metrics completed with warnings
2025-03-25 15:36:59,450 - Trading Bot - INFO - Starting trading cycle
2025-03-25 15:36:59,450 - Trading Bot - INFO - Processing AAPL
2025-03-25 15:36:59,450 - Trading Bot - INFO - HOLD signal for AAPL (score: 0.5171)
2025-03-25 15:36:59,450 - Trading Bot - INFO - Processing MSFT
2025-03-25 15:36:59,451 - Trading Bot - INFO - BUY signal for MSFT (score: 0.7886)
2025-03-25 15:36:59,451 - Trading Bot - INFO - BUY order for 1 shares of MSFT at $365.33
2025-03-25 15:36:59,455 - Trading Bot - INFO - Trade history saved
2025-03-25 15:36:59,456 - Trading Bot - INFO - Processing GOOGL
2025-03-25 15:36:59,456 - Trading Bot - INFO - HOLD signal for GOOGL (score: 0.7113)
2025-03-25 15:36:59,460 - Trading Bot - INFO - Performance metrics saved: 40/72 winning trades
2025-03-25 15:36:59,460 - Trading Bot - INFO - Sleeping for 60 seconds
2025-03-25 16:01:20,092 - Trading System - INFO - Trading Bot is alive: True
2025-03-25 16:01:20,094 - Trading System - INFO - Monitor Bot is alive: True
2025-03-25 16:01:20,094 - Trading System - INFO - Improvement Bot is alive: True
2025-03-25 16:01:20,547 - Trading Bot - INFO - Starting trading cycle
2025-03-25 16:01:20,547 - Trading Bot - INFO - Market is closed, waiting...
2025-03-25 16:01:20,547 - Trading Bot - INFO - Sleeping for 60 seconds
2025-03-25 16:17:32,977 - Trading System - INFO - Trading Bot is alive: True
2025-03-25 16:17:32,978 - Trading System - INFO - Monitor Bot is alive: True
2025-03-25 16:17:32,978 - Trading System - INFO - Improvement Bot is alive: True
2025-03-25 16:17:33,429 - Trading Bot - INFO - Starting trading cycle
2025-03-25 16:17:33,430 - Trading Bot - INFO - Market is closed, waiting...
2025-03-25 16:17:33,430 - Trading Bot - INFO - Sleeping for 60 seconds
2025-03-25 16:34:27,872 - Trading System - INFO - Trading Bot is alive: True
2025-03-25 16:34:27,874 - Trading System - INFO - Monitor Bot is alive: True
2025-03-25 16:34:27,874 - Trading System - INFO - Improvement Bot is alive: True
2025-03-25 16:34:28,325 - Trading Bot - INFO - Starting trading cycle
2025-03-25 16:34:28,325 - Trading Bot - INFO - Market is closed, waiting...
2025-03-25 16:34:28,325 - Trading Bot - INFO - Sleeping for 60 seconds
2025-03-25 16:39:56,237 - Trading System - INFO - Trading Bot is alive: True
2025-03-25 16:39:56,237 - Trading System - INFO - Monitor Bot is alive: True
2025-03-25 16:39:56,238 - Trading System - INFO - Improvement Bot is alive: True
2025-03-25 16:39:56,621 - Monitor Bot - INFO - Running scheduled task: Performance Metrics
2025-03-25 16:39:56,622 - Monitor Bot - INFO - === Performance Metrics ===
2025-03-25 16:39:56,622 - Monitor Bot - INFO - Date: 2025-03-25T15:36:59.456525
2025-03-25 16:39:56,623 - Monitor Bot - INFO - Total Trades: 72
2025-03-25 16:39:56,623 - Monitor Bot - INFO - Win Rate: 55.56%
2025-03-25 16:39:56,623 - Monitor Bot - INFO - Total Profit: $18.27
2025-03-25 16:39:56,623 - Monitor Bot - INFO - Average Profit per Trade: $0.25
2025-03-25 16:39:56,623 - Monitor Bot - ERROR - Error extracting performance metrics: 'avg_profit_pct'
2025-03-25 16:39:56,623 - Monitor Bot - WARNING - Task Performance Metrics completed with warnings
2025-03-25 16:39:56,688 - Trading Bot - INFO - Starting trading cycle
2025-03-25 16:39:56,688 - Trading Bot - INFO - Market is closed, waiting...
2025-03-25 16:39:56,688 - Trading Bot - INFO - Sleeping for 60 seconds
2025-03-25 16:45:27,427 - Trading System - INFO - Trading Bot is alive: True
2025-03-25 16:45:27,429 - Trading System - INFO - Monitor Bot is alive: True
2025-03-25 16:45:27,429 - Trading System - INFO - Improvement Bot is alive: True
2025-03-25 16:45:27,878 - Trading Bot - INFO - Starting trading cycle
2025-03-25 16:45:27,878 - Trading Bot - INFO - Market is closed, waiting...
2025-03-25 16:45:27,879 - Trading Bot - INFO - Sleeping for 60 seconds
2025-03-25 17:19:08,195 - Trading System - INFO - Trading Bot is alive: True
2025-03-25 17:19:08,196 - Trading System - INFO - Monitor Bot is alive: True
2025-03-25 17:19:08,196 - Trading System - INFO - Improvement Bot is alive: True
2025-03-25 17:19:08,646 - Trading Bot - INFO - Starting trading cycle
2025-03-25 17:19:08,646 - Trading Bot - INFO - Market is closed, waiting...
2025-03-25 17:19:08,646 - Trading Bot - INFO - Sleeping for 60 seconds
2025-03-25 17:36:15,145 - Trading System - INFO - Trading Bot is alive: True
2025-03-25 17:36:15,147 - Trading System - INFO - Monitor Bot is alive: True
2025-03-25 17:36:15,147 - Trading System - INFO - Improvement Bot is alive: True
2025-03-25 17:36:15,594 - Trading Bot - INFO - Starting trading cycle
2025-03-25 17:36:15,595 - Trading Bot - INFO - Market is closed, waiting...
2025-03-25 17:36:15,595 - Trading Bot - INFO - Sleeping for 60 seconds
2025-03-25 17:46:03,391 - Trading System - INFO - Trading Bot is alive: True
2025-03-25 17:46:03,391 - Trading System - INFO - Monitor Bot is alive: True
2025-03-25 17:46:03,391 - Trading System - INFO - Improvement Bot is alive: True
2025-03-25 17:46:03,776 - Monitor Bot - INFO - Running scheduled task: Performance Metrics
2025-03-25 17:46:03,778 - Monitor Bot - INFO - === Performance Metrics ===
2025-03-25 17:46:03,778 - Monitor Bot - INFO - Date: 2025-03-25T15:36:59.456525
2025-03-25 17:46:03,778 - Monitor Bot - INFO - Total Trades: 72
2025-03-25 17:46:03,778 - Monitor Bot - INFO - Win Rate: 55.56%
2025-03-25 17:46:03,779 - Monitor Bot - INFO - Total Profit: $18.27
2025-03-25 17:46:03,779 - Monitor Bot - INFO - Average Profit per Trade: $0.25
2025-03-25 17:46:03,779 - Monitor Bot - ERROR - Error extracting performance metrics: 'avg_profit_pct'
2025-03-25 17:46:03,779 - Monitor Bot - WARNING - Task Performance Metrics completed with warnings
2025-03-25 17:46:03,839 - Trading Bot - INFO - Starting trading cycle
2025-03-25 17:46:03,839 - Trading Bot - INFO - Market is closed, waiting...
2025-03-25 17:46:03,839 - Trading Bot - INFO - Sleeping for 60 seconds
2025-03-25 17:58:06,302 - Trading System - INFO - Trading Bot is alive: True
2025-03-25 17:58:06,302 - Trading System - INFO - Monitor Bot is alive: True
2025-03-25 17:58:06,302 - Trading System - INFO - Improvement Bot is alive: True
2025-03-25 17:58:06,750 - Trading Bot - INFO - Starting trading cycle
2025-03-25 17:58:06,750 - Trading Bot - INFO - Market is closed, waiting...
2025-03-25 17:58:06,750 - Trading Bot - INFO - Sleeping for 60 seconds
2025-03-25 18:15:44,610 - Trading System - INFO - Trading Bot is alive: True
2025-03-25 18:15:44,611 - Trading System - INFO - Monitor Bot is alive: True
2025-03-25 18:15:44,611 - Trading System - INFO - Improvement Bot is alive: True
2025-03-25 18:15:45,057 - Trading Bot - INFO - Starting trading cycle
2025-03-25 18:15:45,057 - Trading Bot - INFO - Market is closed, waiting...
2025-03-25 18:15:45,058 - Trading Bot - INFO - Sleeping for 60 seconds
2025-03-25 18:43:24,693 - Trading System - INFO - Trading Bot is alive: True
2025-03-25 18:43:24,695 - Trading System - INFO - Monitor Bot is alive: True
2025-03-25 18:43:24,695 - Trading System - INFO - Improvement Bot is alive: True
2025-03-25 18:43:25,139 - Trading Bot - INFO - Starting trading cycle
2025-03-25 18:43:25,140 - Trading Bot - INFO - Market is closed, waiting...
2025-03-25 18:43:25,140 - Trading Bot - INFO - Sleeping for 60 seconds
2025-03-25 18:44:24,695 - Trading System - INFO - Trading Bot is alive: True
2025-03-25 18:44:24,696 - Trading System - INFO - Monitor Bot is alive: True
2025-03-25 18:44:24,696 - Trading System - INFO - Improvement Bot is alive: True
2025-03-25 18:44:25,139 - Trading Bot - INFO - Starting trading cycle
2025-03-25 18:44:25,139 - Trading Bot - INFO - Market is closed, waiting...
2025-03-25 18:44:25,139 - Trading Bot - INFO - Sleeping for 60 seconds
2025-03-25 18:44:41,820 - Trading System - INFO - Main process interrupted, shutting down...
2025-03-25 18:44:41,820 - Trading System - INFO - Trading system shutdown complete
2025-03-25 18:45:24,699 - Trading System - INFO - Trading Bot is alive: True
2025-03-25 18:45:24,700 - Trading System - INFO - Monitor Bot is alive: True
2025-03-25 18:45:24,700 - Trading System - INFO - Improvement Bot is alive: True
2025-03-25 18:45:25,144 - Trading Bot - INFO - Starting trading cycle
2025-03-25 18:45:25,144 - Trading Bot - INFO - Market is closed, waiting...
2025-03-25 18:45:25,144 - Trading Bot - INFO - Sleeping for 60 seconds
2025-03-25 18:46:24,701 - Trading System - INFO - Trading Bot is alive: True
2025-03-25 18:46:24,701 - Trading System - INFO - Monitor Bot is alive: True
2025-03-25 18:46:24,701 - Trading System - INFO - Improvement Bot is alive: True
2025-03-25 18:46:25,093 - Monitor Bot - INFO - Running scheduled task: Performance Metrics
2025-03-25 18:46:25,095 - Monitor Bot - INFO - === Performance Metrics ===
2025-03-25 18:46:25,095 - Monitor Bot - INFO - Date: 2025-03-25T15:36:59.456525
2025-03-25 18:46:25,095 - Monitor Bot - INFO - Total Trades: 72
2025-03-25 18:46:25,095 - Monitor Bot - INFO - Win Rate: 55.56%
2025-03-25 18:46:25,095 - Monitor Bot - INFO - Total Profit: $18.27
2025-03-25 18:46:25,095 - Monitor Bot - INFO - Average Profit per Trade: $0.25
2025-03-25 18:46:25,095 - Monitor Bot - ERROR - Error extracting performance metrics: 'avg_profit_pct'
2025-03-25 18:46:25,095 - Monitor Bot - WARNING - Task Performance Metrics completed with warnings
2025-03-25 18:46:25,147 - Trading Bot - INFO - Starting trading cycle
2025-03-25 18:46:25,147 - Trading Bot - INFO - Market is closed, waiting...
2025-03-25 18:46:25,148 - Trading Bot - INFO - Sleeping for 60 seconds
2025-03-25 18:47:24,705 - Trading System - INFO - Trading Bot is alive: True
2025-03-25 18:47:24,707 - Trading System - INFO - Monitor Bot is alive: True
2025-03-25 18:47:24,707 - Trading System - INFO - Improvement Bot is alive: True
2025-03-25 18:47:25,152 - Trading Bot - INFO - Starting trading cycle
2025-03-25 18:47:25,153 - Trading Bot - INFO - Market is closed, waiting...
2025-03-25 18:47:25,153 - Trading Bot - INFO - Sleeping for 60 seconds
2025-03-25 18:48:24,711 - Trading System - INFO - Trading Bot is alive: True
2025-03-25 18:48:24,712 - Trading System - INFO - Monitor Bot is alive: True
2025-03-25 18:48:24,713 - Trading System - INFO - Improvement Bot is alive: True
2025-03-25 18:48:25,157 - Trading Bot - INFO - Starting trading cycle
2025-03-25 18:48:25,157 - Trading Bot - INFO - Market is closed, waiting...
2025-03-25 18:48:25,158 - Trading Bot - INFO - Sleeping for 60 seconds
2025-03-25 18:49:24,717 - Trading System - INFO - Trading Bot is alive: True
2025-03-25 18:49:24,719 - Trading System - INFO - Monitor Bot is alive: True
2025-03-25 18:49:24,719 - Trading System - INFO - Improvement Bot is alive: True
2025-03-25 18:49:25,161 - Trading Bot - INFO - Starting trading cycle
2025-03-25 18:49:25,162 - Trading Bot - INFO - Market is closed, waiting...
2025-03-25 18:49:25,162 - Trading Bot - INFO - Sleeping for 60 seconds
2025-03-25 18:50:24,723 - Trading System - INFO - Trading Bot is alive: True
2025-03-25 18:50:24,725 - Trading System - INFO - Monitor Bot is alive: True
2025-03-25 18:50:24,725 - Trading System - INFO - Improvement Bot is alive: True
2025-03-25 18:50:25,166 - Trading Bot - INFO - Starting trading cycle
2025-03-25 18:50:25,166 - Trading Bot - INFO - Market is closed, waiting...
2025-03-25 18:50:25,166 - Trading Bot - INFO - Sleeping for 60 seconds
2025-03-25 18:50:41,097 - Trading System - INFO - Configuration loaded successfully
2025-03-25 18:50:41,098 - Trading System - INFO - Environment variables loaded
2025-03-25 18:50:41,105 - Trading System - INFO - Encryption key loaded
2025-03-25 18:50:41,105 - Trading System - INFO - Fixed syntax error in improvement_bot.py
2025-03-25 18:50:43,050 - Trading System - INFO - scikit-learn is available (version 1.6.1)
2025-03-25 18:50:43,051 - Trading Bot - INFO - Mock adapter initialized
2025-03-25 18:50:43,155 - Trading Bot - INFO - Trading bot starting
2025-03-25 18:50:43,155 - Trading System - INFO - Started Trading Bot
2025-03-25 18:50:43,155 - Monitor Bot - INFO - Starting monitoring loop
2025-03-25 18:50:43,155 - Trading System - INFO - Started Monitor Bot
2025-03-25 18:50:43,155 - Improvement Bot - INFO - Starting improvement bot
2025-03-25 18:50:43,155 - Trading System - INFO - Started Improvement Bot
2025-03-25 18:50:43,155 - Trading System - INFO - Trading Bot is alive: True
2025-03-25 18:50:43,155 - Trading System - INFO - All bots started. Press Ctrl+C to exit.
2025-03-25 18:50:43,155 - Trading System - INFO - Monitor Bot is alive: True
2025-03-25 18:50:43,156 - Trading Bot - INFO - Trade history loaded
2025-03-25 18:50:43,156 - Trading System - INFO - Improvement Bot is alive: True
2025-03-25 18:50:43,156 - Improvement Bot - INFO - Configuration loaded successfully
2025-03-25 18:50:43,156 - Trading Bot - INFO - Starting trading cycle
2025-03-25 18:50:43,156 - Trading Bot - INFO - Market is closed, waiting...
2025-03-25 18:50:43,156 - Trading Bot - INFO - Sleeping for 60 seconds
2025-03-25 18:50:43,156 - Improvement Bot - INFO - Running scheduled task: System Backup
2025-03-25 18:50:43,158 - Monitor Bot - INFO - Running scheduled task: Initial Performance Metrics
2025-03-25 18:50:43,158 - Monitor Bot - INFO - === Performance Metrics ===
2025-03-25 18:50:43,158 - Monitor Bot - INFO - Date: 2025-03-25T15:36:59.456525
2025-03-25 18:50:43,158 - Monitor Bot - INFO - Total Trades: 72
2025-03-25 18:50:43,158 - Monitor Bot - INFO - Win Rate: 55.56%
2025-03-25 18:50:43,158 - Monitor Bot - INFO - Total Profit: $18.27
2025-03-25 18:50:43,158 - Monitor Bot - INFO - Average Profit per Trade: $0.25
2025-03-25 18:50:43,158 - Monitor Bot - ERROR - Error extracting performance metrics: 'avg_profit_pct'
2025-03-25 18:50:43,158 - Monitor Bot - WARNING - Task Initial Performance Metrics completed with warnings
2025-03-25 18:50:43,158 - Monitor Bot - INFO - Running scheduled task: Initial API Health Check
2025-03-25 18:50:43,160 - Improvement Bot - INFO - System snapshot created at backups/snapshot_20250325_185043
2025-03-25 18:50:43,160 - Improvement Bot - INFO - Task System Backup completed successfully
2025-03-25 18:50:43,160 - Improvement Bot - INFO - Running scheduled task: Code Quality Check - Trading Bot
2025-03-25 18:50:43,160 - Improvement Bot - INFO - No issues found in trading_bot
2025-03-25 18:50:43,160 - Improvement Bot - WARNING - Task Code Quality Check - Trading Bot completed with warnings
2025-03-25 18:50:43,160 - Improvement Bot - INFO - Running scheduled task: Code Quality Check - Monitor Bot
2025-03-25 18:50:43,160 - Improvement Bot - INFO - Found 2 issues in monitor_bot
2025-03-25 18:50:43,160 - Improvement Bot - INFO - Task Code Quality Check - Monitor Bot completed successfully
2025-03-25 18:50:43,160 - Improvement Bot - INFO - Running scheduled task: Code Quality Check - Improvement Bot
2025-03-25 18:50:43,161 - Improvement Bot - INFO - Found 6 issues in improvement_bot
2025-03-25 18:50:43,161 - Improvement Bot - INFO - Task Code Quality Check - Improvement Bot completed successfully
2025-03-25 18:50:43,161 - Improvement Bot - INFO - Running scheduled task: ML Model Optimization
2025-03-25 18:50:43,161 - Improvement Bot - INFO - No ML models found to optimize
2025-03-25 18:50:43,161 - Improvement Bot - WARNING - Task ML Model Optimization completed with warnings
2025-03-25 18:50:43,161 - Improvement Bot - INFO - Running scheduled task: Quantum Weight Optimization
2025-03-25 18:50:43,161 - Improvement Bot - INFO - Generated new quantum-optimized weights
2025-03-25 18:50:43,161 - Improvement Bot - INFO - Task Quantum Weight Optimization completed successfully
2025-03-25 18:50:43,161 - Improvement Bot - INFO - Running scheduled task: System Health Analysis
2025-03-25 18:50:43,161 - Improvement Bot - INFO - Win rate trend: -0.11%
2025-03-25 18:50:43,161 - Improvement Bot - INFO - Profit trend: -3.37%
2025-03-25 18:50:43,161 - Improvement Bot - INFO - System health analysis completed: healthy
2025-03-25 18:50:43,161 - Improvement Bot - INFO - Task System Health Analysis completed successfully
2025-03-25 18:50:43,285 - Monitor Bot - INFO - === API Health Status ===
2025-03-25 18:50:43,285 - Monitor Bot - INFO - WebUll API: Unavailable
2025-03-25 18:50:43,285 - Monitor Bot - INFO - Zoya API: Error: 204
2025-03-25 18:50:43,285 - Monitor Bot - INFO - =======================
2025-03-25 18:50:43,286 - Monitor Bot - INFO - Task Initial API Health Check completed successfully
2025-03-25 18:50:43,286 - Monitor Bot - INFO - Running scheduled task: Initial Legal Compliance Report
2025-03-25 18:50:43,286 - Monitor Bot - INFO - Legal compliance report generated at legal/compliance_reports/compliance_report_20250325.json
2025-03-25 18:50:43,286 - Monitor Bot - INFO - Task Initial Legal Compliance Report completed successfully
2025-03-25 18:51:10,451 - Trading System - INFO - Main process interrupted, shutting down...
2025-03-25 18:51:10,451 - Trading System - INFO - Trading system shutdown complete
2025-03-25 18:51:43,156 - Trading Bot - INFO - Starting trading cycle
2025-03-25 18:51:43,157 - Trading Bot - INFO - Market is closed, waiting...
2025-03-25 18:51:43,157 - Trading Bot - INFO - Sleeping for 60 seconds
2025-03-25 18:51:43,160 - Trading System - INFO - Trading Bot is alive: True
2025-03-25 18:51:43,160 - Trading System - INFO - Monitor Bot is alive: True
2025-03-25 18:51:43,160 - Trading System - INFO - Improvement Bot is alive: True
2025-03-25 18:52:43,161 - Trading Bot - INFO - Starting trading cycle
2025-03-25 18:52:43,161 - Trading Bot - INFO - Market is closed, waiting...
2025-03-25 18:52:43,162 - Trading Bot - INFO - Sleeping for 60 seconds
2025-03-25 18:52:43,162 - Trading System - INFO - Trading Bot is alive: True
2025-03-25 18:52:43,162 - Trading System - INFO - Monitor Bot is alive: True
2025-03-25 18:52:43,162 - Trading System - INFO - Improvement Bot is alive: True
2025-03-25 18:53:43,165 - Trading System - INFO - Trading Bot is alive: True
2025-03-25 18:53:43,165 - Trading Bot - INFO - Starting trading cycle
2025-03-25 18:53:43,165 - Trading System - INFO - Monitor Bot is alive: True
2025-03-25 18:53:43,165 - Trading Bot - INFO - Market is closed, waiting...
2025-03-25 18:53:43,165 - Trading System - INFO - Improvement Bot is alive: True
2025-03-25 18:53:43,165 - Trading Bot - INFO - Sleeping for 60 seconds
2025-03-25 18:54:43,169 - Trading System - INFO - Trading Bot is alive: True
2025-03-25 18:54:43,170 - Trading Bot - INFO - Starting trading cycle
2025-03-25 18:54:43,170 - Trading System - INFO - Monitor Bot is alive: True
2025-03-25 18:54:43,170 - Trading Bot - INFO - Market is closed, waiting...
2025-03-25 18:54:43,170 - Trading System - INFO - Improvement Bot is alive: True
2025-03-25 18:54:43,170 - Trading Bot - INFO - Sleeping for 60 seconds
2025-03-25 18:55:43,172 - Trading System - INFO - Trading Bot is alive: True
2025-03-25 18:55:43,173 - Trading System - INFO - Monitor Bot is alive: True
2025-03-25 18:55:43,173 - Trading System - INFO - Improvement Bot is alive: True
2025-03-25 18:55:43,173 - Trading Bot - INFO - Starting trading cycle
2025-03-25 18:55:43,173 - Trading Bot - INFO - Market is closed, waiting...
2025-03-25 18:55:43,173 - Trading Bot - INFO - Sleeping for 60 seconds
2025-03-25 18:56:43,175 - Trading Bot - INFO - Starting trading cycle
2025-03-25 18:56:43,176 - Trading Bot - INFO - Market is closed, waiting...
2025-03-25 18:56:43,176 - Trading Bot - INFO - Sleeping for 60 seconds
2025-03-25 18:56:43,176 - Trading System - INFO - Trading Bot is alive: True
2025-03-25 18:56:43,177 - Trading System - INFO - Monitor Bot is alive: True
2025-03-25 18:56:43,177 - Trading System - INFO - Improvement Bot is alive: True
2025-03-25 18:57:43,179 - Trading Bot - INFO - Starting trading cycle
2025-03-25 18:57:43,180 - Trading Bot - INFO - Market is closed, waiting...
2025-03-25 18:57:43,180 - Trading Bot - INFO - Sleeping for 60 seconds
2025-03-25 18:57:43,181 - Trading System - INFO - Trading Bot is alive: True
2025-03-25 18:57:43,181 - Trading System - INFO - Monitor Bot is alive: True
2025-03-25 18:57:43,181 - Trading System - INFO - Improvement Bot is alive: True
2025-03-25 18:58:43,182 - Trading System - INFO - Trading Bot is alive: True
2025-03-25 18:58:43,183 - Trading System - INFO - Monitor Bot is alive: True
2025-03-25 18:58:43,183 - Trading System - INFO - Improvement Bot is alive: True
2025-03-25 18:58:43,184 - Trading Bot - INFO - Starting trading cycle
2025-03-25 18:58:43,185 - Trading Bot - INFO - Market is closed, waiting...
2025-03-25 18:58:43,185 - Trading Bot - INFO - Sleeping for 60 seconds
2025-03-25 18:59:43,188 - Trading System - INFO - Trading Bot is alive: True
2025-03-25 18:59:43,188 - Trading System - INFO - Monitor Bot is alive: True
2025-03-25 18:59:43,188 - Trading System - INFO - Improvement Bot is alive: True
2025-03-25 18:59:43,189 - Trading Bot - INFO - Starting trading cycle
2025-03-25 18:59:43,189 - Trading Bot - INFO - Market is closed, waiting...
2025-03-25 18:59:43,189 - Trading Bot - INFO - Sleeping for 60 seconds
2025-03-25 19:00:43,192 - Trading Bot - INFO - Starting trading cycle
2025-03-25 19:00:43,193 - Trading System - INFO - Trading Bot is alive: True
2025-03-25 19:00:43,193 - Trading Bot - INFO - Market is closed, waiting...
2025-03-25 19:00:43,193 - Trading System - INFO - Monitor Bot is alive: True
2025-03-25 19:00:43,193 - Trading Bot - INFO - Sleeping for 60 seconds
2025-03-25 19:00:43,193 - Trading System - INFO - Improvement Bot is alive: True
2025-03-25 19:01:43,192 - Trading System - INFO - Trading Bot is alive: True
2025-03-25 19:01:43,192 - Trading System - INFO - Monitor Bot is alive: True
2025-03-25 19:01:43,192 - Trading System - INFO - Improvement Bot is alive: True
2025-03-25 19:01:43,196 - Trading Bot - INFO - Starting trading cycle
2025-03-25 19:01:43,196 - Trading Bot - INFO - Market is closed, waiting...
2025-03-25 19:01:43,196 - Trading Bot - INFO - Sleeping for 60 seconds
2025-03-25 19:02:43,195 - Trading System - INFO - Trading Bot is alive: True
2025-03-25 19:02:43,195 - Trading System - INFO - Monitor Bot is alive: True
2025-03-25 19:02:43,196 - Trading System - INFO - Improvement Bot is alive: True
2025-03-25 19:02:43,200 - Trading Bot - INFO - Starting trading cycle
2025-03-25 19:02:43,201 - Trading Bot - INFO - Market is closed, waiting...
2025-03-25 19:02:43,201 - Trading Bot - INFO - Sleeping for 60 seconds
2025-03-25 19:03:43,195 - Trading System - INFO - Trading Bot is alive: True
2025-03-25 19:03:43,195 - Trading System - INFO - Monitor Bot is alive: True
2025-03-25 19:03:43,195 - Trading System - INFO - Improvement Bot is alive: True
2025-03-25 19:03:43,201 - Trading Bot - INFO - Starting trading cycle
2025-03-25 19:03:43,201 - Trading Bot - INFO - Market is closed, waiting...
2025-03-25 19:03:43,201 - Trading Bot - INFO - Sleeping for 60 seconds
2025-03-25 19:04:43,200 - Trading System - INFO - Trading Bot is alive: True
2025-03-25 19:04:43,200 - Trading System - INFO - Monitor Bot is alive: True
2025-03-25 19:04:43,200 - Trading System - INFO - Improvement Bot is alive: True
2025-03-25 19:04:43,206 - Trading Bot - INFO - Starting trading cycle
2025-03-25 19:04:43,206 - Trading Bot - INFO - Market is closed, waiting...
2025-03-25 19:04:43,206 - Trading Bot - INFO - Sleeping for 60 seconds
2025-03-25 19:05:43,205 - Trading System - INFO - Trading Bot is alive: True
2025-03-25 19:05:43,205 - Trading System - INFO - Monitor Bot is alive: True
2025-03-25 19:05:43,205 - Trading System - INFO - Improvement Bot is alive: True
2025-03-25 19:05:43,208 - Trading Bot - INFO - Starting trading cycle
2025-03-25 19:05:43,208 - Trading Bot - INFO - Market is closed, waiting...
2025-03-25 19:05:43,208 - Trading Bot - INFO - Sleeping for 60 seconds
2025-03-25 19:06:43,209 - Trading Bot - INFO - Starting trading cycle
2025-03-25 19:06:43,209 - Trading System - INFO - Trading Bot is alive: True
2025-03-25 19:06:43,210 - Trading Bot - INFO - Market is closed, waiting...
2025-03-25 19:06:43,211 - Trading System - INFO - Monitor Bot is alive: True
2025-03-25 19:06:43,211 - Trading Bot - INFO - Sleeping for 60 seconds
2025-03-25 19:06:43,211 - Trading System - INFO - Improvement Bot is alive: True
2025-03-25 19:07:43,213 - Trading Bot - INFO - Starting trading cycle
2025-03-25 19:07:43,213 - Trading System - INFO - Trading Bot is alive: True
2025-03-25 19:07:43,214 - Trading Bot - INFO - Market is closed, waiting...
2025-03-25 19:07:43,214 - Trading System - INFO - Monitor Bot is alive: True
2025-03-25 19:07:43,214 - Trading Bot - INFO - Sleeping for 60 seconds
2025-03-25 19:07:43,214 - Trading System - INFO - Improvement Bot is alive: True
2025-03-25 19:08:43,219 - Trading Bot - INFO - Starting trading cycle
2025-03-25 19:08:43,220 - Trading Bot - INFO - Market is closed, waiting...
2025-03-25 19:08:43,220 - Trading Bot - INFO - Sleeping for 60 seconds
2025-03-25 19:08:43,219 - Trading System - INFO - Trading Bot is alive: True
2025-03-25 19:08:43,221 - Trading System - INFO - Monitor Bot is alive: True
2025-03-25 19:08:43,221 - Trading System - INFO - Improvement Bot is alive: True
2025-03-25 19:09:43,220 - Trading System - INFO - Trading Bot is alive: True
2025-03-25 19:09:43,220 - Trading Bot - INFO - Starting trading cycle
2025-03-25 19:09:43,221 - Trading System - INFO - Monitor Bot is alive: True
2025-03-25 19:09:43,221 - Trading Bot - INFO - Market is closed, waiting...
2025-03-25 19:09:43,221 - Trading System - INFO - Improvement Bot is alive: True
2025-03-25 19:09:43,221 - Trading Bot - INFO - Sleeping for 60 seconds
2025-03-25 19:10:43,224 - Trading System - INFO - Trading Bot is alive: True
2025-03-25 19:10:43,224 - Trading System - INFO - Monitor Bot is alive: True
2025-03-25 19:10:43,224 - Trading System - INFO - Improvement Bot is alive: True
2025-03-25 19:10:43,228 - Trading Bot - INFO - Starting trading cycle
2025-03-25 19:10:43,228 - Trading Bot - INFO - Market is closed, waiting...
2025-03-25 19:10:43,228 - Trading Bot - INFO - Sleeping for 60 seconds
2025-03-25 19:11:43,233 - Trading System - INFO - Trading Bot is alive: True
2025-03-25 19:11:43,233 - Trading System - INFO - Monitor Bot is alive: True
2025-03-25 19:11:43,233 - Trading System - INFO - Improvement Bot is alive: True
2025-03-25 19:11:43,235 - Trading Bot - INFO - Starting trading cycle
2025-03-25 19:11:43,235 - Trading Bot - INFO - Market is closed, waiting...
2025-03-25 19:11:43,235 - Trading Bot - INFO - Sleeping for 60 seconds
2025-03-25 19:12:43,238 - Trading System - INFO - Trading Bot is alive: True
2025-03-25 19:12:43,239 - Trading System - INFO - Monitor Bot is alive: True
2025-03-25 19:12:43,239 - Trading System - INFO - Improvement Bot is alive: True
2025-03-25 19:12:43,243 - Trading Bot - INFO - Starting trading cycle
2025-03-25 19:12:43,243 - Trading Bot - INFO - Market is closed, waiting...
2025-03-25 19:12:43,243 - Trading Bot - INFO - Sleeping for 60 seconds
2025-03-25 19:13:48,507 - Trading Bot - INFO - Starting trading cycle
2025-03-25 19:13:48,507 - Trading System - INFO - Trading Bot is alive: True
2025-03-25 19:13:48,507 - Trading Bot - INFO - Market is closed, waiting...
2025-03-25 19:13:48,508 - Trading System - INFO - Monitor Bot is alive: True
2025-03-25 19:13:48,508 - Trading Bot - INFO - Sleeping for 60 seconds
2025-03-25 19:13:48,508 - Trading System - INFO - Improvement Bot is alive: True
2025-03-25 19:45:26,532 - Trading System - INFO - Trading Bot is alive: True
2025-03-25 19:45:26,532 - Trading Bot - INFO - Starting trading cycle
2025-03-25 19:45:26,533 - Trading System - INFO - Monitor Bot is alive: True
2025-03-25 19:45:26,534 - Trading Bot - INFO - Market is closed, waiting...
2025-03-25 19:45:26,534 - Trading System - INFO - Improvement Bot is alive: True
2025-03-25 19:45:26,534 - Trading Bot - INFO - Sleeping for 60 seconds
2025-03-25 19:52:48,615 - Trading Bot - INFO - Starting trading cycle
2025-03-25 19:52:48,615 - Trading System - INFO - Trading Bot is alive: True
2025-03-25 19:52:48,616 - Trading Bot - INFO - Market is closed, waiting...
2025-03-25 19:52:48,617 - Trading System - INFO - Monitor Bot is alive: True
2025-03-25 19:52:48,617 - Trading Bot - INFO - Sleeping for 60 seconds
2025-03-25 19:52:48,617 - Trading System - INFO - Improvement Bot is alive: True
2025-03-25 19:52:48,767 - Monitor Bot - INFO - Running scheduled task: Performance Metrics
2025-03-25 19:52:48,769 - Monitor Bot - INFO - === Performance Metrics ===
2025-03-25 19:52:48,769 - Monitor Bot - INFO - Date: 2025-03-25T15:36:59.456525
2025-03-25 19:52:48,769 - Monitor Bot - INFO - Total Trades: 72
2025-03-25 19:52:48,769 - Monitor Bot - INFO - Win Rate: 55.56%
2025-03-25 19:52:48,769 - Monitor Bot - INFO - Total Profit: $18.27
2025-03-25 19:52:48,769 - Monitor Bot - INFO - Average Profit per Trade: $0.25
2025-03-25 19:52:48,769 - Monitor Bot - ERROR - Error extracting performance metrics: 'avg_profit_pct'
2025-03-25 19:52:48,770 - Monitor Bot - WARNING - Task Performance Metrics completed with warnings
2025-03-25 20:09:42,673 - Trading System - INFO - Trading Bot is alive: True
2025-03-25 20:09:42,674 - Trading Bot - INFO - Starting trading cycle
2025-03-25 20:09:42,674 - Trading System - INFO - Monitor Bot is alive: True
2025-03-25 20:09:42,674 - Trading Bot - INFO - Market is closed, waiting...
2025-03-25 20:09:42,674 - Trading System - INFO - Improvement Bot is alive: True
2025-03-25 20:09:42,675 - Trading Bot - INFO - Sleeping for 60 seconds
2025-03-25 20:27:09,756 - Trading System - INFO - Trading Bot is alive: True
2025-03-25 20:27:09,756 - Trading Bot - INFO - Starting trading cycle
2025-03-25 20:27:09,756 - Trading System - INFO - Monitor Bot is alive: True
2025-03-25 20:27:09,757 - Trading Bot - INFO - Market is closed, waiting...
2025-03-25 20:27:09,757 - Trading System - INFO - Improvement Bot is alive: True
2025-03-25 20:27:09,757 - Trading Bot - INFO - Sleeping for 60 seconds
2025-03-25 20:43:32,690 - Trading Bot - INFO - Starting trading cycle
2025-03-25 20:43:32,690 - Trading System - INFO - Trading Bot is alive: True
2025-03-25 20:43:32,690 - Trading Bot - INFO - Market is closed, waiting...
2025-03-25 20:43:32,691 - Trading System - INFO - Monitor Bot is alive: True
2025-03-25 20:43:32,691 - Trading Bot - INFO - Sleeping for 60 seconds
2025-03-25 20:43:32,691 - Trading System - INFO - Improvement Bot is alive: True
2025-03-25 20:59:51,074 - Trading System - INFO - Trading Bot is alive: True
2025-03-25 20:59:51,074 - Trading Bot - INFO - Starting trading cycle
2025-03-25 20:59:51,075 - Trading System - INFO - Monitor Bot is alive: True
2025-03-25 20:59:51,075 - Trading Bot - INFO - Market is closed, waiting...
2025-03-25 20:59:51,075 - Trading System - INFO - Improvement Bot is alive: True
2025-03-25 20:59:51,075 - Trading Bot - INFO - Sleeping for 60 seconds
2025-03-25 20:59:51,227 - Monitor Bot - INFO - Running scheduled task: Performance Metrics
2025-03-25 20:59:51,229 - Monitor Bot - INFO - === Performance Metrics ===
2025-03-25 20:59:51,229 - Monitor Bot - INFO - Date: 2025-03-25T15:36:59.456525
2025-03-25 20:59:51,229 - Monitor Bot - INFO - Total Trades: 72
2025-03-25 20:59:51,229 - Monitor Bot - INFO - Win Rate: 55.56%
2025-03-25 20:59:51,229 - Monitor Bot - INFO - Total Profit: $18.27
2025-03-25 20:59:51,229 - Monitor Bot - INFO - Average Profit per Trade: $0.25
2025-03-25 20:59:51,229 - Monitor Bot - ERROR - Error extracting performance metrics: 'avg_profit_pct'
2025-03-25 20:59:51,229 - Monitor Bot - WARNING - Task Performance Metrics completed with warnings
2025-03-25 21:09:25,995 - Trading System - INFO - Trading Bot is alive: True
2025-03-25 21:09:25,995 - Trading Bot - INFO - Starting trading cycle
2025-03-25 21:09:25,997 - Trading System - INFO - Monitor Bot is alive: True
2025-03-25 21:09:25,997 - Trading Bot - INFO - Market is closed, waiting...
2025-03-25 21:09:25,997 - Trading System - INFO - Improvement Bot is alive: True
2025-03-25 21:09:25,997 - Trading Bot - INFO - Sleeping for 60 seconds
2025-03-25 21:42:24,771 - Trading System - INFO - Trading Bot is alive: True
2025-03-25 21:42:24,771 - Trading Bot - INFO - Starting trading cycle
2025-03-25 21:42:24,771 - Trading System - INFO - Monitor Bot is alive: True
2025-03-25 21:42:24,771 - Trading Bot - INFO - Market is closed, waiting...
2025-03-25 21:42:24,771 - Trading System - INFO - Improvement Bot is alive: True
2025-03-25 21:42:24,771 - Trading Bot - INFO - Sleeping for 60 seconds
2025-03-25 22:00:29,434 - Trading Bot - INFO - Starting trading cycle
2025-03-25 22:00:29,434 - Trading System - INFO - Trading Bot is alive: True
2025-03-25 22:00:29,434 - Trading Bot - INFO - Market is closed, waiting...
2025-03-25 22:00:29,434 - Trading System - INFO - Monitor Bot is alive: True
2025-03-25 22:00:29,434 - Trading Bot - INFO - Sleeping for 60 seconds
2025-03-25 22:00:29,435 - Trading System - INFO - Improvement Bot is alive: True
2025-03-25 22:00:29,588 - Monitor Bot - INFO - Running scheduled task: Performance Metrics
2025-03-25 22:00:29,590 - Monitor Bot - INFO - === Performance Metrics ===
2025-03-25 22:00:29,590 - Monitor Bot - INFO - Date: 2025-03-25T15:36:59.456525
2025-03-25 22:00:29,590 - Monitor Bot - INFO - Total Trades: 72
2025-03-25 22:00:29,590 - Monitor Bot - INFO - Win Rate: 55.56%
2025-03-25 22:00:29,590 - Monitor Bot - INFO - Total Profit: $18.27
2025-03-25 22:00:29,590 - Monitor Bot - INFO - Average Profit per Trade: $0.25
2025-03-25 22:00:29,590 - Monitor Bot - ERROR - Error extracting performance metrics: 'avg_profit_pct'
2025-03-25 22:00:29,590 - Monitor Bot - WARNING - Task Performance Metrics completed with warnings
2025-03-25 22:10:10,336 - Trading Bot - INFO - Starting trading cycle
2025-03-25 22:10:10,337 - Trading System - INFO - Trading Bot is alive: True
2025-03-25 22:10:10,337 - Trading Bot - INFO - Market is closed, waiting...
2025-03-25 22:10:10,337 - Trading System - INFO - Monitor Bot is alive: True
2025-03-25 22:10:10,337 - Trading Bot - INFO - Sleeping for 60 seconds
2025-03-25 22:10:10,337 - Trading System - INFO - Improvement Bot is alive: True
2025-03-25 22:21:52,251 - Trading Bot - INFO - Starting trading cycle
2025-03-25 22:21:52,252 - Trading System - INFO - Trading Bot is alive: True
2025-03-25 22:21:52,252 - Trading Bot - INFO - Market is closed, waiting...
2025-03-25 22:21:52,252 - Trading System - INFO - Monitor Bot is alive: True
2025-03-25 22:21:52,252 - Trading Bot - INFO - Sleeping for 60 seconds
2025-03-25 22:21:52,252 - Trading System - INFO - Improvement Bot is alive: True
2025-03-25 22:38:07,112 - Trading Bot - INFO - Starting trading cycle
2025-03-25 22:38:07,112 - Trading System - INFO - Trading Bot is alive: True
2025-03-25 22:38:07,112 - Trading Bot - INFO - Market is closed, waiting...
2025-03-25 22:38:07,112 - Trading System - INFO - Monitor Bot is alive: True
2025-03-25 22:38:07,112 - Trading Bot - INFO - Sleeping for 60 seconds
2025-03-25 22:38:07,113 - Trading System - INFO - Improvement Bot is alive: True
2025-03-25 22:43:00,077 - Trading Bot - INFO - Starting trading cycle
2025-03-25 22:43:00,077 - Trading System - INFO - Trading Bot is alive: True
2025-03-25 22:43:00,077 - Trading Bot - INFO - Market is closed, waiting...
2025-03-25 22:43:00,077 - Trading System - INFO - Monitor Bot is alive: True
2025-03-25 22:43:00,078 - Trading Bot - INFO - Sleeping for 60 seconds
2025-03-25 22:43:00,078 - Trading System - INFO - Improvement Bot is alive: True
2025-03-25 22:54:37,354 - Trading System - INFO - Trading Bot is alive: True
2025-03-25 22:54:37,355 - Trading Bot - INFO - Starting trading cycle
2025-03-25 22:54:37,356 - Trading System - INFO - Monitor Bot is alive: True
2025-03-25 22:54:37,357 - Trading Bot - INFO - Market is closed, waiting...
2025-03-25 22:54:37,357 - Trading System - INFO - Improvement Bot is alive: True
2025-03-25 22:54:37,357 - Trading Bot - INFO - Sleeping for 60 seconds
2025-03-25 22:55:37,357 - Trading Bot - INFO - Starting trading cycle
2025-03-25 22:55:37,357 - Trading Bot - INFO - Market is closed, waiting...
2025-03-25 22:55:37,357 - Trading Bot - INFO - Sleeping for 60 seconds
2025-03-25 22:55:37,361 - Trading System - INFO - Trading Bot is alive: True
2025-03-25 22:55:37,361 - Trading System - INFO - Monitor Bot is alive: True
2025-03-25 22:55:37,361 - Trading System - INFO - Improvement Bot is alive: True
2025-03-25 22:56:37,360 - Trading Bot - INFO - Starting trading cycle
2025-03-25 22:56:37,361 - Trading Bot - INFO - Market is closed, waiting...
2025-03-25 22:56:37,361 - Trading Bot - INFO - Sleeping for 60 seconds
2025-03-25 22:56:37,365 - Trading System - INFO - Trading Bot is alive: True
2025-03-25 22:56:37,365 - Trading System - INFO - Monitor Bot is alive: True
2025-03-25 22:56:37,365 - Trading System - INFO - Improvement Bot is alive: True
2025-03-25 22:57:37,366 - Trading Bot - INFO - Starting trading cycle
2025-03-25 22:57:37,366 - Trading Bot - INFO - Market is closed, waiting...
2025-03-25 22:57:37,366 - Trading Bot - INFO - Sleeping for 60 seconds
2025-03-25 22:57:37,370 - Trading System - INFO - Trading Bot is alive: True
2025-03-25 22:57:37,370 - Trading System - INFO - Monitor Bot is alive: True
2025-03-25 22:57:37,370 - Trading System - INFO - Improvement Bot is alive: True
2025-03-25 22:58:37,371 - Trading System - INFO - Trading Bot is alive: True
2025-03-25 22:58:37,371 - Trading Bot - INFO - Starting trading cycle
2025-03-25 22:58:37,372 - Trading System - INFO - Monitor Bot is alive: True
2025-03-25 22:58:37,372 - Trading Bot - INFO - Market is closed, waiting...
2025-03-25 22:58:37,373 - Trading System - INFO - Improvement Bot is alive: True
2025-03-25 22:58:37,373 - Trading Bot - INFO - Sleeping for 60 seconds
2025-03-25 22:59:37,376 - Trading System - INFO - Trading Bot is alive: True
2025-03-25 22:59:37,376 - Trading Bot - INFO - Starting trading cycle
2025-03-25 22:59:37,377 - Trading System - INFO - Monitor Bot is alive: True
2025-03-25 22:59:37,378 - Trading Bot - INFO - Market is closed, waiting...
2025-03-25 22:59:37,378 - Trading System - INFO - Improvement Bot is alive: True
2025-03-25 22:59:37,378 - Trading Bot - INFO - Sleeping for 60 seconds
2025-03-25 23:00:37,380 - Trading Bot - INFO - Starting trading cycle
2025-03-25 23:00:37,381 - Trading Bot - INFO - Market is closed, waiting...
2025-03-25 23:00:37,381 - Trading Bot - INFO - Sleeping for 60 seconds
2025-03-25 23:00:37,382 - Trading System - INFO - Trading Bot is alive: True
2025-03-25 23:00:37,382 - Trading System - INFO - Monitor Bot is alive: True
2025-03-25 23:00:37,382 - Trading System - INFO - Improvement Bot is alive: True
2025-03-25 23:00:37,538 - Monitor Bot - INFO - Running scheduled task: Performance Metrics
2025-03-25 23:00:37,541 - Monitor Bot - INFO - === Performance Metrics ===
2025-03-25 23:00:37,541 - Monitor Bot - INFO - Date: 2025-03-25T15:36:59.456525
2025-03-25 23:00:37,541 - Monitor Bot - INFO - Total Trades: 72
2025-03-25 23:00:37,541 - Monitor Bot - INFO - Win Rate: 55.56%
2025-03-25 23:00:37,541 - Monitor Bot - INFO - Total Profit: $18.27
2025-03-25 23:00:37,541 - Monitor Bot - INFO - Average Profit per Trade: $0.25
2025-03-25 23:00:37,541 - Monitor Bot - ERROR - Error extracting performance metrics: 'avg_profit_pct'
2025-03-25 23:00:37,542 - Monitor Bot - WARNING - Task Performance Metrics completed with warnings
2025-03-25 23:01:37,384 - Trading Bot - INFO - Starting trading cycle
2025-03-25 23:01:37,384 - Trading Bot - INFO - Market is closed, waiting...
2025-03-25 23:01:37,384 - Trading Bot - INFO - Sleeping for 60 seconds
2025-03-25 23:01:37,386 - Trading System - INFO - Trading Bot is alive: True
2025-03-25 23:01:37,387 - Trading System - INFO - Monitor Bot is alive: True
2025-03-25 23:01:37,387 - Trading System - INFO - Improvement Bot is alive: True
2025-03-25 23:02:37,389 - Trading Bot - INFO - Starting trading cycle
2025-03-25 23:02:37,389 - Trading System - INFO - Trading Bot is alive: True
2025-03-25 23:02:37,390 - Trading Bot - INFO - Market is closed, waiting...
2025-03-25 23:02:37,390 - Trading System - INFO - Monitor Bot is alive: True
2025-03-25 23:02:37,390 - Trading Bot - INFO - Sleeping for 60 seconds
2025-03-25 23:02:37,390 - Trading System - INFO - Improvement Bot is alive: True
2025-03-25 23:03:37,393 - Trading System - INFO - Trading Bot is alive: True
2025-03-25 23:03:37,394 - Trading System - INFO - Monitor Bot is alive: True
2025-03-25 23:03:37,394 - Trading System - INFO - Improvement Bot is alive: True
2025-03-25 23:03:37,395 - Trading Bot - INFO - Starting trading cycle
2025-03-25 23:03:37,395 - Trading Bot - INFO - Market is closed, waiting...
2025-03-25 23:03:37,395 - Trading Bot - INFO - Sleeping for 60 seconds
2025-03-25 23:04:37,398 - Trading System - INFO - Trading Bot is alive: True
2025-03-25 23:04:37,399 - Trading System - INFO - Monitor Bot is alive: True
2025-03-25 23:04:37,399 - Trading System - INFO - Improvement Bot is alive: True
2025-03-25 23:04:37,399 - Trading Bot - INFO - Starting trading cycle
2025-03-25 23:04:37,399 - Trading Bot - INFO - Market is closed, waiting...
2025-03-25 23:04:37,399 - Trading Bot - INFO - Sleeping for 60 seconds
2025-03-25 23:05:37,403 - Trading System - INFO - Trading Bot is alive: True
2025-03-25 23:05:37,403 - Trading Bot - INFO - Starting trading cycle
2025-03-25 23:05:37,405 - Trading System - INFO - Monitor Bot is alive: True
2025-03-25 23:05:37,405 - Trading Bot - INFO - Market is closed, waiting...
2025-03-25 23:05:37,405 - Trading System - INFO - Improvement Bot is alive: True
2025-03-25 23:05:37,405 - Trading Bot - INFO - Sleeping for 60 seconds
2025-03-25 23:06:37,408 - Trading System - INFO - Trading Bot is alive: True
2025-03-25 23:06:37,409 - Trading System - INFO - Monitor Bot is alive: True
2025-03-25 23:06:37,409 - Trading System - INFO - Improvement Bot is alive: True
2025-03-25 23:06:37,409 - Trading Bot - INFO - Starting trading cycle
2025-03-25 23:06:37,410 - Trading Bot - INFO - Market is closed, waiting...
2025-03-25 23:06:37,410 - Trading Bot - INFO - Sleeping for 60 seconds
2025-03-25 23:07:37,412 - Trading System - INFO - Trading Bot is alive: True
2025-03-25 23:07:37,413 - Trading System - INFO - Monitor Bot is alive: True
2025-03-25 23:07:37,413 - Trading System - INFO - Improvement Bot is alive: True
2025-03-25 23:07:37,413 - Trading Bot - INFO - Starting trading cycle
2025-03-25 23:07:37,413 - Trading Bot - INFO - Market is closed, waiting...
2025-03-25 23:07:37,413 - Trading Bot - INFO - Sleeping for 60 seconds
2025-03-25 23:08:37,414 - Trading System - INFO - Trading Bot is alive: True
2025-03-25 23:08:37,415 - Trading System - INFO - Monitor Bot is alive: True
2025-03-25 23:08:37,415 - Trading System - INFO - Improvement Bot is alive: True
2025-03-25 23:08:37,417 - Trading Bot - INFO - Starting trading cycle
2025-03-25 23:08:37,417 - Trading Bot - INFO - Market is closed, waiting...
2025-03-25 23:08:37,418 - Trading Bot - INFO - Sleeping for 60 seconds
2025-03-25 23:09:37,419 - Trading System - INFO - Trading Bot is alive: True
2025-03-25 23:09:37,420 - Trading Bot - INFO - Starting trading cycle
2025-03-25 23:09:37,420 - Trading System - INFO - Monitor Bot is alive: True
2025-03-25 23:09:37,420 - Trading Bot - INFO - Market is closed, waiting...
2025-03-25 23:09:37,420 - Trading System - INFO - Improvement Bot is alive: True
2025-03-25 23:09:37,420 - Trading Bot - INFO - Sleeping for 60 seconds
2025-03-25 23:10:37,425 - Trading System - INFO - Trading Bot is alive: True
2025-03-25 23:10:37,425 - Trading Bot - INFO - Starting trading cycle
2025-03-25 23:10:37,425 - Trading System - INFO - Monitor Bot is alive: True
2025-03-25 23:10:37,425 - Trading Bot - INFO - Market is closed, waiting...
2025-03-25 23:10:37,425 - Trading System - INFO - Improvement Bot is alive: True
2025-03-25 23:10:37,426 - Trading Bot - INFO - Sleeping for 60 seconds
2025-03-25 23:11:37,429 - Trading System - INFO - Trading Bot is alive: True
2025-03-25 23:11:37,430 - Trading Bot - INFO - Starting trading cycle
2025-03-25 23:11:37,431 - Trading System - INFO - Monitor Bot is alive: True
2025-03-25 23:11:37,431 - Trading Bot - INFO - Market is closed, waiting...
2025-03-25 23:11:37,431 - Trading System - INFO - Improvement Bot is alive: True
2025-03-25 23:11:37,431 - Trading Bot - INFO - Sleeping for 60 seconds
2025-03-25 23:12:37,432 - Trading Bot - INFO - Starting trading cycle
2025-03-25 23:12:37,434 - Trading Bot - INFO - Market is closed, waiting...
2025-03-25 23:12:37,434 - Trading Bot - INFO - Sleeping for 60 seconds
2025-03-25 23:12:37,436 - Trading System - INFO - Trading Bot is alive: True
2025-03-25 23:12:37,436 - Trading System - INFO - Monitor Bot is alive: True
2025-03-25 23:12:37,436 - Trading System - INFO - Improvement Bot is alive: True
2025-03-25 23:13:37,435 - Trading Bot - INFO - Starting trading cycle
2025-03-25 23:13:37,436 - Trading Bot - INFO - Market is closed, waiting...
2025-03-25 23:13:37,436 - Trading Bot - INFO - Sleeping for 60 seconds
2025-03-25 23:13:37,439 - Trading System - INFO - Trading Bot is alive: True
2025-03-25 23:13:37,439 - Trading System - INFO - Monitor Bot is alive: True
2025-03-25 23:13:37,439 - Trading System - INFO - Improvement Bot is alive: True
2025-03-25 23:14:37,436 - Trading Bot - INFO - Starting trading cycle
2025-03-25 23:14:37,437 - Trading Bot - INFO - Market is closed, waiting...
2025-03-25 23:14:37,437 - Trading Bot - INFO - Sleeping for 60 seconds
2025-03-25 23:14:37,440 - Trading System - INFO - Trading Bot is alive: True
2025-03-25 23:14:37,440 - Trading System - INFO - Monitor Bot is alive: True
2025-03-25 23:14:37,440 - Trading System - INFO - Improvement Bot is alive: True
2025-03-25 23:15:37,441 - Trading Bot - INFO - Starting trading cycle
2025-03-25 23:15:37,441 - Trading Bot - INFO - Market is closed, waiting...
2025-03-25 23:15:37,441 - Trading Bot - INFO - Sleeping for 60 seconds
2025-03-25 23:15:37,442 - Trading System - INFO - Trading Bot is alive: True
2025-03-25 23:15:37,442 - Trading System - INFO - Monitor Bot is alive: True
2025-03-25 23:15:37,442 - Trading System - INFO - Improvement Bot is alive: True
2025-03-25 23:16:37,442 - Trading Bot - INFO - Starting trading cycle
2025-03-25 23:16:37,443 - Trading System - INFO - Trading Bot is alive: True
2025-03-25 23:16:37,443 - Trading Bot - INFO - Market is closed, waiting...
2025-03-25 23:16:37,443 - Trading System - INFO - Monitor Bot is alive: True
2025-03-25 23:16:37,443 - Trading Bot - INFO - Sleeping for 60 seconds
2025-03-25 23:16:37,443 - Trading System - INFO - Improvement Bot is alive: True
2025-03-25 23:17:37,070 - Improvement Bot - INFO - Running scheduled task: System Health Analysis
2025-03-25 23:17:37,073 - Improvement Bot - INFO - Win rate trend: -0.11%
2025-03-25 23:17:37,074 - Improvement Bot - INFO - Profit trend: -3.37%
2025-03-25 23:17:37,075 - Improvement Bot - INFO - System health analysis completed: healthy
2025-03-25 23:17:37,075 - Improvement Bot - INFO - Task System Health Analysis completed successfully
2025-03-25 23:17:37,443 - Trading Bot - INFO - Starting trading cycle
2025-03-25 23:17:37,443 - Trading Bot - INFO - Market is closed, waiting...
2025-03-25 23:17:37,443 - Trading Bot - INFO - Sleeping for 60 seconds
2025-03-25 23:17:37,444 - Trading System - INFO - Trading Bot is alive: True
2025-03-25 23:17:37,444 - Trading System - INFO - Monitor Bot is alive: True
2025-03-25 23:17:37,444 - Trading System - INFO - Improvement Bot is alive: True
2025-03-25 23:18:37,448 - Trading Bot - INFO - Starting trading cycle
2025-03-25 23:18:37,448 - Trading System - INFO - Trading Bot is alive: True
2025-03-25 23:18:37,450 - Trading Bot - INFO - Market is closed, waiting...
2025-03-25 23:18:37,450 - Trading System - INFO - Monitor Bot is alive: True
2025-03-25 23:18:37,450 - Trading Bot - INFO - Sleeping for 60 seconds
2025-03-25 23:18:37,450 - Trading System - INFO - Improvement Bot is alive: True
2025-03-25 23:19:37,454 - Trading System - INFO - Trading Bot is alive: True
2025-03-25 23:19:37,455 - Trading Bot - INFO - Starting trading cycle
2025-03-25 23:19:37,455 - Trading System - INFO - Monitor Bot is alive: True
2025-03-25 23:19:37,456 - Trading Bot - INFO - Market is closed, waiting...
2025-03-25 23:19:37,456 - Trading System - INFO - Improvement Bot is alive: True
2025-03-25 23:19:37,456 - Trading Bot - INFO - Sleeping for 60 seconds
2025-03-25 23:20:37,456 - Trading System - INFO - Trading Bot is alive: True
2025-03-25 23:20:37,457 - Trading Bot - INFO - Starting trading cycle
2025-03-25 23:20:37,458 - Trading System - INFO - Monitor Bot is alive: True
2025-03-25 23:20:37,458 - Trading Bot - INFO - Market is closed, waiting...
2025-03-25 23:20:37,458 - Trading System - INFO - Improvement Bot is alive: True
2025-03-25 23:20:37,458 - Trading Bot - INFO - Sleeping for 60 seconds
2025-03-25 23:21:37,466 - Trading System - INFO - Trading Bot is alive: True
2025-03-25 23:21:37,468 - Trading System - INFO - Monitor Bot is alive: True
2025-03-25 23:21:37,468 - Trading System - INFO - Improvement Bot is alive: True
2025-03-25 23:21:37,470 - Trading Bot - INFO - Starting trading cycle
2025-03-25 23:21:37,470 - Trading Bot - INFO - Market is closed, waiting...
2025-03-25 23:21:37,470 - Trading Bot - INFO - Sleeping for 60 seconds
2025-03-25 23:22:37,471 - Trading System - INFO - Trading Bot is alive: True
2025-03-25 23:22:37,471 - Trading Bot - INFO - Starting trading cycle
2025-03-25 23:22:37,471 - Trading System - INFO - Monitor Bot is alive: True
2025-03-25 23:22:37,472 - Trading Bot - INFO - Market is closed, waiting...
2025-03-25 23:22:37,472 - Trading System - INFO - Improvement Bot is alive: True
2025-03-25 23:22:37,472 - Trading Bot - INFO - Sleeping for 60 seconds
2025-03-25 23:23:37,476 - Trading Bot - INFO - Starting trading cycle
2025-03-25 23:23:37,476 - Trading System - INFO - Trading Bot is alive: True
2025-03-25 23:23:37,477 - Trading Bot - INFO - Market is closed, waiting...
2025-03-25 23:23:37,478 - Trading System - INFO - Monitor Bot is alive: True
2025-03-25 23:23:37,478 - Trading Bot - INFO - Sleeping for 60 seconds
2025-03-25 23:23:37,478 - Trading System - INFO - Improvement Bot is alive: True
2025-03-25 23:24:37,480 - Trading Bot - INFO - Starting trading cycle
2025-03-25 23:24:37,481 - Trading Bot - INFO - Market is closed, waiting...
2025-03-25 23:24:37,482 - Trading Bot - INFO - Sleeping for 60 seconds
2025-03-25 23:24:37,482 - Trading System - INFO - Trading Bot is alive: True
2025-03-25 23:24:37,482 - Trading System - INFO - Monitor Bot is alive: True
2025-03-25 23:24:37,482 - Trading System - INFO - Improvement Bot is alive: True
2025-03-25 23:25:37,485 - Trading System - INFO - Trading Bot is alive: True
2025-03-25 23:25:37,485 - Trading Bot - INFO - Starting trading cycle
2025-03-25 23:25:37,486 - Trading System - INFO - Monitor Bot is alive: True
2025-03-25 23:25:37,486 - Trading Bot - INFO - Market is closed, waiting...
2025-03-25 23:25:37,486 - Trading System - INFO - Improvement Bot is alive: True
2025-03-25 23:25:37,486 - Trading Bot - INFO - Sleeping for 60 seconds
2025-03-25 23:26:37,490 - Trading System - INFO - Trading Bot is alive: True
2025-03-25 23:26:37,490 - Trading Bot - INFO - Starting trading cycle
2025-03-25 23:26:37,490 - Trading System - INFO - Monitor Bot is alive: True
2025-03-25 23:26:37,491 - Trading Bot - INFO - Market is closed, waiting...
2025-03-25 23:26:37,491 - Trading System - INFO - Improvement Bot is alive: True
2025-03-25 23:26:37,491 - Trading Bot - INFO - Sleeping for 60 seconds
2025-03-25 23:27:37,493 - Trading System - INFO - Trading Bot is alive: True
2025-03-25 23:27:37,493 - Trading Bot - INFO - Starting trading cycle
2025-03-25 23:27:37,494 - Trading System - INFO - Monitor Bot is alive: True
2025-03-25 23:27:37,494 - Trading Bot - INFO - Market is closed, waiting...
2025-03-25 23:27:37,495 - Trading System - INFO - Improvement Bot is alive: True
2025-03-25 23:27:37,495 - Trading Bot - INFO - Sleeping for 60 seconds
2025-03-25 23:28:37,496 - Trading Bot - INFO - Starting trading cycle
2025-03-25 23:28:37,497 - Trading Bot - INFO - Market is closed, waiting...
2025-03-25 23:28:37,497 - Trading Bot - INFO - Sleeping for 60 seconds
2025-03-25 23:28:37,499 - Trading System - INFO - Trading Bot is alive: True
2025-03-25 23:28:37,499 - Trading System - INFO - Monitor Bot is alive: True
2025-03-25 23:28:37,499 - Trading System - INFO - Improvement Bot is alive: True
2025-03-25 23:29:37,501 - Trading System - INFO - Trading Bot is alive: True
2025-03-25 23:29:37,502 - Trading Bot - INFO - Starting trading cycle
2025-03-25 23:29:37,503 - Trading System - INFO - Monitor Bot is alive: True
2025-03-25 23:29:37,503 - Trading Bot - INFO - Market is closed, waiting...
2025-03-25 23:29:37,503 - Trading System - INFO - Improvement Bot is alive: True
2025-03-25 23:29:37,503 - Trading Bot - INFO - Sleeping for 60 seconds
2025-03-25 23:30:37,508 - Trading System - INFO - Trading Bot is alive: True
2025-03-25 23:30:37,508 - Trading Bot - INFO - Starting trading cycle
2025-03-25 23:30:37,509 - Trading System - INFO - Monitor Bot is alive: True
2025-03-25 23:30:37,509 - Trading Bot - INFO - Market is closed, waiting...
2025-03-25 23:30:37,509 - Trading System - INFO - Improvement Bot is alive: True
2025-03-25 23:30:37,509 - Trading Bot - INFO - Sleeping for 60 seconds
2025-03-25 23:31:37,512 - Trading Bot - INFO - Starting trading cycle
2025-03-25 23:31:37,512 - Trading Bot - INFO - Market is closed, waiting...
2025-03-25 23:31:37,512 - Trading Bot - INFO - Sleeping for 60 seconds
2025-03-25 23:31:37,514 - Trading System - INFO - Trading Bot is alive: True
2025-03-25 23:31:37,514 - Trading System - INFO - Monitor Bot is alive: True
2025-03-25 23:31:37,514 - Trading System - INFO - Improvement Bot is alive: True
2025-03-25 23:32:37,516 - Trading System - INFO - Trading Bot is alive: True
2025-03-25 23:32:37,517 - Trading Bot - INFO - Starting trading cycle
2025-03-25 23:32:37,517 - Trading System - INFO - Monitor Bot is alive: True
2025-03-25 23:32:37,517 - Trading Bot - INFO - Market is closed, waiting...
2025-03-25 23:32:37,517 - Trading System - INFO - Improvement Bot is alive: True
2025-03-25 23:32:37,518 - Trading Bot - INFO - Sleeping for 60 seconds
2025-03-25 23:33:37,520 - Trading System - INFO - Trading Bot is alive: True
2025-03-25 23:33:37,520 - Trading System - INFO - Monitor Bot is alive: True
2025-03-25 23:33:37,520 - Trading System - INFO - Improvement Bot is alive: True
2025-03-25 23:33:37,522 - Trading Bot - INFO - Starting trading cycle
2025-03-25 23:33:37,522 - Trading Bot - INFO - Market is closed, waiting...
2025-03-25 23:33:37,522 - Trading Bot - INFO - Sleeping for 60 seconds
2025-03-25 23:34:37,523 - Trading Bot - INFO - Starting trading cycle
2025-03-25 23:34:37,523 - Trading System - INFO - Trading Bot is alive: True
2025-03-25 23:34:37,523 - Trading Bot - INFO - Market is closed, waiting...
2025-03-25 23:34:37,524 - Trading System - INFO - Monitor Bot is alive: True
2025-03-25 23:34:37,524 - Trading Bot - INFO - Sleeping for 60 seconds
2025-03-25 23:34:37,524 - Trading System - INFO - Improvement Bot is alive: True
2025-03-25 23:35:37,527 - Trading Bot - INFO - Starting trading cycle
2025-03-25 23:35:37,527 - Trading System - INFO - Trading Bot is alive: True
2025-03-25 23:35:37,527 - Trading Bot - INFO - Market is closed, waiting...
2025-03-25 23:35:37,528 - Trading System - INFO - Monitor Bot is alive: True
2025-03-25 23:35:37,528 - Trading Bot - INFO - Sleeping for 60 seconds
2025-03-25 23:35:37,528 - Trading System - INFO - Improvement Bot is alive: True
2025-03-25 23:36:37,536 - Trading System - INFO - Trading Bot is alive: True
2025-03-25 23:36:37,536 - Trading Bot - INFO - Starting trading cycle
2025-03-25 23:36:37,536 - Trading System - INFO - Monitor Bot is alive: True
2025-03-25 23:36:37,537 - Trading Bot - INFO - Market is closed, waiting...
2025-03-25 23:36:37,537 - Trading System - INFO - Improvement Bot is alive: True
2025-03-25 23:36:37,537 - Trading Bot - INFO - Sleeping for 60 seconds
2025-03-25 23:37:37,542 - Trading Bot - INFO - Starting trading cycle
2025-03-25 23:37:37,542 - Trading System - INFO - Trading Bot is alive: True
2025-03-25 23:37:37,543 - Trading Bot - INFO - Market is closed, waiting...
2025-03-25 23:37:37,543 - Trading System - INFO - Monitor Bot is alive: True
2025-03-25 23:37:37,543 - Trading Bot - INFO - Sleeping for 60 seconds
2025-03-25 23:37:37,543 - Trading System - INFO - Improvement Bot is alive: True
2025-03-25 23:38:37,543 - Trading Bot - INFO - Starting trading cycle
2025-03-25 23:38:37,544 - Trading Bot - INFO - Market is closed, waiting...
2025-03-25 23:38:37,544 - Trading Bot - INFO - Sleeping for 60 seconds
2025-03-25 23:38:37,552 - Trading System - INFO - Trading Bot is alive: True
2025-03-25 23:38:37,552 - Trading System - INFO - Monitor Bot is alive: True
2025-03-25 23:38:37,552 - Trading System - INFO - Improvement Bot is alive: True
2025-03-26 00:12:04,308 - Trading System - INFO - Trading Bot is alive: True
2025-03-26 00:12:04,309 - Trading Bot - INFO - Starting trading cycle
2025-03-26 00:12:04,310 - Trading System - INFO - Monitor Bot is alive: True
2025-03-26 00:12:04,310 - Trading Bot - INFO - Market is closed, waiting...
2025-03-26 00:12:04,310 - Trading System - INFO - Improvement Bot is alive: True
2025-03-26 00:12:04,310 - Trading Bot - INFO - Sleeping for 60 seconds
2025-03-26 00:12:04,482 - Monitor Bot - INFO - Running scheduled task: Performance Metrics
2025-03-26 00:12:04,485 - Monitor Bot - INFO - === Performance Metrics ===
2025-03-26 00:12:04,485 - Monitor Bot - INFO - Date: 2025-03-25T15:36:59.456525
2025-03-26 00:12:04,485 - Monitor Bot - INFO - Total Trades: 72
2025-03-26 00:12:04,485 - Monitor Bot - INFO - Win Rate: 55.56%
2025-03-26 00:12:04,486 - Monitor Bot - INFO - Total Profit: $18.27
2025-03-26 00:12:04,486 - Monitor Bot - INFO - Average Profit per Trade: $0.25
2025-03-26 00:12:04,486 - Monitor Bot - ERROR - Error extracting performance metrics: 'avg_profit_pct'
2025-03-26 00:12:04,486 - Monitor Bot - WARNING - Task Performance Metrics completed with warnings
2025-03-26 00:24:11,995 - Trading System - INFO - Trading Bot is alive: True
2025-03-26 00:24:11,995 - Trading Bot - INFO - Starting trading cycle
2025-03-26 00:24:11,996 - Trading System - INFO - Monitor Bot is alive: True
2025-03-26 00:24:11,996 - Trading Bot - INFO - Market is closed, waiting...
2025-03-26 00:24:11,997 - Trading System - INFO - Improvement Bot is alive: True
2025-03-26 00:24:11,997 - Trading Bot - INFO - Sleeping for 60 seconds
2025-03-26 00:42:22,264 - Trading Bot - INFO - Starting trading cycle
2025-03-26 00:42:22,264 - Trading System - INFO - Trading Bot is alive: True
2025-03-26 00:42:22,264 - Trading Bot - INFO - Market is closed, waiting...
2025-03-26 00:42:22,264 - Trading System - INFO - Monitor Bot is alive: True
2025-03-26 00:42:22,265 - Trading Bot - INFO - Sleeping for 60 seconds
2025-03-26 00:42:22,265 - Trading System - INFO - Improvement Bot is alive: True
2025-03-26 00:59:48,670 - Trading System - INFO - Trading Bot is alive: True
2025-03-26 00:59:48,670 - Trading Bot - INFO - Starting trading cycle
2025-03-26 00:59:48,672 - Trading System - INFO - Monitor Bot is alive: True
2025-03-26 00:59:48,672 - Trading Bot - INFO - Market is closed, waiting...
2025-03-26 00:59:48,672 - Trading System - INFO - Improvement Bot is alive: True
2025-03-26 00:59:48,672 - Trading Bot - INFO - Sleeping for 60 seconds
2025-03-26 01:16:19,594 - Trading Bot - INFO - Starting trading cycle
2025-03-26 01:16:19,594 - Trading System - INFO - Trading Bot is alive: True
2025-03-26 01:16:19,595 - Trading Bot - INFO - Market is closed, waiting...
2025-03-26 01:16:19,596 - Trading System - INFO - Monitor Bot is alive: True
2025-03-26 01:16:19,596 - Trading Bot - INFO - Sleeping for 60 seconds
2025-03-26 01:16:19,596 - Trading System - INFO - Improvement Bot is alive: True
2025-03-26 01:16:19,768 - Monitor Bot - INFO - Running scheduled task: Performance Metrics
2025-03-26 01:16:19,770 - Monitor Bot - INFO - === Performance Metrics ===
2025-03-26 01:16:19,770 - Monitor Bot - INFO - Date: 2025-03-25T15:36:59.456525
2025-03-26 01:16:19,770 - Monitor Bot - INFO - Total Trades: 72
2025-03-26 01:16:19,771 - Monitor Bot - INFO - Win Rate: 55.56%
2025-03-26 01:16:19,771 - Monitor Bot - INFO - Total Profit: $18.27
2025-03-26 01:16:19,771 - Monitor Bot - INFO - Average Profit per Trade: $0.25
2025-03-26 01:16:19,771 - Monitor Bot - ERROR - Error extracting performance metrics: 'avg_profit_pct'
2025-03-26 01:16:19,771 - Monitor Bot - WARNING - Task Performance Metrics completed with warnings
2025-03-26 01:37:44,461 - Trading System - INFO - Trading Bot is alive: True
2025-03-26 01:37:44,462 - Trading Bot - INFO - Starting trading cycle
2025-03-26 01:37:44,462 - Trading System - INFO - Monitor Bot is alive: True
2025-03-26 01:37:44,462 - Trading Bot - INFO - Market is closed, waiting...
2025-03-26 01:37:44,462 - Trading System - INFO - Improvement Bot is alive: True
2025-03-26 01:37:44,462 - Trading Bot - INFO - Sleeping for 60 seconds
2025-03-26 01:54:41,123 - Trading Bot - INFO - Starting trading cycle
2025-03-26 01:54:41,123 - Trading System - INFO - Trading Bot is alive: True
2025-03-26 01:54:41,124 - Trading System - INFO - Monitor Bot is alive: True
2025-03-26 01:54:41,123 - Trading Bot - INFO - Market is closed, waiting...
2025-03-26 01:54:41,124 - Trading System - INFO - Improvement Bot is alive: True
2025-03-26 01:54:41,124 - Trading Bot - INFO - Sleeping for 60 seconds
2025-03-26 02:10:53,125 - Trading System - INFO - Trading Bot is alive: True
2025-03-26 02:10:53,126 - Trading Bot - INFO - Starting trading cycle
2025-03-26 02:10:53,127 - Trading System - INFO - Monitor Bot is alive: True
2025-03-26 02:10:53,128 - Trading Bot - INFO - Market is closed, waiting...
2025-03-26 02:10:53,128 - Trading System - INFO - Improvement Bot is alive: True
2025-03-26 02:10:53,128 - Trading Bot - INFO - Sleeping for 60 seconds
2025-03-26 02:11:53,140 - Trading Bot - INFO - Starting trading cycle
2025-03-26 02:11:53,141 - Trading System - INFO - Trading Bot is alive: True
2025-03-26 02:11:53,141 - Trading Bot - INFO - Market is closed, waiting...
2025-03-26 02:11:53,141 - Trading System - INFO - Monitor Bot is alive: True
2025-03-26 02:11:53,142 - Trading Bot - INFO - Sleeping for 60 seconds
2025-03-26 02:11:53,142 - Trading System - INFO - Improvement Bot is alive: True
2025-03-26 02:29:41,140 - Trading Bot - INFO - Starting trading cycle
2025-03-26 02:29:41,140 - Trading System - INFO - Trading Bot is alive: True
2025-03-26 02:29:41,141 - Trading Bot - INFO - Market is closed, waiting...
2025-03-26 02:29:41,142 - Trading System - INFO - Monitor Bot is alive: True
2025-03-26 02:29:41,142 - Trading Bot - INFO - Sleeping for 60 seconds
2025-03-26 02:29:41,142 - Trading System - INFO - Improvement Bot is alive: True
2025-03-26 02:29:41,324 - Monitor Bot - INFO - Running scheduled task: Performance Metrics
2025-03-26 02:29:41,325 - Monitor Bot - INFO - === Performance Metrics ===
2025-03-26 02:29:41,325 - Monitor Bot - INFO - Date: 2025-03-25T15:36:59.456525
2025-03-26 02:29:41,326 - Monitor Bot - INFO - Total Trades: 72
2025-03-26 02:29:41,326 - Monitor Bot - INFO - Win Rate: 55.56%
2025-03-26 02:29:41,326 - Monitor Bot - INFO - Total Profit: $18.27
2025-03-26 02:29:41,326 - Monitor Bot - INFO - Average Profit per Trade: $0.25
2025-03-26 02:29:41,326 - Monitor Bot - ERROR - Error extracting performance metrics: 'avg_profit_pct'
2025-03-26 02:29:41,326 - Monitor Bot - WARNING - Task Performance Metrics completed with warnings
2025-03-26 02:46:12,083 - Trading System - INFO - Trading Bot is alive: True
2025-03-26 02:46:12,083 - Trading Bot - INFO - Starting trading cycle
2025-03-26 02:46:12,085 - Trading System - INFO - Monitor Bot is alive: True
2025-03-26 02:46:12,085 - Trading Bot - INFO - Market is closed, waiting...
2025-03-26 02:46:12,085 - Trading System - INFO - Improvement Bot is alive: True
2025-03-26 02:46:12,085 - Trading Bot - INFO - Sleeping for 60 seconds
2025-03-26 03:02:20,602 - Trading System - INFO - Trading Bot is alive: True
2025-03-26 03:02:20,602 - Trading Bot - INFO - Starting trading cycle
2025-03-26 03:02:20,602 - Trading System - INFO - Monitor Bot is alive: True
2025-03-26 03:02:20,603 - Trading Bot - INFO - Market is closed, waiting...
2025-03-26 03:02:20,603 - Trading System - INFO - Improvement Bot is alive: True
2025-03-26 03:02:20,603 - Trading Bot - INFO - Sleeping for 60 seconds
2025-03-26 03:03:20,595 - Trading Bot - INFO - Starting trading cycle
2025-03-26 03:03:20,596 - Trading Bot - INFO - Market is closed, waiting...
2025-03-26 03:03:20,596 - Trading Bot - INFO - Sleeping for 60 seconds
2025-03-26 03:03:20,602 - Trading System - INFO - Trading Bot is alive: True
2025-03-26 03:03:20,602 - Trading System - INFO - Monitor Bot is alive: True
2025-03-26 03:03:20,602 - Trading System - INFO - Improvement Bot is alive: True
2025-03-26 03:04:20,597 - Trading Bot - INFO - Starting trading cycle
2025-03-26 03:04:20,598 - Trading Bot - INFO - Market is closed, waiting...
2025-03-26 03:04:20,598 - Trading Bot - INFO - Sleeping for 60 seconds
2025-03-26 03:04:20,603 - Trading System - INFO - Trading Bot is alive: True
2025-03-26 03:04:20,603 - Trading System - INFO - Monitor Bot is alive: True
2025-03-26 03:04:20,603 - Trading System - INFO - Improvement Bot is alive: True
2025-03-26 03:05:20,603 - Trading Bot - INFO - Starting trading cycle
2025-03-26 03:05:20,604 - Trading Bot - INFO - Market is closed, waiting...
2025-03-26 03:05:20,604 - Trading Bot - INFO - Sleeping for 60 seconds
2025-03-26 03:05:20,609 - Trading System - INFO - Trading Bot is alive: True
2025-03-26 03:05:20,609 - Trading System - INFO - Monitor Bot is alive: True
2025-03-26 03:05:20,610 - Trading System - INFO - Improvement Bot is alive: True
2025-03-26 03:22:26,170 - Trading System - INFO - Trading Bot is alive: True
2025-03-26 03:22:26,170 - Trading Bot - INFO - Starting trading cycle
2025-03-26 03:22:26,172 - Trading System - INFO - Monitor Bot is alive: True
2025-03-26 03:22:26,172 - Trading Bot - INFO - Market is closed, waiting...
2025-03-26 03:22:26,172 - Trading System - INFO - Improvement Bot is alive: True
2025-03-26 03:22:26,172 - Trading Bot - INFO - Sleeping for 60 seconds
2025-03-26 03:39:03,107 - Trading System - INFO - Trading Bot is alive: True
2025-03-26 03:39:03,107 - Trading Bot - INFO - Starting trading cycle
2025-03-26 03:39:03,108 - Trading System - INFO - Monitor Bot is alive: True
2025-03-26 03:39:03,108 - Trading Bot - INFO - Market is closed, waiting...
2025-03-26 03:39:03,108 - Trading System - INFO - Improvement Bot is alive: True
2025-03-26 03:39:03,109 - Trading Bot - INFO - Sleeping for 60 seconds
2025-03-26 03:39:03,298 - Monitor Bot - INFO - Running scheduled task: Performance Metrics
2025-03-26 03:39:03,300 - Monitor Bot - INFO - === Performance Metrics ===
2025-03-26 03:39:03,300 - Monitor Bot - INFO - Date: 2025-03-25T15:36:59.456525
2025-03-26 03:39:03,300 - Monitor Bot - INFO - Total Trades: 72
2025-03-26 03:39:03,300 - Monitor Bot - INFO - Win Rate: 55.56%
2025-03-26 03:39:03,300 - Monitor Bot - INFO - Total Profit: $18.27
2025-03-26 03:39:03,300 - Monitor Bot - INFO - Average Profit per Trade: $0.25
2025-03-26 03:39:03,300 - Monitor Bot - ERROR - Error extracting performance metrics: 'avg_profit_pct'
2025-03-26 03:39:03,300 - Monitor Bot - WARNING - Task Performance Metrics completed with warnings
2025-03-26 04:12:31,023 - Trading Bot - INFO - Starting trading cycle
2025-03-26 04:12:31,023 - Trading System - INFO - Trading Bot is alive: True
2025-03-26 04:12:31,024 - Trading Bot - INFO - Market is closed, waiting...
2025-03-26 04:12:31,025 - Trading System - INFO - Monitor Bot is alive: True
2025-03-26 04:12:31,025 - Trading Bot - INFO - Sleeping for 60 seconds
2025-03-26 04:12:31,025 - Trading System - INFO - Improvement Bot is alive: True
2025-03-26 04:30:00,981 - Trading System - INFO - Trading Bot is alive: True
2025-03-26 04:30:00,981 - Trading Bot - INFO - Starting trading cycle
2025-03-26 04:30:00,983 - Trading System - INFO - Monitor Bot is alive: True
2025-03-26 04:30:00,983 - Trading Bot - INFO - Market is closed, waiting...
2025-03-26 04:30:00,983 - Trading System - INFO - Improvement Bot is alive: True
2025-03-26 04:30:00,983 - Trading Bot - INFO - Sleeping for 60 seconds
2025-03-26 04:46:32,858 - Trading Bot - INFO - Starting trading cycle
2025-03-26 04:46:32,858 - Trading System - INFO - Trading Bot is alive: True
2025-03-26 04:46:32,859 - Trading Bot - INFO - Market is closed, waiting...
2025-03-26 04:46:32,859 - Trading System - INFO - Monitor Bot is alive: True
2025-03-26 04:46:32,859 - Trading Bot - INFO - Sleeping for 60 seconds
2025-03-26 04:46:32,859 - Trading System - INFO - Improvement Bot is alive: True
2025-03-26 04:46:33,048 - Monitor Bot - INFO - Running scheduled task: Performance Metrics
2025-03-26 04:46:33,050 - Monitor Bot - INFO - === Performance Metrics ===
2025-03-26 04:46:33,050 - Monitor Bot - INFO - Date: 2025-03-25T15:36:59.456525
2025-03-26 04:46:33,051 - Monitor Bot - INFO - Total Trades: 72
2025-03-26 04:46:33,051 - Monitor Bot - INFO - Win Rate: 55.56%
2025-03-26 04:46:33,051 - Monitor Bot - INFO - Total Profit: $18.27
2025-03-26 04:46:33,051 - Monitor Bot - INFO - Average Profit per Trade: $0.25
2025-03-26 04:46:33,051 - Monitor Bot - ERROR - Error extracting performance metrics: 'avg_profit_pct'
2025-03-26 04:46:33,051 - Monitor Bot - WARNING - Task Performance Metrics completed with warnings
2025-03-26 05:02:54,652 - Trading System - INFO - Trading Bot is alive: True
2025-03-26 05:02:54,653 - Trading Bot - INFO - Starting trading cycle
2025-03-26 05:02:54,654 - Trading System - INFO - Monitor Bot is alive: True
2025-03-26 05:02:54,654 - Trading Bot - INFO - Market is closed, waiting...
2025-03-26 05:02:54,654 - Trading System - INFO - Improvement Bot is alive: True
2025-03-26 05:02:54,654 - Trading Bot - INFO - Sleeping for 60 seconds
2025-03-26 05:18:59,606 - Trading System - INFO - Trading Bot is alive: True
2025-03-26 05:18:59,606 - Trading Bot - INFO - Starting trading cycle
2025-03-26 05:18:59,608 - Trading System - INFO - Monitor Bot is alive: True
2025-03-26 05:18:59,608 - Trading Bot - INFO - Market is closed, waiting...
2025-03-26 05:18:59,608 - Trading System - INFO - Improvement Bot is alive: True
2025-03-26 05:18:59,608 - Trading Bot - INFO - Sleeping for 60 seconds
2025-03-26 05:46:12,535 - Trading Bot - INFO - Starting trading cycle
2025-03-26 05:46:12,535 - Trading System - INFO - Trading Bot is alive: True
2025-03-26 05:46:12,536 - Trading Bot - INFO - Market is closed, waiting...
2025-03-26 05:46:12,536 - Trading System - INFO - Monitor Bot is alive: True
2025-03-26 05:46:12,536 - Trading Bot - INFO - Sleeping for 60 seconds
2025-03-26 05:46:12,537 - Trading System - INFO - Improvement Bot is alive: True
2025-03-26 06:02:14,204 - Trading Bot - INFO - Starting trading cycle
2025-03-26 06:02:14,205 - Trading System - INFO - Trading Bot is alive: True
2025-03-26 06:02:14,206 - Trading Bot - INFO - Market is closed, waiting...
2025-03-26 06:02:14,206 - Trading System - INFO - Monitor Bot is alive: True
2025-03-26 06:02:14,206 - Trading Bot - INFO - Sleeping for 60 seconds
2025-03-26 06:02:14,206 - Trading System - INFO - Improvement Bot is alive: True
2025-03-26 06:02:14,394 - Monitor Bot - INFO - Running scheduled task: Performance Metrics
2025-03-26 06:02:14,395 - Monitor Bot - INFO - === Performance Metrics ===
2025-03-26 06:02:14,395 - Monitor Bot - INFO - Date: 2025-03-25T15:36:59.456525
2025-03-26 06:02:14,395 - Monitor Bot - INFO - Total Trades: 72
2025-03-26 06:02:14,396 - Monitor Bot - INFO - Win Rate: 55.56%
2025-03-26 06:02:14,396 - Monitor Bot - INFO - Total Profit: $18.27
2025-03-26 06:02:14,396 - Monitor Bot - INFO - Average Profit per Trade: $0.25
2025-03-26 06:02:14,396 - Monitor Bot - ERROR - Error extracting performance metrics: 'avg_profit_pct'
2025-03-26 06:02:14,396 - Monitor Bot - WARNING - Task Performance Metrics completed with warnings
2025-03-26 06:19:12,097 - Trading Bot - INFO - Starting trading cycle
2025-03-26 06:19:12,098 - Trading System - INFO - Trading Bot is alive: True
2025-03-26 06:19:12,098 - Trading Bot - INFO - Market is closed, waiting...
2025-03-26 06:19:12,098 - Trading System - INFO - Monitor Bot is alive: True
2025-03-26 06:19:12,098 - Trading Bot - INFO - Sleeping for 60 seconds
2025-03-26 06:19:12,098 - Trading System - INFO - Improvement Bot is alive: True
2025-03-26 06:37:25,112 - Trading System - INFO - Trading Bot is alive: True
2025-03-26 06:37:25,112 - Trading Bot - INFO - Starting trading cycle
2025-03-26 06:37:25,113 - Trading System - INFO - Monitor Bot is alive: True
2025-03-26 06:37:25,113 - Trading Bot - INFO - Market is closed, waiting...
2025-03-26 06:37:25,114 - Trading System - INFO - Improvement Bot is alive: True
2025-03-26 06:37:25,114 - Trading Bot - INFO - Sleeping for 60 seconds
2025-03-26 06:55:01,096 - Trading Bot - INFO - Starting trading cycle
2025-03-26 06:55:01,096 - Trading System - INFO - Trading Bot is alive: True
2025-03-26 06:55:01,097 - Trading Bot - INFO - Market is closed, waiting...
2025-03-26 06:55:01,097 - Trading System - INFO - Monitor Bot is alive: True
2025-03-26 06:55:01,097 - Trading Bot - INFO - Sleeping for 60 seconds
2025-03-26 06:55:01,097 - Trading System - INFO - Improvement Bot is alive: True
2025-03-26 07:28:16,002 - Trading Bot - INFO - Starting trading cycle
2025-03-26 07:28:16,002 - Trading System - INFO - Trading Bot is alive: True
2025-03-26 07:28:16,003 - Trading Bot - INFO - Market is closed, waiting...
2025-03-26 07:28:16,003 - Trading System - INFO - Monitor Bot is alive: True
2025-03-26 07:28:16,004 - Trading Bot - INFO - Sleeping for 60 seconds
2025-03-26 07:28:16,004 - Trading System - INFO - Improvement Bot is alive: True
2025-03-26 07:28:16,191 - Monitor Bot - INFO - Running scheduled task: Performance Metrics
2025-03-26 07:28:16,193 - Monitor Bot - INFO - === Performance Metrics ===
2025-03-26 07:28:16,193 - Monitor Bot - INFO - Date: 2025-03-25T15:36:59.456525
2025-03-26 07:28:16,193 - Monitor Bot - INFO - Total Trades: 72
2025-03-26 07:28:16,193 - Monitor Bot - INFO - Win Rate: 55.56%
2025-03-26 07:28:16,193 - Monitor Bot - INFO - Total Profit: $18.27
2025-03-26 07:28:16,193 - Monitor Bot - INFO - Average Profit per Trade: $0.25
2025-03-26 07:28:16,193 - Monitor Bot - ERROR - Error extracting performance metrics: 'avg_profit_pct'
2025-03-26 07:28:16,193 - Monitor Bot - WARNING - Task Performance Metrics completed with warnings
2025-03-26 07:29:24,215 - Trading System - INFO - Trading Bot is alive: True
2025-03-26 07:29:24,215 - Trading Bot - INFO - Starting trading cycle
2025-03-26 07:29:24,216 - Trading System - INFO - Monitor Bot is alive: True
2025-03-26 07:29:24,216 - Trading Bot - INFO - Market is closed, waiting...
2025-03-26 07:29:24,216 - Trading System - INFO - Improvement Bot is alive: True
2025-03-26 07:29:24,217 - Trading Bot - INFO - Sleeping for 60 seconds
2025-03-26 07:46:15,543 - Trading System - INFO - Trading Bot is alive: True
2025-03-26 07:46:15,543 - Trading Bot - INFO - Starting trading cycle
2025-03-26 07:46:15,544 - Trading System - INFO - Monitor Bot is alive: True
2025-03-26 07:46:15,544 - Trading Bot - INFO - Market is closed, waiting...
2025-03-26 07:46:15,545 - Trading System - INFO - Improvement Bot is alive: True
2025-03-26 07:46:15,545 - Trading Bot - INFO - Sleeping for 60 seconds
2025-03-26 08:03:56,791 - Trading Bot - INFO - Starting trading cycle
2025-03-26 08:03:56,791 - Trading System - INFO - Trading Bot is alive: True
2025-03-26 08:03:56,793 - Trading Bot - INFO - Market is closed, waiting...
2025-03-26 08:03:56,793 - Trading System - INFO - Monitor Bot is alive: True
2025-03-26 08:03:56,793 - Trading Bot - INFO - Sleeping for 60 seconds
2025-03-26 08:03:56,793 - Trading System - INFO - Improvement Bot is alive: True
2025-03-26 08:21:04,711 - Trading System - INFO - Trading Bot is alive: True
2025-03-26 08:21:04,712 - Trading Bot - INFO - Starting trading cycle
2025-03-26 08:21:04,713 - Trading System - INFO - Monitor Bot is alive: True
2025-03-26 08:21:04,713 - Trading Bot - INFO - Market is closed, waiting...
2025-03-26 08:21:04,713 - Trading System - INFO - Improvement Bot is alive: True
2025-03-26 08:21:04,713 - Trading Bot - INFO - Sleeping for 60 seconds
2025-03-26 08:45:13,496 - Trading System - INFO - Trading Bot is alive: True
2025-03-26 08:45:13,496 - Trading Bot - INFO - Starting trading cycle
2025-03-26 08:45:13,497 - Trading System - INFO - Monitor Bot is alive: True
2025-03-26 08:45:13,497 - Trading Bot - INFO - Market is closed, waiting...
2025-03-26 08:45:13,498 - Trading System - INFO - Improvement Bot is alive: True
2025-03-26 08:45:13,498 - Trading Bot - INFO - Sleeping for 60 seconds
2025-03-26 08:45:13,682 - Monitor Bot - INFO - Running scheduled task: Performance Metrics
2025-03-26 08:45:13,684 - Monitor Bot - INFO - === Performance Metrics ===
2025-03-26 08:45:13,684 - Monitor Bot - INFO - Date: 2025-03-25T15:36:59.456525
2025-03-26 08:45:13,684 - Monitor Bot - INFO - Total Trades: 72
2025-03-26 08:45:13,685 - Monitor Bot - INFO - Win Rate: 55.56%
2025-03-26 08:45:13,685 - Monitor Bot - INFO - Total Profit: $18.27
2025-03-26 08:45:13,685 - Monitor Bot - INFO - Average Profit per Trade: $0.25
2025-03-26 08:45:13,685 - Monitor Bot - ERROR - Error extracting performance metrics: 'avg_profit_pct'
2025-03-26 08:45:13,685 - Monitor Bot - WARNING - Task Performance Metrics completed with warnings
2025-03-26 09:03:00,817 - Trading System - INFO - Trading Bot is alive: True
2025-03-26 09:03:00,817 - Trading Bot - INFO - Starting trading cycle
2025-03-26 09:03:00,818 - Trading System - INFO - Monitor Bot is alive: True
2025-03-26 09:03:00,818 - Trading Bot - INFO - Processing AAPL
2025-03-26 09:03:00,818 - Trading System - INFO - Improvement Bot is alive: True
2025-03-26 09:03:00,819 - Trading Bot - INFO - SELL signal for AAPL (score: 0.0878)
2025-03-26 09:03:00,819 - Trading Bot - WARNING - Cannot sell AAPL - no position
2025-03-26 09:03:00,819 - Trading Bot - INFO - Processing MSFT
2025-03-26 09:03:00,820 - Trading Bot - INFO - SELL signal for MSFT (score: 0.2793)
2025-03-26 09:03:00,820 - Trading Bot - WARNING - Cannot sell MSFT - no position
2025-03-26 09:03:00,820 - Trading Bot - INFO - Processing GOOGL
2025-03-26 09:03:00,820 - Trading Bot - INFO - SELL signal for GOOGL (score: 0.2421)
2025-03-26 09:03:00,820 - Trading Bot - WARNING - Cannot sell GOOGL - no position
2025-03-26 09:03:00,825 - Trading Bot - INFO - Performance metrics saved: 40/72 winning trades
2025-03-26 09:03:00,825 - Trading Bot - INFO - Sleeping for 60 seconds
2025-03-26 09:19:07,940 - Trading Bot - INFO - Starting trading cycle
2025-03-26 09:19:07,940 - Trading System - INFO - Trading Bot is alive: True
2025-03-26 09:19:07,941 - Trading Bot - INFO - Processing AAPL
2025-03-26 09:19:07,941 - Trading System - INFO - Monitor Bot is alive: True
2025-03-26 09:19:07,941 - Trading Bot - INFO - SELL signal for AAPL (score: 0.0596)
2025-03-26 09:19:07,941 - Trading System - INFO - Improvement Bot is alive: True
2025-03-26 09:19:07,942 - Trading Bot - WARNING - Cannot sell AAPL - no position
2025-03-26 09:19:07,942 - Trading Bot - INFO - Processing MSFT
2025-03-26 09:19:07,942 - Trading Bot - INFO - SELL signal for MSFT (score: 0.1271)
2025-03-26 09:19:07,942 - Trading Bot - WARNING - Cannot sell MSFT - no position
2025-03-26 09:19:07,942 - Trading Bot - INFO - Processing GOOGL
2025-03-26 09:19:07,942 - Trading Bot - INFO - SELL signal for GOOGL (score: 0.2820)
2025-03-26 09:19:07,943 - Trading Bot - WARNING - Cannot sell GOOGL - no position
2025-03-26 09:19:07,948 - Trading Bot - INFO - Performance metrics saved: 40/72 winning trades
2025-03-26 09:19:07,948 - Trading Bot - INFO - Sleeping for 60 seconds
2025-03-26 09:30:36,296 - Trading System - INFO - Trading Bot is alive: True
2025-03-26 09:30:36,296 - Trading Bot - INFO - Starting trading cycle
2025-03-26 09:30:36,297 - Trading System - INFO - Monitor Bot is alive: True
2025-03-26 09:30:36,298 - Trading Bot - INFO - Processing AAPL
2025-03-26 09:30:36,298 - Trading System - INFO - Improvement Bot is alive: True
2025-03-26 09:30:36,298 - Trading Bot - INFO - HOLD signal for AAPL (score: 0.8993)
2025-03-26 09:30:36,298 - Trading Bot - INFO - Processing MSFT
2025-03-26 09:30:36,298 - Trading Bot - INFO - SELL signal for MSFT (score: 0.1811)
2025-03-26 09:30:36,298 - Trading Bot - WARNING - Cannot sell MSFT - no position
2025-03-26 09:30:36,298 - Trading Bot - INFO - Processing GOOGL
2025-03-26 09:30:36,298 - Trading Bot - INFO - HOLD signal for GOOGL (score: 0.6596)
2025-03-26 09:30:36,304 - Trading Bot - INFO - Performance metrics saved: 40/72 winning trades
2025-03-26 09:30:36,305 - Trading Bot - INFO - Sleeping for 60 seconds
2025-03-26 09:44:19,583 - Trading System - INFO - Trading Bot is alive: True
2025-03-26 09:44:19,583 - Trading Bot - INFO - Starting trading cycle
2025-03-26 09:44:19,584 - Trading System - INFO - Monitor Bot is alive: True
2025-03-26 09:44:19,585 - Trading Bot - INFO - Processing AAPL
2025-03-26 09:44:19,585 - Trading System - INFO - Improvement Bot is alive: True
2025-03-26 09:44:19,585 - Trading Bot - INFO - SELL signal for AAPL (score: 0.1813)
2025-03-26 09:44:19,585 - Trading Bot - WARNING - Cannot sell AAPL - no position
2025-03-26 09:44:19,585 - Trading Bot - INFO - Processing MSFT
2025-03-26 09:44:19,586 - Trading Bot - INFO - HOLD signal for MSFT (score: 0.6392)
2025-03-26 09:44:19,586 - Trading Bot - INFO - Processing GOOGL
2025-03-26 09:44:19,586 - Trading Bot - INFO - SELL signal for GOOGL (score: 0.2636)
2025-03-26 09:44:19,586 - Trading Bot - WARNING - Cannot sell GOOGL - no position
2025-03-26 09:44:19,590 - Trading Bot - INFO - Performance metrics saved: 40/72 winning trades
2025-03-26 09:44:19,591 - Trading Bot - INFO - Sleeping for 60 seconds
2025-03-26 10:00:25,044 - Trading System - INFO - Trading Bot is alive: True
2025-03-26 10:00:25,044 - Trading Bot - INFO - Starting trading cycle
2025-03-26 10:00:25,044 - Trading System - INFO - Monitor Bot is alive: True
2025-03-26 10:00:25,044 - Trading Bot - INFO - Processing AAPL
2025-03-26 10:00:25,044 - Trading System - INFO - Improvement Bot is alive: True
2025-03-26 10:00:25,045 - Trading Bot - INFO - HOLD signal for AAPL (score: 0.3572)
2025-03-26 10:00:25,045 - Trading Bot - INFO - Processing MSFT
2025-03-26 10:00:25,045 - Trading Bot - INFO - SELL signal for MSFT (score: 0.1571)
2025-03-26 10:00:25,045 - Trading Bot - WARNING - Cannot sell MSFT - no position
2025-03-26 10:00:25,045 - Trading Bot - INFO - Processing GOOGL
2025-03-26 10:00:25,046 - Trading Bot - INFO - HOLD signal for GOOGL (score: 0.9640)
2025-03-26 10:00:25,050 - Trading Bot - INFO - Performance metrics saved: 40/72 winning trades
2025-03-26 10:00:25,050 - Trading Bot - INFO - Sleeping for 60 seconds
2025-03-26 10:00:25,228 - Monitor Bot - INFO - Running scheduled task: Performance Metrics
2025-03-26 10:00:25,230 - Monitor Bot - INFO - === Performance Metrics ===
2025-03-26 10:00:25,230 - Monitor Bot - INFO - Date: 2025-03-26T10:00:25.046236
2025-03-26 10:00:25,230 - Monitor Bot - INFO - Total Trades: 72
2025-03-26 10:00:25,230 - Monitor Bot - INFO - Win Rate: 55.56%
2025-03-26 10:00:25,230 - Monitor Bot - INFO - Total Profit: $18.27
2025-03-26 10:00:25,230 - Monitor Bot - INFO - Average Profit per Trade: $0.25
2025-03-26 10:00:25,230 - Monitor Bot - ERROR - Error extracting performance metrics: 'avg_profit_pct'
2025-03-26 10:00:25,230 - Monitor Bot - WARNING - Task Performance Metrics completed with warnings
2025-03-26 10:23:40,028 - Improvement Bot - INFO - Running scheduled task: Code Quality Check - Trading Bot
2025-03-26 10:23:40,031 - Improvement Bot - INFO - No issues found in trading_bot
2025-03-26 10:23:40,031 - Improvement Bot - WARNING - Task Code Quality Check - Trading Bot completed with warnings
2025-03-26 10:23:40,031 - Improvement Bot - INFO - Running scheduled task: Code Quality Check - Monitor Bot
2025-03-26 10:23:40,034 - Improvement Bot - INFO - Found 2 issues in monitor_bot
2025-03-26 10:23:40,034 - Improvement Bot - INFO - Task Code Quality Check - Monitor Bot completed successfully
2025-03-26 10:23:40,034 - Improvement Bot - INFO - Running scheduled task: Code Quality Check - Improvement Bot
2025-03-26 10:23:40,036 - Improvement Bot - INFO - Found 6 issues in improvement_bot
2025-03-26 10:23:40,036 - Improvement Bot - INFO - Task Code Quality Check - Improvement Bot completed successfully
2025-03-26 10:23:40,036 - Improvement Bot - INFO - Running scheduled task: System Health Analysis
2025-03-26 10:23:40,038 - Improvement Bot - INFO - Win rate trend: +0.00%
2025-03-26 10:23:40,038 - Improvement Bot - INFO - Profit trend: +0.00%
2025-03-26 10:23:40,039 - Improvement Bot - INFO - System health analysis completed: healthy
2025-03-26 10:23:40,040 - Improvement Bot - INFO - Task System Health Analysis completed successfully
2025-03-26 10:23:40,934 - Trading System - INFO - Trading Bot is alive: True
2025-03-26 10:23:40,934 - Trading Bot - INFO - Starting trading cycle
2025-03-26 10:23:40,934 - Trading System - INFO - Monitor Bot is alive: True
2025-03-26 10:23:40,934 - Trading Bot - INFO - Processing AAPL
2025-03-26 10:23:40,934 - Trading System - INFO - Improvement Bot is alive: True
2025-03-26 10:23:40,935 - Trading Bot - INFO - HOLD signal for AAPL (score: 0.3851)
2025-03-26 10:23:40,935 - Trading Bot - INFO - Processing MSFT
2025-03-26 10:23:40,935 - Trading Bot - INFO - SELL signal for MSFT (score: 0.2826)
2025-03-26 10:23:40,935 - Trading Bot - WARNING - Cannot sell MSFT - no position
2025-03-26 10:23:40,935 - Trading Bot - INFO - Processing GOOGL
2025-03-26 10:23:40,936 - Trading Bot - INFO - SELL signal for GOOGL (score: 0.0871)
2025-03-26 10:23:40,936 - Trading Bot - WARNING - Cannot sell GOOGL - no position
2025-03-26 10:23:40,941 - Trading Bot - INFO - Performance metrics saved: 40/72 winning trades
2025-03-26 10:23:40,941 - Trading Bot - INFO - Sleeping for 60 seconds
2025-03-26 10:28:34,767 - Trading Bot - INFO - Starting trading cycle
2025-03-26 10:28:34,767 - Trading System - INFO - Trading Bot is alive: True
2025-03-26 10:28:34,768 - Trading Bot - INFO - Processing AAPL
2025-03-26 10:28:34,768 - Trading System - INFO - Monitor Bot is alive: True
2025-03-26 10:28:34,769 - Trading Bot - INFO - HOLD signal for AAPL (score: 0.7648)
2025-03-26 10:28:34,769 - Trading System - INFO - Improvement Bot is alive: True
2025-03-26 10:28:34,769 - Trading Bot - INFO - Processing MSFT
2025-03-26 10:28:34,769 - Trading Bot - INFO - HOLD signal for MSFT (score: 0.8841)
2025-03-26 10:28:34,769 - Trading Bot - INFO - Processing GOOGL
2025-03-26 10:28:34,769 - Trading Bot - INFO - HOLD signal for GOOGL (score: 0.3667)
2025-03-26 10:28:34,774 - Trading Bot - INFO - Performance metrics saved: 40/72 winning trades
2025-03-26 10:28:34,774 - Trading Bot - INFO - Sleeping for 60 seconds
2025-03-26 10:31:27,004 - Trading System - INFO - Trading Bot is alive: True
2025-03-26 10:31:27,005 - Trading Bot - INFO - Starting trading cycle
2025-03-26 10:31:27,005 - Trading System - INFO - Monitor Bot is alive: True
2025-03-26 10:31:27,005 - Trading Bot - INFO - Processing AAPL
2025-03-26 10:31:27,005 - Trading System - INFO - Improvement Bot is alive: True
2025-03-26 10:31:27,005 - Trading Bot - INFO - HOLD signal for AAPL (score: 0.5528)
2025-03-26 10:31:27,006 - Trading Bot - INFO - Processing MSFT
2025-03-26 10:31:27,006 - Trading Bot - INFO - HOLD signal for MSFT (score: 0.3787)
2025-03-26 10:31:27,006 - Trading Bot - INFO - Processing GOOGL
2025-03-26 10:31:27,006 - Trading Bot - INFO - SELL signal for GOOGL (score: 0.2292)
2025-03-26 10:31:27,006 - Trading Bot - WARNING - Cannot sell GOOGL - no position
2025-03-26 10:31:27,011 - Trading Bot - INFO - Performance metrics saved: 40/72 winning trades
2025-03-26 10:31:27,011 - Trading Bot - INFO - Sleeping for 60 seconds
2025-03-26 10:48:54,962 - Trading System - INFO - Trading Bot is alive: True
2025-03-26 10:48:54,962 - Trading Bot - INFO - Starting trading cycle
2025-03-26 10:48:54,962 - Trading System - INFO - Monitor Bot is alive: True
2025-03-26 10:48:54,962 - Trading Bot - INFO - Processing AAPL
2025-03-26 10:48:54,963 - Trading System - INFO - Improvement Bot is alive: True
2025-03-26 10:48:54,963 - Trading Bot - INFO - SELL signal for AAPL (score: 0.0742)
2025-03-26 10:48:54,963 - Trading Bot - WARNING - Cannot sell AAPL - no position
2025-03-26 10:48:54,963 - Trading Bot - INFO - Processing MSFT
2025-03-26 10:48:54,963 - Trading Bot - INFO - HOLD signal for MSFT (score: 0.6238)
2025-03-26 10:48:54,963 - Trading Bot - INFO - Processing GOOGL
2025-03-26 10:48:54,964 - Trading Bot - INFO - HOLD signal for GOOGL (score: 0.3859)
2025-03-26 10:48:54,969 - Trading Bot - INFO - Performance metrics saved: 40/72 winning trades
2025-03-26 10:48:54,969 - Trading Bot - INFO - Sleeping for 60 seconds
2025-03-26 10:49:54,971 - Trading System - INFO - Trading Bot is alive: True
2025-03-26 10:49:54,972 - Trading System - INFO - Monitor Bot is alive: True
2025-03-26 10:49:54,972 - Trading System - INFO - Improvement Bot is alive: True
2025-03-26 10:49:54,977 - Trading Bot - INFO - Starting trading cycle
2025-03-26 10:49:54,978 - Trading Bot - INFO - Processing AAPL
2025-03-26 10:49:54,978 - Trading Bot - INFO - HOLD signal for AAPL (score: 0.9567)
2025-03-26 10:49:54,978 - Trading Bot - INFO - Processing MSFT
2025-03-26 10:49:54,978 - Trading Bot - INFO - HOLD signal for MSFT (score: 0.6369)
2025-03-26 10:49:54,978 - Trading Bot - INFO - Processing GOOGL
2025-03-26 10:49:54,979 - Trading Bot - INFO - HOLD signal for GOOGL (score: 0.8081)
2025-03-26 10:49:54,984 - Trading Bot - INFO - Performance metrics saved: 40/72 winning trades
2025-03-26 10:49:54,984 - Trading Bot - INFO - Sleeping for 60 seconds
2025-03-26 10:50:54,982 - Trading System - INFO - Trading Bot is alive: True
2025-03-26 10:50:54,984 - Trading System - INFO - Monitor Bot is alive: True
2025-03-26 10:50:54,984 - Trading System - INFO - Improvement Bot is alive: True
2025-03-26 10:50:54,993 - Trading Bot - INFO - Starting trading cycle
2025-03-26 10:50:54,994 - Trading Bot - INFO - Processing AAPL
2025-03-26 10:50:54,994 - Trading Bot - INFO - HOLD signal for AAPL (score: 0.7686)
2025-03-26 10:50:54,994 - Trading Bot - INFO - Processing MSFT
2025-03-26 10:50:54,994 - Trading Bot - INFO - SELL signal for MSFT (score: 0.2660)
2025-03-26 10:50:54,994 - Trading Bot - WARNING - Cannot sell MSFT - no position
2025-03-26 10:50:54,994 - Trading Bot - INFO - Processing GOOGL
2025-03-26 10:50:54,994 - Trading Bot - INFO - SELL signal for GOOGL (score: 0.2178)
2025-03-26 10:50:54,994 - Trading Bot - WARNING - Cannot sell GOOGL - no position
2025-03-26 10:50:55,000 - Trading Bot - INFO - Performance metrics saved: 40/72 winning trades
2025-03-26 10:50:55,000 - Trading Bot - INFO - Sleeping for 60 seconds
2025-03-26 11:07:13,290 - Trading System - INFO - Trading Bot is alive: True
2025-03-26 11:07:13,291 - Trading System - INFO - Monitor Bot is alive: True
2025-03-26 11:07:13,291 - Trading System - INFO - Improvement Bot is alive: True
2025-03-26 11:07:13,305 - Trading Bot - INFO - Starting trading cycle
2025-03-26 11:07:13,305 - Trading Bot - INFO - Processing AAPL
2025-03-26 11:07:13,306 - Trading Bot - INFO - HOLD signal for AAPL (score: 0.9110)
2025-03-26 11:07:13,306 - Trading Bot - INFO - Processing MSFT
2025-03-26 11:07:13,306 - Trading Bot - INFO - HOLD signal for MSFT (score: 0.7605)
2025-03-26 11:07:13,306 - Trading Bot - INFO - Processing GOOGL
2025-03-26 11:07:13,306 - Trading Bot - INFO - HOLD signal for GOOGL (score: 0.3393)
2025-03-26 11:07:13,312 - Trading Bot - INFO - Performance metrics saved: 40/72 winning trades
2025-03-26 11:07:13,312 - Trading Bot - INFO - Sleeping for 60 seconds
2025-03-26 11:07:13,470 - Monitor Bot - INFO - Running scheduled task: Performance Metrics
2025-03-26 11:07:13,471 - Monitor Bot - INFO - === Performance Metrics ===
2025-03-26 11:07:13,471 - Monitor Bot - INFO - Date: 2025-03-26T11:07:13.306763
2025-03-26 11:07:13,471 - Monitor Bot - INFO - Total Trades: 72
2025-03-26 11:07:13,472 - Monitor Bot - INFO - Win Rate: 55.56%
2025-03-26 11:07:13,472 - Monitor Bot - INFO - Total Profit: $18.27
2025-03-26 11:07:13,472 - Monitor Bot - INFO - Average Profit per Trade: $0.25
2025-03-26 11:07:13,472 - Monitor Bot - ERROR - Error extracting performance metrics: 'avg_profit_pct'
2025-03-26 11:07:13,472 - Monitor Bot - WARNING - Task Performance Metrics completed with warnings
2025-03-26 11:13:39,136 - Trading System - INFO - Trading Bot is alive: True
2025-03-26 11:13:39,137 - Trading System - INFO - Monitor Bot is alive: True
2025-03-26 11:13:39,137 - Trading System - INFO - Improvement Bot is alive: True
2025-03-26 11:13:39,157 - Trading Bot - INFO - Starting trading cycle
2025-03-26 11:13:39,157 - Trading Bot - INFO - Processing AAPL
2025-03-26 11:13:39,157 - Trading Bot - INFO - HOLD signal for AAPL (score: 0.3002)
2025-03-26 11:13:39,157 - Trading Bot - INFO - Processing MSFT
2025-03-26 11:13:39,158 - Trading Bot - INFO - SELL signal for MSFT (score: 0.0385)
2025-03-26 11:13:39,158 - Trading Bot - WARNING - Cannot sell MSFT - no position
2025-03-26 11:13:39,158 - Trading Bot - INFO - Processing GOOGL
2025-03-26 11:13:39,158 - Trading Bot - INFO - HOLD signal for GOOGL (score: 0.4500)
2025-03-26 11:13:39,163 - Trading Bot - INFO - Performance metrics saved: 40/72 winning trades
2025-03-26 11:13:39,163 - Trading Bot - INFO - Sleeping for 60 seconds
2025-03-26 11:32:21,104 - Trading System - INFO - Trading Bot is alive: True
2025-03-26 11:32:21,105 - Trading System - INFO - Monitor Bot is alive: True
2025-03-26 11:32:21,105 - Trading System - INFO - Improvement Bot is alive: True
2025-03-26 11:32:21,130 - Trading Bot - INFO - Starting trading cycle
2025-03-26 11:32:21,130 - Trading Bot - INFO - Processing AAPL
2025-03-26 11:32:21,130 - Trading Bot - INFO - HOLD signal for AAPL (score: 0.6428)
2025-03-26 11:32:21,130 - Trading Bot - INFO - Processing MSFT
2025-03-26 11:32:21,130 - Trading Bot - INFO - HOLD signal for MSFT (score: 0.9035)
2025-03-26 11:32:21,130 - Trading Bot - INFO - Processing GOOGL
2025-03-26 11:32:21,130 - Trading Bot - INFO - HOLD signal for GOOGL (score: 0.6745)
2025-03-26 11:32:21,135 - Trading Bot - INFO - Performance metrics saved: 40/72 winning trades
2025-03-26 11:32:21,135 - Trading Bot - INFO - Sleeping for 60 seconds
2025-03-26 11:48:52,173 - Trading System - INFO - Trading Bot is alive: True
2025-03-26 11:48:52,174 - Trading System - INFO - Monitor Bot is alive: True
2025-03-26 11:48:52,174 - Trading System - INFO - Improvement Bot is alive: True
2025-03-26 11:48:52,202 - Trading Bot - INFO - Starting trading cycle
2025-03-26 11:48:52,203 - Trading Bot - INFO - Processing AAPL
2025-03-26 11:48:52,203 - Trading Bot - INFO - HOLD signal for AAPL (score: 0.9004)
2025-03-26 11:48:52,203 - Trading Bot - INFO - Processing MSFT
2025-03-26 11:48:52,203 - Trading Bot - INFO - HOLD signal for MSFT (score: 0.4495)
2025-03-26 11:48:52,203 - Trading Bot - INFO - Processing GOOGL
2025-03-26 11:48:52,203 - Trading Bot - INFO - HOLD signal for GOOGL (score: 0.3459)
2025-03-26 11:48:52,209 - Trading Bot - INFO - Performance metrics saved: 40/72 winning trades
2025-03-26 11:48:52,209 - Trading Bot - INFO - Sleeping for 60 seconds
2025-03-26 12:05:04,856 - Trading System - INFO - Trading Bot is alive: True
2025-03-26 12:05:04,857 - Trading System - INFO - Monitor Bot is alive: True
2025-03-26 12:05:04,857 - Trading System - INFO - Improvement Bot is alive: True
2025-03-26 12:05:04,890 - Trading Bot - INFO - Starting trading cycle
2025-03-26 12:05:04,890 - Trading Bot - INFO - Processing AAPL
2025-03-26 12:05:04,891 - Trading Bot - INFO - HOLD signal for AAPL (score: 0.9802)
2025-03-26 12:05:04,891 - Trading Bot - INFO - Processing MSFT
2025-03-26 12:05:04,891 - Trading Bot - INFO - HOLD signal for MSFT (score: 0.4667)
2025-03-26 12:05:04,891 - Trading Bot - INFO - Processing GOOGL
2025-03-26 12:05:04,891 - Trading Bot - INFO - HOLD signal for GOOGL (score: 0.5443)
2025-03-26 12:05:04,897 - Trading Bot - INFO - Performance metrics saved: 40/72 winning trades
2025-03-26 12:05:04,897 - Trading Bot - INFO - Sleeping for 60 seconds
2025-03-26 12:16:04,840 - Trading System - INFO - Trading Bot is alive: True
2025-03-26 12:16:04,842 - Trading System - INFO - Monitor Bot is alive: True
2025-03-26 12:16:04,842 - Trading System - INFO - Improvement Bot is alive: True
2025-03-26 12:16:04,881 - Trading Bot - INFO - Starting trading cycle
2025-03-26 12:16:04,881 - Trading Bot - INFO - Processing AAPL
2025-03-26 12:16:04,882 - Trading Bot - INFO - HOLD signal for AAPL (score: 0.5714)
2025-03-26 12:16:04,882 - Trading Bot - INFO - Processing MSFT
2025-03-26 12:16:04,882 - Trading Bot - INFO - HOLD signal for MSFT (score: 0.6868)
2025-03-26 12:16:04,882 - Trading Bot - INFO - Processing GOOGL
2025-03-26 12:16:04,882 - Trading Bot - INFO - HOLD signal for GOOGL (score: 0.3257)
2025-03-26 12:16:04,888 - Trading Bot - INFO - Performance metrics saved: 40/72 winning trades
2025-03-26 12:16:04,888 - Trading Bot - INFO - Sleeping for 60 seconds
2025-03-26 12:16:05,020 - Monitor Bot - INFO - Running scheduled task: Performance Metrics
2025-03-26 12:16:05,021 - Monitor Bot - INFO - === Performance Metrics ===
2025-03-26 12:16:05,021 - Monitor Bot - INFO - Date: 2025-03-26T12:16:04.882978
2025-03-26 12:16:05,021 - Monitor Bot - INFO - Total Trades: 72
2025-03-26 12:16:05,021 - Monitor Bot - INFO - Win Rate: 55.56%
2025-03-26 12:16:05,021 - Monitor Bot - INFO - Total Profit: $18.27
2025-03-26 12:16:05,021 - Monitor Bot - INFO - Average Profit per Trade: $0.25
2025-03-26 12:16:05,022 - Monitor Bot - ERROR - Error extracting performance metrics: 'avg_profit_pct'
2025-03-26 12:16:05,022 - Monitor Bot - WARNING - Task Performance Metrics completed with warnings
2025-03-26 12:17:04,842 - Trading System - INFO - Trading Bot is alive: True
2025-03-26 12:17:04,843 - Trading System - INFO - Monitor Bot is alive: True
2025-03-26 12:17:04,843 - Trading System - INFO - Improvement Bot is alive: True
2025-03-26 12:17:04,891 - Trading Bot - INFO - Starting trading cycle
2025-03-26 12:17:04,891 - Trading Bot - INFO - Processing AAPL
2025-03-26 12:17:04,891 - Trading Bot - INFO - HOLD signal for AAPL (score: 0.7026)
2025-03-26 12:17:04,892 - Trading Bot - INFO - Processing MSFT
2025-03-26 12:17:04,892 - Trading Bot - INFO - HOLD signal for MSFT (score: 0.9308)
2025-03-26 12:17:04,892 - Trading Bot - INFO - Processing GOOGL
2025-03-26 12:17:04,892 - Trading Bot - INFO - HOLD signal for GOOGL (score: 0.9784)
2025-03-26 12:17:04,898 - Trading Bot - INFO - Performance metrics saved: 40/72 winning trades
2025-03-26 12:17:04,898 - Trading Bot - INFO - Sleeping for 60 seconds
2025-03-26 12:18:04,846 - Trading System - INFO - Trading Bot is alive: True
2025-03-26 12:18:04,847 - Trading System - INFO - Monitor Bot is alive: True
2025-03-26 12:18:04,848 - Trading System - INFO - Improvement Bot is alive: True
2025-03-26 12:18:04,901 - Trading Bot - INFO - Starting trading cycle
2025-03-26 12:18:04,902 - Trading Bot - INFO - Processing AAPL
2025-03-26 12:18:04,902 - Trading Bot - INFO - HOLD signal for AAPL (score: 0.3881)
2025-03-26 12:18:04,902 - Trading Bot - INFO - Processing MSFT
2025-03-26 12:18:04,902 - Trading Bot - INFO - HOLD signal for MSFT (score: 0.7312)
2025-03-26 12:18:04,902 - Trading Bot - INFO - Processing GOOGL
2025-03-26 12:18:04,902 - Trading Bot - INFO - HOLD signal for GOOGL (score: 0.6429)
2025-03-26 12:18:04,910 - Trading Bot - INFO - Performance metrics saved: 40/72 winning trades
2025-03-26 12:18:04,910 - Trading Bot - INFO - Sleeping for 60 seconds
2025-03-26 12:19:04,851 - Trading System - INFO - Trading Bot is alive: True
2025-03-26 12:19:04,853 - Trading System - INFO - Monitor Bot is alive: True
2025-03-26 12:19:04,853 - Trading System - INFO - Improvement Bot is alive: True
2025-03-26 12:19:04,912 - Trading Bot - INFO - Starting trading cycle
2025-03-26 12:19:04,912 - Trading Bot - INFO - Processing AAPL
2025-03-26 12:19:04,912 - Trading Bot - INFO - SELL signal for AAPL (score: 0.0676)
2025-03-26 12:19:04,913 - Trading Bot - WARNING - Cannot sell AAPL - no position
2025-03-26 12:19:04,913 - Trading Bot - INFO - Processing MSFT
2025-03-26 12:19:04,913 - Trading Bot - INFO - HOLD signal for MSFT (score: 0.5151)
2025-03-26 12:19:04,913 - Trading Bot - INFO - Processing GOOGL
2025-03-26 12:19:04,913 - Trading Bot - INFO - HOLD signal for GOOGL (score: 0.6083)
2025-03-26 12:19:04,920 - Trading Bot - INFO - Performance metrics saved: 40/72 winning trades
2025-03-26 12:19:04,920 - Trading Bot - INFO - Sleeping for 60 seconds
2025-03-26 12:20:04,854 - Trading System - INFO - Trading Bot is alive: True
2025-03-26 12:20:04,856 - Trading System - INFO - Monitor Bot is alive: True
2025-03-26 12:20:04,856 - Trading System - INFO - Improvement Bot is alive: True
2025-03-26 12:20:04,921 - Trading Bot - INFO - Starting trading cycle
2025-03-26 12:20:04,922 - Trading Bot - INFO - Processing AAPL
2025-03-26 12:20:04,922 - Trading Bot - INFO - SELL signal for AAPL (score: 0.2017)
2025-03-26 12:20:04,922 - Trading Bot - WARNING - Cannot sell AAPL - no position
2025-03-26 12:20:04,922 - Trading Bot - INFO - Processing MSFT
2025-03-26 12:20:04,922 - Trading Bot - INFO - HOLD signal for MSFT (score: 0.7958)
2025-03-26 12:20:04,922 - Trading Bot - INFO - Processing GOOGL
2025-03-26 12:20:04,922 - Trading Bot - INFO - HOLD signal for GOOGL (score: 0.4398)
2025-03-26 12:20:04,930 - Trading Bot - INFO - Performance metrics saved: 40/72 winning trades
2025-03-26 12:20:04,930 - Trading Bot - INFO - Sleeping for 60 seconds
2025-03-26 12:21:04,858 - Trading System - INFO - Trading Bot is alive: True
2025-03-26 12:21:04,859 - Trading System - INFO - Monitor Bot is alive: True
2025-03-26 12:21:04,859 - Trading System - INFO - Improvement Bot is alive: True
2025-03-26 12:21:04,934 - Trading Bot - INFO - Starting trading cycle
2025-03-26 12:21:04,934 - Trading Bot - INFO - Processing AAPL
2025-03-26 12:21:04,934 - Trading Bot - INFO - HOLD signal for AAPL (score: 0.7542)
2025-03-26 12:21:04,934 - Trading Bot - INFO - Processing MSFT
2025-03-26 12:21:04,935 - Trading Bot - INFO - HOLD signal for MSFT (score: 0.4323)
2025-03-26 12:21:04,935 - Trading Bot - INFO - Processing GOOGL
2025-03-26 12:21:04,935 - Trading Bot - INFO - HOLD signal for GOOGL (score: 0.7200)
2025-03-26 12:21:04,942 - Trading Bot - INFO - Performance metrics saved: 40/72 winning trades
2025-03-26 12:21:04,942 - Trading Bot - INFO - Sleeping for 60 seconds
2025-03-26 12:22:04,863 - Trading System - INFO - Trading Bot is alive: True
2025-03-26 12:22:04,863 - Trading System - INFO - Monitor Bot is alive: True
2025-03-26 12:22:04,863 - Trading System - INFO - Improvement Bot is alive: True
2025-03-26 12:22:04,942 - Trading Bot - INFO - Starting trading cycle
2025-03-26 12:22:04,942 - Trading Bot - INFO - Processing AAPL
2025-03-26 12:22:04,942 - Trading Bot - INFO - HOLD signal for AAPL (score: 0.7177)
2025-03-26 12:22:04,943 - Trading Bot - INFO - Processing MSFT
2025-03-26 12:22:04,943 - Trading Bot - INFO - SELL signal for MSFT (score: 0.2733)
2025-03-26 12:22:04,943 - Trading Bot - WARNING - Cannot sell MSFT - no position
2025-03-26 12:22:04,943 - Trading Bot - INFO - Processing GOOGL
2025-03-26 12:22:04,943 - Trading Bot - INFO - HOLD signal for GOOGL (score: 0.8558)
2025-03-26 12:22:04,949 - Trading Bot - INFO - Performance metrics saved: 40/72 winning trades
2025-03-26 12:22:04,949 - Trading Bot - INFO - Sleeping for 60 seconds
2025-03-26 12:23:04,867 - Trading System - INFO - Trading Bot is alive: True
2025-03-26 12:23:04,867 - Trading System - INFO - Monitor Bot is alive: True
2025-03-26 12:23:04,867 - Trading System - INFO - Improvement Bot is alive: True
2025-03-26 12:23:04,951 - Trading Bot - INFO - Starting trading cycle
2025-03-26 12:23:04,952 - Trading Bot - INFO - Processing AAPL
2025-03-26 12:23:04,952 - Trading Bot - INFO - HOLD signal for AAPL (score: 0.4733)
2025-03-26 12:23:04,952 - Trading Bot - INFO - Processing MSFT
2025-03-26 12:23:04,952 - Trading Bot - INFO - HOLD signal for MSFT (score: 0.4444)
2025-03-26 12:23:04,952 - Trading Bot - INFO - Processing GOOGL
2025-03-26 12:23:04,952 - Trading Bot - INFO - SELL signal for GOOGL (score: 0.0644)
2025-03-26 12:23:04,953 - Trading Bot - WARNING - Cannot sell GOOGL - no position
2025-03-26 12:23:04,960 - Trading Bot - INFO - Performance metrics saved: 40/72 winning trades
2025-03-26 12:23:04,960 - Trading Bot - INFO - Sleeping for 60 seconds
2025-03-26 12:24:04,870 - Trading System - INFO - Trading Bot is alive: True
2025-03-26 12:24:04,871 - Trading System - INFO - Monitor Bot is alive: True
2025-03-26 12:24:04,872 - Trading System - INFO - Improvement Bot is alive: True
2025-03-26 12:24:04,964 - Trading Bot - INFO - Starting trading cycle
2025-03-26 12:24:04,965 - Trading Bot - INFO - Processing AAPL
2025-03-26 12:24:04,965 - Trading Bot - INFO - HOLD signal for AAPL (score: 0.4840)
2025-03-26 12:24:04,965 - Trading Bot - INFO - Processing MSFT
2025-03-26 12:24:04,965 - Trading Bot - INFO - HOLD signal for MSFT (score: 0.8234)
2025-03-26 12:24:04,965 - Trading Bot - INFO - Processing GOOGL
2025-03-26 12:24:04,965 - Trading Bot - INFO - HOLD signal for GOOGL (score: 0.3526)
2025-03-26 12:24:04,973 - Trading Bot - INFO - Performance metrics saved: 40/72 winning trades
2025-03-26 12:24:04,973 - Trading Bot - INFO - Sleeping for 60 seconds
2025-03-26 12:25:04,875 - Trading System - INFO - Trading Bot is alive: True
2025-03-26 12:25:04,876 - Trading System - INFO - Monitor Bot is alive: True
2025-03-26 12:25:04,876 - Trading System - INFO - Improvement Bot is alive: True
2025-03-26 12:25:04,976 - Trading Bot - INFO - Starting trading cycle
2025-03-26 12:25:04,976 - Trading Bot - INFO - Processing AAPL
2025-03-26 12:25:04,977 - Trading Bot - INFO - HOLD signal for AAPL (score: 0.4335)
2025-03-26 12:25:04,977 - Trading Bot - INFO - Processing MSFT
2025-03-26 12:25:04,977 - Trading Bot - INFO - SELL signal for MSFT (score: 0.2401)
2025-03-26 12:25:04,977 - Trading Bot - WARNING - Cannot sell MSFT - no position
2025-03-26 12:25:04,977 - Trading Bot - INFO - Processing GOOGL
2025-03-26 12:25:04,977 - Trading Bot - INFO - SELL signal for GOOGL (score: 0.0632)
2025-03-26 12:25:04,977 - Trading Bot - WARNING - Cannot sell GOOGL - no position
2025-03-26 12:25:04,983 - Trading Bot - INFO - Performance metrics saved: 40/72 winning trades
2025-03-26 12:25:04,983 - Trading Bot - INFO - Sleeping for 60 seconds
2025-03-26 12:26:04,876 - Trading System - INFO - Trading Bot is alive: True
2025-03-26 12:26:04,877 - Trading System - INFO - Monitor Bot is alive: True
2025-03-26 12:26:04,877 - Trading System - INFO - Improvement Bot is alive: True
2025-03-26 12:26:04,987 - Trading Bot - INFO - Starting trading cycle
2025-03-26 12:26:04,987 - Trading Bot - INFO - Processing AAPL
2025-03-26 12:26:04,987 - Trading Bot - INFO - HOLD signal for AAPL (score: 0.8179)
2025-03-26 12:26:04,987 - Trading Bot - INFO - Processing MSFT
2025-03-26 12:26:04,988 - Trading Bot - INFO - HOLD signal for MSFT (score: 0.6855)
2025-03-26 12:26:04,988 - Trading Bot - INFO - Processing GOOGL
2025-03-26 12:26:04,988 - Trading Bot - INFO - HOLD signal for GOOGL (score: 0.4397)
2025-03-26 12:26:04,994 - Trading Bot - INFO - Performance metrics saved: 40/72 winning trades
2025-03-26 12:26:04,994 - Trading Bot - INFO - Sleeping for 60 seconds
2025-03-26 12:27:04,881 - Trading System - INFO - Trading Bot is alive: True
2025-03-26 12:27:04,881 - Trading System - INFO - Monitor Bot is alive: True
2025-03-26 12:27:04,882 - Trading System - INFO - Improvement Bot is alive: True
2025-03-26 12:27:04,998 - Trading Bot - INFO - Starting trading cycle
2025-03-26 12:27:04,998 - Trading Bot - INFO - Processing AAPL
2025-03-26 12:27:04,998 - Trading Bot - INFO - HOLD signal for AAPL (score: 0.9738)
2025-03-26 12:27:04,999 - Trading Bot - INFO - Processing MSFT
2025-03-26 12:27:04,999 - Trading Bot - INFO - SELL signal for MSFT (score: 0.1186)
2025-03-26 12:27:04,999 - Trading Bot - WARNING - Cannot sell MSFT - no position
2025-03-26 12:27:04,999 - Trading Bot - INFO - Processing GOOGL
2025-03-26 12:27:04,999 - Trading Bot - INFO - SELL signal for GOOGL (score: 0.1980)
2025-03-26 12:27:05,000 - Trading Bot - WARNING - Cannot sell GOOGL - no position
2025-03-26 12:27:05,005 - Trading Bot - INFO - Performance metrics saved: 40/72 winning trades
2025-03-26 12:27:05,006 - Trading Bot - INFO - Sleeping for 60 seconds
2025-03-26 12:28:04,883 - Trading System - INFO - Trading Bot is alive: True
2025-03-26 12:28:04,883 - Trading System - INFO - Monitor Bot is alive: True
2025-03-26 12:28:04,884 - Trading System - INFO - Improvement Bot is alive: True
2025-03-26 12:28:05,008 - Trading Bot - INFO - Starting trading cycle
2025-03-26 12:28:05,008 - Trading Bot - INFO - Processing AAPL
2025-03-26 12:28:05,009 - Trading Bot - INFO - HOLD signal for AAPL (score: 0.4327)
2025-03-26 12:28:05,009 - Trading Bot - INFO - Processing MSFT
2025-03-26 12:28:05,009 - Trading Bot - INFO - SELL signal for MSFT (score: 0.1037)
2025-03-26 12:28:05,009 - Trading Bot - WARNING - Cannot sell MSFT - no position
2025-03-26 12:28:05,009 - Trading Bot - INFO - Processing GOOGL
2025-03-26 12:28:05,009 - Trading Bot - INFO - HOLD signal for GOOGL (score: 0.7148)
2025-03-26 12:28:05,015 - Trading Bot - INFO - Performance metrics saved: 40/72 winning trades
2025-03-26 12:28:05,015 - Trading Bot - INFO - Sleeping for 60 seconds
2025-03-26 12:29:04,886 - Trading System - INFO - Trading Bot is alive: True
2025-03-26 12:29:04,888 - Trading System - INFO - Monitor Bot is alive: True
2025-03-26 12:29:04,888 - Trading System - INFO - Improvement Bot is alive: True
2025-03-26 12:29:05,019 - Trading Bot - INFO - Starting trading cycle
2025-03-26 12:29:05,019 - Trading Bot - INFO - Processing AAPL
2025-03-26 12:29:05,019 - Trading Bot - INFO - HOLD signal for AAPL (score: 0.7744)
2025-03-26 12:29:05,019 - Trading Bot - INFO - Processing MSFT
2025-03-26 12:29:05,020 - Trading Bot - INFO - HOLD signal for MSFT (score: 0.6209)
2025-03-26 12:29:05,020 - Trading Bot - INFO - Processing GOOGL
2025-03-26 12:29:05,020 - Trading Bot - INFO - SELL signal for GOOGL (score: 0.1660)
2025-03-26 12:29:05,020 - Trading Bot - WARNING - Cannot sell GOOGL - no position
2025-03-26 12:29:05,027 - Trading Bot - INFO - Performance metrics saved: 40/72 winning trades
2025-03-26 12:29:05,027 - Trading Bot - INFO - Sleeping for 60 seconds
2025-03-26 12:30:04,889 - Trading System - INFO - Trading Bot is alive: True
2025-03-26 12:30:04,891 - Trading System - INFO - Monitor Bot is alive: True
2025-03-26 12:30:04,891 - Trading System - INFO - Improvement Bot is alive: True
2025-03-26 12:30:05,029 - Trading Bot - INFO - Starting trading cycle
2025-03-26 12:30:05,030 - Trading Bot - INFO - Processing AAPL
2025-03-26 12:30:05,030 - Trading Bot - INFO - HOLD signal for AAPL (score: 0.5847)
2025-03-26 12:30:05,030 - Trading Bot - INFO - Processing MSFT
2025-03-26 12:30:05,030 - Trading Bot - INFO - SELL signal for MSFT (score: 0.2241)
2025-03-26 12:30:05,030 - Trading Bot - WARNING - Cannot sell MSFT - no position
2025-03-26 12:30:05,030 - Trading Bot - INFO - Processing GOOGL
2025-03-26 12:30:05,031 - Trading Bot - INFO - SELL signal for GOOGL (score: 0.1373)
2025-03-26 12:30:05,031 - Trading Bot - WARNING - Cannot sell GOOGL - no position
2025-03-26 12:30:05,037 - Trading Bot - INFO - Performance metrics saved: 40/72 winning trades
2025-03-26 12:30:05,037 - Trading Bot - INFO - Sleeping for 60 seconds
2025-03-26 12:31:04,895 - Trading System - INFO - Trading Bot is alive: True
2025-03-26 12:31:04,896 - Trading System - INFO - Monitor Bot is alive: True
2025-03-26 12:31:04,896 - Trading System - INFO - Improvement Bot is alive: True
2025-03-26 12:31:05,039 - Trading Bot - INFO - Starting trading cycle
2025-03-26 12:31:05,039 - Trading Bot - INFO - Processing AAPL
2025-03-26 12:31:05,039 - Trading Bot - INFO - HOLD signal for AAPL (score: 0.5474)
2025-03-26 12:31:05,039 - Trading Bot - INFO - Processing MSFT
2025-03-26 12:31:05,040 - Trading Bot - INFO - HOLD signal for MSFT (score: 0.7310)
2025-03-26 12:31:05,040 - Trading Bot - INFO - Processing GOOGL
2025-03-26 12:31:05,040 - Trading Bot - INFO - SELL signal for GOOGL (score: 0.0393)
2025-03-26 12:31:05,040 - Trading Bot - WARNING - Cannot sell GOOGL - no position
2025-03-26 12:31:05,046 - Trading Bot - INFO - Performance metrics saved: 40/72 winning trades
2025-03-26 12:31:05,047 - Trading Bot - INFO - Sleeping for 60 seconds
2025-03-26 12:32:04,900 - Trading System - INFO - Trading Bot is alive: True
2025-03-26 12:32:04,900 - Trading System - INFO - Monitor Bot is alive: True
2025-03-26 12:32:04,901 - Trading System - INFO - Improvement Bot is alive: True
2025-03-26 12:32:05,050 - Trading Bot - INFO - Starting trading cycle
2025-03-26 12:32:05,050 - Trading Bot - INFO - Processing AAPL
2025-03-26 12:32:05,050 - Trading Bot - INFO - SELL signal for AAPL (score: 0.1122)
2025-03-26 12:32:05,051 - Trading Bot - WARNING - Cannot sell AAPL - no position
2025-03-26 12:32:05,051 - Trading Bot - INFO - Processing MSFT
2025-03-26 12:32:05,051 - Trading Bot - INFO - SELL signal for MSFT (score: 0.2138)
2025-03-26 12:32:05,051 - Trading Bot - WARNING - Cannot sell MSFT - no position
2025-03-26 12:32:05,051 - Trading Bot - INFO - Processing GOOGL
2025-03-26 12:32:05,051 - Trading Bot - INFO - HOLD signal for GOOGL (score: 0.4035)
2025-03-26 12:32:05,058 - Trading Bot - INFO - Performance metrics saved: 40/72 winning trades
2025-03-26 12:32:05,058 - Trading Bot - INFO - Sleeping for 60 seconds
2025-03-26 12:33:04,902 - Trading System - INFO - Trading Bot is alive: True
2025-03-26 12:33:04,903 - Trading System - INFO - Monitor Bot is alive: True
2025-03-26 12:33:04,903 - Trading System - INFO - Improvement Bot is alive: True
2025-03-26 12:33:05,059 - Trading Bot - INFO - Starting trading cycle
2025-03-26 12:33:05,060 - Trading Bot - INFO - Processing AAPL
2025-03-26 12:33:05,060 - Trading Bot - INFO - HOLD signal for AAPL (score: 0.4838)
2025-03-26 12:33:05,060 - Trading Bot - INFO - Processing MSFT
2025-03-26 12:33:05,060 - Trading Bot - INFO - HOLD signal for MSFT (score: 0.4097)
2025-03-26 12:33:05,060 - Trading Bot - INFO - Processing GOOGL
2025-03-26 12:33:05,060 - Trading Bot - INFO - SELL signal for GOOGL (score: 0.1048)
2025-03-26 12:33:05,061 - Trading Bot - WARNING - Cannot sell GOOGL - no position
2025-03-26 12:33:05,068 - Trading Bot - INFO - Performance metrics saved: 40/72 winning trades
2025-03-26 12:33:05,068 - Trading Bot - INFO - Sleeping for 60 seconds
2025-03-26 12:34:04,910 - Trading System - INFO - Trading Bot is alive: True
2025-03-26 12:34:04,912 - Trading System - INFO - Monitor Bot is alive: True
2025-03-26 12:34:04,912 - Trading System - INFO - Improvement Bot is alive: True
2025-03-26 12:34:05,069 - Trading Bot - INFO - Starting trading cycle
2025-03-26 12:34:05,069 - Trading Bot - INFO - Processing AAPL
2025-03-26 12:34:05,070 - Trading Bot - INFO - SELL signal for AAPL (score: 0.1732)
2025-03-26 12:34:05,070 - Trading Bot - WARNING - Cannot sell AAPL - no position
2025-03-26 12:34:05,070 - Trading Bot - INFO - Processing MSFT
2025-03-26 12:34:05,070 - Trading Bot - INFO - HOLD signal for MSFT (score: 0.8432)
2025-03-26 12:34:05,070 - Trading Bot - INFO - Processing GOOGL
2025-03-26 12:34:05,070 - Trading Bot - INFO - HOLD signal for GOOGL (score: 0.9553)
2025-03-26 12:34:05,077 - Trading Bot - INFO - Performance metrics saved: 40/72 winning trades
2025-03-26 12:34:05,077 - Trading Bot - INFO - Sleeping for 60 seconds
2025-03-26 12:35:04,919 - Trading System - INFO - Trading Bot is alive: True
2025-03-26 12:35:04,920 - Trading System - INFO - Monitor Bot is alive: True
2025-03-26 12:35:04,920 - Trading System - INFO - Improvement Bot is alive: True
2025-03-26 12:35:05,086 - Trading Bot - INFO - Starting trading cycle
2025-03-26 12:35:05,086 - Trading Bot - INFO - Processing AAPL
2025-03-26 12:35:05,086 - Trading Bot - INFO - HOLD signal for AAPL (score: 0.8773)
2025-03-26 12:35:05,086 - Trading Bot - INFO - Processing MSFT
2025-03-26 12:35:05,087 - Trading Bot - INFO - SELL signal for MSFT (score: 0.1921)
2025-03-26 12:35:05,087 - Trading Bot - WARNING - Cannot sell MSFT - no position
2025-03-26 12:35:05,087 - Trading Bot - INFO - Processing GOOGL
2025-03-26 12:35:05,087 - Trading Bot - INFO - HOLD signal for GOOGL (score: 0.4832)
2025-03-26 12:35:05,094 - Trading Bot - INFO - Performance metrics saved: 40/72 winning trades
2025-03-26 12:35:05,094 - Trading Bot - INFO - Sleeping for 60 seconds
2025-03-26 12:36:04,932 - Trading System - INFO - Trading Bot is alive: True
2025-03-26 12:36:04,933 - Trading System - INFO - Monitor Bot is alive: True
2025-03-26 12:36:04,933 - Trading System - INFO - Improvement Bot is alive: True
2025-03-26 12:36:05,110 - Trading Bot - INFO - Starting trading cycle
2025-03-26 12:36:05,110 - Trading Bot - INFO - Processing AAPL
2025-03-26 12:36:05,111 - Trading Bot - INFO - HOLD signal for AAPL (score: 0.9451)
2025-03-26 12:36:05,111 - Trading Bot - INFO - Processing MSFT
2025-03-26 12:36:05,111 - Trading Bot - INFO - HOLD signal for MSFT (score: 0.5825)
2025-03-26 12:36:05,111 - Trading Bot - INFO - Processing GOOGL
2025-03-26 12:36:05,111 - Trading Bot - INFO - HOLD signal for GOOGL (score: 0.5819)
2025-03-26 12:36:05,117 - Trading Bot - INFO - Performance metrics saved: 40/72 winning trades
2025-03-26 12:36:05,117 - Trading Bot - INFO - Sleeping for 60 seconds
2025-03-26 12:37:04,966 - Trading System - INFO - Trading Bot is alive: True
2025-03-26 12:37:04,967 - Trading System - INFO - Monitor Bot is alive: True
2025-03-26 12:37:04,967 - Trading System - INFO - Improvement Bot is alive: True
2025-03-26 12:37:05,147 - Trading Bot - INFO - Starting trading cycle
2025-03-26 12:37:05,147 - Trading Bot - INFO - Processing AAPL
2025-03-26 12:37:05,147 - Trading Bot - INFO - HOLD signal for AAPL (score: 0.7092)
2025-03-26 12:37:05,147 - Trading Bot - INFO - Processing MSFT
2025-03-26 12:37:05,148 - Trading Bot - INFO - HOLD signal for MSFT (score: 0.6260)
2025-03-26 12:37:05,148 - Trading Bot - INFO - Processing GOOGL
2025-03-26 12:37:05,148 - Trading Bot - INFO - SELL signal for GOOGL (score: 0.0506)
2025-03-26 12:37:05,148 - Trading Bot - WARNING - Cannot sell GOOGL - no position
2025-03-26 12:37:05,152 - Trading Bot - INFO - Performance metrics saved: 40/72 winning trades
2025-03-26 12:37:05,153 - Trading Bot - INFO - Sleeping for 60 seconds
2025-03-26 12:38:04,976 - Trading System - INFO - Trading Bot is alive: True
2025-03-26 12:38:04,977 - Trading System - INFO - Monitor Bot is alive: True
2025-03-26 12:38:04,977 - Trading System - INFO - Improvement Bot is alive: True
2025-03-26 12:38:05,158 - Trading Bot - INFO - Starting trading cycle
2025-03-26 12:38:05,159 - Trading Bot - INFO - Processing AAPL
2025-03-26 12:38:05,159 - Trading Bot - INFO - HOLD signal for AAPL (score: 0.3353)
2025-03-26 12:38:05,159 - Trading Bot - INFO - Processing MSFT
2025-03-26 12:38:05,159 - Trading Bot - INFO - HOLD signal for MSFT (score: 0.8766)
2025-03-26 12:38:05,160 - Trading Bot - INFO - Processing GOOGL
2025-03-26 12:38:05,160 - Trading Bot - INFO - SELL signal for GOOGL (score: 0.2751)
2025-03-26 12:38:05,160 - Trading Bot - WARNING - Cannot sell GOOGL - no position
2025-03-26 12:38:05,167 - Trading Bot - INFO - Performance metrics saved: 40/72 winning trades
2025-03-26 12:38:05,167 - Trading Bot - INFO - Sleeping for 60 seconds
2025-03-26 12:54:46,464 - Trading System - INFO - Trading Bot is alive: True
2025-03-26 12:54:46,465 - Trading System - INFO - Monitor Bot is alive: True
2025-03-26 12:54:46,465 - Trading System - INFO - Improvement Bot is alive: True
2025-03-26 12:54:46,653 - Trading Bot - INFO - Starting trading cycle
2025-03-26 12:54:46,653 - Trading Bot - INFO - Processing AAPL
2025-03-26 12:54:46,654 - Trading Bot - INFO - HOLD signal for AAPL (score: 0.8040)
2025-03-26 12:54:46,654 - Trading Bot - INFO - Processing MSFT
2025-03-26 12:54:46,654 - Trading Bot - INFO - SELL signal for MSFT (score: 0.2954)
2025-03-26 12:54:46,654 - Trading Bot - WARNING - Cannot sell MSFT - no position
2025-03-26 12:54:46,654 - Trading Bot - INFO - Processing GOOGL
2025-03-26 12:54:46,654 - Trading Bot - INFO - HOLD signal for GOOGL (score: 0.7525)
2025-03-26 12:54:46,661 - Trading Bot - INFO - Performance metrics saved: 40/72 winning trades
2025-03-26 12:54:46,662 - Trading Bot - INFO - Sleeping for 60 seconds
2025-03-26 12:55:46,471 - Trading System - INFO - Trading Bot is alive: True
2025-03-26 12:55:46,472 - Trading System - INFO - Monitor Bot is alive: True
2025-03-26 12:55:46,472 - Trading System - INFO - Improvement Bot is alive: True
2025-03-26 12:55:46,665 - Trading Bot - INFO - Starting trading cycle
2025-03-26 12:55:46,665 - Trading Bot - INFO - Processing AAPL
2025-03-26 12:55:46,665 - Trading Bot - INFO - HOLD signal for AAPL (score: 0.4632)
2025-03-26 12:55:46,665 - Trading Bot - INFO - Processing MSFT
2025-03-26 12:55:46,665 - Trading Bot - INFO - HOLD signal for MSFT (score: 0.7319)
2025-03-26 12:55:46,665 - Trading Bot - INFO - Processing GOOGL
2025-03-26 12:55:46,666 - Trading Bot - INFO - SELL signal for GOOGL (score: 0.0352)
2025-03-26 12:55:46,666 - Trading Bot - WARNING - Cannot sell GOOGL - no position
2025-03-26 12:55:46,672 - Trading Bot - INFO - Performance metrics saved: 40/72 winning trades
2025-03-26 12:55:46,672 - Trading Bot - INFO - Sleeping for 60 seconds
2025-03-26 12:56:46,476 - Trading System - INFO - Trading Bot is alive: True
2025-03-26 12:56:46,477 - Trading System - INFO - Monitor Bot is alive: True
2025-03-26 12:56:46,477 - Trading System - INFO - Improvement Bot is alive: True
2025-03-26 12:56:46,677 - Trading Bot - INFO - Starting trading cycle
2025-03-26 12:56:46,677 - Trading Bot - INFO - Processing AAPL
2025-03-26 12:56:46,678 - Trading Bot - INFO - SELL signal for AAPL (score: 0.1789)
2025-03-26 12:56:46,678 - Trading Bot - WARNING - Cannot sell AAPL - no position
2025-03-26 12:56:46,678 - Trading Bot - INFO - Processing MSFT
2025-03-26 12:56:46,678 - Trading Bot - INFO - HOLD signal for MSFT (score: 0.5097)
2025-03-26 12:56:46,678 - Trading Bot - INFO - Processing GOOGL
2025-03-26 12:56:46,678 - Trading Bot - INFO - HOLD signal for GOOGL (score: 0.7112)
2025-03-26 12:56:46,685 - Trading Bot - INFO - Performance metrics saved: 40/72 winning trades
2025-03-26 12:56:46,685 - Trading Bot - INFO - Sleeping for 60 seconds
2025-03-26 12:57:46,481 - Trading System - INFO - Trading Bot is alive: True
2025-03-26 12:57:46,482 - Trading System - INFO - Monitor Bot is alive: True
2025-03-26 12:57:46,483 - Trading System - INFO - Improvement Bot is alive: True
2025-03-26 12:57:46,690 - Trading Bot - INFO - Starting trading cycle
2025-03-26 12:57:46,691 - Trading Bot - INFO - Processing AAPL
2025-03-26 12:57:46,691 - Trading Bot - INFO - HOLD signal for AAPL (score: 0.8016)
2025-03-26 12:57:46,691 - Trading Bot - INFO - Processing MSFT
2025-03-26 12:57:46,691 - Trading Bot - INFO - HOLD signal for MSFT (score: 0.6180)
2025-03-26 12:57:46,691 - Trading Bot - INFO - Processing GOOGL
2025-03-26 12:57:46,691 - Trading Bot - INFO - HOLD signal for GOOGL (score: 0.7728)
2025-03-26 12:57:46,698 - Trading Bot - INFO - Performance metrics saved: 40/72 winning trades
2025-03-26 12:57:46,698 - Trading Bot - INFO - Sleeping for 60 seconds
2025-03-26 12:58:46,484 - Trading System - INFO - Trading Bot is alive: True
2025-03-26 12:58:46,486 - Trading System - INFO - Monitor Bot is alive: True
2025-03-26 12:58:46,486 - Trading System - INFO - Improvement Bot is alive: True
2025-03-26 12:58:46,702 - Trading Bot - INFO - Starting trading cycle
2025-03-26 12:58:46,703 - Trading Bot - INFO - Processing AAPL
2025-03-26 12:58:46,703 - Trading Bot - INFO - SELL signal for AAPL (score: 0.2577)
2025-03-26 12:58:46,703 - Trading Bot - WARNING - Cannot sell AAPL - no position
2025-03-26 12:58:46,704 - Trading Bot - INFO - Processing MSFT
2025-03-26 12:58:46,704 - Trading Bot - INFO - SELL signal for MSFT (score: 0.2453)
2025-03-26 12:58:46,704 - Trading Bot - WARNING - Cannot sell MSFT - no position
2025-03-26 12:58:46,704 - Trading Bot - INFO - Processing GOOGL
2025-03-26 12:58:46,704 - Trading Bot - INFO - HOLD signal for GOOGL (score: 0.9093)
2025-03-26 12:58:46,712 - Trading Bot - INFO - Performance metrics saved: 40/72 winning trades
2025-03-26 12:58:46,712 - Trading Bot - INFO - Sleeping for 60 seconds
2025-03-26 12:59:46,490 - Trading System - INFO - Trading Bot is alive: True
2025-03-26 12:59:46,490 - Trading System - INFO - Monitor Bot is alive: True
2025-03-26 12:59:46,491 - Trading System - INFO - Improvement Bot is alive: True
2025-03-26 12:59:46,717 - Trading Bot - INFO - Starting trading cycle
2025-03-26 12:59:46,717 - Trading Bot - INFO - Processing AAPL
2025-03-26 12:59:46,717 - Trading Bot - INFO - HOLD signal for AAPL (score: 0.5679)
2025-03-26 12:59:46,718 - Trading Bot - INFO - Processing MSFT
2025-03-26 12:59:46,718 - Trading Bot - INFO - HOLD signal for MSFT (score: 0.7392)
2025-03-26 12:59:46,718 - Trading Bot - INFO - Processing GOOGL
2025-03-26 12:59:46,718 - Trading Bot - INFO - HOLD signal for GOOGL (score: 0.4523)
2025-03-26 12:59:46,724 - Trading Bot - INFO - Performance metrics saved: 40/72 winning trades
2025-03-26 12:59:46,725 - Trading Bot - INFO - Sleeping for 60 seconds
2025-03-26 13:00:46,494 - Trading System - INFO - Trading Bot is alive: True
2025-03-26 13:00:46,496 - Trading System - INFO - Monitor Bot is alive: True
2025-03-26 13:00:46,496 - Trading System - INFO - Improvement Bot is alive: True
2025-03-26 13:00:46,730 - Trading Bot - INFO - Starting trading cycle
2025-03-26 13:00:46,730 - Trading Bot - INFO - Processing AAPL
2025-03-26 13:00:46,730 - Trading Bot - INFO - HOLD signal for AAPL (score: 0.5905)
2025-03-26 13:00:46,730 - Trading Bot - INFO - Processing MSFT
2025-03-26 13:00:46,731 - Trading Bot - INFO - HOLD signal for MSFT (score: 0.7552)
2025-03-26 13:00:46,731 - Trading Bot - INFO - Processing GOOGL
2025-03-26 13:00:46,731 - Trading Bot - INFO - SELL signal for GOOGL (score: 0.2240)
2025-03-26 13:00:46,731 - Trading Bot - WARNING - Cannot sell GOOGL - no position
2025-03-26 13:00:46,739 - Trading Bot - INFO - Performance metrics saved: 40/72 winning trades
2025-03-26 13:00:46,740 - Trading Bot - INFO - Sleeping for 60 seconds
2025-03-26 13:01:46,497 - Trading System - INFO - Trading Bot is alive: True
2025-03-26 13:01:46,499 - Trading System - INFO - Monitor Bot is alive: True
2025-03-26 13:01:46,499 - Trading System - INFO - Improvement Bot is alive: True
2025-03-26 13:01:46,743 - Trading Bot - INFO - Starting trading cycle
2025-03-26 13:01:46,743 - Trading Bot - INFO - Processing AAPL
2025-03-26 13:01:46,744 - Trading Bot - INFO - HOLD signal for AAPL (score: 0.5262)
2025-03-26 13:01:46,744 - Trading Bot - INFO - Processing MSFT
2025-03-26 13:01:46,744 - Trading Bot - INFO - HOLD signal for MSFT (score: 0.3995)
2025-03-26 13:01:46,744 - Trading Bot - INFO - Processing GOOGL
2025-03-26 13:01:46,744 - Trading Bot - INFO - SELL signal for GOOGL (score: 0.0551)
2025-03-26 13:01:46,744 - Trading Bot - WARNING - Cannot sell GOOGL - no position
2025-03-26 13:01:46,751 - Trading Bot - INFO - Performance metrics saved: 40/72 winning trades
2025-03-26 13:01:46,751 - Trading Bot - INFO - Sleeping for 60 seconds
2025-03-26 13:02:46,500 - Trading System - INFO - Trading Bot is alive: True
2025-03-26 13:02:46,502 - Trading System - INFO - Monitor Bot is alive: True
2025-03-26 13:02:46,502 - Trading System - INFO - Improvement Bot is alive: True
2025-03-26 13:02:46,756 - Trading Bot - INFO - Starting trading cycle
2025-03-26 13:02:46,756 - Trading Bot - INFO - Processing AAPL
2025-03-26 13:02:46,757 - Trading Bot - INFO - HOLD signal for AAPL (score: 0.9272)
2025-03-26 13:02:46,757 - Trading Bot - INFO - Processing MSFT
2025-03-26 13:02:46,757 - Trading Bot - INFO - SELL signal for MSFT (score: 0.1056)
2025-03-26 13:02:46,757 - Trading Bot - WARNING - Cannot sell MSFT - no position
2025-03-26 13:02:46,757 - Trading Bot - INFO - Processing GOOGL
2025-03-26 13:02:46,757 - Trading Bot - INFO - HOLD signal for GOOGL (score: 0.6101)
2025-03-26 13:02:46,766 - Trading Bot - INFO - Performance metrics saved: 40/72 winning trades
2025-03-26 13:02:46,766 - Trading Bot - INFO - Sleeping for 60 seconds
2025-03-26 13:03:46,506 - Trading System - INFO - Trading Bot is alive: True
2025-03-26 13:03:46,506 - Trading System - INFO - Monitor Bot is alive: True
2025-03-26 13:03:46,506 - Trading System - INFO - Improvement Bot is alive: True
2025-03-26 13:03:46,771 - Trading Bot - INFO - Starting trading cycle
2025-03-26 13:03:46,771 - Trading Bot - INFO - Processing AAPL
2025-03-26 13:03:46,772 - Trading Bot - INFO - HOLD signal for AAPL (score: 0.5540)
2025-03-26 13:03:46,772 - Trading Bot - INFO - Processing MSFT
2025-03-26 13:03:46,772 - Trading Bot - INFO - HOLD signal for MSFT (score: 0.9952)
2025-03-26 13:03:46,772 - Trading Bot - INFO - Processing GOOGL
2025-03-26 13:03:46,772 - Trading Bot - INFO - HOLD signal for GOOGL (score: 0.8253)
2025-03-26 13:03:46,778 - Trading Bot - INFO - Performance metrics saved: 40/72 winning trades
2025-03-26 13:03:46,778 - Trading Bot - INFO - Sleeping for 60 seconds
2025-03-26 13:04:46,511 - Trading System - INFO - Trading Bot is alive: True
2025-03-26 13:04:46,513 - Trading System - INFO - Monitor Bot is alive: True
2025-03-26 13:04:46,513 - Trading System - INFO - Improvement Bot is alive: True
2025-03-26 13:04:46,782 - Trading Bot - INFO - Starting trading cycle
2025-03-26 13:04:46,782 - Trading Bot - INFO - Processing AAPL
2025-03-26 13:04:46,782 - Trading Bot - INFO - HOLD signal for AAPL (score: 0.6160)
2025-03-26 13:04:46,782 - Trading Bot - INFO - Processing MSFT
2025-03-26 13:04:46,783 - Trading Bot - INFO - HOLD signal for MSFT (score: 0.8272)
2025-03-26 13:04:46,783 - Trading Bot - INFO - Processing GOOGL
2025-03-26 13:04:46,783 - Trading Bot - INFO - HOLD signal for GOOGL (score: 0.5309)
2025-03-26 13:04:46,790 - Trading Bot - INFO - Performance metrics saved: 40/72 winning trades
2025-03-26 13:04:46,791 - Trading Bot - INFO - Sleeping for 60 seconds
2025-03-26 13:05:46,514 - Trading System - INFO - Trading Bot is alive: True
2025-03-26 13:05:46,516 - Trading System - INFO - Monitor Bot is alive: True
2025-03-26 13:05:46,516 - Trading System - INFO - Improvement Bot is alive: True
2025-03-26 13:05:46,794 - Trading Bot - INFO - Starting trading cycle
2025-03-26 13:05:46,795 - Trading Bot - INFO - Processing AAPL
2025-03-26 13:05:46,795 - Trading Bot - INFO - HOLD signal for AAPL (score: 0.7438)
2025-03-26 13:05:46,795 - Trading Bot - INFO - Processing MSFT
2025-03-26 13:05:46,795 - Trading Bot - INFO - HOLD signal for MSFT (score: 0.8292)
2025-03-26 13:05:46,795 - Trading Bot - INFO - Processing GOOGL
2025-03-26 13:05:46,795 - Trading Bot - INFO - HOLD signal for GOOGL (score: 0.3976)
2025-03-26 13:05:46,802 - Trading Bot - INFO - Performance metrics saved: 40/72 winning trades
2025-03-26 13:05:46,802 - Trading Bot - INFO - Sleeping for 60 seconds
2025-03-26 13:06:46,521 - Trading System - INFO - Trading Bot is alive: True
2025-03-26 13:06:46,522 - Trading System - INFO - Monitor Bot is alive: True
2025-03-26 13:06:46,523 - Trading System - INFO - Improvement Bot is alive: True
2025-03-26 13:06:46,803 - Trading Bot - INFO - Starting trading cycle
2025-03-26 13:06:46,803 - Trading Bot - INFO - Processing AAPL
2025-03-26 13:06:46,803 - Trading Bot - INFO - HOLD signal for AAPL (score: 0.7822)
2025-03-26 13:06:46,803 - Trading Bot - INFO - Processing MSFT
2025-03-26 13:06:46,803 - Trading Bot - INFO - HOLD signal for MSFT (score: 0.6682)
2025-03-26 13:06:46,804 - Trading Bot - INFO - Processing GOOGL
2025-03-26 13:06:46,804 - Trading Bot - INFO - SELL signal for GOOGL (score: 0.2354)
2025-03-26 13:06:46,804 - Trading Bot - WARNING - Cannot sell GOOGL - no position
2025-03-26 13:06:46,811 - Trading Bot - INFO - Performance metrics saved: 40/72 winning trades
2025-03-26 13:06:46,811 - Trading Bot - INFO - Sleeping for 60 seconds
2025-03-26 13:07:46,527 - Trading System - INFO - Trading Bot is alive: True
2025-03-26 13:07:46,527 - Trading System - INFO - Monitor Bot is alive: True
2025-03-26 13:07:46,527 - Trading System - INFO - Improvement Bot is alive: True
2025-03-26 13:07:46,814 - Trading Bot - INFO - Starting trading cycle
2025-03-26 13:07:46,814 - Trading Bot - INFO - Processing AAPL
2025-03-26 13:07:46,815 - Trading Bot - INFO - SELL signal for AAPL (score: 0.1752)
2025-03-26 13:07:46,815 - Trading Bot - WARNING - Cannot sell AAPL - no position
2025-03-26 13:07:46,815 - Trading Bot - INFO - Processing MSFT
2025-03-26 13:07:46,815 - Trading Bot - INFO - HOLD signal for MSFT (score: 0.3629)
2025-03-26 13:07:46,815 - Trading Bot - INFO - Processing GOOGL
2025-03-26 13:07:46,815 - Trading Bot - INFO - HOLD signal for GOOGL (score: 0.4291)
2025-03-26 13:07:46,822 - Trading Bot - INFO - Performance metrics saved: 40/72 winning trades
2025-03-26 13:07:46,822 - Trading Bot - INFO - Sleeping for 60 seconds
2025-03-26 13:08:46,530 - Trading System - INFO - Trading Bot is alive: True
2025-03-26 13:08:46,532 - Trading System - INFO - Monitor Bot is alive: True
2025-03-26 13:08:46,532 - Trading System - INFO - Improvement Bot is alive: True
2025-03-26 13:08:46,827 - Trading Bot - INFO - Starting trading cycle
2025-03-26 13:08:46,828 - Trading Bot - INFO - Processing AAPL
2025-03-26 13:08:46,828 - Trading Bot - INFO - HOLD signal for AAPL (score: 0.6986)
2025-03-26 13:08:46,828 - Trading Bot - INFO - Processing MSFT
2025-03-26 13:08:46,828 - Trading Bot - INFO - SELL signal for MSFT (score: 0.0616)
2025-03-26 13:08:46,828 - Trading Bot - WARNING - Cannot sell MSFT - no position
2025-03-26 13:08:46,828 - Trading Bot - INFO - Processing GOOGL
2025-03-26 13:08:46,828 - Trading Bot - INFO - HOLD signal for GOOGL (score: 0.3626)
2025-03-26 13:08:46,836 - Trading Bot - INFO - Performance metrics saved: 40/72 winning trades
2025-03-26 13:08:46,837 - Trading Bot - INFO - Sleeping for 60 seconds
2025-03-26 13:09:46,536 - Trading System - INFO - Trading Bot is alive: True
2025-03-26 13:09:46,537 - Trading System - INFO - Monitor Bot is alive: True
2025-03-26 13:09:46,538 - Trading System - INFO - Improvement Bot is alive: True
2025-03-26 13:09:46,842 - Trading Bot - INFO - Starting trading cycle
2025-03-26 13:09:46,842 - Trading Bot - INFO - Processing AAPL
2025-03-26 13:09:46,842 - Trading Bot - INFO - HOLD signal for AAPL (score: 0.9114)
2025-03-26 13:09:46,842 - Trading Bot - INFO - Processing MSFT
2025-03-26 13:09:46,842 - Trading Bot - INFO - HOLD signal for MSFT (score: 0.3188)
2025-03-26 13:09:46,843 - Trading Bot - INFO - Processing GOOGL
2025-03-26 13:09:46,843 - Trading Bot - INFO - HOLD signal for GOOGL (score: 0.8814)
2025-03-26 13:09:46,849 - Trading Bot - INFO - Performance metrics saved: 40/72 winning trades
2025-03-26 13:09:46,849 - Trading Bot - INFO - Sleeping for 60 seconds
2025-03-26 13:10:46,539 - Trading System - INFO - Trading Bot is alive: True
2025-03-26 13:10:46,540 - Trading System - INFO - Monitor Bot is alive: True
2025-03-26 13:10:46,540 - Trading System - INFO - Improvement Bot is alive: True
2025-03-26 13:10:46,854 - Trading Bot - INFO - Starting trading cycle
2025-03-26 13:10:46,854 - Trading Bot - INFO - Processing AAPL
2025-03-26 13:10:46,854 - Trading Bot - INFO - HOLD signal for AAPL (score: 0.5021)
2025-03-26 13:10:46,855 - Trading Bot - INFO - Processing MSFT
2025-03-26 13:10:46,855 - Trading Bot - INFO - HOLD signal for MSFT (score: 0.9757)
2025-03-26 13:10:46,855 - Trading Bot - INFO - Processing GOOGL
2025-03-26 13:10:46,855 - Trading Bot - INFO - HOLD signal for GOOGL (score: 0.3111)
2025-03-26 13:10:46,862 - Trading Bot - INFO - Performance metrics saved: 40/72 winning trades
2025-03-26 13:10:46,862 - Trading Bot - INFO - Sleeping for 60 seconds
2025-03-26 13:11:46,542 - Trading System - INFO - Trading Bot is alive: True
2025-03-26 13:11:46,544 - Trading System - INFO - Monitor Bot is alive: True
2025-03-26 13:11:46,545 - Trading System - INFO - Improvement Bot is alive: True
2025-03-26 13:11:46,862 - Trading Bot - INFO - Starting trading cycle
2025-03-26 13:11:46,862 - Trading Bot - INFO - Processing AAPL
2025-03-26 13:11:46,863 - Trading Bot - INFO - HOLD signal for AAPL (score: 0.5017)
2025-03-26 13:11:46,863 - Trading Bot - INFO - Processing MSFT
2025-03-26 13:11:46,863 - Trading Bot - INFO - SELL signal for MSFT (score: 0.0319)
2025-03-26 13:11:46,863 - Trading Bot - WARNING - Cannot sell MSFT - no position
2025-03-26 13:11:46,863 - Trading Bot - INFO - Processing GOOGL
2025-03-26 13:11:46,863 - Trading Bot - INFO - SELL signal for GOOGL (score: 0.2943)
2025-03-26 13:11:46,864 - Trading Bot - WARNING - Cannot sell GOOGL - no position
2025-03-26 13:11:46,872 - Trading Bot - INFO - Performance metrics saved: 40/72 winning trades
2025-03-26 13:11:46,872 - Trading Bot - INFO - Sleeping for 60 seconds
2025-03-26 13:12:46,550 - Trading System - INFO - Trading Bot is alive: True
2025-03-26 13:12:46,550 - Trading System - INFO - Monitor Bot is alive: True
2025-03-26 13:12:46,550 - Trading System - INFO - Improvement Bot is alive: True
2025-03-26 13:12:46,875 - Trading Bot - INFO - Starting trading cycle
2025-03-26 13:12:46,876 - Trading Bot - INFO - Processing AAPL
2025-03-26 13:12:46,876 - Trading Bot - INFO - HOLD signal for AAPL (score: 0.3166)
2025-03-26 13:12:46,876 - Trading Bot - INFO - Processing MSFT
2025-03-26 13:12:46,876 - Trading Bot - INFO - HOLD signal for MSFT (score: 0.8132)
2025-03-26 13:12:46,876 - Trading Bot - INFO - Processing GOOGL
2025-03-26 13:12:46,876 - Trading Bot - INFO - SELL signal for GOOGL (score: 0.0656)
2025-03-26 13:12:46,877 - Trading Bot - WARNING - Cannot sell GOOGL - no position
2025-03-26 13:12:46,883 - Trading Bot - INFO - Performance metrics saved: 40/72 winning trades
2025-03-26 13:12:46,883 - Trading Bot - INFO - Sleeping for 60 seconds
2025-03-26 13:13:46,555 - Trading System - INFO - Trading Bot is alive: True
2025-03-26 13:13:46,556 - Trading System - INFO - Monitor Bot is alive: True
2025-03-26 13:13:46,557 - Trading System - INFO - Improvement Bot is alive: True
2025-03-26 13:13:46,884 - Trading Bot - INFO - Starting trading cycle
2025-03-26 13:13:46,885 - Trading Bot - INFO - Processing AAPL
2025-03-26 13:13:46,885 - Trading Bot - INFO - HOLD signal for AAPL (score: 0.5382)
2025-03-26 13:13:46,885 - Trading Bot - INFO - Processing MSFT
2025-03-26 13:13:46,885 - Trading Bot - INFO - SELL signal for MSFT (score: 0.1599)
2025-03-26 13:13:46,885 - Trading Bot - WARNING - Cannot sell MSFT - no position
2025-03-26 13:13:46,885 - Trading Bot - INFO - Processing GOOGL
2025-03-26 13:13:46,885 - Trading Bot - INFO - HOLD signal for GOOGL (score: 0.5973)
2025-03-26 13:13:46,891 - Trading Bot - INFO - Performance metrics saved: 40/72 winning trades
2025-03-26 13:13:46,892 - Trading Bot - INFO - Sleeping for 60 seconds
2025-03-26 13:14:46,559 - Trading System - INFO - Trading Bot is alive: True
2025-03-26 13:14:46,559 - Trading System - INFO - Monitor Bot is alive: True
2025-03-26 13:14:46,559 - Trading System - INFO - Improvement Bot is alive: True
2025-03-26 13:14:46,893 - Trading Bot - INFO - Starting trading cycle
2025-03-26 13:14:46,893 - Trading Bot - INFO - Processing AAPL
2025-03-26 13:14:46,894 - Trading Bot - INFO - SELL signal for AAPL (score: 0.0826)
2025-03-26 13:14:46,894 - Trading Bot - WARNING - Cannot sell AAPL - no position
2025-03-26 13:14:46,894 - Trading Bot - INFO - Processing MSFT
2025-03-26 13:14:46,894 - Trading Bot - INFO - HOLD signal for MSFT (score: 0.3106)
2025-03-26 13:14:46,894 - Trading Bot - INFO - Processing GOOGL
2025-03-26 13:14:46,894 - Trading Bot - INFO - SELL signal for GOOGL (score: 0.2351)
2025-03-26 13:14:46,894 - Trading Bot - WARNING - Cannot sell GOOGL - no position
2025-03-26 13:14:46,901 - Trading Bot - INFO - Performance metrics saved: 40/72 winning trades
2025-03-26 13:14:46,901 - Trading Bot - INFO - Sleeping for 60 seconds
2025-03-26 13:15:46,565 - Trading System - INFO - Trading Bot is alive: True
2025-03-26 13:15:46,566 - Trading System - INFO - Monitor Bot is alive: True
2025-03-26 13:15:46,566 - Trading System - INFO - Improvement Bot is alive: True
2025-03-26 13:15:46,906 - Trading Bot - INFO - Starting trading cycle
2025-03-26 13:15:46,907 - Trading Bot - INFO - Processing AAPL
2025-03-26 13:15:46,907 - Trading Bot - INFO - SELL signal for AAPL (score: 0.0512)
2025-03-26 13:15:46,907 - Trading Bot - WARNING - Cannot sell AAPL - no position
2025-03-26 13:15:46,907 - Trading Bot - INFO - Processing MSFT
2025-03-26 13:15:46,907 - Trading Bot - INFO - HOLD signal for MSFT (score: 0.6240)
2025-03-26 13:15:46,907 - Trading Bot - INFO - Processing GOOGL
2025-03-26 13:15:46,907 - Trading Bot - INFO - HOLD signal for GOOGL (score: 0.3751)
2025-03-26 13:15:46,915 - Trading Bot - INFO - Performance metrics saved: 40/72 winning trades
2025-03-26 13:15:46,915 - Trading Bot - INFO - Sleeping for 60 seconds
2025-03-26 13:16:46,567 - Trading System - INFO - Trading Bot is alive: True
2025-03-26 13:16:46,569 - Trading System - INFO - Monitor Bot is alive: True
2025-03-26 13:16:46,569 - Trading System - INFO - Improvement Bot is alive: True
2025-03-26 13:16:46,731 - Monitor Bot - INFO - Running scheduled task: Performance Metrics
2025-03-26 13:16:46,734 - Monitor Bot - INFO - === Performance Metrics ===
2025-03-26 13:16:46,734 - Monitor Bot - INFO - Date: 2025-03-26T13:15:46.908201
2025-03-26 13:16:46,734 - Monitor Bot - INFO - Total Trades: 72
2025-03-26 13:16:46,734 - Monitor Bot - INFO - Win Rate: 55.56%
2025-03-26 13:16:46,734 - Monitor Bot - INFO - Total Profit: $18.27
2025-03-26 13:16:46,734 - Monitor Bot - INFO - Average Profit per Trade: $0.25
2025-03-26 13:16:46,735 - Monitor Bot - ERROR - Error extracting performance metrics: 'avg_profit_pct'
2025-03-26 13:16:46,735 - Monitor Bot - WARNING - Task Performance Metrics completed with warnings
2025-03-26 13:16:46,919 - Trading Bot - INFO - Starting trading cycle
2025-03-26 13:16:46,920 - Trading Bot - INFO - Processing AAPL
2025-03-26 13:16:46,920 - Trading Bot - INFO - SELL signal for AAPL (score: 0.2983)
2025-03-26 13:16:46,920 - Trading Bot - WARNING - Cannot sell AAPL - no position
2025-03-26 13:16:46,920 - Trading Bot - INFO - Processing MSFT
2025-03-26 13:16:46,921 - Trading Bot - INFO - HOLD signal for MSFT (score: 0.8530)
2025-03-26 13:16:46,921 - Trading Bot - INFO - Processing GOOGL
2025-03-26 13:16:46,921 - Trading Bot - INFO - HOLD signal for GOOGL (score: 0.5916)
2025-03-26 13:16:46,928 - Trading Bot - INFO - Performance metrics saved: 40/72 winning trades
2025-03-26 13:16:46,929 - Trading Bot - INFO - Sleeping for 60 seconds
2025-03-26 13:17:46,569 - Trading System - INFO - Trading Bot is alive: True
2025-03-26 13:17:46,570 - Trading System - INFO - Monitor Bot is alive: True
2025-03-26 13:17:46,570 - Trading System - INFO - Improvement Bot is alive: True
2025-03-26 13:17:46,933 - Trading Bot - INFO - Starting trading cycle
2025-03-26 13:17:46,933 - Trading Bot - INFO - Processing AAPL
2025-03-26 13:17:46,934 - Trading Bot - INFO - HOLD signal for AAPL (score: 0.8266)
2025-03-26 13:17:46,934 - Trading Bot - INFO - Processing MSFT
2025-03-26 13:17:46,934 - Trading Bot - INFO - HOLD signal for MSFT (score: 0.4262)
2025-03-26 13:17:46,934 - Trading Bot - INFO - Processing GOOGL
2025-03-26 13:17:46,934 - Trading Bot - INFO - HOLD signal for GOOGL (score: 0.3846)
2025-03-26 13:17:46,940 - Trading Bot - INFO - Performance metrics saved: 40/72 winning trades
2025-03-26 13:17:46,941 - Trading Bot - INFO - Sleeping for 60 seconds
2025-03-26 13:18:46,574 - Trading System - INFO - Trading Bot is alive: True
2025-03-26 13:18:46,576 - Trading System - INFO - Monitor Bot is alive: True
2025-03-26 13:18:46,576 - Trading System - INFO - Improvement Bot is alive: True
2025-03-26 13:18:46,945 - Trading Bot - INFO - Starting trading cycle
2025-03-26 13:18:46,945 - Trading Bot - INFO - Processing AAPL
2025-03-26 13:18:46,945 - Trading Bot - INFO - HOLD signal for AAPL (score: 0.3966)
2025-03-26 13:18:46,945 - Trading Bot - INFO - Processing MSFT
2025-03-26 13:18:46,945 - Trading Bot - INFO - SELL signal for MSFT (score: 0.2867)
2025-03-26 13:18:46,945 - Trading Bot - WARNING - Cannot sell MSFT - no position
2025-03-26 13:18:46,945 - Trading Bot - INFO - Processing GOOGL
2025-03-26 13:18:46,945 - Trading Bot - INFO - HOLD signal for GOOGL (score: 0.9490)
2025-03-26 13:18:46,952 - Trading Bot - INFO - Performance metrics saved: 40/72 winning trades
2025-03-26 13:18:46,952 - Trading Bot - INFO - Sleeping for 60 seconds
2025-03-26 13:19:46,581 - Trading System - INFO - Trading Bot is alive: True
2025-03-26 13:19:46,582 - Trading System - INFO - Monitor Bot is alive: True
2025-03-26 13:19:46,582 - Trading System - INFO - Improvement Bot is alive: True
2025-03-26 13:19:46,956 - Trading Bot - INFO - Starting trading cycle
2025-03-26 13:19:46,957 - Trading Bot - INFO - Processing AAPL
2025-03-26 13:19:46,957 - Trading Bot - INFO - HOLD signal for AAPL (score: 0.8887)
2025-03-26 13:19:46,957 - Trading Bot - INFO - Processing MSFT
2025-03-26 13:19:46,957 - Trading Bot - INFO - HOLD signal for MSFT (score: 0.8300)
2025-03-26 13:19:46,957 - Trading Bot - INFO - Processing GOOGL
2025-03-26 13:19:46,957 - Trading Bot - INFO - HOLD signal for GOOGL (score: 0.9450)
2025-03-26 13:19:46,964 - Trading Bot - INFO - Performance metrics saved: 40/72 winning trades
2025-03-26 13:19:46,964 - Trading Bot - INFO - Sleeping for 60 seconds
2025-03-26 13:20:45,303 - Improvement Bot - INFO - Running scheduled task: System Health Analysis
2025-03-26 13:20:45,307 - Improvement Bot - INFO - Win rate trend: +0.00%
2025-03-26 13:20:45,307 - Improvement Bot - INFO - Profit trend: +0.00%
2025-03-26 13:20:45,308 - Improvement Bot - INFO - System health analysis completed: healthy
2025-03-26 13:20:45,308 - Improvement Bot - INFO - Task System Health Analysis completed successfully
2025-03-26 13:20:46,585 - Trading System - INFO - Trading Bot is alive: True
2025-03-26 13:20:46,585 - Trading System - INFO - Monitor Bot is alive: True
2025-03-26 13:20:46,586 - Trading System - INFO - Improvement Bot is alive: True
2025-03-26 13:20:46,968 - Trading Bot - INFO - Starting trading cycle
2025-03-26 13:20:46,968 - Trading Bot - INFO - Processing AAPL
2025-03-26 13:20:46,969 - Trading Bot - INFO - HOLD signal for AAPL (score: 0.4896)
2025-03-26 13:20:46,969 - Trading Bot - INFO - Processing MSFT
2025-03-26 13:20:46,969 - Trading Bot - INFO - SELL signal for MSFT (score: 0.0097)
2025-03-26 13:20:46,969 - Trading Bot - WARNING - Cannot sell MSFT - no position
2025-03-26 13:20:46,969 - Trading Bot - INFO - Processing GOOGL
2025-03-26 13:20:46,969 - Trading Bot - INFO - HOLD signal for GOOGL (score: 0.7458)
2025-03-26 13:20:46,975 - Trading Bot - INFO - Performance metrics saved: 40/72 winning trades
2025-03-26 13:20:46,975 - Trading Bot - INFO - Sleeping for 60 seconds
2025-03-26 13:21:46,588 - Trading System - INFO - Trading Bot is alive: True
2025-03-26 13:21:46,589 - Trading System - INFO - Monitor Bot is alive: True
2025-03-26 13:21:46,589 - Trading System - INFO - Improvement Bot is alive: True
2025-03-26 13:21:46,980 - Trading Bot - INFO - Starting trading cycle
2025-03-26 13:21:46,980 - Trading Bot - INFO - Processing AAPL
2025-03-26 13:21:46,981 - Trading Bot - INFO - HOLD signal for AAPL (score: 0.6777)
2025-03-26 13:21:46,981 - Trading Bot - INFO - Processing MSFT
2025-03-26 13:21:46,981 - Trading Bot - INFO - HOLD signal for MSFT (score: 0.4696)
2025-03-26 13:21:46,981 - Trading Bot - INFO - Processing GOOGL
2025-03-26 13:21:46,981 - Trading Bot - INFO - HOLD signal for GOOGL (score: 0.3931)
2025-03-26 13:21:46,988 - Trading Bot - INFO - Performance metrics saved: 40/72 winning trades
2025-03-26 13:21:46,988 - Trading Bot - INFO - Sleeping for 60 seconds
2025-03-26 13:22:46,593 - Trading System - INFO - Trading Bot is alive: True
2025-03-26 13:22:46,595 - Trading System - INFO - Monitor Bot is alive: True
2025-03-26 13:22:46,595 - Trading System - INFO - Improvement Bot is alive: True
2025-03-26 13:22:46,989 - Trading Bot - INFO - Starting trading cycle
2025-03-26 13:22:46,990 - Trading Bot - INFO - Processing AAPL
2025-03-26 13:22:46,990 - Trading Bot - INFO - SELL signal for AAPL (score: 0.2227)
2025-03-26 13:22:46,990 - Trading Bot - WARNING - Cannot sell AAPL - no position
2025-03-26 13:22:46,990 - Trading Bot - INFO - Processing MSFT
2025-03-26 13:22:46,990 - Trading Bot - INFO - SELL signal for MSFT (score: 0.0359)
2025-03-26 13:22:46,990 - Trading Bot - WARNING - Cannot sell MSFT - no position
2025-03-26 13:22:46,990 - Trading Bot - INFO - Processing GOOGL
2025-03-26 13:22:46,990 - Trading Bot - INFO - SELL signal for GOOGL (score: 0.1211)
2025-03-26 13:22:46,991 - Trading Bot - WARNING - Cannot sell GOOGL - no position
2025-03-26 13:22:46,997 - Trading Bot - INFO - Performance metrics saved: 40/72 winning trades
2025-03-26 13:22:46,998 - Trading Bot - INFO - Sleeping for 60 seconds
2025-03-26 13:23:46,600 - Trading System - INFO - Trading Bot is alive: True
2025-03-26 13:23:46,601 - Trading System - INFO - Monitor Bot is alive: True
2025-03-26 13:23:46,601 - Trading System - INFO - Improvement Bot is alive: True
2025-03-26 13:23:47,002 - Trading Bot - INFO - Starting trading cycle
2025-03-26 13:23:47,003 - Trading Bot - INFO - Processing AAPL
2025-03-26 13:23:47,003 - Trading Bot - INFO - SELL signal for AAPL (score: 0.1893)
2025-03-26 13:23:47,003 - Trading Bot - WARNING - Cannot sell AAPL - no position
2025-03-26 13:23:47,003 - Trading Bot - INFO - Processing MSFT
2025-03-26 13:23:47,003 - Trading Bot - INFO - SELL signal for MSFT (score: 0.0090)
2025-03-26 13:23:47,003 - Trading Bot - WARNING - Cannot sell MSFT - no position
2025-03-26 13:23:47,003 - Trading Bot - INFO - Processing GOOGL
2025-03-26 13:23:47,003 - Trading Bot - INFO - HOLD signal for GOOGL (score: 0.9999)
2025-03-26 13:23:47,011 - Trading Bot - INFO - Performance metrics saved: 40/72 winning trades
2025-03-26 13:23:47,011 - Trading Bot - INFO - Sleeping for 60 seconds
2025-03-26 13:24:46,606 - Trading System - INFO - Trading Bot is alive: True
2025-03-26 13:24:46,607 - Trading System - INFO - Monitor Bot is alive: True
2025-03-26 13:24:46,608 - Trading System - INFO - Improvement Bot is alive: True
2025-03-26 13:24:47,012 - Trading Bot - INFO - Starting trading cycle
2025-03-26 13:24:47,013 - Trading Bot - INFO - Processing AAPL
2025-03-26 13:24:47,013 - Trading Bot - INFO - HOLD signal for AAPL (score: 0.7738)
2025-03-26 13:24:47,013 - Trading Bot - INFO - Processing MSFT
2025-03-26 13:24:47,013 - Trading Bot - INFO - SELL signal for MSFT (score: 0.2789)
2025-03-26 13:24:47,013 - Trading Bot - WARNING - Cannot sell MSFT - no position
2025-03-26 13:24:47,013 - Trading Bot - INFO - Processing GOOGL
2025-03-26 13:24:47,013 - Trading Bot - INFO - HOLD signal for GOOGL (score: 0.3059)
2025-03-26 13:24:47,020 - Trading Bot - INFO - Performance metrics saved: 40/72 winning trades
2025-03-26 13:24:47,021 - Trading Bot - INFO - Sleeping for 60 seconds
2025-03-26 13:25:46,611 - Trading System - INFO - Trading Bot is alive: True
2025-03-26 13:25:46,613 - Trading System - INFO - Monitor Bot is alive: True
2025-03-26 13:25:46,614 - Trading System - INFO - Improvement Bot is alive: True
2025-03-26 13:25:47,024 - Trading Bot - INFO - Starting trading cycle
2025-03-26 13:25:47,024 - Trading Bot - INFO - Processing AAPL
2025-03-26 13:25:47,024 - Trading Bot - INFO - SELL signal for AAPL (score: 0.0585)
2025-03-26 13:25:47,024 - Trading Bot - WARNING - Cannot sell AAPL - no position
2025-03-26 13:25:47,025 - Trading Bot - INFO - Processing MSFT
2025-03-26 13:25:47,025 - Trading Bot - INFO - HOLD signal for MSFT (score: 0.9416)
2025-03-26 13:25:47,025 - Trading Bot - INFO - Processing GOOGL
2025-03-26 13:25:47,025 - Trading Bot - INFO - SELL signal for GOOGL (score: 0.0074)
2025-03-26 13:25:47,025 - Trading Bot - WARNING - Cannot sell GOOGL - no position
2025-03-26 13:25:47,033 - Trading Bot - INFO - Performance metrics saved: 40/72 winning trades
2025-03-26 13:25:47,033 - Trading Bot - INFO - Sleeping for 60 seconds
2025-03-26 13:26:46,647 - Trading System - INFO - Trading Bot is alive: True
2025-03-26 13:26:46,649 - Trading System - INFO - Monitor Bot is alive: True
2025-03-26 13:26:46,649 - Trading System - INFO - Improvement Bot is alive: True
2025-03-26 13:26:47,068 - Trading Bot - INFO - Starting trading cycle
2025-03-26 13:26:47,069 - Trading Bot - INFO - Processing AAPL
2025-03-26 13:26:47,069 - Trading Bot - INFO - HOLD signal for AAPL (score: 0.5505)
2025-03-26 13:26:47,069 - Trading Bot - INFO - Processing MSFT
2025-03-26 13:26:47,069 - Trading Bot - INFO - SELL signal for MSFT (score: 0.2225)
2025-03-26 13:26:47,069 - Trading Bot - WARNING - Cannot sell MSFT - no position
2025-03-26 13:26:47,069 - Trading Bot - INFO - Processing GOOGL
2025-03-26 13:26:47,069 - Trading Bot - INFO - HOLD signal for GOOGL (score: 0.4680)
2025-03-26 13:26:47,076 - Trading Bot - INFO - Performance metrics saved: 40/72 winning trades
2025-03-26 13:26:47,076 - Trading Bot - INFO - Sleeping for 60 seconds
2025-03-26 13:27:46,655 - Trading System - INFO - Trading Bot is alive: True
2025-03-26 13:27:46,656 - Trading System - INFO - Monitor Bot is alive: True
2025-03-26 13:27:46,657 - Trading System - INFO - Improvement Bot is alive: True
2025-03-26 13:27:47,083 - Trading Bot - INFO - Starting trading cycle
2025-03-26 13:27:47,083 - Trading Bot - INFO - Processing AAPL
2025-03-26 13:27:47,083 - Trading Bot - INFO - HOLD signal for AAPL (score: 0.8979)
2025-03-26 13:27:47,083 - Trading Bot - INFO - Processing MSFT
2025-03-26 13:27:47,084 - Trading Bot - INFO - HOLD signal for MSFT (score: 0.6108)
2025-03-26 13:27:47,084 - Trading Bot - INFO - Processing GOOGL
2025-03-26 13:27:47,084 - Trading Bot - INFO - HOLD signal for GOOGL (score: 0.4561)
2025-03-26 13:27:47,091 - Trading Bot - INFO - Performance metrics saved: 40/72 winning trades
2025-03-26 13:27:47,092 - Trading Bot - INFO - Sleeping for 60 seconds
2025-03-26 13:28:46,662 - Trading System - INFO - Trading Bot is alive: True
2025-03-26 13:28:46,664 - Trading System - INFO - Monitor Bot is alive: True
2025-03-26 13:28:46,664 - Trading System - INFO - Improvement Bot is alive: True
2025-03-26 13:28:47,097 - Trading Bot - INFO - Starting trading cycle
2025-03-26 13:28:47,098 - Trading Bot - INFO - Processing AAPL
2025-03-26 13:28:47,098 - Trading Bot - INFO - HOLD signal for AAPL (score: 0.4701)
2025-03-26 13:28:47,098 - Trading Bot - INFO - Processing MSFT
2025-03-26 13:28:47,098 - Trading Bot - INFO - SELL signal for MSFT (score: 0.1918)
2025-03-26 13:28:47,098 - Trading Bot - WARNING - Cannot sell MSFT - no position
2025-03-26 13:28:47,098 - Trading Bot - INFO - Processing GOOGL
2025-03-26 13:28:47,098 - Trading Bot - INFO - HOLD signal for GOOGL (score: 0.5578)
2025-03-26 13:28:47,106 - Trading Bot - INFO - Performance metrics saved: 40/72 winning trades
2025-03-26 13:28:47,106 - Trading Bot - INFO - Sleeping for 60 seconds
2025-03-26 13:29:46,669 - Trading System - INFO - Trading Bot is alive: True
2025-03-26 13:29:46,670 - Trading System - INFO - Monitor Bot is alive: True
2025-03-26 13:29:46,670 - Trading System - INFO - Improvement Bot is alive: True
2025-03-26 13:29:47,112 - Trading Bot - INFO - Starting trading cycle
2025-03-26 13:29:47,112 - Trading Bot - INFO - Processing AAPL
2025-03-26 13:29:47,112 - Trading Bot - INFO - HOLD signal for AAPL (score: 0.5896)
2025-03-26 13:29:47,113 - Trading Bot - INFO - Processing MSFT
2025-03-26 13:29:47,113 - Trading Bot - INFO - SELL signal for MSFT (score: 0.2050)
2025-03-26 13:29:47,113 - Trading Bot - WARNING - Cannot sell MSFT - no position
2025-03-26 13:29:47,113 - Trading Bot - INFO - Processing GOOGL
2025-03-26 13:29:47,113 - Trading Bot - INFO - HOLD signal for GOOGL (score: 0.8374)
2025-03-26 13:29:47,121 - Trading Bot - INFO - Performance metrics saved: 40/72 winning trades
2025-03-26 13:29:47,121 - Trading Bot - INFO - Sleeping for 60 seconds
2025-03-26 13:30:46,673 - Trading System - INFO - Trading Bot is alive: True
2025-03-26 13:30:46,675 - Trading System - INFO - Monitor Bot is alive: True
2025-03-26 13:30:46,675 - Trading System - INFO - Improvement Bot is alive: True
2025-03-26 13:30:47,127 - Trading Bot - INFO - Starting trading cycle
2025-03-26 13:30:47,127 - Trading Bot - INFO - Processing AAPL
2025-03-26 13:30:47,127 - Trading Bot - INFO - HOLD signal for AAPL (score: 0.7604)
2025-03-26 13:30:47,127 - Trading Bot - INFO - Processing MSFT
2025-03-26 13:30:47,128 - Trading Bot - INFO - SELL signal for MSFT (score: 0.1347)
2025-03-26 13:30:47,128 - Trading Bot - WARNING - Cannot sell MSFT - no position
2025-03-26 13:30:47,128 - Trading Bot - INFO - Processing GOOGL
2025-03-26 13:30:47,128 - Trading Bot - INFO - HOLD signal for GOOGL (score: 0.4070)
2025-03-26 13:30:47,135 - Trading Bot - INFO - Performance metrics saved: 40/72 winning trades
2025-03-26 13:30:47,135 - Trading Bot - INFO - Sleeping for 60 seconds
2025-03-26 13:31:46,680 - Trading System - INFO - Trading Bot is alive: True
2025-03-26 13:31:46,682 - Trading System - INFO - Monitor Bot is alive: True
2025-03-26 13:31:46,682 - Trading System - INFO - Improvement Bot is alive: True
2025-03-26 13:31:47,139 - Trading Bot - INFO - Starting trading cycle
2025-03-26 13:31:47,140 - Trading Bot - INFO - Processing AAPL
2025-03-26 13:31:47,140 - Trading Bot - INFO - HOLD signal for AAPL (score: 0.4621)
2025-03-26 13:31:47,140 - Trading Bot - INFO - Processing MSFT
2025-03-26 13:31:47,140 - Trading Bot - INFO - HOLD signal for MSFT (score: 0.3792)
2025-03-26 13:31:47,140 - Trading Bot - INFO - Processing GOOGL
2025-03-26 13:31:47,140 - Trading Bot - INFO - HOLD signal for GOOGL (score: 0.4760)
2025-03-26 13:31:47,148 - Trading Bot - INFO - Performance metrics saved: 40/72 winning trades
2025-03-26 13:31:47,148 - Trading Bot - INFO - Sleeping for 60 seconds
2025-03-26 13:32:46,687 - Trading System - INFO - Trading Bot is alive: True
2025-03-26 13:32:46,689 - Trading System - INFO - Monitor Bot is alive: True
2025-03-26 13:32:46,689 - Trading System - INFO - Improvement Bot is alive: True
2025-03-26 13:32:47,152 - Trading Bot - INFO - Starting trading cycle
2025-03-26 13:32:47,153 - Trading Bot - INFO - Processing AAPL
2025-03-26 13:32:47,153 - Trading Bot - INFO - HOLD signal for AAPL (score: 0.6481)
2025-03-26 13:32:47,153 - Trading Bot - INFO - Processing MSFT
2025-03-26 13:32:47,153 - Trading Bot - INFO - SELL signal for MSFT (score: 0.1456)
2025-03-26 13:32:47,153 - Trading Bot - WARNING - Cannot sell MSFT - no position
2025-03-26 13:32:47,153 - Trading Bot - INFO - Processing GOOGL
2025-03-26 13:32:47,154 - Trading Bot - INFO - SELL signal for GOOGL (score: 0.0435)
2025-03-26 13:32:47,154 - Trading Bot - WARNING - Cannot sell GOOGL - no position
2025-03-26 13:32:47,161 - Trading Bot - INFO - Performance metrics saved: 40/72 winning trades
2025-03-26 13:32:47,162 - Trading Bot - INFO - Sleeping for 60 seconds
2025-03-26 13:33:46,692 - Trading System - INFO - Trading Bot is alive: True
2025-03-26 13:33:46,693 - Trading System - INFO - Monitor Bot is alive: True
2025-03-26 13:33:46,693 - Trading System - INFO - Improvement Bot is alive: True
2025-03-26 13:33:47,171 - Trading Bot - INFO - Starting trading cycle
2025-03-26 13:33:47,172 - Trading Bot - INFO - Processing AAPL
2025-03-26 13:33:47,172 - Trading Bot - INFO - HOLD signal for AAPL (score: 0.4413)
2025-03-26 13:33:47,172 - Trading Bot - INFO - Processing MSFT
2025-03-26 13:33:47,172 - Trading Bot - INFO - HOLD signal for MSFT (score: 0.7530)
2025-03-26 13:33:47,172 - Trading Bot - INFO - Processing GOOGL
2025-03-26 13:33:47,172 - Trading Bot - INFO - HOLD signal for GOOGL (score: 0.7042)
2025-03-26 13:33:47,177 - Trading Bot - INFO - Performance metrics saved: 40/72 winning trades
2025-03-26 13:33:47,178 - Trading Bot - INFO - Sleeping for 60 seconds
2025-03-26 13:34:46,704 - Trading System - INFO - Trading Bot is alive: True
2025-03-26 13:34:46,704 - Trading System - INFO - Monitor Bot is alive: True
2025-03-26 13:34:46,705 - Trading System - INFO - Improvement Bot is alive: True
2025-03-26 13:34:47,188 - Trading Bot - INFO - Starting trading cycle
2025-03-26 13:34:47,189 - Trading Bot - INFO - Processing AAPL
2025-03-26 13:34:47,189 - Trading Bot - INFO - HOLD signal for AAPL (score: 0.7237)
2025-03-26 13:34:47,189 - Trading Bot - INFO - Processing MSFT
2025-03-26 13:34:47,189 - Trading Bot - INFO - SELL signal for MSFT (score: 0.0079)
2025-03-26 13:34:47,189 - Trading Bot - WARNING - Cannot sell MSFT - no position
2025-03-26 13:34:47,189 - Trading Bot - INFO - Processing GOOGL
2025-03-26 13:34:47,189 - Trading Bot - INFO - SELL signal for GOOGL (score: 0.0091)
2025-03-26 13:34:47,189 - Trading Bot - WARNING - Cannot sell GOOGL - no position
2025-03-26 13:34:47,196 - Trading Bot - INFO - Performance metrics saved: 40/72 winning trades
2025-03-26 13:34:47,196 - Trading Bot - INFO - Sleeping for 60 seconds
2025-03-26 13:35:46,708 - Trading System - INFO - Trading Bot is alive: True
2025-03-26 13:35:46,709 - Trading System - INFO - Monitor Bot is alive: True
2025-03-26 13:35:46,709 - Trading System - INFO - Improvement Bot is alive: True
2025-03-26 13:35:47,207 - Trading Bot - INFO - Starting trading cycle
2025-03-26 13:35:47,207 - Trading Bot - INFO - Processing AAPL
2025-03-26 13:35:47,207 - Trading Bot - INFO - HOLD signal for AAPL (score: 0.3293)
2025-03-26 13:35:47,207 - Trading Bot - INFO - Processing MSFT
2025-03-26 13:35:47,207 - Trading Bot - INFO - SELL signal for MSFT (score: 0.2984)
2025-03-26 13:35:47,208 - Trading Bot - WARNING - Cannot sell MSFT - no position
2025-03-26 13:35:47,208 - Trading Bot - INFO - Processing GOOGL
2025-03-26 13:35:47,208 - Trading Bot - INFO - SELL signal for GOOGL (score: 0.2995)
2025-03-26 13:35:47,208 - Trading Bot - WARNING - Cannot sell GOOGL - no position
2025-03-26 13:35:47,215 - Trading Bot - INFO - Performance metrics saved: 40/72 winning trades
2025-03-26 13:35:47,215 - Trading Bot - INFO - Sleeping for 60 seconds
2025-03-26 13:36:46,718 - Trading System - INFO - Trading Bot is alive: True
2025-03-26 13:36:46,720 - Trading System - INFO - Monitor Bot is alive: True
2025-03-26 13:36:46,720 - Trading System - INFO - Improvement Bot is alive: True
2025-03-26 13:36:47,221 - Trading Bot - INFO - Starting trading cycle
2025-03-26 13:36:47,221 - Trading Bot - INFO - Processing AAPL
2025-03-26 13:36:47,221 - Trading Bot - INFO - HOLD signal for AAPL (score: 0.9838)
2025-03-26 13:36:47,221 - Trading Bot - INFO - Processing MSFT
2025-03-26 13:36:47,222 - Trading Bot - INFO - HOLD signal for MSFT (score: 0.9533)
2025-03-26 13:36:47,222 - Trading Bot - INFO - Processing GOOGL
2025-03-26 13:36:47,222 - Trading Bot - INFO - HOLD signal for GOOGL (score: 0.5476)
2025-03-26 13:36:47,229 - Trading Bot - INFO - Performance metrics saved: 40/72 winning trades
2025-03-26 13:36:47,229 - Trading Bot - INFO - Sleeping for 60 seconds
2025-03-26 13:37:46,724 - Trading System - INFO - Trading Bot is alive: True
2025-03-26 13:37:46,725 - Trading System - INFO - Monitor Bot is alive: True
2025-03-26 13:37:46,725 - Trading System - INFO - Improvement Bot is alive: True
2025-03-26 13:37:47,232 - Trading Bot - INFO - Starting trading cycle
2025-03-26 13:37:47,233 - Trading Bot - INFO - Processing AAPL
2025-03-26 13:37:47,233 - Trading Bot - INFO - SELL signal for AAPL (score: 0.1040)
2025-03-26 13:37:47,233 - Trading Bot - WARNING - Cannot sell AAPL - no position
2025-03-26 13:37:47,233 - Trading Bot - INFO - Processing MSFT
2025-03-26 13:37:47,233 - Trading Bot - INFO - HOLD signal for MSFT (score: 0.8247)
2025-03-26 13:37:47,234 - Trading Bot - INFO - Processing GOOGL
2025-03-26 13:37:47,234 - Trading Bot - INFO - SELL signal for GOOGL (score: 0.2810)
2025-03-26 13:37:47,234 - Trading Bot - WARNING - Cannot sell GOOGL - no position
2025-03-26 13:37:47,241 - Trading Bot - INFO - Performance metrics saved: 40/72 winning trades
2025-03-26 13:37:47,241 - Trading Bot - INFO - Sleeping for 60 seconds
2025-03-26 14:05:44,897 - Trading System - INFO - Trading Bot is alive: True
2025-03-26 14:05:44,902 - Trading System - INFO - Monitor Bot is alive: True
2025-03-26 14:05:44,902 - Trading System - INFO - Improvement Bot is alive: True
2025-03-26 14:05:45,412 - Trading Bot - INFO - Starting trading cycle
2025-03-26 14:05:45,414 - Trading Bot - INFO - Processing AAPL
2025-03-26 14:05:45,414 - Trading Bot - INFO - HOLD signal for AAPL (score: 0.5259)
2025-03-26 14:05:45,414 - Trading Bot - INFO - Processing MSFT
2025-03-26 14:05:45,414 - Trading Bot - INFO - HOLD signal for MSFT (score: 0.9584)
2025-03-26 14:05:45,414 - Trading Bot - INFO - Processing GOOGL
2025-03-26 14:05:45,415 - Trading Bot - INFO - SELL signal for GOOGL (score: 0.2355)
2025-03-26 14:05:45,415 - Trading Bot - WARNING - Cannot sell GOOGL - no position
2025-03-26 14:05:45,423 - Trading Bot - INFO - Performance metrics saved: 40/72 winning trades
2025-03-26 14:05:45,423 - Trading Bot - INFO - Sleeping for 60 seconds
2025-03-26 14:08:45,320 - Trading System - INFO - Trading Bot is alive: True
2025-03-26 14:08:45,320 - Trading System - INFO - Monitor Bot is alive: True
2025-03-26 14:08:45,321 - Trading System - INFO - Improvement Bot is alive: True
2025-03-26 14:08:45,840 - Trading Bot - INFO - Starting trading cycle
2025-03-26 14:08:45,841 - Trading Bot - INFO - Processing AAPL
2025-03-26 14:08:45,841 - Trading Bot - INFO - SELL signal for AAPL (score: 0.1838)
2025-03-26 14:08:45,841 - Trading Bot - WARNING - Cannot sell AAPL - no position
2025-03-26 14:08:45,841 - Trading Bot - INFO - Processing MSFT
2025-03-26 14:08:45,841 - Trading Bot - INFO - HOLD signal for MSFT (score: 0.5723)
2025-03-26 14:08:45,841 - Trading Bot - INFO - Processing GOOGL
2025-03-26 14:08:45,842 - Trading Bot - INFO - HOLD signal for GOOGL (score: 0.8253)
2025-03-26 14:08:45,848 - Trading Bot - INFO - Performance metrics saved: 40/72 winning trades
2025-03-26 14:08:45,848 - Trading Bot - INFO - Sleeping for 60 seconds
2025-03-26 14:26:02,043 - Trading System - INFO - Trading Bot is alive: True
2025-03-26 14:26:02,044 - Trading System - INFO - Monitor Bot is alive: True
2025-03-26 14:26:02,044 - Trading System - INFO - Improvement Bot is alive: True
2025-03-26 14:26:02,196 - Monitor Bot - INFO - Running scheduled task: Performance Metrics
2025-03-26 14:26:02,199 - Monitor Bot - INFO - === Performance Metrics ===
2025-03-26 14:26:02,199 - Monitor Bot - INFO - Date: 2025-03-26T14:08:45.842254
2025-03-26 14:26:02,199 - Monitor Bot - INFO - Total Trades: 72
2025-03-26 14:26:02,199 - Monitor Bot - INFO - Win Rate: 55.56%
2025-03-26 14:26:02,199 - Monitor Bot - INFO - Total Profit: $18.27
2025-03-26 14:26:02,199 - Monitor Bot - INFO - Average Profit per Trade: $0.25
2025-03-26 14:26:02,199 - Monitor Bot - ERROR - Error extracting performance metrics: 'avg_profit_pct'
2025-03-26 14:26:02,199 - Monitor Bot - WARNING - Task Performance Metrics completed with warnings
2025-03-26 14:26:02,570 - Trading Bot - INFO - Starting trading cycle
2025-03-26 14:26:02,571 - Trading Bot - INFO - Processing AAPL
2025-03-26 14:26:02,571 - Trading Bot - INFO - HOLD signal for AAPL (score: 0.3700)
2025-03-26 14:26:02,571 - Trading Bot - INFO - Processing MSFT
2025-03-26 14:26:02,571 - Trading Bot - INFO - HOLD signal for MSFT (score: 0.4278)
2025-03-26 14:26:02,571 - Trading Bot - INFO - Processing GOOGL
2025-03-26 14:26:02,571 - Trading Bot - INFO - SELL signal for GOOGL (score: 0.2679)
2025-03-26 14:26:02,571 - Trading Bot - WARNING - Cannot sell GOOGL - no position
2025-03-26 14:26:02,579 - Trading Bot - INFO - Performance metrics saved: 40/72 winning trades
2025-03-26 14:26:02,579 - Trading Bot - INFO - Sleeping for 60 seconds
2025-03-26 14:30:49,639 - Trading System - INFO - Trading Bot is alive: True
2025-03-26 14:30:49,640 - Trading System - INFO - Monitor Bot is alive: True
2025-03-26 14:30:49,641 - Trading System - INFO - Improvement Bot is alive: True
2025-03-26 14:30:50,174 - Trading Bot - INFO - Starting trading cycle
2025-03-26 14:30:50,174 - Trading Bot - INFO - Processing AAPL
2025-03-26 14:30:50,174 - Trading Bot - INFO - HOLD signal for AAPL (score: 0.6718)
2025-03-26 14:30:50,175 - Trading Bot - INFO - Processing MSFT
2025-03-26 14:30:50,175 - Trading Bot - INFO - HOLD signal for MSFT (score: 0.6342)
2025-03-26 14:30:50,175 - Trading Bot - INFO - Processing GOOGL
2025-03-26 14:30:50,175 - Trading Bot - INFO - SELL signal for GOOGL (score: 0.0111)
2025-03-26 14:30:50,175 - Trading Bot - WARNING - Cannot sell GOOGL - no position
2025-03-26 14:30:50,183 - Trading Bot - INFO - Performance metrics saved: 40/72 winning trades
2025-03-26 14:30:50,183 - Trading Bot - INFO - Sleeping for 60 seconds
2025-03-26 14:31:49,646 - Trading System - INFO - Trading Bot is alive: True
2025-03-26 14:31:49,646 - Trading System - INFO - Monitor Bot is alive: True
2025-03-26 14:31:49,647 - Trading System - INFO - Improvement Bot is alive: True
2025-03-26 14:31:50,185 - Trading Bot - INFO - Starting trading cycle
2025-03-26 14:31:50,185 - Trading Bot - INFO - Processing AAPL
2025-03-26 14:31:50,185 - Trading Bot - INFO - HOLD signal for AAPL (score: 0.9218)
2025-03-26 14:31:50,185 - Trading Bot - INFO - Processing MSFT
2025-03-26 14:31:50,185 - Trading Bot - INFO - SELL signal for MSFT (score: 0.1356)
2025-03-26 14:31:50,185 - Trading Bot - WARNING - Cannot sell MSFT - no position
2025-03-26 14:31:50,186 - Trading Bot - INFO - Processing GOOGL
2025-03-26 14:31:50,186 - Trading Bot - INFO - HOLD signal for GOOGL (score: 0.3222)
2025-03-26 14:31:50,193 - Trading Bot - INFO - Performance metrics saved: 40/72 winning trades
2025-03-26 14:31:50,193 - Trading Bot - INFO - Sleeping for 60 seconds
2025-03-26 14:32:49,648 - Trading System - INFO - Trading Bot is alive: True
2025-03-26 14:32:49,650 - Trading System - INFO - Monitor Bot is alive: True
2025-03-26 14:32:49,650 - Trading System - INFO - Improvement Bot is alive: True
2025-03-26 14:32:50,198 - Trading Bot - INFO - Starting trading cycle
2025-03-26 14:32:50,199 - Trading Bot - INFO - Processing AAPL
2025-03-26 14:32:50,199 - Trading Bot - INFO - HOLD signal for AAPL (score: 0.4154)
2025-03-26 14:32:50,199 - Trading Bot - INFO - Processing MSFT
2025-03-26 14:32:50,199 - Trading Bot - INFO - HOLD signal for MSFT (score: 0.7050)
2025-03-26 14:32:50,199 - Trading Bot - INFO - Processing GOOGL
2025-03-26 14:32:50,199 - Trading Bot - INFO - SELL signal for GOOGL (score: 0.2245)
2025-03-26 14:32:50,199 - Trading Bot - WARNING - Cannot sell GOOGL - no position
2025-03-26 14:32:50,208 - Trading Bot - INFO - Performance metrics saved: 40/72 winning trades
2025-03-26 14:32:50,208 - Trading Bot - INFO - Sleeping for 60 seconds
2025-03-26 14:33:49,653 - Trading System - INFO - Trading Bot is alive: True
2025-03-26 14:33:49,654 - Trading System - INFO - Monitor Bot is alive: True
2025-03-26 14:33:49,654 - Trading System - INFO - Improvement Bot is alive: True
2025-03-26 14:33:50,210 - Trading Bot - INFO - Starting trading cycle
2025-03-26 14:33:50,210 - Trading Bot - INFO - Processing AAPL
2025-03-26 14:33:50,211 - Trading Bot - INFO - HOLD signal for AAPL (score: 0.5752)
2025-03-26 14:33:50,211 - Trading Bot - INFO - Processing MSFT
2025-03-26 14:33:50,211 - Trading Bot - INFO - HOLD signal for MSFT (score: 0.6827)
2025-03-26 14:33:50,211 - Trading Bot - INFO - Processing GOOGL
2025-03-26 14:33:50,211 - Trading Bot - INFO - HOLD signal for GOOGL (score: 0.3715)
2025-03-26 14:33:50,218 - Trading Bot - INFO - Performance metrics saved: 40/72 winning trades
2025-03-26 14:33:50,218 - Trading Bot - INFO - Sleeping for 60 seconds
2025-03-26 14:34:49,658 - Trading System - INFO - Trading Bot is alive: True
2025-03-26 14:34:49,660 - Trading System - INFO - Monitor Bot is alive: True
2025-03-26 14:34:49,660 - Trading System - INFO - Improvement Bot is alive: True
2025-03-26 14:34:50,222 - Trading Bot - INFO - Starting trading cycle
2025-03-26 14:34:50,222 - Trading Bot - INFO - Processing AAPL
2025-03-26 14:34:50,222 - Trading Bot - INFO - HOLD signal for AAPL (score: 0.9595)
2025-03-26 14:34:50,222 - Trading Bot - INFO - Processing MSFT
2025-03-26 14:34:50,222 - Trading Bot - INFO - HOLD signal for MSFT (score: 0.7062)
2025-03-26 14:34:50,222 - Trading Bot - INFO - Processing GOOGL
2025-03-26 14:34:50,223 - Trading Bot - INFO - SELL signal for GOOGL (score: 0.0670)
2025-03-26 14:34:50,223 - Trading Bot - WARNING - Cannot sell GOOGL - no position
2025-03-26 14:34:50,230 - Trading Bot - INFO - Performance metrics saved: 40/72 winning trades
2025-03-26 14:34:50,231 - Trading Bot - INFO - Sleeping for 60 seconds
2025-03-26 14:35:49,664 - Trading System - INFO - Trading Bot is alive: True
2025-03-26 14:35:49,664 - Trading System - INFO - Monitor Bot is alive: True
2025-03-26 14:35:49,664 - Trading System - INFO - Improvement Bot is alive: True
2025-03-26 14:35:50,236 - Trading Bot - INFO - Starting trading cycle
2025-03-26 14:35:50,236 - Trading Bot - INFO - Processing AAPL
2025-03-26 14:35:50,237 - Trading Bot - INFO - HOLD signal for AAPL (score: 0.3176)
2025-03-26 14:35:50,237 - Trading Bot - INFO - Processing MSFT
2025-03-26 14:35:50,237 - Trading Bot - INFO - HOLD signal for MSFT (score: 0.5921)
2025-03-26 14:35:50,237 - Trading Bot - INFO - Processing GOOGL
2025-03-26 14:35:50,237 - Trading Bot - INFO - HOLD signal for GOOGL (score: 0.8524)
2025-03-26 14:35:50,244 - Trading Bot - INFO - Performance metrics saved: 40/72 winning trades
2025-03-26 14:35:50,244 - Trading Bot - INFO - Sleeping for 60 seconds
2025-03-26 14:36:49,666 - Trading System - INFO - Trading Bot is alive: True
2025-03-26 14:36:49,667 - Trading System - INFO - Monitor Bot is alive: True
2025-03-26 14:36:49,667 - Trading System - INFO - Improvement Bot is alive: True
2025-03-26 14:36:50,255 - Trading Bot - INFO - Starting trading cycle
2025-03-26 14:36:50,255 - Trading Bot - INFO - Processing AAPL
2025-03-26 14:36:50,255 - Trading Bot - INFO - HOLD signal for AAPL (score: 0.4697)
2025-03-26 14:36:50,255 - Trading Bot - INFO - Processing MSFT
2025-03-26 14:36:50,255 - Trading Bot - INFO - SELL signal for MSFT (score: 0.2812)
2025-03-26 14:36:50,256 - Trading Bot - WARNING - Cannot sell MSFT - no position
2025-03-26 14:36:50,256 - Trading Bot - INFO - Processing GOOGL
2025-03-26 14:36:50,256 - Trading Bot - INFO - HOLD signal for GOOGL (score: 0.3014)
2025-03-26 14:36:50,264 - Trading Bot - INFO - Performance metrics saved: 40/72 winning trades
2025-03-26 14:36:50,264 - Trading Bot - INFO - Sleeping for 60 seconds
2025-03-26 14:37:49,668 - Trading System - INFO - Trading Bot is alive: True
2025-03-26 14:37:49,669 - Trading System - INFO - Monitor Bot is alive: True
2025-03-26 14:37:49,669 - Trading System - INFO - Improvement Bot is alive: True
2025-03-26 14:37:50,275 - Trading Bot - INFO - Starting trading cycle
2025-03-26 14:37:50,275 - Trading Bot - INFO - Processing AAPL
2025-03-26 14:37:50,275 - Trading Bot - INFO - HOLD signal for AAPL (score: 0.3882)
2025-03-26 14:37:50,275 - Trading Bot - INFO - Processing MSFT
2025-03-26 14:37:50,276 - Trading Bot - INFO - HOLD signal for MSFT (score: 0.5494)
2025-03-26 14:37:50,276 - Trading Bot - INFO - Processing GOOGL
2025-03-26 14:37:50,276 - Trading Bot - INFO - HOLD signal for GOOGL (score: 0.9645)
2025-03-26 14:37:50,283 - Trading Bot - INFO - Performance metrics saved: 40/72 winning trades
2025-03-26 14:37:50,284 - Trading Bot - INFO - Sleeping for 60 seconds
2025-03-26 14:38:49,674 - Trading System - INFO - Trading Bot is alive: True
2025-03-26 14:38:49,675 - Trading System - INFO - Monitor Bot is alive: True
2025-03-26 14:38:49,675 - Trading System - INFO - Improvement Bot is alive: True
2025-03-26 14:38:50,294 - Trading Bot - INFO - Starting trading cycle
2025-03-26 14:38:50,294 - Trading Bot - INFO - Processing AAPL
2025-03-26 14:38:50,295 - Trading Bot - INFO - HOLD signal for AAPL (score: 0.5408)
2025-03-26 14:38:50,295 - Trading Bot - INFO - Processing MSFT
2025-03-26 14:38:50,295 - Trading Bot - INFO - HOLD signal for MSFT (score: 0.5574)
2025-03-26 14:38:50,295 - Trading Bot - INFO - Processing GOOGL
2025-03-26 14:38:50,295 - Trading Bot - INFO - HOLD signal for GOOGL (score: 0.7676)
2025-03-26 14:38:50,303 - Trading Bot - INFO - Performance metrics saved: 40/72 winning trades
2025-03-26 14:38:50,303 - Trading Bot - INFO - Sleeping for 60 seconds
2025-03-26 14:39:49,682 - Trading System - INFO - Trading Bot is alive: True
2025-03-26 14:39:49,682 - Trading System - INFO - Monitor Bot is alive: True
2025-03-26 14:39:49,682 - Trading System - INFO - Improvement Bot is alive: True
2025-03-26 14:39:50,311 - Trading Bot - INFO - Starting trading cycle
2025-03-26 14:39:50,312 - Trading Bot - INFO - Processing AAPL
2025-03-26 14:39:50,312 - Trading Bot - INFO - HOLD signal for AAPL (score: 0.6043)
2025-03-26 14:39:50,312 - Trading Bot - INFO - Processing MSFT
2025-03-26 14:39:50,312 - Trading Bot - INFO - HOLD signal for MSFT (score: 0.7434)
2025-03-26 14:39:50,312 - Trading Bot - INFO - Processing GOOGL
2025-03-26 14:39:50,312 - Trading Bot - INFO - HOLD signal for GOOGL (score: 0.9991)
2025-03-26 14:39:50,318 - Trading Bot - INFO - Performance metrics saved: 40/72 winning trades
2025-03-26 14:39:50,319 - Trading Bot - INFO - Sleeping for 60 seconds
2025-03-26 14:40:49,688 - Trading System - INFO - Trading Bot is alive: True
2025-03-26 14:40:49,689 - Trading System - INFO - Monitor Bot is alive: True
2025-03-26 14:40:49,689 - Trading System - INFO - Improvement Bot is alive: True
2025-03-26 14:40:50,325 - Trading Bot - INFO - Starting trading cycle
2025-03-26 14:40:50,326 - Trading Bot - INFO - Processing AAPL
2025-03-26 14:40:50,326 - Trading Bot - INFO - SELL signal for AAPL (score: 0.1845)
2025-03-26 14:40:50,326 - Trading Bot - WARNING - Cannot sell AAPL - no position
2025-03-26 14:40:50,326 - Trading Bot - INFO - Processing MSFT
2025-03-26 14:40:50,326 - Trading Bot - INFO - HOLD signal for MSFT (score: 0.3603)
2025-03-26 14:40:50,326 - Trading Bot - INFO - Processing GOOGL
2025-03-26 14:40:50,326 - Trading Bot - INFO - HOLD signal for GOOGL (score: 0.3352)
2025-03-26 14:40:50,334 - Trading Bot - INFO - Performance metrics saved: 40/72 winning trades
2025-03-26 14:40:50,334 - Trading Bot - INFO - Sleeping for 60 seconds
2025-03-26 14:42:53,180 - Trading System - INFO - Trading Bot is alive: True
2025-03-26 14:42:53,182 - Trading System - INFO - Monitor Bot is alive: True
2025-03-26 14:42:53,182 - Trading System - INFO - Improvement Bot is alive: True
2025-03-26 14:42:53,825 - Trading Bot - INFO - Starting trading cycle
2025-03-26 14:42:53,826 - Trading Bot - INFO - Processing AAPL
2025-03-26 14:42:53,826 - Trading Bot - INFO - HOLD signal for AAPL (score: 0.5745)
2025-03-26 14:42:53,826 - Trading Bot - INFO - Processing MSFT
2025-03-26 14:42:53,827 - Trading Bot - INFO - SELL signal for MSFT (score: 0.1128)
2025-03-26 14:42:53,827 - Trading Bot - WARNING - Cannot sell MSFT - no position
2025-03-26 14:42:53,827 - Trading Bot - INFO - Processing GOOGL
2025-03-26 14:42:53,827 - Trading Bot - INFO - HOLD signal for GOOGL (score: 0.5355)
2025-03-26 14:42:53,835 - Trading Bot - INFO - Performance metrics saved: 40/72 winning trades
2025-03-26 14:42:53,835 - Trading Bot - INFO - Sleeping for 60 seconds
2025-03-26 14:43:53,187 - Trading System - INFO - Trading Bot is alive: True
2025-03-26 14:43:53,188 - Trading System - INFO - Monitor Bot is alive: True
2025-03-26 14:43:53,188 - Trading System - INFO - Improvement Bot is alive: True
2025-03-26 14:43:53,837 - Trading Bot - INFO - Starting trading cycle
2025-03-26 14:43:53,838 - Trading Bot - INFO - Processing AAPL
2025-03-26 14:43:53,838 - Trading Bot - INFO - HOLD signal for AAPL (score: 0.7184)
2025-03-26 14:43:53,838 - Trading Bot - INFO - Processing MSFT
2025-03-26 14:43:53,838 - Trading Bot - INFO - HOLD signal for MSFT (score: 0.9671)
2025-03-26 14:43:53,838 - Trading Bot - INFO - Processing GOOGL
2025-03-26 14:43:53,839 - Trading Bot - INFO - SELL signal for GOOGL (score: 0.0535)
2025-03-26 14:43:53,839 - Trading Bot - WARNING - Cannot sell GOOGL - no position
2025-03-26 14:43:53,847 - Trading Bot - INFO - Performance metrics saved: 40/72 winning trades
2025-03-26 14:43:53,848 - Trading Bot - INFO - Sleeping for 60 seconds
2025-03-26 14:44:53,192 - Trading System - INFO - Trading Bot is alive: True
2025-03-26 14:44:53,195 - Trading System - INFO - Monitor Bot is alive: True
2025-03-26 14:44:53,195 - Trading System - INFO - Improvement Bot is alive: True
2025-03-26 14:44:53,857 - Trading Bot - INFO - Starting trading cycle
2025-03-26 14:44:53,858 - Trading Bot - INFO - Processing AAPL
2025-03-26 14:44:53,859 - Trading Bot - INFO - HOLD signal for AAPL (score: 0.9090)
2025-03-26 14:44:53,859 - Trading Bot - INFO - Processing MSFT
2025-03-26 14:44:53,859 - Trading Bot - INFO - SELL signal for MSFT (score: 0.2402)
2025-03-26 14:44:53,860 - Trading Bot - WARNING - Cannot sell MSFT - no position
2025-03-26 14:44:53,860 - Trading Bot - INFO - Processing GOOGL
2025-03-26 14:44:53,860 - Trading Bot - INFO - HOLD signal for GOOGL (score: 0.3192)
2025-03-26 14:44:53,868 - Trading Bot - INFO - Performance metrics saved: 40/72 winning trades
2025-03-26 14:44:53,868 - Trading Bot - INFO - Sleeping for 60 seconds
2025-03-26 14:45:53,197 - Trading System - INFO - Trading Bot is alive: True
2025-03-26 14:45:53,200 - Trading System - INFO - Monitor Bot is alive: True
2025-03-26 14:45:53,200 - Trading System - INFO - Improvement Bot is alive: True
2025-03-26 14:45:53,872 - Trading Bot - INFO - Starting trading cycle
2025-03-26 14:45:53,872 - Trading Bot - INFO - Processing AAPL
2025-03-26 14:45:53,873 - Trading Bot - INFO - HOLD signal for AAPL (score: 0.9808)
2025-03-26 14:45:53,873 - Trading Bot - INFO - Processing MSFT
2025-03-26 14:45:53,873 - Trading Bot - INFO - SELL signal for MSFT (score: 0.2742)
2025-03-26 14:45:53,873 - Trading Bot - WARNING - Cannot sell MSFT - no position
2025-03-26 14:45:53,873 - Trading Bot - INFO - Processing GOOGL
2025-03-26 14:45:53,873 - Trading Bot - INFO - SELL signal for GOOGL (score: 0.1834)
2025-03-26 14:45:53,873 - Trading Bot - WARNING - Cannot sell GOOGL - no position
2025-03-26 14:45:53,880 - Trading Bot - INFO - Performance metrics saved: 40/72 winning trades
2025-03-26 14:45:53,880 - Trading Bot - INFO - Sleeping for 60 seconds
2025-03-26 14:46:53,203 - Trading System - INFO - Trading Bot is alive: True
2025-03-26 14:46:53,205 - Trading System - INFO - Monitor Bot is alive: True
2025-03-26 14:46:53,205 - Trading System - INFO - Improvement Bot is alive: True
2025-03-26 14:46:53,885 - Trading Bot - INFO - Starting trading cycle
2025-03-26 14:46:53,887 - Trading Bot - INFO - Processing AAPL
2025-03-26 14:46:53,887 - Trading Bot - INFO - HOLD signal for AAPL (score: 0.8057)
2025-03-26 14:46:53,887 - Trading Bot - INFO - Processing MSFT
2025-03-26 14:46:53,887 - Trading Bot - INFO - HOLD signal for MSFT (score: 0.5548)
2025-03-26 14:46:53,887 - Trading Bot - INFO - Processing GOOGL
2025-03-26 14:46:53,887 - Trading Bot - INFO - HOLD signal for GOOGL (score: 0.5906)
2025-03-26 14:46:53,895 - Trading Bot - INFO - Performance metrics saved: 40/72 winning trades
2025-03-26 14:46:53,896 - Trading Bot - INFO - Sleeping for 60 seconds
2025-03-26 14:47:53,208 - Trading System - INFO - Trading Bot is alive: True
2025-03-26 14:47:53,210 - Trading System - INFO - Monitor Bot is alive: True
2025-03-26 14:47:53,211 - Trading System - INFO - Improvement Bot is alive: True
2025-03-26 14:47:53,899 - Trading Bot - INFO - Starting trading cycle
2025-03-26 14:47:53,899 - Trading Bot - INFO - Processing AAPL
2025-03-26 14:47:53,899 - Trading Bot - INFO - SELL signal for AAPL (score: 0.1959)
2025-03-26 14:47:53,900 - Trading Bot - WARNING - Cannot sell AAPL - no position
2025-03-26 14:47:53,900 - Trading Bot - INFO - Processing MSFT
2025-03-26 14:47:53,900 - Trading Bot - INFO - SELL signal for MSFT (score: 0.0017)
2025-03-26 14:47:53,900 - Trading Bot - WARNING - Cannot sell MSFT - no position
2025-03-26 14:47:53,900 - Trading Bot - INFO - Processing GOOGL
2025-03-26 14:47:53,900 - Trading Bot - INFO - HOLD signal for GOOGL (score: 0.5078)
2025-03-26 14:47:53,909 - Trading Bot - INFO - Performance metrics saved: 40/72 winning trades
2025-03-26 14:47:53,909 - Trading Bot - INFO - Sleeping for 60 seconds
2025-03-26 14:48:53,216 - Trading System - INFO - Trading Bot is alive: True
2025-03-26 14:48:53,218 - Trading System - INFO - Monitor Bot is alive: True
2025-03-26 14:48:53,218 - Trading System - INFO - Improvement Bot is alive: True
2025-03-26 14:48:53,912 - Trading Bot - INFO - Starting trading cycle
2025-03-26 14:48:53,913 - Trading Bot - INFO - Processing AAPL
2025-03-26 14:48:53,913 - Trading Bot - INFO - SELL signal for AAPL (score: 0.1175)
2025-03-26 14:48:53,913 - Trading Bot - WARNING - Cannot sell AAPL - no position
2025-03-26 14:48:53,913 - Trading Bot - INFO - Processing MSFT
2025-03-26 14:48:53,913 - Trading Bot - INFO - HOLD signal for MSFT (score: 0.5447)
2025-03-26 14:48:53,913 - Trading Bot - INFO - Processing GOOGL
2025-03-26 14:48:53,913 - Trading Bot - INFO - HOLD signal for GOOGL (score: 0.3592)
2025-03-26 14:48:53,923 - Trading Bot - INFO - Performance metrics saved: 40/72 winning trades
2025-03-26 14:48:53,923 - Trading Bot - INFO - Sleeping for 60 seconds
2025-03-26 14:49:53,221 - Trading System - INFO - Trading Bot is alive: True
2025-03-26 14:49:53,223 - Trading System - INFO - Monitor Bot is alive: True
2025-03-26 14:49:53,223 - Trading System - INFO - Improvement Bot is alive: True
2025-03-26 14:49:53,927 - Trading Bot - INFO - Starting trading cycle
2025-03-26 14:49:53,928 - Trading Bot - INFO - Processing AAPL
2025-03-26 14:49:53,928 - Trading Bot - INFO - HOLD signal for AAPL (score: 0.6877)
2025-03-26 14:49:53,928 - Trading Bot - INFO - Processing MSFT
2025-03-26 14:49:53,928 - Trading Bot - INFO - HOLD signal for MSFT (score: 0.3929)
2025-03-26 14:49:53,928 - Trading Bot - INFO - Processing GOOGL
2025-03-26 14:49:53,928 - Trading Bot - INFO - HOLD signal for GOOGL (score: 0.3655)
2025-03-26 14:49:53,936 - Trading Bot - INFO - Performance metrics saved: 40/72 winning trades
2025-03-26 14:49:53,936 - Trading Bot - INFO - Sleeping for 60 seconds
2025-03-26 14:50:53,229 - Trading System - INFO - Trading Bot is alive: True
2025-03-26 14:50:53,231 - Trading System - INFO - Monitor Bot is alive: True
2025-03-26 14:50:53,231 - Trading System - INFO - Improvement Bot is alive: True
2025-03-26 14:50:53,941 - Trading Bot - INFO - Starting trading cycle
2025-03-26 14:50:53,942 - Trading Bot - INFO - Processing AAPL
2025-03-26 14:50:53,942 - Trading Bot - INFO - HOLD signal for AAPL (score: 0.8048)
2025-03-26 14:50:53,942 - Trading Bot - INFO - Processing MSFT
2025-03-26 14:50:53,943 - Trading Bot - INFO - SELL signal for MSFT (score: 0.0954)
2025-03-26 14:50:53,943 - Trading Bot - WARNING - Cannot sell MSFT - no position
2025-03-26 14:50:53,943 - Trading Bot - INFO - Processing GOOGL
2025-03-26 14:50:53,943 - Trading Bot - INFO - HOLD signal for GOOGL (score: 0.4974)
2025-03-26 14:50:53,951 - Trading Bot - INFO - Performance metrics saved: 40/72 winning trades
2025-03-26 14:50:53,951 - Trading Bot - INFO - Sleeping for 60 seconds
2025-03-26 14:51:53,234 - Trading System - INFO - Trading Bot is alive: True
2025-03-26 14:51:53,236 - Trading System - INFO - Monitor Bot is alive: True
2025-03-26 14:51:53,236 - Trading System - INFO - Improvement Bot is alive: True
2025-03-26 14:51:53,953 - Trading Bot - INFO - Starting trading cycle
2025-03-26 14:51:53,954 - Trading Bot - INFO - Processing AAPL
2025-03-26 14:51:53,954 - Trading Bot - INFO - HOLD signal for AAPL (score: 0.5880)
2025-03-26 14:51:53,954 - Trading Bot - INFO - Processing MSFT
2025-03-26 14:51:53,954 - Trading Bot - INFO - HOLD signal for MSFT (score: 0.9053)
2025-03-26 14:51:53,954 - Trading Bot - INFO - Processing GOOGL
2025-03-26 14:51:53,954 - Trading Bot - INFO - HOLD signal for GOOGL (score: 0.3063)
2025-03-26 14:51:53,962 - Trading Bot - INFO - Performance metrics saved: 40/72 winning trades
2025-03-26 14:51:53,962 - Trading Bot - INFO - Sleeping for 60 seconds
2025-03-26 14:52:53,237 - Trading System - INFO - Trading Bot is alive: True
2025-03-26 14:52:53,239 - Trading System - INFO - Monitor Bot is alive: True
2025-03-26 14:52:53,240 - Trading System - INFO - Improvement Bot is alive: True
2025-03-26 14:52:53,967 - Trading Bot - INFO - Starting trading cycle
2025-03-26 14:52:53,967 - Trading Bot - INFO - Processing AAPL
2025-03-26 14:52:53,968 - Trading Bot - INFO - HOLD signal for AAPL (score: 0.6393)
2025-03-26 14:52:53,968 - Trading Bot - INFO - Processing MSFT
2025-03-26 14:52:53,968 - Trading Bot - INFO - SELL signal for MSFT (score: 0.0029)
2025-03-26 14:52:53,968 - Trading Bot - WARNING - Cannot sell MSFT - no position
2025-03-26 14:52:53,968 - Trading Bot - INFO - Processing GOOGL
2025-03-26 14:52:53,968 - Trading Bot - INFO - SELL signal for GOOGL (score: 0.1574)
2025-03-26 14:52:53,968 - Trading Bot - WARNING - Cannot sell GOOGL - no position
2025-03-26 14:52:53,976 - Trading Bot - INFO - Performance metrics saved: 40/72 winning trades
2025-03-26 14:52:53,977 - Trading Bot - INFO - Sleeping for 60 seconds
2025-03-26 14:53:53,244 - Trading System - INFO - Trading Bot is alive: True
2025-03-26 14:53:53,246 - Trading System - INFO - Monitor Bot is alive: True
2025-03-26 14:53:53,246 - Trading System - INFO - Improvement Bot is alive: True
2025-03-26 14:53:53,980 - Trading Bot - INFO - Starting trading cycle
2025-03-26 14:53:53,981 - Trading Bot - INFO - Processing AAPL
2025-03-26 14:53:53,981 - Trading Bot - INFO - SELL signal for AAPL (score: 0.2999)
2025-03-26 14:53:53,981 - Trading Bot - WARNING - Cannot sell AAPL - no position
2025-03-26 14:53:53,981 - Trading Bot - INFO - Processing MSFT
2025-03-26 14:53:53,981 - Trading Bot - INFO - SELL signal for MSFT (score: 0.1325)
2025-03-26 14:53:53,981 - Trading Bot - WARNING - Cannot sell MSFT - no position
2025-03-26 14:53:53,981 - Trading Bot - INFO - Processing GOOGL
2025-03-26 14:53:53,981 - Trading Bot - INFO - SELL signal for GOOGL (score: 0.0652)
2025-03-26 14:53:53,981 - Trading Bot - WARNING - Cannot sell GOOGL - no position
2025-03-26 14:53:53,990 - Trading Bot - INFO - Performance metrics saved: 40/72 winning trades
2025-03-26 14:53:53,991 - Trading Bot - INFO - Sleeping for 60 seconds
2025-03-26 14:54:53,250 - Trading System - INFO - Trading Bot is alive: True
2025-03-26 14:54:53,252 - Trading System - INFO - Monitor Bot is alive: True
2025-03-26 14:54:53,253 - Trading System - INFO - Improvement Bot is alive: True
2025-03-26 14:54:53,996 - Trading Bot - INFO - Starting trading cycle
2025-03-26 14:54:53,996 - Trading Bot - INFO - Processing AAPL
2025-03-26 14:54:53,997 - Trading Bot - INFO - SELL signal for AAPL (score: 0.2834)
2025-03-26 14:54:53,997 - Trading Bot - WARNING - Cannot sell AAPL - no position
2025-03-26 14:54:53,997 - Trading Bot - INFO - Processing MSFT
2025-03-26 14:54:53,997 - Trading Bot - INFO - HOLD signal for MSFT (score: 0.4396)
2025-03-26 14:54:53,997 - Trading Bot - INFO - Processing GOOGL
2025-03-26 14:54:53,997 - Trading Bot - INFO - SELL signal for GOOGL (score: 0.0345)
2025-03-26 14:54:53,997 - Trading Bot - WARNING - Cannot sell GOOGL - no position
2025-03-26 14:54:54,007 - Trading Bot - INFO - Performance metrics saved: 40/72 winning trades
2025-03-26 14:54:54,008 - Trading Bot - INFO - Sleeping for 60 seconds
2025-03-26 14:55:53,258 - Trading System - INFO - Trading Bot is alive: True
2025-03-26 14:55:53,259 - Trading System - INFO - Monitor Bot is alive: True
2025-03-26 14:55:53,260 - Trading System - INFO - Improvement Bot is alive: True
2025-03-26 14:55:54,012 - Trading Bot - INFO - Starting trading cycle
2025-03-26 14:55:54,013 - Trading Bot - INFO - Processing AAPL
2025-03-26 14:55:54,013 - Trading Bot - INFO - HOLD signal for AAPL (score: 0.4330)
2025-03-26 14:55:54,013 - Trading Bot - INFO - Processing MSFT
2025-03-26 14:55:54,013 - Trading Bot - INFO - HOLD signal for MSFT (score: 0.4083)
2025-03-26 14:55:54,013 - Trading Bot - INFO - Processing GOOGL
2025-03-26 14:55:54,013 - Trading Bot - INFO - SELL signal for GOOGL (score: 0.1374)
2025-03-26 14:55:54,013 - Trading Bot - WARNING - Cannot sell GOOGL - no position
2025-03-26 14:55:54,023 - Trading Bot - INFO - Performance metrics saved: 40/72 winning trades
2025-03-26 14:55:54,023 - Trading Bot - INFO - Sleeping for 60 seconds
2025-03-26 14:56:53,263 - Trading System - INFO - Trading Bot is alive: True
2025-03-26 14:56:53,265 - Trading System - INFO - Monitor Bot is alive: True
2025-03-26 14:56:53,265 - Trading System - INFO - Improvement Bot is alive: True
2025-03-26 14:56:54,029 - Trading Bot - INFO - Starting trading cycle
2025-03-26 14:56:54,029 - Trading Bot - INFO - Processing AAPL
2025-03-26 14:56:54,029 - Trading Bot - INFO - SELL signal for AAPL (score: 0.0489)
2025-03-26 14:56:54,029 - Trading Bot - WARNING - Cannot sell AAPL - no position
2025-03-26 14:56:54,030 - Trading Bot - INFO - Processing MSFT
2025-03-26 14:56:54,030 - Trading Bot - INFO - SELL signal for MSFT (score: 0.0765)
2025-03-26 14:56:54,030 - Trading Bot - WARNING - Cannot sell MSFT - no position
2025-03-26 14:56:54,030 - Trading Bot - INFO - Processing GOOGL
2025-03-26 14:56:54,030 - Trading Bot - INFO - HOLD signal for GOOGL (score: 0.9563)
2025-03-26 14:56:54,039 - Trading Bot - INFO - Performance metrics saved: 40/72 winning trades
2025-03-26 14:56:54,039 - Trading Bot - INFO - Sleeping for 60 seconds
2025-03-26 14:57:53,271 - Trading System - INFO - Trading Bot is alive: True
2025-03-26 14:57:53,273 - Trading System - INFO - Monitor Bot is alive: True
2025-03-26 14:57:53,273 - Trading System - INFO - Improvement Bot is alive: True
2025-03-26 14:57:54,044 - Trading Bot - INFO - Starting trading cycle
2025-03-26 14:57:54,045 - Trading Bot - INFO - Processing AAPL
2025-03-26 14:57:54,045 - Trading Bot - INFO - HOLD signal for AAPL (score: 0.9270)
2025-03-26 14:57:54,045 - Trading Bot - INFO - Processing MSFT
2025-03-26 14:57:54,045 - Trading Bot - INFO - SELL signal for MSFT (score: 0.1004)
2025-03-26 14:57:54,045 - Trading Bot - WARNING - Cannot sell MSFT - no position
2025-03-26 14:57:54,045 - Trading Bot - INFO - Processing GOOGL
2025-03-26 14:57:54,045 - Trading Bot - INFO - SELL signal for GOOGL (score: 0.2790)
2025-03-26 14:57:54,046 - Trading Bot - WARNING - Cannot sell GOOGL - no position
2025-03-26 14:57:54,054 - Trading Bot - INFO - Performance metrics saved: 40/72 winning trades
2025-03-26 14:57:54,054 - Trading Bot - INFO - Sleeping for 60 seconds
2025-03-26 14:58:53,277 - Trading System - INFO - Trading Bot is alive: True
2025-03-26 14:58:53,278 - Trading System - INFO - Monitor Bot is alive: True
2025-03-26 14:58:53,278 - Trading System - INFO - Improvement Bot is alive: True
2025-03-26 14:58:54,057 - Trading Bot - INFO - Starting trading cycle
2025-03-26 14:58:54,057 - Trading Bot - INFO - Processing AAPL
2025-03-26 14:58:54,058 - Trading Bot - INFO - SELL signal for AAPL (score: 0.0261)
2025-03-26 14:58:54,058 - Trading Bot - WARNING - Cannot sell AAPL - no position
2025-03-26 14:58:54,058 - Trading Bot - INFO - Processing MSFT
2025-03-26 14:58:54,058 - Trading Bot - INFO - SELL signal for MSFT (score: 0.2250)
2025-03-26 14:58:54,058 - Trading Bot - WARNING - Cannot sell MSFT - no position
2025-03-26 14:58:54,058 - Trading Bot - INFO - Processing GOOGL
2025-03-26 14:58:54,058 - Trading Bot - INFO - HOLD signal for GOOGL (score: 0.5508)
2025-03-26 14:58:54,067 - Trading Bot - INFO - Performance metrics saved: 40/72 winning trades
2025-03-26 14:58:54,067 - Trading Bot - INFO - Sleeping for 60 seconds
2025-03-26 14:59:53,284 - Trading System - INFO - Trading Bot is alive: True
2025-03-26 14:59:53,286 - Trading System - INFO - Monitor Bot is alive: True
2025-03-26 14:59:53,286 - Trading System - INFO - Improvement Bot is alive: True
2025-03-26 14:59:54,071 - Trading Bot - INFO - Starting trading cycle
2025-03-26 14:59:54,071 - Trading Bot - INFO - Processing AAPL
2025-03-26 14:59:54,071 - Trading Bot - INFO - SELL signal for AAPL (score: 0.1837)
2025-03-26 14:59:54,072 - Trading Bot - WARNING - Cannot sell AAPL - no position
2025-03-26 14:59:54,072 - Trading Bot - INFO - Processing MSFT
2025-03-26 14:59:54,072 - Trading Bot - INFO - HOLD signal for MSFT (score: 0.7686)
2025-03-26 14:59:54,072 - Trading Bot - INFO - Processing GOOGL
2025-03-26 14:59:54,072 - Trading Bot - INFO - HOLD signal for GOOGL (score: 0.9984)
2025-03-26 14:59:54,092 - Trading Bot - INFO - Performance metrics saved: 40/72 winning trades
2025-03-26 14:59:54,092 - Trading Bot - INFO - Sleeping for 60 seconds
2025-03-26 15:00:53,291 - Trading System - INFO - Trading Bot is alive: True
2025-03-26 15:00:53,292 - Trading System - INFO - Monitor Bot is alive: True
2025-03-26 15:00:53,293 - Trading System - INFO - Improvement Bot is alive: True
2025-03-26 15:00:54,098 - Trading Bot - INFO - Starting trading cycle
2025-03-26 15:00:54,098 - Trading Bot - INFO - Processing AAPL
2025-03-26 15:00:54,098 - Trading Bot - INFO - HOLD signal for AAPL (score: 0.8741)
2025-03-26 15:00:54,099 - Trading Bot - INFO - Processing MSFT
2025-03-26 15:00:54,099 - Trading Bot - INFO - SELL signal for MSFT (score: 0.2148)
2025-03-26 15:00:54,099 - Trading Bot - WARNING - Cannot sell MSFT - no position
2025-03-26 15:00:54,099 - Trading Bot - INFO - Processing GOOGL
2025-03-26 15:00:54,099 - Trading Bot - INFO - HOLD signal for GOOGL (score: 0.8992)
2025-03-26 15:00:54,107 - Trading Bot - INFO - Performance metrics saved: 40/72 winning trades
2025-03-26 15:00:54,108 - Trading Bot - INFO - Sleeping for 60 seconds
2025-03-26 15:01:53,297 - Trading System - INFO - Trading Bot is alive: True
2025-03-26 15:01:53,299 - Trading System - INFO - Monitor Bot is alive: True
2025-03-26 15:01:53,299 - Trading System - INFO - Improvement Bot is alive: True
2025-03-26 15:01:54,113 - Trading Bot - INFO - Starting trading cycle
2025-03-26 15:01:54,113 - Trading Bot - INFO - Processing AAPL
2025-03-26 15:01:54,114 - Trading Bot - INFO - HOLD signal for AAPL (score: 0.6753)
2025-03-26 15:01:54,114 - Trading Bot - INFO - Processing MSFT
2025-03-26 15:01:54,114 - Trading Bot - INFO - SELL signal for MSFT (score: 0.1800)
2025-03-26 15:01:54,114 - Trading Bot - WARNING - Cannot sell MSFT - no position
2025-03-26 15:01:54,114 - Trading Bot - INFO - Processing GOOGL
2025-03-26 15:01:54,114 - Trading Bot - INFO - HOLD signal for GOOGL (score: 0.4050)
2025-03-26 15:01:54,122 - Trading Bot - INFO - Performance metrics saved: 40/72 winning trades
2025-03-26 15:01:54,122 - Trading Bot - INFO - Sleeping for 60 seconds
2025-03-26 15:02:53,301 - Trading System - INFO - Trading Bot is alive: True
2025-03-26 15:02:53,303 - Trading System - INFO - Monitor Bot is alive: True
2025-03-26 15:02:53,303 - Trading System - INFO - Improvement Bot is alive: True
2025-03-26 15:02:54,127 - Trading Bot - INFO - Starting trading cycle
2025-03-26 15:02:54,129 - Trading Bot - INFO - Processing AAPL
2025-03-26 15:02:54,129 - Trading Bot - INFO - HOLD signal for AAPL (score: 0.5065)
2025-03-26 15:02:54,129 - Trading Bot - INFO - Processing MSFT
2025-03-26 15:02:54,130 - Trading Bot - INFO - HOLD signal for MSFT (score: 0.4602)
2025-03-26 15:02:54,130 - Trading Bot - INFO - Processing GOOGL
2025-03-26 15:02:54,130 - Trading Bot - INFO - SELL signal for GOOGL (score: 0.0665)
2025-03-26 15:02:54,130 - Trading Bot - WARNING - Cannot sell GOOGL - no position
2025-03-26 15:02:54,138 - Trading Bot - INFO - Performance metrics saved: 40/72 winning trades
2025-03-26 15:02:54,138 - Trading Bot - INFO - Sleeping for 60 seconds
2025-03-26 15:03:53,307 - Trading System - INFO - Trading Bot is alive: True
2025-03-26 15:03:53,309 - Trading System - INFO - Monitor Bot is alive: True
2025-03-26 15:03:53,309 - Trading System - INFO - Improvement Bot is alive: True
2025-03-26 15:03:54,142 - Trading Bot - INFO - Starting trading cycle
2025-03-26 15:03:54,142 - Trading Bot - INFO - Processing AAPL
2025-03-26 15:03:54,142 - Trading Bot - INFO - HOLD signal for AAPL (score: 0.4218)
2025-03-26 15:03:54,142 - Trading Bot - INFO - Processing MSFT
2025-03-26 15:03:54,143 - Trading Bot - INFO - HOLD signal for MSFT (score: 0.4026)
2025-03-26 15:03:54,143 - Trading Bot - INFO - Processing GOOGL
2025-03-26 15:03:54,143 - Trading Bot - INFO - HOLD signal for GOOGL (score: 0.9085)
2025-03-26 15:03:54,151 - Trading Bot - INFO - Performance metrics saved: 40/72 winning trades
2025-03-26 15:03:54,151 - Trading Bot - INFO - Sleeping for 60 seconds
2025-03-26 15:04:53,313 - Trading System - INFO - Trading Bot is alive: True
2025-03-26 15:04:53,314 - Trading System - INFO - Monitor Bot is alive: True
2025-03-26 15:04:53,315 - Trading System - INFO - Improvement Bot is alive: True
2025-03-26 15:04:54,154 - Trading Bot - INFO - Starting trading cycle
2025-03-26 15:04:54,155 - Trading Bot - INFO - Processing AAPL
2025-03-26 15:04:54,155 - Trading Bot - INFO - SELL signal for AAPL (score: 0.1005)
2025-03-26 15:04:54,155 - Trading Bot - WARNING - Cannot sell AAPL - no position
2025-03-26 15:04:54,155 - Trading Bot - INFO - Processing MSFT
2025-03-26 15:04:54,155 - Trading Bot - INFO - HOLD signal for MSFT (score: 0.8841)
2025-03-26 15:04:54,155 - Trading Bot - INFO - Processing GOOGL
2025-03-26 15:04:54,155 - Trading Bot - INFO - HOLD signal for GOOGL (score: 0.5167)
2025-03-26 15:04:54,163 - Trading Bot - INFO - Performance metrics saved: 40/72 winning trades
2025-03-26 15:04:54,163 - Trading Bot - INFO - Sleeping for 60 seconds
2025-03-26 15:05:53,317 - Trading System - INFO - Trading Bot is alive: True
2025-03-26 15:05:53,320 - Trading System - INFO - Monitor Bot is alive: True
2025-03-26 15:05:53,320 - Trading System - INFO - Improvement Bot is alive: True
2025-03-26 15:05:54,168 - Trading Bot - INFO - Starting trading cycle
2025-03-26 15:05:54,168 - Trading Bot - INFO - Processing AAPL
2025-03-26 15:05:54,168 - Trading Bot - INFO - HOLD signal for AAPL (score: 0.5858)
2025-03-26 15:05:54,169 - Trading Bot - INFO - Processing MSFT
2025-03-26 15:05:54,169 - Trading Bot - INFO - HOLD signal for MSFT (score: 0.8274)
2025-03-26 15:05:54,169 - Trading Bot - INFO - Processing GOOGL
2025-03-26 15:05:54,169 - Trading Bot - INFO - HOLD signal for GOOGL (score: 0.6752)
2025-03-26 15:05:54,178 - Trading Bot - INFO - Performance metrics saved: 40/72 winning trades
2025-03-26 15:05:54,178 - Trading Bot - INFO - Sleeping for 60 seconds
2025-03-26 15:06:53,325 - Trading System - INFO - Trading Bot is alive: True
2025-03-26 15:06:53,327 - Trading System - INFO - Monitor Bot is alive: True
2025-03-26 15:06:53,327 - Trading System - INFO - Improvement Bot is alive: True
2025-03-26 15:06:54,183 - Trading Bot - INFO - Starting trading cycle
2025-03-26 15:06:54,183 - Trading Bot - INFO - Processing AAPL
2025-03-26 15:06:54,183 - Trading Bot - INFO - SELL signal for AAPL (score: 0.2183)
2025-03-26 15:06:54,184 - Trading Bot - WARNING - Cannot sell AAPL - no position
2025-03-26 15:06:54,184 - Trading Bot - INFO - Processing MSFT
2025-03-26 15:06:54,184 - Trading Bot - INFO - HOLD signal for MSFT (score: 0.9186)
2025-03-26 15:06:54,185 - Trading Bot - INFO - Processing GOOGL
2025-03-26 15:06:54,185 - Trading Bot - INFO - HOLD signal for GOOGL (score: 0.5718)
2025-03-26 15:06:54,194 - Trading Bot - INFO - Performance metrics saved: 40/72 winning trades
2025-03-26 15:06:54,194 - Trading Bot - INFO - Sleeping for 60 seconds
2025-03-26 15:07:53,330 - Trading System - INFO - Trading Bot is alive: True
2025-03-26 15:07:53,331 - Trading System - INFO - Monitor Bot is alive: True
2025-03-26 15:07:53,332 - Trading System - INFO - Improvement Bot is alive: True
2025-03-26 15:07:54,200 - Trading Bot - INFO - Starting trading cycle
2025-03-26 15:07:54,200 - Trading Bot - INFO - Processing AAPL
2025-03-26 15:07:54,200 - Trading Bot - INFO - HOLD signal for AAPL (score: 0.4998)
2025-03-26 15:07:54,200 - Trading Bot - INFO - Processing MSFT
2025-03-26 15:07:54,200 - Trading Bot - INFO - HOLD signal for MSFT (score: 0.3009)
2025-03-26 15:07:54,201 - Trading Bot - INFO - Processing GOOGL
2025-03-26 15:07:54,201 - Trading Bot - INFO - HOLD signal for GOOGL (score: 0.7831)
2025-03-26 15:07:54,208 - Trading Bot - INFO - Performance metrics saved: 40/72 winning trades
2025-03-26 15:07:54,208 - Trading Bot - INFO - Sleeping for 60 seconds
2025-03-26 15:08:53,334 - Trading System - INFO - Trading Bot is alive: True
2025-03-26 15:08:53,336 - Trading System - INFO - Monitor Bot is alive: True
2025-03-26 15:08:53,336 - Trading System - INFO - Improvement Bot is alive: True
2025-03-26 15:08:54,209 - Trading Bot - INFO - Starting trading cycle
2025-03-26 15:08:54,210 - Trading Bot - INFO - Processing AAPL
2025-03-26 15:08:54,210 - Trading Bot - INFO - HOLD signal for AAPL (score: 0.9162)
2025-03-26 15:08:54,210 - Trading Bot - INFO - Processing MSFT
2025-03-26 15:08:54,210 - Trading Bot - INFO - HOLD signal for MSFT (score: 0.9398)
2025-03-26 15:08:54,210 - Trading Bot - INFO - Processing GOOGL
2025-03-26 15:08:54,210 - Trading Bot - INFO - SELL signal for GOOGL (score: 0.2615)
2025-03-26 15:08:54,210 - Trading Bot - WARNING - Cannot sell GOOGL - no position
2025-03-26 15:08:54,218 - Trading Bot - INFO - Performance metrics saved: 40/72 winning trades
2025-03-26 15:08:54,218 - Trading Bot - INFO - Sleeping for 60 seconds
2025-03-26 15:09:53,340 - Trading System - INFO - Trading Bot is alive: True
2025-03-26 15:09:53,341 - Trading System - INFO - Monitor Bot is alive: True
2025-03-26 15:09:53,341 - Trading System - INFO - Improvement Bot is alive: True
2025-03-26 15:09:54,222 - Trading Bot - INFO - Starting trading cycle
2025-03-26 15:09:54,223 - Trading Bot - INFO - Processing AAPL
2025-03-26 15:09:54,223 - Trading Bot - INFO - HOLD signal for AAPL (score: 0.6461)
2025-03-26 15:09:54,223 - Trading Bot - INFO - Processing MSFT
2025-03-26 15:09:54,223 - Trading Bot - INFO - HOLD signal for MSFT (score: 0.8401)
2025-03-26 15:09:54,223 - Trading Bot - INFO - Processing GOOGL
2025-03-26 15:09:54,223 - Trading Bot - INFO - HOLD signal for GOOGL (score: 0.3249)
2025-03-26 15:09:54,232 - Trading Bot - INFO - Performance metrics saved: 40/72 winning trades
2025-03-26 15:09:54,232 - Trading Bot - INFO - Sleeping for 60 seconds
2025-03-26 15:10:51,701 - Improvement Bot - INFO - Running scheduled task: System Health Analysis
2025-03-26 15:10:51,705 - Improvement Bot - INFO - Win rate trend: +0.00%
2025-03-26 15:10:51,705 - Improvement Bot - INFO - Profit trend: +0.00%
2025-03-26 15:10:51,707 - Improvement Bot - INFO - System health analysis completed: healthy
2025-03-26 15:10:51,707 - Improvement Bot - INFO - Task System Health Analysis completed successfully
2025-03-26 15:10:53,343 - Trading System - INFO - Trading Bot is alive: True
2025-03-26 15:10:53,343 - Trading System - INFO - Monitor Bot is alive: True
2025-03-26 15:10:53,343 - Trading System - INFO - Improvement Bot is alive: True
2025-03-26 15:10:54,237 - Trading Bot - INFO - Starting trading cycle
2025-03-26 15:10:54,238 - Trading Bot - INFO - Processing AAPL
2025-03-26 15:10:54,238 - Trading Bot - INFO - HOLD signal for AAPL (score: 0.4390)
2025-03-26 15:10:54,238 - Trading Bot - INFO - Processing MSFT
2025-03-26 15:10:54,238 - Trading Bot - INFO - HOLD signal for MSFT (score: 0.9433)
2025-03-26 15:10:54,238 - Trading Bot - INFO - Processing GOOGL
2025-03-26 15:10:54,238 - Trading Bot - INFO - SELL signal for GOOGL (score: 0.0072)
2025-03-26 15:10:54,238 - Trading Bot - WARNING - Cannot sell GOOGL - no position
2025-03-26 15:10:54,247 - Trading Bot - INFO - Performance metrics saved: 40/72 winning trades
2025-03-26 15:10:54,248 - Trading Bot - INFO - Sleeping for 60 seconds
2025-03-26 15:11:53,323 - Trading System - INFO - Trading Bot is alive: True
2025-03-26 15:11:53,326 - Trading System - INFO - Monitor Bot is alive: True
2025-03-26 15:11:53,326 - Trading System - INFO - Improvement Bot is alive: True
2025-03-26 15:11:54,229 - Trading Bot - INFO - Starting trading cycle
2025-03-26 15:11:54,230 - Trading Bot - INFO - Processing AAPL
2025-03-26 15:11:54,230 - Trading Bot - INFO - HOLD signal for AAPL (score: 0.4971)
2025-03-26 15:11:54,230 - Trading Bot - INFO - Processing MSFT
2025-03-26 15:11:54,230 - Trading Bot - INFO - HOLD signal for MSFT (score: 0.3088)
2025-03-26 15:11:54,230 - Trading Bot - INFO - Processing GOOGL
2025-03-26 15:11:54,230 - Trading Bot - INFO - HOLD signal for GOOGL (score: 0.3159)
2025-03-26 15:11:54,239 - Trading Bot - INFO - Performance metrics saved: 40/72 winning trades
2025-03-26 15:11:54,239 - Trading Bot - INFO - Sleeping for 60 seconds
2025-03-26 15:12:53,328 - Trading System - INFO - Trading Bot is alive: True
2025-03-26 15:12:53,329 - Trading System - INFO - Monitor Bot is alive: True
2025-03-26 15:12:53,330 - Trading System - INFO - Improvement Bot is alive: True
2025-03-26 15:12:54,243 - Trading Bot - INFO - Starting trading cycle
2025-03-26 15:12:54,243 - Trading Bot - INFO - Processing AAPL
2025-03-26 15:12:54,244 - Trading Bot - INFO - SELL signal for AAPL (score: 0.1471)
2025-03-26 15:12:54,244 - Trading Bot - WARNING - Cannot sell AAPL - no position
2025-03-26 15:12:54,244 - Trading Bot - INFO - Processing MSFT
2025-03-26 15:12:54,244 - Trading Bot - INFO - SELL signal for MSFT (score: 0.0085)
2025-03-26 15:12:54,244 - Trading Bot - WARNING - Cannot sell MSFT - no position
2025-03-26 15:12:54,244 - Trading Bot - INFO - Processing GOOGL
2025-03-26 15:12:54,244 - Trading Bot - INFO - SELL signal for GOOGL (score: 0.2666)
2025-03-26 15:12:54,244 - Trading Bot - WARNING - Cannot sell GOOGL - no position
2025-03-26 15:12:54,253 - Trading Bot - INFO - Performance metrics saved: 40/72 winning trades
2025-03-26 15:12:54,253 - Trading Bot - INFO - Sleeping for 60 seconds
2025-03-26 15:13:53,334 - Trading System - INFO - Trading Bot is alive: True
2025-03-26 15:13:53,334 - Trading System - INFO - Monitor Bot is alive: True
2025-03-26 15:13:53,334 - Trading System - INFO - Improvement Bot is alive: True
2025-03-26 15:13:54,258 - Trading Bot - INFO - Starting trading cycle
2025-03-26 15:13:54,258 - Trading Bot - INFO - Processing AAPL
2025-03-26 15:13:54,258 - Trading Bot - INFO - HOLD signal for AAPL (score: 0.8631)
2025-03-26 15:13:54,258 - Trading Bot - INFO - Processing MSFT
2025-03-26 15:13:54,258 - Trading Bot - INFO - HOLD signal for MSFT (score: 0.9376)
2025-03-26 15:13:54,259 - Trading Bot - INFO - Processing GOOGL
2025-03-26 15:13:54,259 - Trading Bot - INFO - HOLD signal for GOOGL (score: 0.3113)
2025-03-26 15:13:54,266 - Trading Bot - INFO - Performance metrics saved: 40/72 winning trades
2025-03-26 15:13:54,266 - Trading Bot - INFO - Sleeping for 60 seconds
2025-03-26 15:14:53,335 - Trading System - INFO - Trading Bot is alive: True
2025-03-26 15:14:53,336 - Trading System - INFO - Monitor Bot is alive: True
2025-03-26 15:14:53,336 - Trading System - INFO - Improvement Bot is alive: True
2025-03-26 15:14:54,267 - Trading Bot - INFO - Starting trading cycle
2025-03-26 15:14:54,267 - Trading Bot - INFO - Processing AAPL
2025-03-26 15:14:54,267 - Trading Bot - INFO - HOLD signal for AAPL (score: 0.4292)
2025-03-26 15:14:54,267 - Trading Bot - INFO - Processing MSFT
2025-03-26 15:14:54,267 - Trading Bot - INFO - SELL signal for MSFT (score: 0.2485)
2025-03-26 15:14:54,268 - Trading Bot - WARNING - Cannot sell MSFT - no position
2025-03-26 15:14:54,268 - Trading Bot - INFO - Processing GOOGL
2025-03-26 15:14:54,268 - Trading Bot - INFO - SELL signal for GOOGL (score: 0.2020)
2025-03-26 15:14:54,268 - Trading Bot - WARNING - Cannot sell GOOGL - no position
2025-03-26 15:14:54,276 - Trading Bot - INFO - Performance metrics saved: 40/72 winning trades
2025-03-26 15:14:54,276 - Trading Bot - INFO - Sleeping for 60 seconds
2025-03-26 15:15:53,341 - Trading System - INFO - Trading Bot is alive: True
2025-03-26 15:15:53,342 - Trading System - INFO - Monitor Bot is alive: True
2025-03-26 15:15:53,342 - Trading System - INFO - Improvement Bot is alive: True
2025-03-26 15:15:54,281 - Trading Bot - INFO - Starting trading cycle
2025-03-26 15:15:54,282 - Trading Bot - INFO - Processing AAPL
2025-03-26 15:15:54,282 - Trading Bot - INFO - HOLD signal for AAPL (score: 0.7493)
2025-03-26 15:15:54,282 - Trading Bot - INFO - Processing MSFT
2025-03-26 15:15:54,282 - Trading Bot - INFO - SELL signal for MSFT (score: 0.0363)
2025-03-26 15:15:54,282 - Trading Bot - WARNING - Cannot sell MSFT - no position
2025-03-26 15:15:54,282 - Trading Bot - INFO - Processing GOOGL
2025-03-26 15:15:54,282 - Trading Bot - INFO - SELL signal for GOOGL (score: 0.2092)
2025-03-26 15:15:54,282 - Trading Bot - WARNING - Cannot sell GOOGL - no position
2025-03-26 15:15:54,290 - Trading Bot - INFO - Performance metrics saved: 40/72 winning trades
2025-03-26 15:15:54,290 - Trading Bot - INFO - Sleeping for 60 seconds
2025-03-26 15:16:53,346 - Trading System - INFO - Trading Bot is alive: True
2025-03-26 15:16:53,346 - Trading System - INFO - Monitor Bot is alive: True
2025-03-26 15:16:53,346 - Trading System - INFO - Improvement Bot is alive: True
2025-03-26 15:16:54,295 - Trading Bot - INFO - Starting trading cycle
2025-03-26 15:16:54,295 - Trading Bot - INFO - Processing AAPL
2025-03-26 15:16:54,295 - Trading Bot - INFO - SELL signal for AAPL (score: 0.1750)
2025-03-26 15:16:54,296 - Trading Bot - WARNING - Cannot sell AAPL - no position
2025-03-26 15:16:54,296 - Trading Bot - INFO - Processing MSFT
2025-03-26 15:16:54,296 - Trading Bot - INFO - HOLD signal for MSFT (score: 0.9582)
2025-03-26 15:16:54,296 - Trading Bot - INFO - Processing GOOGL
2025-03-26 15:16:54,296 - Trading Bot - INFO - HOLD signal for GOOGL (score: 0.9679)
2025-03-26 15:16:54,304 - Trading Bot - INFO - Performance metrics saved: 40/72 winning trades
2025-03-26 15:16:54,304 - Trading Bot - INFO - Sleeping for 60 seconds
2025-03-26 15:17:53,348 - Trading System - INFO - Trading Bot is alive: True
2025-03-26 15:17:53,349 - Trading System - INFO - Monitor Bot is alive: True
2025-03-26 15:17:53,349 - Trading System - INFO - Improvement Bot is alive: True
2025-03-26 15:17:54,309 - Trading Bot - INFO - Starting trading cycle
2025-03-26 15:17:54,309 - Trading Bot - INFO - Processing AAPL
2025-03-26 15:17:54,309 - Trading Bot - INFO - HOLD signal for AAPL (score: 0.4633)
2025-03-26 15:17:54,309 - Trading Bot - INFO - Processing MSFT
2025-03-26 15:17:54,309 - Trading Bot - INFO - HOLD signal for MSFT (score: 0.8486)
2025-03-26 15:17:54,310 - Trading Bot - INFO - Processing GOOGL
2025-03-26 15:17:54,310 - Trading Bot - INFO - SELL signal for GOOGL (score: 0.0828)
2025-03-26 15:17:54,310 - Trading Bot - WARNING - Cannot sell GOOGL - no position
2025-03-26 15:17:54,318 - Trading Bot - INFO - Performance metrics saved: 40/72 winning trades
2025-03-26 15:17:54,318 - Trading Bot - INFO - Sleeping for 60 seconds
2025-03-26 15:18:53,351 - Trading System - INFO - Trading Bot is alive: True
2025-03-26 15:18:53,352 - Trading System - INFO - Monitor Bot is alive: True
2025-03-26 15:18:53,353 - Trading System - INFO - Improvement Bot is alive: True
2025-03-26 15:18:54,321 - Trading Bot - INFO - Starting trading cycle
2025-03-26 15:18:54,322 - Trading Bot - INFO - Processing AAPL
2025-03-26 15:18:54,322 - Trading Bot - INFO - HOLD signal for AAPL (score: 0.5949)
2025-03-26 15:18:54,322 - Trading Bot - INFO - Processing MSFT
2025-03-26 15:18:54,322 - Trading Bot - INFO - HOLD signal for MSFT (score: 0.3827)
2025-03-26 15:18:54,322 - Trading Bot - INFO - Processing GOOGL
2025-03-26 15:18:54,322 - Trading Bot - INFO - HOLD signal for GOOGL (score: 0.6970)
2025-03-26 15:18:54,331 - Trading Bot - INFO - Performance metrics saved: 40/72 winning trades
2025-03-26 15:18:54,331 - Trading Bot - INFO - Sleeping for 60 seconds
2025-03-26 15:19:53,357 - Trading System - INFO - Trading Bot is alive: True
2025-03-26 15:19:53,359 - Trading System - INFO - Monitor Bot is alive: True
2025-03-26 15:19:53,359 - Trading System - INFO - Improvement Bot is alive: True
2025-03-26 15:19:54,335 - Trading Bot - INFO - Starting trading cycle
2025-03-26 15:19:54,335 - Trading Bot - INFO - Processing AAPL
2025-03-26 15:19:54,335 - Trading Bot - INFO - HOLD signal for AAPL (score: 0.7840)
2025-03-26 15:19:54,335 - Trading Bot - INFO - Processing MSFT
2025-03-26 15:19:54,335 - Trading Bot - INFO - HOLD signal for MSFT (score: 0.5484)
2025-03-26 15:19:54,336 - Trading Bot - INFO - Processing GOOGL
2025-03-26 15:19:54,336 - Trading Bot - INFO - HOLD signal for GOOGL (score: 0.7667)
2025-03-26 15:19:54,345 - Trading Bot - INFO - Performance metrics saved: 40/72 winning trades
2025-03-26 15:19:54,345 - Trading Bot - INFO - Sleeping for 60 seconds
2025-03-26 15:20:53,368 - Trading System - INFO - Trading Bot is alive: True
2025-03-26 15:20:53,370 - Trading System - INFO - Monitor Bot is alive: True
2025-03-26 15:20:53,370 - Trading System - INFO - Improvement Bot is alive: True
2025-03-26 15:20:54,348 - Trading Bot - INFO - Starting trading cycle
2025-03-26 15:20:54,348 - Trading Bot - INFO - Processing AAPL
2025-03-26 15:20:54,349 - Trading Bot - INFO - HOLD signal for AAPL (score: 0.5584)
2025-03-26 15:20:54,349 - Trading Bot - INFO - Processing MSFT
2025-03-26 15:20:54,349 - Trading Bot - INFO - SELL signal for MSFT (score: 0.1080)
2025-03-26 15:20:54,349 - Trading Bot - WARNING - Cannot sell MSFT - no position
2025-03-26 15:20:54,349 - Trading Bot - INFO - Processing GOOGL
2025-03-26 15:20:54,349 - Trading Bot - INFO - HOLD signal for GOOGL (score: 0.8569)
2025-03-26 15:20:54,356 - Trading Bot - INFO - Performance metrics saved: 40/72 winning trades
2025-03-26 15:20:54,357 - Trading Bot - INFO - Sleeping for 60 seconds
2025-03-26 15:21:53,377 - Trading System - INFO - Trading Bot is alive: True
2025-03-26 15:21:53,378 - Trading System - INFO - Monitor Bot is alive: True
2025-03-26 15:21:53,379 - Trading System - INFO - Improvement Bot is alive: True
2025-03-26 15:21:54,367 - Trading Bot - INFO - Starting trading cycle
2025-03-26 15:21:54,367 - Trading Bot - INFO - Processing AAPL
2025-03-26 15:21:54,367 - Trading Bot - INFO - HOLD signal for AAPL (score: 0.7571)
2025-03-26 15:21:54,367 - Trading Bot - INFO - Processing MSFT
2025-03-26 15:21:54,367 - Trading Bot - INFO - HOLD signal for MSFT (score: 0.6796)
2025-03-26 15:21:54,368 - Trading Bot - INFO - Processing GOOGL
2025-03-26 15:21:54,368 - Trading Bot - INFO - HOLD signal for GOOGL (score: 0.8076)
2025-03-26 15:21:54,376 - Trading Bot - INFO - Performance metrics saved: 40/72 winning trades
2025-03-26 15:21:54,376 - Trading Bot - INFO - Sleeping for 60 seconds
2025-03-26 15:22:53,383 - Trading System - INFO - Trading Bot is alive: True
2025-03-26 15:22:53,383 - Trading System - INFO - Monitor Bot is alive: True
2025-03-26 15:22:53,383 - Trading System - INFO - Improvement Bot is alive: True
2025-03-26 15:22:54,385 - Trading Bot - INFO - Starting trading cycle
2025-03-26 15:22:54,385 - Trading Bot - INFO - Processing AAPL
2025-03-26 15:22:54,386 - Trading Bot - INFO - HOLD signal for AAPL (score: 0.4410)
2025-03-26 15:22:54,386 - Trading Bot - INFO - Processing MSFT
2025-03-26 15:22:54,386 - Trading Bot - INFO - HOLD signal for MSFT (score: 0.5461)
2025-03-26 15:22:54,386 - Trading Bot - INFO - Processing GOOGL
2025-03-26 15:22:54,386 - Trading Bot - INFO - HOLD signal for GOOGL (score: 0.8379)
2025-03-26 15:22:54,393 - Trading Bot - INFO - Performance metrics saved: 40/72 winning trades
2025-03-26 15:22:54,394 - Trading Bot - INFO - Sleeping for 60 seconds
2025-03-26 15:23:53,393 - Trading System - INFO - Trading Bot is alive: True
2025-03-26 15:23:53,395 - Trading System - INFO - Monitor Bot is alive: True
2025-03-26 15:23:53,395 - Trading System - INFO - Improvement Bot is alive: True
2025-03-26 15:23:54,404 - Trading Bot - INFO - Starting trading cycle
2025-03-26 15:23:54,404 - Trading Bot - INFO - Processing AAPL
2025-03-26 15:23:54,404 - Trading Bot - INFO - SELL signal for AAPL (score: 0.2660)
2025-03-26 15:23:54,404 - Trading Bot - WARNING - Cannot sell AAPL - no position
2025-03-26 15:23:54,404 - Trading Bot - INFO - Processing MSFT
2025-03-26 15:23:54,404 - Trading Bot - INFO - HOLD signal for MSFT (score: 0.3050)
2025-03-26 15:23:54,404 - Trading Bot - INFO - Processing GOOGL
2025-03-26 15:23:54,405 - Trading Bot - INFO - HOLD signal for GOOGL (score: 0.6596)
2025-03-26 15:23:54,412 - Trading Bot - INFO - Performance metrics saved: 40/72 winning trades
2025-03-26 15:23:54,412 - Trading Bot - INFO - Sleeping for 60 seconds
2025-03-26 15:24:53,395 - Trading System - INFO - Trading Bot is alive: True
2025-03-26 15:24:53,396 - Trading System - INFO - Monitor Bot is alive: True
2025-03-26 15:24:53,397 - Trading System - INFO - Improvement Bot is alive: True
2025-03-26 15:24:54,417 - Trading Bot - INFO - Starting trading cycle
2025-03-26 15:24:54,417 - Trading Bot - INFO - Processing AAPL
2025-03-26 15:24:54,417 - Trading Bot - INFO - HOLD signal for AAPL (score: 0.7249)
2025-03-26 15:24:54,417 - Trading Bot - INFO - Processing MSFT
2025-03-26 15:24:54,417 - Trading Bot - INFO - SELL signal for MSFT (score: 0.1324)
2025-03-26 15:24:54,418 - Trading Bot - WARNING - Cannot sell MSFT - no position
2025-03-26 15:24:54,418 - Trading Bot - INFO - Processing GOOGL
2025-03-26 15:24:54,418 - Trading Bot - INFO - HOLD signal for GOOGL (score: 0.5910)
2025-03-26 15:24:54,427 - Trading Bot - INFO - Performance metrics saved: 40/72 winning trades
2025-03-26 15:24:54,428 - Trading Bot - INFO - Sleeping for 60 seconds
2025-03-26 15:32:43,024 - Trading System - INFO - Trading Bot is alive: True
2025-03-26 15:32:43,026 - Trading System - INFO - Monitor Bot is alive: True
2025-03-26 15:32:43,026 - Trading System - INFO - Improvement Bot is alive: True
2025-03-26 15:32:43,217 - Monitor Bot - INFO - Running scheduled task: Performance Metrics
2025-03-26 15:32:43,219 - Monitor Bot - INFO - === Performance Metrics ===
2025-03-26 15:32:43,219 - Monitor Bot - INFO - Date: 2025-03-26T15:24:54.418396
2025-03-26 15:32:43,220 - Monitor Bot - INFO - Total Trades: 72
2025-03-26 15:32:43,220 - Monitor Bot - INFO - Win Rate: 55.56%
2025-03-26 15:32:43,220 - Monitor Bot - INFO - Total Profit: $18.27
2025-03-26 15:32:43,220 - Monitor Bot - INFO - Average Profit per Trade: $0.25
2025-03-26 15:32:43,220 - Monitor Bot - ERROR - Error extracting performance metrics: 'avg_profit_pct'
2025-03-26 15:32:43,220 - Monitor Bot - WARNING - Task Performance Metrics completed with warnings
2025-03-26 15:32:44,056 - Trading Bot - INFO - Starting trading cycle
2025-03-26 15:32:44,056 - Trading Bot - INFO - Processing AAPL
2025-03-26 15:32:44,056 - Trading Bot - INFO - HOLD signal for AAPL (score: 0.3744)
2025-03-26 15:32:44,057 - Trading Bot - INFO - Processing MSFT
2025-03-26 15:32:44,057 - Trading Bot - INFO - HOLD signal for MSFT (score: 0.5985)
2025-03-26 15:32:44,057 - Trading Bot - INFO - Processing GOOGL
2025-03-26 15:32:44,057 - Trading Bot - INFO - HOLD signal for GOOGL (score: 0.4075)
2025-03-26 15:32:44,067 - Trading Bot - INFO - Performance metrics saved: 40/72 winning trades
2025-03-26 15:32:44,067 - Trading Bot - INFO - Sleeping for 60 seconds
2025-03-26 15:50:05,930 - Trading System - INFO - Trading Bot is alive: True
2025-03-26 15:50:05,932 - Trading System - INFO - Monitor Bot is alive: True
2025-03-26 15:50:05,932 - Trading System - INFO - Improvement Bot is alive: True
2025-03-26 15:50:06,970 - Trading Bot - INFO - Starting trading cycle
2025-03-26 15:50:06,970 - Trading Bot - INFO - Processing AAPL
2025-03-26 15:50:06,970 - Trading Bot - INFO - HOLD signal for AAPL (score: 0.6983)
2025-03-26 15:50:06,970 - Trading Bot - INFO - Processing MSFT
2025-03-26 15:50:06,970 - Trading Bot - INFO - HOLD signal for MSFT (score: 0.9426)
2025-03-26 15:50:06,971 - Trading Bot - INFO - Processing GOOGL
2025-03-26 15:50:06,971 - Trading Bot - INFO - HOLD signal for GOOGL (score: 0.8256)
2025-03-26 15:50:06,980 - Trading Bot - INFO - Performance metrics saved: 40/72 winning trades
2025-03-26 15:50:06,980 - Trading Bot - INFO - Sleeping for 60 seconds
2025-03-26 16:06:29,322 - Trading System - INFO - Trading Bot is alive: True
2025-03-26 16:06:29,322 - Trading System - INFO - Monitor Bot is alive: True
2025-03-26 16:06:29,323 - Trading System - INFO - Improvement Bot is alive: True
2025-03-26 16:06:30,371 - Trading Bot - INFO - Starting trading cycle
2025-03-26 16:06:30,371 - Trading Bot - INFO - Market is closed, waiting...
2025-03-26 16:06:30,371 - Trading Bot - INFO - Sleeping for 60 seconds
2025-03-26 16:24:44,188 - Trading System - INFO - Trading Bot is alive: True
2025-03-26 16:24:44,190 - Trading System - INFO - Monitor Bot is alive: True
2025-03-26 16:24:44,190 - Trading System - INFO - Improvement Bot is alive: True
2025-03-26 16:24:45,237 - Trading Bot - INFO - Starting trading cycle
2025-03-26 16:24:45,237 - Trading Bot - INFO - Market is closed, waiting...
2025-03-26 16:24:45,237 - Trading Bot - INFO - Sleeping for 60 seconds
2025-03-26 16:40:56,109 - Trading System - INFO - Trading Bot is alive: True
2025-03-26 16:40:56,111 - Trading System - INFO - Monitor Bot is alive: True
2025-03-26 16:40:56,111 - Trading System - INFO - Improvement Bot is alive: True
2025-03-26 16:40:56,304 - Monitor Bot - INFO - Running scheduled task: Performance Metrics
2025-03-26 16:40:56,307 - Monitor Bot - INFO - === Performance Metrics ===
2025-03-26 16:40:56,307 - Monitor Bot - INFO - Date: 2025-03-26T15:50:06.971454
2025-03-26 16:40:56,307 - Monitor Bot - INFO - Total Trades: 72
2025-03-26 16:40:56,307 - Monitor Bot - INFO - Win Rate: 55.56%
2025-03-26 16:40:56,307 - Monitor Bot - INFO - Total Profit: $18.27
2025-03-26 16:40:56,307 - Monitor Bot - INFO - Average Profit per Trade: $0.25
2025-03-26 16:40:56,307 - Monitor Bot - ERROR - Error extracting performance metrics: 'avg_profit_pct'
2025-03-26 16:40:56,307 - Monitor Bot - WARNING - Task Performance Metrics completed with warnings
2025-03-26 16:40:57,156 - Trading Bot - INFO - Starting trading cycle
2025-03-26 16:40:57,157 - Trading Bot - INFO - Market is closed, waiting...
2025-03-26 16:40:57,157 - Trading Bot - INFO - Sleeping for 60 seconds
2025-03-26 17:02:44,257 - Trading System - INFO - Trading Bot is alive: True
2025-03-26 17:02:44,259 - Trading System - INFO - Monitor Bot is alive: True
2025-03-26 17:02:44,259 - Trading System - INFO - Improvement Bot is alive: True
2025-03-26 17:02:45,302 - Trading Bot - INFO - Starting trading cycle
2025-03-26 17:02:45,302 - Trading Bot - INFO - Market is closed, waiting...
2025-03-26 17:02:45,303 - Trading Bot - INFO - Sleeping for 60 seconds
2025-03-26 17:03:44,259 - Trading System - INFO - Trading Bot is alive: True
2025-03-26 17:03:44,261 - Trading System - INFO - Monitor Bot is alive: True
2025-03-26 17:03:44,261 - Trading System - INFO - Improvement Bot is alive: True
2025-03-26 17:03:45,304 - Trading Bot - INFO - Starting trading cycle
2025-03-26 17:03:45,304 - Trading Bot - INFO - Market is closed, waiting...
2025-03-26 17:03:45,304 - Trading Bot - INFO - Sleeping for 60 seconds
2025-03-26 17:04:44,263 - Trading System - INFO - Trading Bot is alive: True
2025-03-26 17:04:44,265 - Trading System - INFO - Monitor Bot is alive: True
2025-03-26 17:04:44,265 - Trading System - INFO - Improvement Bot is alive: True
2025-03-26 17:04:45,309 - Trading Bot - INFO - Starting trading cycle
2025-03-26 17:04:45,309 - Trading Bot - INFO - Market is closed, waiting...
2025-03-26 17:04:45,309 - Trading Bot - INFO - Sleeping for 60 seconds
2025-03-26 17:05:44,270 - Trading System - INFO - Trading Bot is alive: True
2025-03-26 17:05:44,272 - Trading System - INFO - Monitor Bot is alive: True
2025-03-26 17:05:44,272 - Trading System - INFO - Improvement Bot is alive: True
2025-03-26 17:05:45,310 - Trading Bot - INFO - Starting trading cycle
2025-03-26 17:05:45,311 - Trading Bot - INFO - Market is closed, waiting...
2025-03-26 17:05:45,311 - Trading Bot - INFO - Sleeping for 60 seconds
2025-03-26 17:06:44,276 - Trading System - INFO - Trading Bot is alive: True
2025-03-26 17:06:44,278 - Trading System - INFO - Monitor Bot is alive: True
2025-03-26 17:06:44,279 - Trading System - INFO - Improvement Bot is alive: True
2025-03-26 17:06:45,316 - Trading Bot - INFO - Starting trading cycle
2025-03-26 17:06:45,316 - Trading Bot - INFO - Market is closed, waiting...
2025-03-26 17:06:45,316 - Trading Bot - INFO - Sleeping for 60 seconds
2025-03-26 17:07:44,283 - Trading System - INFO - Trading Bot is alive: True
2025-03-26 17:07:44,284 - Trading System - INFO - Monitor Bot is alive: True
2025-03-26 17:07:44,284 - Trading System - INFO - Improvement Bot is alive: True
2025-03-26 17:07:45,320 - Trading Bot - INFO - Starting trading cycle
2025-03-26 17:07:45,321 - Trading Bot - INFO - Market is closed, waiting...
2025-03-26 17:07:45,321 - Trading Bot - INFO - Sleeping for 60 seconds
2025-03-26 17:08:44,289 - Trading System - INFO - Trading Bot is alive: True
2025-03-26 17:08:44,292 - Trading System - INFO - Monitor Bot is alive: True
2025-03-26 17:08:44,292 - Trading System - INFO - Improvement Bot is alive: True
2025-03-26 17:08:45,326 - Trading Bot - INFO - Starting trading cycle
2025-03-26 17:08:45,327 - Trading Bot - INFO - Market is closed, waiting...
2025-03-26 17:08:45,327 - Trading Bot - INFO - Sleeping for 60 seconds
2025-03-26 17:09:44,295 - Trading System - INFO - Trading Bot is alive: True
2025-03-26 17:09:44,298 - Trading System - INFO - Monitor Bot is alive: True
2025-03-26 17:09:44,298 - Trading System - INFO - Improvement Bot is alive: True
2025-03-26 17:09:45,330 - Trading Bot - INFO - Starting trading cycle
2025-03-26 17:09:45,331 - Trading Bot - INFO - Market is closed, waiting...
2025-03-26 17:09:45,331 - Trading Bot - INFO - Sleeping for 60 seconds
2025-03-26 17:10:44,302 - Trading System - INFO - Trading Bot is alive: True
2025-03-26 17:10:44,305 - Trading System - INFO - Monitor Bot is alive: True
2025-03-26 17:10:44,305 - Trading System - INFO - Improvement Bot is alive: True
2025-03-26 17:10:45,336 - Trading Bot - INFO - Starting trading cycle
2025-03-26 17:10:45,336 - Trading Bot - INFO - Market is closed, waiting...
2025-03-26 17:10:45,336 - Trading Bot - INFO - Sleeping for 60 seconds
2025-03-26 17:11:44,316 - Trading System - INFO - Trading Bot is alive: True
2025-03-26 17:11:44,327 - Trading System - INFO - Monitor Bot is alive: True
2025-03-26 17:11:44,327 - Trading System - INFO - Improvement Bot is alive: True
2025-03-26 17:11:45,341 - Trading Bot - INFO - Starting trading cycle
2025-03-26 17:11:45,342 - Trading Bot - INFO - Market is closed, waiting...
2025-03-26 17:11:45,342 - Trading Bot - INFO - Sleeping for 60 seconds
2025-03-26 17:12:44,329 - Trading System - INFO - Trading Bot is alive: True
2025-03-26 17:12:44,330 - Trading System - INFO - Monitor Bot is alive: True
2025-03-26 17:12:44,330 - Trading System - INFO - Improvement Bot is alive: True
2025-03-26 17:12:45,342 - Trading Bot - INFO - Starting trading cycle
2025-03-26 17:12:45,343 - Trading Bot - INFO - Market is closed, waiting...
2025-03-26 17:12:45,343 - Trading Bot - INFO - Sleeping for 60 seconds
2025-03-26 17:13:44,334 - Trading System - INFO - Trading Bot is alive: True
2025-03-26 17:13:44,334 - Trading System - INFO - Monitor Bot is alive: True
2025-03-26 17:13:44,335 - Trading System - INFO - Improvement Bot is alive: True
2025-03-26 17:13:45,346 - Trading Bot - INFO - Starting trading cycle
2025-03-26 17:13:45,346 - Trading Bot - INFO - Market is closed, waiting...
2025-03-26 17:13:45,346 - Trading Bot - INFO - Sleeping for 60 seconds
2025-03-26 17:14:44,338 - Trading System - INFO - Trading Bot is alive: True
2025-03-26 17:14:44,340 - Trading System - INFO - Monitor Bot is alive: True
2025-03-26 17:14:44,340 - Trading System - INFO - Improvement Bot is alive: True
2025-03-26 17:14:45,351 - Trading Bot - INFO - Starting trading cycle
2025-03-26 17:14:45,351 - Trading Bot - INFO - Market is closed, waiting...
2025-03-26 17:14:45,352 - Trading Bot - INFO - Sleeping for 60 seconds
2025-03-26 17:15:44,345 - Trading System - INFO - Trading Bot is alive: True
2025-03-26 17:15:44,345 - Trading System - INFO - Monitor Bot is alive: True
2025-03-26 17:15:44,345 - Trading System - INFO - Improvement Bot is alive: True
2025-03-26 17:15:45,355 - Trading Bot - INFO - Starting trading cycle
2025-03-26 17:15:45,355 - Trading Bot - INFO - Market is closed, waiting...
2025-03-26 17:15:45,355 - Trading Bot - INFO - Sleeping for 60 seconds
2025-03-26 17:16:44,350 - Trading System - INFO - Trading Bot is alive: True
2025-03-26 17:16:44,350 - Trading System - INFO - Monitor Bot is alive: True
2025-03-26 17:16:44,350 - Trading System - INFO - Improvement Bot is alive: True
2025-03-26 17:16:45,355 - Trading Bot - INFO - Starting trading cycle
2025-03-26 17:16:45,356 - Trading Bot - INFO - Market is closed, waiting...
2025-03-26 17:16:45,356 - Trading Bot - INFO - Sleeping for 60 seconds
2025-03-26 17:17:44,353 - Trading System - INFO - Trading Bot is alive: True
2025-03-26 17:17:44,354 - Trading System - INFO - Monitor Bot is alive: True
2025-03-26 17:17:44,354 - Trading System - INFO - Improvement Bot is alive: True
2025-03-26 17:17:45,360 - Trading Bot - INFO - Starting trading cycle
2025-03-26 17:17:45,360 - Trading Bot - INFO - Market is closed, waiting...
2025-03-26 17:17:45,360 - Trading Bot - INFO - Sleeping for 60 seconds
2025-03-26 17:18:44,359 - Trading System - INFO - Trading Bot is alive: True
2025-03-26 17:18:44,359 - Trading System - INFO - Monitor Bot is alive: True
2025-03-26 17:18:44,359 - Trading System - INFO - Improvement Bot is alive: True
2025-03-26 17:18:45,360 - Trading Bot - INFO - Starting trading cycle
2025-03-26 17:18:45,360 - Trading Bot - INFO - Market is closed, waiting...
2025-03-26 17:18:45,361 - Trading Bot - INFO - Sleeping for 60 seconds
2025-03-26 17:19:44,363 - Trading System - INFO - Trading Bot is alive: True
2025-03-26 17:19:44,365 - Trading System - INFO - Monitor Bot is alive: True
2025-03-26 17:19:44,365 - Trading System - INFO - Improvement Bot is alive: True
2025-03-26 17:19:45,363 - Trading Bot - INFO - Starting trading cycle
2025-03-26 17:19:45,363 - Trading Bot - INFO - Market is closed, waiting...
2025-03-26 17:19:45,363 - Trading Bot - INFO - Sleeping for 60 seconds
2025-03-26 17:20:44,369 - Trading System - INFO - Trading Bot is alive: True
2025-03-26 17:20:44,372 - Trading System - INFO - Monitor Bot is alive: True
2025-03-26 17:20:44,372 - Trading System - INFO - Improvement Bot is alive: True
2025-03-26 17:20:45,366 - Trading Bot - INFO - Starting trading cycle
2025-03-26 17:20:45,366 - Trading Bot - INFO - Market is closed, waiting...
2025-03-26 17:20:45,366 - Trading Bot - INFO - Sleeping for 60 seconds
2025-03-26 17:21:44,375 - Trading System - INFO - Trading Bot is alive: True
2025-03-26 17:21:44,377 - Trading System - INFO - Monitor Bot is alive: True
2025-03-26 17:21:44,377 - Trading System - INFO - Improvement Bot is alive: True
2025-03-26 17:21:45,370 - Trading Bot - INFO - Starting trading cycle
2025-03-26 17:21:45,371 - Trading Bot - INFO - Market is closed, waiting...
2025-03-26 17:21:45,371 - Trading Bot - INFO - Sleeping for 60 seconds
2025-03-26 17:22:44,380 - Trading System - INFO - Trading Bot is alive: True
2025-03-26 17:22:44,381 - Trading System - INFO - Monitor Bot is alive: True
2025-03-26 17:22:44,381 - Trading System - INFO - Improvement Bot is alive: True
2025-03-26 17:22:45,372 - Trading Bot - INFO - Starting trading cycle
2025-03-26 17:22:45,372 - Trading Bot - INFO - Market is closed, waiting...
2025-03-26 17:22:45,372 - Trading Bot - INFO - Sleeping for 60 seconds
2025-03-26 17:23:44,384 - Trading System - INFO - Trading Bot is alive: True
2025-03-26 17:23:44,385 - Trading System - INFO - Monitor Bot is alive: True
2025-03-26 17:23:44,385 - Trading System - INFO - Improvement Bot is alive: True
2025-03-26 17:23:45,373 - Trading Bot - INFO - Starting trading cycle
2025-03-26 17:23:45,373 - Trading Bot - INFO - Market is closed, waiting...
2025-03-26 17:23:45,374 - Trading Bot - INFO - Sleeping for 60 seconds
2025-03-26 17:24:44,389 - Trading System - INFO - Trading Bot is alive: True
2025-03-26 17:24:44,391 - Trading System - INFO - Monitor Bot is alive: True
2025-03-26 17:24:44,391 - Trading System - INFO - Improvement Bot is alive: True
2025-03-26 17:24:45,375 - Trading Bot - INFO - Starting trading cycle
2025-03-26 17:24:45,375 - Trading Bot - INFO - Market is closed, waiting...
2025-03-26 17:24:45,375 - Trading Bot - INFO - Sleeping for 60 seconds
2025-03-26 17:25:44,395 - Trading System - INFO - Trading Bot is alive: True
2025-03-26 17:25:44,395 - Trading System - INFO - Monitor Bot is alive: True
2025-03-26 17:25:44,395 - Trading System - INFO - Improvement Bot is alive: True
2025-03-26 17:25:45,378 - Trading Bot - INFO - Starting trading cycle
2025-03-26 17:25:45,379 - Trading Bot - INFO - Market is closed, waiting...
2025-03-26 17:25:45,379 - Trading Bot - INFO - Sleeping for 60 seconds
2025-03-26 17:26:44,396 - Trading System - INFO - Trading Bot is alive: True
2025-03-26 17:26:44,396 - Trading System - INFO - Monitor Bot is alive: True
2025-03-26 17:26:44,396 - Trading System - INFO - Improvement Bot is alive: True
2025-03-26 17:26:45,383 - Trading Bot - INFO - Starting trading cycle
2025-03-26 17:26:45,384 - Trading Bot - INFO - Market is closed, waiting...
2025-03-26 17:26:45,384 - Trading Bot - INFO - Sleeping for 60 seconds
2025-03-26 17:27:44,401 - Trading System - INFO - Trading Bot is alive: True
2025-03-26 17:27:44,402 - Trading System - INFO - Monitor Bot is alive: True
2025-03-26 17:27:44,402 - Trading System - INFO - Improvement Bot is alive: True
2025-03-26 17:27:45,387 - Trading Bot - INFO - Starting trading cycle
2025-03-26 17:27:45,387 - Trading Bot - INFO - Market is closed, waiting...
2025-03-26 17:27:45,387 - Trading Bot - INFO - Sleeping for 60 seconds
2025-03-26 17:28:44,406 - Trading System - INFO - Trading Bot is alive: True
2025-03-26 17:28:44,408 - Trading System - INFO - Monitor Bot is alive: True
2025-03-26 17:28:44,408 - Trading System - INFO - Improvement Bot is alive: True
2025-03-26 17:28:45,388 - Trading Bot - INFO - Starting trading cycle
2025-03-26 17:28:45,388 - Trading Bot - INFO - Market is closed, waiting...
2025-03-26 17:28:45,388 - Trading Bot - INFO - Sleeping for 60 seconds
2025-03-26 17:29:44,437 - Trading System - INFO - Trading Bot is alive: True
2025-03-26 17:29:44,438 - Trading System - INFO - Monitor Bot is alive: True
2025-03-26 17:29:44,438 - Trading System - INFO - Improvement Bot is alive: True
2025-03-26 17:29:45,419 - Trading Bot - INFO - Starting trading cycle
2025-03-26 17:29:45,420 - Trading Bot - INFO - Market is closed, waiting...
2025-03-26 17:29:45,420 - Trading Bot - INFO - Sleeping for 60 seconds
2025-03-26 17:30:44,447 - Trading System - INFO - Trading Bot is alive: True
2025-03-26 17:30:44,448 - Trading System - INFO - Monitor Bot is alive: True
2025-03-26 17:30:44,448 - Trading System - INFO - Improvement Bot is alive: True
2025-03-26 17:30:45,430 - Trading Bot - INFO - Starting trading cycle
2025-03-26 17:30:45,430 - Trading Bot - INFO - Market is closed, waiting...
2025-03-26 17:30:45,430 - Trading Bot - INFO - Sleeping for 60 seconds
2025-03-26 17:31:44,457 - Trading System - INFO - Trading Bot is alive: True
2025-03-26 17:31:44,459 - Trading System - INFO - Monitor Bot is alive: True
2025-03-26 17:31:44,459 - Trading System - INFO - Improvement Bot is alive: True
2025-03-26 17:31:45,437 - Trading Bot - INFO - Starting trading cycle
2025-03-26 17:31:45,437 - Trading Bot - INFO - Market is closed, waiting...
2025-03-26 17:31:45,438 - Trading Bot - INFO - Sleeping for 60 seconds
2025-03-26 17:32:44,467 - Trading System - INFO - Trading Bot is alive: True
2025-03-26 17:32:44,468 - Trading System - INFO - Monitor Bot is alive: True
2025-03-26 17:32:44,468 - Trading System - INFO - Improvement Bot is alive: True
2025-03-26 17:32:45,447 - Trading Bot - INFO - Starting trading cycle
2025-03-26 17:32:45,447 - Trading Bot - INFO - Market is closed, waiting...
2025-03-26 17:32:45,447 - Trading Bot - INFO - Sleeping for 60 seconds
2025-03-26 17:33:44,476 - Trading System - INFO - Trading Bot is alive: True
2025-03-26 17:33:44,477 - Trading System - INFO - Monitor Bot is alive: True
2025-03-26 17:33:44,477 - Trading System - INFO - Improvement Bot is alive: True
2025-03-26 17:33:45,456 - Trading Bot - INFO - Starting trading cycle
2025-03-26 17:33:45,457 - Trading Bot - INFO - Market is closed, waiting...
2025-03-26 17:33:45,457 - Trading Bot - INFO - Sleeping for 60 seconds
2025-03-26 17:34:44,485 - Trading System - INFO - Trading Bot is alive: True
2025-03-26 17:34:44,486 - Trading System - INFO - Monitor Bot is alive: True
2025-03-26 17:34:44,486 - Trading System - INFO - Improvement Bot is alive: True
2025-03-26 17:34:45,467 - Trading Bot - INFO - Starting trading cycle
2025-03-26 17:34:45,468 - Trading Bot - INFO - Market is closed, waiting...
2025-03-26 17:34:45,468 - Trading Bot - INFO - Sleeping for 60 seconds
2025-03-26 17:36:12,974 - Trading System - INFO - Trading Bot is alive: True
2025-03-26 17:36:12,977 - Trading System - INFO - Monitor Bot is alive: True
2025-03-26 17:36:12,977 - Trading System - INFO - Improvement Bot is alive: True
2025-03-26 17:36:13,956 - Trading Bot - INFO - Starting trading cycle
2025-03-26 17:36:13,957 - Trading Bot - INFO - Market is closed, waiting...
2025-03-26 17:36:13,957 - Trading Bot - INFO - Sleeping for 60 seconds
2025-03-26 18:09:37,106 - Trading System - INFO - Trading Bot is alive: True
2025-03-26 18:09:37,108 - Trading System - INFO - Monitor Bot is alive: True
2025-03-26 18:09:37,108 - Trading System - INFO - Improvement Bot is alive: True
2025-03-26 18:09:37,269 - Monitor Bot - INFO - Running scheduled task: Performance Metrics
2025-03-26 18:09:37,271 - Monitor Bot - INFO - === Performance Metrics ===
2025-03-26 18:09:37,271 - Monitor Bot - INFO - Date: 2025-03-26T15:50:06.971454
2025-03-26 18:09:37,271 - Monitor Bot - INFO - Total Trades: 72
2025-03-26 18:09:37,271 - Monitor Bot - INFO - Win Rate: 55.56%
2025-03-26 18:09:37,271 - Monitor Bot - INFO - Total Profit: $18.27
2025-03-26 18:09:37,271 - Monitor Bot - INFO - Average Profit per Trade: $0.25
2025-03-26 18:09:37,272 - Monitor Bot - ERROR - Error extracting performance metrics: 'avg_profit_pct'
2025-03-26 18:09:37,272 - Monitor Bot - WARNING - Task Performance Metrics completed with warnings
2025-03-26 18:09:38,087 - Trading Bot - INFO - Starting trading cycle
2025-03-26 18:09:38,087 - Trading Bot - INFO - Market is closed, waiting...
2025-03-26 18:09:38,087 - Trading Bot - INFO - Sleeping for 60 seconds
2025-03-26 18:25:55,033 - Trading System - INFO - Trading Bot is alive: True
2025-03-26 18:25:55,035 - Trading System - INFO - Monitor Bot is alive: True
2025-03-26 18:25:55,035 - Trading System - INFO - Improvement Bot is alive: True
2025-03-26 18:25:56,012 - Trading Bot - INFO - Starting trading cycle
2025-03-26 18:25:56,012 - Trading Bot - INFO - Market is closed, waiting...
2025-03-26 18:25:56,012 - Trading Bot - INFO - Sleeping for 60 seconds
2025-03-26 18:37:14,939 - Trading System - INFO - Trading Bot is alive: True
2025-03-26 18:37:14,940 - Trading System - INFO - Monitor Bot is alive: True
2025-03-26 18:37:14,941 - Trading System - INFO - Improvement Bot is alive: True
2025-03-26 18:37:15,916 - Trading Bot - INFO - Starting trading cycle
2025-03-26 18:37:15,925 - Trading Bot - INFO - Market is closed, waiting...
2025-03-26 18:37:15,925 - Trading Bot - INFO - Sleeping for 60 seconds
2025-03-26 18:54:49,299 - Trading System - INFO - Trading Bot is alive: True
2025-03-26 18:54:49,301 - Trading System - INFO - Monitor Bot is alive: True
2025-03-26 18:54:49,301 - Trading System - INFO - Improvement Bot is alive: True
2025-03-26 18:54:49,464 - Monitor Bot - INFO - Running scheduled task: Performance Charts
