2025-04-03 08:42:03,955 - Trading System - INFO - Configuration loaded successfully
2025-04-03 08:42:04,180 - Platform Factory - INFO - Platform factory initialized with trading mode: paper
2025-04-03 08:42:04,180 - Trading System - INFO - Initialized platform factory with new adapters
2025-04-03 08:42:04,181 - Trading System - INFO - Environment variables loaded
2025-04-03 08:42:04,191 - Trading System - INFO - Encryption key loaded
2025-04-03 08:42:04,192 - Trading System - INFO - Fixed syntax error in improvement_bot.py
2025-04-03 08:42:04,574 - Trading System - INFO - scikit-learn is available (version 1.6.1)
2025-04-03 08:42:04,578 - Quantum Trading Bot - INFO - Attempting to import quantum libraries...
2025-04-03 08:42:05,159 - qiskit.passmanager.base_tasks - INFO - Pass: UnrollCustomDefinitions - 0.04578 (ms)
2025-04-03 08:42:05,159 - qiskit.transpiler.passes.basis.basis_translator - INFO - Begin BasisTranslator from source basis {('u3', 1)} to target basis {'ry', 'snapshot', 'cx', 'z', 'delay', 'p', 'rx', 'store', 'measure', 'reset', 'u', 'rz', 'barrier', 'x'}.
2025-04-03 08:42:05,159 - qiskit.transpiler.passes.basis.basis_translator - INFO - Basis translation path search completed in 0.000s.
2025-04-03 08:42:05,159 - qiskit.transpiler.passes.basis.basis_translator - INFO - Basis translation paths composed in 0.000s.
2025-04-03 08:42:05,159 - qiskit.transpiler.passes.basis.basis_translator - INFO - Basis translation instructions replaced in 0.000s.
2025-04-03 08:42:05,159 - qiskit.passmanager.base_tasks - INFO - Pass: BasisTranslator - 0.52905 (ms)
2025-04-03 08:42:05,163 - Quantum Trading Bot - INFO - Quantum libraries successfully imported: PennyLane 0.40.0, Qiskit 1.2.4
2025-04-03 08:42:05,166 - Quantum Trading Bot - INFO - ========== TRADING LOOP FUNCTION ENTERED ==========
2025-04-03 08:42:05,166 - Trading System - INFO - Started Trading Bot
2025-04-03 08:42:05,166 - Monitor Bot - INFO - Starting monitoring loop
2025-04-03 08:42:05,166 - Trading System - INFO - Started Monitor Bot
2025-04-03 08:42:05,166 - Quantum Trading Bot - INFO - Configuration loaded successfully
2025-04-03 08:42:05,167 - Improvement Bot - INFO - Starting improvement bot
2025-04-03 08:42:05,167 - Trading System - INFO - Started Improvement Bot
2025-04-03 08:42:05,167 - Trading System - INFO - Trading Bot is alive: True
2025-04-03 08:42:05,167 - Trading System - INFO - Monitor Bot is alive: True
2025-04-03 08:42:05,167 - Trading System - INFO - Improvement Bot is alive: True
2025-04-03 08:42:05,167 - Trading System - INFO - All bots started. Press Ctrl+C to exit.
2025-04-03 08:42:05,167 - Improvement Bot - INFO - Configuration loaded successfully
2025-04-03 08:42:05,167 - Quantum Trading Bot - INFO - Trade history loaded
2025-04-03 08:42:05,167 - Quantum Trading Bot - INFO - Signal handlers not installed - not in main thread
2025-04-03 08:42:05,167 - Quantum Trading Bot - INFO - Initialized PennyLane quantum device: default.qubit
2025-04-03 08:42:05,167 - Quantum Trading Bot - INFO - Mock adapter initialized
2025-04-03 08:42:05,167 - Improvement Bot - INFO - Running scheduled task: System Backup
2025-04-03 08:42:05,169 - Quantum Trading Bot - INFO - Starting trading cycle
2025-04-03 08:42:05,169 - Quantum Trading Bot - INFO - Market is closed, waiting...
2025-04-03 08:42:05,169 - Quantum Trading Bot - INFO - Sleeping for 60 seconds
2025-04-03 08:42:05,171 - Monitor Bot - INFO - Running scheduled task: Initial Performance Metrics
2025-04-03 08:42:05,172 - Monitor Bot - INFO - === Performance Metrics ===
2025-04-03 08:42:05,172 - Monitor Bot - INFO - Date: 2025-04-02T20:30:46.681791
2025-04-03 08:42:05,172 - Monitor Bot - INFO - Total Trades: 72
2025-04-03 08:42:05,172 - Monitor Bot - INFO - Win Rate: 55.56%
2025-04-03 08:42:05,172 - Monitor Bot - INFO - Total Profit: $18.27
2025-04-03 08:42:05,172 - Monitor Bot - INFO - Average Profit per Trade: $0.25
2025-04-03 08:42:05,172 - Monitor Bot - INFO - Average Profit Percentage: 0.09%
2025-04-03 08:42:05,172 - Monitor Bot - INFO - Maximum Drawdown: 0.10%
2025-04-03 08:42:05,172 - Monitor Bot - INFO - ============================
2025-04-03 08:42:05,174 - Monitor Bot - INFO - Task Initial Performance Metrics completed successfully
2025-04-03 08:42:05,174 - Monitor Bot - INFO - Running scheduled task: Initial API Health Check
2025-04-03 08:42:05,174 - WebUll Adapter - INFO - Generated device ID for WebUll: TradingBot-05e9fc221408
2025-04-03 08:42:05,174 - WebUll Adapter - INFO - WebUll Adapter initialized in paper trading mode
2025-04-03 08:42:05,174 - Platform Factory - INFO - Created WebUll adapter in paper mode
2025-04-03 08:42:05,175 - Improvement Bot - INFO - System snapshot created at backups/snapshot_20250403_084205
2025-04-03 08:42:05,176 - Improvement Bot - INFO - Task System Backup completed successfully
2025-04-03 08:42:05,176 - Improvement Bot - INFO - Running scheduled task: Code Quality Check - Trading Bot
2025-04-03 08:42:05,177 - Improvement Bot - INFO - Found 2 issues in trading_bot
2025-04-03 08:42:05,177 - Improvement Bot - INFO - Task Code Quality Check - Trading Bot completed successfully
2025-04-03 08:42:05,177 - Improvement Bot - INFO - Running scheduled task: Code Quality Check - Monitor Bot
2025-04-03 08:42:05,177 - Improvement Bot - INFO - No issues found in monitor_bot
2025-04-03 08:42:05,177 - Improvement Bot - WARNING - Task Code Quality Check - Monitor Bot completed with warnings
2025-04-03 08:42:05,177 - Improvement Bot - INFO - Running scheduled task: Code Quality Check - Improvement Bot
2025-04-03 08:42:05,178 - Improvement Bot - INFO - Found 6 issues in improvement_bot
2025-04-03 08:42:05,178 - Improvement Bot - INFO - Task Code Quality Check - Improvement Bot completed successfully
2025-04-03 08:42:05,178 - Improvement Bot - INFO - Running scheduled task: ML Model Optimization
2025-04-03 08:42:05,178 - Improvement Bot - INFO - No ML models found to optimize
2025-04-03 08:42:05,178 - Improvement Bot - WARNING - Task ML Model Optimization completed with warnings
2025-04-03 08:42:05,178 - Improvement Bot - INFO - Running scheduled task: Quantum Circuit Optimization
2025-04-03 08:42:05,178 - Improvement Bot - INFO - Starting quantum circuit optimization
2025-04-03 08:42:05,178 - Improvement Bot - INFO - No quantum model files found to optimize
2025-04-03 08:42:05,178 - Improvement Bot - WARNING - Task Quantum Circuit Optimization completed with warnings
2025-04-03 08:42:05,178 - Improvement Bot - INFO - Running scheduled task: Quantum Error Analysis
2025-04-03 08:42:05,178 - Improvement Bot - INFO - Analyzing quantum error rates
2025-04-03 08:42:05,178 - Improvement Bot - INFO - Quantum error analysis completed: avg error 0.0438, trend +0.0006
2025-04-03 08:42:05,178 - Improvement Bot - INFO - Task Quantum Error Analysis completed successfully
2025-04-03 08:42:05,178 - Improvement Bot - INFO - Running scheduled task: Quantum Prediction Analysis
2025-04-03 08:42:05,178 - Improvement Bot - INFO - Evaluating quantum prediction accuracy
2025-04-03 08:42:05,178 - Improvement Bot - INFO - No completed quantum predictions found
2025-04-03 08:42:05,178 - Improvement Bot - WARNING - Task Quantum Prediction Analysis completed with warnings
2025-04-03 08:42:05,178 - Improvement Bot - INFO - Running scheduled task: Quantum Weight Optimization
2025-04-03 08:42:05,179 - Improvement Bot - INFO - Generated new quantum-optimized weights
2025-04-03 08:42:05,179 - Improvement Bot - INFO - Task Quantum Weight Optimization completed successfully
2025-04-03 08:42:05,179 - Improvement Bot - INFO - Running scheduled task: System Health Analysis
2025-04-03 08:42:05,179 - Improvement Bot - INFO - Win rate trend: +0.00%
2025-04-03 08:42:05,179 - Improvement Bot - INFO - Profit trend: +0.00%
2025-04-03 08:42:05,179 - Improvement Bot - INFO - System health analysis completed: healthy
2025-04-03 08:42:05,180 - Improvement Bot - INFO - Task System Health Analysis completed successfully
2025-04-03 08:42:05,421 - WebUll Adapter - INFO - Authentication successful
2025-04-03 08:42:05,832 - Zoya Adapter - INFO - Zoya Adapter initialized in sandbox mode
2025-04-03 08:42:05,832 - Platform Factory - INFO - Created Zoya adapter in sandbox mode
2025-04-03 08:42:05,969 - Monitor Bot - INFO - === API Health Status ===
2025-04-03 08:42:05,969 - Monitor Bot - INFO - WebUll API: OK
2025-04-03 08:42:05,969 - Monitor Bot - INFO - Zoya API: OK
2025-04-03 08:42:05,969 - Monitor Bot - INFO - =======================
2025-04-03 08:42:05,969 - Monitor Bot - INFO - Task Initial API Health Check completed successfully
2025-04-03 08:42:05,969 - Monitor Bot - INFO - Running scheduled task: Initial Legal Compliance Report
2025-04-03 08:42:05,970 - Monitor Bot - INFO - Legal compliance report generated at legal/compliance_reports/compliance_report_20250403.json
2025-04-03 08:42:05,970 - Monitor Bot - INFO - Task Initial Legal Compliance Report completed successfully
2025-04-03 08:42:05,970 - Monitor Bot - INFO - Running scheduled task: Initial Quantum System Health Check
2025-04-03 08:42:05,970 - Monitor Bot - INFO - Monitoring quantum system health
2025-04-03 08:42:05,971 - Monitor Bot - INFO - Average quantum error rate: 0.0469
2025-04-03 08:42:05,971 - Monitor Bot - INFO - Task Initial Quantum System Health Check completed successfully
2025-04-03 08:43:05,173 - Trading System - INFO - Trading Bot is alive: True
2025-04-03 08:43:05,173 - Quantum Trading Bot - INFO - Starting trading cycle
2025-04-03 08:43:05,175 - Trading System - INFO - Monitor Bot is alive: True
2025-04-03 08:43:05,175 - Quantum Trading Bot - INFO - Market is closed, waiting...
2025-04-03 08:43:05,175 - Trading System - INFO - Improvement Bot is alive: True
2025-04-03 08:43:05,175 - Quantum Trading Bot - INFO - Sleeping for 60 seconds
2025-04-03 08:44:05,177 - Trading System - INFO - Trading Bot is alive: True
2025-04-03 08:44:05,177 - Trading System - INFO - Monitor Bot is alive: True
2025-04-03 08:44:05,177 - Trading System - INFO - Improvement Bot is alive: True
2025-04-03 08:44:05,180 - Quantum Trading Bot - INFO - Starting trading cycle
2025-04-03 08:44:05,181 - Quantum Trading Bot - INFO - Market is closed, waiting...
2025-04-03 08:44:05,181 - Quantum Trading Bot - INFO - Sleeping for 60 seconds
2025-04-03 08:45:05,180 - Trading System - INFO - Trading Bot is alive: True
2025-04-03 08:45:05,180 - Trading System - INFO - Monitor Bot is alive: True
2025-04-03 08:45:05,180 - Trading System - INFO - Improvement Bot is alive: True
2025-04-03 08:45:05,186 - Quantum Trading Bot - INFO - Starting trading cycle
2025-04-03 08:45:05,186 - Quantum Trading Bot - INFO - Market is closed, waiting...
2025-04-03 08:45:05,186 - Quantum Trading Bot - INFO - Sleeping for 60 seconds
2025-04-03 08:46:05,186 - Trading System - INFO - Trading Bot is alive: True
2025-04-03 08:46:05,187 - Trading System - INFO - Monitor Bot is alive: True
2025-04-03 08:46:05,187 - Trading System - INFO - Improvement Bot is alive: True
2025-04-03 08:46:05,190 - Quantum Trading Bot - INFO - Starting trading cycle
2025-04-03 08:46:05,190 - Quantum Trading Bot - INFO - Market is closed, waiting...
2025-04-03 08:46:05,190 - Quantum Trading Bot - INFO - Sleeping for 60 seconds
2025-04-03 08:47:05,192 - Trading System - INFO - Trading Bot is alive: True
2025-04-03 08:47:05,193 - Trading System - INFO - Monitor Bot is alive: True
2025-04-03 08:47:05,193 - Trading System - INFO - Improvement Bot is alive: True
2025-04-03 08:47:05,196 - Quantum Trading Bot - INFO - Starting trading cycle
2025-04-03 08:47:05,196 - Quantum Trading Bot - INFO - Market is closed, waiting...
2025-04-03 08:47:05,196 - Quantum Trading Bot - INFO - Sleeping for 60 seconds
2025-04-03 08:48:05,197 - Trading System - INFO - Trading Bot is alive: True
2025-04-03 08:48:05,198 - Trading System - INFO - Monitor Bot is alive: True
2025-04-03 08:48:05,198 - Trading System - INFO - Improvement Bot is alive: True
2025-04-03 08:48:05,201 - Quantum Trading Bot - INFO - Starting trading cycle
2025-04-03 08:48:05,201 - Quantum Trading Bot - INFO - Market is closed, waiting...
2025-04-03 08:48:05,202 - Quantum Trading Bot - INFO - Sleeping for 60 seconds
2025-04-03 08:49:05,199 - Trading System - INFO - Trading Bot is alive: True
2025-04-03 08:49:05,200 - Trading System - INFO - Monitor Bot is alive: True
2025-04-03 08:49:05,201 - Trading System - INFO - Improvement Bot is alive: True
2025-04-03 08:49:05,206 - Quantum Trading Bot - INFO - Starting trading cycle
2025-04-03 08:49:05,206 - Quantum Trading Bot - INFO - Market is closed, waiting...
2025-04-03 08:49:05,206 - Quantum Trading Bot - INFO - Sleeping for 60 seconds
2025-04-03 08:50:05,206 - Trading System - INFO - Trading Bot is alive: True
2025-04-03 08:50:05,207 - Trading System - INFO - Monitor Bot is alive: True
2025-04-03 08:50:05,207 - Trading System - INFO - Improvement Bot is alive: True
2025-04-03 08:50:05,210 - Quantum Trading Bot - INFO - Starting trading cycle
2025-04-03 08:50:05,211 - Quantum Trading Bot - INFO - Market is closed, waiting...
2025-04-03 08:50:05,211 - Quantum Trading Bot - INFO - Sleeping for 60 seconds
2025-04-03 08:51:05,212 - Trading System - INFO - Trading Bot is alive: True
2025-04-03 08:51:05,214 - Trading System - INFO - Monitor Bot is alive: True
2025-04-03 08:51:05,214 - Trading System - INFO - Improvement Bot is alive: True
2025-04-03 08:51:05,214 - Quantum Trading Bot - INFO - Starting trading cycle
2025-04-03 08:51:05,214 - Quantum Trading Bot - INFO - Market is closed, waiting...
2025-04-03 08:51:05,215 - Quantum Trading Bot - INFO - Sleeping for 60 seconds
2025-04-03 08:52:05,216 - Trading System - INFO - Trading Bot is alive: True
2025-04-03 08:52:05,217 - Trading System - INFO - Monitor Bot is alive: True
2025-04-03 08:52:05,217 - Trading System - INFO - Improvement Bot is alive: True
2025-04-03 08:52:05,220 - Quantum Trading Bot - INFO - Starting trading cycle
2025-04-03 08:52:05,220 - Quantum Trading Bot - INFO - Market is closed, waiting...
2025-04-03 08:52:05,220 - Quantum Trading Bot - INFO - Sleeping for 60 seconds
2025-04-03 08:53:05,222 - Trading System - INFO - Trading Bot is alive: True
2025-04-03 08:53:05,222 - Trading System - INFO - Monitor Bot is alive: True
2025-04-03 08:53:05,223 - Trading System - INFO - Improvement Bot is alive: True
2025-04-03 08:53:05,225 - Quantum Trading Bot - INFO - Starting trading cycle
2025-04-03 08:53:05,225 - Quantum Trading Bot - INFO - Market is closed, waiting...
2025-04-03 08:53:05,225 - Quantum Trading Bot - INFO - Sleeping for 60 seconds
2025-04-03 08:54:05,227 - Trading System - INFO - Trading Bot is alive: True
2025-04-03 08:54:05,228 - Trading System - INFO - Monitor Bot is alive: True
2025-04-03 08:54:05,228 - Trading System - INFO - Improvement Bot is alive: True
2025-04-03 08:54:05,229 - Quantum Trading Bot - INFO - Starting trading cycle
2025-04-03 08:54:05,230 - Quantum Trading Bot - INFO - Market is closed, waiting...
2025-04-03 08:54:05,230 - Quantum Trading Bot - INFO - Sleeping for 60 seconds
2025-04-03 08:55:05,232 - Trading System - INFO - Trading Bot is alive: True
2025-04-03 08:55:05,233 - Trading System - INFO - Monitor Bot is alive: True
2025-04-03 08:55:05,233 - Trading System - INFO - Improvement Bot is alive: True
2025-04-03 08:55:05,235 - Quantum Trading Bot - INFO - Starting trading cycle
2025-04-03 08:55:05,236 - Quantum Trading Bot - INFO - Market is closed, waiting...
2025-04-03 08:55:05,236 - Quantum Trading Bot - INFO - Sleeping for 60 seconds
2025-04-03 08:56:05,237 - Trading System - INFO - Trading Bot is alive: True
2025-04-03 08:56:05,238 - Trading System - INFO - Monitor Bot is alive: True
2025-04-03 08:56:05,238 - Trading System - INFO - Improvement Bot is alive: True
2025-04-03 08:56:05,241 - Quantum Trading Bot - INFO - Starting trading cycle
2025-04-03 08:56:05,241 - Quantum Trading Bot - INFO - Market is closed, waiting...
2025-04-03 08:56:05,241 - Quantum Trading Bot - INFO - Sleeping for 60 seconds
2025-04-03 08:57:05,239 - Trading System - INFO - Trading Bot is alive: True
2025-04-03 08:57:05,241 - Trading System - INFO - Monitor Bot is alive: True
2025-04-03 08:57:05,241 - Trading System - INFO - Improvement Bot is alive: True
2025-04-03 08:57:05,246 - Quantum Trading Bot - INFO - Starting trading cycle
2025-04-03 08:57:05,246 - Quantum Trading Bot - INFO - Market is closed, waiting...
2025-04-03 08:57:05,246 - Quantum Trading Bot - INFO - Sleeping for 60 seconds
2025-04-03 08:58:05,248 - Trading System - INFO - Trading Bot is alive: True
2025-04-03 08:58:05,250 - Trading System - INFO - Monitor Bot is alive: True
2025-04-03 08:58:05,250 - Trading System - INFO - Improvement Bot is alive: True
2025-04-03 08:58:05,256 - Quantum Trading Bot - INFO - Starting trading cycle
2025-04-03 08:58:05,256 - Quantum Trading Bot - INFO - Market is closed, waiting...
2025-04-03 08:58:05,256 - Quantum Trading Bot - INFO - Sleeping for 60 seconds
2025-04-03 08:59:05,220 - Quantum Trading Bot - INFO - Starting trading cycle
2025-04-03 08:59:05,220 - Trading System - INFO - Trading Bot is alive: True
2025-04-03 08:59:05,222 - Quantum Trading Bot - INFO - Market is closed, waiting...
2025-04-03 08:59:05,222 - Trading System - INFO - Monitor Bot is alive: True
2025-04-03 08:59:05,222 - Quantum Trading Bot - INFO - Sleeping for 60 seconds
2025-04-03 08:59:05,222 - Trading System - INFO - Improvement Bot is alive: True
2025-04-03 09:00:05,227 - Quantum Trading Bot - INFO - Starting trading cycle
2025-04-03 09:00:05,228 - Trading System - INFO - Trading Bot is alive: True
2025-04-03 09:00:05,229 - Quantum Trading Bot - INFO - Processing AAPL
2025-04-03 09:00:05,229 - Trading System - INFO - Monitor Bot is alive: True
2025-04-03 09:00:05,230 - Quantum Trading Bot - INFO - Mock halal compliance check for AAPL: COMPLIANT
2025-04-03 09:00:05,230 - Trading System - INFO - Improvement Bot is alive: True
2025-04-03 09:00:05,279 - Quantum Trading Bot - INFO - Quantum device error rate: 0.0402
2025-04-03 09:00:05,284 - Quantum Trading Bot - INFO - Quantum prediction for AAPL: 0.2850 (confidence: 0.9598)
2025-04-03 09:00:05,284 - Quantum Trading Bot - INFO - Trading signal for AAPL: 0.2850 (source: quantum)
2025-04-03 09:00:05,284 - Quantum Trading Bot - INFO - SELL signal for AAPL (score: 0.2850, source: quantum)
2025-04-03 09:00:05,286 - Quantum Trading Bot - WARNING - Cannot sell AAPL - no position
2025-04-03 09:00:05,286 - Quantum Trading Bot - INFO - Processing MSFT
2025-04-03 09:00:05,286 - Quantum Trading Bot - INFO - Mock halal compliance check for MSFT: COMPLIANT
2025-04-03 09:00:05,295 - Quantum Trading Bot - INFO - Quantum device error rate: 0.0444
2025-04-03 09:00:05,297 - Quantum Trading Bot - INFO - Quantum prediction for MSFT: 0.0960 (confidence: 0.9556)
2025-04-03 09:00:05,297 - Quantum Trading Bot - INFO - Trading signal for MSFT: 0.0960 (source: quantum)
2025-04-03 09:00:05,297 - Quantum Trading Bot - INFO - SELL signal for MSFT (score: 0.0960, source: quantum)
2025-04-03 09:00:05,297 - Quantum Trading Bot - WARNING - Cannot sell MSFT - no position
2025-04-03 09:00:05,297 - Quantum Trading Bot - INFO - Processing NVDA
2025-04-03 09:00:05,297 - Quantum Trading Bot - INFO - Mock halal compliance check for NVDA: COMPLIANT
2025-04-03 09:00:05,305 - Quantum Trading Bot - INFO - Quantum device error rate: 0.0360
2025-04-03 09:00:05,307 - Quantum Trading Bot - INFO - Quantum prediction for NVDA: 0.4400 (confidence: 0.7712)
2025-04-03 09:00:05,307 - Quantum Trading Bot - INFO - Trading signal for NVDA: 0.4400 (source: quantum)
2025-04-03 09:00:05,307 - Quantum Trading Bot - INFO - HOLD signal for NVDA (score: 0.4400, source: quantum)
2025-04-03 09:00:05,312 - Quantum Trading Bot - INFO - Performance metrics saved: 40/72 winning trades
2025-04-03 09:00:05,312 - Quantum Trading Bot - INFO - Quantum prediction accuracy: 0.00
2025-04-03 09:00:05,312 - Quantum Trading Bot - INFO - Sleeping for 60 seconds
2025-04-03 09:01:05,255 - Trading System - INFO - Trading Bot is alive: True
2025-04-03 09:01:05,257 - Trading System - INFO - Monitor Bot is alive: True
2025-04-03 09:01:05,257 - Trading System - INFO - Improvement Bot is alive: True
2025-04-03 09:01:05,321 - Quantum Trading Bot - INFO - Starting trading cycle
2025-04-03 09:01:05,322 - Quantum Trading Bot - INFO - Processing AAPL
2025-04-03 09:01:05,322 - Quantum Trading Bot - INFO - Mock halal compliance check for AAPL: COMPLIANT
2025-04-03 09:01:05,341 - Quantum Trading Bot - INFO - Quantum device error rate: 0.0270
2025-04-03 09:01:05,345 - Quantum Trading Bot - INFO - Quantum prediction for AAPL: 0.5360 (confidence: 0.7784)
2025-04-03 09:01:05,345 - Quantum Trading Bot - INFO - Trading signal for AAPL: 0.5360 (source: quantum)
2025-04-03 09:01:05,345 - Quantum Trading Bot - INFO - HOLD signal for AAPL (score: 0.5360, source: quantum)
2025-04-03 09:01:05,345 - Quantum Trading Bot - INFO - Processing MSFT
2025-04-03 09:01:05,345 - Quantum Trading Bot - INFO - Mock halal compliance check for MSFT: COMPLIANT
2025-04-03 09:01:05,356 - Quantum Trading Bot - INFO - Quantum device error rate: 0.0357
2025-04-03 09:01:05,358 - Quantum Trading Bot - INFO - Quantum prediction for MSFT: 0.6800 (confidence: 0.9643)
2025-04-03 09:01:05,358 - Quantum Trading Bot - INFO - Trading signal for MSFT: 0.6800 (source: quantum)
2025-04-03 09:01:05,358 - Quantum Trading Bot - INFO - HOLD signal for MSFT (score: 0.6800, source: quantum)
2025-04-03 09:01:05,358 - Quantum Trading Bot - INFO - Processing NVDA
2025-04-03 09:01:05,358 - Quantum Trading Bot - INFO - Mock halal compliance check for NVDA: COMPLIANT
2025-04-03 09:01:05,367 - Quantum Trading Bot - INFO - Quantum device error rate: 0.0294
2025-04-03 09:01:05,369 - Quantum Trading Bot - INFO - Quantum prediction for NVDA: 0.3400 (confidence: 0.9706)
2025-04-03 09:01:05,369 - Quantum Trading Bot - INFO - Trading signal for NVDA: 0.3400 (source: quantum)
2025-04-03 09:01:05,369 - Quantum Trading Bot - INFO - HOLD signal for NVDA (score: 0.3400, source: quantum)
2025-04-03 09:01:05,375 - Quantum Trading Bot - INFO - Performance metrics saved: 40/72 winning trades
2025-04-03 09:01:05,375 - Quantum Trading Bot - INFO - Quantum prediction accuracy: 0.00
2025-04-03 09:01:05,375 - Quantum Trading Bot - INFO - Sleeping for 60 seconds
2025-04-03 09:02:33,723 - Trading System - INFO - Trading Bot is alive: True
2025-04-03 09:02:33,724 - Trading System - INFO - Monitor Bot is alive: True
2025-04-03 09:02:33,724 - Trading System - INFO - Improvement Bot is alive: True
2025-04-03 09:02:33,840 - Quantum Trading Bot - INFO - Starting trading cycle
2025-04-03 09:02:33,840 - Quantum Trading Bot - INFO - Processing AAPL
2025-04-03 09:02:33,841 - Quantum Trading Bot - INFO - Mock halal compliance check for AAPL: COMPLIANT
2025-04-03 09:02:33,864 - Quantum Trading Bot - INFO - Quantum device error rate: 0.0324
2025-04-03 09:02:33,867 - Quantum Trading Bot - INFO - Quantum prediction for AAPL: 0.4260 (confidence: 0.7741)
2025-04-03 09:02:33,867 - Quantum Trading Bot - INFO - Trading signal for AAPL: 0.4260 (source: quantum)
2025-04-03 09:02:33,867 - Quantum Trading Bot - INFO - HOLD signal for AAPL (score: 0.4260, source: quantum)
2025-04-03 09:02:33,867 - Quantum Trading Bot - INFO - Processing MSFT
2025-04-03 09:02:33,867 - Quantum Trading Bot - INFO - Mock halal compliance check for MSFT: COMPLIANT
2025-04-03 09:02:33,878 - Quantum Trading Bot - INFO - Quantum device error rate: 0.0297
2025-04-03 09:02:33,880 - Quantum Trading Bot - INFO - Quantum prediction for MSFT: 0.6870 (confidence: 0.9703)
2025-04-03 09:02:33,880 - Quantum Trading Bot - INFO - Trading signal for MSFT: 0.6870 (source: quantum)
2025-04-03 09:02:33,880 - Quantum Trading Bot - INFO - HOLD signal for MSFT (score: 0.6870, source: quantum)
2025-04-03 09:02:33,881 - Quantum Trading Bot - INFO - Processing NVDA
2025-04-03 09:02:33,881 - Quantum Trading Bot - INFO - Mock halal compliance check for NVDA: COMPLIANT
2025-04-03 09:02:33,889 - Quantum Trading Bot - INFO - Quantum device error rate: 0.0252
2025-04-03 09:02:33,891 - Quantum Trading Bot - INFO - Quantum prediction for NVDA: 0.4520 (confidence: 0.7798)
2025-04-03 09:02:33,891 - Quantum Trading Bot - INFO - Trading signal for NVDA: 0.4520 (source: quantum)
2025-04-03 09:02:33,891 - Quantum Trading Bot - INFO - HOLD signal for NVDA (score: 0.4520, source: quantum)
2025-04-03 09:02:33,897 - Quantum Trading Bot - INFO - Performance metrics saved: 40/72 winning trades
2025-04-03 09:02:33,897 - Quantum Trading Bot - INFO - Quantum prediction accuracy: 0.00
2025-04-03 09:02:33,897 - Quantum Trading Bot - INFO - Sleeping for 60 seconds
2025-04-03 09:15:36,562 - Trading System - INFO - Trading Bot is alive: True
2025-04-03 09:15:36,563 - Trading System - INFO - Monitor Bot is alive: True
2025-04-03 09:15:36,563 - Trading System - INFO - Improvement Bot is alive: True
2025-04-03 09:15:36,743 - Quantum Trading Bot - INFO - Starting trading cycle
2025-04-03 09:15:36,744 - Quantum Trading Bot - INFO - Processing AAPL
2025-04-03 09:15:36,744 - Quantum Trading Bot - INFO - Mock halal compliance check for AAPL: COMPLIANT
2025-04-03 09:15:36,773 - Quantum Trading Bot - INFO - Quantum device error rate: 0.0507
2025-04-03 09:15:36,785 - Quantum Trading Bot - INFO - Quantum prediction for AAPL: 0.5868 (confidence: 0.7594)
2025-04-03 09:15:36,785 - Quantum Trading Bot - INFO - Trading signal for AAPL: 0.5868 (source: quantum)
2025-04-03 09:15:36,785 - Quantum Trading Bot - INFO - HOLD signal for AAPL (score: 0.5868, source: quantum)
2025-04-03 09:15:36,785 - Quantum Trading Bot - INFO - Processing MSFT
2025-04-03 09:15:36,786 - Quantum Trading Bot - INFO - Mock halal compliance check for MSFT: COMPLIANT
2025-04-03 09:15:36,796 - Quantum Trading Bot - INFO - Quantum device error rate: 0.0468
2025-04-03 09:15:36,798 - Quantum Trading Bot - INFO - Quantum prediction for MSFT: 0.4090 (confidence: 0.7626)
2025-04-03 09:15:36,798 - Quantum Trading Bot - INFO - Trading signal for MSFT: 0.4090 (source: quantum)
2025-04-03 09:15:36,798 - Quantum Trading Bot - INFO - HOLD signal for MSFT (score: 0.4090, source: quantum)
2025-04-03 09:15:36,798 - Quantum Trading Bot - INFO - Processing NVDA
2025-04-03 09:15:36,798 - Quantum Trading Bot - INFO - Mock halal compliance check for NVDA: COMPLIANT
2025-04-03 09:15:36,806 - Quantum Trading Bot - INFO - Quantum device error rate: 0.0471
2025-04-03 09:15:36,809 - Quantum Trading Bot - INFO - Quantum prediction for NVDA: 0.4070 (confidence: 0.7623)
2025-04-03 09:15:36,809 - Quantum Trading Bot - INFO - Trading signal for NVDA: 0.4070 (source: quantum)
2025-04-03 09:15:36,809 - Quantum Trading Bot - INFO - HOLD signal for NVDA (score: 0.4070, source: quantum)
2025-04-03 09:15:36,814 - Quantum Trading Bot - INFO - Performance metrics saved: 40/72 winning trades
2025-04-03 09:15:36,814 - Quantum Trading Bot - INFO - Quantum prediction accuracy: 0.00
2025-04-03 09:15:36,814 - Quantum Trading Bot - INFO - Sleeping for 60 seconds
2025-04-03 09:31:55,597 - Trading System - INFO - Trading Bot is alive: True
2025-04-03 09:31:55,598 - Trading System - INFO - Monitor Bot is alive: True
2025-04-03 09:31:55,599 - Trading System - INFO - Improvement Bot is alive: True
2025-04-03 09:31:55,855 - Quantum Trading Bot - INFO - Starting trading cycle
2025-04-03 09:31:55,856 - Quantum Trading Bot - INFO - Processing AAPL
2025-04-03 09:31:55,856 - Quantum Trading Bot - INFO - Mock halal compliance check for AAPL: COMPLIANT
2025-04-03 09:31:55,875 - Quantum Trading Bot - INFO - Quantum device error rate: 0.0393
2025-04-03 09:31:55,878 - Quantum Trading Bot - INFO - Quantum prediction for AAPL: 0.2430 (confidence: 0.9607)
2025-04-03 09:31:55,878 - Quantum Trading Bot - INFO - Trading signal for AAPL: 0.2430 (source: quantum)
2025-04-03 09:31:55,878 - Quantum Trading Bot - INFO - SELL signal for AAPL (score: 0.2430, source: quantum)
2025-04-03 09:31:55,879 - Quantum Trading Bot - WARNING - Cannot sell AAPL - no position
2025-04-03 09:31:55,880 - Quantum Trading Bot - INFO - Processing MSFT
2025-04-03 09:31:55,880 - Quantum Trading Bot - INFO - Mock halal compliance check for MSFT: COMPLIANT
2025-04-03 09:31:55,890 - Quantum Trading Bot - INFO - Quantum device error rate: 0.0369
2025-04-03 09:31:55,892 - Quantum Trading Bot - INFO - Quantum prediction for MSFT: 0.4910 (confidence: 0.7705)
2025-04-03 09:31:55,892 - Quantum Trading Bot - INFO - Trading signal for MSFT: 0.4910 (source: quantum)
2025-04-03 09:31:55,892 - Quantum Trading Bot - INFO - HOLD signal for MSFT (score: 0.4910, source: quantum)
2025-04-03 09:31:55,892 - Quantum Trading Bot - INFO - Processing NVDA
2025-04-03 09:31:55,892 - Quantum Trading Bot - INFO - Mock halal compliance check for NVDA: COMPLIANT
2025-04-03 09:31:55,900 - Quantum Trading Bot - INFO - Quantum device error rate: 0.0375
2025-04-03 09:31:55,902 - Quantum Trading Bot - INFO - Quantum prediction for NVDA: 0.5370 (confidence: 0.7700)
2025-04-03 09:31:55,902 - Quantum Trading Bot - INFO - Trading signal for NVDA: 0.5370 (source: quantum)
2025-04-03 09:31:55,902 - Quantum Trading Bot - INFO - HOLD signal for NVDA (score: 0.5370, source: quantum)
2025-04-03 09:31:55,908 - Quantum Trading Bot - INFO - Performance metrics saved: 40/72 winning trades
2025-04-03 09:31:55,908 - Quantum Trading Bot - INFO - Quantum prediction accuracy: 0.00
2025-04-03 09:31:55,908 - Quantum Trading Bot - INFO - Sleeping for 60 seconds
2025-04-03 09:48:53,497 - Trading System - INFO - Trading Bot is alive: True
2025-04-03 09:48:53,498 - Trading System - INFO - Monitor Bot is alive: True
2025-04-03 09:48:53,499 - Trading System - INFO - Improvement Bot is alive: True
2025-04-03 09:48:53,806 - Quantum Trading Bot - INFO - Starting trading cycle
2025-04-03 09:48:53,807 - Quantum Trading Bot - INFO - Processing AAPL
2025-04-03 09:48:53,807 - Quantum Trading Bot - INFO - Mock halal compliance check for AAPL: COMPLIANT
2025-04-03 09:48:53,828 - Quantum Trading Bot - INFO - Quantum device error rate: 0.0282
2025-04-03 09:48:53,832 - Quantum Trading Bot - INFO - Quantum prediction for AAPL: 0.8250 (confidence: 0.9718)
2025-04-03 09:48:53,832 - Quantum Trading Bot - INFO - Trading signal for AAPL: 0.8250 (source: quantum)
2025-04-03 09:48:53,832 - Quantum Trading Bot - INFO - HOLD signal for AAPL (score: 0.8250, source: quantum)
2025-04-03 09:48:53,833 - Quantum Trading Bot - INFO - Processing MSFT
2025-04-03 09:48:53,833 - Quantum Trading Bot - INFO - Mock halal compliance check for MSFT: COMPLIANT
2025-04-03 09:48:53,843 - Quantum Trading Bot - INFO - Quantum device error rate: 0.0477
2025-04-03 09:48:53,846 - Quantum Trading Bot - INFO - Quantum prediction for MSFT: 0.2160 (confidence: 0.9523)
2025-04-03 09:48:53,846 - Quantum Trading Bot - INFO - Trading signal for MSFT: 0.2160 (source: quantum)
2025-04-03 09:48:53,846 - Quantum Trading Bot - INFO - SELL signal for MSFT (score: 0.2160, source: quantum)
2025-04-03 09:48:53,847 - Quantum Trading Bot - WARNING - Cannot sell MSFT - no position
2025-04-03 09:48:53,847 - Quantum Trading Bot - INFO - Processing NVDA
2025-04-03 09:48:53,847 - Quantum Trading Bot - INFO - Mock halal compliance check for NVDA: COMPLIANT
2025-04-03 09:48:53,856 - Quantum Trading Bot - INFO - Quantum device error rate: 0.0411
2025-04-03 09:48:53,858 - Quantum Trading Bot - INFO - Quantum prediction for NVDA: 0.2130 (confidence: 0.9589)
2025-04-03 09:48:53,858 - Quantum Trading Bot - INFO - Trading signal for NVDA: 0.2130 (source: quantum)
2025-04-03 09:48:53,858 - Quantum Trading Bot - INFO - SELL signal for NVDA (score: 0.2130, source: quantum)
2025-04-03 09:48:53,858 - Quantum Trading Bot - WARNING - Cannot sell NVDA - no position
2025-04-03 09:48:53,864 - Quantum Trading Bot - INFO - Performance metrics saved: 40/72 winning trades
2025-04-03 09:48:53,864 - Quantum Trading Bot - INFO - Quantum prediction accuracy: 0.00
2025-04-03 09:48:53,864 - Quantum Trading Bot - INFO - Sleeping for 60 seconds
2025-04-03 09:48:54,294 - Monitor Bot - INFO - Running scheduled task: Performance Metrics
2025-04-03 09:48:54,300 - Monitor Bot - INFO - === Performance Metrics ===
2025-04-03 09:48:54,300 - Monitor Bot - INFO - Date: 2025-04-03T09:48:53.859263
2025-04-03 09:48:54,300 - Monitor Bot - INFO - Total Trades: 72
2025-04-03 09:48:54,300 - Monitor Bot - INFO - Win Rate: 55.56%
2025-04-03 09:48:54,300 - Monitor Bot - INFO - Total Profit: $18.27
2025-04-03 09:48:54,300 - Monitor Bot - INFO - Average Profit per Trade: $0.25
2025-04-03 09:48:54,300 - Monitor Bot - INFO - Average Profit Percentage: 0.09%
2025-04-03 09:48:54,300 - Monitor Bot - INFO - Maximum Drawdown: 0.10%
2025-04-03 09:48:54,300 - Monitor Bot - INFO - Quantum Prediction Accuracy: 0.00%
2025-04-03 09:48:54,301 - Monitor Bot - INFO - ============================
2025-04-03 09:48:54,306 - Monitor Bot - INFO - Task Performance Metrics completed successfully
2025-04-03 10:06:13,906 - Trading System - INFO - Trading Bot is alive: True
2025-04-03 10:06:13,908 - Trading System - INFO - Monitor Bot is alive: True
2025-04-03 10:06:13,908 - Trading System - INFO - Improvement Bot is alive: True
2025-04-03 10:06:14,272 - Quantum Trading Bot - INFO - Starting trading cycle
2025-04-03 10:06:14,272 - Quantum Trading Bot - INFO - Processing AAPL
2025-04-03 10:06:14,272 - Quantum Trading Bot - INFO - Mock halal compliance check for AAPL: COMPLIANT
2025-04-03 10:06:14,295 - Quantum Trading Bot - INFO - Quantum device error rate: 0.0417
2025-04-03 10:06:14,300 - Quantum Trading Bot - INFO - Quantum prediction for AAPL: 0.5370 (confidence: 0.7666)
2025-04-03 10:06:14,300 - Quantum Trading Bot - INFO - Trading signal for AAPL: 0.5370 (source: quantum)
2025-04-03 10:06:14,301 - Quantum Trading Bot - INFO - HOLD signal for AAPL (score: 0.5370, source: quantum)
2025-04-03 10:06:14,301 - Quantum Trading Bot - INFO - Processing MSFT
2025-04-03 10:06:14,301 - Quantum Trading Bot - INFO - Mock halal compliance check for MSFT: COMPLIANT
2025-04-03 10:06:14,312 - Quantum Trading Bot - INFO - Quantum device error rate: 0.0312
2025-04-03 10:06:14,315 - Quantum Trading Bot - INFO - Quantum prediction for MSFT: 0.2630 (confidence: 0.9688)
2025-04-03 10:06:14,315 - Quantum Trading Bot - INFO - Trading signal for MSFT: 0.2630 (source: quantum)
2025-04-03 10:06:14,315 - Quantum Trading Bot - INFO - SELL signal for MSFT (score: 0.2630, source: quantum)
2025-04-03 10:06:14,315 - Quantum Trading Bot - WARNING - Cannot sell MSFT - no position
2025-04-03 10:06:14,316 - Quantum Trading Bot - INFO - Processing NVDA
2025-04-03 10:06:14,316 - Quantum Trading Bot - INFO - Mock halal compliance check for NVDA: COMPLIANT
2025-04-03 10:06:14,325 - Quantum Trading Bot - INFO - Quantum device error rate: 0.0390
2025-04-03 10:06:14,327 - Quantum Trading Bot - INFO - Quantum prediction for NVDA: 0.7220 (confidence: 0.9610)
2025-04-03 10:06:14,327 - Quantum Trading Bot - INFO - Trading signal for NVDA: 0.7220 (source: quantum)
2025-04-03 10:06:14,327 - Quantum Trading Bot - INFO - HOLD signal for NVDA (score: 0.7220, source: quantum)
2025-04-03 10:06:14,333 - Quantum Trading Bot - INFO - Performance metrics saved: 40/72 winning trades
2025-04-03 10:06:14,333 - Quantum Trading Bot - INFO - Quantum prediction accuracy: 0.00
2025-04-03 10:06:14,333 - Quantum Trading Bot - INFO - Sleeping for 60 seconds
2025-04-03 10:22:45,218 - Trading System - INFO - Trading Bot is alive: True
2025-04-03 10:22:45,220 - Trading System - INFO - Monitor Bot is alive: True
2025-04-03 10:22:45,220 - Trading System - INFO - Improvement Bot is alive: True
2025-04-03 10:22:45,643 - Quantum Trading Bot - INFO - Starting trading cycle
2025-04-03 10:22:45,643 - Quantum Trading Bot - INFO - Processing AAPL
2025-04-03 10:22:45,643 - Quantum Trading Bot - INFO - Mock halal compliance check for AAPL: COMPLIANT
2025-04-03 10:22:45,667 - Quantum Trading Bot - INFO - Quantum device error rate: 0.0369
2025-04-03 10:22:45,671 - Quantum Trading Bot - INFO - Quantum prediction for AAPL: 0.6100 (confidence: 0.9631)
2025-04-03 10:22:45,671 - Quantum Trading Bot - INFO - Trading signal for AAPL: 0.6100 (source: quantum)
2025-04-03 10:22:45,671 - Quantum Trading Bot - INFO - HOLD signal for AAPL (score: 0.6100, source: quantum)
2025-04-03 10:22:45,671 - Quantum Trading Bot - INFO - Processing MSFT
2025-04-03 10:22:45,671 - Quantum Trading Bot - INFO - Mock halal compliance check for MSFT: COMPLIANT
2025-04-03 10:22:45,683 - Quantum Trading Bot - INFO - Quantum device error rate: 0.0333
2025-04-03 10:22:45,686 - Quantum Trading Bot - INFO - Quantum prediction for MSFT: 0.5670 (confidence: 0.7734)
2025-04-03 10:22:45,686 - Quantum Trading Bot - INFO - Trading signal for MSFT: 0.5670 (source: quantum)
2025-04-03 10:22:45,686 - Quantum Trading Bot - INFO - HOLD signal for MSFT (score: 0.5670, source: quantum)
2025-04-03 10:22:45,686 - Quantum Trading Bot - INFO - Processing NVDA
2025-04-03 10:22:45,686 - Quantum Trading Bot - INFO - Mock halal compliance check for NVDA: COMPLIANT
2025-04-03 10:22:45,695 - Quantum Trading Bot - INFO - Quantum device error rate: 0.0456
2025-04-03 10:22:45,697 - Quantum Trading Bot - INFO - Quantum prediction for NVDA: 0.3450 (confidence: 0.9544)
2025-04-03 10:22:45,697 - Quantum Trading Bot - INFO - Trading signal for NVDA: 0.3450 (source: quantum)
2025-04-03 10:22:45,697 - Quantum Trading Bot - INFO - HOLD signal for NVDA (score: 0.3450, source: quantum)
2025-04-03 10:22:45,703 - Quantum Trading Bot - INFO - Performance metrics saved: 40/72 winning trades
2025-04-03 10:22:45,703 - Quantum Trading Bot - INFO - Quantum prediction accuracy: 0.00
2025-04-03 10:22:45,703 - Quantum Trading Bot - INFO - Sleeping for 60 seconds
2025-04-03 10:31:39,183 - Trading System - INFO - Trading Bot is alive: True
2025-04-03 10:31:39,185 - Trading System - INFO - Monitor Bot is alive: True
2025-04-03 10:31:39,185 - Trading System - INFO - Improvement Bot is alive: True
2025-04-03 10:31:39,666 - Quantum Trading Bot - INFO - Starting trading cycle
2025-04-03 10:31:39,666 - Quantum Trading Bot - INFO - Processing AAPL
2025-04-03 10:31:39,667 - Quantum Trading Bot - INFO - Mock halal compliance check for AAPL: COMPLIANT
2025-04-03 10:31:39,690 - Quantum Trading Bot - INFO - Quantum device error rate: 0.0279
2025-04-03 10:31:39,693 - Quantum Trading Bot - INFO - Quantum prediction for AAPL: 0.2540 (confidence: 0.9721)
2025-04-03 10:31:39,693 - Quantum Trading Bot - INFO - Trading signal for AAPL: 0.2540 (source: quantum)
2025-04-03 10:31:39,693 - Quantum Trading Bot - INFO - SELL signal for AAPL (score: 0.2540, source: quantum)
2025-04-03 10:31:39,694 - Quantum Trading Bot - WARNING - Cannot sell AAPL - no position
2025-04-03 10:31:39,695 - Quantum Trading Bot - INFO - Processing MSFT
2025-04-03 10:31:39,695 - Quantum Trading Bot - INFO - Mock halal compliance check for MSFT: COMPLIANT
2025-04-03 10:31:39,705 - Quantum Trading Bot - INFO - Quantum device error rate: 0.0345
2025-04-03 10:31:39,707 - Quantum Trading Bot - INFO - Quantum prediction for MSFT: 0.5520 (confidence: 0.7724)
2025-04-03 10:31:39,707 - Quantum Trading Bot - INFO - Trading signal for MSFT: 0.5520 (source: quantum)
2025-04-03 10:31:39,707 - Quantum Trading Bot - INFO - HOLD signal for MSFT (score: 0.5520, source: quantum)
2025-04-03 10:31:39,708 - Quantum Trading Bot - INFO - Processing NVDA
2025-04-03 10:31:39,708 - Quantum Trading Bot - INFO - Mock halal compliance check for NVDA: COMPLIANT
2025-04-03 10:31:39,716 - Quantum Trading Bot - INFO - Quantum device error rate: 0.0489
2025-04-03 10:31:39,718 - Quantum Trading Bot - INFO - Quantum prediction for NVDA: 0.1670 (confidence: 0.9511)
2025-04-03 10:31:39,718 - Quantum Trading Bot - INFO - Trading signal for NVDA: 0.1670 (source: quantum)
2025-04-03 10:31:39,719 - Quantum Trading Bot - INFO - SELL signal for NVDA (score: 0.1670, source: quantum)
2025-04-03 10:31:39,719 - Quantum Trading Bot - WARNING - Cannot sell NVDA - no position
2025-04-03 10:31:39,725 - Quantum Trading Bot - INFO - Performance metrics saved: 40/72 winning trades
2025-04-03 10:31:39,725 - Quantum Trading Bot - INFO - Quantum prediction accuracy: 0.00
2025-04-03 10:31:39,725 - Quantum Trading Bot - INFO - Sleeping for 60 seconds
2025-04-03 10:47:55,201 - Trading System - INFO - Trading Bot is alive: True
2025-04-03 10:47:55,202 - Trading System - INFO - Monitor Bot is alive: True
2025-04-03 10:47:55,202 - Trading System - INFO - Improvement Bot is alive: True
2025-04-03 10:47:55,741 - Quantum Trading Bot - INFO - Starting trading cycle
2025-04-03 10:47:55,741 - Quantum Trading Bot - INFO - Processing AAPL
2025-04-03 10:47:55,741 - Quantum Trading Bot - INFO - Mock halal compliance check for AAPL: COMPLIANT
2025-04-03 10:47:55,765 - Quantum Trading Bot - INFO - Quantum device error rate: 0.0423
2025-04-03 10:47:55,768 - Quantum Trading Bot - INFO - Quantum prediction for AAPL: 0.5930 (confidence: 0.7662)
2025-04-03 10:47:55,769 - Quantum Trading Bot - INFO - Trading signal for AAPL: 0.5930 (source: quantum)
2025-04-03 10:47:55,769 - Quantum Trading Bot - INFO - HOLD signal for AAPL (score: 0.5930, source: quantum)
2025-04-03 10:47:55,769 - Quantum Trading Bot - INFO - Processing MSFT
2025-04-03 10:47:55,769 - Quantum Trading Bot - INFO - Mock halal compliance check for MSFT: COMPLIANT
2025-04-03 10:47:55,780 - Quantum Trading Bot - INFO - Quantum device error rate: 0.0387
2025-04-03 10:47:55,783 - Quantum Trading Bot - INFO - Quantum prediction for MSFT: 0.6730 (confidence: 0.9613)
2025-04-03 10:47:55,783 - Quantum Trading Bot - INFO - Trading signal for MSFT: 0.6730 (source: quantum)
2025-04-03 10:47:55,783 - Quantum Trading Bot - INFO - HOLD signal for MSFT (score: 0.6730, source: quantum)
2025-04-03 10:47:55,783 - Quantum Trading Bot - INFO - Processing NVDA
2025-04-03 10:47:55,783 - Quantum Trading Bot - INFO - Mock halal compliance check for NVDA: COMPLIANT
2025-04-03 10:47:55,792 - Quantum Trading Bot - INFO - Quantum device error rate: 0.0438
2025-04-03 10:47:55,794 - Quantum Trading Bot - INFO - Quantum prediction for NVDA: 0.3160 (confidence: 0.9562)
2025-04-03 10:47:55,794 - Quantum Trading Bot - INFO - Trading signal for NVDA: 0.3160 (source: quantum)
2025-04-03 10:47:55,794 - Quantum Trading Bot - INFO - HOLD signal for NVDA (score: 0.3160, source: quantum)
2025-04-03 10:47:55,800 - Quantum Trading Bot - INFO - Performance metrics saved: 40/72 winning trades
2025-04-03 10:47:55,800 - Quantum Trading Bot - INFO - Quantum prediction accuracy: 0.00
2025-04-03 10:47:55,800 - Quantum Trading Bot - INFO - Sleeping for 60 seconds
2025-04-03 11:01:35,541 - Trading System - INFO - Trading Bot is alive: True
2025-04-03 11:01:35,542 - Trading System - INFO - Monitor Bot is alive: True
2025-04-03 11:01:35,543 - Trading System - INFO - Improvement Bot is alive: True
2025-04-03 11:01:36,138 - Quantum Trading Bot - INFO - Starting trading cycle
2025-04-03 11:01:36,139 - Quantum Trading Bot - INFO - Processing AAPL
2025-04-03 11:01:36,139 - Quantum Trading Bot - INFO - Mock halal compliance check for AAPL: COMPLIANT
2025-04-03 11:01:36,164 - Quantum Trading Bot - INFO - Quantum device error rate: 0.0444
2025-04-03 11:01:36,168 - Quantum Trading Bot - INFO - Quantum prediction for AAPL: 0.6050 (confidence: 0.9556)
2025-04-03 11:01:36,168 - Quantum Trading Bot - INFO - Trading signal for AAPL: 0.6050 (source: quantum)
2025-04-03 11:01:36,168 - Quantum Trading Bot - INFO - HOLD signal for AAPL (score: 0.6050, source: quantum)
2025-04-03 11:01:36,169 - Quantum Trading Bot - INFO - Processing MSFT
2025-04-03 11:01:36,169 - Quantum Trading Bot - INFO - Mock halal compliance check for MSFT: COMPLIANT
2025-04-03 11:01:36,181 - Quantum Trading Bot - INFO - Quantum device error rate: 0.0507
2025-04-03 11:01:36,190 - Quantum Trading Bot - INFO - Quantum prediction for MSFT: 0.2621 (confidence: 0.9493)
2025-04-03 11:01:36,190 - Quantum Trading Bot - INFO - Trading signal for MSFT: 0.2621 (source: quantum)
2025-04-03 11:01:36,190 - Quantum Trading Bot - INFO - SELL signal for MSFT (score: 0.2621, source: quantum)
2025-04-03 11:01:36,190 - Quantum Trading Bot - WARNING - Cannot sell MSFT - no position
2025-04-03 11:01:36,191 - Quantum Trading Bot - INFO - Processing NVDA
2025-04-03 11:01:36,191 - Quantum Trading Bot - INFO - Mock halal compliance check for NVDA: COMPLIANT
2025-04-03 11:01:36,199 - Quantum Trading Bot - INFO - Quantum device error rate: 0.0432
2025-04-03 11:01:36,201 - Quantum Trading Bot - INFO - Quantum prediction for NVDA: 0.1300 (confidence: 0.9568)
2025-04-03 11:01:36,201 - Quantum Trading Bot - INFO - Trading signal for NVDA: 0.1300 (source: quantum)
2025-04-03 11:01:36,201 - Quantum Trading Bot - INFO - SELL signal for NVDA (score: 0.1300, source: quantum)
2025-04-03 11:01:36,202 - Quantum Trading Bot - WARNING - Cannot sell NVDA - no position
2025-04-03 11:01:36,207 - Quantum Trading Bot - INFO - Performance metrics saved: 40/72 winning trades
2025-04-03 11:01:36,207 - Quantum Trading Bot - INFO - Quantum prediction accuracy: 0.00
2025-04-03 11:01:36,208 - Quantum Trading Bot - INFO - Sleeping for 60 seconds
2025-04-03 11:01:36,345 - Monitor Bot - INFO - Running scheduled task: Performance Metrics
2025-04-03 11:01:36,348 - Monitor Bot - INFO - === Performance Metrics ===
2025-04-03 11:01:36,348 - Monitor Bot - INFO - Date: 2025-04-03T11:01:36.202809
2025-04-03 11:01:36,348 - Monitor Bot - INFO - Total Trades: 72
2025-04-03 11:01:36,348 - Monitor Bot - INFO - Win Rate: 55.56%
2025-04-03 11:01:36,348 - Monitor Bot - INFO - Total Profit: $18.27
2025-04-03 11:01:36,349 - Monitor Bot - INFO - Average Profit per Trade: $0.25
2025-04-03 11:01:36,349 - Monitor Bot - INFO - Average Profit Percentage: 0.09%
2025-04-03 11:01:36,349 - Monitor Bot - INFO - Maximum Drawdown: 0.10%
2025-04-03 11:01:36,349 - Monitor Bot - INFO - Quantum Prediction Accuracy: 0.00%
2025-04-03 11:01:36,349 - Monitor Bot - INFO - ============================
2025-04-03 11:01:36,352 - Monitor Bot - INFO - Task Performance Metrics completed successfully
2025-04-03 11:18:48,423 - Trading System - INFO - Trading Bot is alive: True
2025-04-03 11:18:48,424 - Trading System - INFO - Monitor Bot is alive: True
2025-04-03 11:18:48,424 - Trading System - INFO - Improvement Bot is alive: True
2025-04-03 11:18:49,091 - Quantum Trading Bot - INFO - Starting trading cycle
2025-04-03 11:18:49,092 - Quantum Trading Bot - INFO - Processing AAPL
2025-04-03 11:18:49,092 - Quantum Trading Bot - INFO - Mock halal compliance check for AAPL: COMPLIANT
2025-04-03 11:18:49,115 - Quantum Trading Bot - INFO - Quantum device error rate: 0.0345
2025-04-03 11:18:49,119 - Quantum Trading Bot - INFO - Quantum prediction for AAPL: 0.6300 (confidence: 0.9655)
2025-04-03 11:18:49,119 - Quantum Trading Bot - INFO - Trading signal for AAPL: 0.6300 (source: quantum)
2025-04-03 11:18:49,120 - Quantum Trading Bot - INFO - HOLD signal for AAPL (score: 0.6300, source: quantum)
2025-04-03 11:18:49,120 - Quantum Trading Bot - INFO - Processing MSFT
2025-04-03 11:18:49,120 - Quantum Trading Bot - INFO - Mock halal compliance check for MSFT: COMPLIANT
2025-04-03 11:18:49,132 - Quantum Trading Bot - INFO - Quantum device error rate: 0.0384
2025-04-03 11:18:49,134 - Quantum Trading Bot - INFO - Quantum prediction for MSFT: 0.2160 (confidence: 0.9616)
2025-04-03 11:18:49,134 - Quantum Trading Bot - INFO - Trading signal for MSFT: 0.2160 (source: quantum)
2025-04-03 11:18:49,134 - Quantum Trading Bot - INFO - SELL signal for MSFT (score: 0.2160, source: quantum)
2025-04-03 11:18:49,135 - Quantum Trading Bot - WARNING - Cannot sell MSFT - no position
2025-04-03 11:18:49,136 - Quantum Trading Bot - INFO - Processing NVDA
2025-04-03 11:18:49,136 - Quantum Trading Bot - INFO - Mock halal compliance check for NVDA: COMPLIANT
2025-04-03 11:18:49,145 - Quantum Trading Bot - INFO - Quantum device error rate: 0.0291
2025-04-03 11:18:49,147 - Quantum Trading Bot - INFO - Quantum prediction for NVDA: 0.7510 (confidence: 0.9709)
2025-04-03 11:18:49,147 - Quantum Trading Bot - INFO - Trading signal for NVDA: 0.7510 (source: quantum)
2025-04-03 11:18:49,147 - Quantum Trading Bot - INFO - HOLD signal for NVDA (score: 0.7510, source: quantum)
2025-04-03 11:18:49,153 - Quantum Trading Bot - INFO - Performance metrics saved: 40/72 winning trades
2025-04-03 11:18:49,153 - Quantum Trading Bot - INFO - Quantum prediction accuracy: 0.00
2025-04-03 11:18:49,153 - Quantum Trading Bot - INFO - Sleeping for 60 seconds
2025-04-03 11:51:47,206 - Trading System - INFO - Trading Bot is alive: True
2025-04-03 11:51:47,207 - Trading System - INFO - Monitor Bot is alive: True
2025-04-03 11:51:47,207 - Trading System - INFO - Improvement Bot is alive: True
2025-04-03 11:51:47,935 - Quantum Trading Bot - INFO - Starting trading cycle
2025-04-03 11:51:47,935 - Quantum Trading Bot - INFO - Processing AAPL
2025-04-03 11:51:47,935 - Quantum Trading Bot - INFO - Mock halal compliance check for AAPL: COMPLIANT
2025-04-03 11:51:47,958 - Quantum Trading Bot - INFO - Quantum device error rate: 0.0378
2025-04-03 11:51:47,961 - Quantum Trading Bot - INFO - Quantum prediction for AAPL: 0.8710 (confidence: 0.9622)
2025-04-03 11:51:47,961 - Quantum Trading Bot - INFO - Trading signal for AAPL: 0.8710 (source: quantum)
2025-04-03 11:51:47,961 - Quantum Trading Bot - INFO - HOLD signal for AAPL (score: 0.8710, source: quantum)
2025-04-03 11:51:47,962 - Quantum Trading Bot - INFO - Processing MSFT
2025-04-03 11:51:47,962 - Quantum Trading Bot - INFO - Mock halal compliance check for MSFT: COMPLIANT
2025-04-03 11:51:47,973 - Quantum Trading Bot - INFO - Quantum device error rate: 0.0393
2025-04-03 11:51:47,975 - Quantum Trading Bot - INFO - Quantum prediction for MSFT: 0.9000 (confidence: 0.9607)
2025-04-03 11:51:47,975 - Quantum Trading Bot - INFO - Trading signal for MSFT: 0.9000 (source: quantum)
2025-04-03 11:51:47,975 - Quantum Trading Bot - INFO - HOLD signal for MSFT (score: 0.9000, source: quantum)
2025-04-03 11:51:47,976 - Quantum Trading Bot - INFO - Processing NVDA
2025-04-03 11:51:47,976 - Quantum Trading Bot - INFO - Mock halal compliance check for NVDA: COMPLIANT
2025-04-03 11:51:47,985 - Quantum Trading Bot - INFO - Quantum device error rate: 0.0399
2025-04-03 11:51:47,987 - Quantum Trading Bot - INFO - Quantum prediction for NVDA: 0.5210 (confidence: 0.7681)
2025-04-03 11:51:47,987 - Quantum Trading Bot - INFO - Trading signal for NVDA: 0.5210 (source: quantum)
2025-04-03 11:51:47,987 - Quantum Trading Bot - INFO - HOLD signal for NVDA (score: 0.5210, source: quantum)
2025-04-03 11:51:47,993 - Quantum Trading Bot - INFO - Performance metrics saved: 40/72 winning trades
2025-04-03 11:51:47,993 - Quantum Trading Bot - INFO - Quantum prediction accuracy: 0.00
2025-04-03 11:51:47,993 - Quantum Trading Bot - INFO - Sleeping for 60 seconds
2025-04-03 11:51:48,018 - Monitor Bot - INFO - Running scheduled task: Quantum System Health Check
2025-04-03 11:51:48,018 - Monitor Bot - INFO - Monitoring quantum system health
2025-04-03 11:51:48,018 - Monitor Bot - INFO - Average quantum error rate: 0.0369
2025-04-03 11:51:48,018 - Monitor Bot - INFO - Task Quantum System Health Check completed successfully
2025-04-03 12:02:08,971 - Trading System - INFO - Trading Bot is alive: True
2025-04-03 12:02:08,971 - Trading System - INFO - Monitor Bot is alive: True
2025-04-03 12:02:08,971 - Trading System - INFO - Improvement Bot is alive: True
2025-04-03 12:02:09,756 - Quantum Trading Bot - INFO - Starting trading cycle
2025-04-03 12:02:09,756 - Quantum Trading Bot - INFO - Processing AAPL
2025-04-03 12:02:09,756 - Quantum Trading Bot - INFO - Mock halal compliance check for AAPL: COMPLIANT
2025-04-03 12:02:09,780 - Quantum Trading Bot - INFO - Quantum device error rate: 0.0456
2025-04-03 12:02:09,784 - Quantum Trading Bot - INFO - Quantum prediction for AAPL: 0.7070 (confidence: 0.9544)
2025-04-03 12:02:09,784 - Monitor Bot - INFO - Running scheduled task: Performance Metrics
2025-04-03 12:02:09,784 - Quantum Trading Bot - INFO - Trading signal for AAPL: 0.7070 (source: quantum)
2025-04-03 12:02:09,784 - Quantum Trading Bot - INFO - HOLD signal for AAPL (score: 0.7070, source: quantum)
2025-04-03 12:02:09,786 - Monitor Bot - INFO - === Performance Metrics ===
2025-04-03 12:02:09,786 - Monitor Bot - INFO - Date: 2025-04-03T11:51:47.987667
2025-04-03 12:02:09,786 - Monitor Bot - INFO - Total Trades: 72
2025-04-03 12:02:09,786 - Monitor Bot - INFO - Win Rate: 55.56%
2025-04-03 12:02:09,786 - Monitor Bot - INFO - Total Profit: $18.27
2025-04-03 12:02:09,786 - Monitor Bot - INFO - Average Profit per Trade: $0.25
2025-04-03 12:02:09,787 - Monitor Bot - INFO - Average Profit Percentage: 0.09%
2025-04-03 12:02:09,787 - Monitor Bot - INFO - Maximum Drawdown: 0.10%
2025-04-03 12:02:09,787 - Monitor Bot - INFO - Quantum Prediction Accuracy: 0.00%
2025-04-03 12:02:09,787 - Monitor Bot - INFO - ============================
2025-04-03 12:02:09,787 - Quantum Trading Bot - INFO - Processing MSFT
2025-04-03 12:02:09,788 - Quantum Trading Bot - INFO - Mock halal compliance check for MSFT: COMPLIANT
2025-04-03 12:02:09,792 - Monitor Bot - INFO - Task Performance Metrics completed successfully
2025-04-03 12:02:09,799 - Quantum Trading Bot - INFO - Quantum device error rate: 0.0387
2025-04-03 12:02:09,802 - Quantum Trading Bot - INFO - Quantum prediction for MSFT: 0.1440 (confidence: 0.9613)
2025-04-03 12:02:09,802 - Quantum Trading Bot - INFO - Trading signal for MSFT: 0.1440 (source: quantum)
2025-04-03 12:02:09,802 - Quantum Trading Bot - INFO - SELL signal for MSFT (score: 0.1440, source: quantum)
2025-04-03 12:02:09,803 - Quantum Trading Bot - WARNING - Cannot sell MSFT - no position
2025-04-03 12:02:09,803 - Quantum Trading Bot - INFO - Processing NVDA
2025-04-03 12:02:09,803 - Quantum Trading Bot - INFO - Mock halal compliance check for NVDA: COMPLIANT
2025-04-03 12:02:09,812 - Quantum Trading Bot - INFO - Quantum device error rate: 0.0513
2025-04-03 12:02:09,820 - Quantum Trading Bot - INFO - Quantum prediction for NVDA: 0.0693 (confidence: 0.9487)
2025-04-03 12:02:09,820 - Quantum Trading Bot - INFO - Trading signal for NVDA: 0.0693 (source: quantum)
2025-04-03 12:02:09,820 - Quantum Trading Bot - INFO - SELL signal for NVDA (score: 0.0693, source: quantum)
2025-04-03 12:02:09,821 - Quantum Trading Bot - WARNING - Cannot sell NVDA - no position
2025-04-03 12:02:09,826 - Quantum Trading Bot - INFO - Performance metrics saved: 40/72 winning trades
2025-04-03 12:02:09,826 - Quantum Trading Bot - INFO - Quantum prediction accuracy: 0.00
2025-04-03 12:02:09,826 - Quantum Trading Bot - INFO - Sleeping for 60 seconds
2025-04-03 12:18:21,857 - Trading System - INFO - Trading Bot is alive: True
2025-04-03 12:18:21,858 - Trading System - INFO - Monitor Bot is alive: True
2025-04-03 12:18:21,858 - Trading System - INFO - Improvement Bot is alive: True
2025-04-03 12:18:22,715 - Quantum Trading Bot - INFO - Starting trading cycle
2025-04-03 12:18:22,716 - Quantum Trading Bot - INFO - Processing AAPL
2025-04-03 12:18:22,716 - Quantum Trading Bot - INFO - Mock halal compliance check for AAPL: COMPLIANT
2025-04-03 12:18:22,741 - Quantum Trading Bot - INFO - Quantum device error rate: 0.0558
2025-04-03 12:18:22,753 - Quantum Trading Bot - INFO - Quantum prediction for AAPL: 0.3083 (confidence: 0.9442)
2025-04-03 12:18:22,753 - Quantum Trading Bot - INFO - Trading signal for AAPL: 0.3083 (source: quantum)
2025-04-03 12:18:22,753 - Quantum Trading Bot - INFO - HOLD signal for AAPL (score: 0.3083, source: quantum)
2025-04-03 12:18:22,754 - Quantum Trading Bot - INFO - Processing MSFT
2025-04-03 12:18:22,754 - Quantum Trading Bot - INFO - Mock halal compliance check for MSFT: COMPLIANT
2025-04-03 12:18:22,764 - Quantum Trading Bot - INFO - Quantum device error rate: 0.0360
2025-04-03 12:18:22,766 - Quantum Trading Bot - INFO - Quantum prediction for MSFT: 0.3060 (confidence: 0.9640)
2025-04-03 12:18:22,766 - Quantum Trading Bot - INFO - Trading signal for MSFT: 0.3060 (source: quantum)
2025-04-03 12:18:22,766 - Quantum Trading Bot - INFO - HOLD signal for MSFT (score: 0.3060, source: quantum)
2025-04-03 12:18:22,767 - Quantum Trading Bot - INFO - Processing NVDA
2025-04-03 12:18:22,767 - Quantum Trading Bot - INFO - Mock halal compliance check for NVDA: COMPLIANT
2025-04-03 12:18:22,775 - Quantum Trading Bot - INFO - Quantum device error rate: 0.0267
2025-04-03 12:18:22,777 - Quantum Trading Bot - INFO - Quantum prediction for NVDA: 0.4480 (confidence: 0.7786)
2025-04-03 12:18:22,777 - Quantum Trading Bot - INFO - Trading signal for NVDA: 0.4480 (source: quantum)
2025-04-03 12:18:22,777 - Quantum Trading Bot - INFO - HOLD signal for NVDA (score: 0.4480, source: quantum)
2025-04-03 12:18:22,783 - Quantum Trading Bot - INFO - Performance metrics saved: 40/72 winning trades
2025-04-03 12:18:22,783 - Quantum Trading Bot - INFO - Quantum prediction accuracy: 0.00
2025-04-03 12:18:22,783 - Quantum Trading Bot - INFO - Sleeping for 60 seconds
2025-04-03 12:34:22,784 - Trading System - INFO - Trading Bot is alive: True
2025-04-03 12:34:22,785 - Trading System - INFO - Monitor Bot is alive: True
2025-04-03 12:34:22,785 - Trading System - INFO - Improvement Bot is alive: True
2025-04-03 12:34:23,707 - Quantum Trading Bot - INFO - Starting trading cycle
2025-04-03 12:34:23,708 - Quantum Trading Bot - INFO - Processing AAPL
2025-04-03 12:34:23,708 - Quantum Trading Bot - INFO - Mock halal compliance check for AAPL: COMPLIANT
2025-04-03 12:34:23,727 - Quantum Trading Bot - INFO - Quantum device error rate: 0.0336
2025-04-03 12:34:23,732 - Quantum Trading Bot - INFO - Quantum prediction for AAPL: 0.6820 (confidence: 0.9664)
2025-04-03 12:34:23,732 - Quantum Trading Bot - INFO - Trading signal for AAPL: 0.6820 (source: quantum)
2025-04-03 12:34:23,732 - Quantum Trading Bot - INFO - HOLD signal for AAPL (score: 0.6820, source: quantum)
2025-04-03 12:34:23,732 - Quantum Trading Bot - INFO - Processing MSFT
2025-04-03 12:34:23,732 - Quantum Trading Bot - INFO - Mock halal compliance check for MSFT: COMPLIANT
2025-04-03 12:34:23,745 - Quantum Trading Bot - INFO - Quantum device error rate: 0.0615
2025-04-03 12:34:23,754 - Quantum Trading Bot - INFO - Quantum prediction for MSFT: 0.5882 (confidence: 0.7508)
2025-04-03 12:34:23,754 - Quantum Trading Bot - INFO - Trading signal for MSFT: 0.5882 (source: quantum)
2025-04-03 12:34:23,754 - Quantum Trading Bot - INFO - HOLD signal for MSFT (score: 0.5882, source: quantum)
2025-04-03 12:34:23,755 - Quantum Trading Bot - INFO - Processing NVDA
2025-04-03 12:34:23,755 - Quantum Trading Bot - INFO - Mock halal compliance check for NVDA: COMPLIANT
2025-04-03 12:34:23,764 - Quantum Trading Bot - INFO - Quantum device error rate: 0.0333
2025-04-03 12:34:23,766 - Quantum Trading Bot - INFO - Quantum prediction for NVDA: 0.4150 (confidence: 0.7734)
2025-04-03 12:34:23,766 - Quantum Trading Bot - INFO - Trading signal for NVDA: 0.4150 (source: quantum)
2025-04-03 12:34:23,766 - Quantum Trading Bot - INFO - HOLD signal for NVDA (score: 0.4150, source: quantum)
2025-04-03 12:34:23,772 - Quantum Trading Bot - INFO - Performance metrics saved: 40/72 winning trades
2025-04-03 12:34:23,772 - Quantum Trading Bot - INFO - Quantum prediction accuracy: 0.00
2025-04-03 12:34:23,772 - Quantum Trading Bot - INFO - Sleeping for 60 seconds
2025-04-03 12:51:03,701 - Trading System - INFO - Trading Bot is alive: True
2025-04-03 12:51:03,703 - Trading System - INFO - Monitor Bot is alive: True
2025-04-03 12:51:03,703 - Trading System - INFO - Improvement Bot is alive: True
2025-04-03 12:51:04,688 - Quantum Trading Bot - INFO - Starting trading cycle
2025-04-03 12:51:04,688 - Quantum Trading Bot - INFO - Processing AAPL
2025-04-03 12:51:04,689 - Quantum Trading Bot - INFO - Mock halal compliance check for AAPL: COMPLIANT
2025-04-03 12:51:04,714 - Quantum Trading Bot - INFO - Quantum device error rate: 0.0363
2025-04-03 12:51:04,718 - Quantum Trading Bot - INFO - Quantum prediction for AAPL: 0.2970 (confidence: 0.9637)
2025-04-03 12:51:04,718 - Quantum Trading Bot - INFO - Trading signal for AAPL: 0.2970 (source: quantum)
2025-04-03 12:51:04,719 - Quantum Trading Bot - INFO - SELL signal for AAPL (score: 0.2970, source: quantum)
2025-04-03 12:51:04,720 - Quantum Trading Bot - WARNING - Cannot sell AAPL - no position
2025-04-03 12:51:04,721 - Quantum Trading Bot - INFO - Processing MSFT
2025-04-03 12:51:04,721 - Quantum Trading Bot - INFO - Mock halal compliance check for MSFT: COMPLIANT
2025-04-03 12:51:04,733 - Quantum Trading Bot - INFO - Quantum device error rate: 0.0333
2025-04-03 12:51:04,735 - Quantum Trading Bot - INFO - Quantum prediction for MSFT: 0.7270 (confidence: 0.9667)
2025-04-03 12:51:04,735 - Quantum Trading Bot - INFO - Trading signal for MSFT: 0.7270 (source: quantum)
2025-04-03 12:51:04,735 - Quantum Trading Bot - INFO - HOLD signal for MSFT (score: 0.7270, source: quantum)
2025-04-03 12:51:04,736 - Quantum Trading Bot - INFO - Processing NVDA
2025-04-03 12:51:04,736 - Quantum Trading Bot - INFO - Mock halal compliance check for NVDA: COMPLIANT
2025-04-03 12:51:04,745 - Quantum Trading Bot - INFO - Quantum device error rate: 0.0231
2025-04-03 12:51:04,747 - Quantum Trading Bot - INFO - Quantum prediction for NVDA: 0.7660 (confidence: 0.9769)
2025-04-03 12:51:04,747 - Quantum Trading Bot - INFO - Trading signal for NVDA: 0.7660 (source: quantum)
2025-04-03 12:51:04,747 - Quantum Trading Bot - INFO - HOLD signal for NVDA (score: 0.7660, source: quantum)
2025-04-03 12:51:04,753 - Quantum Trading Bot - INFO - Performance metrics saved: 40/72 winning trades
2025-04-03 12:51:04,753 - Quantum Trading Bot - INFO - Quantum prediction accuracy: 0.00
2025-04-03 12:51:04,753 - Quantum Trading Bot - INFO - Sleeping for 60 seconds
2025-04-03 13:03:44,915 - Trading System - INFO - Trading Bot is alive: True
2025-04-03 13:03:44,917 - Trading System - INFO - Monitor Bot is alive: True
2025-04-03 13:03:44,918 - Trading System - INFO - Improvement Bot is alive: True
2025-04-03 13:03:45,738 - Monitor Bot - INFO - Running scheduled task: Performance Metrics
2025-04-03 13:03:45,742 - Monitor Bot - INFO - === Performance Metrics ===
2025-04-03 13:03:45,742 - Monitor Bot - INFO - Date: 2025-04-03T12:51:04.748015
2025-04-03 13:03:45,742 - Monitor Bot - INFO - Total Trades: 72
2025-04-03 13:03:45,742 - Monitor Bot - INFO - Win Rate: 55.56%
2025-04-03 13:03:45,742 - Monitor Bot - INFO - Total Profit: $18.27
2025-04-03 13:03:45,743 - Monitor Bot - INFO - Average Profit per Trade: $0.25
2025-04-03 13:03:45,743 - Monitor Bot - INFO - Average Profit Percentage: 0.09%
2025-04-03 13:03:45,743 - Monitor Bot - INFO - Maximum Drawdown: 0.10%
2025-04-03 13:03:45,743 - Monitor Bot - INFO - Quantum Prediction Accuracy: 0.00%
2025-04-03 13:03:45,743 - Monitor Bot - INFO - ============================
2025-04-03 13:03:45,747 - Monitor Bot - INFO - Task Performance Metrics completed successfully
2025-04-03 13:03:45,965 - Quantum Trading Bot - INFO - Starting trading cycle
2025-04-03 13:03:45,966 - Quantum Trading Bot - INFO - Processing AAPL
2025-04-03 13:03:45,966 - Quantum Trading Bot - INFO - Mock halal compliance check for AAPL: COMPLIANT
2025-04-03 13:03:45,991 - Quantum Trading Bot - INFO - Quantum device error rate: 0.0348
2025-04-03 13:03:45,996 - Quantum Trading Bot - INFO - Quantum prediction for AAPL: 0.7060 (confidence: 0.9652)
2025-04-03 13:03:45,996 - Quantum Trading Bot - INFO - Trading signal for AAPL: 0.7060 (source: quantum)
2025-04-03 13:03:45,996 - Quantum Trading Bot - INFO - HOLD signal for AAPL (score: 0.7060, source: quantum)
2025-04-03 13:03:45,996 - Quantum Trading Bot - INFO - Processing MSFT
2025-04-03 13:03:45,996 - Quantum Trading Bot - INFO - Mock halal compliance check for MSFT: COMPLIANT
2025-04-03 13:03:46,008 - Quantum Trading Bot - INFO - Quantum device error rate: 0.0312
2025-04-03 13:03:46,010 - Quantum Trading Bot - INFO - Quantum prediction for MSFT: 0.1300 (confidence: 0.9688)
2025-04-03 13:03:46,010 - Quantum Trading Bot - INFO - Trading signal for MSFT: 0.1300 (source: quantum)
2025-04-03 13:03:46,011 - Quantum Trading Bot - INFO - SELL signal for MSFT (score: 0.1300, source: quantum)
2025-04-03 13:03:46,011 - Quantum Trading Bot - WARNING - Cannot sell MSFT - no position
2025-04-03 13:03:46,012 - Quantum Trading Bot - INFO - Processing NVDA
2025-04-03 13:03:46,012 - Quantum Trading Bot - INFO - Mock halal compliance check for NVDA: COMPLIANT
2025-04-03 13:03:46,021 - Quantum Trading Bot - INFO - Quantum device error rate: 0.0366
2025-04-03 13:03:46,023 - Quantum Trading Bot - INFO - Quantum prediction for NVDA: 0.6660 (confidence: 0.9634)
2025-04-03 13:03:46,023 - Quantum Trading Bot - INFO - Trading signal for NVDA: 0.6660 (source: quantum)
2025-04-03 13:03:46,023 - Quantum Trading Bot - INFO - HOLD signal for NVDA (score: 0.6660, source: quantum)
2025-04-03 13:03:46,029 - Quantum Trading Bot - INFO - Performance metrics saved: 40/72 winning trades
2025-04-03 13:03:46,029 - Quantum Trading Bot - INFO - Quantum prediction accuracy: 0.00
2025-04-03 13:03:46,029 - Quantum Trading Bot - INFO - Sleeping for 60 seconds
2025-04-03 13:04:44,924 - Trading System - INFO - Trading Bot is alive: True
2025-04-03 13:04:44,925 - Trading System - INFO - Monitor Bot is alive: True
2025-04-03 13:04:44,925 - Trading System - INFO - Improvement Bot is alive: True
2025-04-03 13:04:46,039 - Quantum Trading Bot - INFO - Starting trading cycle
2025-04-03 13:04:46,039 - Quantum Trading Bot - INFO - Processing AAPL
2025-04-03 13:04:46,040 - Quantum Trading Bot - INFO - Mock halal compliance check for AAPL: COMPLIANT
2025-04-03 13:04:46,061 - Quantum Trading Bot - INFO - Quantum device error rate: 0.0369
2025-04-03 13:04:46,064 - Quantum Trading Bot - INFO - Quantum prediction for AAPL: 0.5260 (confidence: 0.7705)
2025-04-03 13:04:46,065 - Quantum Trading Bot - INFO - Trading signal for AAPL: 0.5260 (source: quantum)
2025-04-03 13:04:46,065 - Quantum Trading Bot - INFO - HOLD signal for AAPL (score: 0.5260, source: quantum)
2025-04-03 13:04:46,065 - Quantum Trading Bot - INFO - Processing MSFT
2025-04-03 13:04:46,065 - Quantum Trading Bot - INFO - Mock halal compliance check for MSFT: COMPLIANT
2025-04-03 13:04:46,076 - Quantum Trading Bot - INFO - Quantum device error rate: 0.0249
2025-04-03 13:04:46,078 - Quantum Trading Bot - INFO - Quantum prediction for MSFT: 0.8160 (confidence: 0.9751)
2025-04-03 13:04:46,078 - Quantum Trading Bot - INFO - Trading signal for MSFT: 0.8160 (source: quantum)
2025-04-03 13:04:46,078 - Quantum Trading Bot - INFO - HOLD signal for MSFT (score: 0.8160, source: quantum)
2025-04-03 13:04:46,079 - Quantum Trading Bot - INFO - Processing NVDA
2025-04-03 13:04:46,079 - Quantum Trading Bot - INFO - Mock halal compliance check for NVDA: COMPLIANT
2025-04-03 13:04:46,087 - Quantum Trading Bot - INFO - Quantum device error rate: 0.0537
2025-04-03 13:04:46,095 - Quantum Trading Bot - INFO - Quantum prediction for NVDA: 0.7958 (confidence: 0.9463)
2025-04-03 13:04:46,095 - Quantum Trading Bot - INFO - Trading signal for NVDA: 0.7958 (source: quantum)
2025-04-03 13:04:46,095 - Quantum Trading Bot - INFO - HOLD signal for NVDA (score: 0.7958, source: quantum)
2025-04-03 13:04:46,101 - Quantum Trading Bot - INFO - Performance metrics saved: 40/72 winning trades
2025-04-03 13:04:46,101 - Quantum Trading Bot - INFO - Quantum prediction accuracy: 0.00
2025-04-03 13:04:46,101 - Quantum Trading Bot - INFO - Sleeping for 60 seconds
2025-04-03 13:21:36,293 - Trading System - INFO - Trading Bot is alive: True
2025-04-03 13:21:36,294 - Trading System - INFO - Monitor Bot is alive: True
2025-04-03 13:21:36,294 - Trading System - INFO - Improvement Bot is alive: True
2025-04-03 13:21:37,468 - Quantum Trading Bot - INFO - Starting trading cycle
2025-04-03 13:21:37,468 - Quantum Trading Bot - INFO - Processing AAPL
2025-04-03 13:21:37,468 - Quantum Trading Bot - INFO - Mock halal compliance check for AAPL: COMPLIANT
2025-04-03 13:21:37,490 - Quantum Trading Bot - INFO - Quantum device error rate: 0.0420
2025-04-03 13:21:37,493 - Quantum Trading Bot - INFO - Quantum prediction for AAPL: 0.2570 (confidence: 0.9580)
2025-04-03 13:21:37,493 - Quantum Trading Bot - INFO - Trading signal for AAPL: 0.2570 (source: quantum)
2025-04-03 13:21:37,493 - Quantum Trading Bot - INFO - SELL signal for AAPL (score: 0.2570, source: quantum)
2025-04-03 13:21:37,495 - Quantum Trading Bot - WARNING - Cannot sell AAPL - no position
2025-04-03 13:21:37,495 - Quantum Trading Bot - INFO - Processing MSFT
2025-04-03 13:21:37,495 - Quantum Trading Bot - INFO - Mock halal compliance check for MSFT: COMPLIANT
2025-04-03 13:21:37,505 - Quantum Trading Bot - INFO - Quantum device error rate: 0.0456
2025-04-03 13:21:37,508 - Quantum Trading Bot - INFO - Quantum prediction for MSFT: 0.5310 (confidence: 0.7635)
2025-04-03 13:21:37,508 - Quantum Trading Bot - INFO - Trading signal for MSFT: 0.5310 (source: quantum)
2025-04-03 13:21:37,508 - Quantum Trading Bot - INFO - HOLD signal for MSFT (score: 0.5310, source: quantum)
2025-04-03 13:21:37,508 - Quantum Trading Bot - INFO - Processing NVDA
2025-04-03 13:21:37,508 - Quantum Trading Bot - INFO - Mock halal compliance check for NVDA: COMPLIANT
2025-04-03 13:21:37,517 - Quantum Trading Bot - INFO - Quantum device error rate: 0.0411
2025-04-03 13:21:37,519 - Quantum Trading Bot - INFO - Quantum prediction for NVDA: 0.9530 (confidence: 0.9589)
2025-04-03 13:21:37,519 - Quantum Trading Bot - INFO - Trading signal for NVDA: 0.9530 (source: quantum)
2025-04-03 13:21:37,519 - Quantum Trading Bot - INFO - HOLD signal for NVDA (score: 0.9530, source: quantum)
2025-04-03 13:21:37,525 - Quantum Trading Bot - INFO - Performance metrics saved: 40/72 winning trades
2025-04-03 13:21:37,525 - Quantum Trading Bot - INFO - Quantum prediction accuracy: 0.00
2025-04-03 13:21:37,536 - Quantum Trading Bot - INFO - Quantum device error rate: 0.0351
2025-04-03 13:21:37,538 - Quantum Trading Bot - INFO - Quantum portfolio optimization complete: {'AAPL': np.float64(0.3274695534506089), 'MSFT': np.float64(0.3376184032476319), 'NVDA': np.float64(0.3349120433017591)}
2025-04-03 13:21:37,538 - Quantum Trading Bot - INFO - Optimal portfolio weights: {'AAPL': np.float64(0.3274695534506089), 'MSFT': np.float64(0.3376184032476319), 'NVDA': np.float64(0.3349120433017591)}
2025-04-03 13:21:37,538 - Quantum Trading Bot - INFO - Sleeping for 60 seconds
2025-04-03 13:54:23,056 - Trading System - INFO - Trading Bot is alive: True
2025-04-03 13:54:23,057 - Trading System - INFO - Monitor Bot is alive: True
2025-04-03 13:54:23,057 - Trading System - INFO - Improvement Bot is alive: True
2025-04-03 13:54:24,303 - Quantum Trading Bot - INFO - Starting trading cycle
2025-04-03 13:54:24,303 - Quantum Trading Bot - INFO - Processing AAPL
2025-04-03 13:54:24,303 - Quantum Trading Bot - INFO - Mock halal compliance check for AAPL: COMPLIANT
2025-04-03 13:54:24,330 - Quantum Trading Bot - INFO - Quantum device error rate: 0.0423
2025-04-03 13:54:24,334 - Quantum Trading Bot - INFO - Quantum prediction for AAPL: 0.3460 (confidence: 0.9577)
2025-04-03 13:54:24,334 - Quantum Trading Bot - INFO - Trading signal for AAPL: 0.3460 (source: quantum)
2025-04-03 13:54:24,334 - Quantum Trading Bot - INFO - HOLD signal for AAPL (score: 0.3460, source: quantum)
2025-04-03 13:54:24,335 - Quantum Trading Bot - INFO - Processing MSFT
2025-04-03 13:54:24,335 - Quantum Trading Bot - INFO - Mock halal compliance check for MSFT: COMPLIANT
2025-04-03 13:54:24,346 - Quantum Trading Bot - INFO - Quantum device error rate: 0.0375
2025-04-03 13:54:24,349 - Quantum Trading Bot - INFO - Quantum prediction for MSFT: 0.3320 (confidence: 0.9625)
2025-04-03 13:54:24,349 - Quantum Trading Bot - INFO - Trading signal for MSFT: 0.3320 (source: quantum)
2025-04-03 13:54:24,349 - Quantum Trading Bot - INFO - HOLD signal for MSFT (score: 0.3320, source: quantum)
2025-04-03 13:54:24,350 - Quantum Trading Bot - INFO - Processing NVDA
2025-04-03 13:54:24,350 - Quantum Trading Bot - INFO - Mock halal compliance check for NVDA: COMPLIANT
2025-04-03 13:54:24,359 - Quantum Trading Bot - INFO - Quantum device error rate: 0.0357
2025-04-03 13:54:24,361 - Quantum Trading Bot - INFO - Quantum prediction for NVDA: 0.3050 (confidence: 0.9643)
2025-04-03 13:54:24,361 - Quantum Trading Bot - INFO - Trading signal for NVDA: 0.3050 (source: quantum)
2025-04-03 13:54:24,361 - Quantum Trading Bot - INFO - HOLD signal for NVDA (score: 0.3050, source: quantum)
2025-04-03 13:54:24,367 - Quantum Trading Bot - INFO - Performance metrics saved: 40/72 winning trades
2025-04-03 13:54:24,367 - Quantum Trading Bot - INFO - Quantum prediction accuracy: 0.00
2025-04-03 13:54:24,367 - Quantum Trading Bot - INFO - Sleeping for 60 seconds
2025-04-03 13:55:31,304 - Trading System - INFO - Trading Bot is alive: True
2025-04-03 13:55:31,305 - Trading System - INFO - Monitor Bot is alive: True
2025-04-03 13:55:31,306 - Trading System - INFO - Improvement Bot is alive: True
2025-04-03 13:55:32,612 - Quantum Trading Bot - INFO - Starting trading cycle
2025-04-03 13:55:32,612 - Quantum Trading Bot - INFO - Processing AAPL
2025-04-03 13:55:32,612 - Quantum Trading Bot - INFO - Mock halal compliance check for AAPL: COMPLIANT
2025-04-03 13:55:32,630 - Quantum Trading Bot - INFO - Quantum device error rate: 0.0423
2025-04-03 13:55:32,633 - Quantum Trading Bot - INFO - Quantum prediction for AAPL: 0.7510 (confidence: 0.9577)
2025-04-03 13:55:32,633 - Quantum Trading Bot - INFO - Trading signal for AAPL: 0.7510 (source: quantum)
2025-04-03 13:55:32,633 - Quantum Trading Bot - INFO - HOLD signal for AAPL (score: 0.7510, source: quantum)
2025-04-03 13:55:32,634 - Quantum Trading Bot - INFO - Processing MSFT
2025-04-03 13:55:32,634 - Quantum Trading Bot - INFO - Mock halal compliance check for MSFT: COMPLIANT
2025-04-03 13:55:32,642 - Quantum Trading Bot - INFO - Quantum device error rate: 0.0354
2025-04-03 13:55:32,644 - Quantum Trading Bot - INFO - Quantum prediction for MSFT: 0.3850 (confidence: 0.9646)
2025-04-03 13:55:32,645 - Quantum Trading Bot - INFO - Trading signal for MSFT: 0.3850 (source: quantum)
2025-04-03 13:55:32,645 - Quantum Trading Bot - INFO - HOLD signal for MSFT (score: 0.3850, source: quantum)
2025-04-03 13:55:32,645 - Quantum Trading Bot - INFO - Processing NVDA
2025-04-03 13:55:32,645 - Quantum Trading Bot - INFO - Mock halal compliance check for NVDA: COMPLIANT
2025-04-03 13:55:32,653 - Quantum Trading Bot - INFO - Quantum device error rate: 0.0576
2025-04-03 13:55:32,660 - Quantum Trading Bot - INFO - Quantum prediction for NVDA: 0.4293 (confidence: 0.7539)
2025-04-03 13:55:32,660 - Quantum Trading Bot - INFO - Trading signal for NVDA: 0.4293 (source: quantum)
2025-04-03 13:55:32,660 - Quantum Trading Bot - INFO - HOLD signal for NVDA (score: 0.4293, source: quantum)
2025-04-03 13:55:32,665 - Quantum Trading Bot - INFO - Performance metrics saved: 40/72 winning trades
2025-04-03 13:55:32,665 - Quantum Trading Bot - INFO - Quantum prediction accuracy: 0.00
2025-04-03 13:55:32,665 - Quantum Trading Bot - INFO - Sleeping for 60 seconds
2025-04-03 13:56:39,081 - Trading System - INFO - Trading Bot is alive: True
2025-04-03 13:56:39,082 - Trading System - INFO - Monitor Bot is alive: True
2025-04-03 13:56:39,082 - Trading System - INFO - Improvement Bot is alive: True
2025-04-03 13:56:40,440 - Quantum Trading Bot - INFO - Starting trading cycle
2025-04-03 13:56:40,441 - Quantum Trading Bot - INFO - Processing AAPL
2025-04-03 13:56:40,441 - Quantum Trading Bot - INFO - Mock halal compliance check for AAPL: COMPLIANT
2025-04-03 13:56:40,464 - Quantum Trading Bot - INFO - Quantum device error rate: 0.0474
2025-04-03 13:56:40,468 - Quantum Trading Bot - INFO - Quantum prediction for AAPL: 0.4720 (confidence: 0.7621)
2025-04-03 13:56:40,468 - Quantum Trading Bot - INFO - Trading signal for AAPL: 0.4720 (source: quantum)
2025-04-03 13:56:40,468 - Quantum Trading Bot - INFO - HOLD signal for AAPL (score: 0.4720, source: quantum)
2025-04-03 13:56:40,469 - Quantum Trading Bot - INFO - Processing MSFT
2025-04-03 13:56:40,469 - Quantum Trading Bot - INFO - Mock halal compliance check for MSFT: COMPLIANT
2025-04-03 13:56:40,479 - Quantum Trading Bot - INFO - Quantum device error rate: 0.0309
2025-04-03 13:56:40,482 - Quantum Trading Bot - INFO - Quantum prediction for MSFT: 0.4520 (confidence: 0.7753)
2025-04-03 13:56:40,482 - Quantum Trading Bot - INFO - Trading signal for MSFT: 0.4520 (source: quantum)
2025-04-03 13:56:40,482 - Quantum Trading Bot - INFO - HOLD signal for MSFT (score: 0.4520, source: quantum)
2025-04-03 13:56:40,483 - Quantum Trading Bot - INFO - Processing NVDA
2025-04-03 13:56:40,483 - Quantum Trading Bot - INFO - Mock halal compliance check for NVDA: COMPLIANT
2025-04-03 13:56:40,491 - Quantum Trading Bot - INFO - Quantum device error rate: 0.0369
2025-04-03 13:56:40,494 - Quantum Trading Bot - INFO - Quantum prediction for NVDA: 0.3540 (confidence: 0.9631)
2025-04-03 13:56:40,494 - Quantum Trading Bot - INFO - Trading signal for NVDA: 0.3540 (source: quantum)
2025-04-03 13:56:40,494 - Quantum Trading Bot - INFO - HOLD signal for NVDA (score: 0.3540, source: quantum)
2025-04-03 13:56:40,499 - Quantum Trading Bot - INFO - Performance metrics saved: 40/72 winning trades
2025-04-03 13:56:40,499 - Quantum Trading Bot - INFO - Quantum prediction accuracy: 0.00
2025-04-03 13:56:40,499 - Quantum Trading Bot - INFO - Sleeping for 60 seconds
2025-04-03 14:04:46,939 - Trading System - INFO - Trading Bot is alive: True
2025-04-03 14:04:46,939 - Trading System - INFO - Monitor Bot is alive: True
2025-04-03 14:04:46,939 - Trading System - INFO - Improvement Bot is alive: True
2025-04-03 14:04:47,771 - Monitor Bot - INFO - Running scheduled task: Performance Metrics
2025-04-03 14:04:47,777 - Monitor Bot - INFO - === Performance Metrics ===
2025-04-03 14:04:47,777 - Monitor Bot - INFO - Date: 2025-04-03T13:56:40.494641
2025-04-03 14:04:47,777 - Monitor Bot - INFO - Total Trades: 72
2025-04-03 14:04:47,777 - Monitor Bot - INFO - Win Rate: 55.56%
2025-04-03 14:04:47,777 - Monitor Bot - INFO - Total Profit: $18.27
2025-04-03 14:04:47,777 - Monitor Bot - INFO - Average Profit per Trade: $0.25
2025-04-03 14:04:47,777 - Monitor Bot - INFO - Average Profit Percentage: 0.09%
2025-04-03 14:04:47,777 - Monitor Bot - INFO - Maximum Drawdown: 0.10%
2025-04-03 14:04:47,777 - Monitor Bot - INFO - Quantum Prediction Accuracy: 0.00%
2025-04-03 14:04:47,778 - Monitor Bot - INFO - ============================
2025-04-03 14:04:47,782 - Monitor Bot - INFO - Task Performance Metrics completed successfully
2025-04-03 14:04:48,356 - Quantum Trading Bot - INFO - Starting trading cycle
2025-04-03 14:04:48,356 - Quantum Trading Bot - INFO - Processing AAPL
2025-04-03 14:04:48,356 - Quantum Trading Bot - INFO - Mock halal compliance check for AAPL: COMPLIANT
2025-04-03 14:04:48,382 - Quantum Trading Bot - INFO - Quantum device error rate: 0.0309
2025-04-03 14:04:48,387 - Quantum Trading Bot - INFO - Quantum prediction for AAPL: 0.6280 (confidence: 0.9691)
2025-04-03 14:04:48,387 - Quantum Trading Bot - INFO - Trading signal for AAPL: 0.6280 (source: quantum)
2025-04-03 14:04:48,387 - Quantum Trading Bot - INFO - HOLD signal for AAPL (score: 0.6280, source: quantum)
2025-04-03 14:04:48,388 - Quantum Trading Bot - INFO - Processing MSFT
2025-04-03 14:04:48,388 - Quantum Trading Bot - INFO - Mock halal compliance check for MSFT: COMPLIANT
2025-04-03 14:04:48,399 - Quantum Trading Bot - INFO - Quantum device error rate: 0.0390
2025-04-03 14:04:48,402 - Quantum Trading Bot - INFO - Quantum prediction for MSFT: 0.0990 (confidence: 0.9610)
2025-04-03 14:04:48,402 - Quantum Trading Bot - INFO - Trading signal for MSFT: 0.0990 (source: quantum)
2025-04-03 14:04:48,402 - Quantum Trading Bot - INFO - SELL signal for MSFT (score: 0.0990, source: quantum)
2025-04-03 14:04:48,403 - Quantum Trading Bot - WARNING - Cannot sell MSFT - no position
2025-04-03 14:04:48,404 - Quantum Trading Bot - INFO - Processing NVDA
2025-04-03 14:04:48,404 - Quantum Trading Bot - INFO - Mock halal compliance check for NVDA: COMPLIANT
2025-04-03 14:04:48,413 - Quantum Trading Bot - INFO - Quantum device error rate: 0.0279
2025-04-03 14:04:48,415 - Quantum Trading Bot - INFO - Quantum prediction for NVDA: 0.2350 (confidence: 0.9721)
2025-04-03 14:04:48,415 - Quantum Trading Bot - INFO - Trading signal for NVDA: 0.2350 (source: quantum)
2025-04-03 14:04:48,415 - Quantum Trading Bot - INFO - SELL signal for NVDA (score: 0.2350, source: quantum)
2025-04-03 14:04:48,416 - Quantum Trading Bot - WARNING - Cannot sell NVDA - no position
2025-04-03 14:04:48,421 - Quantum Trading Bot - INFO - Performance metrics saved: 40/72 winning trades
2025-04-03 14:04:48,421 - Quantum Trading Bot - INFO - Quantum prediction accuracy: 0.00
2025-04-03 14:04:48,421 - Quantum Trading Bot - INFO - Sleeping for 60 seconds
2025-04-03 14:33:06,765 - Trading System - INFO - Trading Bot is alive: True
2025-04-03 14:33:06,766 - Trading System - INFO - Monitor Bot is alive: True
2025-04-03 14:33:06,766 - Trading System - INFO - Improvement Bot is alive: True
2025-04-03 14:33:08,250 - Quantum Trading Bot - INFO - Starting trading cycle
2025-04-03 14:33:08,251 - Quantum Trading Bot - INFO - Processing AAPL
2025-04-03 14:33:08,251 - Quantum Trading Bot - INFO - Mock halal compliance check for AAPL: COMPLIANT
2025-04-03 14:33:08,273 - Quantum Trading Bot - INFO - Quantum device error rate: 0.0378
2025-04-03 14:33:08,277 - Quantum Trading Bot - INFO - Quantum prediction for AAPL: 0.4440 (confidence: 0.7698)
2025-04-03 14:33:08,277 - Quantum Trading Bot - INFO - Trading signal for AAPL: 0.4440 (source: quantum)
2025-04-03 14:33:08,278 - Quantum Trading Bot - INFO - HOLD signal for AAPL (score: 0.4440, source: quantum)
2025-04-03 14:33:08,278 - Quantum Trading Bot - INFO - Processing MSFT
2025-04-03 14:33:08,278 - Quantum Trading Bot - INFO - Mock halal compliance check for MSFT: COMPLIANT
2025-04-03 14:33:08,290 - Quantum Trading Bot - INFO - Quantum device error rate: 0.0321
2025-04-03 14:33:08,292 - Quantum Trading Bot - INFO - Quantum prediction for MSFT: 0.7980 (confidence: 0.9679)
2025-04-03 14:33:08,293 - Quantum Trading Bot - INFO - Trading signal for MSFT: 0.7980 (source: quantum)
2025-04-03 14:33:08,293 - Quantum Trading Bot - INFO - HOLD signal for MSFT (score: 0.7980, source: quantum)
2025-04-03 14:33:08,293 - Quantum Trading Bot - INFO - Processing NVDA
2025-04-03 14:33:08,293 - Quantum Trading Bot - INFO - Mock halal compliance check for NVDA: COMPLIANT
2025-04-03 14:33:08,302 - Quantum Trading Bot - INFO - Quantum device error rate: 0.0255
2025-04-03 14:33:08,304 - Quantum Trading Bot - INFO - Quantum prediction for NVDA: 0.6310 (confidence: 0.9745)
2025-04-03 14:33:08,304 - Quantum Trading Bot - INFO - Trading signal for NVDA: 0.6310 (source: quantum)
2025-04-03 14:33:08,304 - Quantum Trading Bot - INFO - HOLD signal for NVDA (score: 0.6310, source: quantum)
2025-04-03 14:33:08,311 - Quantum Trading Bot - INFO - Performance metrics saved: 40/72 winning trades
2025-04-03 14:33:08,311 - Quantum Trading Bot - INFO - Quantum prediction accuracy: 0.00
2025-04-03 14:33:08,311 - Quantum Trading Bot - INFO - Sleeping for 60 seconds
2025-04-03 14:51:26,637 - Trading System - INFO - Trading Bot is alive: True
2025-04-03 14:51:26,638 - Trading System - INFO - Monitor Bot is alive: True
2025-04-03 14:51:26,638 - Trading System - INFO - Improvement Bot is alive: True
2025-04-03 14:51:28,180 - Quantum Trading Bot - INFO - Starting trading cycle
2025-04-03 14:51:28,180 - Quantum Trading Bot - INFO - Processing AAPL
2025-04-03 14:51:28,181 - Quantum Trading Bot - INFO - Mock halal compliance check for AAPL: COMPLIANT
2025-04-03 14:51:28,205 - Quantum Trading Bot - INFO - Quantum device error rate: 0.0450
2025-04-03 14:51:28,209 - Quantum Trading Bot - INFO - Quantum prediction for AAPL: 0.2200 (confidence: 0.9550)
2025-04-03 14:51:28,209 - Quantum Trading Bot - INFO - Trading signal for AAPL: 0.2200 (source: quantum)
2025-04-03 14:51:28,209 - Quantum Trading Bot - INFO - SELL signal for AAPL (score: 0.2200, source: quantum)
2025-04-03 14:51:28,210 - Quantum Trading Bot - WARNING - Cannot sell AAPL - no position
2025-04-03 14:51:28,211 - Quantum Trading Bot - INFO - Processing MSFT
2025-04-03 14:51:28,211 - Quantum Trading Bot - INFO - Mock halal compliance check for MSFT: COMPLIANT
2025-04-03 14:51:28,222 - Quantum Trading Bot - INFO - Quantum device error rate: 0.0336
2025-04-03 14:51:28,225 - Quantum Trading Bot - INFO - Quantum prediction for MSFT: 0.1800 (confidence: 0.9664)
2025-04-03 14:51:28,225 - Quantum Trading Bot - INFO - Trading signal for MSFT: 0.1800 (source: quantum)
2025-04-03 14:51:28,225 - Quantum Trading Bot - INFO - SELL signal for MSFT (score: 0.1800, source: quantum)
2025-04-03 14:51:28,226 - Quantum Trading Bot - WARNING - Cannot sell MSFT - no position
2025-04-03 14:51:28,227 - Quantum Trading Bot - INFO - Processing NVDA
2025-04-03 14:51:28,227 - Quantum Trading Bot - INFO - Mock halal compliance check for NVDA: COMPLIANT
2025-04-03 14:51:28,235 - Quantum Trading Bot - INFO - Quantum device error rate: 0.0357
2025-04-03 14:51:28,238 - Quantum Trading Bot - INFO - Quantum prediction for NVDA: 0.8570 (confidence: 0.9643)
2025-04-03 14:51:28,238 - Quantum Trading Bot - INFO - Trading signal for NVDA: 0.8570 (source: quantum)
2025-04-03 14:51:28,238 - Quantum Trading Bot - INFO - HOLD signal for NVDA (score: 0.8570, source: quantum)
2025-04-03 14:51:28,243 - Quantum Trading Bot - INFO - Performance metrics saved: 40/72 winning trades
2025-04-03 14:51:28,244 - Quantum Trading Bot - INFO - Quantum prediction accuracy: 0.00
2025-04-03 14:51:28,244 - Quantum Trading Bot - INFO - Sleeping for 60 seconds
2025-04-03 15:05:36,243 - Trading System - INFO - Trading Bot is alive: True
2025-04-03 15:05:36,245 - Trading System - INFO - Monitor Bot is alive: True
2025-04-03 15:05:36,245 - Trading System - INFO - Improvement Bot is alive: True
2025-04-03 15:05:37,089 - Monitor Bot - INFO - Running scheduled task: Quantum System Health Check
2025-04-03 15:05:37,089 - Monitor Bot - INFO - Monitoring quantum system health
2025-04-03 15:05:37,090 - Monitor Bot - INFO - Average quantum error rate: 0.0344
2025-04-03 15:05:37,091 - Monitor Bot - INFO - Task Quantum System Health Check completed successfully
2025-04-03 15:05:37,092 - Monitor Bot - INFO - Running scheduled task: Performance Metrics
2025-04-03 15:05:37,095 - Monitor Bot - INFO - === Performance Metrics ===
2025-04-03 15:05:37,095 - Monitor Bot - INFO - Date: 2025-04-03T14:51:28.238706
2025-04-03 15:05:37,095 - Monitor Bot - INFO - Total Trades: 72
2025-04-03 15:05:37,096 - Monitor Bot - INFO - Win Rate: 55.56%
2025-04-03 15:05:37,096 - Monitor Bot - INFO - Total Profit: $18.27
2025-04-03 15:05:37,096 - Monitor Bot - INFO - Average Profit per Trade: $0.25
2025-04-03 15:05:37,096 - Monitor Bot - INFO - Average Profit Percentage: 0.09%
2025-04-03 15:05:37,096 - Monitor Bot - INFO - Maximum Drawdown: 0.10%
2025-04-03 15:05:37,096 - Monitor Bot - INFO - Quantum Prediction Accuracy: 0.00%
2025-04-03 15:05:37,096 - Monitor Bot - INFO - ============================
2025-04-03 15:05:37,100 - Monitor Bot - INFO - Task Performance Metrics completed successfully
2025-04-03 15:05:37,849 - Quantum Trading Bot - INFO - Starting trading cycle
2025-04-03 15:05:37,850 - Quantum Trading Bot - INFO - Processing AAPL
2025-04-03 15:05:37,850 - Quantum Trading Bot - INFO - Mock halal compliance check for AAPL: COMPLIANT
2025-04-03 15:05:37,872 - Quantum Trading Bot - INFO - Quantum device error rate: 0.0228
2025-04-03 15:05:37,876 - Quantum Trading Bot - INFO - Quantum prediction for AAPL: 0.2520 (confidence: 0.9772)
2025-04-03 15:05:37,876 - Quantum Trading Bot - INFO - Trading signal for AAPL: 0.2520 (source: quantum)
2025-04-03 15:05:37,877 - Quantum Trading Bot - INFO - SELL signal for AAPL (score: 0.2520, source: quantum)
2025-04-03 15:05:37,878 - Quantum Trading Bot - WARNING - Cannot sell AAPL - no position
2025-04-03 15:05:37,878 - Quantum Trading Bot - INFO - Processing MSFT
2025-04-03 15:05:37,879 - Quantum Trading Bot - INFO - Mock halal compliance check for MSFT: COMPLIANT
2025-04-03 15:05:37,889 - Quantum Trading Bot - INFO - Quantum device error rate: 0.0285
2025-04-03 15:05:37,892 - Quantum Trading Bot - INFO - Quantum prediction for MSFT: 0.4850 (confidence: 0.7772)
2025-04-03 15:05:37,892 - Quantum Trading Bot - INFO - Trading signal for MSFT: 0.4850 (source: quantum)
2025-04-03 15:05:37,892 - Quantum Trading Bot - INFO - HOLD signal for MSFT (score: 0.4850, source: quantum)
2025-04-03 15:05:37,893 - Quantum Trading Bot - INFO - Processing NVDA
2025-04-03 15:05:37,893 - Quantum Trading Bot - INFO - Mock halal compliance check for NVDA: COMPLIANT
2025-04-03 15:05:37,902 - Quantum Trading Bot - INFO - Quantum device error rate: 0.0330
2025-04-03 15:05:37,904 - Quantum Trading Bot - INFO - Quantum prediction for NVDA: 0.5530 (confidence: 0.7736)
2025-04-03 15:05:37,904 - Quantum Trading Bot - INFO - Trading signal for NVDA: 0.5530 (source: quantum)
2025-04-03 15:05:37,904 - Quantum Trading Bot - INFO - HOLD signal for NVDA (score: 0.5530, source: quantum)
2025-04-03 15:05:37,910 - Quantum Trading Bot - INFO - Performance metrics saved: 40/72 winning trades
2025-04-03 15:05:37,910 - Quantum Trading Bot - INFO - Quantum prediction accuracy: 0.00
2025-04-03 15:05:37,910 - Quantum Trading Bot - INFO - Sleeping for 60 seconds
2025-04-03 15:18:02,850 - Trading System - INFO - Trading Bot is alive: True
2025-04-03 15:18:02,851 - Trading System - INFO - Monitor Bot is alive: True
2025-04-03 15:18:02,851 - Trading System - INFO - Improvement Bot is alive: True
2025-04-03 15:18:04,515 - Quantum Trading Bot - INFO - Starting trading cycle
2025-04-03 15:18:04,515 - Quantum Trading Bot - INFO - Processing AAPL
2025-04-03 15:18:04,515 - Quantum Trading Bot - INFO - Mock halal compliance check for AAPL: COMPLIANT
2025-04-03 15:18:04,539 - Quantum Trading Bot - INFO - Quantum device error rate: 0.0390
2025-04-03 15:18:04,544 - Quantum Trading Bot - INFO - Quantum prediction for AAPL: 0.3430 (confidence: 0.9610)
2025-04-03 15:18:04,544 - Quantum Trading Bot - INFO - Trading signal for AAPL: 0.3430 (source: quantum)
2025-04-03 15:18:04,544 - Quantum Trading Bot - INFO - HOLD signal for AAPL (score: 0.3430, source: quantum)
2025-04-03 15:18:04,545 - Quantum Trading Bot - INFO - Processing MSFT
2025-04-03 15:18:04,545 - Quantum Trading Bot - INFO - Mock halal compliance check for MSFT: COMPLIANT
2025-04-03 15:18:04,556 - Quantum Trading Bot - INFO - Quantum device error rate: 0.0366
2025-04-03 15:18:04,559 - Quantum Trading Bot - INFO - Quantum prediction for MSFT: 0.7880 (confidence: 0.9634)
2025-04-03 15:18:04,559 - Quantum Trading Bot - INFO - Trading signal for MSFT: 0.7880 (source: quantum)
2025-04-03 15:18:04,559 - Quantum Trading Bot - INFO - HOLD signal for MSFT (score: 0.7880, source: quantum)
2025-04-03 15:18:04,560 - Quantum Trading Bot - INFO - Processing NVDA
2025-04-03 15:18:04,560 - Quantum Trading Bot - INFO - Mock halal compliance check for NVDA: COMPLIANT
2025-04-03 15:18:04,569 - Quantum Trading Bot - INFO - Quantum device error rate: 0.0378
2025-04-03 15:18:04,571 - Quantum Trading Bot - INFO - Quantum prediction for NVDA: 0.4130 (confidence: 0.7698)
2025-04-03 15:18:04,571 - Quantum Trading Bot - INFO - Trading signal for NVDA: 0.4130 (source: quantum)
2025-04-03 15:18:04,571 - Quantum Trading Bot - INFO - HOLD signal for NVDA (score: 0.4130, source: quantum)
2025-04-03 15:18:04,577 - Quantum Trading Bot - INFO - Performance metrics saved: 40/72 winning trades
2025-04-03 15:18:04,577 - Quantum Trading Bot - INFO - Quantum prediction accuracy: 0.00
2025-04-03 15:18:04,577 - Quantum Trading Bot - INFO - Sleeping for 60 seconds
2025-04-03 15:35:30,484 - Trading System - INFO - Trading Bot is alive: True
2025-04-03 15:35:30,486 - Trading System - INFO - Monitor Bot is alive: True
2025-04-03 15:35:30,486 - Trading System - INFO - Improvement Bot is alive: True
2025-04-03 15:35:32,209 - Quantum Trading Bot - INFO - Starting trading cycle
2025-04-03 15:35:32,210 - Quantum Trading Bot - INFO - Processing AAPL
2025-04-03 15:35:32,210 - Quantum Trading Bot - INFO - Mock halal compliance check for AAPL: COMPLIANT
2025-04-03 15:35:32,233 - Quantum Trading Bot - INFO - Quantum device error rate: 0.0288
2025-04-03 15:35:32,238 - Quantum Trading Bot - INFO - Quantum prediction for AAPL: 0.5360 (confidence: 0.7770)
2025-04-03 15:35:32,238 - Quantum Trading Bot - INFO - Trading signal for AAPL: 0.5360 (source: quantum)
2025-04-03 15:35:32,238 - Quantum Trading Bot - INFO - HOLD signal for AAPL (score: 0.5360, source: quantum)
2025-04-03 15:35:32,239 - Quantum Trading Bot - INFO - Processing MSFT
2025-04-03 15:35:32,239 - Quantum Trading Bot - INFO - Mock halal compliance check for MSFT: COMPLIANT
2025-04-03 15:35:32,250 - Quantum Trading Bot - INFO - Quantum device error rate: 0.0237
2025-04-03 15:35:32,253 - Quantum Trading Bot - INFO - Quantum prediction for MSFT: 0.5170 (confidence: 0.7810)
2025-04-03 15:35:32,253 - Quantum Trading Bot - INFO - Trading signal for MSFT: 0.5170 (source: quantum)
2025-04-03 15:35:32,253 - Quantum Trading Bot - INFO - HOLD signal for MSFT (score: 0.5170, source: quantum)
2025-04-03 15:35:32,254 - Quantum Trading Bot - INFO - Processing NVDA
2025-04-03 15:35:32,254 - Quantum Trading Bot - INFO - Mock halal compliance check for NVDA: COMPLIANT
2025-04-03 15:35:32,263 - Quantum Trading Bot - INFO - Quantum device error rate: 0.0354
2025-04-03 15:35:32,265 - Quantum Trading Bot - INFO - Quantum prediction for NVDA: 0.4120 (confidence: 0.7717)
2025-04-03 15:35:32,265 - Quantum Trading Bot - INFO - Trading signal for NVDA: 0.4120 (source: quantum)
2025-04-03 15:35:32,265 - Quantum Trading Bot - INFO - HOLD signal for NVDA (score: 0.4120, source: quantum)
2025-04-03 15:35:32,272 - Quantum Trading Bot - INFO - Performance metrics saved: 40/72 winning trades
2025-04-03 15:35:32,272 - Quantum Trading Bot - INFO - Quantum prediction accuracy: 0.00
2025-04-03 15:35:32,272 - Quantum Trading Bot - INFO - Sleeping for 60 seconds
2025-04-03 15:46:01,955 - Trading System - INFO - Trading Bot is alive: True
2025-04-03 15:46:01,957 - Trading System - INFO - Monitor Bot is alive: True
2025-04-03 15:46:01,957 - Trading System - INFO - Improvement Bot is alive: True
2025-04-03 15:46:03,742 - Quantum Trading Bot - INFO - Starting trading cycle
2025-04-03 15:46:03,742 - Quantum Trading Bot - INFO - Processing AAPL
2025-04-03 15:46:03,742 - Quantum Trading Bot - INFO - Mock halal compliance check for AAPL: COMPLIANT
2025-04-03 15:46:03,766 - Quantum Trading Bot - INFO - Quantum device error rate: 0.0528
2025-04-03 15:46:03,779 - Quantum Trading Bot - INFO - Quantum prediction for AAPL: 0.7487 (confidence: 0.9472)
2025-04-03 15:46:03,779 - Quantum Trading Bot - INFO - Trading signal for AAPL: 0.7487 (source: quantum)
2025-04-03 15:46:03,779 - Quantum Trading Bot - INFO - HOLD signal for AAPL (score: 0.7487, source: quantum)
2025-04-03 15:46:03,780 - Quantum Trading Bot - INFO - Processing MSFT
2025-04-03 15:46:03,780 - Quantum Trading Bot - INFO - Mock halal compliance check for MSFT: COMPLIANT
2025-04-03 15:46:03,789 - Quantum Trading Bot - INFO - Quantum device error rate: 0.0489
2025-04-03 15:46:03,792 - Quantum Trading Bot - INFO - Quantum prediction for MSFT: 0.4540 (confidence: 0.7609)
2025-04-03 15:46:03,792 - Quantum Trading Bot - INFO - Trading signal for MSFT: 0.4540 (source: quantum)
2025-04-03 15:46:03,792 - Quantum Trading Bot - INFO - HOLD signal for MSFT (score: 0.4540, source: quantum)
2025-04-03 15:46:03,792 - Quantum Trading Bot - INFO - Processing NVDA
2025-04-03 15:46:03,792 - Quantum Trading Bot - INFO - Mock halal compliance check for NVDA: COMPLIANT
2025-04-03 15:46:03,801 - Quantum Trading Bot - INFO - Quantum device error rate: 0.0399
2025-04-03 15:46:03,803 - Quantum Trading Bot - INFO - Quantum prediction for NVDA: 0.7570 (confidence: 0.9601)
2025-04-03 15:46:03,803 - Quantum Trading Bot - INFO - Trading signal for NVDA: 0.7570 (source: quantum)
2025-04-03 15:46:03,803 - Quantum Trading Bot - INFO - HOLD signal for NVDA (score: 0.7570, source: quantum)
2025-04-03 15:46:03,809 - Quantum Trading Bot - INFO - Performance metrics saved: 40/72 winning trades
2025-04-03 15:46:03,809 - Quantum Trading Bot - INFO - Quantum prediction accuracy: 0.00
2025-04-03 15:46:03,809 - Quantum Trading Bot - INFO - Sleeping for 60 seconds
2025-04-03 16:01:45,931 - Trading System - INFO - Trading Bot is alive: True
2025-04-03 16:01:45,933 - Trading System - INFO - Monitor Bot is alive: True
2025-04-03 16:01:45,933 - Trading System - INFO - Improvement Bot is alive: True
2025-04-03 16:01:47,783 - Quantum Trading Bot - INFO - Starting trading cycle
2025-04-03 16:01:47,783 - Quantum Trading Bot - INFO - Market is closed, waiting...
2025-04-03 16:01:47,783 - Quantum Trading Bot - INFO - Sleeping for 60 seconds
2025-04-03 16:02:45,939 - Trading System - INFO - Trading Bot is alive: True
2025-04-03 16:02:45,941 - Trading System - INFO - Monitor Bot is alive: True
2025-04-03 16:02:45,941 - Trading System - INFO - Improvement Bot is alive: True
2025-04-03 16:02:47,785 - Quantum Trading Bot - INFO - Starting trading cycle
2025-04-03 16:02:47,786 - Quantum Trading Bot - INFO - Market is closed, waiting...
2025-04-03 16:02:47,786 - Quantum Trading Bot - INFO - Sleeping for 60 seconds
2025-04-03 16:03:45,945 - Trading System - INFO - Trading Bot is alive: True
2025-04-03 16:03:45,946 - Trading System - INFO - Monitor Bot is alive: True
2025-04-03 16:03:45,947 - Trading System - INFO - Improvement Bot is alive: True
2025-04-03 16:03:47,787 - Quantum Trading Bot - INFO - Starting trading cycle
2025-04-03 16:03:47,788 - Quantum Trading Bot - INFO - Market is closed, waiting...
2025-04-03 16:03:47,788 - Quantum Trading Bot - INFO - Sleeping for 60 seconds
2025-04-03 16:04:45,947 - Trading System - INFO - Trading Bot is alive: True
2025-04-03 16:04:45,948 - Trading System - INFO - Monitor Bot is alive: True
2025-04-03 16:04:45,948 - Trading System - INFO - Improvement Bot is alive: True
2025-04-03 16:04:47,788 - Quantum Trading Bot - INFO - Starting trading cycle
2025-04-03 16:04:47,788 - Quantum Trading Bot - INFO - Market is closed, waiting...
2025-04-03 16:04:47,788 - Quantum Trading Bot - INFO - Sleeping for 60 seconds
2025-04-03 16:05:45,953 - Trading System - INFO - Trading Bot is alive: True
2025-04-03 16:05:45,954 - Trading System - INFO - Monitor Bot is alive: True
2025-04-03 16:05:45,954 - Trading System - INFO - Improvement Bot is alive: True
2025-04-03 16:05:46,799 - Monitor Bot - INFO - Running scheduled task: Performance Metrics
2025-04-03 16:05:46,804 - Monitor Bot - INFO - === Performance Metrics ===
2025-04-03 16:05:46,804 - Monitor Bot - INFO - Date: 2025-04-03T15:46:03.804026
2025-04-03 16:05:46,804 - Monitor Bot - INFO - Total Trades: 72
2025-04-03 16:05:46,805 - Monitor Bot - INFO - Win Rate: 55.56%
2025-04-03 16:05:46,805 - Monitor Bot - INFO - Total Profit: $18.27
2025-04-03 16:05:46,805 - Monitor Bot - INFO - Average Profit per Trade: $0.25
2025-04-03 16:05:46,805 - Monitor Bot - INFO - Average Profit Percentage: 0.09%
2025-04-03 16:05:46,805 - Monitor Bot - INFO - Maximum Drawdown: 0.10%
2025-04-03 16:05:46,805 - Monitor Bot - INFO - Quantum Prediction Accuracy: 0.00%
2025-04-03 16:05:46,805 - Monitor Bot - INFO - ============================
2025-04-03 16:05:46,816 - Monitor Bot - INFO - Task Performance Metrics completed successfully
2025-04-03 16:05:47,789 - Quantum Trading Bot - INFO - Starting trading cycle
2025-04-03 16:05:47,790 - Quantum Trading Bot - INFO - Market is closed, waiting...
2025-04-03 16:05:47,790 - Quantum Trading Bot - INFO - Sleeping for 60 seconds
2025-04-03 16:06:45,957 - Trading System - INFO - Trading Bot is alive: True
2025-04-03 16:06:45,958 - Trading System - INFO - Monitor Bot is alive: True
2025-04-03 16:06:45,958 - Trading System - INFO - Improvement Bot is alive: True
2025-04-03 16:06:47,795 - Quantum Trading Bot - INFO - Starting trading cycle
2025-04-03 16:06:47,795 - Quantum Trading Bot - INFO - Market is closed, waiting...
2025-04-03 16:06:47,795 - Quantum Trading Bot - INFO - Sleeping for 60 seconds
2025-04-03 16:07:45,965 - Trading System - INFO - Trading Bot is alive: True
2025-04-03 16:07:45,966 - Trading System - INFO - Monitor Bot is alive: True
2025-04-03 16:07:45,966 - Trading System - INFO - Improvement Bot is alive: True
2025-04-03 16:07:47,805 - Quantum Trading Bot - INFO - Starting trading cycle
2025-04-03 16:07:47,805 - Quantum Trading Bot - INFO - Market is closed, waiting...
2025-04-03 16:07:47,805 - Quantum Trading Bot - INFO - Sleeping for 60 seconds
2025-04-03 16:08:45,974 - Trading System - INFO - Trading Bot is alive: True
2025-04-03 16:08:45,974 - Trading System - INFO - Monitor Bot is alive: True
2025-04-03 16:08:45,974 - Trading System - INFO - Improvement Bot is alive: True
2025-04-03 16:08:47,815 - Quantum Trading Bot - INFO - Starting trading cycle
2025-04-03 16:08:47,816 - Quantum Trading Bot - INFO - Market is closed, waiting...
2025-04-03 16:08:47,816 - Quantum Trading Bot - INFO - Sleeping for 60 seconds
2025-04-03 16:09:45,976 - Trading System - INFO - Trading Bot is alive: True
2025-04-03 16:09:45,977 - Trading System - INFO - Monitor Bot is alive: True
2025-04-03 16:09:45,977 - Trading System - INFO - Improvement Bot is alive: True
2025-04-03 16:09:47,825 - Quantum Trading Bot - INFO - Starting trading cycle
2025-04-03 16:09:47,826 - Quantum Trading Bot - INFO - Market is closed, waiting...
2025-04-03 16:09:47,826 - Quantum Trading Bot - INFO - Sleeping for 60 seconds
2025-04-03 16:10:45,978 - Trading System - INFO - Trading Bot is alive: True
2025-04-03 16:10:45,978 - Trading System - INFO - Monitor Bot is alive: True
2025-04-03 16:10:45,978 - Trading System - INFO - Improvement Bot is alive: True
2025-04-03 16:10:47,830 - Quantum Trading Bot - INFO - Starting trading cycle
2025-04-03 16:10:47,830 - Quantum Trading Bot - INFO - Market is closed, waiting...
2025-04-03 16:10:47,830 - Quantum Trading Bot - INFO - Sleeping for 60 seconds
2025-04-03 16:12:14,442 - Trading System - INFO - Trading Bot is alive: True
2025-04-03 16:12:14,444 - Trading System - INFO - Monitor Bot is alive: True
2025-04-03 16:12:14,444 - Trading System - INFO - Improvement Bot is alive: True
2025-04-03 16:12:16,294 - Quantum Trading Bot - INFO - Starting trading cycle
2025-04-03 16:12:16,294 - Quantum Trading Bot - INFO - Market is closed, waiting...
2025-04-03 16:12:16,295 - Quantum Trading Bot - INFO - Sleeping for 60 seconds
2025-04-03 16:28:22,208 - Trading System - INFO - Trading Bot is alive: True
2025-04-03 16:28:22,209 - Trading System - INFO - Monitor Bot is alive: True
2025-04-03 16:28:22,209 - Trading System - INFO - Improvement Bot is alive: True
2025-04-03 16:28:24,060 - Quantum Trading Bot - INFO - Starting trading cycle
2025-04-03 16:28:24,060 - Quantum Trading Bot - INFO - Market is closed, waiting...
2025-04-03 16:28:24,060 - Quantum Trading Bot - INFO - Sleeping for 60 seconds
2025-04-03 16:29:21,722 - Improvement Bot - INFO - Running scheduled task: Code Quality Check - Trading Bot
2025-04-03 16:29:21,730 - Improvement Bot - INFO - Found 2 issues in trading_bot
2025-04-03 16:29:21,730 - Improvement Bot - INFO - Task Code Quality Check - Trading Bot completed successfully
2025-04-03 16:29:21,730 - Improvement Bot - INFO - Running scheduled task: Code Quality Check - Monitor Bot
2025-04-03 16:29:21,731 - Improvement Bot - INFO - No issues found in monitor_bot
2025-04-03 16:29:21,732 - Improvement Bot - WARNING - Task Code Quality Check - Monitor Bot completed with warnings
2025-04-03 16:29:21,732 - Improvement Bot - INFO - Running scheduled task: Code Quality Check - Improvement Bot
2025-04-03 16:29:21,734 - Improvement Bot - INFO - Found 6 issues in improvement_bot
2025-04-03 16:29:21,734 - Improvement Bot - INFO - Task Code Quality Check - Improvement Bot completed successfully
2025-04-03 16:29:21,734 - Improvement Bot - INFO - Running scheduled task: System Health Analysis
2025-04-03 16:29:21,738 - Improvement Bot - INFO - Win rate trend: +0.00%
2025-04-03 16:29:21,738 - Improvement Bot - INFO - Profit trend: +0.00%
2025-04-03 16:29:21,739 - Improvement Bot - INFO - System health analysis completed: healthy
2025-04-03 16:29:21,739 - Improvement Bot - INFO - Task System Health Analysis completed successfully
2025-04-03 16:29:22,223 - Trading System - INFO - Trading Bot is alive: True
2025-04-03 16:29:22,224 - Trading System - INFO - Monitor Bot is alive: True
2025-04-03 16:29:22,224 - Trading System - INFO - Improvement Bot is alive: True
2025-04-03 16:29:24,069 - Quantum Trading Bot - INFO - Starting trading cycle
2025-04-03 16:29:24,069 - Quantum Trading Bot - INFO - Market is closed, waiting...
2025-04-03 16:29:24,069 - Quantum Trading Bot - INFO - Sleeping for 60 seconds
2025-04-03 16:30:22,228 - Trading System - INFO - Trading Bot is alive: True
2025-04-03 16:30:22,229 - Trading System - INFO - Monitor Bot is alive: True
2025-04-03 16:30:22,229 - Trading System - INFO - Improvement Bot is alive: True
2025-04-03 16:30:24,072 - Quantum Trading Bot - INFO - Starting trading cycle
2025-04-03 16:30:24,072 - Quantum Trading Bot - INFO - Market is closed, waiting...
2025-04-03 16:30:24,072 - Quantum Trading Bot - INFO - Sleeping for 60 seconds
2025-04-03 16:31:22,234 - Trading System - INFO - Trading Bot is alive: True
2025-04-03 16:31:22,236 - Trading System - INFO - Monitor Bot is alive: True
2025-04-03 16:31:22,236 - Trading System - INFO - Improvement Bot is alive: True
2025-04-03 16:31:24,075 - Quantum Trading Bot - INFO - Starting trading cycle
2025-04-03 16:31:24,075 - Quantum Trading Bot - INFO - Market is closed, waiting...
2025-04-03 16:31:24,076 - Quantum Trading Bot - INFO - Sleeping for 60 seconds
2025-04-03 16:32:22,241 - Trading System - INFO - Trading Bot is alive: True
2025-04-03 16:32:22,243 - Trading System - INFO - Monitor Bot is alive: True
2025-04-03 16:32:22,243 - Trading System - INFO - Improvement Bot is alive: True
2025-04-03 16:32:24,078 - Quantum Trading Bot - INFO - Starting trading cycle
2025-04-03 16:32:24,078 - Quantum Trading Bot - INFO - Market is closed, waiting...
2025-04-03 16:32:24,079 - Quantum Trading Bot - INFO - Sleeping for 60 seconds
2025-04-03 16:33:22,248 - Trading System - INFO - Trading Bot is alive: True
2025-04-03 16:33:22,249 - Trading System - INFO - Monitor Bot is alive: True
2025-04-03 16:33:22,249 - Trading System - INFO - Improvement Bot is alive: True
2025-04-03 16:33:24,082 - Quantum Trading Bot - INFO - Starting trading cycle
2025-04-03 16:33:24,084 - Quantum Trading Bot - INFO - Market is closed, waiting...
2025-04-03 16:33:24,084 - Quantum Trading Bot - INFO - Sleeping for 60 seconds
2025-04-03 16:34:22,254 - Trading System - INFO - Trading Bot is alive: True
2025-04-03 16:34:22,255 - Trading System - INFO - Monitor Bot is alive: True
2025-04-03 16:34:22,259 - Trading System - INFO - Improvement Bot is alive: True
2025-04-03 16:34:24,089 - Quantum Trading Bot - INFO - Starting trading cycle
2025-04-03 16:34:24,089 - Quantum Trading Bot - INFO - Market is closed, waiting...
2025-04-03 16:34:24,089 - Quantum Trading Bot - INFO - Sleeping for 60 seconds
2025-04-03 16:35:22,263 - Trading System - INFO - Trading Bot is alive: True
2025-04-03 16:35:22,264 - Trading System - INFO - Monitor Bot is alive: True
2025-04-03 16:35:22,264 - Trading System - INFO - Improvement Bot is alive: True
2025-04-03 16:35:24,095 - Quantum Trading Bot - INFO - Starting trading cycle
2025-04-03 16:35:24,096 - Quantum Trading Bot - INFO - Market is closed, waiting...
2025-04-03 16:35:24,096 - Quantum Trading Bot - INFO - Sleeping for 60 seconds
2025-04-03 16:36:22,268 - Trading System - INFO - Trading Bot is alive: True
2025-04-03 16:36:22,270 - Trading System - INFO - Monitor Bot is alive: True
2025-04-03 16:36:22,270 - Trading System - INFO - Improvement Bot is alive: True
2025-04-03 16:36:24,101 - Quantum Trading Bot - INFO - Starting trading cycle
2025-04-03 16:36:24,101 - Quantum Trading Bot - INFO - Market is closed, waiting...
2025-04-03 16:36:24,101 - Quantum Trading Bot - INFO - Sleeping for 60 seconds
2025-04-03 16:37:22,274 - Trading System - INFO - Trading Bot is alive: True
2025-04-03 16:37:22,275 - Trading System - INFO - Monitor Bot is alive: True
2025-04-03 16:37:22,276 - Trading System - INFO - Improvement Bot is alive: True
2025-04-03 16:37:24,107 - Quantum Trading Bot - INFO - Starting trading cycle
2025-04-03 16:37:24,107 - Quantum Trading Bot - INFO - Market is closed, waiting...
2025-04-03 16:37:24,107 - Quantum Trading Bot - INFO - Sleeping for 60 seconds
2025-04-03 16:38:22,277 - Trading System - INFO - Trading Bot is alive: True
2025-04-03 16:38:22,279 - Trading System - INFO - Monitor Bot is alive: True
2025-04-03 16:38:22,279 - Trading System - INFO - Improvement Bot is alive: True
2025-04-03 16:38:24,111 - Quantum Trading Bot - INFO - Starting trading cycle
2025-04-03 16:38:24,111 - Quantum Trading Bot - INFO - Market is closed, waiting...
2025-04-03 16:38:24,112 - Quantum Trading Bot - INFO - Sleeping for 60 seconds
2025-04-03 16:39:22,283 - Trading System - INFO - Trading Bot is alive: True
2025-04-03 16:39:22,285 - Trading System - INFO - Monitor Bot is alive: True
2025-04-03 16:39:22,285 - Trading System - INFO - Improvement Bot is alive: True
2025-04-03 16:39:24,116 - Quantum Trading Bot - INFO - Starting trading cycle
2025-04-03 16:39:24,116 - Quantum Trading Bot - INFO - Market is closed, waiting...
2025-04-03 16:39:24,116 - Quantum Trading Bot - INFO - Sleeping for 60 seconds
2025-04-03 16:40:22,288 - Trading System - INFO - Trading Bot is alive: True
2025-04-03 16:40:22,289 - Trading System - INFO - Monitor Bot is alive: True
2025-04-03 16:40:22,290 - Trading System - INFO - Improvement Bot is alive: True
2025-04-03 16:40:24,120 - Quantum Trading Bot - INFO - Starting trading cycle
2025-04-03 16:40:24,122 - Quantum Trading Bot - INFO - Market is closed, waiting...
2025-04-03 16:40:24,122 - Quantum Trading Bot - INFO - Sleeping for 60 seconds
2025-04-03 16:41:22,295 - Trading System - INFO - Trading Bot is alive: True
2025-04-03 16:41:22,297 - Trading System - INFO - Monitor Bot is alive: True
2025-04-03 16:41:22,297 - Trading System - INFO - Improvement Bot is alive: True
2025-04-03 16:41:24,126 - Quantum Trading Bot - INFO - Starting trading cycle
2025-04-03 16:41:24,126 - Quantum Trading Bot - INFO - Market is closed, waiting...
2025-04-03 16:41:24,126 - Quantum Trading Bot - INFO - Sleeping for 60 seconds
2025-04-03 16:42:22,302 - Trading System - INFO - Trading Bot is alive: True
2025-04-03 16:42:22,303 - Trading System - INFO - Monitor Bot is alive: True
2025-04-03 16:42:22,303 - Trading System - INFO - Improvement Bot is alive: True
2025-04-03 16:42:24,131 - Quantum Trading Bot - INFO - Starting trading cycle
2025-04-03 16:42:24,131 - Quantum Trading Bot - INFO - Market is closed, waiting...
2025-04-03 16:42:24,131 - Quantum Trading Bot - INFO - Sleeping for 60 seconds
2025-04-03 16:43:22,309 - Trading System - INFO - Trading Bot is alive: True
2025-04-03 16:43:22,310 - Trading System - INFO - Monitor Bot is alive: True
2025-04-03 16:43:22,310 - Trading System - INFO - Improvement Bot is alive: True
2025-04-03 16:43:24,137 - Quantum Trading Bot - INFO - Starting trading cycle
2025-04-03 16:43:24,137 - Quantum Trading Bot - INFO - Market is closed, waiting...
2025-04-03 16:43:24,137 - Quantum Trading Bot - INFO - Sleeping for 60 seconds
2025-04-03 16:44:22,315 - Trading System - INFO - Trading Bot is alive: True
2025-04-03 16:44:22,316 - Trading System - INFO - Monitor Bot is alive: True
2025-04-03 16:44:22,316 - Trading System - INFO - Improvement Bot is alive: True
2025-04-03 16:44:24,138 - Quantum Trading Bot - INFO - Starting trading cycle
2025-04-03 16:44:24,138 - Quantum Trading Bot - INFO - Market is closed, waiting...
2025-04-03 16:44:24,139 - Quantum Trading Bot - INFO - Sleeping for 60 seconds
2025-04-03 16:45:22,318 - Trading System - INFO - Trading Bot is alive: True
2025-04-03 16:45:22,319 - Trading System - INFO - Monitor Bot is alive: True
2025-04-03 16:45:22,319 - Trading System - INFO - Improvement Bot is alive: True
2025-04-03 16:45:24,141 - Quantum Trading Bot - INFO - Starting trading cycle
2025-04-03 16:45:24,142 - Quantum Trading Bot - INFO - Market is closed, waiting...
2025-04-03 16:45:24,142 - Quantum Trading Bot - INFO - Sleeping for 60 seconds
2025-04-03 16:46:22,325 - Trading System - INFO - Trading Bot is alive: True
2025-04-03 16:46:22,327 - Trading System - INFO - Monitor Bot is alive: True
2025-04-03 16:46:22,327 - Trading System - INFO - Improvement Bot is alive: True
2025-04-03 16:46:24,143 - Quantum Trading Bot - INFO - Starting trading cycle
2025-04-03 16:46:24,144 - Quantum Trading Bot - INFO - Market is closed, waiting...
2025-04-03 16:46:24,144 - Quantum Trading Bot - INFO - Sleeping for 60 seconds
2025-04-03 16:47:22,332 - Trading System - INFO - Trading Bot is alive: True
2025-04-03 16:47:22,335 - Trading System - INFO - Monitor Bot is alive: True
2025-04-03 16:47:22,335 - Trading System - INFO - Improvement Bot is alive: True
2025-04-03 16:47:24,149 - Quantum Trading Bot - INFO - Starting trading cycle
2025-04-03 16:47:24,149 - Quantum Trading Bot - INFO - Market is closed, waiting...
2025-04-03 16:47:24,149 - Quantum Trading Bot - INFO - Sleeping for 60 seconds
2025-04-03 16:48:22,340 - Trading System - INFO - Trading Bot is alive: True
2025-04-03 16:48:22,343 - Trading System - INFO - Monitor Bot is alive: True
2025-04-03 16:48:22,343 - Trading System - INFO - Improvement Bot is alive: True
2025-04-03 16:48:24,154 - Quantum Trading Bot - INFO - Starting trading cycle
2025-04-03 16:48:24,154 - Quantum Trading Bot - INFO - Market is closed, waiting...
2025-04-03 16:48:24,155 - Quantum Trading Bot - INFO - Sleeping for 60 seconds
2025-04-03 16:49:22,345 - Trading System - INFO - Trading Bot is alive: True
2025-04-03 16:49:22,345 - Trading System - INFO - Monitor Bot is alive: True
2025-04-03 16:49:22,346 - Trading System - INFO - Improvement Bot is alive: True
2025-04-03 16:49:24,160 - Quantum Trading Bot - INFO - Starting trading cycle
2025-04-03 16:49:24,161 - Quantum Trading Bot - INFO - Market is closed, waiting...
2025-04-03 16:49:24,161 - Quantum Trading Bot - INFO - Sleeping for 60 seconds
2025-04-03 16:50:22,351 - Trading System - INFO - Trading Bot is alive: True
2025-04-03 16:50:22,351 - Trading System - INFO - Monitor Bot is alive: True
2025-04-03 16:50:22,352 - Trading System - INFO - Improvement Bot is alive: True
2025-04-03 16:50:24,166 - Quantum Trading Bot - INFO - Starting trading cycle
2025-04-03 16:50:24,167 - Quantum Trading Bot - INFO - Market is closed, waiting...
2025-04-03 16:50:24,167 - Quantum Trading Bot - INFO - Sleeping for 60 seconds
2025-04-03 16:51:22,353 - Trading System - INFO - Trading Bot is alive: True
2025-04-03 16:51:22,353 - Trading System - INFO - Monitor Bot is alive: True
2025-04-03 16:51:22,353 - Trading System - INFO - Improvement Bot is alive: True
2025-04-03 16:51:24,168 - Quantum Trading Bot - INFO - Starting trading cycle
2025-04-03 16:51:24,168 - Quantum Trading Bot - INFO - Market is closed, waiting...
2025-04-03 16:51:24,168 - Quantum Trading Bot - INFO - Sleeping for 60 seconds
2025-04-03 16:52:22,359 - Trading System - INFO - Trading Bot is alive: True
2025-04-03 16:52:22,359 - Trading System - INFO - Monitor Bot is alive: True
2025-04-03 16:52:22,359 - Trading System - INFO - Improvement Bot is alive: True
2025-04-03 16:52:24,172 - Quantum Trading Bot - INFO - Starting trading cycle
2025-04-03 16:52:24,172 - Quantum Trading Bot - INFO - Market is closed, waiting...
2025-04-03 16:52:24,173 - Quantum Trading Bot - INFO - Sleeping for 60 seconds
2025-04-03 16:53:22,360 - Trading System - INFO - Trading Bot is alive: True
2025-04-03 16:53:22,362 - Trading System - INFO - Monitor Bot is alive: True
2025-04-03 16:53:22,363 - Trading System - INFO - Improvement Bot is alive: True
2025-04-03 16:53:24,174 - Quantum Trading Bot - INFO - Starting trading cycle
2025-04-03 16:53:24,175 - Quantum Trading Bot - INFO - Market is closed, waiting...
2025-04-03 16:53:24,175 - Quantum Trading Bot - INFO - Sleeping for 60 seconds
2025-04-03 16:54:22,365 - Trading System - INFO - Trading Bot is alive: True
2025-04-03 16:54:22,365 - Trading System - INFO - Monitor Bot is alive: True
2025-04-03 16:54:22,365 - Trading System - INFO - Improvement Bot is alive: True
2025-04-03 16:54:24,180 - Quantum Trading Bot - INFO - Starting trading cycle
2025-04-03 16:54:24,181 - Quantum Trading Bot - INFO - Market is closed, waiting...
2025-04-03 16:54:24,181 - Quantum Trading Bot - INFO - Sleeping for 60 seconds
2025-04-03 16:55:22,366 - Trading System - INFO - Trading Bot is alive: True
2025-04-03 16:55:22,366 - Trading System - INFO - Monitor Bot is alive: True
2025-04-03 16:55:22,366 - Trading System - INFO - Improvement Bot is alive: True
2025-04-03 16:55:24,186 - Quantum Trading Bot - INFO - Starting trading cycle
2025-04-03 16:55:24,187 - Quantum Trading Bot - INFO - Market is closed, waiting...
2025-04-03 16:55:24,187 - Quantum Trading Bot - INFO - Sleeping for 60 seconds
2025-04-03 16:56:22,372 - Trading System - INFO - Trading Bot is alive: True
2025-04-03 16:56:22,374 - Trading System - INFO - Monitor Bot is alive: True
2025-04-03 16:56:22,374 - Trading System - INFO - Improvement Bot is alive: True
2025-04-03 16:56:24,189 - Quantum Trading Bot - INFO - Starting trading cycle
2025-04-03 16:56:24,189 - Quantum Trading Bot - INFO - Market is closed, waiting...
2025-04-03 16:56:24,189 - Quantum Trading Bot - INFO - Sleeping for 60 seconds
2025-04-03 16:57:22,378 - Trading System - INFO - Trading Bot is alive: True
2025-04-03 16:57:22,380 - Trading System - INFO - Monitor Bot is alive: True
2025-04-03 16:57:22,380 - Trading System - INFO - Improvement Bot is alive: True
2025-04-03 16:57:24,194 - Quantum Trading Bot - INFO - Starting trading cycle
2025-04-03 16:57:24,195 - Quantum Trading Bot - INFO - Market is closed, waiting...
2025-04-03 16:57:24,195 - Quantum Trading Bot - INFO - Sleeping for 60 seconds
2025-04-03 16:58:22,387 - Trading System - INFO - Trading Bot is alive: True
2025-04-03 16:58:22,389 - Trading System - INFO - Monitor Bot is alive: True
2025-04-03 16:58:22,389 - Trading System - INFO - Improvement Bot is alive: True
2025-04-03 16:58:24,203 - Quantum Trading Bot - INFO - Starting trading cycle
2025-04-03 16:58:24,204 - Quantum Trading Bot - INFO - Market is closed, waiting...
2025-04-03 16:58:24,204 - Quantum Trading Bot - INFO - Sleeping for 60 seconds
2025-04-03 16:59:22,393 - Trading System - INFO - Trading Bot is alive: True
2025-04-03 16:59:22,394 - Trading System - INFO - Monitor Bot is alive: True
2025-04-03 16:59:22,394 - Trading System - INFO - Improvement Bot is alive: True
2025-04-03 16:59:24,211 - Quantum Trading Bot - INFO - Starting trading cycle
2025-04-03 16:59:24,212 - Quantum Trading Bot - INFO - Market is closed, waiting...
2025-04-03 16:59:24,212 - Quantum Trading Bot - INFO - Sleeping for 60 seconds
2025-04-03 17:00:22,400 - Trading System - INFO - Trading Bot is alive: True
2025-04-03 17:00:22,401 - Trading System - INFO - Monitor Bot is alive: True
2025-04-03 17:00:22,401 - Trading System - INFO - Improvement Bot is alive: True
2025-04-03 17:00:24,217 - Quantum Trading Bot - INFO - Starting trading cycle
2025-04-03 17:00:24,217 - Quantum Trading Bot - INFO - Market is closed, waiting...
2025-04-03 17:00:24,218 - Quantum Trading Bot - INFO - Sleeping for 60 seconds
2025-04-03 17:01:22,403 - Trading System - INFO - Trading Bot is alive: True
2025-04-03 17:01:22,405 - Trading System - INFO - Monitor Bot is alive: True
2025-04-03 17:01:22,405 - Trading System - INFO - Improvement Bot is alive: True
2025-04-03 17:01:24,221 - Quantum Trading Bot - INFO - Starting trading cycle
2025-04-03 17:01:24,222 - Quantum Trading Bot - INFO - Market is closed, waiting...
2025-04-03 17:01:24,222 - Quantum Trading Bot - INFO - Sleeping for 60 seconds
2025-04-03 17:02:22,411 - Trading System - INFO - Trading Bot is alive: True
2025-04-03 17:02:22,412 - Trading System - INFO - Monitor Bot is alive: True
2025-04-03 17:02:22,413 - Trading System - INFO - Improvement Bot is alive: True
2025-04-03 17:02:24,226 - Quantum Trading Bot - INFO - Starting trading cycle
2025-04-03 17:02:24,226 - Quantum Trading Bot - INFO - Market is closed, waiting...
2025-04-03 17:02:24,227 - Quantum Trading Bot - INFO - Sleeping for 60 seconds
2025-04-03 17:03:22,418 - Trading System - INFO - Trading Bot is alive: True
2025-04-03 17:03:22,418 - Trading System - INFO - Monitor Bot is alive: True
2025-04-03 17:03:22,419 - Trading System - INFO - Improvement Bot is alive: True
2025-04-03 17:03:24,232 - Quantum Trading Bot - INFO - Starting trading cycle
2025-04-03 17:03:24,233 - Quantum Trading Bot - INFO - Market is closed, waiting...
2025-04-03 17:03:24,233 - Quantum Trading Bot - INFO - Sleeping for 60 seconds
2025-04-03 17:04:22,424 - Trading System - INFO - Trading Bot is alive: True
2025-04-03 17:04:22,425 - Trading System - INFO - Monitor Bot is alive: True
2025-04-03 17:04:22,425 - Trading System - INFO - Improvement Bot is alive: True
2025-04-03 17:04:24,235 - Quantum Trading Bot - INFO - Starting trading cycle
2025-04-03 17:04:24,236 - Quantum Trading Bot - INFO - Market is closed, waiting...
2025-04-03 17:04:24,236 - Quantum Trading Bot - INFO - Sleeping for 60 seconds
2025-04-03 17:05:22,430 - Trading System - INFO - Trading Bot is alive: True
2025-04-03 17:05:22,431 - Trading System - INFO - Monitor Bot is alive: True
2025-04-03 17:05:22,431 - Trading System - INFO - Improvement Bot is alive: True
2025-04-03 17:05:24,238 - Quantum Trading Bot - INFO - Starting trading cycle
2025-04-03 17:05:24,238 - Quantum Trading Bot - INFO - Market is closed, waiting...
2025-04-03 17:05:24,239 - Quantum Trading Bot - INFO - Sleeping for 60 seconds
2025-04-03 17:06:22,434 - Trading System - INFO - Trading Bot is alive: True
2025-04-03 17:06:22,435 - Trading System - INFO - Monitor Bot is alive: True
2025-04-03 17:06:22,435 - Trading System - INFO - Improvement Bot is alive: True
2025-04-03 17:06:23,291 - Monitor Bot - INFO - Running scheduled task: Performance Metrics
2025-04-03 17:06:23,297 - Monitor Bot - INFO - === Performance Metrics ===
2025-04-03 17:06:23,297 - Monitor Bot - INFO - Date: 2025-04-03T15:46:03.804026
2025-04-03 17:06:23,297 - Monitor Bot - INFO - Total Trades: 72
2025-04-03 17:06:23,297 - Monitor Bot - INFO - Win Rate: 55.56%
2025-04-03 17:06:23,297 - Monitor Bot - INFO - Total Profit: $18.27
2025-04-03 17:06:23,297 - Monitor Bot - INFO - Average Profit per Trade: $0.25
2025-04-03 17:06:23,297 - Monitor Bot - INFO - Average Profit Percentage: 0.09%
2025-04-03 17:06:23,297 - Monitor Bot - INFO - Maximum Drawdown: 0.10%
2025-04-03 17:06:23,298 - Monitor Bot - INFO - Quantum Prediction Accuracy: 0.00%
2025-04-03 17:06:23,298 - Monitor Bot - INFO - ============================
2025-04-03 17:06:23,306 - Monitor Bot - INFO - Task Performance Metrics completed successfully
2025-04-03 17:06:24,244 - Quantum Trading Bot - INFO - Starting trading cycle
2025-04-03 17:06:24,245 - Quantum Trading Bot - INFO - Market is closed, waiting...
2025-04-03 17:06:24,245 - Quantum Trading Bot - INFO - Sleeping for 60 seconds
2025-04-03 17:07:22,440 - Trading System - INFO - Trading Bot is alive: True
2025-04-03 17:07:22,441 - Trading System - INFO - Monitor Bot is alive: True
2025-04-03 17:07:22,442 - Trading System - INFO - Improvement Bot is alive: True
2025-04-03 17:07:24,247 - Quantum Trading Bot - INFO - Starting trading cycle
2025-04-03 17:07:24,249 - Quantum Trading Bot - INFO - Market is closed, waiting...
2025-04-03 17:07:24,249 - Quantum Trading Bot - INFO - Sleeping for 60 seconds
2025-04-03 17:08:22,451 - Trading System - INFO - Trading Bot is alive: True
2025-04-03 17:08:22,453 - Trading System - INFO - Monitor Bot is alive: True
2025-04-03 17:08:22,453 - Trading System - INFO - Improvement Bot is alive: True
2025-04-03 17:08:24,259 - Quantum Trading Bot - INFO - Starting trading cycle
2025-04-03 17:08:24,260 - Quantum Trading Bot - INFO - Market is closed, waiting...
2025-04-03 17:08:24,260 - Quantum Trading Bot - INFO - Sleeping for 60 seconds
2025-04-03 17:09:22,461 - Trading System - INFO - Trading Bot is alive: True
2025-04-03 17:09:22,463 - Trading System - INFO - Monitor Bot is alive: True
2025-04-03 17:09:22,463 - Trading System - INFO - Improvement Bot is alive: True
2025-04-03 17:09:24,268 - Quantum Trading Bot - INFO - Starting trading cycle
2025-04-03 17:09:24,268 - Quantum Trading Bot - INFO - Market is closed, waiting...
2025-04-03 17:09:24,268 - Quantum Trading Bot - INFO - Sleeping for 60 seconds
2025-04-03 17:10:22,465 - Trading System - INFO - Trading Bot is alive: True
2025-04-03 17:10:22,467 - Trading System - INFO - Monitor Bot is alive: True
2025-04-03 17:10:22,467 - Trading System - INFO - Improvement Bot is alive: True
2025-04-03 17:10:24,279 - Quantum Trading Bot - INFO - Starting trading cycle
2025-04-03 17:10:24,279 - Quantum Trading Bot - INFO - Market is closed, waiting...
2025-04-03 17:10:24,279 - Quantum Trading Bot - INFO - Sleeping for 60 seconds
2025-04-03 17:11:22,472 - Trading System - INFO - Trading Bot is alive: True
2025-04-03 17:11:22,472 - Trading System - INFO - Monitor Bot is alive: True
2025-04-03 17:11:22,472 - Trading System - INFO - Improvement Bot is alive: True
2025-04-03 17:11:24,285 - Quantum Trading Bot - INFO - Starting trading cycle
2025-04-03 17:11:24,285 - Quantum Trading Bot - INFO - Market is closed, waiting...
2025-04-03 17:11:24,285 - Quantum Trading Bot - INFO - Sleeping for 60 seconds
2025-04-03 17:12:22,478 - Trading System - INFO - Trading Bot is alive: True
2025-04-03 17:12:22,478 - Trading System - INFO - Monitor Bot is alive: True
2025-04-03 17:12:22,478 - Trading System - INFO - Improvement Bot is alive: True
2025-04-03 17:12:24,291 - Quantum Trading Bot - INFO - Starting trading cycle
2025-04-03 17:12:24,291 - Quantum Trading Bot - INFO - Market is closed, waiting...
2025-04-03 17:12:24,291 - Quantum Trading Bot - INFO - Sleeping for 60 seconds
2025-04-03 17:13:22,482 - Trading System - INFO - Trading Bot is alive: True
2025-04-03 17:13:22,482 - Trading System - INFO - Monitor Bot is alive: True
2025-04-03 17:13:22,482 - Trading System - INFO - Improvement Bot is alive: True
2025-04-03 17:13:24,294 - Quantum Trading Bot - INFO - Starting trading cycle
2025-04-03 17:13:24,295 - Quantum Trading Bot - INFO - Market is closed, waiting...
2025-04-03 17:13:24,295 - Quantum Trading Bot - INFO - Sleeping for 60 seconds
2025-04-03 17:14:22,483 - Trading System - INFO - Trading Bot is alive: True
2025-04-03 17:14:22,483 - Trading System - INFO - Monitor Bot is alive: True
2025-04-03 17:14:22,483 - Trading System - INFO - Improvement Bot is alive: True
2025-04-03 17:14:24,298 - Quantum Trading Bot - INFO - Starting trading cycle
2025-04-03 17:14:24,298 - Quantum Trading Bot - INFO - Market is closed, waiting...
2025-04-03 17:14:24,298 - Quantum Trading Bot - INFO - Sleeping for 60 seconds
2025-04-03 17:15:22,488 - Trading System - INFO - Trading Bot is alive: True
2025-04-03 17:15:22,490 - Trading System - INFO - Monitor Bot is alive: True
2025-04-03 17:15:22,490 - Trading System - INFO - Improvement Bot is alive: True
2025-04-03 17:15:24,304 - Quantum Trading Bot - INFO - Starting trading cycle
2025-04-03 17:15:24,304 - Quantum Trading Bot - INFO - Market is closed, waiting...
2025-04-03 17:15:24,304 - Quantum Trading Bot - INFO - Sleeping for 60 seconds
2025-04-03 17:16:22,492 - Trading System - INFO - Trading Bot is alive: True
2025-04-03 17:16:22,494 - Trading System - INFO - Monitor Bot is alive: True
2025-04-03 17:16:22,494 - Trading System - INFO - Improvement Bot is alive: True
2025-04-03 17:16:24,309 - Quantum Trading Bot - INFO - Starting trading cycle
2025-04-03 17:16:24,310 - Quantum Trading Bot - INFO - Market is closed, waiting...
2025-04-03 17:16:24,310 - Quantum Trading Bot - INFO - Sleeping for 60 seconds
2025-04-03 17:17:22,502 - Trading System - INFO - Trading Bot is alive: True
2025-04-03 17:17:22,503 - Trading System - INFO - Monitor Bot is alive: True
2025-04-03 17:17:22,504 - Trading System - INFO - Improvement Bot is alive: True
2025-04-03 17:17:24,319 - Quantum Trading Bot - INFO - Starting trading cycle
2025-04-03 17:17:24,320 - Quantum Trading Bot - INFO - Market is closed, waiting...
2025-04-03 17:17:24,320 - Quantum Trading Bot - INFO - Sleeping for 60 seconds
2025-04-03 17:18:22,514 - Trading System - INFO - Trading Bot is alive: True
2025-04-03 17:18:22,515 - Trading System - INFO - Monitor Bot is alive: True
2025-04-03 17:18:22,516 - Trading System - INFO - Improvement Bot is alive: True
2025-04-03 17:18:24,327 - Quantum Trading Bot - INFO - Starting trading cycle
2025-04-03 17:18:24,328 - Quantum Trading Bot - INFO - Market is closed, waiting...
2025-04-03 17:18:24,328 - Quantum Trading Bot - INFO - Sleeping for 60 seconds
2025-04-03 17:19:22,521 - Trading System - INFO - Trading Bot is alive: True
2025-04-03 17:19:22,521 - Trading System - INFO - Monitor Bot is alive: True
2025-04-03 17:19:22,521 - Trading System - INFO - Improvement Bot is alive: True
2025-04-03 17:19:24,335 - Quantum Trading Bot - INFO - Starting trading cycle
2025-04-03 17:19:24,336 - Quantum Trading Bot - INFO - Market is closed, waiting...
2025-04-03 17:19:24,336 - Quantum Trading Bot - INFO - Sleeping for 60 seconds
2025-04-03 17:20:50,887 - Trading System - INFO - Trading Bot is alive: True
2025-04-03 17:20:50,889 - Trading System - INFO - Monitor Bot is alive: True
2025-04-03 17:20:50,889 - Trading System - INFO - Improvement Bot is alive: True
2025-04-03 17:20:52,702 - Quantum Trading Bot - INFO - Starting trading cycle
2025-04-03 17:20:52,702 - Quantum Trading Bot - INFO - Market is closed, waiting...
2025-04-03 17:20:52,702 - Quantum Trading Bot - INFO - Sleeping for 60 seconds
2025-04-03 17:37:50,395 - Trading System - INFO - Trading Bot is alive: True
2025-04-03 17:37:50,396 - Trading System - INFO - Monitor Bot is alive: True
2025-04-03 17:37:50,397 - Trading System - INFO - Improvement Bot is alive: True
2025-04-03 17:37:52,208 - Quantum Trading Bot - INFO - Starting trading cycle
2025-04-03 17:37:52,208 - Quantum Trading Bot - INFO - Market is closed, waiting...
2025-04-03 17:37:52,208 - Quantum Trading Bot - INFO - Sleeping for 60 seconds
2025-04-03 17:56:00,562 - Trading System - INFO - Trading Bot is alive: True
2025-04-03 17:56:00,564 - Trading System - INFO - Monitor Bot is alive: True
2025-04-03 17:56:00,564 - Trading System - INFO - Improvement Bot is alive: True
2025-04-03 17:56:02,374 - Quantum Trading Bot - INFO - Starting trading cycle
2025-04-03 17:56:02,375 - Quantum Trading Bot - INFO - Market is closed, waiting...
2025-04-03 17:56:02,375 - Quantum Trading Bot - INFO - Sleeping for 60 seconds
2025-04-03 18:31:02,328 - Trading System - INFO - Trading Bot is alive: True
2025-04-03 18:31:02,330 - Trading System - INFO - Monitor Bot is alive: True
2025-04-03 18:31:02,330 - Trading System - INFO - Improvement Bot is alive: True
2025-04-03 18:31:03,194 - Monitor Bot - INFO - Running scheduled task: Quantum System Health Check
2025-04-03 18:31:03,195 - Monitor Bot - INFO - Monitoring quantum system health
2025-04-03 18:31:03,195 - Monitor Bot - INFO - Average quantum error rate: 0.0401
2025-04-03 18:31:03,196 - Monitor Bot - INFO - Task Quantum System Health Check completed successfully
2025-04-03 18:31:03,196 - Monitor Bot - INFO - Running scheduled task: Performance Metrics
2025-04-03 18:31:03,199 - Monitor Bot - INFO - === Performance Metrics ===
2025-04-03 18:31:03,199 - Monitor Bot - INFO - Date: 2025-04-03T15:46:03.804026
2025-04-03 18:31:03,199 - Monitor Bot - INFO - Total Trades: 72
2025-04-03 18:31:03,199 - Monitor Bot - INFO - Win Rate: 55.56%
2025-04-03 18:31:03,199 - Monitor Bot - INFO - Total Profit: $18.27
2025-04-03 18:31:03,199 - Monitor Bot - INFO - Average Profit per Trade: $0.25
2025-04-03 18:31:03,199 - Monitor Bot - INFO - Average Profit Percentage: 0.09%
2025-04-03 18:31:03,199 - Monitor Bot - INFO - Maximum Drawdown: 0.10%
2025-04-03 18:31:03,199 - Monitor Bot - INFO - Quantum Prediction Accuracy: 0.00%
2025-04-03 18:31:03,199 - Monitor Bot - INFO - ============================
2025-04-03 18:31:03,204 - Monitor Bot - INFO - Task Performance Metrics completed successfully
2025-04-03 18:31:04,136 - Quantum Trading Bot - INFO - Starting trading cycle
2025-04-03 18:31:04,137 - Quantum Trading Bot - INFO - Market is closed, waiting...
2025-04-03 18:31:04,137 - Quantum Trading Bot - INFO - Sleeping for 60 seconds
2025-04-03 18:44:34,183 - Trading System - INFO - Trading Bot is alive: True
2025-04-03 18:44:34,184 - Trading System - INFO - Monitor Bot is alive: True
2025-04-03 18:44:34,185 - Trading System - INFO - Improvement Bot is alive: True
2025-04-03 18:44:35,998 - Quantum Trading Bot - INFO - Starting trading cycle
2025-04-03 18:44:35,998 - Quantum Trading Bot - INFO - Market is closed, waiting...
2025-04-03 18:44:35,998 - Quantum Trading Bot - INFO - Sleeping for 60 seconds
2025-04-03 19:02:09,452 - Trading System - INFO - Trading Bot is alive: True
2025-04-03 19:02:09,452 - Trading System - INFO - Monitor Bot is alive: True
2025-04-03 19:02:09,452 - Trading System - INFO - Improvement Bot is alive: True
2025-04-03 19:02:11,266 - Quantum Trading Bot - INFO - Starting trading cycle
2025-04-03 19:02:11,267 - Quantum Trading Bot - INFO - Market is closed, waiting...
2025-04-03 19:02:11,267 - Quantum Trading Bot - INFO - Sleeping for 60 seconds
2025-04-03 19:16:04,056 - Trading System - INFO - Trading Bot is alive: True
2025-04-03 19:16:04,058 - Trading System - INFO - Monitor Bot is alive: True
2025-04-03 19:16:04,058 - Trading System - INFO - Improvement Bot is alive: True
2025-04-03 19:16:05,870 - Quantum Trading Bot - INFO - Starting trading cycle
2025-04-03 19:16:05,870 - Quantum Trading Bot - INFO - Market is closed, waiting...
2025-04-03 19:16:05,870 - Quantum Trading Bot - INFO - Sleeping for 60 seconds
2025-04-03 19:32:55,930 - Trading System - INFO - Trading Bot is alive: True
2025-04-03 19:32:55,932 - Trading System - INFO - Monitor Bot is alive: True
2025-04-03 19:32:55,932 - Trading System - INFO - Improvement Bot is alive: True
2025-04-03 19:32:56,812 - Monitor Bot - INFO - Running scheduled task: Performance Metrics
2025-04-03 19:32:56,817 - Monitor Bot - INFO - === Performance Metrics ===
2025-04-03 19:32:56,817 - Monitor Bot - INFO - Date: 2025-04-03T15:46:03.804026
2025-04-03 19:32:56,817 - Monitor Bot - INFO - Total Trades: 72
2025-04-03 19:32:56,817 - Monitor Bot - INFO - Win Rate: 55.56%
2025-04-03 19:32:56,817 - Monitor Bot - INFO - Total Profit: $18.27
2025-04-03 19:32:56,817 - Monitor Bot - INFO - Average Profit per Trade: $0.25
2025-04-03 19:32:56,817 - Monitor Bot - INFO - Average Profit Percentage: 0.09%
2025-04-03 19:32:56,817 - Monitor Bot - INFO - Maximum Drawdown: 0.10%
2025-04-03 19:32:56,818 - Monitor Bot - INFO - Quantum Prediction Accuracy: 0.00%
2025-04-03 19:32:56,818 - Monitor Bot - INFO - ============================
2025-04-03 19:32:56,821 - Monitor Bot - INFO - Task Performance Metrics completed successfully
2025-04-03 19:32:57,742 - Quantum Trading Bot - INFO - Starting trading cycle
2025-04-03 19:32:57,742 - Quantum Trading Bot - INFO - Market is closed, waiting...
2025-04-03 19:32:57,743 - Quantum Trading Bot - INFO - Sleeping for 60 seconds
2025-04-03 19:49:40,792 - Trading System - INFO - Trading Bot is alive: True
2025-04-03 19:49:40,792 - Trading System - INFO - Monitor Bot is alive: True
2025-04-03 19:49:40,792 - Trading System - INFO - Improvement Bot is alive: True
2025-04-03 19:49:42,603 - Quantum Trading Bot - INFO - Starting trading cycle
2025-04-03 19:49:42,603 - Quantum Trading Bot - INFO - Market is closed, waiting...
2025-04-03 19:49:42,603 - Quantum Trading Bot - INFO - Sleeping for 60 seconds
2025-04-03 20:06:11,462 - Improvement Bot - INFO - Running scheduled task: System Health Analysis
2025-04-03 20:06:11,466 - Improvement Bot - INFO - Win rate trend: +0.00%
2025-04-03 20:06:11,466 - Improvement Bot - INFO - Profit trend: +0.00%
2025-04-03 20:06:11,467 - Improvement Bot - INFO - System health analysis completed: healthy
2025-04-03 20:06:11,467 - Improvement Bot - INFO - Task System Health Analysis completed successfully
2025-04-03 20:16:40,210 - Trading System - INFO - Trading Bot is alive: True
2025-04-03 20:16:40,210 - Trading System - INFO - Monitor Bot is alive: True
2025-04-03 20:16:40,210 - Trading System - INFO - Improvement Bot is alive: True
2025-04-03 20:16:42,020 - Quantum Trading Bot - INFO - Starting trading cycle
2025-04-03 20:16:42,021 - Quantum Trading Bot - INFO - Market is closed, waiting...
2025-04-03 20:16:42,021 - Quantum Trading Bot - INFO - Sleeping for 60 seconds
2025-04-03 20:33:07,087 - Trading System - INFO - Trading Bot is alive: True
2025-04-03 20:33:07,088 - Trading System - INFO - Monitor Bot is alive: True
2025-04-03 20:33:07,089 - Trading System - INFO - Improvement Bot is alive: True
2025-04-03 20:33:07,980 - Monitor Bot - INFO - Running scheduled task: Performance Metrics
2025-04-03 20:33:07,984 - Monitor Bot - INFO - === Performance Metrics ===
2025-04-03 20:33:07,984 - Monitor Bot - INFO - Date: 2025-04-03T15:46:03.804026
2025-04-03 20:33:07,984 - Monitor Bot - INFO - Total Trades: 72
2025-04-03 20:33:07,984 - Monitor Bot - INFO - Win Rate: 55.56%
2025-04-03 20:33:07,984 - Monitor Bot - INFO - Total Profit: $18.27
2025-04-03 20:33:07,984 - Monitor Bot - INFO - Average Profit per Trade: $0.25
2025-04-03 20:33:07,985 - Monitor Bot - INFO - Average Profit Percentage: 0.09%
2025-04-03 20:33:07,985 - Monitor Bot - INFO - Maximum Drawdown: 0.10%
2025-04-03 20:33:07,985 - Monitor Bot - INFO - Quantum Prediction Accuracy: 0.00%
2025-04-03 20:33:07,985 - Monitor Bot - INFO - ============================
2025-04-03 20:33:07,989 - Monitor Bot - INFO - Task Performance Metrics completed successfully
2025-04-03 20:33:08,898 - Quantum Trading Bot - INFO - Starting trading cycle
2025-04-03 20:33:08,899 - Quantum Trading Bot - INFO - Market is closed, waiting...
2025-04-03 20:33:08,899 - Quantum Trading Bot - INFO - Sleeping for 60 seconds
2025-04-03 20:49:46,038 - Trading System - INFO - Trading Bot is alive: True
2025-04-03 20:49:46,040 - Trading System - INFO - Monitor Bot is alive: True
2025-04-03 20:49:46,040 - Trading System - INFO - Improvement Bot is alive: True
2025-04-03 20:49:47,849 - Quantum Trading Bot - INFO - Starting trading cycle
2025-04-03 20:49:47,849 - Quantum Trading Bot - INFO - Market is closed, waiting...
2025-04-03 20:49:47,849 - Quantum Trading Bot - INFO - Sleeping for 60 seconds
2025-04-03 21:05:48,320 - Trading System - INFO - Trading Bot is alive: True
2025-04-03 21:05:48,320 - Trading System - INFO - Monitor Bot is alive: True
2025-04-03 21:05:48,321 - Trading System - INFO - Improvement Bot is alive: True
2025-04-03 21:05:50,129 - Quantum Trading Bot - INFO - Starting trading cycle
2025-04-03 21:05:50,130 - Quantum Trading Bot - INFO - Market is closed, waiting...
2025-04-03 21:05:50,130 - Quantum Trading Bot - INFO - Sleeping for 60 seconds
2025-04-03 21:18:14,296 - Trading System - INFO - Trading Bot is alive: True
2025-04-03 21:18:14,298 - Trading System - INFO - Monitor Bot is alive: True
2025-04-03 21:18:14,298 - Trading System - INFO - Improvement Bot is alive: True
2025-04-03 21:18:16,105 - Quantum Trading Bot - INFO - Starting trading cycle
2025-04-03 21:18:16,106 - Quantum Trading Bot - INFO - Market is closed, waiting...
2025-04-03 21:18:16,106 - Quantum Trading Bot - INFO - Sleeping for 60 seconds
2025-04-03 21:24:48,713 - Trading System - INFO - Trading Bot is alive: True
2025-04-03 21:24:48,715 - Trading System - INFO - Monitor Bot is alive: True
2025-04-03 21:24:48,715 - Trading System - INFO - Improvement Bot is alive: True
2025-04-03 21:24:50,509 - Quantum Trading Bot - INFO - Starting trading cycle
2025-04-03 21:24:50,510 - Quantum Trading Bot - INFO - Market is closed, waiting...
2025-04-03 21:24:50,510 - Quantum Trading Bot - INFO - Sleeping for 60 seconds
2025-04-03 21:25:48,714 - Trading System - INFO - Trading Bot is alive: True
2025-04-03 21:25:48,715 - Trading System - INFO - Monitor Bot is alive: True
2025-04-03 21:25:48,715 - Trading System - INFO - Improvement Bot is alive: True
2025-04-03 21:25:50,512 - Quantum Trading Bot - INFO - Starting trading cycle
2025-04-03 21:25:50,513 - Quantum Trading Bot - INFO - Market is closed, waiting...
2025-04-03 21:25:50,513 - Quantum Trading Bot - INFO - Sleeping for 60 seconds
2025-04-03 21:26:48,715 - Trading System - INFO - Trading Bot is alive: True
2025-04-03 21:26:48,717 - Trading System - INFO - Monitor Bot is alive: True
2025-04-03 21:26:48,717 - Trading System - INFO - Improvement Bot is alive: True
2025-04-03 21:26:50,516 - Quantum Trading Bot - INFO - Starting trading cycle
2025-04-03 21:26:50,516 - Quantum Trading Bot - INFO - Market is closed, waiting...
2025-04-03 21:26:50,516 - Quantum Trading Bot - INFO - Sleeping for 60 seconds
2025-04-03 21:27:48,719 - Trading System - INFO - Trading Bot is alive: True
2025-04-03 21:27:48,720 - Trading System - INFO - Monitor Bot is alive: True
2025-04-03 21:27:48,720 - Trading System - INFO - Improvement Bot is alive: True
2025-04-03 21:27:50,519 - Quantum Trading Bot - INFO - Starting trading cycle
2025-04-03 21:27:50,520 - Quantum Trading Bot - INFO - Market is closed, waiting...
2025-04-03 21:27:50,520 - Quantum Trading Bot - INFO - Sleeping for 60 seconds
2025-04-03 21:28:48,722 - Trading System - INFO - Trading Bot is alive: True
2025-04-03 21:28:48,723 - Trading System - INFO - Monitor Bot is alive: True
2025-04-03 21:28:48,724 - Trading System - INFO - Improvement Bot is alive: True
2025-04-03 21:28:50,523 - Quantum Trading Bot - INFO - Starting trading cycle
2025-04-03 21:28:50,524 - Quantum Trading Bot - INFO - Market is closed, waiting...
2025-04-03 21:28:50,524 - Quantum Trading Bot - INFO - Sleeping for 60 seconds
2025-04-03 21:29:48,726 - Trading System - INFO - Trading Bot is alive: True
2025-04-03 21:29:48,726 - Trading System - INFO - Monitor Bot is alive: True
2025-04-03 21:29:48,726 - Trading System - INFO - Improvement Bot is alive: True
2025-04-03 21:29:50,529 - Quantum Trading Bot - INFO - Starting trading cycle
2025-04-03 21:29:50,530 - Quantum Trading Bot - INFO - Market is closed, waiting...
2025-04-03 21:29:50,530 - Quantum Trading Bot - INFO - Sleeping for 60 seconds
2025-04-03 21:30:48,732 - Trading System - INFO - Trading Bot is alive: True
2025-04-03 21:30:48,733 - Trading System - INFO - Monitor Bot is alive: True
2025-04-03 21:30:48,733 - Trading System - INFO - Improvement Bot is alive: True
2025-04-03 21:30:50,535 - Quantum Trading Bot - INFO - Starting trading cycle
2025-04-03 21:30:50,536 - Quantum Trading Bot - INFO - Market is closed, waiting...
2025-04-03 21:30:50,536 - Quantum Trading Bot - INFO - Sleeping for 60 seconds
2025-04-03 21:31:48,735 - Trading System - INFO - Trading Bot is alive: True
2025-04-03 21:31:48,736 - Trading System - INFO - Monitor Bot is alive: True
2025-04-03 21:31:48,736 - Trading System - INFO - Improvement Bot is alive: True
2025-04-03 21:31:49,643 - Monitor Bot - INFO - Running scheduled task: Quantum System Health Check
2025-04-03 21:31:49,643 - Monitor Bot - INFO - Monitoring quantum system health
2025-04-03 21:31:49,645 - Monitor Bot - INFO - Average quantum error rate: 0.0401
2025-04-03 21:31:49,646 - Monitor Bot - INFO - Task Quantum System Health Check completed successfully
2025-04-03 21:31:50,543 - Quantum Trading Bot - INFO - Starting trading cycle
2025-04-03 21:31:50,543 - Quantum Trading Bot - INFO - Market is closed, waiting...
2025-04-03 21:31:50,544 - Quantum Trading Bot - INFO - Sleeping for 60 seconds
2025-04-03 21:32:48,739 - Trading System - INFO - Trading Bot is alive: True
2025-04-03 21:32:48,739 - Trading System - INFO - Monitor Bot is alive: True
2025-04-03 21:32:48,740 - Trading System - INFO - Improvement Bot is alive: True
2025-04-03 21:32:50,546 - Quantum Trading Bot - INFO - Starting trading cycle
2025-04-03 21:32:50,546 - Quantum Trading Bot - INFO - Market is closed, waiting...
2025-04-03 21:32:50,547 - Quantum Trading Bot - INFO - Sleeping for 60 seconds
2025-04-03 21:33:48,744 - Trading System - INFO - Trading Bot is alive: True
2025-04-03 21:33:48,746 - Trading System - INFO - Monitor Bot is alive: True
2025-04-03 21:33:48,746 - Trading System - INFO - Improvement Bot is alive: True
2025-04-03 21:33:49,665 - Monitor Bot - INFO - Running scheduled task: Performance Metrics
2025-04-03 21:33:49,671 - Monitor Bot - INFO - === Performance Metrics ===
2025-04-03 21:33:49,671 - Monitor Bot - INFO - Date: 2025-04-03T15:46:03.804026
2025-04-03 21:33:49,671 - Monitor Bot - INFO - Total Trades: 72
2025-04-03 21:33:49,671 - Monitor Bot - INFO - Win Rate: 55.56%
2025-04-03 21:33:49,671 - Monitor Bot - INFO - Total Profit: $18.27
2025-04-03 21:33:49,672 - Monitor Bot - INFO - Average Profit per Trade: $0.25
2025-04-03 21:33:49,672 - Monitor Bot - INFO - Average Profit Percentage: 0.09%
2025-04-03 21:33:49,672 - Monitor Bot - INFO - Maximum Drawdown: 0.10%
2025-04-03 21:33:49,672 - Monitor Bot - INFO - Quantum Prediction Accuracy: 0.00%
2025-04-03 21:33:49,672 - Monitor Bot - INFO - ============================
2025-04-03 21:33:49,712 - Monitor Bot - INFO - Task Performance Metrics completed successfully
2025-04-03 21:33:50,553 - Quantum Trading Bot - INFO - Starting trading cycle
2025-04-03 21:33:50,553 - Quantum Trading Bot - INFO - Market is closed, waiting...
2025-04-03 21:33:50,553 - Quantum Trading Bot - INFO - Sleeping for 60 seconds
2025-04-03 21:34:48,749 - Trading System - INFO - Trading Bot is alive: True
2025-04-03 21:34:48,751 - Trading System - INFO - Monitor Bot is alive: True
2025-04-03 21:34:48,751 - Trading System - INFO - Improvement Bot is alive: True
2025-04-03 21:34:50,558 - Quantum Trading Bot - INFO - Starting trading cycle
2025-04-03 21:34:50,558 - Quantum Trading Bot - INFO - Market is closed, waiting...
2025-04-03 21:34:50,558 - Quantum Trading Bot - INFO - Sleeping for 60 seconds
2025-04-03 21:35:48,754 - Trading System - INFO - Trading Bot is alive: True
2025-04-03 21:35:48,756 - Trading System - INFO - Monitor Bot is alive: True
2025-04-03 21:35:48,756 - Trading System - INFO - Improvement Bot is alive: True
2025-04-03 21:35:50,564 - Quantum Trading Bot - INFO - Starting trading cycle
2025-04-03 21:35:50,564 - Quantum Trading Bot - INFO - Market is closed, waiting...
2025-04-03 21:35:50,564 - Quantum Trading Bot - INFO - Sleeping for 60 seconds
2025-04-03 21:36:48,760 - Trading System - INFO - Trading Bot is alive: True
2025-04-03 21:36:48,760 - Trading System - INFO - Monitor Bot is alive: True
2025-04-03 21:36:48,760 - Trading System - INFO - Improvement Bot is alive: True
2025-04-03 21:36:50,568 - Quantum Trading Bot - INFO - Starting trading cycle
2025-04-03 21:36:50,568 - Quantum Trading Bot - INFO - Market is closed, waiting...
2025-04-03 21:36:50,568 - Quantum Trading Bot - INFO - Sleeping for 60 seconds
2025-04-03 21:37:48,761 - Trading System - INFO - Trading Bot is alive: True
2025-04-03 21:37:48,763 - Trading System - INFO - Monitor Bot is alive: True
2025-04-03 21:37:48,763 - Trading System - INFO - Improvement Bot is alive: True
2025-04-03 21:37:50,569 - Quantum Trading Bot - INFO - Starting trading cycle
2025-04-03 21:37:50,571 - Quantum Trading Bot - INFO - Market is closed, waiting...
2025-04-03 21:37:50,571 - Quantum Trading Bot - INFO - Sleeping for 60 seconds
2025-04-03 21:38:48,768 - Trading System - INFO - Trading Bot is alive: True
2025-04-03 21:38:48,771 - Trading System - INFO - Monitor Bot is alive: True
2025-04-03 21:38:48,771 - Trading System - INFO - Improvement Bot is alive: True
2025-04-03 21:38:50,572 - Quantum Trading Bot - INFO - Starting trading cycle
2025-04-03 21:38:50,572 - Quantum Trading Bot - INFO - Market is closed, waiting...
2025-04-03 21:38:50,573 - Quantum Trading Bot - INFO - Sleeping for 60 seconds
2025-04-03 21:39:48,777 - Trading System - INFO - Trading Bot is alive: True
2025-04-03 21:39:48,779 - Trading System - INFO - Monitor Bot is alive: True
2025-04-03 21:39:48,779 - Trading System - INFO - Improvement Bot is alive: True
2025-04-03 21:39:50,573 - Quantum Trading Bot - INFO - Starting trading cycle
2025-04-03 21:39:50,574 - Quantum Trading Bot - INFO - Market is closed, waiting...
2025-04-03 21:39:50,574 - Quantum Trading Bot - INFO - Sleeping for 60 seconds
2025-04-03 21:40:48,784 - Trading System - INFO - Trading Bot is alive: True
2025-04-03 21:40:48,785 - Trading System - INFO - Monitor Bot is alive: True
2025-04-03 21:40:48,785 - Trading System - INFO - Improvement Bot is alive: True
2025-04-03 21:40:50,578 - Quantum Trading Bot - INFO - Starting trading cycle
2025-04-03 21:40:50,579 - Quantum Trading Bot - INFO - Market is closed, waiting...
2025-04-03 21:40:50,579 - Quantum Trading Bot - INFO - Sleeping for 60 seconds
2025-04-03 21:41:48,788 - Trading System - INFO - Trading Bot is alive: True
2025-04-03 21:41:48,789 - Trading System - INFO - Monitor Bot is alive: True
2025-04-03 21:41:48,789 - Trading System - INFO - Improvement Bot is alive: True
2025-04-03 21:41:50,582 - Quantum Trading Bot - INFO - Starting trading cycle
2025-04-03 21:41:50,582 - Quantum Trading Bot - INFO - Market is closed, waiting...
2025-04-03 21:41:50,582 - Quantum Trading Bot - INFO - Sleeping for 60 seconds
2025-04-03 21:42:48,794 - Trading System - INFO - Trading Bot is alive: True
2025-04-03 21:42:48,794 - Trading System - INFO - Monitor Bot is alive: True
2025-04-03 21:42:48,795 - Trading System - INFO - Improvement Bot is alive: True
2025-04-03 21:42:50,583 - Quantum Trading Bot - INFO - Starting trading cycle
2025-04-03 21:42:50,584 - Quantum Trading Bot - INFO - Market is closed, waiting...
2025-04-03 21:42:50,584 - Quantum Trading Bot - INFO - Sleeping for 60 seconds
2025-04-03 21:43:48,800 - Trading System - INFO - Trading Bot is alive: True
2025-04-03 21:43:48,801 - Trading System - INFO - Monitor Bot is alive: True
2025-04-03 21:43:48,802 - Trading System - INFO - Improvement Bot is alive: True
2025-04-03 21:43:50,587 - Quantum Trading Bot - INFO - Starting trading cycle
2025-04-03 21:43:50,587 - Quantum Trading Bot - INFO - Market is closed, waiting...
2025-04-03 21:43:50,588 - Quantum Trading Bot - INFO - Sleeping for 60 seconds
2025-04-03 21:44:48,807 - Trading System - INFO - Trading Bot is alive: True
2025-04-03 21:44:48,807 - Trading System - INFO - Monitor Bot is alive: True
2025-04-03 21:44:48,807 - Trading System - INFO - Improvement Bot is alive: True
2025-04-03 21:44:50,589 - Quantum Trading Bot - INFO - Starting trading cycle
2025-04-03 21:44:50,590 - Quantum Trading Bot - INFO - Market is closed, waiting...
2025-04-03 21:44:50,590 - Quantum Trading Bot - INFO - Sleeping for 60 seconds
2025-04-03 21:45:48,812 - Trading System - INFO - Trading Bot is alive: True
2025-04-03 21:45:48,813 - Trading System - INFO - Monitor Bot is alive: True
2025-04-03 21:45:48,813 - Trading System - INFO - Improvement Bot is alive: True
2025-04-03 21:45:50,595 - Quantum Trading Bot - INFO - Starting trading cycle
2025-04-03 21:45:50,595 - Quantum Trading Bot - INFO - Market is closed, waiting...
2025-04-03 21:45:50,596 - Quantum Trading Bot - INFO - Sleeping for 60 seconds
2025-04-03 21:46:48,817 - Trading System - INFO - Trading Bot is alive: True
2025-04-03 21:46:48,819 - Trading System - INFO - Monitor Bot is alive: True
2025-04-03 21:46:48,820 - Trading System - INFO - Improvement Bot is alive: True
2025-04-03 21:46:50,597 - Quantum Trading Bot - INFO - Starting trading cycle
2025-04-03 21:46:50,598 - Quantum Trading Bot - INFO - Market is closed, waiting...
2025-04-03 21:46:50,598 - Quantum Trading Bot - INFO - Sleeping for 60 seconds
2025-04-03 21:47:48,827 - Trading System - INFO - Trading Bot is alive: True
2025-04-03 21:47:48,829 - Trading System - INFO - Monitor Bot is alive: True
2025-04-03 21:47:48,829 - Trading System - INFO - Improvement Bot is alive: True
2025-04-03 21:47:50,607 - Quantum Trading Bot - INFO - Starting trading cycle
2025-04-03 21:47:50,608 - Quantum Trading Bot - INFO - Market is closed, waiting...
2025-04-03 21:47:50,608 - Quantum Trading Bot - INFO - Sleeping for 60 seconds
2025-04-03 21:48:48,830 - Trading System - INFO - Trading Bot is alive: True
2025-04-03 21:48:48,831 - Trading System - INFO - Monitor Bot is alive: True
2025-04-03 21:48:48,832 - Trading System - INFO - Improvement Bot is alive: True
2025-04-03 21:48:50,617 - Quantum Trading Bot - INFO - Starting trading cycle
2025-04-03 21:48:50,618 - Quantum Trading Bot - INFO - Market is closed, waiting...
2025-04-03 21:48:50,618 - Quantum Trading Bot - INFO - Sleeping for 60 seconds
2025-04-03 21:49:48,838 - Trading System - INFO - Trading Bot is alive: True
2025-04-03 21:49:48,838 - Trading System - INFO - Monitor Bot is alive: True
2025-04-03 21:49:48,838 - Trading System - INFO - Improvement Bot is alive: True
2025-04-03 21:49:50,628 - Quantum Trading Bot - INFO - Starting trading cycle
2025-04-03 21:49:50,628 - Quantum Trading Bot - INFO - Market is closed, waiting...
2025-04-03 21:49:50,628 - Quantum Trading Bot - INFO - Sleeping for 60 seconds
2025-04-03 21:50:48,848 - Trading System - INFO - Trading Bot is alive: True
2025-04-03 21:50:48,849 - Trading System - INFO - Monitor Bot is alive: True
2025-04-03 21:50:48,849 - Trading System - INFO - Improvement Bot is alive: True
2025-04-03 21:50:50,632 - Quantum Trading Bot - INFO - Starting trading cycle
2025-04-03 21:50:50,633 - Quantum Trading Bot - INFO - Market is closed, waiting...
2025-04-03 21:50:50,633 - Quantum Trading Bot - INFO - Sleeping for 60 seconds
2025-04-03 21:51:48,857 - Trading System - INFO - Trading Bot is alive: True
2025-04-03 21:51:48,858 - Trading System - INFO - Monitor Bot is alive: True
2025-04-03 21:51:48,859 - Trading System - INFO - Improvement Bot is alive: True
2025-04-03 21:51:50,634 - Quantum Trading Bot - INFO - Starting trading cycle
2025-04-03 21:51:50,636 - Quantum Trading Bot - INFO - Market is closed, waiting...
2025-04-03 21:51:50,636 - Quantum Trading Bot - INFO - Sleeping for 60 seconds
2025-04-03 21:52:48,864 - Trading System - INFO - Trading Bot is alive: True
2025-04-03 21:52:48,865 - Trading System - INFO - Monitor Bot is alive: True
2025-04-03 21:52:48,865 - Trading System - INFO - Improvement Bot is alive: True
2025-04-03 21:52:50,641 - Quantum Trading Bot - INFO - Starting trading cycle
2025-04-03 21:52:50,642 - Quantum Trading Bot - INFO - Market is closed, waiting...
2025-04-03 21:52:50,642 - Quantum Trading Bot - INFO - Sleeping for 60 seconds
2025-04-03 21:53:48,866 - Trading System - INFO - Trading Bot is alive: True
2025-04-03 21:53:48,868 - Trading System - INFO - Monitor Bot is alive: True
2025-04-03 21:53:48,868 - Trading System - INFO - Improvement Bot is alive: True
2025-04-03 21:53:50,647 - Quantum Trading Bot - INFO - Starting trading cycle
2025-04-03 21:53:50,648 - Quantum Trading Bot - INFO - Market is closed, waiting...
2025-04-03 21:53:50,648 - Quantum Trading Bot - INFO - Sleeping for 60 seconds
2025-04-03 21:54:48,869 - Trading System - INFO - Trading Bot is alive: True
2025-04-03 21:54:48,871 - Trading System - INFO - Monitor Bot is alive: True
2025-04-03 21:54:48,871 - Trading System - INFO - Improvement Bot is alive: True
2025-04-03 21:54:50,653 - Quantum Trading Bot - INFO - Starting trading cycle
2025-04-03 21:54:50,653 - Quantum Trading Bot - INFO - Market is closed, waiting...
2025-04-03 21:54:50,654 - Quantum Trading Bot - INFO - Sleeping for 60 seconds
2025-04-03 21:55:48,876 - Trading System - INFO - Trading Bot is alive: True
2025-04-03 21:55:48,877 - Trading System - INFO - Monitor Bot is alive: True
2025-04-03 21:55:48,877 - Trading System - INFO - Improvement Bot is alive: True
2025-04-03 21:55:50,654 - Quantum Trading Bot - INFO - Starting trading cycle
2025-04-03 21:55:50,654 - Quantum Trading Bot - INFO - Market is closed, waiting...
2025-04-03 21:55:50,655 - Quantum Trading Bot - INFO - Sleeping for 60 seconds
2025-04-03 21:56:48,882 - Trading System - INFO - Trading Bot is alive: True
2025-04-03 21:56:48,883 - Trading System - INFO - Monitor Bot is alive: True
2025-04-03 21:56:48,883 - Trading System - INFO - Improvement Bot is alive: True
2025-04-03 21:56:50,660 - Quantum Trading Bot - INFO - Starting trading cycle
2025-04-03 21:56:50,660 - Quantum Trading Bot - INFO - Market is closed, waiting...
2025-04-03 21:56:50,660 - Quantum Trading Bot - INFO - Sleeping for 60 seconds
2025-04-03 21:57:48,886 - Trading System - INFO - Trading Bot is alive: True
2025-04-03 21:57:48,889 - Trading System - INFO - Monitor Bot is alive: True
2025-04-03 21:57:48,889 - Trading System - INFO - Improvement Bot is alive: True
2025-04-03 21:57:50,665 - Quantum Trading Bot - INFO - Starting trading cycle
2025-04-03 21:57:50,666 - Quantum Trading Bot - INFO - Market is closed, waiting...
2025-04-03 21:57:50,666 - Quantum Trading Bot - INFO - Sleeping for 60 seconds
2025-04-03 21:58:48,894 - Trading System - INFO - Trading Bot is alive: True
2025-04-03 21:58:48,896 - Trading System - INFO - Monitor Bot is alive: True
2025-04-03 21:58:48,896 - Trading System - INFO - Improvement Bot is alive: True
2025-04-03 21:58:50,671 - Quantum Trading Bot - INFO - Starting trading cycle
2025-04-03 21:58:50,672 - Quantum Trading Bot - INFO - Market is closed, waiting...
2025-04-03 21:58:50,672 - Quantum Trading Bot - INFO - Sleeping for 60 seconds
2025-04-03 21:59:48,899 - Trading System - INFO - Trading Bot is alive: True
2025-04-03 21:59:48,901 - Trading System - INFO - Monitor Bot is alive: True
2025-04-03 21:59:48,901 - Trading System - INFO - Improvement Bot is alive: True
2025-04-03 21:59:50,677 - Quantum Trading Bot - INFO - Starting trading cycle
2025-04-03 21:59:50,677 - Quantum Trading Bot - INFO - Market is closed, waiting...
2025-04-03 21:59:50,677 - Quantum Trading Bot - INFO - Sleeping for 60 seconds
2025-04-03 22:00:48,902 - Trading System - INFO - Trading Bot is alive: True
2025-04-03 22:00:48,904 - Trading System - INFO - Monitor Bot is alive: True
2025-04-03 22:00:48,904 - Trading System - INFO - Improvement Bot is alive: True
2025-04-03 22:00:50,682 - Quantum Trading Bot - INFO - Starting trading cycle
2025-04-03 22:00:50,682 - Quantum Trading Bot - INFO - Market is closed, waiting...
2025-04-03 22:00:50,683 - Quantum Trading Bot - INFO - Sleeping for 60 seconds
2025-04-03 22:01:48,909 - Trading System - INFO - Trading Bot is alive: True
2025-04-03 22:01:48,911 - Trading System - INFO - Monitor Bot is alive: True
2025-04-03 22:01:48,911 - Trading System - INFO - Improvement Bot is alive: True
2025-04-03 22:01:50,688 - Quantum Trading Bot - INFO - Starting trading cycle
2025-04-03 22:01:50,688 - Quantum Trading Bot - INFO - Market is closed, waiting...
2025-04-03 22:01:50,688 - Quantum Trading Bot - INFO - Sleeping for 60 seconds
2025-04-03 22:02:48,916 - Trading System - INFO - Trading Bot is alive: True
2025-04-03 22:02:48,916 - Trading System - INFO - Monitor Bot is alive: True
2025-04-03 22:02:48,916 - Trading System - INFO - Improvement Bot is alive: True
2025-04-03 22:02:50,693 - Quantum Trading Bot - INFO - Starting trading cycle
2025-04-03 22:02:50,694 - Quantum Trading Bot - INFO - Market is closed, waiting...
2025-04-03 22:02:50,694 - Quantum Trading Bot - INFO - Sleeping for 60 seconds
2025-04-03 22:03:48,920 - Trading System - INFO - Trading Bot is alive: True
2025-04-03 22:03:48,922 - Trading System - INFO - Monitor Bot is alive: True
2025-04-03 22:03:48,922 - Trading System - INFO - Improvement Bot is alive: True
2025-04-03 22:03:50,695 - Quantum Trading Bot - INFO - Starting trading cycle
2025-04-03 22:03:50,695 - Quantum Trading Bot - INFO - Market is closed, waiting...
2025-04-03 22:03:50,695 - Quantum Trading Bot - INFO - Sleeping for 60 seconds
2025-04-03 22:04:48,927 - Trading System - INFO - Trading Bot is alive: True
2025-04-03 22:04:48,929 - Trading System - INFO - Monitor Bot is alive: True
2025-04-03 22:04:48,929 - Trading System - INFO - Improvement Bot is alive: True
2025-04-03 22:04:50,698 - Quantum Trading Bot - INFO - Starting trading cycle
2025-04-03 22:04:50,698 - Quantum Trading Bot - INFO - Market is closed, waiting...
2025-04-03 22:04:50,698 - Quantum Trading Bot - INFO - Sleeping for 60 seconds
2025-04-03 22:05:48,931 - Trading System - INFO - Trading Bot is alive: True
2025-04-03 22:05:48,934 - Trading System - INFO - Monitor Bot is alive: True
2025-04-03 22:05:48,934 - Trading System - INFO - Improvement Bot is alive: True
2025-04-03 22:05:50,700 - Quantum Trading Bot - INFO - Starting trading cycle
2025-04-03 22:05:50,700 - Quantum Trading Bot - INFO - Market is closed, waiting...
2025-04-03 22:05:50,700 - Quantum Trading Bot - INFO - Sleeping for 60 seconds
2025-04-03 22:06:48,937 - Trading System - INFO - Trading Bot is alive: True
2025-04-03 22:06:48,938 - Trading System - INFO - Monitor Bot is alive: True
2025-04-03 22:06:48,938 - Trading System - INFO - Improvement Bot is alive: True
2025-04-03 22:06:50,705 - Quantum Trading Bot - INFO - Starting trading cycle
2025-04-03 22:06:50,706 - Quantum Trading Bot - INFO - Market is closed, waiting...
2025-04-03 22:06:50,706 - Quantum Trading Bot - INFO - Sleeping for 60 seconds
2025-04-03 22:07:48,942 - Trading System - INFO - Trading Bot is alive: True
2025-04-03 22:07:48,944 - Trading System - INFO - Monitor Bot is alive: True
2025-04-03 22:07:48,944 - Trading System - INFO - Improvement Bot is alive: True
2025-04-03 22:07:50,708 - Quantum Trading Bot - INFO - Starting trading cycle
2025-04-03 22:07:50,709 - Quantum Trading Bot - INFO - Market is closed, waiting...
2025-04-03 22:07:50,709 - Quantum Trading Bot - INFO - Sleeping for 60 seconds
2025-04-03 22:08:48,949 - Trading System - INFO - Trading Bot is alive: True
2025-04-03 22:08:48,951 - Trading System - INFO - Monitor Bot is alive: True
2025-04-03 22:08:48,951 - Trading System - INFO - Improvement Bot is alive: True
2025-04-03 22:08:50,712 - Quantum Trading Bot - INFO - Starting trading cycle
2025-04-03 22:08:50,714 - Quantum Trading Bot - INFO - Market is closed, waiting...
2025-04-03 22:08:50,714 - Quantum Trading Bot - INFO - Sleeping for 60 seconds
2025-04-03 22:09:48,953 - Trading System - INFO - Trading Bot is alive: True
2025-04-03 22:09:48,954 - Trading System - INFO - Monitor Bot is alive: True
2025-04-03 22:09:48,955 - Trading System - INFO - Improvement Bot is alive: True
2025-04-03 22:09:50,715 - Quantum Trading Bot - INFO - Starting trading cycle
2025-04-03 22:09:50,715 - Quantum Trading Bot - INFO - Market is closed, waiting...
2025-04-03 22:09:50,715 - Quantum Trading Bot - INFO - Sleeping for 60 seconds
2025-04-03 22:10:48,959 - Trading System - INFO - Trading Bot is alive: True
2025-04-03 22:10:48,961 - Trading System - INFO - Monitor Bot is alive: True
2025-04-03 22:10:48,961 - Trading System - INFO - Improvement Bot is alive: True
2025-04-03 22:10:50,720 - Quantum Trading Bot - INFO - Starting trading cycle
2025-04-03 22:10:50,720 - Quantum Trading Bot - INFO - Market is closed, waiting...
2025-04-03 22:10:50,721 - Quantum Trading Bot - INFO - Sleeping for 60 seconds
2025-04-03 22:11:48,965 - Trading System - INFO - Trading Bot is alive: True
2025-04-03 22:11:48,967 - Trading System - INFO - Monitor Bot is alive: True
2025-04-03 22:11:48,967 - Trading System - INFO - Improvement Bot is alive: True
2025-04-03 22:11:50,725 - Quantum Trading Bot - INFO - Starting trading cycle
2025-04-03 22:11:50,725 - Quantum Trading Bot - INFO - Market is closed, waiting...
2025-04-03 22:11:50,726 - Quantum Trading Bot - INFO - Sleeping for 60 seconds
2025-04-03 22:12:48,968 - Trading System - INFO - Trading Bot is alive: True
2025-04-03 22:12:48,969 - Trading System - INFO - Monitor Bot is alive: True
2025-04-03 22:12:48,969 - Trading System - INFO - Improvement Bot is alive: True
2025-04-03 22:12:50,728 - Quantum Trading Bot - INFO - Starting trading cycle
2025-04-03 22:12:50,728 - Quantum Trading Bot - INFO - Market is closed, waiting...
2025-04-03 22:12:50,728 - Quantum Trading Bot - INFO - Sleeping for 60 seconds
2025-04-03 22:13:48,974 - Trading System - INFO - Trading Bot is alive: True
2025-04-03 22:13:48,975 - Trading System - INFO - Monitor Bot is alive: True
2025-04-03 22:13:48,975 - Trading System - INFO - Improvement Bot is alive: True
2025-04-03 22:13:50,733 - Quantum Trading Bot - INFO - Starting trading cycle
2025-04-03 22:13:50,733 - Quantum Trading Bot - INFO - Market is closed, waiting...
2025-04-03 22:13:50,734 - Quantum Trading Bot - INFO - Sleeping for 60 seconds
2025-04-03 22:14:48,980 - Trading System - INFO - Trading Bot is alive: True
2025-04-03 22:14:48,981 - Trading System - INFO - Monitor Bot is alive: True
2025-04-03 22:14:48,982 - Trading System - INFO - Improvement Bot is alive: True
2025-04-03 22:14:50,735 - Quantum Trading Bot - INFO - Starting trading cycle
2025-04-03 22:14:50,736 - Quantum Trading Bot - INFO - Market is closed, waiting...
2025-04-03 22:14:50,736 - Quantum Trading Bot - INFO - Sleeping for 60 seconds
2025-04-03 22:15:48,985 - Trading System - INFO - Trading Bot is alive: True
2025-04-03 22:15:48,987 - Trading System - INFO - Monitor Bot is alive: True
2025-04-03 22:15:48,987 - Trading System - INFO - Improvement Bot is alive: True
2025-04-03 22:15:50,737 - Quantum Trading Bot - INFO - Starting trading cycle
2025-04-03 22:15:50,738 - Quantum Trading Bot - INFO - Market is closed, waiting...
2025-04-03 22:15:50,738 - Quantum Trading Bot - INFO - Sleeping for 60 seconds
2025-04-03 22:16:48,988 - Trading System - INFO - Trading Bot is alive: True
2025-04-03 22:16:48,990 - Trading System - INFO - Monitor Bot is alive: True
2025-04-03 22:16:48,990 - Trading System - INFO - Improvement Bot is alive: True
2025-04-03 22:16:50,741 - Quantum Trading Bot - INFO - Starting trading cycle
2025-04-03 22:16:50,741 - Quantum Trading Bot - INFO - Market is closed, waiting...
2025-04-03 22:16:50,741 - Quantum Trading Bot - INFO - Sleeping for 60 seconds
2025-04-03 22:17:48,995 - Trading System - INFO - Trading Bot is alive: True
2025-04-03 22:17:48,996 - Trading System - INFO - Monitor Bot is alive: True
2025-04-03 22:17:48,996 - Trading System - INFO - Improvement Bot is alive: True
2025-04-03 22:17:50,744 - Quantum Trading Bot - INFO - Starting trading cycle
2025-04-03 22:17:50,745 - Quantum Trading Bot - INFO - Market is closed, waiting...
2025-04-03 22:17:50,745 - Quantum Trading Bot - INFO - Sleeping for 60 seconds
2025-04-03 22:18:48,996 - Trading System - INFO - Trading Bot is alive: True
2025-04-03 22:18:48,998 - Trading System - INFO - Monitor Bot is alive: True
2025-04-03 22:18:48,998 - Trading System - INFO - Improvement Bot is alive: True
2025-04-03 22:18:50,749 - Quantum Trading Bot - INFO - Starting trading cycle
2025-04-03 22:18:50,749 - Quantum Trading Bot - INFO - Market is closed, waiting...
2025-04-03 22:18:50,749 - Quantum Trading Bot - INFO - Sleeping for 60 seconds
2025-04-03 22:19:47,791 - Improvement Bot - INFO - Running scheduled task: Quantum Error Analysis
2025-04-03 22:19:47,793 - Improvement Bot - INFO - Analyzing quantum error rates
2025-04-03 22:19:47,796 - Improvement Bot - INFO - Quantum error analysis completed: avg error 0.0376, trend +0.0069
2025-04-03 22:19:47,797 - Improvement Bot - INFO - Task Quantum Error Analysis completed successfully
2025-04-03 22:19:47,797 - Improvement Bot - INFO - Running scheduled task: System Health Analysis
2025-04-03 22:19:47,804 - Improvement Bot - INFO - Win rate trend: +0.00%
2025-04-03 22:19:47,804 - Improvement Bot - INFO - Profit trend: +0.00%
2025-04-03 22:19:47,805 - Improvement Bot - INFO - System health analysis completed: healthy
2025-04-03 22:19:47,806 - Improvement Bot - INFO - Task System Health Analysis completed successfully
2025-04-03 22:19:49,003 - Trading System - INFO - Trading Bot is alive: True
2025-04-03 22:19:49,004 - Trading System - INFO - Monitor Bot is alive: True
2025-04-03 22:19:49,004 - Trading System - INFO - Improvement Bot is alive: True
2025-04-03 22:19:50,754 - Quantum Trading Bot - INFO - Starting trading cycle
2025-04-03 22:19:50,755 - Quantum Trading Bot - INFO - Market is closed, waiting...
2025-04-03 22:19:50,755 - Quantum Trading Bot - INFO - Sleeping for 60 seconds
2025-04-03 22:20:49,009 - Trading System - INFO - Trading Bot is alive: True
2025-04-03 22:20:49,009 - Trading System - INFO - Monitor Bot is alive: True
2025-04-03 22:20:49,009 - Trading System - INFO - Improvement Bot is alive: True
2025-04-03 22:20:50,756 - Quantum Trading Bot - INFO - Starting trading cycle
2025-04-03 22:20:50,756 - Quantum Trading Bot - INFO - Market is closed, waiting...
2025-04-03 22:20:50,757 - Quantum Trading Bot - INFO - Sleeping for 60 seconds
2025-04-03 22:21:49,014 - Trading System - INFO - Trading Bot is alive: True
2025-04-03 22:21:49,015 - Trading System - INFO - Monitor Bot is alive: True
2025-04-03 22:21:49,015 - Trading System - INFO - Improvement Bot is alive: True
2025-04-03 22:21:50,762 - Quantum Trading Bot - INFO - Starting trading cycle
2025-04-03 22:21:50,762 - Quantum Trading Bot - INFO - Market is closed, waiting...
2025-04-03 22:21:50,763 - Quantum Trading Bot - INFO - Sleeping for 60 seconds
2025-04-03 22:22:49,018 - Trading System - INFO - Trading Bot is alive: True
2025-04-03 22:22:49,019 - Trading System - INFO - Monitor Bot is alive: True
2025-04-03 22:22:49,019 - Trading System - INFO - Improvement Bot is alive: True
2025-04-03 22:22:50,766 - Quantum Trading Bot - INFO - Starting trading cycle
2025-04-03 22:22:50,767 - Quantum Trading Bot - INFO - Market is closed, waiting...
2025-04-03 22:22:50,767 - Quantum Trading Bot - INFO - Sleeping for 60 seconds
2025-04-03 22:23:49,040 - Trading System - INFO - Trading Bot is alive: True
2025-04-03 22:23:49,041 - Trading System - INFO - Monitor Bot is alive: True
2025-04-03 22:23:49,041 - Trading System - INFO - Improvement Bot is alive: True
2025-04-03 22:23:50,787 - Quantum Trading Bot - INFO - Starting trading cycle
2025-04-03 22:23:50,787 - Quantum Trading Bot - INFO - Market is closed, waiting...
2025-04-03 22:23:50,787 - Quantum Trading Bot - INFO - Sleeping for 60 seconds
2025-04-03 22:24:49,044 - Trading System - INFO - Trading Bot is alive: True
2025-04-03 22:24:49,045 - Trading System - INFO - Monitor Bot is alive: True
2025-04-03 22:24:49,045 - Trading System - INFO - Improvement Bot is alive: True
2025-04-03 22:24:50,793 - Quantum Trading Bot - INFO - Starting trading cycle
2025-04-03 22:24:50,794 - Quantum Trading Bot - INFO - Market is closed, waiting...
2025-04-03 22:24:50,794 - Quantum Trading Bot - INFO - Sleeping for 60 seconds
2025-04-03 22:25:49,050 - Trading System - INFO - Trading Bot is alive: True
2025-04-03 22:25:49,051 - Trading System - INFO - Monitor Bot is alive: True
2025-04-03 22:25:49,051 - Trading System - INFO - Improvement Bot is alive: True
2025-04-03 22:25:50,799 - Quantum Trading Bot - INFO - Starting trading cycle
2025-04-03 22:25:50,800 - Quantum Trading Bot - INFO - Market is closed, waiting...
2025-04-03 22:25:50,800 - Quantum Trading Bot - INFO - Sleeping for 60 seconds
2025-04-03 22:26:49,055 - Trading System - INFO - Trading Bot is alive: True
2025-04-03 22:26:49,055 - Trading System - INFO - Monitor Bot is alive: True
2025-04-03 22:26:49,056 - Trading System - INFO - Improvement Bot is alive: True
2025-04-03 22:26:50,801 - Quantum Trading Bot - INFO - Starting trading cycle
2025-04-03 22:26:50,801 - Quantum Trading Bot - INFO - Market is closed, waiting...
2025-04-03 22:26:50,801 - Quantum Trading Bot - INFO - Sleeping for 60 seconds
2025-04-03 22:27:49,061 - Trading System - INFO - Trading Bot is alive: True
2025-04-03 22:27:49,061 - Trading System - INFO - Monitor Bot is alive: True
2025-04-03 22:27:49,061 - Trading System - INFO - Improvement Bot is alive: True
2025-04-03 22:27:50,805 - Quantum Trading Bot - INFO - Starting trading cycle
2025-04-03 22:27:50,805 - Quantum Trading Bot - INFO - Market is closed, waiting...
2025-04-03 22:27:50,806 - Quantum Trading Bot - INFO - Sleeping for 60 seconds
2025-04-03 22:28:49,067 - Trading System - INFO - Trading Bot is alive: True
2025-04-03 22:28:49,067 - Trading System - INFO - Monitor Bot is alive: True
2025-04-03 22:28:49,067 - Trading System - INFO - Improvement Bot is alive: True
2025-04-03 22:28:50,809 - Quantum Trading Bot - INFO - Starting trading cycle
2025-04-03 22:28:50,809 - Quantum Trading Bot - INFO - Market is closed, waiting...
2025-04-03 22:28:50,809 - Quantum Trading Bot - INFO - Sleeping for 60 seconds
2025-04-03 22:29:49,071 - Trading System - INFO - Trading Bot is alive: True
2025-04-03 22:29:49,072 - Trading System - INFO - Monitor Bot is alive: True
2025-04-03 22:29:49,072 - Trading System - INFO - Improvement Bot is alive: True
2025-04-03 22:29:50,815 - Quantum Trading Bot - INFO - Starting trading cycle
2025-04-03 22:29:50,815 - Quantum Trading Bot - INFO - Market is closed, waiting...
2025-04-03 22:29:50,815 - Quantum Trading Bot - INFO - Sleeping for 60 seconds
2025-04-03 22:30:49,077 - Trading System - INFO - Trading Bot is alive: True
2025-04-03 22:30:49,077 - Trading System - INFO - Monitor Bot is alive: True
2025-04-03 22:30:49,077 - Trading System - INFO - Improvement Bot is alive: True
2025-04-03 22:30:50,818 - Quantum Trading Bot - INFO - Starting trading cycle
2025-04-03 22:30:50,819 - Quantum Trading Bot - INFO - Market is closed, waiting...
2025-04-03 22:30:50,819 - Quantum Trading Bot - INFO - Sleeping for 60 seconds
2025-04-03 22:31:49,079 - Trading System - INFO - Trading Bot is alive: True
2025-04-03 22:31:49,079 - Trading System - INFO - Monitor Bot is alive: True
2025-04-03 22:31:49,079 - Trading System - INFO - Improvement Bot is alive: True
2025-04-03 22:31:50,829 - Quantum Trading Bot - INFO - Starting trading cycle
2025-04-03 22:31:50,830 - Quantum Trading Bot - INFO - Market is closed, waiting...
2025-04-03 22:31:50,830 - Quantum Trading Bot - INFO - Sleeping for 60 seconds
2025-04-03 22:32:49,089 - Trading System - INFO - Trading Bot is alive: True
2025-04-03 22:32:49,089 - Trading System - INFO - Monitor Bot is alive: True
2025-04-03 22:32:49,089 - Trading System - INFO - Improvement Bot is alive: True
2025-04-03 22:32:50,832 - Quantum Trading Bot - INFO - Starting trading cycle
2025-04-03 22:32:50,833 - Quantum Trading Bot - INFO - Market is closed, waiting...
2025-04-03 22:32:50,833 - Quantum Trading Bot - INFO - Sleeping for 60 seconds
2025-04-03 22:33:49,094 - Trading System - INFO - Trading Bot is alive: True
2025-04-03 22:33:49,094 - Trading System - INFO - Monitor Bot is alive: True
2025-04-03 22:33:49,095 - Trading System - INFO - Improvement Bot is alive: True
2025-04-03 22:33:50,056 - Monitor Bot - INFO - Running scheduled task: Performance Metrics
2025-04-03 22:33:50,062 - Monitor Bot - INFO - === Performance Metrics ===
2025-04-03 22:33:50,062 - Monitor Bot - INFO - Date: 2025-04-03T15:46:03.804026
2025-04-03 22:33:50,062 - Monitor Bot - INFO - Total Trades: 72
2025-04-03 22:33:50,062 - Monitor Bot - INFO - Win Rate: 55.56%
2025-04-03 22:33:50,062 - Monitor Bot - INFO - Total Profit: $18.27
2025-04-03 22:33:50,062 - Monitor Bot - INFO - Average Profit per Trade: $0.25
2025-04-03 22:33:50,062 - Monitor Bot - INFO - Average Profit Percentage: 0.09%
2025-04-03 22:33:50,062 - Monitor Bot - INFO - Maximum Drawdown: 0.10%
2025-04-03 22:33:50,062 - Monitor Bot - INFO - Quantum Prediction Accuracy: 0.00%
2025-04-03 22:33:50,062 - Monitor Bot - INFO - ============================
2025-04-03 22:33:50,071 - Monitor Bot - INFO - Task Performance Metrics completed successfully
2025-04-03 22:33:50,841 - Quantum Trading Bot - INFO - Starting trading cycle
2025-04-03 22:33:50,842 - Quantum Trading Bot - INFO - Market is closed, waiting...
2025-04-03 22:33:50,842 - Quantum Trading Bot - INFO - Sleeping for 60 seconds
2025-04-03 22:34:49,057 - Trading System - INFO - Trading Bot is alive: True
2025-04-03 22:34:49,058 - Trading System - INFO - Monitor Bot is alive: True
2025-04-03 22:34:49,058 - Trading System - INFO - Improvement Bot is alive: True
2025-04-03 22:34:50,810 - Quantum Trading Bot - INFO - Starting trading cycle
2025-04-03 22:34:50,810 - Quantum Trading Bot - INFO - Market is closed, waiting...
2025-04-03 22:34:50,810 - Quantum Trading Bot - INFO - Sleeping for 60 seconds
2025-04-03 22:51:13,412 - Trading System - INFO - Trading Bot is alive: True
2025-04-03 22:51:13,413 - Trading System - INFO - Monitor Bot is alive: True
2025-04-03 22:51:13,413 - Trading System - INFO - Improvement Bot is alive: True
2025-04-03 22:51:15,165 - Quantum Trading Bot - INFO - Starting trading cycle
2025-04-03 22:51:15,166 - Quantum Trading Bot - INFO - Market is closed, waiting...
2025-04-03 22:51:15,166 - Quantum Trading Bot - INFO - Sleeping for 60 seconds
2025-04-03 23:07:16,266 - Trading System - INFO - Trading Bot is alive: True
2025-04-03 23:07:16,267 - Trading System - INFO - Monitor Bot is alive: True
2025-04-03 23:07:16,267 - Trading System - INFO - Improvement Bot is alive: True
2025-04-03 23:07:18,018 - Quantum Trading Bot - INFO - Starting trading cycle
2025-04-03 23:07:18,018 - Quantum Trading Bot - INFO - Market is closed, waiting...
2025-04-03 23:07:18,018 - Quantum Trading Bot - INFO - Sleeping for 60 seconds
2025-04-03 23:23:34,197 - Trading System - INFO - Trading Bot is alive: True
2025-04-03 23:23:34,198 - Trading System - INFO - Monitor Bot is alive: True
2025-04-03 23:23:34,198 - Trading System - INFO - Improvement Bot is alive: True
2025-04-03 23:23:35,948 - Quantum Trading Bot - INFO - Starting trading cycle
2025-04-03 23:23:35,949 - Quantum Trading Bot - INFO - Market is closed, waiting...
2025-04-03 23:23:35,949 - Quantum Trading Bot - INFO - Sleeping for 60 seconds
2025-04-03 23:40:43,148 - Trading System - INFO - Trading Bot is alive: True
2025-04-03 23:40:43,149 - Trading System - INFO - Monitor Bot is alive: True
2025-04-03 23:40:43,149 - Trading System - INFO - Improvement Bot is alive: True
2025-04-03 23:40:44,131 - Monitor Bot - INFO - Running scheduled task: Performance Metrics
2025-04-03 23:40:44,136 - Monitor Bot - INFO - === Performance Metrics ===
2025-04-03 23:40:44,137 - Monitor Bot - INFO - Date: 2025-04-03T15:46:03.804026
2025-04-03 23:40:44,137 - Monitor Bot - INFO - Total Trades: 72
2025-04-03 23:40:44,137 - Monitor Bot - INFO - Win Rate: 55.56%
2025-04-03 23:40:44,137 - Monitor Bot - INFO - Total Profit: $18.27
2025-04-03 23:40:44,137 - Monitor Bot - INFO - Average Profit per Trade: $0.25
2025-04-03 23:40:44,137 - Monitor Bot - INFO - Average Profit Percentage: 0.09%
2025-04-03 23:40:44,137 - Monitor Bot - INFO - Maximum Drawdown: 0.10%
2025-04-03 23:40:44,137 - Monitor Bot - INFO - Quantum Prediction Accuracy: 0.00%
2025-04-03 23:40:44,137 - Monitor Bot - INFO - ============================
2025-04-03 23:40:44,140 - Monitor Bot - INFO - Task Performance Metrics completed successfully
2025-04-03 23:40:44,899 - Quantum Trading Bot - INFO - Starting trading cycle
2025-04-03 23:40:44,899 - Quantum Trading Bot - INFO - Market is closed, waiting...
2025-04-03 23:40:44,899 - Quantum Trading Bot - INFO - Sleeping for 60 seconds
2025-04-03 23:56:51,046 - Trading System - INFO - Trading Bot is alive: True
2025-04-03 23:56:51,047 - Trading System - INFO - Monitor Bot is alive: True
2025-04-03 23:56:51,047 - Trading System - INFO - Improvement Bot is alive: True
2025-04-03 23:56:52,794 - Quantum Trading Bot - INFO - Starting trading cycle
2025-04-03 23:56:52,794 - Quantum Trading Bot - INFO - Market is closed, waiting...
2025-04-03 23:56:52,795 - Quantum Trading Bot - INFO - Sleeping for 60 seconds
2025-04-04 00:13:09,933 - Trading System - INFO - Trading Bot is alive: True
2025-04-04 00:13:09,933 - Trading System - INFO - Monitor Bot is alive: True
2025-04-04 00:13:09,933 - Trading System - INFO - Improvement Bot is alive: True
2025-04-04 00:13:11,684 - Quantum Trading Bot - INFO - Starting trading cycle
2025-04-04 00:13:11,684 - Quantum Trading Bot - INFO - Market is closed, waiting...
2025-04-04 00:13:11,685 - Quantum Trading Bot - INFO - Sleeping for 60 seconds
2025-04-04 00:30:28,806 - Trading System - INFO - Trading Bot is alive: True
2025-04-04 00:30:28,807 - Trading System - INFO - Monitor Bot is alive: True
2025-04-04 00:30:28,807 - Trading System - INFO - Improvement Bot is alive: True
2025-04-04 00:30:30,556 - Quantum Trading Bot - INFO - Starting trading cycle
2025-04-04 00:30:30,557 - Quantum Trading Bot - INFO - Market is closed, waiting...
2025-04-04 00:30:30,557 - Quantum Trading Bot - INFO - Sleeping for 60 seconds
2025-04-04 00:46:38,745 - Trading System - INFO - Trading Bot is alive: True
2025-04-04 00:46:38,747 - Trading System - INFO - Monitor Bot is alive: True
2025-04-04 00:46:38,747 - Trading System - INFO - Improvement Bot is alive: True
2025-04-04 00:46:39,733 - Monitor Bot - INFO - Running scheduled task: Quantum System Health Check
2025-04-04 00:46:39,734 - Monitor Bot - INFO - Monitoring quantum system health
2025-04-04 00:46:39,735 - Monitor Bot - INFO - Average quantum error rate: 0.0401
2025-04-04 00:46:39,736 - Monitor Bot - INFO - Task Quantum System Health Check completed successfully
2025-04-04 00:46:39,736 - Monitor Bot - INFO - Running scheduled task: Performance Metrics
2025-04-04 00:46:39,740 - Monitor Bot - INFO - === Performance Metrics ===
2025-04-04 00:46:39,740 - Monitor Bot - INFO - Date: 2025-04-03T15:46:03.804026
2025-04-04 00:46:39,740 - Monitor Bot - INFO - Total Trades: 72
2025-04-04 00:46:39,740 - Monitor Bot - INFO - Win Rate: 55.56%
2025-04-04 00:46:39,740 - Monitor Bot - INFO - Total Profit: $18.27
2025-04-04 00:46:39,740 - Monitor Bot - INFO - Average Profit per Trade: $0.25
2025-04-04 00:46:39,740 - Monitor Bot - INFO - Average Profit Percentage: 0.09%
2025-04-04 00:46:39,740 - Monitor Bot - INFO - Maximum Drawdown: 0.10%
2025-04-04 00:46:39,740 - Monitor Bot - INFO - Quantum Prediction Accuracy: 0.00%
2025-04-04 00:46:39,740 - Monitor Bot - INFO - ============================
2025-04-04 00:46:39,744 - Monitor Bot - INFO - Task Performance Metrics completed successfully
2025-04-04 00:46:40,495 - Quantum Trading Bot - INFO - Starting trading cycle
2025-04-04 00:46:40,496 - Quantum Trading Bot - INFO - Market is closed, waiting...
2025-04-04 00:46:40,496 - Quantum Trading Bot - INFO - Sleeping for 60 seconds
2025-04-04 01:04:28,302 - Trading System - INFO - Trading Bot is alive: True
2025-04-04 01:04:28,303 - Trading System - INFO - Monitor Bot is alive: True
2025-04-04 01:04:28,303 - Trading System - INFO - Improvement Bot is alive: True
2025-04-04 01:04:30,051 - Quantum Trading Bot - INFO - Starting trading cycle
2025-04-04 01:04:30,051 - Quantum Trading Bot - INFO - Market is closed, waiting...
2025-04-04 01:04:30,051 - Quantum Trading Bot - INFO - Sleeping for 60 seconds
2025-04-04 01:19:30,206 - Trading System - INFO - Trading Bot is alive: True
2025-04-04 01:19:30,207 - Trading System - INFO - Monitor Bot is alive: True
2025-04-04 01:19:30,207 - Trading System - INFO - Improvement Bot is alive: True
2025-04-04 01:19:31,952 - Quantum Trading Bot - INFO - Starting trading cycle
2025-04-04 01:19:31,953 - Quantum Trading Bot - INFO - Market is closed, waiting...
2025-04-04 01:19:31,953 - Quantum Trading Bot - INFO - Sleeping for 60 seconds
2025-04-04 01:35:50,885 - Trading System - INFO - Trading Bot is alive: True
2025-04-04 01:35:50,887 - Trading System - INFO - Monitor Bot is alive: True
2025-04-04 01:35:50,887 - Trading System - INFO - Improvement Bot is alive: True
2025-04-04 01:35:52,633 - Quantum Trading Bot - INFO - Starting trading cycle
2025-04-04 01:35:52,634 - Quantum Trading Bot - INFO - Market is closed, waiting...
2025-04-04 01:35:52,634 - Quantum Trading Bot - INFO - Sleeping for 60 seconds
2025-04-04 01:52:15,824 - Trading System - INFO - Trading Bot is alive: True
2025-04-04 01:52:15,825 - Trading System - INFO - Monitor Bot is alive: True
2025-04-04 01:52:15,826 - Trading System - INFO - Improvement Bot is alive: True
2025-04-04 01:52:16,821 - Monitor Bot - INFO - Running scheduled task: Performance Metrics
2025-04-04 01:52:16,825 - Monitor Bot - INFO - === Performance Metrics ===
2025-04-04 01:52:16,825 - Monitor Bot - INFO - Date: 2025-04-03T15:46:03.804026
2025-04-04 01:52:16,825 - Monitor Bot - INFO - Total Trades: 72
2025-04-04 01:52:16,826 - Monitor Bot - INFO - Win Rate: 55.56%
2025-04-04 01:52:16,826 - Monitor Bot - INFO - Total Profit: $18.27
2025-04-04 01:52:16,826 - Monitor Bot - INFO - Average Profit per Trade: $0.25
2025-04-04 01:52:16,826 - Monitor Bot - INFO - Average Profit Percentage: 0.09%
2025-04-04 01:52:16,826 - Monitor Bot - INFO - Maximum Drawdown: 0.10%
2025-04-04 01:52:16,826 - Monitor Bot - INFO - Quantum Prediction Accuracy: 0.00%
2025-04-04 01:52:16,826 - Monitor Bot - INFO - ============================
2025-04-04 01:52:16,830 - Monitor Bot - INFO - Task Performance Metrics completed successfully
2025-04-04 01:52:17,570 - Quantum Trading Bot - INFO - Starting trading cycle
2025-04-04 01:52:17,571 - Quantum Trading Bot - INFO - Market is closed, waiting...
2025-04-04 01:52:17,571 - Quantum Trading Bot - INFO - Sleeping for 60 seconds
2025-04-04 01:53:15,829 - Trading System - INFO - Trading Bot is alive: True
2025-04-04 01:53:15,830 - Trading System - INFO - Monitor Bot is alive: True
2025-04-04 01:53:15,830 - Trading System - INFO - Improvement Bot is alive: True
2025-04-04 01:53:17,577 - Quantum Trading Bot - INFO - Starting trading cycle
2025-04-04 01:53:17,578 - Quantum Trading Bot - INFO - Market is closed, waiting...
2025-04-04 01:53:17,578 - Quantum Trading Bot - INFO - Sleeping for 60 seconds
2025-04-04 01:54:15,836 - Trading System - INFO - Trading Bot is alive: True
2025-04-04 01:54:15,837 - Trading System - INFO - Monitor Bot is alive: True
2025-04-04 01:54:15,838 - Trading System - INFO - Improvement Bot is alive: True
2025-04-04 01:54:17,580 - Quantum Trading Bot - INFO - Starting trading cycle
2025-04-04 01:54:17,581 - Quantum Trading Bot - INFO - Market is closed, waiting...
2025-04-04 01:54:17,581 - Quantum Trading Bot - INFO - Sleeping for 60 seconds
2025-04-04 01:55:15,847 - Trading System - INFO - Trading Bot is alive: True
2025-04-04 01:55:15,848 - Trading System - INFO - Monitor Bot is alive: True
2025-04-04 01:55:15,848 - Trading System - INFO - Improvement Bot is alive: True
2025-04-04 01:55:17,591 - Quantum Trading Bot - INFO - Starting trading cycle
2025-04-04 01:55:17,591 - Quantum Trading Bot - INFO - Market is closed, waiting...
2025-04-04 01:55:17,591 - Quantum Trading Bot - INFO - Sleeping for 60 seconds
2025-04-04 02:11:14,782 - Trading System - INFO - Trading Bot is alive: True
2025-04-04 02:11:14,783 - Trading System - INFO - Monitor Bot is alive: True
2025-04-04 02:11:14,783 - Trading System - INFO - Improvement Bot is alive: True
2025-04-04 02:11:16,526 - Quantum Trading Bot - INFO - Starting trading cycle
2025-04-04 02:11:16,526 - Quantum Trading Bot - INFO - Market is closed, waiting...
2025-04-04 02:11:16,526 - Quantum Trading Bot - INFO - Sleeping for 60 seconds
2025-04-04 02:12:14,795 - Trading System - INFO - Trading Bot is alive: True
2025-04-04 02:12:14,796 - Trading System - INFO - Monitor Bot is alive: True
2025-04-04 02:12:14,796 - Trading System - INFO - Improvement Bot is alive: True
2025-04-04 02:12:16,537 - Quantum Trading Bot - INFO - Starting trading cycle
2025-04-04 02:12:16,538 - Quantum Trading Bot - INFO - Market is closed, waiting...
2025-04-04 02:12:16,538 - Quantum Trading Bot - INFO - Sleeping for 60 seconds
2025-04-04 02:28:53,763 - Trading System - INFO - Trading Bot is alive: True
2025-04-04 02:28:53,765 - Trading System - INFO - Monitor Bot is alive: True
2025-04-04 02:28:53,765 - Trading System - INFO - Improvement Bot is alive: True
2025-04-04 02:28:55,505 - Quantum Trading Bot - INFO - Starting trading cycle
2025-04-04 02:28:55,505 - Quantum Trading Bot - INFO - Market is closed, waiting...
2025-04-04 02:28:55,506 - Quantum Trading Bot - INFO - Sleeping for 60 seconds
2025-04-04 02:57:23,887 - Trading System - INFO - Trading Bot is alive: True
2025-04-04 02:57:23,889 - Trading System - INFO - Monitor Bot is alive: True
2025-04-04 02:57:23,889 - Trading System - INFO - Improvement Bot is alive: True
2025-04-04 02:57:24,885 - Monitor Bot - INFO - Running scheduled task: Performance Metrics
2025-04-04 02:57:24,889 - Monitor Bot - INFO - === Performance Metrics ===
2025-04-04 02:57:24,889 - Monitor Bot - INFO - Date: 2025-04-03T15:46:03.804026
2025-04-04 02:57:24,889 - Monitor Bot - INFO - Total Trades: 72
2025-04-04 02:57:24,889 - Monitor Bot - INFO - Win Rate: 55.56%
2025-04-04 02:57:24,889 - Monitor Bot - INFO - Total Profit: $18.27
2025-04-04 02:57:24,889 - Monitor Bot - INFO - Average Profit per Trade: $0.25
2025-04-04 02:57:24,890 - Monitor Bot - INFO - Average Profit Percentage: 0.09%
2025-04-04 02:57:24,890 - Monitor Bot - INFO - Maximum Drawdown: 0.10%
2025-04-04 02:57:24,890 - Monitor Bot - INFO - Quantum Prediction Accuracy: 0.00%
2025-04-04 02:57:24,890 - Monitor Bot - INFO - ============================
2025-04-04 02:57:24,894 - Monitor Bot - INFO - Task Performance Metrics completed successfully
2025-04-04 02:57:25,628 - Quantum Trading Bot - INFO - Starting trading cycle
2025-04-04 02:57:25,628 - Quantum Trading Bot - INFO - Market is closed, waiting...
2025-04-04 02:57:25,629 - Quantum Trading Bot - INFO - Sleeping for 60 seconds
2025-04-04 03:15:06,930 - Trading System - INFO - Trading Bot is alive: True
2025-04-04 03:15:06,930 - Trading System - INFO - Monitor Bot is alive: True
2025-04-04 03:15:06,930 - Trading System - INFO - Improvement Bot is alive: True
2025-04-04 03:15:08,669 - Quantum Trading Bot - INFO - Starting trading cycle
2025-04-04 03:15:08,670 - Quantum Trading Bot - INFO - Market is closed, waiting...
2025-04-04 03:15:08,670 - Quantum Trading Bot - INFO - Sleeping for 60 seconds
2025-04-04 03:32:30,799 - Trading System - INFO - Trading Bot is alive: True
2025-04-04 03:32:30,800 - Trading System - INFO - Monitor Bot is alive: True
2025-04-04 03:32:30,801 - Trading System - INFO - Improvement Bot is alive: True
2025-04-04 03:32:32,538 - Quantum Trading Bot - INFO - Starting trading cycle
2025-04-04 03:32:32,539 - Quantum Trading Bot - INFO - Market is closed, waiting...
2025-04-04 03:32:32,539 - Quantum Trading Bot - INFO - Sleeping for 60 seconds
2025-04-04 03:49:27,706 - Trading System - INFO - Trading Bot is alive: True
2025-04-04 03:49:27,706 - Trading System - INFO - Monitor Bot is alive: True
2025-04-04 03:49:27,706 - Trading System - INFO - Improvement Bot is alive: True
2025-04-04 03:49:28,712 - Monitor Bot - INFO - Running scheduled task: Quantum System Health Check
2025-04-04 03:49:28,712 - Monitor Bot - INFO - Monitoring quantum system health
2025-04-04 03:49:28,714 - Monitor Bot - INFO - Average quantum error rate: 0.0401
2025-04-04 03:49:28,715 - Monitor Bot - INFO - Task Quantum System Health Check completed successfully
2025-04-04 03:49:29,445 - Quantum Trading Bot - INFO - Starting trading cycle
2025-04-04 03:49:29,445 - Quantum Trading Bot - INFO - Market is closed, waiting...
2025-04-04 03:49:29,445 - Quantum Trading Bot - INFO - Sleeping for 60 seconds
2025-04-04 04:06:14,311 - Trading System - INFO - Trading Bot is alive: True
2025-04-04 04:06:14,312 - Trading System - INFO - Monitor Bot is alive: True
2025-04-04 04:06:14,312 - Trading System - INFO - Improvement Bot is alive: True
2025-04-04 04:06:15,320 - Monitor Bot - INFO - Running scheduled task: Performance Metrics
2025-04-04 04:06:15,324 - Monitor Bot - INFO - === Performance Metrics ===
2025-04-04 04:06:15,325 - Monitor Bot - INFO - Date: 2025-04-03T15:46:03.804026
2025-04-04 04:06:15,325 - Monitor Bot - INFO - Total Trades: 72
2025-04-04 04:06:15,325 - Monitor Bot - INFO - Win Rate: 55.56%
2025-04-04 04:06:15,325 - Monitor Bot - INFO - Total Profit: $18.27
2025-04-04 04:06:15,325 - Monitor Bot - INFO - Average Profit per Trade: $0.25
2025-04-04 04:06:15,325 - Monitor Bot - INFO - Average Profit Percentage: 0.09%
2025-04-04 04:06:15,325 - Monitor Bot - INFO - Maximum Drawdown: 0.10%
2025-04-04 04:06:15,325 - Monitor Bot - INFO - Quantum Prediction Accuracy: 0.00%
2025-04-04 04:06:15,325 - Monitor Bot - INFO - ============================
2025-04-04 04:06:15,329 - Monitor Bot - INFO - Task Performance Metrics completed successfully
2025-04-04 04:06:16,050 - Quantum Trading Bot - INFO - Starting trading cycle
2025-04-04 04:06:16,050 - Quantum Trading Bot - INFO - Market is closed, waiting...
2025-04-04 04:06:16,050 - Quantum Trading Bot - INFO - Sleeping for 60 seconds
2025-04-04 04:38:24,016 - Trading System - INFO - Trading Bot is alive: True
2025-04-04 04:38:24,017 - Trading System - INFO - Monitor Bot is alive: True
2025-04-04 04:38:24,017 - Trading System - INFO - Improvement Bot is alive: True
2025-04-04 04:38:25,757 - Quantum Trading Bot - INFO - Starting trading cycle
2025-04-04 04:38:25,758 - Quantum Trading Bot - INFO - Market is closed, waiting...
2025-04-04 04:38:25,758 - Quantum Trading Bot - INFO - Sleeping for 60 seconds
2025-04-04 04:54:40,946 - Trading System - INFO - Trading Bot is alive: True
2025-04-04 04:54:40,946 - Trading System - INFO - Monitor Bot is alive: True
2025-04-04 04:54:40,946 - Trading System - INFO - Improvement Bot is alive: True
2025-04-04 04:54:42,683 - Quantum Trading Bot - INFO - Starting trading cycle
2025-04-04 04:54:42,684 - Quantum Trading Bot - INFO - Market is closed, waiting...
2025-04-04 04:54:42,684 - Quantum Trading Bot - INFO - Sleeping for 60 seconds
2025-04-04 05:12:51,956 - Trading System - INFO - Trading Bot is alive: True
2025-04-04 05:12:51,957 - Trading System - INFO - Monitor Bot is alive: True
2025-04-04 05:12:51,957 - Trading System - INFO - Improvement Bot is alive: True
2025-04-04 05:12:52,974 - Monitor Bot - INFO - Running scheduled task: Performance Metrics
2025-04-04 05:12:52,978 - Monitor Bot - INFO - === Performance Metrics ===
2025-04-04 05:12:52,978 - Monitor Bot - INFO - Date: 2025-04-03T15:46:03.804026
2025-04-04 05:12:52,978 - Monitor Bot - INFO - Total Trades: 72
2025-04-04 05:12:52,978 - Monitor Bot - INFO - Win Rate: 55.56%
2025-04-04 05:12:52,979 - Monitor Bot - INFO - Total Profit: $18.27
2025-04-04 05:12:52,979 - Monitor Bot - INFO - Average Profit per Trade: $0.25
2025-04-04 05:12:52,979 - Monitor Bot - INFO - Average Profit Percentage: 0.09%
2025-04-04 05:12:52,979 - Monitor Bot - INFO - Maximum Drawdown: 0.10%
2025-04-04 05:12:52,979 - Monitor Bot - INFO - Quantum Prediction Accuracy: 0.00%
2025-04-04 05:12:52,979 - Monitor Bot - INFO - ============================
2025-04-04 05:12:52,983 - Monitor Bot - INFO - Task Performance Metrics completed successfully
2025-04-04 05:12:53,693 - Quantum Trading Bot - INFO - Starting trading cycle
2025-04-04 05:12:53,694 - Quantum Trading Bot - INFO - Market is closed, waiting...
2025-04-04 05:12:53,694 - Quantum Trading Bot - INFO - Sleeping for 60 seconds
2025-04-04 05:30:51,900 - Trading System - INFO - Trading Bot is alive: True
2025-04-04 05:30:51,901 - Trading System - INFO - Monitor Bot is alive: True
2025-04-04 05:30:51,901 - Trading System - INFO - Improvement Bot is alive: True
2025-04-04 05:46:38,599 - Quantum Trading Bot - INFO - Starting trading cycle
2025-04-04 05:46:38,600 - Quantum Trading Bot - INFO - Market is closed, waiting...
2025-04-04 05:46:38,600 - Quantum Trading Bot - INFO - Sleeping for 60 seconds
2025-04-04 05:47:36,797 - Trading System - INFO - Trading Bot is alive: True
2025-04-04 05:47:36,798 - Trading System - INFO - Monitor Bot is alive: True
2025-04-04 05:47:36,798 - Trading System - INFO - Improvement Bot is alive: True
2025-04-04 05:47:38,608 - Quantum Trading Bot - INFO - Starting trading cycle
2025-04-04 05:47:38,609 - Quantum Trading Bot - INFO - Market is closed, waiting...
2025-04-04 05:47:38,609 - Quantum Trading Bot - INFO - Sleeping for 60 seconds
2025-04-04 06:19:03,186 - Trading System - INFO - Trading Bot is alive: True
2025-04-04 06:19:03,188 - Trading System - INFO - Monitor Bot is alive: True
2025-04-04 06:19:03,188 - Trading System - INFO - Improvement Bot is alive: True
2025-04-04 06:19:04,214 - Monitor Bot - INFO - Running scheduled task: Performance Metrics
2025-04-04 06:19:04,219 - Monitor Bot - INFO - === Performance Metrics ===
2025-04-04 06:19:04,220 - Monitor Bot - INFO - Date: 2025-04-03T15:46:03.804026
2025-04-04 06:19:04,220 - Monitor Bot - INFO - Total Trades: 72
2025-04-04 06:19:04,220 - Monitor Bot - INFO - Win Rate: 55.56%
2025-04-04 06:19:04,220 - Monitor Bot - INFO - Total Profit: $18.27
2025-04-04 06:19:04,220 - Monitor Bot - INFO - Average Profit per Trade: $0.25
2025-04-04 06:19:04,220 - Monitor Bot - INFO - Average Profit Percentage: 0.09%
2025-04-04 06:19:04,220 - Monitor Bot - INFO - Maximum Drawdown: 0.10%
2025-04-04 06:19:04,220 - Monitor Bot - INFO - Quantum Prediction Accuracy: 0.00%
2025-04-04 06:19:04,220 - Monitor Bot - INFO - ============================
2025-04-04 06:19:04,224 - Monitor Bot - INFO - Task Performance Metrics completed successfully
2025-04-04 06:19:04,997 - Quantum Trading Bot - INFO - Starting trading cycle
2025-04-04 06:19:04,998 - Quantum Trading Bot - INFO - Market is closed, waiting...
2025-04-04 06:19:04,998 - Quantum Trading Bot - INFO - Sleeping for 60 seconds
2025-04-04 06:22:53,087 - Trading System - INFO - Trading Bot is alive: True
2025-04-04 06:22:53,087 - Trading System - INFO - Monitor Bot is alive: True
2025-04-04 06:22:53,087 - Trading System - INFO - Improvement Bot is alive: True
2025-04-04 06:22:54,897 - Quantum Trading Bot - INFO - Starting trading cycle
2025-04-04 06:22:54,897 - Quantum Trading Bot - INFO - Market is closed, waiting...
2025-04-04 06:22:54,897 - Quantum Trading Bot - INFO - Sleeping for 60 seconds
2025-04-04 06:40:45,955 - Trading System - INFO - Trading Bot is alive: True
2025-04-04 06:40:45,957 - Trading System - INFO - Monitor Bot is alive: True
2025-04-04 06:40:45,957 - Trading System - INFO - Improvement Bot is alive: True
2025-04-04 06:40:47,765 - Quantum Trading Bot - INFO - Starting trading cycle
2025-04-04 06:40:47,765 - Quantum Trading Bot - INFO - Market is closed, waiting...
2025-04-04 06:40:47,766 - Quantum Trading Bot - INFO - Sleeping for 60 seconds
2025-04-04 07:13:13,699 - Trading System - INFO - Trading Bot is alive: True
2025-04-04 07:13:13,699 - Trading System - INFO - Monitor Bot is alive: True
2025-04-04 07:13:13,699 - Trading System - INFO - Improvement Bot is alive: True
2025-04-04 07:13:14,734 - Monitor Bot - INFO - Running scheduled task: Quantum System Health Check
2025-04-04 07:13:14,734 - Monitor Bot - INFO - Monitoring quantum system health
2025-04-04 07:13:14,735 - Monitor Bot - INFO - Average quantum error rate: 0.0401
2025-04-04 07:13:14,736 - Monitor Bot - INFO - Task Quantum System Health Check completed successfully
2025-04-04 07:13:15,508 - Quantum Trading Bot - INFO - Starting trading cycle
2025-04-04 07:13:15,508 - Quantum Trading Bot - INFO - Market is closed, waiting...
2025-04-04 07:13:15,508 - Quantum Trading Bot - INFO - Sleeping for 60 seconds
2025-04-04 07:23:44,562 - Trading System - INFO - Trading Bot is alive: True
2025-04-04 07:23:44,563 - Trading System - INFO - Monitor Bot is alive: True
2025-04-04 07:23:44,563 - Trading System - INFO - Improvement Bot is alive: True
2025-04-04 07:23:45,607 - Monitor Bot - INFO - Running scheduled task: Performance Metrics
2025-04-04 07:23:45,611 - Monitor Bot - INFO - === Performance Metrics ===
2025-04-04 07:23:45,611 - Monitor Bot - INFO - Date: 2025-04-03T15:46:03.804026
2025-04-04 07:23:45,611 - Monitor Bot - INFO - Total Trades: 72
2025-04-04 07:23:45,611 - Monitor Bot - INFO - Win Rate: 55.56%
2025-04-04 07:23:45,611 - Monitor Bot - INFO - Total Profit: $18.27
2025-04-04 07:23:45,611 - Monitor Bot - INFO - Average Profit per Trade: $0.25
2025-04-04 07:23:45,611 - Monitor Bot - INFO - Average Profit Percentage: 0.09%
2025-04-04 07:23:45,612 - Monitor Bot - INFO - Maximum Drawdown: 0.10%
2025-04-04 07:23:45,612 - Monitor Bot - INFO - Quantum Prediction Accuracy: 0.00%
2025-04-04 07:23:45,612 - Monitor Bot - INFO - ============================
2025-04-04 07:23:45,615 - Monitor Bot - INFO - Task Performance Metrics completed successfully
2025-04-04 07:23:46,378 - Quantum Trading Bot - INFO - Starting trading cycle
2025-04-04 07:23:46,378 - Quantum Trading Bot - INFO - Market is closed, waiting...
2025-04-04 07:23:46,378 - Quantum Trading Bot - INFO - Sleeping for 60 seconds
2025-04-04 07:41:02,478 - Trading System - INFO - Trading Bot is alive: True
2025-04-04 07:41:02,479 - Trading System - INFO - Monitor Bot is alive: True
2025-04-04 07:41:02,479 - Trading System - INFO - Improvement Bot is alive: True
2025-04-04 07:41:04,294 - Quantum Trading Bot - INFO - Starting trading cycle
2025-04-04 07:41:04,295 - Quantum Trading Bot - INFO - Market is closed, waiting...
2025-04-04 07:41:04,295 - Quantum Trading Bot - INFO - Sleeping for 60 seconds
2025-04-04 07:48:33,647 - Trading System - INFO - Trading Bot is alive: True
2025-04-04 07:48:33,647 - Trading System - INFO - Monitor Bot is alive: True
2025-04-04 07:48:33,648 - Trading System - INFO - Improvement Bot is alive: True
2025-04-04 07:48:35,462 - Quantum Trading Bot - INFO - Starting trading cycle
2025-04-04 07:48:35,462 - Quantum Trading Bot - INFO - Market is closed, waiting...
2025-04-04 07:48:35,462 - Quantum Trading Bot - INFO - Sleeping for 60 seconds
2025-04-04 08:06:45,656 - Trading System - INFO - Trading Bot is alive: True
2025-04-04 08:06:45,657 - Trading System - INFO - Monitor Bot is alive: True
2025-04-04 08:06:45,657 - Trading System - INFO - Improvement Bot is alive: True
2025-04-04 08:06:47,471 - Quantum Trading Bot - INFO - Starting trading cycle
2025-04-04 08:06:47,471 - Quantum Trading Bot - INFO - Market is closed, waiting...
2025-04-04 08:06:47,471 - Quantum Trading Bot - INFO - Sleeping for 60 seconds
2025-04-04 08:22:46,159 - Trading System - INFO - Trading Bot is alive: True
2025-04-04 08:22:46,160 - Trading System - INFO - Monitor Bot is alive: True
2025-04-04 08:22:46,160 - Trading System - INFO - Improvement Bot is alive: True
2025-04-04 08:22:47,973 - Quantum Trading Bot - INFO - Starting trading cycle
2025-04-04 08:22:47,973 - Quantum Trading Bot - INFO - Market is closed, waiting...
2025-04-04 08:22:47,974 - Quantum Trading Bot - INFO - Sleeping for 60 seconds
2025-04-04 08:25:04,039 - Trading System - INFO - Trading Bot is alive: True
2025-04-04 08:25:04,039 - Trading System - INFO - Monitor Bot is alive: True
2025-04-04 08:25:04,039 - Trading System - INFO - Improvement Bot is alive: True
2025-04-04 08:25:05,092 - Monitor Bot - INFO - Running scheduled task: Performance Metrics
2025-04-04 08:25:05,096 - Monitor Bot - INFO - === Performance Metrics ===
2025-04-04 08:25:05,096 - Monitor Bot - INFO - Date: 2025-04-03T15:46:03.804026
2025-04-04 08:25:05,096 - Monitor Bot - INFO - Total Trades: 72
2025-04-04 08:25:05,096 - Monitor Bot - INFO - Win Rate: 55.56%
2025-04-04 08:25:05,096 - Monitor Bot - INFO - Total Profit: $18.27
2025-04-04 08:25:05,096 - Monitor Bot - INFO - Average Profit per Trade: $0.25
2025-04-04 08:25:05,097 - Monitor Bot - INFO - Average Profit Percentage: 0.09%
2025-04-04 08:25:05,097 - Monitor Bot - INFO - Maximum Drawdown: 0.10%
2025-04-04 08:25:05,097 - Monitor Bot - INFO - Quantum Prediction Accuracy: 0.00%
2025-04-04 08:25:05,097 - Monitor Bot - INFO - ============================
2025-04-04 08:25:05,099 - Monitor Bot - INFO - Task Performance Metrics completed successfully
2025-04-04 08:25:05,852 - Quantum Trading Bot - INFO - Starting trading cycle
2025-04-04 08:25:05,852 - Quantum Trading Bot - INFO - Market is closed, waiting...
2025-04-04 08:25:05,852 - Quantum Trading Bot - INFO - Sleeping for 60 seconds
2025-04-04 08:35:40,517 - Trading System - INFO - Trading Bot is alive: True
2025-04-04 08:35:40,517 - Trading System - INFO - Monitor Bot is alive: True
2025-04-04 08:35:40,517 - Trading System - INFO - Improvement Bot is alive: True
2025-04-04 08:35:42,335 - Quantum Trading Bot - INFO - Starting trading cycle
2025-04-04 08:35:42,335 - Quantum Trading Bot - INFO - Market is closed, waiting...
2025-04-04 08:35:42,335 - Quantum Trading Bot - INFO - Sleeping for 60 seconds
2025-04-04 08:52:04,427 - Trading System - INFO - Trading Bot is alive: True
2025-04-04 08:52:04,428 - Trading System - INFO - Monitor Bot is alive: True
2025-04-04 08:52:04,428 - Trading System - INFO - Improvement Bot is alive: True
2025-04-04 08:52:05,493 - Monitor Bot - INFO - Running scheduled task: Performance Charts
