2025-04-10 07:46:03,749 - Trading System - INFO - Configuration loaded successfully
2025-04-10 07:46:05,056 - Platform Factory - INFO - Platform factory initialized with trading mode: paper
2025-04-10 07:46:05,057 - Trading System - INFO - Initialized platform factory with new adapters
2025-04-10 07:46:05,057 - Trading System - INFO - Environment variables loaded
2025-04-10 07:46:05,319 - Trading System - INFO - Encryption key loaded
2025-04-10 07:46:05,321 - Trading System - INFO - Fixed syntax error in improvement_bot.py
2025-04-10 07:46:07,750 - Trading System - INFO - scikit-learn is available (version 1.6.1)
2025-04-10 07:46:07,751 - Quantum Trading Bot - INFO - Attempting to import quantum libraries...
2025-04-10 07:46:09,534 - qiskit.passmanager.base_tasks - INFO - Pass: UnrollCustomDefinitions - 0.08607 (ms)
2025-04-10 07:46:09,535 - qiskit.transpiler.passes.basis.basis_translator - INFO - Begin BasisTranslator from source basis {('u3', 1)} to target basis {'delay', 'x', 'u', 'rz', 'measure', 'store', 'rx', 'cx', 'z', 'ry', 'reset', 'barrier', 'p', 'snapshot'}.
2025-04-10 07:46:09,535 - qiskit.transpiler.passes.basis.basis_translator - INFO - Basis translation path search completed in 0.000s.
2025-04-10 07:46:09,536 - qiskit.transpiler.passes.basis.basis_translator - INFO - Basis translation paths composed in 0.000s.
2025-04-10 07:46:09,536 - qiskit.transpiler.passes.basis.basis_translator - INFO - Basis translation instructions replaced in 0.000s.
2025-04-10 07:46:09,536 - qiskit.passmanager.base_tasks - INFO - Pass: BasisTranslator - 1.14894 (ms)
2025-04-10 07:46:09,541 - Quantum Trading Bot - INFO - Quantum libraries successfully imported: PennyLane 0.40.0, Qiskit 1.2.4
2025-04-10 07:46:09,548 - Quantum Trading Bot - INFO - ========== TRADING LOOP FUNCTION ENTERED ==========
2025-04-10 07:46:09,548 - Trading System - INFO - Started Trading Bot
2025-04-10 07:46:09,548 - Monitor Bot - INFO - Starting monitoring loop
2025-04-10 07:46:09,548 - Trading System - INFO - Started Monitor Bot
2025-04-10 07:46:09,548 - Improvement Bot - INFO - Starting improvement bot
2025-04-10 07:46:09,548 - Trading System - INFO - Started Improvement Bot
2025-04-10 07:46:09,548 - Trading System - INFO - Trading Bot is alive: True
2025-04-10 07:46:09,549 - Quantum Trading Bot - INFO - Configuration loaded successfully
2025-04-10 07:46:09,549 - Trading System - INFO - All bots started. Press Ctrl+C to exit.
2025-04-10 07:46:09,549 - Trading System - INFO - Monitor Bot is alive: True
2025-04-10 07:46:09,549 - Improvement Bot - INFO - Configuration loaded successfully
2025-04-10 07:46:09,549 - Trading System - INFO - Improvement Bot is alive: True
2025-04-10 07:46:09,549 - Improvement Bot - INFO - Running scheduled task: System Backup
2025-04-10 07:46:09,549 - Quantum Trading Bot - INFO - Trade history loaded
2025-04-10 07:46:09,549 - Quantum Trading Bot - INFO - Signal handlers not installed - not in main thread
2025-04-10 07:46:09,551 - Quantum Trading Bot - INFO - Initialized PennyLane quantum device: default.qubit
2025-04-10 07:46:09,551 - Quantum Trading Bot - INFO - Mock adapter initialized
2025-04-10 07:46:09,557 - Quantum Trading Bot - INFO - Starting trading cycle
2025-04-10 07:46:09,557 - Quantum Trading Bot - INFO - Market is closed, waiting...
2025-04-10 07:46:09,557 - Quantum Trading Bot - INFO - Sleeping for 60 seconds
2025-04-10 07:46:09,613 - Monitor Bot - INFO - Running scheduled task: Initial Performance Metrics
2025-04-10 07:46:09,616 - Monitor Bot - INFO - === Performance Metrics ===
2025-04-10 07:46:09,617 - Monitor Bot - INFO - Date: 2025-04-08T15:57:12.030975
2025-04-10 07:46:09,617 - Monitor Bot - INFO - Total Trades: 72
2025-04-10 07:46:09,617 - Monitor Bot - INFO - Win Rate: 55.56%
2025-04-10 07:46:09,617 - Monitor Bot - INFO - Total Profit: $18.27
2025-04-10 07:46:09,617 - Monitor Bot - INFO - Average Profit per Trade: $0.25
2025-04-10 07:46:09,617 - Monitor Bot - INFO - Average Profit Percentage: 0.09%
2025-04-10 07:46:09,617 - Monitor Bot - INFO - Maximum Drawdown: 0.10%
2025-04-10 07:46:09,617 - Monitor Bot - INFO - Quantum Prediction Accuracy: 0.00%
2025-04-10 07:46:09,617 - Monitor Bot - INFO - ============================
2025-04-10 07:46:09,627 - Monitor Bot - INFO - Task Initial Performance Metrics completed successfully
2025-04-10 07:46:09,628 - Monitor Bot - INFO - Running scheduled task: Initial API Health Check
2025-04-10 07:46:09,628 - WebUll Adapter - INFO - Generated device ID for WebUll: TradingBot-05e9fc221408
2025-04-10 07:46:09,629 - WebUll Adapter - INFO - WebUll Adapter initialized in paper trading mode
2025-04-10 07:46:09,629 - Platform Factory - INFO - Created WebUll adapter in paper mode
2025-04-10 07:46:09,636 - Improvement Bot - INFO - System snapshot created at backups/snapshot_20250410_074609
2025-04-10 07:46:09,636 - Improvement Bot - INFO - Task System Backup completed successfully
2025-04-10 07:46:09,636 - Improvement Bot - INFO - Running scheduled task: Code Quality Check - Trading Bot
2025-04-10 07:46:09,638 - Improvement Bot - INFO - Found 2 issues in trading_bot
2025-04-10 07:46:09,638 - Improvement Bot - INFO - Task Code Quality Check - Trading Bot completed successfully
2025-04-10 07:46:09,638 - Improvement Bot - INFO - Running scheduled task: Code Quality Check - Monitor Bot
2025-04-10 07:46:09,638 - Improvement Bot - INFO - No issues found in monitor_bot
2025-04-10 07:46:09,639 - Improvement Bot - WARNING - Task Code Quality Check - Monitor Bot completed with warnings
2025-04-10 07:46:09,639 - Improvement Bot - INFO - Running scheduled task: Code Quality Check - Improvement Bot
2025-04-10 07:46:09,639 - Improvement Bot - INFO - Found 6 issues in improvement_bot
2025-04-10 07:46:09,639 - Improvement Bot - INFO - Task Code Quality Check - Improvement Bot completed successfully
2025-04-10 07:46:09,639 - Improvement Bot - INFO - Running scheduled task: ML Model Optimization
2025-04-10 07:46:09,640 - Improvement Bot - INFO - No ML models found to optimize
2025-04-10 07:46:09,640 - Improvement Bot - WARNING - Task ML Model Optimization completed with warnings
2025-04-10 07:46:09,640 - Improvement Bot - INFO - Running scheduled task: Quantum Circuit Optimization
2025-04-10 07:46:09,640 - Improvement Bot - INFO - Starting quantum circuit optimization
2025-04-10 07:46:09,640 - Improvement Bot - INFO - No quantum model files found to optimize
2025-04-10 07:46:09,640 - Improvement Bot - WARNING - Task Quantum Circuit Optimization completed with warnings
2025-04-10 07:46:09,640 - Improvement Bot - INFO - Running scheduled task: Quantum Error Analysis
2025-04-10 07:46:09,640 - Improvement Bot - INFO - Analyzing quantum error rates
2025-04-10 07:46:09,641 - Improvement Bot - INFO - Quantum error analysis completed: avg error 0.0350, trend -0.0039
2025-04-10 07:46:09,641 - Improvement Bot - INFO - Task Quantum Error Analysis completed successfully
2025-04-10 07:46:09,641 - Improvement Bot - INFO - Running scheduled task: Quantum Prediction Analysis
2025-04-10 07:46:09,641 - Improvement Bot - INFO - Evaluating quantum prediction accuracy
2025-04-10 07:46:09,642 - Improvement Bot - INFO - No completed quantum predictions found
2025-04-10 07:46:09,642 - Improvement Bot - WARNING - Task Quantum Prediction Analysis completed with warnings
2025-04-10 07:46:09,642 - Improvement Bot - INFO - Running scheduled task: Quantum Weight Optimization
2025-04-10 07:46:09,643 - Improvement Bot - INFO - Generated new quantum-optimized weights
2025-04-10 07:46:09,643 - Improvement Bot - INFO - Task Quantum Weight Optimization completed successfully
2025-04-10 07:46:09,643 - Improvement Bot - INFO - Running scheduled task: System Health Analysis
2025-04-10 07:46:09,645 - Improvement Bot - INFO - Win rate trend: +0.00%
2025-04-10 07:46:09,645 - Improvement Bot - INFO - Profit trend: +0.00%
2025-04-10 07:46:09,646 - Improvement Bot - INFO - System health analysis completed: healthy
2025-04-10 07:46:09,646 - Improvement Bot - INFO - Task System Health Analysis completed successfully
2025-04-10 07:46:09,997 - WebUll Adapter - INFO - Authentication successful
2025-04-10 07:46:10,744 - Zoya Adapter - INFO - Zoya Adapter initialized in sandbox mode
2025-04-10 07:46:10,744 - Platform Factory - INFO - Created Zoya adapter in sandbox mode
2025-04-10 07:46:10,934 - Monitor Bot - INFO - === API Health Status ===
2025-04-10 07:46:10,934 - Monitor Bot - INFO - WebUll API: OK
2025-04-10 07:46:10,934 - Monitor Bot - INFO - Zoya API: OK
2025-04-10 07:46:10,934 - Monitor Bot - INFO - =======================
2025-04-10 07:46:10,934 - Monitor Bot - INFO - Task Initial API Health Check completed successfully
2025-04-10 07:46:10,934 - Monitor Bot - INFO - Running scheduled task: Initial Legal Compliance Report
2025-04-10 07:46:10,935 - Monitor Bot - INFO - Legal compliance report generated at legal/compliance_reports/compliance_report_20250410.json
2025-04-10 07:46:10,935 - Monitor Bot - INFO - Task Initial Legal Compliance Report completed successfully
2025-04-10 07:46:10,935 - Monitor Bot - INFO - Running scheduled task: Initial Quantum System Health Check
2025-04-10 07:46:10,935 - Monitor Bot - INFO - Monitoring quantum system health
2025-04-10 07:46:10,936 - Monitor Bot - INFO - Average quantum error rate: 0.0355
2025-04-10 07:46:10,949 - Monitor Bot - INFO - Task Initial Quantum System Health Check completed successfully
2025-04-10 07:47:09,555 - Trading System - INFO - Trading Bot is alive: True
2025-04-10 07:47:09,557 - Trading System - INFO - Monitor Bot is alive: True
2025-04-10 07:47:09,557 - Trading System - INFO - Improvement Bot is alive: True
2025-04-10 07:47:09,558 - Quantum Trading Bot - INFO - Starting trading cycle
2025-04-10 07:47:09,559 - Quantum Trading Bot - INFO - Market is closed, waiting...
2025-04-10 07:47:09,560 - Quantum Trading Bot - INFO - Sleeping for 60 seconds
2025-04-10 07:48:09,561 - Trading System - INFO - Trading Bot is alive: True
2025-04-10 07:48:09,563 - Trading System - INFO - Monitor Bot is alive: True
2025-04-10 07:48:09,563 - Trading System - INFO - Improvement Bot is alive: True
2025-04-10 07:48:09,565 - Quantum Trading Bot - INFO - Starting trading cycle
2025-04-10 07:48:09,565 - Quantum Trading Bot - INFO - Market is closed, waiting...
2025-04-10 07:48:09,565 - Quantum Trading Bot - INFO - Sleeping for 60 seconds
2025-04-10 07:49:09,566 - Trading System - INFO - Trading Bot is alive: True
2025-04-10 07:49:09,570 - Quantum Trading Bot - INFO - Starting trading cycle
2025-04-10 07:49:09,570 - Trading System - INFO - Monitor Bot is alive: True
2025-04-10 07:49:09,570 - Quantum Trading Bot - INFO - Market is closed, waiting...
2025-04-10 07:49:09,570 - Trading System - INFO - Improvement Bot is alive: True
2025-04-10 07:49:09,570 - Quantum Trading Bot - INFO - Sleeping for 60 seconds
2025-04-10 07:50:09,575 - Quantum Trading Bot - INFO - Starting trading cycle
2025-04-10 07:50:09,582 - Trading System - INFO - Trading Bot is alive: True
2025-04-10 07:50:09,584 - Trading System - INFO - Monitor Bot is alive: True
2025-04-10 07:50:09,584 - Trading System - INFO - Improvement Bot is alive: True
2025-04-10 07:50:09,583 - Quantum Trading Bot - INFO - Market is closed, waiting...
2025-04-10 07:50:09,584 - Quantum Trading Bot - INFO - Sleeping for 60 seconds
2025-04-10 07:51:09,590 - Trading System - INFO - Trading Bot is alive: True
2025-04-10 07:51:09,590 - Quantum Trading Bot - INFO - Starting trading cycle
2025-04-10 07:51:09,592 - Trading System - INFO - Monitor Bot is alive: True
2025-04-10 07:51:09,592 - Quantum Trading Bot - INFO - Market is closed, waiting...
2025-04-10 07:51:09,592 - Trading System - INFO - Improvement Bot is alive: True
2025-04-10 07:51:09,592 - Quantum Trading Bot - INFO - Sleeping for 60 seconds
2025-04-10 07:52:09,594 - Trading System - INFO - Trading Bot is alive: True
2025-04-10 07:52:09,596 - Quantum Trading Bot - INFO - Starting trading cycle
2025-04-10 07:52:09,597 - Trading System - INFO - Monitor Bot is alive: True
2025-04-10 07:52:09,597 - Quantum Trading Bot - INFO - Market is closed, waiting...
2025-04-10 07:52:09,597 - Trading System - INFO - Improvement Bot is alive: True
2025-04-10 07:52:09,597 - Quantum Trading Bot - INFO - Sleeping for 60 seconds
2025-04-10 07:53:09,600 - Quantum Trading Bot - INFO - Starting trading cycle
2025-04-10 07:53:09,602 - Quantum Trading Bot - INFO - Market is closed, waiting...
2025-04-10 07:53:09,602 - Quantum Trading Bot - INFO - Sleeping for 60 seconds
2025-04-10 07:53:09,602 - Trading System - INFO - Trading Bot is alive: True
2025-04-10 07:53:09,603 - Trading System - INFO - Monitor Bot is alive: True
2025-04-10 07:53:09,603 - Trading System - INFO - Improvement Bot is alive: True
2025-04-10 07:54:09,612 - Trading System - INFO - Trading Bot is alive: True
2025-04-10 07:54:09,614 - Quantum Trading Bot - INFO - Starting trading cycle
2025-04-10 07:54:09,614 - Trading System - INFO - Monitor Bot is alive: True
2025-04-10 07:54:09,615 - Quantum Trading Bot - INFO - Market is closed, waiting...
2025-04-10 07:54:09,615 - Trading System - INFO - Improvement Bot is alive: True
2025-04-10 07:54:09,615 - Quantum Trading Bot - INFO - Sleeping for 60 seconds
2025-04-10 07:55:09,618 - Quantum Trading Bot - INFO - Starting trading cycle
2025-04-10 07:55:09,620 - Quantum Trading Bot - INFO - Market is closed, waiting...
2025-04-10 07:55:09,620 - Quantum Trading Bot - INFO - Sleeping for 60 seconds
2025-04-10 07:55:09,623 - Trading System - INFO - Trading Bot is alive: True
2025-04-10 07:55:09,623 - Trading System - INFO - Monitor Bot is alive: True
2025-04-10 07:55:09,623 - Trading System - INFO - Improvement Bot is alive: True
2025-04-10 07:56:09,633 - Trading System - INFO - Trading Bot is alive: True
2025-04-10 07:56:09,634 - Quantum Trading Bot - INFO - Starting trading cycle
2025-04-10 07:56:09,634 - Trading System - INFO - Monitor Bot is alive: True
2025-04-10 07:56:09,634 - Quantum Trading Bot - INFO - Market is closed, waiting...
2025-04-10 07:56:09,634 - Trading System - INFO - Improvement Bot is alive: True
2025-04-10 07:56:09,635 - Quantum Trading Bot - INFO - Sleeping for 60 seconds
2025-04-10 07:57:09,636 - Trading System - INFO - Trading Bot is alive: True
2025-04-10 07:57:09,638 - Quantum Trading Bot - INFO - Starting trading cycle
2025-04-10 07:57:09,639 - Trading System - INFO - Monitor Bot is alive: True
2025-04-10 07:57:09,639 - Quantum Trading Bot - INFO - Market is closed, waiting...
2025-04-10 07:57:09,639 - Trading System - INFO - Improvement Bot is alive: True
2025-04-10 07:57:09,639 - Quantum Trading Bot - INFO - Sleeping for 60 seconds
2025-04-10 07:58:09,641 - Trading System - INFO - Trading Bot is alive: True
2025-04-10 07:58:09,642 - Quantum Trading Bot - INFO - Starting trading cycle
2025-04-10 07:58:09,643 - Quantum Trading Bot - INFO - Market is closed, waiting...
2025-04-10 07:58:09,643 - Quantum Trading Bot - INFO - Sleeping for 60 seconds
2025-04-10 07:58:09,643 - Trading System - INFO - Monitor Bot is alive: True
2025-04-10 07:58:09,643 - Trading System - INFO - Improvement Bot is alive: True
2025-04-10 07:59:38,212 - Quantum Trading Bot - INFO - Starting trading cycle
2025-04-10 07:59:38,206 - Trading System - INFO - Trading Bot is alive: True
2025-04-10 07:59:38,215 - Quantum Trading Bot - INFO - Market is closed, waiting...
2025-04-10 07:59:38,217 - Trading System - INFO - Monitor Bot is alive: True
2025-04-10 07:59:38,217 - Trading System - INFO - Improvement Bot is alive: True
2025-04-10 07:59:38,217 - Quantum Trading Bot - INFO - Sleeping for 60 seconds
2025-04-10 08:16:17,078 - Quantum Trading Bot - INFO - Starting trading cycle
2025-04-10 08:16:17,081 - Trading System - INFO - Trading Bot is alive: True
2025-04-10 08:16:17,083 - Quantum Trading Bot - INFO - Market is closed, waiting...
2025-04-10 08:16:17,083 - Trading System - INFO - Monitor Bot is alive: True
2025-04-10 08:16:17,083 - Quantum Trading Bot - INFO - Sleeping for 60 seconds
2025-04-10 08:16:17,084 - Trading System - INFO - Improvement Bot is alive: True
2025-04-10 08:32:21,827 - Quantum Trading Bot - INFO - Starting trading cycle
2025-04-10 08:32:21,828 - Trading System - INFO - Trading Bot is alive: True
2025-04-10 08:32:21,829 - Quantum Trading Bot - INFO - Market is closed, waiting...
2025-04-10 08:32:21,829 - Trading System - INFO - Monitor Bot is alive: True
2025-04-10 08:32:21,829 - Quantum Trading Bot - INFO - Sleeping for 60 seconds
2025-04-10 08:32:21,829 - Trading System - INFO - Improvement Bot is alive: True
2025-04-10 08:51:05,695 - Trading System - INFO - Trading Bot is alive: True
2025-04-10 08:51:05,696 - Quantum Trading Bot - INFO - Starting trading cycle
2025-04-10 08:51:05,697 - Trading System - INFO - Monitor Bot is alive: True
2025-04-10 08:51:05,697 - Quantum Trading Bot - INFO - Market is closed, waiting...
2025-04-10 08:51:05,697 - Trading System - INFO - Improvement Bot is alive: True
2025-04-10 08:51:05,697 - Quantum Trading Bot - INFO - Sleeping for 60 seconds
2025-04-10 08:51:07,298 - Monitor Bot - INFO - Running scheduled task: Performance Metrics
2025-04-10 08:51:07,313 - Monitor Bot - INFO - === Performance Metrics ===
2025-04-10 08:51:07,313 - Monitor Bot - INFO - Date: 2025-04-08T15:57:12.030975
2025-04-10 08:51:07,313 - Monitor Bot - INFO - Total Trades: 72
2025-04-10 08:51:07,313 - Monitor Bot - INFO - Win Rate: 55.56%
2025-04-10 08:51:07,313 - Monitor Bot - INFO - Total Profit: $18.27
2025-04-10 08:51:07,313 - Monitor Bot - INFO - Average Profit per Trade: $0.25
2025-04-10 08:51:07,313 - Monitor Bot - INFO - Average Profit Percentage: 0.09%
2025-04-10 08:51:07,313 - Monitor Bot - INFO - Maximum Drawdown: 0.10%
2025-04-10 08:51:07,313 - Monitor Bot - INFO - Quantum Prediction Accuracy: 0.00%
2025-04-10 08:51:07,313 - Monitor Bot - INFO - ============================
2025-04-10 08:51:07,393 - Monitor Bot - INFO - Task Performance Metrics completed successfully
2025-04-10 09:07:26,899 - Quantum Trading Bot - INFO - Starting trading cycle
2025-04-10 09:07:26,902 - Trading System - INFO - Trading Bot is alive: True
2025-04-10 09:07:26,904 - Quantum Trading Bot - INFO - Processing AAPL
2025-04-10 09:07:26,904 - Trading System - INFO - Monitor Bot is alive: True
2025-04-10 09:07:26,905 - Quantum Trading Bot - INFO - Mock halal compliance check for AAPL: COMPLIANT
2025-04-10 09:07:26,905 - Trading System - INFO - Improvement Bot is alive: True
2025-04-10 09:07:27,028 - Quantum Trading Bot - INFO - Quantum device error rate: 0.0426
2025-04-10 09:07:27,036 - Quantum Trading Bot - INFO - Quantum prediction for AAPL: 0.5680 (confidence: 0.7659)
2025-04-10 09:07:27,036 - Quantum Trading Bot - INFO - Trading signal for AAPL: 0.5680 (source: quantum)
2025-04-10 09:07:27,036 - Quantum Trading Bot - INFO - HOLD signal for AAPL (score: 0.5680, source: quantum)
2025-04-10 09:07:27,036 - Quantum Trading Bot - INFO - Processing MSFT
2025-04-10 09:07:27,036 - Quantum Trading Bot - INFO - Mock halal compliance check for MSFT: COMPLIANT
2025-04-10 09:07:27,045 - Quantum Trading Bot - INFO - Quantum device error rate: 0.0570
2025-04-10 09:07:27,052 - Quantum Trading Bot - INFO - Quantum prediction for MSFT: 0.5981 (confidence: 0.7544)
2025-04-10 09:07:27,052 - Quantum Trading Bot - INFO - Trading signal for MSFT: 0.5981 (source: quantum)
2025-04-10 09:07:27,052 - Quantum Trading Bot - INFO - HOLD signal for MSFT (score: 0.5981, source: quantum)
2025-04-10 09:07:27,052 - Quantum Trading Bot - INFO - Processing NVDA
2025-04-10 09:07:27,052 - Quantum Trading Bot - INFO - Mock halal compliance check for NVDA: COMPLIANT
2025-04-10 09:07:27,061 - Quantum Trading Bot - INFO - Quantum device error rate: 0.0273
2025-04-10 09:07:27,063 - Quantum Trading Bot - INFO - Quantum prediction for NVDA: 0.5860 (confidence: 0.7782)
2025-04-10 09:07:27,063 - Quantum Trading Bot - INFO - Trading signal for NVDA: 0.5860 (source: quantum)
2025-04-10 09:07:27,063 - Quantum Trading Bot - INFO - HOLD signal for NVDA (score: 0.5860, source: quantum)
2025-04-10 09:07:27,074 - Quantum Trading Bot - INFO - Performance metrics saved: 40/72 winning trades
2025-04-10 09:07:27,074 - Quantum Trading Bot - INFO - Quantum prediction accuracy: 0.00
2025-04-10 09:07:27,074 - Quantum Trading Bot - INFO - Sleeping for 60 seconds
2025-04-10 09:25:00,424 - Trading System - INFO - Trading Bot is alive: True
2025-04-10 09:25:00,432 - Trading System - INFO - Monitor Bot is alive: True
2025-04-10 09:25:00,432 - Trading System - INFO - Improvement Bot is alive: True
2025-04-10 09:25:00,570 - Quantum Trading Bot - INFO - Starting trading cycle
2025-04-10 09:25:00,570 - Quantum Trading Bot - INFO - Processing AAPL
2025-04-10 09:25:00,570 - Quantum Trading Bot - INFO - Mock halal compliance check for AAPL: COMPLIANT
2025-04-10 09:25:00,672 - Quantum Trading Bot - INFO - Quantum device error rate: 0.0351
2025-04-10 09:25:00,678 - Quantum Trading Bot - INFO - Quantum prediction for AAPL: 0.6610 (confidence: 0.9649)
2025-04-10 09:25:00,678 - Quantum Trading Bot - INFO - Trading signal for AAPL: 0.6610 (source: quantum)
2025-04-10 09:25:00,678 - Quantum Trading Bot - INFO - HOLD signal for AAPL (score: 0.6610, source: quantum)
2025-04-10 09:25:00,678 - Quantum Trading Bot - INFO - Processing MSFT
2025-04-10 09:25:00,679 - Quantum Trading Bot - INFO - Mock halal compliance check for MSFT: COMPLIANT
2025-04-10 09:25:00,721 - Quantum Trading Bot - INFO - Quantum device error rate: 0.0378
2025-04-10 09:25:00,734 - Quantum Trading Bot - INFO - Quantum prediction for MSFT: 0.4500 (confidence: 0.7698)
2025-04-10 09:25:00,734 - Quantum Trading Bot - INFO - Trading signal for MSFT: 0.4500 (source: quantum)
2025-04-10 09:25:00,734 - Quantum Trading Bot - INFO - HOLD signal for MSFT (score: 0.4500, source: quantum)
2025-04-10 09:25:00,735 - Quantum Trading Bot - INFO - Processing NVDA
2025-04-10 09:25:00,735 - Quantum Trading Bot - INFO - Mock halal compliance check for NVDA: COMPLIANT
2025-04-10 09:25:00,770 - Quantum Trading Bot - INFO - Quantum device error rate: 0.0435
2025-04-10 09:25:00,794 - Quantum Trading Bot - INFO - Quantum prediction for NVDA: 0.6280 (confidence: 0.9565)
2025-04-10 09:25:00,795 - Quantum Trading Bot - INFO - Trading signal for NVDA: 0.6280 (source: quantum)
2025-04-10 09:25:00,795 - Quantum Trading Bot - INFO - HOLD signal for NVDA (score: 0.6280, source: quantum)
2025-04-10 09:25:00,890 - Quantum Trading Bot - INFO - Performance metrics saved: 40/72 winning trades
2025-04-10 09:25:00,890 - Quantum Trading Bot - INFO - Quantum prediction accuracy: 0.00
2025-04-10 09:25:00,890 - Quantum Trading Bot - INFO - Sleeping for 60 seconds
2025-04-10 09:42:34,055 - Trading System - INFO - Trading Bot is alive: True
2025-04-10 09:42:34,058 - Trading System - INFO - Monitor Bot is alive: True
2025-04-10 09:42:34,058 - Trading System - INFO - Improvement Bot is alive: True
2025-04-10 09:42:34,513 - Quantum Trading Bot - INFO - Starting trading cycle
2025-04-10 09:42:34,514 - Quantum Trading Bot - INFO - Processing AAPL
2025-04-10 09:42:34,514 - Quantum Trading Bot - INFO - Mock halal compliance check for AAPL: COMPLIANT
2025-04-10 09:42:34,545 - Quantum Trading Bot - INFO - Quantum device error rate: 0.0309
2025-04-10 09:42:34,549 - Quantum Trading Bot - INFO - Quantum prediction for AAPL: 0.9210 (confidence: 0.9691)
2025-04-10 09:42:34,549 - Quantum Trading Bot - INFO - Trading signal for AAPL: 0.9210 (source: quantum)
2025-04-10 09:42:34,549 - Quantum Trading Bot - INFO - HOLD signal for AAPL (score: 0.9210, source: quantum)
2025-04-10 09:42:34,550 - Quantum Trading Bot - INFO - Processing MSFT
2025-04-10 09:42:34,550 - Quantum Trading Bot - INFO - Mock halal compliance check for MSFT: COMPLIANT
2025-04-10 09:42:34,557 - Quantum Trading Bot - INFO - Quantum device error rate: 0.0507
2025-04-10 09:42:34,565 - Quantum Trading Bot - INFO - Quantum prediction for MSFT: 0.5268 (confidence: 0.7594)
2025-04-10 09:42:34,565 - Quantum Trading Bot - INFO - Trading signal for MSFT: 0.5268 (source: quantum)
2025-04-10 09:42:34,565 - Quantum Trading Bot - INFO - HOLD signal for MSFT (score: 0.5268, source: quantum)
2025-04-10 09:42:34,565 - Quantum Trading Bot - INFO - Processing NVDA
2025-04-10 09:42:34,566 - Quantum Trading Bot - INFO - Mock halal compliance check for NVDA: COMPLIANT
2025-04-10 09:42:34,573 - Quantum Trading Bot - INFO - Quantum device error rate: 0.0447
2025-04-10 09:42:34,575 - Quantum Trading Bot - INFO - Quantum prediction for NVDA: 0.4910 (confidence: 0.7642)
2025-04-10 09:42:34,575 - Quantum Trading Bot - INFO - Trading signal for NVDA: 0.4910 (source: quantum)
2025-04-10 09:42:34,575 - Quantum Trading Bot - INFO - HOLD signal for NVDA (score: 0.4910, source: quantum)
2025-04-10 09:42:34,591 - Quantum Trading Bot - INFO - Performance metrics saved: 40/72 winning trades
2025-04-10 09:42:34,591 - Quantum Trading Bot - INFO - Quantum prediction accuracy: 0.00
2025-04-10 09:42:34,591 - Quantum Trading Bot - INFO - Sleeping for 60 seconds
2025-04-10 10:10:45,706 - Trading System - INFO - Trading Bot is alive: True
2025-04-10 10:10:45,708 - Trading System - INFO - Monitor Bot is alive: True
2025-04-10 10:10:45,708 - Trading System - INFO - Improvement Bot is alive: True
2025-04-10 10:10:46,248 - Quantum Trading Bot - INFO - Starting trading cycle
2025-04-10 10:10:46,249 - Quantum Trading Bot - INFO - Processing AAPL
2025-04-10 10:10:46,249 - Quantum Trading Bot - INFO - Mock halal compliance check for AAPL: COMPLIANT
2025-04-10 10:10:46,297 - Quantum Trading Bot - INFO - Quantum device error rate: 0.0438
2025-04-10 10:10:46,304 - Quantum Trading Bot - INFO - Quantum prediction for AAPL: 0.1920 (confidence: 0.9562)
2025-04-10 10:10:46,304 - Quantum Trading Bot - INFO - Trading signal for AAPL: 0.1920 (source: quantum)
2025-04-10 10:10:46,304 - Quantum Trading Bot - INFO - SELL signal for AAPL (score: 0.1920, source: quantum)
2025-04-10 10:10:46,311 - Quantum Trading Bot - WARNING - Cannot sell AAPL - no position
2025-04-10 10:10:46,312 - Quantum Trading Bot - INFO - Processing MSFT
2025-04-10 10:10:46,312 - Quantum Trading Bot - INFO - Mock halal compliance check for MSFT: COMPLIANT
2025-04-10 10:10:46,320 - Quantum Trading Bot - INFO - Quantum device error rate: 0.0444
2025-04-10 10:10:46,322 - Quantum Trading Bot - INFO - Quantum prediction for MSFT: 0.7670 (confidence: 0.9556)
2025-04-10 10:10:46,322 - Quantum Trading Bot - INFO - Trading signal for MSFT: 0.7670 (source: quantum)
2025-04-10 10:10:46,322 - Quantum Trading Bot - INFO - HOLD signal for MSFT (score: 0.7670, source: quantum)
2025-04-10 10:10:46,323 - Quantum Trading Bot - INFO - Processing NVDA
2025-04-10 10:10:46,323 - Quantum Trading Bot - INFO - Mock halal compliance check for NVDA: COMPLIANT
2025-04-10 10:10:46,330 - Quantum Trading Bot - INFO - Quantum device error rate: 0.0267
2025-04-10 10:10:46,334 - Quantum Trading Bot - INFO - Quantum prediction for NVDA: 0.2380 (confidence: 0.9733)
2025-04-10 10:10:46,334 - Quantum Trading Bot - INFO - Trading signal for NVDA: 0.2380 (source: quantum)
2025-04-10 10:10:46,334 - Quantum Trading Bot - INFO - SELL signal for NVDA (score: 0.2380, source: quantum)
2025-04-10 10:10:46,335 - Quantum Trading Bot - WARNING - Cannot sell NVDA - no position
2025-04-10 10:10:46,344 - Quantum Trading Bot - INFO - Performance metrics saved: 40/72 winning trades
2025-04-10 10:10:46,344 - Quantum Trading Bot - INFO - Quantum prediction accuracy: 0.00
2025-04-10 10:10:46,344 - Quantum Trading Bot - INFO - Sleeping for 60 seconds
2025-04-10 10:10:47,356 - Monitor Bot - INFO - Running scheduled task: Performance Metrics
2025-04-10 10:10:47,365 - Monitor Bot - INFO - === Performance Metrics ===
2025-04-10 10:10:47,365 - Monitor Bot - INFO - Date: 2025-04-10T10:10:46.335741
2025-04-10 10:10:47,365 - Monitor Bot - INFO - Total Trades: 72
2025-04-10 10:10:47,365 - Monitor Bot - INFO - Win Rate: 55.56%
2025-04-10 10:10:47,365 - Monitor Bot - INFO - Total Profit: $18.27
2025-04-10 10:10:47,365 - Monitor Bot - INFO - Average Profit per Trade: $0.25
2025-04-10 10:10:47,365 - Monitor Bot - INFO - Average Profit Percentage: 0.09%
2025-04-10 10:10:47,365 - Monitor Bot - INFO - Maximum Drawdown: 0.10%
2025-04-10 10:10:47,365 - Monitor Bot - INFO - Quantum Prediction Accuracy: 0.00%
2025-04-10 10:10:47,365 - Monitor Bot - INFO - ============================
2025-04-10 10:10:47,380 - Monitor Bot - INFO - Task Performance Metrics completed successfully
2025-04-10 10:11:45,736 - Trading System - INFO - Trading Bot is alive: True
2025-04-10 10:11:45,738 - Trading System - INFO - Monitor Bot is alive: True
2025-04-10 10:11:45,738 - Trading System - INFO - Improvement Bot is alive: True
2025-04-10 10:11:46,371 - Quantum Trading Bot - INFO - Starting trading cycle
2025-04-10 10:11:46,372 - Quantum Trading Bot - INFO - Processing AAPL
2025-04-10 10:11:46,372 - Quantum Trading Bot - INFO - Mock halal compliance check for AAPL: COMPLIANT
2025-04-10 10:11:46,398 - Quantum Trading Bot - INFO - Quantum device error rate: 0.0375
2025-04-10 10:11:46,401 - Quantum Trading Bot - INFO - Quantum prediction for AAPL: 0.4960 (confidence: 0.7700)
2025-04-10 10:11:46,401 - Quantum Trading Bot - INFO - Trading signal for AAPL: 0.4960 (source: quantum)
2025-04-10 10:11:46,401 - Quantum Trading Bot - INFO - HOLD signal for AAPL (score: 0.4960, source: quantum)
2025-04-10 10:11:46,402 - Quantum Trading Bot - INFO - Processing MSFT
2025-04-10 10:11:46,402 - Quantum Trading Bot - INFO - Mock halal compliance check for MSFT: COMPLIANT
2025-04-10 10:11:46,409 - Quantum Trading Bot - INFO - Quantum device error rate: 0.0543
2025-04-10 10:11:46,417 - Quantum Trading Bot - INFO - Quantum prediction for MSFT: 0.5670 (confidence: 0.7566)
2025-04-10 10:11:46,417 - Quantum Trading Bot - INFO - Trading signal for MSFT: 0.5670 (source: quantum)
2025-04-10 10:11:46,417 - Quantum Trading Bot - INFO - HOLD signal for MSFT (score: 0.5670, source: quantum)
2025-04-10 10:11:46,417 - Quantum Trading Bot - INFO - Processing NVDA
2025-04-10 10:11:46,417 - Quantum Trading Bot - INFO - Mock halal compliance check for NVDA: COMPLIANT
2025-04-10 10:11:46,424 - Quantum Trading Bot - INFO - Quantum device error rate: 0.0498
2025-04-10 10:11:46,426 - Quantum Trading Bot - INFO - Quantum prediction for NVDA: 0.6650 (confidence: 0.9502)
2025-04-10 10:11:46,426 - Quantum Trading Bot - INFO - Trading signal for NVDA: 0.6650 (source: quantum)
2025-04-10 10:11:46,426 - Quantum Trading Bot - INFO - HOLD signal for NVDA (score: 0.6650, source: quantum)
2025-04-10 10:11:46,436 - Quantum Trading Bot - INFO - Performance metrics saved: 40/72 winning trades
2025-04-10 10:11:46,436 - Quantum Trading Bot - INFO - Quantum prediction accuracy: 0.00
2025-04-10 10:11:46,436 - Quantum Trading Bot - INFO - Sleeping for 60 seconds
2025-04-10 10:17:23,046 - Trading System - INFO - Trading Bot is alive: True
2025-04-10 10:17:23,047 - Trading System - INFO - Monitor Bot is alive: True
2025-04-10 10:17:23,048 - Trading System - INFO - Improvement Bot is alive: True
2025-04-10 10:17:23,742 - Quantum Trading Bot - INFO - Starting trading cycle
2025-04-10 10:17:23,744 - Quantum Trading Bot - INFO - Processing AAPL
2025-04-10 10:17:23,744 - Quantum Trading Bot - INFO - Mock halal compliance check for AAPL: COMPLIANT
2025-04-10 10:17:23,771 - Quantum Trading Bot - INFO - Quantum device error rate: 0.0363
2025-04-10 10:17:23,773 - Quantum Trading Bot - INFO - Quantum prediction for AAPL: 0.8450 (confidence: 0.9637)
2025-04-10 10:17:23,773 - Quantum Trading Bot - INFO - Trading signal for AAPL: 0.8450 (source: quantum)
2025-04-10 10:17:23,774 - Quantum Trading Bot - INFO - HOLD signal for AAPL (score: 0.8450, source: quantum)
2025-04-10 10:17:23,774 - Quantum Trading Bot - INFO - Processing MSFT
2025-04-10 10:17:23,774 - Quantum Trading Bot - INFO - Mock halal compliance check for MSFT: COMPLIANT
2025-04-10 10:17:23,781 - Quantum Trading Bot - INFO - Quantum device error rate: 0.0273
2025-04-10 10:17:23,783 - Quantum Trading Bot - INFO - Quantum prediction for MSFT: 0.8760 (confidence: 0.9727)
2025-04-10 10:17:23,783 - Quantum Trading Bot - INFO - Trading signal for MSFT: 0.8760 (source: quantum)
2025-04-10 10:17:23,783 - Quantum Trading Bot - INFO - HOLD signal for MSFT (score: 0.8760, source: quantum)
2025-04-10 10:17:23,783 - Quantum Trading Bot - INFO - Processing NVDA
2025-04-10 10:17:23,783 - Quantum Trading Bot - INFO - Mock halal compliance check for NVDA: COMPLIANT
2025-04-10 10:17:23,790 - Quantum Trading Bot - INFO - Quantum device error rate: 0.0264
2025-04-10 10:17:23,792 - Quantum Trading Bot - INFO - Quantum prediction for NVDA: 0.4990 (confidence: 0.7789)
2025-04-10 10:17:23,792 - Quantum Trading Bot - INFO - Trading signal for NVDA: 0.4990 (source: quantum)
2025-04-10 10:17:23,792 - Quantum Trading Bot - INFO - HOLD signal for NVDA (score: 0.4990, source: quantum)
2025-04-10 10:17:23,801 - Quantum Trading Bot - INFO - Performance metrics saved: 40/72 winning trades
2025-04-10 10:17:23,801 - Quantum Trading Bot - INFO - Quantum prediction accuracy: 0.00
2025-04-10 10:17:23,801 - Quantum Trading Bot - INFO - Sleeping for 60 seconds
2025-04-10 10:34:39,831 - Trading System - INFO - Trading Bot is alive: True
2025-04-10 10:34:39,833 - Trading System - INFO - Monitor Bot is alive: True
2025-04-10 10:34:39,833 - Trading System - INFO - Improvement Bot is alive: True
2025-04-10 10:34:40,576 - Quantum Trading Bot - INFO - Starting trading cycle
2025-04-10 10:34:40,579 - Quantum Trading Bot - INFO - Processing AAPL
2025-04-10 10:34:40,579 - Quantum Trading Bot - INFO - Mock halal compliance check for AAPL: COMPLIANT
2025-04-10 10:34:40,974 - Quantum Trading Bot - INFO - Quantum device error rate: 0.0468
2025-04-10 10:34:41,071 - Quantum Trading Bot - INFO - Quantum prediction for AAPL: 0.8910 (confidence: 0.9532)
2025-04-10 10:34:41,071 - Quantum Trading Bot - INFO - Trading signal for AAPL: 0.8910 (source: quantum)
2025-04-10 10:34:41,071 - Quantum Trading Bot - INFO - HOLD signal for AAPL (score: 0.8910, source: quantum)
2025-04-10 10:34:41,073 - Quantum Trading Bot - INFO - Processing MSFT
2025-04-10 10:34:41,073 - Quantum Trading Bot - INFO - Mock halal compliance check for MSFT: COMPLIANT
2025-04-10 10:34:41,100 - Quantum Trading Bot - INFO - Quantum device error rate: 0.0267
2025-04-10 10:34:41,121 - Quantum Trading Bot - INFO - Quantum prediction for MSFT: 0.2150 (confidence: 0.9733)
2025-04-10 10:34:41,121 - Quantum Trading Bot - INFO - Trading signal for MSFT: 0.2150 (source: quantum)
2025-04-10 10:34:41,121 - Quantum Trading Bot - INFO - SELL signal for MSFT (score: 0.2150, source: quantum)
2025-04-10 10:34:41,171 - Quantum Trading Bot - WARNING - Cannot sell MSFT - no position
2025-04-10 10:34:41,173 - Quantum Trading Bot - INFO - Processing NVDA
2025-04-10 10:34:41,173 - Quantum Trading Bot - INFO - Mock halal compliance check for NVDA: COMPLIANT
2025-04-10 10:34:41,213 - Quantum Trading Bot - INFO - Quantum device error rate: 0.0519
2025-04-10 10:34:41,270 - Quantum Trading Bot - INFO - Quantum prediction for NVDA: 0.5544 (confidence: 0.7585)
2025-04-10 10:34:41,271 - Quantum Trading Bot - INFO - Trading signal for NVDA: 0.5544 (source: quantum)
2025-04-10 10:34:41,271 - Quantum Trading Bot - INFO - HOLD signal for NVDA (score: 0.5544, source: quantum)
2025-04-10 10:34:41,325 - Quantum Trading Bot - INFO - Performance metrics saved: 40/72 winning trades
2025-04-10 10:34:41,325 - Quantum Trading Bot - INFO - Quantum prediction accuracy: 0.00
2025-04-10 10:34:41,325 - Quantum Trading Bot - INFO - Sleeping for 60 seconds
2025-04-10 10:55:11,824 - Trading System - INFO - Trading Bot is alive: True
2025-04-10 10:55:11,827 - Trading System - INFO - Monitor Bot is alive: True
2025-04-10 10:55:11,827 - Trading System - INFO - Improvement Bot is alive: True
2025-04-10 10:55:13,308 - Quantum Trading Bot - INFO - Starting trading cycle
2025-04-10 10:55:13,316 - Quantum Trading Bot - INFO - Processing AAPL
2025-04-10 10:55:13,318 - Quantum Trading Bot - INFO - Mock halal compliance check for AAPL: COMPLIANT
2025-04-10 10:55:13,542 - Monitor Bot - INFO - Running scheduled task: Quantum System Health Check
2025-04-10 10:55:13,553 - Monitor Bot - INFO - Monitoring quantum system health
2025-04-10 10:55:13,731 - Monitor Bot - INFO - Average quantum error rate: 0.0358
2025-04-10 10:55:13,893 - Monitor Bot - INFO - Task Quantum System Health Check completed successfully
2025-04-10 10:55:13,959 - Quantum Trading Bot - INFO - Quantum device error rate: 0.0348
2025-04-10 10:55:14,171 - Quantum Trading Bot - INFO - Quantum prediction for AAPL: 0.6840 (confidence: 0.9652)
2025-04-10 10:55:14,171 - Quantum Trading Bot - INFO - Trading signal for AAPL: 0.6840 (source: quantum)
2025-04-10 10:55:14,171 - Quantum Trading Bot - INFO - HOLD signal for AAPL (score: 0.6840, source: quantum)
2025-04-10 10:55:14,182 - Quantum Trading Bot - INFO - Processing MSFT
2025-04-10 10:55:14,182 - Quantum Trading Bot - INFO - Mock halal compliance check for MSFT: COMPLIANT
2025-04-10 10:55:14,269 - Quantum Trading Bot - INFO - Quantum device error rate: 0.0270
2025-04-10 10:55:14,295 - Quantum Trading Bot - INFO - Quantum prediction for MSFT: 0.9530 (confidence: 0.9730)
2025-04-10 10:55:14,295 - Quantum Trading Bot - INFO - Trading signal for MSFT: 0.9530 (source: quantum)
2025-04-10 10:55:14,295 - Quantum Trading Bot - INFO - HOLD signal for MSFT (score: 0.9530, source: quantum)
2025-04-10 10:55:14,297 - Quantum Trading Bot - INFO - Processing NVDA
2025-04-10 10:55:14,297 - Quantum Trading Bot - INFO - Mock halal compliance check for NVDA: COMPLIANT
2025-04-10 10:55:14,365 - Quantum Trading Bot - INFO - Quantum device error rate: 0.0363
2025-04-10 10:55:14,390 - Quantum Trading Bot - INFO - Quantum prediction for NVDA: 0.1300 (confidence: 0.9637)
2025-04-10 10:55:14,391 - Quantum Trading Bot - INFO - Trading signal for NVDA: 0.1300 (source: quantum)
2025-04-10 10:55:14,391 - Quantum Trading Bot - INFO - SELL signal for NVDA (score: 0.1300, source: quantum)
2025-04-10 10:55:14,414 - Quantum Trading Bot - WARNING - Cannot sell NVDA - no position
2025-04-10 10:55:14,462 - Quantum Trading Bot - INFO - Performance metrics saved: 40/72 winning trades
2025-04-10 10:55:14,462 - Quantum Trading Bot - INFO - Quantum prediction accuracy: 0.00
2025-04-10 10:55:14,463 - Quantum Trading Bot - INFO - Sleeping for 60 seconds
2025-04-10 11:13:12,062 - Trading System - INFO - Trading Bot is alive: True
2025-04-10 11:13:12,072 - Trading System - INFO - Monitor Bot is alive: True
2025-04-10 11:13:12,072 - Trading System - INFO - Improvement Bot is alive: True
2025-04-10 11:13:14,156 - Monitor Bot - INFO - Running scheduled task: Performance Metrics
2025-04-10 11:13:14,163 - Monitor Bot - INFO - === Performance Metrics ===
2025-04-10 11:13:14,163 - Monitor Bot - INFO - Date: 2025-04-10T10:55:14.415181
2025-04-10 11:13:14,163 - Monitor Bot - INFO - Total Trades: 72
2025-04-10 11:13:14,164 - Monitor Bot - INFO - Win Rate: 55.56%
2025-04-10 11:13:14,164 - Monitor Bot - INFO - Total Profit: $18.27
2025-04-10 11:13:14,164 - Monitor Bot - INFO - Average Profit per Trade: $0.25
2025-04-10 11:13:14,164 - Monitor Bot - INFO - Average Profit Percentage: 0.09%
2025-04-10 11:13:14,164 - Monitor Bot - INFO - Maximum Drawdown: 0.10%
2025-04-10 11:13:14,164 - Monitor Bot - INFO - Quantum Prediction Accuracy: 0.00%
2025-04-10 11:13:14,164 - Monitor Bot - INFO - ============================
2025-04-10 11:13:14,184 - Monitor Bot - INFO - Task Performance Metrics completed successfully
2025-04-10 11:13:14,706 - Quantum Trading Bot - INFO - Starting trading cycle
2025-04-10 11:13:14,706 - Quantum Trading Bot - INFO - Processing AAPL
2025-04-10 11:13:14,706 - Quantum Trading Bot - INFO - Mock halal compliance check for AAPL: COMPLIANT
2025-04-10 11:13:14,733 - Quantum Trading Bot - INFO - Quantum device error rate: 0.0312
2025-04-10 11:13:14,736 - Quantum Trading Bot - INFO - Quantum prediction for AAPL: 0.4570 (confidence: 0.7750)
2025-04-10 11:13:14,736 - Quantum Trading Bot - INFO - Trading signal for AAPL: 0.4570 (source: quantum)
2025-04-10 11:13:14,736 - Quantum Trading Bot - INFO - HOLD signal for AAPL (score: 0.4570, source: quantum)
2025-04-10 11:13:14,737 - Quantum Trading Bot - INFO - Processing MSFT
2025-04-10 11:13:14,737 - Quantum Trading Bot - INFO - Mock halal compliance check for MSFT: COMPLIANT
2025-04-10 11:13:14,744 - Quantum Trading Bot - INFO - Quantum device error rate: 0.0390
2025-04-10 11:13:14,747 - Quantum Trading Bot - INFO - Quantum prediction for MSFT: 0.5110 (confidence: 0.7688)
2025-04-10 11:13:14,747 - Quantum Trading Bot - INFO - Trading signal for MSFT: 0.5110 (source: quantum)
2025-04-10 11:13:14,747 - Quantum Trading Bot - INFO - HOLD signal for MSFT (score: 0.5110, source: quantum)
2025-04-10 11:13:14,747 - Quantum Trading Bot - INFO - Processing NVDA
2025-04-10 11:13:14,747 - Quantum Trading Bot - INFO - Mock halal compliance check for NVDA: COMPLIANT
2025-04-10 11:13:14,754 - Quantum Trading Bot - INFO - Quantum device error rate: 0.0306
2025-04-10 11:13:14,757 - Quantum Trading Bot - INFO - Quantum prediction for NVDA: 0.2360 (confidence: 0.9694)
2025-04-10 11:13:14,757 - Quantum Trading Bot - INFO - Trading signal for NVDA: 0.2360 (source: quantum)
2025-04-10 11:13:14,757 - Quantum Trading Bot - INFO - SELL signal for NVDA (score: 0.2360, source: quantum)
2025-04-10 11:13:14,758 - Quantum Trading Bot - WARNING - Cannot sell NVDA - no position
2025-04-10 11:13:14,767 - Quantum Trading Bot - INFO - Performance metrics saved: 40/72 winning trades
2025-04-10 11:13:14,767 - Quantum Trading Bot - INFO - Quantum prediction accuracy: 0.00
2025-04-10 11:13:14,767 - Quantum Trading Bot - INFO - Sleeping for 60 seconds
2025-04-10 11:31:38,981 - Trading System - INFO - Trading Bot is alive: True
2025-04-10 11:31:38,982 - Trading System - INFO - Monitor Bot is alive: True
2025-04-10 11:31:38,982 - Trading System - INFO - Improvement Bot is alive: True
2025-04-10 11:31:41,673 - Quantum Trading Bot - INFO - Starting trading cycle
2025-04-10 11:31:41,674 - Quantum Trading Bot - INFO - Processing AAPL
2025-04-10 11:31:41,675 - Quantum Trading Bot - INFO - Mock halal compliance check for AAPL: COMPLIANT
2025-04-10 11:31:41,701 - Quantum Trading Bot - INFO - Quantum device error rate: 0.0366
2025-04-10 11:31:41,705 - Quantum Trading Bot - INFO - Quantum prediction for AAPL: 0.5290 (confidence: 0.7707)
2025-04-10 11:31:41,705 - Quantum Trading Bot - INFO - Trading signal for AAPL: 0.5290 (source: quantum)
2025-04-10 11:31:41,705 - Quantum Trading Bot - INFO - HOLD signal for AAPL (score: 0.5290, source: quantum)
2025-04-10 11:31:41,705 - Quantum Trading Bot - INFO - Processing MSFT
2025-04-10 11:31:41,705 - Quantum Trading Bot - INFO - Mock halal compliance check for MSFT: COMPLIANT
2025-04-10 11:31:41,713 - Quantum Trading Bot - INFO - Quantum device error rate: 0.0489
2025-04-10 11:31:41,716 - Quantum Trading Bot - INFO - Quantum prediction for MSFT: 0.8080 (confidence: 0.9511)
2025-04-10 11:31:41,716 - Quantum Trading Bot - INFO - Trading signal for MSFT: 0.8080 (source: quantum)
2025-04-10 11:31:41,716 - Quantum Trading Bot - INFO - HOLD signal for MSFT (score: 0.8080, source: quantum)
2025-04-10 11:31:41,716 - Quantum Trading Bot - INFO - Processing NVDA
2025-04-10 11:31:41,716 - Quantum Trading Bot - INFO - Mock halal compliance check for NVDA: COMPLIANT
2025-04-10 11:31:41,725 - Quantum Trading Bot - INFO - Quantum device error rate: 0.0408
2025-04-10 11:31:41,727 - Quantum Trading Bot - INFO - Quantum prediction for NVDA: 0.1080 (confidence: 0.9592)
2025-04-10 11:31:41,727 - Quantum Trading Bot - INFO - Trading signal for NVDA: 0.1080 (source: quantum)
2025-04-10 11:31:41,727 - Quantum Trading Bot - INFO - SELL signal for NVDA (score: 0.1080, source: quantum)
2025-04-10 11:31:41,729 - Quantum Trading Bot - WARNING - Cannot sell NVDA - no position
2025-04-10 11:31:41,739 - Quantum Trading Bot - INFO - Performance metrics saved: 40/72 winning trades
2025-04-10 11:31:41,739 - Quantum Trading Bot - INFO - Quantum prediction accuracy: 0.00
2025-04-10 11:31:41,739 - Quantum Trading Bot - INFO - Sleeping for 60 seconds
2025-04-10 11:48:46,779 - Trading System - INFO - Trading Bot is alive: True
2025-04-10 11:48:46,786 - Trading System - INFO - Monitor Bot is alive: True
2025-04-10 11:48:46,786 - Trading System - INFO - Improvement Bot is alive: True
2025-04-10 11:48:49,542 - Quantum Trading Bot - INFO - Starting trading cycle
2025-04-10 11:48:49,542 - Quantum Trading Bot - INFO - Processing AAPL
2025-04-10 11:48:49,543 - Quantum Trading Bot - INFO - Mock halal compliance check for AAPL: COMPLIANT
2025-04-10 11:48:49,570 - Quantum Trading Bot - INFO - Quantum device error rate: 0.0381
2025-04-10 11:48:49,575 - Quantum Trading Bot - INFO - Quantum prediction for AAPL: 0.3740 (confidence: 0.9619)
2025-04-10 11:48:49,575 - Quantum Trading Bot - INFO - Trading signal for AAPL: 0.3740 (source: quantum)
2025-04-10 11:48:49,575 - Quantum Trading Bot - INFO - HOLD signal for AAPL (score: 0.3740, source: quantum)
2025-04-10 11:48:49,576 - Quantum Trading Bot - INFO - Processing MSFT
2025-04-10 11:48:49,576 - Quantum Trading Bot - INFO - Mock halal compliance check for MSFT: COMPLIANT
2025-04-10 11:48:49,583 - Quantum Trading Bot - INFO - Quantum device error rate: 0.0426
2025-04-10 11:48:49,586 - Quantum Trading Bot - INFO - Quantum prediction for MSFT: 0.7450 (confidence: 0.9574)
2025-04-10 11:48:49,587 - Quantum Trading Bot - INFO - Trading signal for MSFT: 0.7450 (source: quantum)
2025-04-10 11:48:49,587 - Quantum Trading Bot - INFO - HOLD signal for MSFT (score: 0.7450, source: quantum)
2025-04-10 11:48:49,587 - Quantum Trading Bot - INFO - Processing NVDA
2025-04-10 11:48:49,587 - Quantum Trading Bot - INFO - Mock halal compliance check for NVDA: COMPLIANT
2025-04-10 11:48:49,595 - Quantum Trading Bot - INFO - Quantum device error rate: 0.0498
2025-04-10 11:48:49,598 - Quantum Trading Bot - INFO - Quantum prediction for NVDA: 0.5750 (confidence: 0.7602)
2025-04-10 11:48:49,598 - Quantum Trading Bot - INFO - Trading signal for NVDA: 0.5750 (source: quantum)
2025-04-10 11:48:49,598 - Quantum Trading Bot - INFO - HOLD signal for NVDA (score: 0.5750, source: quantum)
2025-04-10 11:48:49,607 - Quantum Trading Bot - INFO - Performance metrics saved: 40/72 winning trades
2025-04-10 11:48:49,608 - Quantum Trading Bot - INFO - Quantum prediction accuracy: 0.00
2025-04-10 11:48:49,608 - Quantum Trading Bot - INFO - Sleeping for 60 seconds
2025-04-10 11:54:43,785 - Trading System - INFO - Trading Bot is alive: True
2025-04-10 11:54:43,791 - Trading System - INFO - Monitor Bot is alive: True
2025-04-10 11:54:43,791 - Trading System - INFO - Improvement Bot is alive: True
2025-04-10 11:54:46,600 - Quantum Trading Bot - INFO - Starting trading cycle
2025-04-10 11:54:46,602 - Quantum Trading Bot - INFO - Processing AAPL
2025-04-10 11:54:46,602 - Quantum Trading Bot - INFO - Mock halal compliance check for AAPL: COMPLIANT
2025-04-10 11:54:46,633 - Quantum Trading Bot - INFO - Quantum device error rate: 0.0225
2025-04-10 11:54:46,641 - Quantum Trading Bot - INFO - Quantum prediction for AAPL: 0.5530 (confidence: 0.7820)
2025-04-10 11:54:46,642 - Quantum Trading Bot - INFO - Trading signal for AAPL: 0.5530 (source: quantum)
2025-04-10 11:54:46,642 - Quantum Trading Bot - INFO - HOLD signal for AAPL (score: 0.5530, source: quantum)
2025-04-10 11:54:46,642 - Quantum Trading Bot - INFO - Processing MSFT
2025-04-10 11:54:46,642 - Quantum Trading Bot - INFO - Mock halal compliance check for MSFT: COMPLIANT
2025-04-10 11:54:46,651 - Quantum Trading Bot - INFO - Quantum device error rate: 0.0336
2025-04-10 11:54:46,653 - Quantum Trading Bot - INFO - Quantum prediction for MSFT: 0.5250 (confidence: 0.7731)
2025-04-10 11:54:46,653 - Quantum Trading Bot - INFO - Trading signal for MSFT: 0.5250 (source: quantum)
2025-04-10 11:54:46,653 - Quantum Trading Bot - INFO - HOLD signal for MSFT (score: 0.5250, source: quantum)
2025-04-10 11:54:46,653 - Quantum Trading Bot - INFO - Processing NVDA
2025-04-10 11:54:46,654 - Quantum Trading Bot - INFO - Mock halal compliance check for NVDA: COMPLIANT
2025-04-10 11:54:46,661 - Quantum Trading Bot - INFO - Quantum device error rate: 0.0480
2025-04-10 11:54:46,663 - Quantum Trading Bot - INFO - Quantum prediction for NVDA: 0.2990 (confidence: 0.9520)
2025-04-10 11:54:46,663 - Quantum Trading Bot - INFO - Trading signal for NVDA: 0.2990 (source: quantum)
2025-04-10 11:54:46,663 - Quantum Trading Bot - INFO - SELL signal for NVDA (score: 0.2990, source: quantum)
2025-04-10 11:54:46,667 - Quantum Trading Bot - WARNING - Cannot sell NVDA - no position
2025-04-10 11:54:46,676 - Quantum Trading Bot - INFO - Performance metrics saved: 40/72 winning trades
2025-04-10 11:54:46,676 - Quantum Trading Bot - INFO - Quantum prediction accuracy: 0.00
2025-04-10 11:54:46,676 - Quantum Trading Bot - INFO - Sleeping for 60 seconds
2025-04-10 11:55:43,799 - Trading System - INFO - Trading Bot is alive: True
2025-04-10 11:55:43,805 - Trading System - INFO - Monitor Bot is alive: True
2025-04-10 11:55:43,805 - Trading System - INFO - Improvement Bot is alive: True
2025-04-10 11:55:46,679 - Quantum Trading Bot - INFO - Starting trading cycle
2025-04-10 11:55:46,680 - Quantum Trading Bot - INFO - Processing AAPL
2025-04-10 11:55:46,680 - Quantum Trading Bot - INFO - Mock halal compliance check for AAPL: COMPLIANT
2025-04-10 11:55:46,714 - Quantum Trading Bot - INFO - Quantum device error rate: 0.0597
2025-04-10 11:55:46,727 - Quantum Trading Bot - INFO - Quantum prediction for AAPL: 0.6371 (confidence: 0.9403)
2025-04-10 11:55:46,727 - Quantum Trading Bot - INFO - Trading signal for AAPL: 0.6371 (source: quantum)
2025-04-10 11:55:46,727 - Quantum Trading Bot - INFO - HOLD signal for AAPL (score: 0.6371, source: quantum)
2025-04-10 11:55:46,727 - Quantum Trading Bot - INFO - Processing MSFT
2025-04-10 11:55:46,727 - Quantum Trading Bot - INFO - Mock halal compliance check for MSFT: COMPLIANT
2025-04-10 11:55:46,736 - Quantum Trading Bot - INFO - Quantum device error rate: 0.0309
2025-04-10 11:55:46,738 - Quantum Trading Bot - INFO - Quantum prediction for MSFT: 0.4740 (confidence: 0.7753)
2025-04-10 11:55:46,739 - Quantum Trading Bot - INFO - Trading signal for MSFT: 0.4740 (source: quantum)
2025-04-10 11:55:46,739 - Quantum Trading Bot - INFO - HOLD signal for MSFT (score: 0.4740, source: quantum)
2025-04-10 11:55:46,739 - Quantum Trading Bot - INFO - Processing NVDA
2025-04-10 11:55:46,739 - Quantum Trading Bot - INFO - Mock halal compliance check for NVDA: COMPLIANT
2025-04-10 11:55:46,750 - Quantum Trading Bot - INFO - Quantum device error rate: 0.0321
2025-04-10 11:55:46,753 - Quantum Trading Bot - INFO - Quantum prediction for NVDA: 0.8740 (confidence: 0.9679)
2025-04-10 11:55:46,753 - Quantum Trading Bot - INFO - Trading signal for NVDA: 0.8740 (source: quantum)
2025-04-10 11:55:46,753 - Quantum Trading Bot - INFO - HOLD signal for NVDA (score: 0.8740, source: quantum)
2025-04-10 11:55:46,763 - Quantum Trading Bot - INFO - Performance metrics saved: 40/72 winning trades
2025-04-10 11:55:46,763 - Quantum Trading Bot - INFO - Quantum prediction accuracy: 0.00
2025-04-10 11:55:46,763 - Quantum Trading Bot - INFO - Sleeping for 60 seconds
2025-04-10 11:56:43,809 - Trading System - INFO - Trading Bot is alive: True
2025-04-10 11:56:43,812 - Trading System - INFO - Monitor Bot is alive: True
2025-04-10 11:56:43,812 - Trading System - INFO - Improvement Bot is alive: True
2025-04-10 11:56:46,772 - Quantum Trading Bot - INFO - Starting trading cycle
2025-04-10 11:56:46,773 - Quantum Trading Bot - INFO - Processing AAPL
2025-04-10 11:56:46,773 - Quantum Trading Bot - INFO - Mock halal compliance check for AAPL: COMPLIANT
2025-04-10 11:56:46,804 - Quantum Trading Bot - INFO - Quantum device error rate: 0.0387
2025-04-10 11:56:46,808 - Quantum Trading Bot - INFO - Quantum prediction for AAPL: 0.5110 (confidence: 0.7690)
2025-04-10 11:56:46,808 - Quantum Trading Bot - INFO - Trading signal for AAPL: 0.5110 (source: quantum)
2025-04-10 11:56:46,808 - Quantum Trading Bot - INFO - HOLD signal for AAPL (score: 0.5110, source: quantum)
2025-04-10 11:56:46,809 - Quantum Trading Bot - INFO - Processing MSFT
2025-04-10 11:56:46,809 - Quantum Trading Bot - INFO - Mock halal compliance check for MSFT: COMPLIANT
2025-04-10 11:56:46,817 - Quantum Trading Bot - INFO - Quantum device error rate: 0.0216
2025-04-10 11:56:46,819 - Quantum Trading Bot - INFO - Quantum prediction for MSFT: 0.7170 (confidence: 0.9784)
2025-04-10 11:56:46,819 - Quantum Trading Bot - INFO - Trading signal for MSFT: 0.7170 (source: quantum)
2025-04-10 11:56:46,819 - Quantum Trading Bot - INFO - HOLD signal for MSFT (score: 0.7170, source: quantum)
2025-04-10 11:56:46,820 - Quantum Trading Bot - INFO - Processing NVDA
2025-04-10 11:56:46,820 - Quantum Trading Bot - INFO - Mock halal compliance check for NVDA: COMPLIANT
2025-04-10 11:56:46,828 - Quantum Trading Bot - INFO - Quantum device error rate: 0.0567
2025-04-10 11:56:46,834 - Quantum Trading Bot - INFO - Quantum prediction for NVDA: 0.8171 (confidence: 0.9433)
2025-04-10 11:56:46,834 - Quantum Trading Bot - INFO - Trading signal for NVDA: 0.8171 (source: quantum)
2025-04-10 11:56:46,834 - Quantum Trading Bot - INFO - HOLD signal for NVDA (score: 0.8171, source: quantum)
2025-04-10 11:56:46,846 - Quantum Trading Bot - INFO - Performance metrics saved: 40/72 winning trades
2025-04-10 11:56:46,846 - Quantum Trading Bot - INFO - Quantum prediction accuracy: 0.00
2025-04-10 11:56:46,846 - Quantum Trading Bot - INFO - Sleeping for 60 seconds
2025-04-10 11:57:43,816 - Trading System - INFO - Trading Bot is alive: True
2025-04-10 11:57:43,819 - Trading System - INFO - Monitor Bot is alive: True
2025-04-10 11:57:43,819 - Trading System - INFO - Improvement Bot is alive: True
2025-04-10 11:57:46,847 - Quantum Trading Bot - INFO - Starting trading cycle
2025-04-10 11:57:46,849 - Quantum Trading Bot - INFO - Processing AAPL
2025-04-10 11:57:46,849 - Quantum Trading Bot - INFO - Mock halal compliance check for AAPL: COMPLIANT
2025-04-10 11:57:46,883 - Quantum Trading Bot - INFO - Quantum device error rate: 0.0246
2025-04-10 11:57:46,888 - Quantum Trading Bot - INFO - Quantum prediction for AAPL: 0.5490 (confidence: 0.7803)
2025-04-10 11:57:46,888 - Quantum Trading Bot - INFO - Trading signal for AAPL: 0.5490 (source: quantum)
2025-04-10 11:57:46,888 - Quantum Trading Bot - INFO - HOLD signal for AAPL (score: 0.5490, source: quantum)
2025-04-10 11:57:46,889 - Quantum Trading Bot - INFO - Processing MSFT
2025-04-10 11:57:46,889 - Quantum Trading Bot - INFO - Mock halal compliance check for MSFT: COMPLIANT
2025-04-10 11:57:46,897 - Quantum Trading Bot - INFO - Quantum device error rate: 0.0468
2025-04-10 11:57:46,899 - Quantum Trading Bot - INFO - Quantum prediction for MSFT: 0.4180 (confidence: 0.7626)
2025-04-10 11:57:46,899 - Quantum Trading Bot - INFO - Trading signal for MSFT: 0.4180 (source: quantum)
2025-04-10 11:57:46,899 - Quantum Trading Bot - INFO - HOLD signal for MSFT (score: 0.4180, source: quantum)
2025-04-10 11:57:46,899 - Quantum Trading Bot - INFO - Processing NVDA
2025-04-10 11:57:46,900 - Quantum Trading Bot - INFO - Mock halal compliance check for NVDA: COMPLIANT
2025-04-10 11:57:46,908 - Quantum Trading Bot - INFO - Quantum device error rate: 0.0561
2025-04-10 11:57:46,915 - Quantum Trading Bot - INFO - Quantum prediction for NVDA: 0.3412 (confidence: 0.9439)
2025-04-10 11:57:46,915 - Quantum Trading Bot - INFO - Trading signal for NVDA: 0.3412 (source: quantum)
2025-04-10 11:57:46,915 - Quantum Trading Bot - INFO - HOLD signal for NVDA (score: 0.3412, source: quantum)
2025-04-10 11:57:46,925 - Quantum Trading Bot - INFO - Performance metrics saved: 40/72 winning trades
2025-04-10 11:57:46,925 - Quantum Trading Bot - INFO - Quantum prediction accuracy: 0.00
2025-04-10 11:57:46,926 - Quantum Trading Bot - INFO - Sleeping for 60 seconds
2025-04-10 11:58:43,825 - Trading System - INFO - Trading Bot is alive: True
2025-04-10 11:58:43,830 - Trading System - INFO - Monitor Bot is alive: True
2025-04-10 11:58:43,830 - Trading System - INFO - Improvement Bot is alive: True
2025-04-10 11:58:46,931 - Quantum Trading Bot - INFO - Starting trading cycle
2025-04-10 11:58:46,936 - Quantum Trading Bot - INFO - Processing AAPL
2025-04-10 11:58:46,937 - Quantum Trading Bot - INFO - Mock halal compliance check for AAPL: COMPLIANT
2025-04-10 11:58:46,971 - Quantum Trading Bot - INFO - Quantum device error rate: 0.0576
2025-04-10 11:58:46,981 - Quantum Trading Bot - INFO - Quantum prediction for AAPL: 0.7931 (confidence: 0.9424)
2025-04-10 11:58:46,981 - Quantum Trading Bot - INFO - Trading signal for AAPL: 0.7931 (source: quantum)
2025-04-10 11:58:46,981 - Quantum Trading Bot - INFO - HOLD signal for AAPL (score: 0.7931, source: quantum)
2025-04-10 11:58:46,982 - Quantum Trading Bot - INFO - Processing MSFT
2025-04-10 11:58:46,982 - Quantum Trading Bot - INFO - Mock halal compliance check for MSFT: COMPLIANT
2025-04-10 11:58:46,991 - Quantum Trading Bot - INFO - Quantum device error rate: 0.0324
2025-04-10 11:58:46,994 - Quantum Trading Bot - INFO - Quantum prediction for MSFT: 0.8410 (confidence: 0.9676)
2025-04-10 11:58:46,994 - Quantum Trading Bot - INFO - Trading signal for MSFT: 0.8410 (source: quantum)
2025-04-10 11:58:46,994 - Quantum Trading Bot - INFO - HOLD signal for MSFT (score: 0.8410, source: quantum)
2025-04-10 11:58:46,995 - Quantum Trading Bot - INFO - Processing NVDA
2025-04-10 11:58:46,995 - Quantum Trading Bot - INFO - Mock halal compliance check for NVDA: COMPLIANT
2025-04-10 11:58:47,003 - Quantum Trading Bot - INFO - Quantum device error rate: 0.0282
2025-04-10 11:58:47,005 - Quantum Trading Bot - INFO - Quantum prediction for NVDA: 0.8380 (confidence: 0.9718)
2025-04-10 11:58:47,005 - Quantum Trading Bot - INFO - Trading signal for NVDA: 0.8380 (source: quantum)
2025-04-10 11:58:47,005 - Quantum Trading Bot - INFO - HOLD signal for NVDA (score: 0.8380, source: quantum)
2025-04-10 11:58:47,015 - Quantum Trading Bot - INFO - Performance metrics saved: 40/72 winning trades
2025-04-10 11:58:47,015 - Quantum Trading Bot - INFO - Quantum prediction accuracy: 0.00
2025-04-10 11:58:47,015 - Quantum Trading Bot - INFO - Sleeping for 60 seconds
2025-04-10 11:59:43,836 - Trading System - INFO - Trading Bot is alive: True
2025-04-10 11:59:43,838 - Trading System - INFO - Monitor Bot is alive: True
2025-04-10 11:59:43,838 - Trading System - INFO - Improvement Bot is alive: True
2025-04-10 11:59:47,019 - Quantum Trading Bot - INFO - Starting trading cycle
2025-04-10 11:59:47,021 - Quantum Trading Bot - INFO - Processing AAPL
2025-04-10 11:59:47,021 - Quantum Trading Bot - INFO - Mock halal compliance check for AAPL: COMPLIANT
2025-04-10 11:59:47,149 - Quantum Trading Bot - INFO - Quantum device error rate: 0.0399
2025-04-10 11:59:47,165 - Quantum Trading Bot - INFO - Quantum prediction for AAPL: 0.3140 (confidence: 0.9601)
2025-04-10 11:59:47,165 - Quantum Trading Bot - INFO - Trading signal for AAPL: 0.3140 (source: quantum)
2025-04-10 11:59:47,165 - Quantum Trading Bot - INFO - HOLD signal for AAPL (score: 0.3140, source: quantum)
2025-04-10 11:59:47,166 - Quantum Trading Bot - INFO - Processing MSFT
2025-04-10 11:59:47,166 - Quantum Trading Bot - INFO - Mock halal compliance check for MSFT: COMPLIANT
2025-04-10 11:59:47,175 - Quantum Trading Bot - INFO - Quantum device error rate: 0.0477
2025-04-10 11:59:47,177 - Quantum Trading Bot - INFO - Quantum prediction for MSFT: 0.1220 (confidence: 0.9523)
2025-04-10 11:59:47,177 - Quantum Trading Bot - INFO - Trading signal for MSFT: 0.1220 (source: quantum)
2025-04-10 11:59:47,177 - Quantum Trading Bot - INFO - SELL signal for MSFT (score: 0.1220, source: quantum)
2025-04-10 11:59:47,190 - Quantum Trading Bot - WARNING - Cannot sell MSFT - no position
2025-04-10 11:59:47,191 - Quantum Trading Bot - INFO - Processing NVDA
2025-04-10 11:59:47,192 - Quantum Trading Bot - INFO - Mock halal compliance check for NVDA: COMPLIANT
2025-04-10 11:59:47,206 - Quantum Trading Bot - INFO - Quantum device error rate: 0.0276
2025-04-10 11:59:47,210 - Quantum Trading Bot - INFO - Quantum prediction for NVDA: 0.4050 (confidence: 0.7779)
2025-04-10 11:59:47,210 - Quantum Trading Bot - INFO - Trading signal for NVDA: 0.4050 (source: quantum)
2025-04-10 11:59:47,210 - Quantum Trading Bot - INFO - HOLD signal for NVDA (score: 0.4050, source: quantum)
2025-04-10 11:59:47,222 - Quantum Trading Bot - INFO - Performance metrics saved: 40/72 winning trades
2025-04-10 11:59:47,222 - Quantum Trading Bot - INFO - Quantum prediction accuracy: 0.00
2025-04-10 11:59:47,222 - Quantum Trading Bot - INFO - Sleeping for 60 seconds
2025-04-10 12:00:43,844 - Trading System - INFO - Trading Bot is alive: True
2025-04-10 12:00:43,846 - Trading System - INFO - Monitor Bot is alive: True
2025-04-10 12:00:43,846 - Trading System - INFO - Improvement Bot is alive: True
2025-04-10 12:00:47,225 - Quantum Trading Bot - INFO - Starting trading cycle
2025-04-10 12:00:47,227 - Quantum Trading Bot - INFO - Processing AAPL
2025-04-10 12:00:47,227 - Quantum Trading Bot - INFO - Mock halal compliance check for AAPL: COMPLIANT
2025-04-10 12:00:47,271 - Quantum Trading Bot - INFO - Quantum device error rate: 0.0279
2025-04-10 12:00:47,275 - Quantum Trading Bot - INFO - Quantum prediction for AAPL: 0.2520 (confidence: 0.9721)
2025-04-10 12:00:47,275 - Quantum Trading Bot - INFO - Trading signal for AAPL: 0.2520 (source: quantum)
2025-04-10 12:00:47,275 - Quantum Trading Bot - INFO - SELL signal for AAPL (score: 0.2520, source: quantum)
2025-04-10 12:00:47,276 - Quantum Trading Bot - WARNING - Cannot sell AAPL - no position
2025-04-10 12:00:47,277 - Quantum Trading Bot - INFO - Processing MSFT
2025-04-10 12:00:47,277 - Quantum Trading Bot - INFO - Mock halal compliance check for MSFT: COMPLIANT
2025-04-10 12:00:47,286 - Quantum Trading Bot - INFO - Quantum device error rate: 0.0378
2025-04-10 12:00:47,288 - Quantum Trading Bot - INFO - Quantum prediction for MSFT: 0.2490 (confidence: 0.9622)
2025-04-10 12:00:47,288 - Quantum Trading Bot - INFO - Trading signal for MSFT: 0.2490 (source: quantum)
2025-04-10 12:00:47,288 - Quantum Trading Bot - INFO - SELL signal for MSFT (score: 0.2490, source: quantum)
2025-04-10 12:00:47,289 - Quantum Trading Bot - WARNING - Cannot sell MSFT - no position
2025-04-10 12:00:47,290 - Quantum Trading Bot - INFO - Processing NVDA
2025-04-10 12:00:47,290 - Quantum Trading Bot - INFO - Mock halal compliance check for NVDA: COMPLIANT
2025-04-10 12:00:47,299 - Quantum Trading Bot - INFO - Quantum device error rate: 0.0432
2025-04-10 12:00:47,302 - Quantum Trading Bot - INFO - Quantum prediction for NVDA: 0.5080 (confidence: 0.7654)
2025-04-10 12:00:47,302 - Quantum Trading Bot - INFO - Trading signal for NVDA: 0.5080 (source: quantum)
2025-04-10 12:00:47,302 - Quantum Trading Bot - INFO - HOLD signal for NVDA (score: 0.5080, source: quantum)
2025-04-10 12:00:47,313 - Quantum Trading Bot - INFO - Performance metrics saved: 40/72 winning trades
2025-04-10 12:00:47,313 - Quantum Trading Bot - INFO - Quantum prediction accuracy: 0.00
2025-04-10 12:00:47,313 - Quantum Trading Bot - INFO - Sleeping for 60 seconds
2025-04-10 12:01:43,852 - Trading System - INFO - Trading Bot is alive: True
2025-04-10 12:01:43,853 - Trading System - INFO - Monitor Bot is alive: True
2025-04-10 12:01:43,853 - Trading System - INFO - Improvement Bot is alive: True
2025-04-10 12:01:47,316 - Quantum Trading Bot - INFO - Starting trading cycle
2025-04-10 12:01:47,317 - Quantum Trading Bot - INFO - Processing AAPL
2025-04-10 12:01:47,317 - Quantum Trading Bot - INFO - Mock halal compliance check for AAPL: COMPLIANT
2025-04-10 12:01:47,345 - Quantum Trading Bot - INFO - Quantum device error rate: 0.0378
2025-04-10 12:01:47,350 - Quantum Trading Bot - INFO - Quantum prediction for AAPL: 0.5120 (confidence: 0.7698)
2025-04-10 12:01:47,350 - Quantum Trading Bot - INFO - Trading signal for AAPL: 0.5120 (source: quantum)
2025-04-10 12:01:47,350 - Quantum Trading Bot - INFO - HOLD signal for AAPL (score: 0.5120, source: quantum)
2025-04-10 12:01:47,351 - Quantum Trading Bot - INFO - Processing MSFT
2025-04-10 12:01:47,351 - Quantum Trading Bot - INFO - Mock halal compliance check for MSFT: COMPLIANT
2025-04-10 12:01:47,359 - Quantum Trading Bot - INFO - Quantum device error rate: 0.0234
2025-04-10 12:01:47,362 - Quantum Trading Bot - INFO - Quantum prediction for MSFT: 0.6300 (confidence: 0.9766)
2025-04-10 12:01:47,362 - Quantum Trading Bot - INFO - Trading signal for MSFT: 0.6300 (source: quantum)
2025-04-10 12:01:47,362 - Quantum Trading Bot - INFO - HOLD signal for MSFT (score: 0.6300, source: quantum)
2025-04-10 12:01:47,363 - Quantum Trading Bot - INFO - Processing NVDA
2025-04-10 12:01:47,363 - Quantum Trading Bot - INFO - Mock halal compliance check for NVDA: COMPLIANT
2025-04-10 12:01:47,370 - Quantum Trading Bot - INFO - Quantum device error rate: 0.0432
2025-04-10 12:01:47,373 - Quantum Trading Bot - INFO - Quantum prediction for NVDA: 0.1980 (confidence: 0.9568)
2025-04-10 12:01:47,373 - Quantum Trading Bot - INFO - Trading signal for NVDA: 0.1980 (source: quantum)
2025-04-10 12:01:47,373 - Quantum Trading Bot - INFO - SELL signal for NVDA (score: 0.1980, source: quantum)
2025-04-10 12:01:47,374 - Quantum Trading Bot - WARNING - Cannot sell NVDA - no position
2025-04-10 12:01:47,384 - Quantum Trading Bot - INFO - Performance metrics saved: 40/72 winning trades
2025-04-10 12:01:47,384 - Quantum Trading Bot - INFO - Quantum prediction accuracy: 0.00
2025-04-10 12:01:47,384 - Quantum Trading Bot - INFO - Sleeping for 60 seconds
2025-04-10 12:02:43,862 - Trading System - INFO - Trading Bot is alive: True
2025-04-10 12:02:43,868 - Trading System - INFO - Monitor Bot is alive: True
2025-04-10 12:02:43,868 - Trading System - INFO - Improvement Bot is alive: True
2025-04-10 12:02:47,390 - Quantum Trading Bot - INFO - Starting trading cycle
2025-04-10 12:02:47,395 - Quantum Trading Bot - INFO - Processing AAPL
2025-04-10 12:02:47,395 - Quantum Trading Bot - INFO - Mock halal compliance check for AAPL: COMPLIANT
2025-04-10 12:02:48,250 - Quantum Trading Bot - INFO - Quantum device error rate: 0.0411
2025-04-10 12:02:48,503 - Quantum Trading Bot - INFO - Quantum prediction for AAPL: 0.1210 (confidence: 0.9589)
2025-04-10 12:02:48,504 - Quantum Trading Bot - INFO - Trading signal for AAPL: 0.1210 (source: quantum)
2025-04-10 12:02:48,504 - Quantum Trading Bot - INFO - SELL signal for AAPL (score: 0.1210, source: quantum)
2025-04-10 12:02:48,558 - Quantum Trading Bot - WARNING - Cannot sell AAPL - no position
2025-04-10 12:02:48,577 - Quantum Trading Bot - INFO - Processing MSFT
2025-04-10 12:02:48,580 - Quantum Trading Bot - INFO - Mock halal compliance check for MSFT: COMPLIANT
2025-04-10 12:02:48,777 - Quantum Trading Bot - INFO - Quantum device error rate: 0.0453
2025-04-10 12:02:48,811 - Quantum Trading Bot - INFO - Quantum prediction for MSFT: 0.8990 (confidence: 0.9547)
2025-04-10 12:02:48,811 - Quantum Trading Bot - INFO - Trading signal for MSFT: 0.8990 (source: quantum)
2025-04-10 12:02:48,812 - Quantum Trading Bot - INFO - HOLD signal for MSFT (score: 0.8990, source: quantum)
2025-04-10 12:02:48,817 - Quantum Trading Bot - INFO - Processing NVDA
2025-04-10 12:02:48,817 - Quantum Trading Bot - INFO - Mock halal compliance check for NVDA: COMPLIANT
2025-04-10 12:02:48,887 - Quantum Trading Bot - INFO - Quantum device error rate: 0.0300
2025-04-10 12:02:48,910 - Quantum Trading Bot - INFO - Quantum prediction for NVDA: 0.6370 (confidence: 0.9700)
2025-04-10 12:02:48,912 - Quantum Trading Bot - INFO - Trading signal for NVDA: 0.6370 (source: quantum)
2025-04-10 12:02:48,913 - Quantum Trading Bot - INFO - HOLD signal for NVDA (score: 0.6370, source: quantum)
2025-04-10 12:02:48,998 - Quantum Trading Bot - INFO - Performance metrics saved: 40/72 winning trades
2025-04-10 12:02:48,998 - Quantum Trading Bot - INFO - Quantum prediction accuracy: 0.00
2025-04-10 12:02:50,249 - Quantum Trading Bot - INFO - Quantum device error rate: 0.0363
2025-04-10 12:02:50,540 - Quantum Trading Bot - INFO - Quantum portfolio optimization complete: {'AAPL': np.float64(0.3296416938110749), 'MSFT': np.float64(0.33745928338762216), 'NVDA': np.float64(0.3328990228013029)}
2025-04-10 12:02:50,544 - Quantum Trading Bot - INFO - Optimal portfolio weights: {'AAPL': np.float64(0.3296416938110749), 'MSFT': np.float64(0.33745928338762216), 'NVDA': np.float64(0.3328990228013029)}
2025-04-10 12:02:50,549 - Quantum Trading Bot - INFO - Sleeping for 60 seconds
2025-04-10 12:03:43,878 - Trading System - INFO - Trading Bot is alive: True
2025-04-10 12:03:43,886 - Trading System - INFO - Monitor Bot is alive: True
2025-04-10 12:03:43,886 - Trading System - INFO - Improvement Bot is alive: True
2025-04-10 12:03:50,556 - Quantum Trading Bot - INFO - Starting trading cycle
2025-04-10 12:03:50,557 - Quantum Trading Bot - INFO - Processing AAPL
2025-04-10 12:03:50,558 - Quantum Trading Bot - INFO - Mock halal compliance check for AAPL: COMPLIANT
2025-04-10 12:03:50,588 - Quantum Trading Bot - INFO - Quantum device error rate: 0.0426
2025-04-10 12:03:50,593 - Quantum Trading Bot - INFO - Quantum prediction for AAPL: 0.6350 (confidence: 0.9574)
2025-04-10 12:03:50,593 - Quantum Trading Bot - INFO - Trading signal for AAPL: 0.6350 (source: quantum)
2025-04-10 12:03:50,593 - Quantum Trading Bot - INFO - HOLD signal for AAPL (score: 0.6350, source: quantum)
2025-04-10 12:03:50,593 - Quantum Trading Bot - INFO - Processing MSFT
2025-04-10 12:03:50,594 - Quantum Trading Bot - INFO - Mock halal compliance check for MSFT: COMPLIANT
2025-04-10 12:03:50,602 - Quantum Trading Bot - INFO - Quantum device error rate: 0.0522
2025-04-10 12:03:50,609 - Quantum Trading Bot - INFO - Quantum prediction for MSFT: 0.6160 (confidence: 0.9478)
2025-04-10 12:03:50,610 - Quantum Trading Bot - INFO - Trading signal for MSFT: 0.6160 (source: quantum)
2025-04-10 12:03:50,610 - Quantum Trading Bot - INFO - HOLD signal for MSFT (score: 0.6160, source: quantum)
2025-04-10 12:03:50,610 - Quantum Trading Bot - INFO - Processing NVDA
2025-04-10 12:03:50,610 - Quantum Trading Bot - INFO - Mock halal compliance check for NVDA: COMPLIANT
2025-04-10 12:03:50,617 - Quantum Trading Bot - INFO - Quantum device error rate: 0.0324
2025-04-10 12:03:50,620 - Quantum Trading Bot - INFO - Quantum prediction for NVDA: 0.5360 (confidence: 0.7741)
2025-04-10 12:03:50,620 - Quantum Trading Bot - INFO - Trading signal for NVDA: 0.5360 (source: quantum)
2025-04-10 12:03:50,620 - Quantum Trading Bot - INFO - HOLD signal for NVDA (score: 0.5360, source: quantum)
2025-04-10 12:03:50,632 - Quantum Trading Bot - INFO - Performance metrics saved: 40/72 winning trades
2025-04-10 12:03:50,632 - Quantum Trading Bot - INFO - Quantum prediction accuracy: 0.00
2025-04-10 12:03:50,632 - Quantum Trading Bot - INFO - Sleeping for 60 seconds
2025-04-10 12:04:43,888 - Trading System - INFO - Trading Bot is alive: True
2025-04-10 12:04:43,890 - Trading System - INFO - Monitor Bot is alive: True
2025-04-10 12:04:43,890 - Trading System - INFO - Improvement Bot is alive: True
2025-04-10 12:04:50,634 - Quantum Trading Bot - INFO - Starting trading cycle
2025-04-10 12:04:50,636 - Quantum Trading Bot - INFO - Processing AAPL
2025-04-10 12:04:50,636 - Quantum Trading Bot - INFO - Mock halal compliance check for AAPL: COMPLIANT
2025-04-10 12:04:50,668 - Quantum Trading Bot - INFO - Quantum device error rate: 0.0477
2025-04-10 12:04:50,672 - Quantum Trading Bot - INFO - Quantum prediction for AAPL: 0.2830 (confidence: 0.9523)
2025-04-10 12:04:50,672 - Quantum Trading Bot - INFO - Trading signal for AAPL: 0.2830 (source: quantum)
2025-04-10 12:04:50,672 - Quantum Trading Bot - INFO - SELL signal for AAPL (score: 0.2830, source: quantum)
2025-04-10 12:04:50,673 - Quantum Trading Bot - WARNING - Cannot sell AAPL - no position
2025-04-10 12:04:50,674 - Quantum Trading Bot - INFO - Processing MSFT
2025-04-10 12:04:50,675 - Quantum Trading Bot - INFO - Mock halal compliance check for MSFT: COMPLIANT
2025-04-10 12:04:50,683 - Quantum Trading Bot - INFO - Quantum device error rate: 0.0240
2025-04-10 12:04:50,687 - Quantum Trading Bot - INFO - Quantum prediction for MSFT: 0.1020 (confidence: 0.9760)
2025-04-10 12:04:50,687 - Quantum Trading Bot - INFO - Trading signal for MSFT: 0.1020 (source: quantum)
2025-04-10 12:04:50,687 - Quantum Trading Bot - INFO - SELL signal for MSFT (score: 0.1020, source: quantum)
2025-04-10 12:04:50,688 - Quantum Trading Bot - WARNING - Cannot sell MSFT - no position
2025-04-10 12:04:50,688 - Quantum Trading Bot - INFO - Processing NVDA
2025-04-10 12:04:50,688 - Quantum Trading Bot - INFO - Mock halal compliance check for NVDA: COMPLIANT
2025-04-10 12:04:50,697 - Quantum Trading Bot - INFO - Quantum device error rate: 0.0327
2025-04-10 12:04:50,699 - Quantum Trading Bot - INFO - Quantum prediction for NVDA: 0.6300 (confidence: 0.9673)
2025-04-10 12:04:50,700 - Quantum Trading Bot - INFO - Trading signal for NVDA: 0.6300 (source: quantum)
2025-04-10 12:04:50,700 - Quantum Trading Bot - INFO - HOLD signal for NVDA (score: 0.6300, source: quantum)
2025-04-10 12:04:50,713 - Quantum Trading Bot - INFO - Performance metrics saved: 40/72 winning trades
2025-04-10 12:04:50,713 - Quantum Trading Bot - INFO - Quantum prediction accuracy: 0.00
2025-04-10 12:04:50,713 - Quantum Trading Bot - INFO - Sleeping for 60 seconds
2025-04-10 12:05:43,895 - Trading System - INFO - Trading Bot is alive: True
2025-04-10 12:05:43,899 - Trading System - INFO - Monitor Bot is alive: True
2025-04-10 12:05:43,899 - Trading System - INFO - Improvement Bot is alive: True
2025-04-10 12:05:50,719 - Quantum Trading Bot - INFO - Starting trading cycle
2025-04-10 12:05:50,720 - Quantum Trading Bot - INFO - Processing AAPL
2025-04-10 12:05:50,721 - Quantum Trading Bot - INFO - Mock halal compliance check for AAPL: COMPLIANT
2025-04-10 12:05:50,747 - Quantum Trading Bot - INFO - Quantum device error rate: 0.0321
2025-04-10 12:05:50,752 - Quantum Trading Bot - INFO - Quantum prediction for AAPL: 0.2390 (confidence: 0.9679)
2025-04-10 12:05:50,752 - Quantum Trading Bot - INFO - Trading signal for AAPL: 0.2390 (source: quantum)
2025-04-10 12:05:50,752 - Quantum Trading Bot - INFO - SELL signal for AAPL (score: 0.2390, source: quantum)
2025-04-10 12:05:50,753 - Quantum Trading Bot - WARNING - Cannot sell AAPL - no position
2025-04-10 12:05:50,754 - Quantum Trading Bot - INFO - Processing MSFT
2025-04-10 12:05:50,754 - Quantum Trading Bot - INFO - Mock halal compliance check for MSFT: COMPLIANT
2025-04-10 12:05:50,763 - Quantum Trading Bot - INFO - Quantum device error rate: 0.0429
2025-04-10 12:05:50,766 - Quantum Trading Bot - INFO - Quantum prediction for MSFT: 0.6960 (confidence: 0.9571)
2025-04-10 12:05:50,766 - Quantum Trading Bot - INFO - Trading signal for MSFT: 0.6960 (source: quantum)
2025-04-10 12:05:50,766 - Quantum Trading Bot - INFO - HOLD signal for MSFT (score: 0.6960, source: quantum)
2025-04-10 12:05:50,766 - Quantum Trading Bot - INFO - Processing NVDA
2025-04-10 12:05:50,766 - Quantum Trading Bot - INFO - Mock halal compliance check for NVDA: COMPLIANT
2025-04-10 12:05:50,774 - Quantum Trading Bot - INFO - Quantum device error rate: 0.0372
2025-04-10 12:05:50,777 - Quantum Trading Bot - INFO - Quantum prediction for NVDA: 0.5140 (confidence: 0.7702)
2025-04-10 12:05:50,777 - Quantum Trading Bot - INFO - Trading signal for NVDA: 0.5140 (source: quantum)
2025-04-10 12:05:50,777 - Quantum Trading Bot - INFO - HOLD signal for NVDA (score: 0.5140, source: quantum)
2025-04-10 12:05:50,787 - Quantum Trading Bot - INFO - Performance metrics saved: 40/72 winning trades
2025-04-10 12:05:50,787 - Quantum Trading Bot - INFO - Quantum prediction accuracy: 0.00
2025-04-10 12:05:50,788 - Quantum Trading Bot - INFO - Sleeping for 60 seconds
2025-04-10 12:06:43,905 - Trading System - INFO - Trading Bot is alive: True
2025-04-10 12:06:43,908 - Trading System - INFO - Monitor Bot is alive: True
2025-04-10 12:06:43,908 - Trading System - INFO - Improvement Bot is alive: True
2025-04-10 12:06:50,793 - Quantum Trading Bot - INFO - Starting trading cycle
2025-04-10 12:06:50,797 - Quantum Trading Bot - INFO - Processing AAPL
2025-04-10 12:06:50,798 - Quantum Trading Bot - INFO - Mock halal compliance check for AAPL: COMPLIANT
2025-04-10 12:06:50,831 - Quantum Trading Bot - INFO - Quantum device error rate: 0.0342
2025-04-10 12:06:50,834 - Quantum Trading Bot - INFO - Quantum prediction for AAPL: 0.5670 (confidence: 0.7726)
2025-04-10 12:06:50,835 - Quantum Trading Bot - INFO - Trading signal for AAPL: 0.5670 (source: quantum)
2025-04-10 12:06:50,835 - Quantum Trading Bot - INFO - HOLD signal for AAPL (score: 0.5670, source: quantum)
2025-04-10 12:06:50,836 - Quantum Trading Bot - INFO - Processing MSFT
2025-04-10 12:06:50,836 - Quantum Trading Bot - INFO - Mock halal compliance check for MSFT: COMPLIANT
2025-04-10 12:06:50,852 - Quantum Trading Bot - INFO - Quantum device error rate: 0.0336
2025-04-10 12:06:50,866 - Quantum Trading Bot - INFO - Quantum prediction for MSFT: 0.7080 (confidence: 0.9664)
2025-04-10 12:06:50,866 - Quantum Trading Bot - INFO - Trading signal for MSFT: 0.7080 (source: quantum)
2025-04-10 12:06:50,866 - Quantum Trading Bot - INFO - HOLD signal for MSFT (score: 0.7080, source: quantum)
2025-04-10 12:06:50,867 - Quantum Trading Bot - INFO - Processing NVDA
2025-04-10 12:06:50,867 - Quantum Trading Bot - INFO - Mock halal compliance check for NVDA: COMPLIANT
2025-04-10 12:06:50,875 - Quantum Trading Bot - INFO - Quantum device error rate: 0.0354
2025-04-10 12:06:50,877 - Quantum Trading Bot - INFO - Quantum prediction for NVDA: 0.9500 (confidence: 0.9646)
2025-04-10 12:06:50,877 - Quantum Trading Bot - INFO - Trading signal for NVDA: 0.9500 (source: quantum)
2025-04-10 12:06:50,877 - Quantum Trading Bot - INFO - HOLD signal for NVDA (score: 0.9500, source: quantum)
2025-04-10 12:06:50,890 - Quantum Trading Bot - INFO - Performance metrics saved: 40/72 winning trades
2025-04-10 12:06:50,890 - Quantum Trading Bot - INFO - Quantum prediction accuracy: 0.00
2025-04-10 12:06:50,890 - Quantum Trading Bot - INFO - Sleeping for 60 seconds
2025-04-10 12:07:43,915 - Trading System - INFO - Trading Bot is alive: True
2025-04-10 12:07:43,920 - Trading System - INFO - Monitor Bot is alive: True
2025-04-10 12:07:43,920 - Trading System - INFO - Improvement Bot is alive: True
2025-04-10 12:07:50,896 - Quantum Trading Bot - INFO - Starting trading cycle
2025-04-10 12:07:50,897 - Quantum Trading Bot - INFO - Processing AAPL
2025-04-10 12:07:50,897 - Quantum Trading Bot - INFO - Mock halal compliance check for AAPL: COMPLIANT
2025-04-10 12:07:50,925 - Quantum Trading Bot - INFO - Quantum device error rate: 0.0483
2025-04-10 12:07:50,930 - Quantum Trading Bot - INFO - Quantum prediction for AAPL: 0.5340 (confidence: 0.7614)
2025-04-10 12:07:50,931 - Quantum Trading Bot - INFO - Trading signal for AAPL: 0.5340 (source: quantum)
2025-04-10 12:07:50,931 - Quantum Trading Bot - INFO - HOLD signal for AAPL (score: 0.5340, source: quantum)
2025-04-10 12:07:50,931 - Quantum Trading Bot - INFO - Processing MSFT
2025-04-10 12:07:50,931 - Quantum Trading Bot - INFO - Mock halal compliance check for MSFT: COMPLIANT
2025-04-10 12:07:50,940 - Quantum Trading Bot - INFO - Quantum device error rate: 0.0558
2025-04-10 12:07:50,948 - Quantum Trading Bot - INFO - Quantum prediction for MSFT: 0.5106 (confidence: 0.7554)
2025-04-10 12:07:50,948 - Quantum Trading Bot - INFO - Trading signal for MSFT: 0.5106 (source: quantum)
2025-04-10 12:07:50,948 - Quantum Trading Bot - INFO - HOLD signal for MSFT (score: 0.5106, source: quantum)
2025-04-10 12:07:50,949 - Quantum Trading Bot - INFO - Processing NVDA
2025-04-10 12:07:50,949 - Quantum Trading Bot - INFO - Mock halal compliance check for NVDA: COMPLIANT
2025-04-10 12:07:50,956 - Quantum Trading Bot - INFO - Quantum device error rate: 0.0369
2025-04-10 12:07:50,959 - Quantum Trading Bot - INFO - Quantum prediction for NVDA: 0.2120 (confidence: 0.9631)
2025-04-10 12:07:50,959 - Quantum Trading Bot - INFO - Trading signal for NVDA: 0.2120 (source: quantum)
2025-04-10 12:07:50,959 - Quantum Trading Bot - INFO - SELL signal for NVDA (score: 0.2120, source: quantum)
2025-04-10 12:07:50,960 - Quantum Trading Bot - WARNING - Cannot sell NVDA - no position
2025-04-10 12:07:50,972 - Quantum Trading Bot - INFO - Performance metrics saved: 40/72 winning trades
2025-04-10 12:07:50,972 - Quantum Trading Bot - INFO - Quantum prediction accuracy: 0.00
2025-04-10 12:07:50,972 - Quantum Trading Bot - INFO - Sleeping for 60 seconds
2025-04-10 12:08:43,930 - Trading System - INFO - Trading Bot is alive: True
2025-04-10 12:08:43,937 - Trading System - INFO - Monitor Bot is alive: True
2025-04-10 12:08:43,939 - Trading System - INFO - Improvement Bot is alive: True
2025-04-10 12:08:50,976 - Quantum Trading Bot - INFO - Starting trading cycle
2025-04-10 12:08:50,977 - Quantum Trading Bot - INFO - Processing AAPL
2025-04-10 12:08:50,978 - Quantum Trading Bot - INFO - Mock halal compliance check for AAPL: COMPLIANT
2025-04-10 12:08:51,008 - Quantum Trading Bot - INFO - Quantum device error rate: 0.0291
2025-04-10 12:08:51,014 - Quantum Trading Bot - INFO - Quantum prediction for AAPL: 0.4670 (confidence: 0.7767)
2025-04-10 12:08:51,014 - Quantum Trading Bot - INFO - Trading signal for AAPL: 0.4670 (source: quantum)
2025-04-10 12:08:51,014 - Quantum Trading Bot - INFO - HOLD signal for AAPL (score: 0.4670, source: quantum)
2025-04-10 12:08:51,015 - Quantum Trading Bot - INFO - Processing MSFT
2025-04-10 12:08:51,015 - Quantum Trading Bot - INFO - Mock halal compliance check for MSFT: COMPLIANT
2025-04-10 12:08:51,023 - Quantum Trading Bot - INFO - Quantum device error rate: 0.0477
2025-04-10 12:08:51,026 - Quantum Trading Bot - INFO - Quantum prediction for MSFT: 0.5420 (confidence: 0.7618)
2025-04-10 12:08:51,026 - Quantum Trading Bot - INFO - Trading signal for MSFT: 0.5420 (source: quantum)
2025-04-10 12:08:51,026 - Quantum Trading Bot - INFO - HOLD signal for MSFT (score: 0.5420, source: quantum)
2025-04-10 12:08:51,027 - Quantum Trading Bot - INFO - Processing NVDA
2025-04-10 12:08:51,027 - Quantum Trading Bot - INFO - Mock halal compliance check for NVDA: COMPLIANT
2025-04-10 12:08:51,035 - Quantum Trading Bot - INFO - Quantum device error rate: 0.0282
2025-04-10 12:08:51,038 - Quantum Trading Bot - INFO - Quantum prediction for NVDA: 0.1420 (confidence: 0.9718)
2025-04-10 12:08:51,038 - Quantum Trading Bot - INFO - Trading signal for NVDA: 0.1420 (source: quantum)
2025-04-10 12:08:51,038 - Quantum Trading Bot - INFO - SELL signal for NVDA (score: 0.1420, source: quantum)
2025-04-10 12:08:51,042 - Quantum Trading Bot - WARNING - Cannot sell NVDA - no position
2025-04-10 12:08:51,052 - Quantum Trading Bot - INFO - Performance metrics saved: 40/72 winning trades
2025-04-10 12:08:51,052 - Quantum Trading Bot - INFO - Quantum prediction accuracy: 0.00
2025-04-10 12:08:51,052 - Quantum Trading Bot - INFO - Sleeping for 60 seconds
2025-04-10 12:09:43,946 - Trading System - INFO - Trading Bot is alive: True
2025-04-10 12:09:43,948 - Trading System - INFO - Monitor Bot is alive: True
2025-04-10 12:09:43,948 - Trading System - INFO - Improvement Bot is alive: True
2025-04-10 12:09:51,053 - Quantum Trading Bot - INFO - Starting trading cycle
2025-04-10 12:09:51,057 - Quantum Trading Bot - INFO - Processing AAPL
2025-04-10 12:09:51,058 - Quantum Trading Bot - INFO - Mock halal compliance check for AAPL: COMPLIANT
2025-04-10 12:09:51,570 - Quantum Trading Bot - INFO - Quantum device error rate: 0.0459
2025-04-10 12:09:52,287 - Quantum Trading Bot - INFO - Quantum prediction for AAPL: 0.1350 (confidence: 0.9541)
2025-04-10 12:09:52,294 - Quantum Trading Bot - INFO - Trading signal for AAPL: 0.1350 (source: quantum)
2025-04-10 12:09:52,298 - Quantum Trading Bot - INFO - SELL signal for AAPL (score: 0.1350, source: quantum)
2025-04-10 12:09:52,397 - Quantum Trading Bot - WARNING - Cannot sell AAPL - no position
2025-04-10 12:09:52,404 - Quantum Trading Bot - INFO - Processing MSFT
2025-04-10 12:09:52,410 - Quantum Trading Bot - INFO - Mock halal compliance check for MSFT: COMPLIANT
2025-04-10 12:09:52,557 - Quantum Trading Bot - INFO - Quantum device error rate: 0.0372
2025-04-10 12:09:52,629 - Quantum Trading Bot - INFO - Quantum prediction for MSFT: 0.8310 (confidence: 0.9628)
2025-04-10 12:09:52,630 - Quantum Trading Bot - INFO - Trading signal for MSFT: 0.8310 (source: quantum)
2025-04-10 12:09:52,631 - Quantum Trading Bot - INFO - HOLD signal for MSFT (score: 0.8310, source: quantum)
2025-04-10 12:09:52,636 - Quantum Trading Bot - INFO - Processing NVDA
2025-04-10 12:09:52,636 - Quantum Trading Bot - INFO - Mock halal compliance check for NVDA: COMPLIANT
2025-04-10 12:09:52,679 - Quantum Trading Bot - INFO - Quantum device error rate: 0.0465
2025-04-10 12:09:52,707 - Quantum Trading Bot - INFO - Quantum prediction for NVDA: 0.5610 (confidence: 0.7628)
2025-04-10 12:09:52,707 - Quantum Trading Bot - INFO - Trading signal for NVDA: 0.5610 (source: quantum)
2025-04-10 12:09:52,707 - Quantum Trading Bot - INFO - HOLD signal for NVDA (score: 0.5610, source: quantum)
2025-04-10 12:09:52,798 - Quantum Trading Bot - INFO - Performance metrics saved: 40/72 winning trades
2025-04-10 12:09:52,799 - Quantum Trading Bot - INFO - Quantum prediction accuracy: 0.00
2025-04-10 12:09:52,799 - Quantum Trading Bot - INFO - Sleeping for 60 seconds
2025-04-10 12:10:43,955 - Trading System - INFO - Trading Bot is alive: True
2025-04-10 12:10:43,957 - Trading System - INFO - Monitor Bot is alive: True
2025-04-10 12:10:43,957 - Trading System - INFO - Improvement Bot is alive: True
2025-04-10 12:10:52,804 - Quantum Trading Bot - INFO - Starting trading cycle
2025-04-10 12:10:52,808 - Quantum Trading Bot - INFO - Processing AAPL
2025-04-10 12:10:52,809 - Quantum Trading Bot - INFO - Mock halal compliance check for AAPL: COMPLIANT
2025-04-10 12:10:53,282 - Quantum Trading Bot - INFO - Quantum device error rate: 0.0498
2025-04-10 12:10:53,318 - Quantum Trading Bot - INFO - Quantum prediction for AAPL: 0.5800 (confidence: 0.7602)
2025-04-10 12:10:53,318 - Quantum Trading Bot - INFO - Trading signal for AAPL: 0.5800 (source: quantum)
2025-04-10 12:10:53,319 - Quantum Trading Bot - INFO - HOLD signal for AAPL (score: 0.5800, source: quantum)
2025-04-10 12:10:53,333 - Quantum Trading Bot - INFO - Processing MSFT
2025-04-10 12:10:53,333 - Quantum Trading Bot - INFO - Mock halal compliance check for MSFT: COMPLIANT
2025-04-10 12:10:53,462 - Quantum Trading Bot - INFO - Quantum device error rate: 0.0468
2025-04-10 12:10:53,526 - Quantum Trading Bot - INFO - Quantum prediction for MSFT: 0.2490 (confidence: 0.9532)
2025-04-10 12:10:53,527 - Quantum Trading Bot - INFO - Trading signal for MSFT: 0.2490 (source: quantum)
2025-04-10 12:10:53,527 - Quantum Trading Bot - INFO - SELL signal for MSFT (score: 0.2490, source: quantum)
2025-04-10 12:10:53,562 - Quantum Trading Bot - WARNING - Cannot sell MSFT - no position
2025-04-10 12:10:53,573 - Quantum Trading Bot - INFO - Processing NVDA
2025-04-10 12:10:53,573 - Quantum Trading Bot - INFO - Mock halal compliance check for NVDA: COMPLIANT
2025-04-10 12:10:53,647 - Quantum Trading Bot - INFO - Quantum device error rate: 0.0423
2025-04-10 12:10:53,663 - Quantum Trading Bot - INFO - Quantum prediction for NVDA: 0.8190 (confidence: 0.9577)
2025-04-10 12:10:53,664 - Quantum Trading Bot - INFO - Trading signal for NVDA: 0.8190 (source: quantum)
2025-04-10 12:10:53,664 - Quantum Trading Bot - INFO - HOLD signal for NVDA (score: 0.8190, source: quantum)
2025-04-10 12:10:53,726 - Quantum Trading Bot - INFO - Performance metrics saved: 40/72 winning trades
2025-04-10 12:10:53,727 - Quantum Trading Bot - INFO - Quantum prediction accuracy: 0.00
2025-04-10 12:10:53,729 - Quantum Trading Bot - INFO - Sleeping for 60 seconds
2025-04-10 12:11:43,964 - Trading System - INFO - Trading Bot is alive: True
2025-04-10 12:11:43,968 - Trading System - INFO - Monitor Bot is alive: True
2025-04-10 12:11:43,968 - Trading System - INFO - Improvement Bot is alive: True
2025-04-10 12:11:53,734 - Quantum Trading Bot - INFO - Starting trading cycle
2025-04-10 12:11:53,737 - Quantum Trading Bot - INFO - Processing AAPL
2025-04-10 12:11:53,737 - Quantum Trading Bot - INFO - Mock halal compliance check for AAPL: COMPLIANT
2025-04-10 12:11:53,763 - Quantum Trading Bot - INFO - Quantum device error rate: 0.0309
2025-04-10 12:11:53,769 - Quantum Trading Bot - INFO - Quantum prediction for AAPL: 0.1320 (confidence: 0.9691)
2025-04-10 12:11:53,769 - Quantum Trading Bot - INFO - Trading signal for AAPL: 0.1320 (source: quantum)
2025-04-10 12:11:53,769 - Quantum Trading Bot - INFO - SELL signal for AAPL (score: 0.1320, source: quantum)
2025-04-10 12:11:53,773 - Quantum Trading Bot - WARNING - Cannot sell AAPL - no position
2025-04-10 12:11:53,774 - Quantum Trading Bot - INFO - Processing MSFT
2025-04-10 12:11:53,774 - Quantum Trading Bot - INFO - Mock halal compliance check for MSFT: COMPLIANT
2025-04-10 12:11:53,782 - Quantum Trading Bot - INFO - Quantum device error rate: 0.0384
2025-04-10 12:11:53,785 - Quantum Trading Bot - INFO - Quantum prediction for MSFT: 0.3870 (confidence: 0.9616)
2025-04-10 12:11:53,785 - Quantum Trading Bot - INFO - Trading signal for MSFT: 0.3870 (source: quantum)
2025-04-10 12:11:53,785 - Quantum Trading Bot - INFO - HOLD signal for MSFT (score: 0.3870, source: quantum)
2025-04-10 12:11:53,786 - Quantum Trading Bot - INFO - Processing NVDA
2025-04-10 12:11:53,786 - Quantum Trading Bot - INFO - Mock halal compliance check for NVDA: COMPLIANT
2025-04-10 12:11:53,794 - Quantum Trading Bot - INFO - Quantum device error rate: 0.0417
2025-04-10 12:11:53,797 - Quantum Trading Bot - INFO - Quantum prediction for NVDA: 0.4220 (confidence: 0.7666)
2025-04-10 12:11:53,797 - Quantum Trading Bot - INFO - Trading signal for NVDA: 0.4220 (source: quantum)
2025-04-10 12:11:53,797 - Quantum Trading Bot - INFO - HOLD signal for NVDA (score: 0.4220, source: quantum)
2025-04-10 12:11:53,806 - Quantum Trading Bot - INFO - Performance metrics saved: 40/72 winning trades
2025-04-10 12:11:53,806 - Quantum Trading Bot - INFO - Quantum prediction accuracy: 0.00
2025-04-10 12:11:53,806 - Quantum Trading Bot - INFO - Sleeping for 60 seconds
2025-04-10 12:12:43,974 - Trading System - INFO - Trading Bot is alive: True
2025-04-10 12:12:43,980 - Trading System - INFO - Monitor Bot is alive: True
2025-04-10 12:12:43,981 - Trading System - INFO - Improvement Bot is alive: True
2025-04-10 12:12:53,808 - Quantum Trading Bot - INFO - Starting trading cycle
2025-04-10 12:12:53,811 - Quantum Trading Bot - INFO - Processing AAPL
2025-04-10 12:12:53,812 - Quantum Trading Bot - INFO - Mock halal compliance check for AAPL: COMPLIANT
2025-04-10 12:12:53,845 - Quantum Trading Bot - INFO - Quantum device error rate: 0.0390
2025-04-10 12:12:53,850 - Quantum Trading Bot - INFO - Quantum prediction for AAPL: 0.4940 (confidence: 0.7688)
2025-04-10 12:12:53,850 - Quantum Trading Bot - INFO - Trading signal for AAPL: 0.4940 (source: quantum)
2025-04-10 12:12:53,850 - Quantum Trading Bot - INFO - HOLD signal for AAPL (score: 0.4940, source: quantum)
2025-04-10 12:12:53,851 - Quantum Trading Bot - INFO - Processing MSFT
2025-04-10 12:12:53,851 - Quantum Trading Bot - INFO - Mock halal compliance check for MSFT: COMPLIANT
2025-04-10 12:12:53,869 - Quantum Trading Bot - INFO - Quantum device error rate: 0.0249
2025-04-10 12:12:53,872 - Quantum Trading Bot - INFO - Quantum prediction for MSFT: 0.0400 (confidence: 0.9751)
2025-04-10 12:12:53,872 - Quantum Trading Bot - INFO - Trading signal for MSFT: 0.0400 (source: quantum)
2025-04-10 12:12:53,872 - Quantum Trading Bot - INFO - SELL signal for MSFT (score: 0.0400, source: quantum)
2025-04-10 12:12:53,875 - Quantum Trading Bot - WARNING - Cannot sell MSFT - no position
2025-04-10 12:12:53,876 - Quantum Trading Bot - INFO - Processing NVDA
2025-04-10 12:12:53,876 - Quantum Trading Bot - INFO - Mock halal compliance check for NVDA: COMPLIANT
2025-04-10 12:12:53,884 - Quantum Trading Bot - INFO - Quantum device error rate: 0.0282
2025-04-10 12:12:53,887 - Quantum Trading Bot - INFO - Quantum prediction for NVDA: 0.4460 (confidence: 0.7774)
2025-04-10 12:12:53,887 - Quantum Trading Bot - INFO - Trading signal for NVDA: 0.4460 (source: quantum)
2025-04-10 12:12:53,887 - Quantum Trading Bot - INFO - HOLD signal for NVDA (score: 0.4460, source: quantum)
2025-04-10 12:12:53,896 - Quantum Trading Bot - INFO - Performance metrics saved: 40/72 winning trades
2025-04-10 12:12:53,896 - Quantum Trading Bot - INFO - Quantum prediction accuracy: 0.00
2025-04-10 12:12:53,896 - Quantum Trading Bot - INFO - Sleeping for 60 seconds
2025-04-10 12:13:43,993 - Trading System - INFO - Trading Bot is alive: True
2025-04-10 12:13:43,999 - Trading System - INFO - Monitor Bot is alive: True
2025-04-10 12:13:43,999 - Trading System - INFO - Improvement Bot is alive: True
2025-04-10 12:13:46,085 - Monitor Bot - INFO - Running scheduled task: Performance Metrics
2025-04-10 12:13:46,125 - Monitor Bot - INFO - === Performance Metrics ===
2025-04-10 12:13:46,128 - Monitor Bot - INFO - Date: 2025-04-10T12:12:53.887867
2025-04-10 12:13:46,128 - Monitor Bot - INFO - Total Trades: 72
2025-04-10 12:13:46,129 - Monitor Bot - INFO - Win Rate: 55.56%
2025-04-10 12:13:46,129 - Monitor Bot - INFO - Total Profit: $18.27
2025-04-10 12:13:46,129 - Monitor Bot - INFO - Average Profit per Trade: $0.25
2025-04-10 12:13:46,129 - Monitor Bot - INFO - Average Profit Percentage: 0.09%
2025-04-10 12:13:46,129 - Monitor Bot - INFO - Maximum Drawdown: 0.10%
2025-04-10 12:13:46,129 - Monitor Bot - INFO - Quantum Prediction Accuracy: 0.00%
2025-04-10 12:13:46,129 - Monitor Bot - INFO - ============================
2025-04-10 12:13:46,503 - Monitor Bot - INFO - Task Performance Metrics completed successfully
2025-04-10 12:13:53,904 - Quantum Trading Bot - INFO - Starting trading cycle
2025-04-10 12:13:53,905 - Quantum Trading Bot - INFO - Processing AAPL
2025-04-10 12:13:53,905 - Quantum Trading Bot - INFO - Mock halal compliance check for AAPL: COMPLIANT
2025-04-10 12:13:53,939 - Quantum Trading Bot - INFO - Quantum device error rate: 0.0312
2025-04-10 12:13:53,942 - Quantum Trading Bot - INFO - Quantum prediction for AAPL: 0.4030 (confidence: 0.7750)
2025-04-10 12:13:53,942 - Quantum Trading Bot - INFO - Trading signal for AAPL: 0.4030 (source: quantum)
2025-04-10 12:13:53,942 - Quantum Trading Bot - INFO - HOLD signal for AAPL (score: 0.4030, source: quantum)
2025-04-10 12:13:53,943 - Quantum Trading Bot - INFO - Processing MSFT
2025-04-10 12:13:53,943 - Quantum Trading Bot - INFO - Mock halal compliance check for MSFT: COMPLIANT
2025-04-10 12:13:53,952 - Quantum Trading Bot - INFO - Quantum device error rate: 0.0276
2025-04-10 12:13:53,955 - Quantum Trading Bot - INFO - Quantum prediction for MSFT: 0.5100 (confidence: 0.7779)
2025-04-10 12:13:53,955 - Quantum Trading Bot - INFO - Trading signal for MSFT: 0.5100 (source: quantum)
2025-04-10 12:13:53,955 - Quantum Trading Bot - INFO - HOLD signal for MSFT (score: 0.5100, source: quantum)
2025-04-10 12:13:53,956 - Quantum Trading Bot - INFO - Processing NVDA
2025-04-10 12:13:53,956 - Quantum Trading Bot - INFO - Mock halal compliance check for NVDA: COMPLIANT
2025-04-10 12:13:53,964 - Quantum Trading Bot - INFO - Quantum device error rate: 0.0414
2025-04-10 12:13:53,967 - Quantum Trading Bot - INFO - Quantum prediction for NVDA: 0.1230 (confidence: 0.9586)
2025-04-10 12:13:53,967 - Quantum Trading Bot - INFO - Trading signal for NVDA: 0.1230 (source: quantum)
2025-04-10 12:13:53,967 - Quantum Trading Bot - INFO - SELL signal for NVDA (score: 0.1230, source: quantum)
2025-04-10 12:13:53,968 - Quantum Trading Bot - WARNING - Cannot sell NVDA - no position
2025-04-10 12:13:53,977 - Quantum Trading Bot - INFO - Performance metrics saved: 40/72 winning trades
2025-04-10 12:13:53,977 - Quantum Trading Bot - INFO - Quantum prediction accuracy: 0.00
2025-04-10 12:13:53,977 - Quantum Trading Bot - INFO - Sleeping for 60 seconds
2025-04-10 12:14:44,002 - Trading System - INFO - Trading Bot is alive: True
2025-04-10 12:14:44,005 - Trading System - INFO - Monitor Bot is alive: True
2025-04-10 12:14:44,005 - Trading System - INFO - Improvement Bot is alive: True
2025-04-10 12:14:53,979 - Quantum Trading Bot - INFO - Starting trading cycle
2025-04-10 12:14:53,982 - Quantum Trading Bot - INFO - Processing AAPL
2025-04-10 12:14:53,982 - Quantum Trading Bot - INFO - Mock halal compliance check for AAPL: COMPLIANT
2025-04-10 12:14:54,007 - Quantum Trading Bot - INFO - Quantum device error rate: 0.0309
2025-04-10 12:14:54,012 - Quantum Trading Bot - INFO - Quantum prediction for AAPL: 0.3060 (confidence: 0.9691)
2025-04-10 12:14:54,012 - Quantum Trading Bot - INFO - Trading signal for AAPL: 0.3060 (source: quantum)
2025-04-10 12:14:54,012 - Quantum Trading Bot - INFO - HOLD signal for AAPL (score: 0.3060, source: quantum)
2025-04-10 12:14:54,013 - Quantum Trading Bot - INFO - Processing MSFT
2025-04-10 12:14:54,013 - Quantum Trading Bot - INFO - Mock halal compliance check for MSFT: COMPLIANT
2025-04-10 12:14:54,022 - Quantum Trading Bot - INFO - Quantum device error rate: 0.0441
2025-04-10 12:14:54,024 - Quantum Trading Bot - INFO - Quantum prediction for MSFT: 0.7640 (confidence: 0.9559)
2025-04-10 12:14:54,024 - Quantum Trading Bot - INFO - Trading signal for MSFT: 0.7640 (source: quantum)
2025-04-10 12:14:54,024 - Quantum Trading Bot - INFO - HOLD signal for MSFT (score: 0.7640, source: quantum)
2025-04-10 12:14:54,025 - Quantum Trading Bot - INFO - Processing NVDA
2025-04-10 12:14:54,025 - Quantum Trading Bot - INFO - Mock halal compliance check for NVDA: COMPLIANT
2025-04-10 12:14:54,033 - Quantum Trading Bot - INFO - Quantum device error rate: 0.0378
2025-04-10 12:14:54,035 - Quantum Trading Bot - INFO - Quantum prediction for NVDA: 0.4690 (confidence: 0.7698)
2025-04-10 12:14:54,035 - Quantum Trading Bot - INFO - Trading signal for NVDA: 0.4690 (source: quantum)
2025-04-10 12:14:54,035 - Quantum Trading Bot - INFO - HOLD signal for NVDA (score: 0.4690, source: quantum)
2025-04-10 12:14:54,046 - Quantum Trading Bot - INFO - Performance metrics saved: 40/72 winning trades
2025-04-10 12:14:54,046 - Quantum Trading Bot - INFO - Quantum prediction accuracy: 0.00
2025-04-10 12:14:54,046 - Quantum Trading Bot - INFO - Sleeping for 60 seconds
2025-04-10 12:15:44,009 - Trading System - INFO - Trading Bot is alive: True
2025-04-10 12:15:44,011 - Trading System - INFO - Monitor Bot is alive: True
2025-04-10 12:15:44,011 - Trading System - INFO - Improvement Bot is alive: True
2025-04-10 12:15:54,049 - Quantum Trading Bot - INFO - Starting trading cycle
2025-04-10 12:15:54,051 - Quantum Trading Bot - INFO - Processing AAPL
2025-04-10 12:15:54,052 - Quantum Trading Bot - INFO - Mock halal compliance check for AAPL: COMPLIANT
2025-04-10 12:15:54,095 - Quantum Trading Bot - INFO - Quantum device error rate: 0.0231
2025-04-10 12:15:54,102 - Quantum Trading Bot - INFO - Quantum prediction for AAPL: 0.5790 (confidence: 0.7815)
2025-04-10 12:15:54,103 - Quantum Trading Bot - INFO - Trading signal for AAPL: 0.5790 (source: quantum)
2025-04-10 12:15:54,103 - Quantum Trading Bot - INFO - HOLD signal for AAPL (score: 0.5790, source: quantum)
2025-04-10 12:15:54,104 - Quantum Trading Bot - INFO - Processing MSFT
2025-04-10 12:15:54,104 - Quantum Trading Bot - INFO - Mock halal compliance check for MSFT: COMPLIANT
2025-04-10 12:15:54,111 - Quantum Trading Bot - INFO - Quantum device error rate: 0.0384
2025-04-10 12:15:54,114 - Quantum Trading Bot - INFO - Quantum prediction for MSFT: 0.3180 (confidence: 0.9616)
2025-04-10 12:15:54,114 - Quantum Trading Bot - INFO - Trading signal for MSFT: 0.3180 (source: quantum)
2025-04-10 12:15:54,114 - Quantum Trading Bot - INFO - HOLD signal for MSFT (score: 0.3180, source: quantum)
2025-04-10 12:15:54,115 - Quantum Trading Bot - INFO - Processing NVDA
2025-04-10 12:15:54,115 - Quantum Trading Bot - INFO - Mock halal compliance check for NVDA: COMPLIANT
2025-04-10 12:15:54,122 - Quantum Trading Bot - INFO - Quantum device error rate: 0.0270
2025-04-10 12:15:54,124 - Quantum Trading Bot - INFO - Quantum prediction for NVDA: 0.7920 (confidence: 0.9730)
2025-04-10 12:15:54,124 - Quantum Trading Bot - INFO - Trading signal for NVDA: 0.7920 (source: quantum)
2025-04-10 12:15:54,124 - Quantum Trading Bot - INFO - HOLD signal for NVDA (score: 0.7920, source: quantum)
2025-04-10 12:15:54,134 - Quantum Trading Bot - INFO - Performance metrics saved: 40/72 winning trades
2025-04-10 12:15:54,134 - Quantum Trading Bot - INFO - Quantum prediction accuracy: 0.00
2025-04-10 12:15:54,134 - Quantum Trading Bot - INFO - Sleeping for 60 seconds
2025-04-10 12:16:44,013 - Trading System - INFO - Trading Bot is alive: True
2025-04-10 12:16:44,016 - Trading System - INFO - Monitor Bot is alive: True
2025-04-10 12:16:44,016 - Trading System - INFO - Improvement Bot is alive: True
2025-04-10 12:16:54,140 - Quantum Trading Bot - INFO - Starting trading cycle
2025-04-10 12:16:54,142 - Quantum Trading Bot - INFO - Processing AAPL
2025-04-10 12:16:54,142 - Quantum Trading Bot - INFO - Mock halal compliance check for AAPL: COMPLIANT
2025-04-10 12:16:54,167 - Quantum Trading Bot - INFO - Quantum device error rate: 0.0324
2025-04-10 12:16:54,171 - Quantum Trading Bot - INFO - Quantum prediction for AAPL: 0.9090 (confidence: 0.9676)
2025-04-10 12:16:54,171 - Quantum Trading Bot - INFO - Trading signal for AAPL: 0.9090 (source: quantum)
2025-04-10 12:16:54,171 - Quantum Trading Bot - INFO - HOLD signal for AAPL (score: 0.9090, source: quantum)
2025-04-10 12:16:54,172 - Quantum Trading Bot - INFO - Processing MSFT
2025-04-10 12:16:54,172 - Quantum Trading Bot - INFO - Mock halal compliance check for MSFT: COMPLIANT
2025-04-10 12:16:54,180 - Quantum Trading Bot - INFO - Quantum device error rate: 0.0312
2025-04-10 12:16:54,183 - Quantum Trading Bot - INFO - Quantum prediction for MSFT: 0.7880 (confidence: 0.9688)
2025-04-10 12:16:54,183 - Quantum Trading Bot - INFO - Trading signal for MSFT: 0.7880 (source: quantum)
2025-04-10 12:16:54,183 - Quantum Trading Bot - INFO - HOLD signal for MSFT (score: 0.7880, source: quantum)
2025-04-10 12:16:54,183 - Quantum Trading Bot - INFO - Processing NVDA
2025-04-10 12:16:54,183 - Quantum Trading Bot - INFO - Mock halal compliance check for NVDA: COMPLIANT
2025-04-10 12:16:54,191 - Quantum Trading Bot - INFO - Quantum device error rate: 0.0411
2025-04-10 12:16:54,194 - Quantum Trading Bot - INFO - Quantum prediction for NVDA: 0.6280 (confidence: 0.9589)
2025-04-10 12:16:54,194 - Quantum Trading Bot - INFO - Trading signal for NVDA: 0.6280 (source: quantum)
2025-04-10 12:16:54,194 - Quantum Trading Bot - INFO - HOLD signal for NVDA (score: 0.6280, source: quantum)
2025-04-10 12:16:54,203 - Quantum Trading Bot - INFO - Performance metrics saved: 40/72 winning trades
2025-04-10 12:16:54,203 - Quantum Trading Bot - INFO - Quantum prediction accuracy: 0.00
2025-04-10 12:16:54,203 - Quantum Trading Bot - INFO - Sleeping for 60 seconds
2025-04-10 12:24:43,791 - Trading System - INFO - Trading Bot is alive: True
2025-04-10 12:24:43,793 - Trading System - INFO - Monitor Bot is alive: True
2025-04-10 12:24:43,793 - Trading System - INFO - Improvement Bot is alive: True
2025-04-10 12:24:53,984 - Quantum Trading Bot - INFO - Starting trading cycle
2025-04-10 12:24:53,985 - Quantum Trading Bot - INFO - Processing AAPL
2025-04-10 12:24:53,985 - Quantum Trading Bot - INFO - Mock halal compliance check for AAPL: COMPLIANT
2025-04-10 12:24:54,024 - Quantum Trading Bot - INFO - Quantum device error rate: 0.0366
2025-04-10 12:24:54,030 - Quantum Trading Bot - INFO - Quantum prediction for AAPL: 0.6140 (confidence: 0.9634)
2025-04-10 12:24:54,030 - Quantum Trading Bot - INFO - Trading signal for AAPL: 0.6140 (source: quantum)
2025-04-10 12:24:54,030 - Quantum Trading Bot - INFO - HOLD signal for AAPL (score: 0.6140, source: quantum)
2025-04-10 12:24:54,031 - Quantum Trading Bot - INFO - Processing MSFT
2025-04-10 12:24:54,031 - Quantum Trading Bot - INFO - Mock halal compliance check for MSFT: COMPLIANT
2025-04-10 12:24:54,043 - Quantum Trading Bot - INFO - Quantum device error rate: 0.0396
2025-04-10 12:24:54,047 - Quantum Trading Bot - INFO - Quantum prediction for MSFT: 0.5840 (confidence: 0.7683)
2025-04-10 12:24:54,047 - Quantum Trading Bot - INFO - Trading signal for MSFT: 0.5840 (source: quantum)
2025-04-10 12:24:54,047 - Quantum Trading Bot - INFO - HOLD signal for MSFT (score: 0.5840, source: quantum)
2025-04-10 12:24:54,048 - Quantum Trading Bot - INFO - Processing NVDA
2025-04-10 12:24:54,048 - Quantum Trading Bot - INFO - Mock halal compliance check for NVDA: COMPLIANT
2025-04-10 12:24:54,057 - Quantum Trading Bot - INFO - Quantum device error rate: 0.0273
2025-04-10 12:24:54,060 - Quantum Trading Bot - INFO - Quantum prediction for NVDA: 0.4200 (confidence: 0.7782)
2025-04-10 12:24:54,060 - Quantum Trading Bot - INFO - Trading signal for NVDA: 0.4200 (source: quantum)
2025-04-10 12:24:54,060 - Quantum Trading Bot - INFO - HOLD signal for NVDA (score: 0.4200, source: quantum)
2025-04-10 12:24:54,073 - Quantum Trading Bot - INFO - Performance metrics saved: 40/72 winning trades
2025-04-10 12:24:54,073 - Quantum Trading Bot - INFO - Quantum prediction accuracy: 0.00
2025-04-10 12:24:54,073 - Quantum Trading Bot - INFO - Sleeping for 60 seconds
2025-04-10 12:41:18,707 - Trading System - INFO - Trading Bot is alive: True
2025-04-10 12:41:18,718 - Trading System - INFO - Monitor Bot is alive: True
2025-04-10 12:41:18,718 - Trading System - INFO - Improvement Bot is alive: True
2025-04-10 12:41:28,974 - Quantum Trading Bot - INFO - Starting trading cycle
2025-04-10 12:41:28,976 - Quantum Trading Bot - INFO - Processing AAPL
2025-04-10 12:41:28,976 - Quantum Trading Bot - INFO - Mock halal compliance check for AAPL: COMPLIANT
2025-04-10 12:41:29,051 - Quantum Trading Bot - INFO - Quantum device error rate: 0.0495
2025-04-10 12:41:29,059 - Quantum Trading Bot - INFO - Quantum prediction for AAPL: 0.5780 (confidence: 0.7604)
2025-04-10 12:41:29,059 - Quantum Trading Bot - INFO - Trading signal for AAPL: 0.5780 (source: quantum)
2025-04-10 12:41:29,059 - Quantum Trading Bot - INFO - HOLD signal for AAPL (score: 0.5780, source: quantum)
2025-04-10 12:41:29,060 - Quantum Trading Bot - INFO - Processing MSFT
2025-04-10 12:41:29,061 - Quantum Trading Bot - INFO - Mock halal compliance check for MSFT: COMPLIANT
2025-04-10 12:41:29,072 - Quantum Trading Bot - INFO - Quantum device error rate: 0.0390
2025-04-10 12:41:29,075 - Quantum Trading Bot - INFO - Quantum prediction for MSFT: 0.1910 (confidence: 0.9610)
2025-04-10 12:41:29,075 - Quantum Trading Bot - INFO - Trading signal for MSFT: 0.1910 (source: quantum)
2025-04-10 12:41:29,075 - Quantum Trading Bot - INFO - SELL signal for MSFT (score: 0.1910, source: quantum)
2025-04-10 12:41:29,094 - Quantum Trading Bot - WARNING - Cannot sell MSFT - no position
2025-04-10 12:41:29,096 - Quantum Trading Bot - INFO - Processing NVDA
2025-04-10 12:41:29,096 - Quantum Trading Bot - INFO - Mock halal compliance check for NVDA: COMPLIANT
2025-04-10 12:41:29,104 - Quantum Trading Bot - INFO - Quantum device error rate: 0.0297
2025-04-10 12:41:29,107 - Quantum Trading Bot - INFO - Quantum prediction for NVDA: 0.9710 (confidence: 0.9703)
2025-04-10 12:41:29,107 - Quantum Trading Bot - INFO - Trading signal for NVDA: 0.9710 (source: quantum)
2025-04-10 12:41:29,107 - Quantum Trading Bot - INFO - HOLD signal for NVDA (score: 0.9710, source: quantum)
2025-04-10 12:41:29,121 - Quantum Trading Bot - INFO - Performance metrics saved: 40/72 winning trades
2025-04-10 12:41:29,121 - Quantum Trading Bot - INFO - Quantum prediction accuracy: 0.00
2025-04-10 12:41:29,121 - Quantum Trading Bot - INFO - Sleeping for 60 seconds
2025-04-10 12:42:18,724 - Trading System - INFO - Trading Bot is alive: True
2025-04-10 12:42:18,726 - Trading System - INFO - Monitor Bot is alive: True
2025-04-10 12:42:18,726 - Trading System - INFO - Improvement Bot is alive: True
2025-04-10 12:42:29,126 - Quantum Trading Bot - INFO - Starting trading cycle
2025-04-10 12:42:29,128 - Quantum Trading Bot - INFO - Processing AAPL
2025-04-10 12:42:29,128 - Quantum Trading Bot - INFO - Mock halal compliance check for AAPL: COMPLIANT
2025-04-10 12:42:29,159 - Quantum Trading Bot - INFO - Quantum device error rate: 0.0564
2025-04-10 12:42:29,175 - Quantum Trading Bot - INFO - Quantum prediction for AAPL: 0.7359 (confidence: 0.9436)
2025-04-10 12:42:29,176 - Quantum Trading Bot - INFO - Trading signal for AAPL: 0.7359 (source: quantum)
2025-04-10 12:42:29,176 - Quantum Trading Bot - INFO - HOLD signal for AAPL (score: 0.7359, source: quantum)
2025-04-10 12:42:29,177 - Quantum Trading Bot - INFO - Processing MSFT
2025-04-10 12:42:29,177 - Quantum Trading Bot - INFO - Mock halal compliance check for MSFT: COMPLIANT
2025-04-10 12:42:29,186 - Quantum Trading Bot - INFO - Quantum device error rate: 0.0396
2025-04-10 12:42:29,189 - Quantum Trading Bot - INFO - Quantum prediction for MSFT: 0.1730 (confidence: 0.9604)
2025-04-10 12:42:29,189 - Quantum Trading Bot - INFO - Trading signal for MSFT: 0.1730 (source: quantum)
2025-04-10 12:42:29,189 - Quantum Trading Bot - INFO - SELL signal for MSFT (score: 0.1730, source: quantum)
2025-04-10 12:42:29,192 - Quantum Trading Bot - WARNING - Cannot sell MSFT - no position
2025-04-10 12:42:29,192 - Quantum Trading Bot - INFO - Processing NVDA
2025-04-10 12:42:29,192 - Quantum Trading Bot - INFO - Mock halal compliance check for NVDA: COMPLIANT
2025-04-10 12:42:29,201 - Quantum Trading Bot - INFO - Quantum device error rate: 0.0372
2025-04-10 12:42:29,203 - Quantum Trading Bot - INFO - Quantum prediction for NVDA: 0.7180 (confidence: 0.9628)
2025-04-10 12:42:29,203 - Quantum Trading Bot - INFO - Trading signal for NVDA: 0.7180 (source: quantum)
2025-04-10 12:42:29,203 - Quantum Trading Bot - INFO - HOLD signal for NVDA (score: 0.7180, source: quantum)
2025-04-10 12:42:29,215 - Quantum Trading Bot - INFO - Performance metrics saved: 40/72 winning trades
2025-04-10 12:42:29,215 - Quantum Trading Bot - INFO - Quantum prediction accuracy: 0.00
2025-04-10 12:42:29,215 - Quantum Trading Bot - INFO - Sleeping for 60 seconds
2025-04-10 12:43:18,729 - Trading System - INFO - Trading Bot is alive: True
2025-04-10 12:43:18,734 - Trading System - INFO - Monitor Bot is alive: True
2025-04-10 12:43:18,734 - Trading System - INFO - Improvement Bot is alive: True
2025-04-10 12:43:29,221 - Quantum Trading Bot - INFO - Starting trading cycle
2025-04-10 12:43:29,226 - Quantum Trading Bot - INFO - Processing AAPL
2025-04-10 12:43:29,226 - Quantum Trading Bot - INFO - Mock halal compliance check for AAPL: COMPLIANT
2025-04-10 12:43:29,252 - Quantum Trading Bot - INFO - Quantum device error rate: 0.0216
2025-04-10 12:43:29,256 - Quantum Trading Bot - INFO - Quantum prediction for AAPL: 0.3470 (confidence: 0.9784)
2025-04-10 12:43:29,256 - Quantum Trading Bot - INFO - Trading signal for AAPL: 0.3470 (source: quantum)
2025-04-10 12:43:29,256 - Quantum Trading Bot - INFO - HOLD signal for AAPL (score: 0.3470, source: quantum)
2025-04-10 12:43:29,257 - Quantum Trading Bot - INFO - Processing MSFT
2025-04-10 12:43:29,257 - Quantum Trading Bot - INFO - Mock halal compliance check for MSFT: COMPLIANT
2025-04-10 12:43:29,265 - Quantum Trading Bot - INFO - Quantum device error rate: 0.0339
2025-04-10 12:43:29,268 - Quantum Trading Bot - INFO - Quantum prediction for MSFT: 0.1130 (confidence: 0.9661)
2025-04-10 12:43:29,268 - Quantum Trading Bot - INFO - Trading signal for MSFT: 0.1130 (source: quantum)
2025-04-10 12:43:29,268 - Quantum Trading Bot - INFO - SELL signal for MSFT (score: 0.1130, source: quantum)
2025-04-10 12:43:29,269 - Quantum Trading Bot - WARNING - Cannot sell MSFT - no position
2025-04-10 12:43:29,270 - Quantum Trading Bot - INFO - Processing NVDA
2025-04-10 12:43:29,270 - Quantum Trading Bot - INFO - Mock halal compliance check for NVDA: COMPLIANT
2025-04-10 12:43:29,279 - Quantum Trading Bot - INFO - Quantum device error rate: 0.0408
2025-04-10 12:43:29,281 - Quantum Trading Bot - INFO - Quantum prediction for NVDA: 0.3890 (confidence: 0.9592)
2025-04-10 12:43:29,281 - Quantum Trading Bot - INFO - Trading signal for NVDA: 0.3890 (source: quantum)
2025-04-10 12:43:29,281 - Quantum Trading Bot - INFO - HOLD signal for NVDA (score: 0.3890, source: quantum)
2025-04-10 12:43:29,291 - Quantum Trading Bot - INFO - Performance metrics saved: 40/72 winning trades
2025-04-10 12:43:29,291 - Quantum Trading Bot - INFO - Quantum prediction accuracy: 0.00
2025-04-10 12:43:29,292 - Quantum Trading Bot - INFO - Sleeping for 60 seconds
2025-04-10 12:44:18,739 - Trading System - INFO - Trading Bot is alive: True
2025-04-10 12:44:18,743 - Trading System - INFO - Monitor Bot is alive: True
2025-04-10 12:44:18,743 - Trading System - INFO - Improvement Bot is alive: True
2025-04-10 12:44:29,293 - Quantum Trading Bot - INFO - Starting trading cycle
2025-04-10 12:44:29,297 - Quantum Trading Bot - INFO - Processing AAPL
2025-04-10 12:44:29,298 - Quantum Trading Bot - INFO - Mock halal compliance check for AAPL: COMPLIANT
2025-04-10 12:44:29,340 - Quantum Trading Bot - INFO - Quantum device error rate: 0.0276
2025-04-10 12:44:29,349 - Quantum Trading Bot - INFO - Quantum prediction for AAPL: 0.3640 (confidence: 0.9724)
2025-04-10 12:44:29,349 - Quantum Trading Bot - INFO - Trading signal for AAPL: 0.3640 (source: quantum)
2025-04-10 12:44:29,349 - Quantum Trading Bot - INFO - HOLD signal for AAPL (score: 0.3640, source: quantum)
2025-04-10 12:44:29,351 - Quantum Trading Bot - INFO - Processing MSFT
2025-04-10 12:44:29,351 - Quantum Trading Bot - INFO - Mock halal compliance check for MSFT: COMPLIANT
2025-04-10 12:44:29,363 - Quantum Trading Bot - INFO - Quantum device error rate: 0.0300
2025-04-10 12:44:29,368 - Quantum Trading Bot - INFO - Quantum prediction for MSFT: 0.3950 (confidence: 0.9700)
2025-04-10 12:44:29,369 - Quantum Trading Bot - INFO - Trading signal for MSFT: 0.3950 (source: quantum)
2025-04-10 12:44:29,369 - Quantum Trading Bot - INFO - HOLD signal for MSFT (score: 0.3950, source: quantum)
2025-04-10 12:44:29,372 - Quantum Trading Bot - INFO - Processing NVDA
2025-04-10 12:44:29,372 - Quantum Trading Bot - INFO - Mock halal compliance check for NVDA: COMPLIANT
2025-04-10 12:44:29,386 - Quantum Trading Bot - INFO - Quantum device error rate: 0.0330
2025-04-10 12:44:29,389 - Quantum Trading Bot - INFO - Quantum prediction for NVDA: 0.3630 (confidence: 0.9670)
2025-04-10 12:44:29,389 - Quantum Trading Bot - INFO - Trading signal for NVDA: 0.3630 (source: quantum)
2025-04-10 12:44:29,389 - Quantum Trading Bot - INFO - HOLD signal for NVDA (score: 0.3630, source: quantum)
2025-04-10 12:44:29,405 - Quantum Trading Bot - INFO - Performance metrics saved: 40/72 winning trades
2025-04-10 12:44:29,405 - Quantum Trading Bot - INFO - Quantum prediction accuracy: 0.00
2025-04-10 12:44:29,405 - Quantum Trading Bot - INFO - Sleeping for 60 seconds
2025-04-10 12:45:18,745 - Trading System - INFO - Trading Bot is alive: True
2025-04-10 12:45:18,747 - Trading System - INFO - Monitor Bot is alive: True
2025-04-10 12:45:18,748 - Trading System - INFO - Improvement Bot is alive: True
2025-04-10 12:45:29,410 - Quantum Trading Bot - INFO - Starting trading cycle
2025-04-10 12:45:29,416 - Quantum Trading Bot - INFO - Processing AAPL
2025-04-10 12:45:29,416 - Quantum Trading Bot - INFO - Mock halal compliance check for AAPL: COMPLIANT
2025-04-10 12:45:29,467 - Quantum Trading Bot - INFO - Quantum device error rate: 0.0504
2025-04-10 12:45:29,481 - Quantum Trading Bot - INFO - Quantum prediction for AAPL: 0.4428 (confidence: 0.7597)
2025-04-10 12:45:29,481 - Quantum Trading Bot - INFO - Trading signal for AAPL: 0.4428 (source: quantum)
2025-04-10 12:45:29,481 - Quantum Trading Bot - INFO - HOLD signal for AAPL (score: 0.4428, source: quantum)
2025-04-10 12:45:29,482 - Quantum Trading Bot - INFO - Processing MSFT
2025-04-10 12:45:29,482 - Quantum Trading Bot - INFO - Mock halal compliance check for MSFT: COMPLIANT
2025-04-10 12:45:29,491 - Quantum Trading Bot - INFO - Quantum device error rate: 0.0324
2025-04-10 12:45:29,493 - Quantum Trading Bot - INFO - Quantum prediction for MSFT: 0.2590 (confidence: 0.9676)
2025-04-10 12:45:29,493 - Quantum Trading Bot - INFO - Trading signal for MSFT: 0.2590 (source: quantum)
2025-04-10 12:45:29,493 - Quantum Trading Bot - INFO - SELL signal for MSFT (score: 0.2590, source: quantum)
2025-04-10 12:45:29,498 - Quantum Trading Bot - WARNING - Cannot sell MSFT - no position
2025-04-10 12:45:29,499 - Quantum Trading Bot - INFO - Processing NVDA
2025-04-10 12:45:29,499 - Quantum Trading Bot - INFO - Mock halal compliance check for NVDA: COMPLIANT
2025-04-10 12:45:29,515 - Quantum Trading Bot - INFO - Quantum device error rate: 0.0306
2025-04-10 12:45:29,518 - Quantum Trading Bot - INFO - Quantum prediction for NVDA: 0.5240 (confidence: 0.7755)
2025-04-10 12:45:29,518 - Quantum Trading Bot - INFO - Trading signal for NVDA: 0.5240 (source: quantum)
2025-04-10 12:45:29,518 - Quantum Trading Bot - INFO - HOLD signal for NVDA (score: 0.5240, source: quantum)
2025-04-10 12:45:29,601 - Quantum Trading Bot - INFO - Performance metrics saved: 40/72 winning trades
2025-04-10 12:45:29,601 - Quantum Trading Bot - INFO - Quantum prediction accuracy: 0.00
2025-04-10 12:45:29,627 - Quantum Trading Bot - INFO - Quantum device error rate: 0.0354
2025-04-10 12:45:29,638 - Quantum Trading Bot - INFO - Quantum portfolio optimization complete: {'AAPL': np.float64(0.3276912660798917), 'MSFT': np.float64(0.3527420446851727), 'NVDA': np.float64(0.3195666892349357)}
2025-04-10 12:45:29,639 - Quantum Trading Bot - INFO - Optimal portfolio weights: {'AAPL': np.float64(0.3276912660798917), 'MSFT': np.float64(0.3527420446851727), 'NVDA': np.float64(0.3195666892349357)}
2025-04-10 12:45:29,640 - Quantum Trading Bot - INFO - Sleeping for 60 seconds
2025-04-10 12:46:18,753 - Trading System - INFO - Trading Bot is alive: True
2025-04-10 12:46:18,756 - Trading System - INFO - Monitor Bot is alive: True
2025-04-10 12:46:18,756 - Trading System - INFO - Improvement Bot is alive: True
2025-04-10 12:46:29,642 - Quantum Trading Bot - INFO - Starting trading cycle
2025-04-10 12:46:29,647 - Quantum Trading Bot - INFO - Processing AAPL
2025-04-10 12:46:29,647 - Quantum Trading Bot - INFO - Mock halal compliance check for AAPL: COMPLIANT
2025-04-10 12:46:29,708 - Quantum Trading Bot - INFO - Quantum device error rate: 0.0300
2025-04-10 12:46:29,713 - Quantum Trading Bot - INFO - Quantum prediction for AAPL: 0.3710 (confidence: 0.9700)
2025-04-10 12:46:29,713 - Quantum Trading Bot - INFO - Trading signal for AAPL: 0.3710 (source: quantum)
2025-04-10 12:46:29,713 - Quantum Trading Bot - INFO - HOLD signal for AAPL (score: 0.3710, source: quantum)
2025-04-10 12:46:29,714 - Quantum Trading Bot - INFO - Processing MSFT
2025-04-10 12:46:29,715 - Quantum Trading Bot - INFO - Mock halal compliance check for MSFT: COMPLIANT
2025-04-10 12:46:29,726 - Quantum Trading Bot - INFO - Quantum device error rate: 0.0429
2025-04-10 12:46:29,729 - Quantum Trading Bot - INFO - Quantum prediction for MSFT: 0.0770 (confidence: 0.9571)
2025-04-10 12:46:29,729 - Quantum Trading Bot - INFO - Trading signal for MSFT: 0.0770 (source: quantum)
2025-04-10 12:46:29,729 - Quantum Trading Bot - INFO - SELL signal for MSFT (score: 0.0770, source: quantum)
2025-04-10 12:46:29,731 - Quantum Trading Bot - WARNING - Cannot sell MSFT - no position
2025-04-10 12:46:29,732 - Quantum Trading Bot - INFO - Processing NVDA
2025-04-10 12:46:29,732 - Quantum Trading Bot - INFO - Mock halal compliance check for NVDA: COMPLIANT
2025-04-10 12:46:29,741 - Quantum Trading Bot - INFO - Quantum device error rate: 0.0543
2025-04-10 12:46:29,748 - Quantum Trading Bot - INFO - Quantum prediction for NVDA: 0.3285 (confidence: 0.9457)
2025-04-10 12:46:29,748 - Quantum Trading Bot - INFO - Trading signal for NVDA: 0.3285 (source: quantum)
2025-04-10 12:46:29,748 - Quantum Trading Bot - INFO - HOLD signal for NVDA (score: 0.3285, source: quantum)
2025-04-10 12:46:29,762 - Quantum Trading Bot - INFO - Performance metrics saved: 40/72 winning trades
2025-04-10 12:46:29,762 - Quantum Trading Bot - INFO - Quantum prediction accuracy: 0.00
2025-04-10 12:46:29,762 - Quantum Trading Bot - INFO - Sleeping for 60 seconds
2025-04-10 12:47:18,758 - Trading System - INFO - Trading Bot is alive: True
2025-04-10 12:47:18,761 - Trading System - INFO - Monitor Bot is alive: True
2025-04-10 12:47:18,761 - Trading System - INFO - Improvement Bot is alive: True
2025-04-10 12:47:29,765 - Quantum Trading Bot - INFO - Starting trading cycle
2025-04-10 12:47:29,768 - Quantum Trading Bot - INFO - Processing AAPL
2025-04-10 12:47:29,769 - Quantum Trading Bot - INFO - Mock halal compliance check for AAPL: COMPLIANT
2025-04-10 12:47:29,796 - Quantum Trading Bot - INFO - Quantum device error rate: 0.0267
2025-04-10 12:47:29,801 - Quantum Trading Bot - INFO - Quantum prediction for AAPL: 0.6260 (confidence: 0.9733)
2025-04-10 12:47:29,801 - Quantum Trading Bot - INFO - Trading signal for AAPL: 0.6260 (source: quantum)
2025-04-10 12:47:29,801 - Quantum Trading Bot - INFO - HOLD signal for AAPL (score: 0.6260, source: quantum)
2025-04-10 12:47:29,803 - Quantum Trading Bot - INFO - Processing MSFT
2025-04-10 12:47:29,803 - Quantum Trading Bot - INFO - Mock halal compliance check for MSFT: COMPLIANT
2025-04-10 12:47:29,811 - Quantum Trading Bot - INFO - Quantum device error rate: 0.0363
2025-04-10 12:47:29,814 - Quantum Trading Bot - INFO - Quantum prediction for MSFT: 0.8920 (confidence: 0.9637)
2025-04-10 12:47:29,814 - Quantum Trading Bot - INFO - Trading signal for MSFT: 0.8920 (source: quantum)
2025-04-10 12:47:29,814 - Quantum Trading Bot - INFO - HOLD signal for MSFT (score: 0.8920, source: quantum)
2025-04-10 12:47:29,815 - Quantum Trading Bot - INFO - Processing NVDA
2025-04-10 12:47:29,815 - Quantum Trading Bot - INFO - Mock halal compliance check for NVDA: COMPLIANT
2025-04-10 12:47:29,823 - Quantum Trading Bot - INFO - Quantum device error rate: 0.0303
2025-04-10 12:47:29,825 - Quantum Trading Bot - INFO - Quantum prediction for NVDA: 0.5640 (confidence: 0.7758)
2025-04-10 12:47:29,825 - Quantum Trading Bot - INFO - Trading signal for NVDA: 0.5640 (source: quantum)
2025-04-10 12:47:29,825 - Quantum Trading Bot - INFO - HOLD signal for NVDA (score: 0.5640, source: quantum)
2025-04-10 12:47:29,836 - Quantum Trading Bot - INFO - Performance metrics saved: 40/72 winning trades
2025-04-10 12:47:29,836 - Quantum Trading Bot - INFO - Quantum prediction accuracy: 0.00
2025-04-10 12:47:29,836 - Quantum Trading Bot - INFO - Sleeping for 60 seconds
2025-04-10 12:48:18,767 - Trading System - INFO - Trading Bot is alive: True
2025-04-10 12:48:18,768 - Trading System - INFO - Monitor Bot is alive: True
2025-04-10 12:48:18,768 - Trading System - INFO - Improvement Bot is alive: True
2025-04-10 12:48:29,840 - Quantum Trading Bot - INFO - Starting trading cycle
2025-04-10 12:48:29,842 - Quantum Trading Bot - INFO - Processing AAPL
2025-04-10 12:48:29,843 - Quantum Trading Bot - INFO - Mock halal compliance check for AAPL: COMPLIANT
2025-04-10 12:48:29,877 - Quantum Trading Bot - INFO - Quantum device error rate: 0.0573
2025-04-10 12:48:29,887 - Quantum Trading Bot - INFO - Quantum prediction for AAPL: 0.5256 (confidence: 0.7542)
2025-04-10 12:48:29,887 - Quantum Trading Bot - INFO - Trading signal for AAPL: 0.5256 (source: quantum)
2025-04-10 12:48:29,887 - Quantum Trading Bot - INFO - HOLD signal for AAPL (score: 0.5256, source: quantum)
2025-04-10 12:48:29,888 - Quantum Trading Bot - INFO - Processing MSFT
2025-04-10 12:48:29,888 - Quantum Trading Bot - INFO - Mock halal compliance check for MSFT: COMPLIANT
2025-04-10 12:48:29,898 - Quantum Trading Bot - INFO - Quantum device error rate: 0.0243
2025-04-10 12:48:29,901 - Quantum Trading Bot - INFO - Quantum prediction for MSFT: 0.8720 (confidence: 0.9757)
2025-04-10 12:48:29,901 - Quantum Trading Bot - INFO - Trading signal for MSFT: 0.8720 (source: quantum)
2025-04-10 12:48:29,901 - Quantum Trading Bot - INFO - HOLD signal for MSFT (score: 0.8720, source: quantum)
2025-04-10 12:48:29,902 - Quantum Trading Bot - INFO - Processing NVDA
2025-04-10 12:48:29,902 - Quantum Trading Bot - INFO - Mock halal compliance check for NVDA: COMPLIANT
2025-04-10 12:48:29,910 - Quantum Trading Bot - INFO - Quantum device error rate: 0.0333
2025-04-10 12:48:29,913 - Quantum Trading Bot - INFO - Quantum prediction for NVDA: 0.4650 (confidence: 0.7734)
2025-04-10 12:48:29,913 - Quantum Trading Bot - INFO - Trading signal for NVDA: 0.4650 (source: quantum)
2025-04-10 12:48:29,913 - Quantum Trading Bot - INFO - HOLD signal for NVDA (score: 0.4650, source: quantum)
2025-04-10 12:48:29,923 - Quantum Trading Bot - INFO - Performance metrics saved: 40/72 winning trades
2025-04-10 12:48:29,923 - Quantum Trading Bot - INFO - Quantum prediction accuracy: 0.00
2025-04-10 12:48:29,923 - Quantum Trading Bot - INFO - Sleeping for 60 seconds
2025-04-10 12:49:18,266 - Improvement Bot - INFO - Running scheduled task: System Health Analysis
2025-04-10 12:49:18,279 - Improvement Bot - INFO - Win rate trend: +0.00%
2025-04-10 12:49:18,279 - Improvement Bot - INFO - Profit trend: +0.00%
2025-04-10 12:49:18,282 - Improvement Bot - INFO - System health analysis completed: healthy
2025-04-10 12:49:18,282 - Improvement Bot - INFO - Task System Health Analysis completed successfully
2025-04-10 12:49:18,769 - Trading System - INFO - Trading Bot is alive: True
2025-04-10 12:49:18,770 - Trading System - INFO - Monitor Bot is alive: True
2025-04-10 12:49:18,770 - Trading System - INFO - Improvement Bot is alive: True
2025-04-10 12:49:29,929 - Quantum Trading Bot - INFO - Starting trading cycle
2025-04-10 12:49:29,930 - Quantum Trading Bot - INFO - Processing AAPL
2025-04-10 12:49:29,930 - Quantum Trading Bot - INFO - Mock halal compliance check for AAPL: COMPLIANT
2025-04-10 12:49:29,962 - Quantum Trading Bot - INFO - Quantum device error rate: 0.0312
2025-04-10 12:49:29,967 - Quantum Trading Bot - INFO - Quantum prediction for AAPL: 0.4020 (confidence: 0.7750)
2025-04-10 12:49:29,967 - Quantum Trading Bot - INFO - Trading signal for AAPL: 0.4020 (source: quantum)
2025-04-10 12:49:29,967 - Quantum Trading Bot - INFO - HOLD signal for AAPL (score: 0.4020, source: quantum)
2025-04-10 12:49:29,968 - Quantum Trading Bot - INFO - Processing MSFT
2025-04-10 12:49:29,968 - Quantum Trading Bot - INFO - Mock halal compliance check for MSFT: COMPLIANT
2025-04-10 12:49:29,976 - Quantum Trading Bot - INFO - Quantum device error rate: 0.0429
2025-04-10 12:49:29,979 - Quantum Trading Bot - INFO - Quantum prediction for MSFT: 0.2800 (confidence: 0.9571)
2025-04-10 12:49:29,979 - Quantum Trading Bot - INFO - Trading signal for MSFT: 0.2800 (source: quantum)
2025-04-10 12:49:29,979 - Quantum Trading Bot - INFO - SELL signal for MSFT (score: 0.2800, source: quantum)
2025-04-10 12:49:29,981 - Quantum Trading Bot - WARNING - Cannot sell MSFT - no position
2025-04-10 12:49:29,982 - Quantum Trading Bot - INFO - Processing NVDA
2025-04-10 12:49:29,982 - Quantum Trading Bot - INFO - Mock halal compliance check for NVDA: COMPLIANT
2025-04-10 12:49:29,990 - Quantum Trading Bot - INFO - Quantum device error rate: 0.0390
2025-04-10 12:49:29,992 - Quantum Trading Bot - INFO - Quantum prediction for NVDA: 0.0460 (confidence: 0.9610)
2025-04-10 12:49:29,992 - Quantum Trading Bot - INFO - Trading signal for NVDA: 0.0460 (source: quantum)
2025-04-10 12:49:29,992 - Quantum Trading Bot - INFO - SELL signal for NVDA (score: 0.0460, source: quantum)
2025-04-10 12:49:29,993 - Quantum Trading Bot - WARNING - Cannot sell NVDA - no position
2025-04-10 12:49:30,002 - Quantum Trading Bot - INFO - Performance metrics saved: 40/72 winning trades
2025-04-10 12:49:30,002 - Quantum Trading Bot - INFO - Quantum prediction accuracy: 0.00
2025-04-10 12:49:30,002 - Quantum Trading Bot - INFO - Sleeping for 60 seconds
2025-04-10 12:50:18,772 - Trading System - INFO - Trading Bot is alive: True
2025-04-10 12:50:18,775 - Trading System - INFO - Monitor Bot is alive: True
2025-04-10 12:50:18,776 - Trading System - INFO - Improvement Bot is alive: True
2025-04-10 12:50:30,007 - Quantum Trading Bot - INFO - Starting trading cycle
2025-04-10 12:50:30,009 - Quantum Trading Bot - INFO - Processing AAPL
2025-04-10 12:50:30,009 - Quantum Trading Bot - INFO - Mock halal compliance check for AAPL: COMPLIANT
2025-04-10 12:50:30,034 - Quantum Trading Bot - INFO - Quantum device error rate: 0.0366
2025-04-10 12:50:30,039 - Quantum Trading Bot - INFO - Quantum prediction for AAPL: 0.6760 (confidence: 0.9634)
2025-04-10 12:50:30,039 - Quantum Trading Bot - INFO - Trading signal for AAPL: 0.6760 (source: quantum)
2025-04-10 12:50:30,039 - Quantum Trading Bot - INFO - HOLD signal for AAPL (score: 0.6760, source: quantum)
2025-04-10 12:50:30,041 - Quantum Trading Bot - INFO - Processing MSFT
2025-04-10 12:50:30,041 - Quantum Trading Bot - INFO - Mock halal compliance check for MSFT: COMPLIANT
2025-04-10 12:50:30,049 - Quantum Trading Bot - INFO - Quantum device error rate: 0.0534
2025-04-10 12:50:30,057 - Quantum Trading Bot - INFO - Quantum prediction for MSFT: 0.1153 (confidence: 0.9466)
2025-04-10 12:50:30,057 - Quantum Trading Bot - INFO - Trading signal for MSFT: 0.1153 (source: quantum)
2025-04-10 12:50:30,057 - Quantum Trading Bot - INFO - SELL signal for MSFT (score: 0.1153, source: quantum)
2025-04-10 12:50:30,059 - Quantum Trading Bot - WARNING - Cannot sell MSFT - no position
2025-04-10 12:50:30,059 - Quantum Trading Bot - INFO - Processing NVDA
2025-04-10 12:50:30,060 - Quantum Trading Bot - INFO - Mock halal compliance check for NVDA: COMPLIANT
2025-04-10 12:50:30,067 - Quantum Trading Bot - INFO - Quantum device error rate: 0.0366
2025-04-10 12:50:30,070 - Quantum Trading Bot - INFO - Quantum prediction for NVDA: 0.6750 (confidence: 0.9634)
2025-04-10 12:50:30,070 - Quantum Trading Bot - INFO - Trading signal for NVDA: 0.6750 (source: quantum)
2025-04-10 12:50:30,070 - Quantum Trading Bot - INFO - HOLD signal for NVDA (score: 0.6750, source: quantum)
2025-04-10 12:50:30,080 - Quantum Trading Bot - INFO - Performance metrics saved: 40/72 winning trades
2025-04-10 12:50:30,080 - Quantum Trading Bot - INFO - Quantum prediction accuracy: 0.00
2025-04-10 12:50:30,081 - Quantum Trading Bot - INFO - Sleeping for 60 seconds
2025-04-10 12:51:18,779 - Trading System - INFO - Trading Bot is alive: True
2025-04-10 12:51:18,781 - Trading System - INFO - Monitor Bot is alive: True
2025-04-10 12:51:18,781 - Trading System - INFO - Improvement Bot is alive: True
2025-04-10 12:51:30,081 - Quantum Trading Bot - INFO - Starting trading cycle
2025-04-10 12:51:30,083 - Quantum Trading Bot - INFO - Processing AAPL
2025-04-10 12:51:30,083 - Quantum Trading Bot - INFO - Mock halal compliance check for AAPL: COMPLIANT
2025-04-10 12:51:30,115 - Quantum Trading Bot - INFO - Quantum device error rate: 0.0411
2025-04-10 12:51:30,120 - Quantum Trading Bot - INFO - Quantum prediction for AAPL: 0.6620 (confidence: 0.9589)
2025-04-10 12:51:30,121 - Quantum Trading Bot - INFO - Trading signal for AAPL: 0.6620 (source: quantum)
2025-04-10 12:51:30,121 - Quantum Trading Bot - INFO - HOLD signal for AAPL (score: 0.6620, source: quantum)
2025-04-10 12:51:30,122 - Quantum Trading Bot - INFO - Processing MSFT
2025-04-10 12:51:30,122 - Quantum Trading Bot - INFO - Mock halal compliance check for MSFT: COMPLIANT
2025-04-10 12:51:30,130 - Quantum Trading Bot - INFO - Quantum device error rate: 0.0414
2025-04-10 12:51:30,133 - Quantum Trading Bot - INFO - Quantum prediction for MSFT: 0.5200 (confidence: 0.7669)
2025-04-10 12:51:30,133 - Quantum Trading Bot - INFO - Trading signal for MSFT: 0.5200 (source: quantum)
2025-04-10 12:51:30,133 - Quantum Trading Bot - INFO - HOLD signal for MSFT (score: 0.5200, source: quantum)
2025-04-10 12:51:30,134 - Quantum Trading Bot - INFO - Processing NVDA
2025-04-10 12:51:30,134 - Quantum Trading Bot - INFO - Mock halal compliance check for NVDA: COMPLIANT
2025-04-10 12:51:30,142 - Quantum Trading Bot - INFO - Quantum device error rate: 0.0309
2025-04-10 12:51:30,144 - Quantum Trading Bot - INFO - Quantum prediction for NVDA: 0.3150 (confidence: 0.9691)
2025-04-10 12:51:30,145 - Quantum Trading Bot - INFO - Trading signal for NVDA: 0.3150 (source: quantum)
2025-04-10 12:51:30,145 - Quantum Trading Bot - INFO - HOLD signal for NVDA (score: 0.3150, source: quantum)
2025-04-10 12:51:30,154 - Quantum Trading Bot - INFO - Performance metrics saved: 40/72 winning trades
2025-04-10 12:51:30,155 - Quantum Trading Bot - INFO - Quantum prediction accuracy: 0.00
2025-04-10 12:51:30,155 - Quantum Trading Bot - INFO - Sleeping for 60 seconds
2025-04-10 12:52:18,787 - Trading System - INFO - Trading Bot is alive: True
2025-04-10 12:52:18,793 - Trading System - INFO - Monitor Bot is alive: True
2025-04-10 12:52:18,793 - Trading System - INFO - Improvement Bot is alive: True
2025-04-10 12:52:30,160 - Quantum Trading Bot - INFO - Starting trading cycle
2025-04-10 12:52:30,162 - Quantum Trading Bot - INFO - Processing AAPL
2025-04-10 12:52:30,162 - Quantum Trading Bot - INFO - Mock halal compliance check for AAPL: COMPLIANT
2025-04-10 12:52:30,188 - Quantum Trading Bot - INFO - Quantum device error rate: 0.0372
2025-04-10 12:52:30,194 - Quantum Trading Bot - INFO - Quantum prediction for AAPL: 0.1960 (confidence: 0.9628)
2025-04-10 12:52:30,194 - Quantum Trading Bot - INFO - Trading signal for AAPL: 0.1960 (source: quantum)
2025-04-10 12:52:30,194 - Quantum Trading Bot - INFO - SELL signal for AAPL (score: 0.1960, source: quantum)
2025-04-10 12:52:30,197 - Quantum Trading Bot - WARNING - Cannot sell AAPL - no position
2025-04-10 12:52:30,198 - Quantum Trading Bot - INFO - Processing MSFT
2025-04-10 12:52:30,198 - Quantum Trading Bot - INFO - Mock halal compliance check for MSFT: COMPLIANT
2025-04-10 12:52:30,220 - Quantum Trading Bot - INFO - Quantum device error rate: 0.0405
2025-04-10 12:52:30,224 - Quantum Trading Bot - INFO - Quantum prediction for MSFT: 0.1990 (confidence: 0.9595)
2025-04-10 12:52:30,224 - Quantum Trading Bot - INFO - Trading signal for MSFT: 0.1990 (source: quantum)
2025-04-10 12:52:30,224 - Quantum Trading Bot - INFO - SELL signal for MSFT (score: 0.1990, source: quantum)
2025-04-10 12:52:30,225 - Quantum Trading Bot - WARNING - Cannot sell MSFT - no position
2025-04-10 12:52:30,226 - Quantum Trading Bot - INFO - Processing NVDA
2025-04-10 12:52:30,226 - Quantum Trading Bot - INFO - Mock halal compliance check for NVDA: COMPLIANT
2025-04-10 12:52:30,234 - Quantum Trading Bot - INFO - Quantum device error rate: 0.0171
2025-04-10 12:52:30,237 - Quantum Trading Bot - INFO - Quantum prediction for NVDA: 0.4650 (confidence: 0.7863)
2025-04-10 12:52:30,237 - Quantum Trading Bot - INFO - Trading signal for NVDA: 0.4650 (source: quantum)
2025-04-10 12:52:30,237 - Quantum Trading Bot - INFO - HOLD signal for NVDA (score: 0.4650, source: quantum)
2025-04-10 12:52:30,247 - Quantum Trading Bot - INFO - Performance metrics saved: 40/72 winning trades
2025-04-10 12:52:30,247 - Quantum Trading Bot - INFO - Quantum prediction accuracy: 0.00
2025-04-10 12:52:30,247 - Quantum Trading Bot - INFO - Sleeping for 60 seconds
2025-04-10 12:53:18,798 - Trading System - INFO - Trading Bot is alive: True
2025-04-10 12:53:18,800 - Trading System - INFO - Monitor Bot is alive: True
2025-04-10 12:53:18,800 - Trading System - INFO - Improvement Bot is alive: True
2025-04-10 12:53:30,253 - Quantum Trading Bot - INFO - Starting trading cycle
2025-04-10 12:53:30,255 - Quantum Trading Bot - INFO - Processing AAPL
2025-04-10 12:53:30,255 - Quantum Trading Bot - INFO - Mock halal compliance check for AAPL: COMPLIANT
2025-04-10 12:53:30,280 - Quantum Trading Bot - INFO - Quantum device error rate: 0.0489
2025-04-10 12:53:30,285 - Quantum Trading Bot - INFO - Quantum prediction for AAPL: 0.8600 (confidence: 0.9511)
2025-04-10 12:53:30,286 - Quantum Trading Bot - INFO - Trading signal for AAPL: 0.8600 (source: quantum)
2025-04-10 12:53:30,286 - Quantum Trading Bot - INFO - HOLD signal for AAPL (score: 0.8600, source: quantum)
2025-04-10 12:53:30,287 - Quantum Trading Bot - INFO - Processing MSFT
2025-04-10 12:53:30,287 - Quantum Trading Bot - INFO - Mock halal compliance check for MSFT: COMPLIANT
2025-04-10 12:53:30,296 - Quantum Trading Bot - INFO - Quantum device error rate: 0.0378
2025-04-10 12:53:30,298 - Quantum Trading Bot - INFO - Quantum prediction for MSFT: 0.6610 (confidence: 0.9622)
2025-04-10 12:53:30,298 - Quantum Trading Bot - INFO - Trading signal for MSFT: 0.6610 (source: quantum)
2025-04-10 12:53:30,298 - Quantum Trading Bot - INFO - HOLD signal for MSFT (score: 0.6610, source: quantum)
2025-04-10 12:53:30,299 - Quantum Trading Bot - INFO - Processing NVDA
2025-04-10 12:53:30,299 - Quantum Trading Bot - INFO - Mock halal compliance check for NVDA: COMPLIANT
2025-04-10 12:53:30,307 - Quantum Trading Bot - INFO - Quantum device error rate: 0.0267
2025-04-10 12:53:30,310 - Quantum Trading Bot - INFO - Quantum prediction for NVDA: 0.2420 (confidence: 0.9733)
2025-04-10 12:53:30,310 - Quantum Trading Bot - INFO - Trading signal for NVDA: 0.2420 (source: quantum)
2025-04-10 12:53:30,310 - Quantum Trading Bot - INFO - SELL signal for NVDA (score: 0.2420, source: quantum)
2025-04-10 12:53:30,311 - Quantum Trading Bot - WARNING - Cannot sell NVDA - no position
2025-04-10 12:53:30,322 - Quantum Trading Bot - INFO - Performance metrics saved: 40/72 winning trades
2025-04-10 12:53:30,322 - Quantum Trading Bot - INFO - Quantum prediction accuracy: 0.00
2025-04-10 12:53:30,322 - Quantum Trading Bot - INFO - Sleeping for 60 seconds
2025-04-10 12:54:18,802 - Trading System - INFO - Trading Bot is alive: True
2025-04-10 12:54:18,805 - Trading System - INFO - Monitor Bot is alive: True
2025-04-10 12:54:18,806 - Trading System - INFO - Improvement Bot is alive: True
2025-04-10 12:54:30,329 - Quantum Trading Bot - INFO - Starting trading cycle
2025-04-10 12:54:30,331 - Quantum Trading Bot - INFO - Processing AAPL
2025-04-10 12:54:30,331 - Quantum Trading Bot - INFO - Mock halal compliance check for AAPL: COMPLIANT
2025-04-10 12:54:30,366 - Quantum Trading Bot - INFO - Quantum device error rate: 0.0537
2025-04-10 12:54:30,376 - Quantum Trading Bot - INFO - Quantum prediction for AAPL: 0.5045 (confidence: 0.7570)
2025-04-10 12:54:30,376 - Quantum Trading Bot - INFO - Trading signal for AAPL: 0.5045 (source: quantum)
2025-04-10 12:54:30,376 - Quantum Trading Bot - INFO - HOLD signal for AAPL (score: 0.5045, source: quantum)
2025-04-10 12:54:30,377 - Quantum Trading Bot - INFO - Processing MSFT
2025-04-10 12:54:30,377 - Quantum Trading Bot - INFO - Mock halal compliance check for MSFT: COMPLIANT
2025-04-10 12:54:30,385 - Quantum Trading Bot - INFO - Quantum device error rate: 0.0294
2025-04-10 12:54:30,388 - Quantum Trading Bot - INFO - Quantum prediction for MSFT: 0.8430 (confidence: 0.9706)
2025-04-10 12:54:30,388 - Quantum Trading Bot - INFO - Trading signal for MSFT: 0.8430 (source: quantum)
2025-04-10 12:54:30,388 - Quantum Trading Bot - INFO - HOLD signal for MSFT (score: 0.8430, source: quantum)
2025-04-10 12:54:30,388 - Quantum Trading Bot - INFO - Processing NVDA
2025-04-10 12:54:30,389 - Quantum Trading Bot - INFO - Mock halal compliance check for NVDA: COMPLIANT
2025-04-10 12:54:30,395 - Quantum Trading Bot - INFO - Quantum device error rate: 0.0264
2025-04-10 12:54:30,397 - Quantum Trading Bot - INFO - Quantum prediction for NVDA: 0.4480 (confidence: 0.7789)
2025-04-10 12:54:30,397 - Quantum Trading Bot - INFO - Trading signal for NVDA: 0.4480 (source: quantum)
2025-04-10 12:54:30,397 - Quantum Trading Bot - INFO - HOLD signal for NVDA (score: 0.4480, source: quantum)
2025-04-10 12:54:30,409 - Quantum Trading Bot - INFO - Performance metrics saved: 40/72 winning trades
2025-04-10 12:54:30,409 - Quantum Trading Bot - INFO - Quantum prediction accuracy: 0.00
2025-04-10 12:54:30,409 - Quantum Trading Bot - INFO - Sleeping for 60 seconds
2025-04-10 12:55:18,819 - Trading System - INFO - Trading Bot is alive: True
2025-04-10 12:55:18,820 - Trading System - INFO - Monitor Bot is alive: True
2025-04-10 12:55:18,820 - Trading System - INFO - Improvement Bot is alive: True
2025-04-10 12:55:30,411 - Quantum Trading Bot - INFO - Starting trading cycle
2025-04-10 12:55:30,414 - Quantum Trading Bot - INFO - Processing AAPL
2025-04-10 12:55:30,415 - Quantum Trading Bot - INFO - Mock halal compliance check for AAPL: COMPLIANT
2025-04-10 12:55:30,707 - Quantum Trading Bot - INFO - Quantum device error rate: 0.0420
2025-04-10 12:55:30,715 - Quantum Trading Bot - INFO - Quantum prediction for AAPL: 0.5210 (confidence: 0.7664)
2025-04-10 12:55:30,715 - Quantum Trading Bot - INFO - Trading signal for AAPL: 0.5210 (source: quantum)
2025-04-10 12:55:30,715 - Quantum Trading Bot - INFO - HOLD signal for AAPL (score: 0.5210, source: quantum)
2025-04-10 12:55:30,716 - Quantum Trading Bot - INFO - Processing MSFT
2025-04-10 12:55:30,716 - Quantum Trading Bot - INFO - Mock halal compliance check for MSFT: COMPLIANT
2025-04-10 12:55:30,725 - Quantum Trading Bot - INFO - Quantum device error rate: 0.0435
2025-04-10 12:55:30,728 - Quantum Trading Bot - INFO - Quantum prediction for MSFT: 0.6100 (confidence: 0.9565)
2025-04-10 12:55:30,728 - Quantum Trading Bot - INFO - Trading signal for MSFT: 0.6100 (source: quantum)
2025-04-10 12:55:30,728 - Quantum Trading Bot - INFO - HOLD signal for MSFT (score: 0.6100, source: quantum)
2025-04-10 12:55:30,729 - Quantum Trading Bot - INFO - Processing NVDA
2025-04-10 12:55:30,729 - Quantum Trading Bot - INFO - Mock halal compliance check for NVDA: COMPLIANT
2025-04-10 12:55:30,737 - Quantum Trading Bot - INFO - Quantum device error rate: 0.0444
2025-04-10 12:55:30,739 - Quantum Trading Bot - INFO - Quantum prediction for NVDA: 0.5210 (confidence: 0.7645)
2025-04-10 12:55:30,739 - Quantum Trading Bot - INFO - Trading signal for NVDA: 0.5210 (source: quantum)
2025-04-10 12:55:30,739 - Quantum Trading Bot - INFO - HOLD signal for NVDA (score: 0.5210, source: quantum)
2025-04-10 12:55:30,750 - Quantum Trading Bot - INFO - Performance metrics saved: 40/72 winning trades
2025-04-10 12:55:30,750 - Quantum Trading Bot - INFO - Quantum prediction accuracy: 0.00
2025-04-10 12:55:30,750 - Quantum Trading Bot - INFO - Sleeping for 60 seconds
2025-04-10 12:56:18,828 - Trading System - INFO - Trading Bot is alive: True
2025-04-10 12:56:18,831 - Trading System - INFO - Monitor Bot is alive: True
2025-04-10 12:56:18,831 - Trading System - INFO - Improvement Bot is alive: True
2025-04-10 12:56:30,760 - Quantum Trading Bot - INFO - Starting trading cycle
2025-04-10 12:56:30,763 - Quantum Trading Bot - INFO - Processing AAPL
2025-04-10 12:56:30,763 - Quantum Trading Bot - INFO - Mock halal compliance check for AAPL: COMPLIANT
2025-04-10 12:56:30,789 - Quantum Trading Bot - INFO - Quantum device error rate: 0.0564
2025-04-10 12:56:30,797 - Quantum Trading Bot - INFO - Quantum prediction for AAPL: 0.4877 (confidence: 0.7549)
2025-04-10 12:56:30,797 - Quantum Trading Bot - INFO - Trading signal for AAPL: 0.4877 (source: quantum)
2025-04-10 12:56:30,797 - Quantum Trading Bot - INFO - HOLD signal for AAPL (score: 0.4877, source: quantum)
2025-04-10 12:56:30,798 - Quantum Trading Bot - INFO - Processing MSFT
2025-04-10 12:56:30,798 - Quantum Trading Bot - INFO - Mock halal compliance check for MSFT: COMPLIANT
2025-04-10 12:56:30,806 - Quantum Trading Bot - INFO - Quantum device error rate: 0.0129
2025-04-10 12:56:30,809 - Quantum Trading Bot - INFO - Quantum prediction for MSFT: 0.6130 (confidence: 0.9871)
2025-04-10 12:56:30,809 - Quantum Trading Bot - INFO - Trading signal for MSFT: 0.6130 (source: quantum)
2025-04-10 12:56:30,809 - Quantum Trading Bot - INFO - HOLD signal for MSFT (score: 0.6130, source: quantum)
2025-04-10 12:56:30,811 - Quantum Trading Bot - INFO - Processing NVDA
2025-04-10 12:56:30,811 - Quantum Trading Bot - INFO - Mock halal compliance check for NVDA: COMPLIANT
2025-04-10 12:56:30,818 - Quantum Trading Bot - INFO - Quantum device error rate: 0.0456
2025-04-10 12:56:30,820 - Quantum Trading Bot - INFO - Quantum prediction for NVDA: 0.4600 (confidence: 0.7635)
2025-04-10 12:56:30,820 - Quantum Trading Bot - INFO - Trading signal for NVDA: 0.4600 (source: quantum)
2025-04-10 12:56:30,820 - Quantum Trading Bot - INFO - HOLD signal for NVDA (score: 0.4600, source: quantum)
2025-04-10 12:56:30,830 - Quantum Trading Bot - INFO - Performance metrics saved: 40/72 winning trades
2025-04-10 12:56:30,830 - Quantum Trading Bot - INFO - Quantum prediction accuracy: 0.00
2025-04-10 12:56:30,830 - Quantum Trading Bot - INFO - Sleeping for 60 seconds
2025-04-10 12:57:18,844 - Trading System - INFO - Trading Bot is alive: True
2025-04-10 12:57:18,850 - Trading System - INFO - Monitor Bot is alive: True
2025-04-10 12:57:18,850 - Trading System - INFO - Improvement Bot is alive: True
2025-04-10 12:57:30,838 - Quantum Trading Bot - INFO - Starting trading cycle
2025-04-10 12:57:30,841 - Quantum Trading Bot - INFO - Processing AAPL
2025-04-10 12:57:30,842 - Quantum Trading Bot - INFO - Mock halal compliance check for AAPL: COMPLIANT
2025-04-10 12:57:30,878 - Quantum Trading Bot - INFO - Quantum device error rate: 0.0465
2025-04-10 12:57:30,884 - Quantum Trading Bot - INFO - Quantum prediction for AAPL: 0.4320 (confidence: 0.7628)
2025-04-10 12:57:30,884 - Quantum Trading Bot - INFO - Trading signal for AAPL: 0.4320 (source: quantum)
2025-04-10 12:57:30,884 - Quantum Trading Bot - INFO - HOLD signal for AAPL (score: 0.4320, source: quantum)
2025-04-10 12:57:30,885 - Quantum Trading Bot - INFO - Processing MSFT
2025-04-10 12:57:30,885 - Quantum Trading Bot - INFO - Mock halal compliance check for MSFT: COMPLIANT
2025-04-10 12:57:30,894 - Quantum Trading Bot - INFO - Quantum device error rate: 0.0372
2025-04-10 12:57:30,898 - Quantum Trading Bot - INFO - Quantum prediction for MSFT: 0.8310 (confidence: 0.9628)
2025-04-10 12:57:30,898 - Quantum Trading Bot - INFO - Trading signal for MSFT: 0.8310 (source: quantum)
2025-04-10 12:57:30,898 - Quantum Trading Bot - INFO - HOLD signal for MSFT (score: 0.8310, source: quantum)
2025-04-10 12:57:30,899 - Quantum Trading Bot - INFO - Processing NVDA
2025-04-10 12:57:30,899 - Quantum Trading Bot - INFO - Mock halal compliance check for NVDA: COMPLIANT
2025-04-10 12:57:30,907 - Quantum Trading Bot - INFO - Quantum device error rate: 0.0273
2025-04-10 12:57:30,909 - Quantum Trading Bot - INFO - Quantum prediction for NVDA: 0.4410 (confidence: 0.7782)
2025-04-10 12:57:30,909 - Quantum Trading Bot - INFO - Trading signal for NVDA: 0.4410 (source: quantum)
2025-04-10 12:57:30,909 - Quantum Trading Bot - INFO - HOLD signal for NVDA (score: 0.4410, source: quantum)
2025-04-10 12:57:30,919 - Quantum Trading Bot - INFO - Performance metrics saved: 40/72 winning trades
2025-04-10 12:57:30,919 - Quantum Trading Bot - INFO - Quantum prediction accuracy: 0.00
2025-04-10 12:57:30,919 - Quantum Trading Bot - INFO - Sleeping for 60 seconds
2025-04-10 12:58:18,860 - Trading System - INFO - Trading Bot is alive: True
2025-04-10 12:58:18,863 - Trading System - INFO - Monitor Bot is alive: True
2025-04-10 12:58:18,863 - Trading System - INFO - Improvement Bot is alive: True
2025-04-10 12:58:30,929 - Quantum Trading Bot - INFO - Starting trading cycle
2025-04-10 12:58:30,932 - Quantum Trading Bot - INFO - Processing AAPL
2025-04-10 12:58:30,932 - Quantum Trading Bot - INFO - Mock halal compliance check for AAPL: COMPLIANT
2025-04-10 12:58:30,960 - Quantum Trading Bot - INFO - Quantum device error rate: 0.0366
2025-04-10 12:58:30,966 - Quantum Trading Bot - INFO - Quantum prediction for AAPL: 0.4230 (confidence: 0.7707)
2025-04-10 12:58:30,966 - Quantum Trading Bot - INFO - Trading signal for AAPL: 0.4230 (source: quantum)
2025-04-10 12:58:30,966 - Quantum Trading Bot - INFO - HOLD signal for AAPL (score: 0.4230, source: quantum)
2025-04-10 12:58:30,967 - Quantum Trading Bot - INFO - Processing MSFT
2025-04-10 12:58:30,967 - Quantum Trading Bot - INFO - Mock halal compliance check for MSFT: COMPLIANT
2025-04-10 12:58:30,974 - Quantum Trading Bot - INFO - Quantum device error rate: 0.0345
2025-04-10 12:58:30,976 - Quantum Trading Bot - INFO - Quantum prediction for MSFT: 0.0990 (confidence: 0.9655)
2025-04-10 12:58:30,976 - Quantum Trading Bot - INFO - Trading signal for MSFT: 0.0990 (source: quantum)
2025-04-10 12:58:30,976 - Quantum Trading Bot - INFO - SELL signal for MSFT (score: 0.0990, source: quantum)
2025-04-10 12:58:30,977 - Quantum Trading Bot - WARNING - Cannot sell MSFT - no position
2025-04-10 12:58:30,978 - Quantum Trading Bot - INFO - Processing NVDA
2025-04-10 12:58:30,979 - Quantum Trading Bot - INFO - Mock halal compliance check for NVDA: COMPLIANT
2025-04-10 12:58:30,986 - Quantum Trading Bot - INFO - Quantum device error rate: 0.0387
2025-04-10 12:58:30,988 - Quantum Trading Bot - INFO - Quantum prediction for NVDA: 0.6030 (confidence: 0.9613)
2025-04-10 12:58:30,988 - Quantum Trading Bot - INFO - Trading signal for NVDA: 0.6030 (source: quantum)
2025-04-10 12:58:30,988 - Quantum Trading Bot - INFO - HOLD signal for NVDA (score: 0.6030, source: quantum)
2025-04-10 12:58:30,998 - Quantum Trading Bot - INFO - Performance metrics saved: 40/72 winning trades
2025-04-10 12:58:30,998 - Quantum Trading Bot - INFO - Quantum prediction accuracy: 0.00
2025-04-10 12:58:30,998 - Quantum Trading Bot - INFO - Sleeping for 60 seconds
2025-04-10 13:14:16,404 - Trading System - INFO - Trading Bot is alive: True
2025-04-10 13:14:16,406 - Trading System - INFO - Monitor Bot is alive: True
2025-04-10 13:14:16,406 - Trading System - INFO - Improvement Bot is alive: True
2025-04-10 13:14:18,967 - Monitor Bot - INFO - Running scheduled task: Performance Metrics
2025-04-10 13:14:18,979 - Monitor Bot - INFO - === Performance Metrics ===
2025-04-10 13:14:18,979 - Monitor Bot - INFO - Date: 2025-04-10T12:58:30.989503
2025-04-10 13:14:18,979 - Monitor Bot - INFO - Total Trades: 72
2025-04-10 13:14:18,979 - Monitor Bot - INFO - Win Rate: 55.56%
2025-04-10 13:14:18,979 - Monitor Bot - INFO - Total Profit: $18.27
2025-04-10 13:14:18,979 - Monitor Bot - INFO - Average Profit per Trade: $0.25
2025-04-10 13:14:18,979 - Monitor Bot - INFO - Average Profit Percentage: 0.09%
2025-04-10 13:14:18,980 - Monitor Bot - INFO - Maximum Drawdown: 0.10%
2025-04-10 13:14:18,980 - Monitor Bot - INFO - Quantum Prediction Accuracy: 0.00%
2025-04-10 13:14:18,980 - Monitor Bot - INFO - ============================
2025-04-10 13:14:19,021 - Monitor Bot - INFO - Task Performance Metrics completed successfully
2025-04-10 13:14:28,542 - Quantum Trading Bot - INFO - Starting trading cycle
2025-04-10 13:14:28,545 - Quantum Trading Bot - INFO - Processing AAPL
2025-04-10 13:14:28,545 - Quantum Trading Bot - INFO - Mock halal compliance check for AAPL: COMPLIANT
2025-04-10 13:14:28,570 - Quantum Trading Bot - INFO - Quantum device error rate: 0.0537
2025-04-10 13:14:28,580 - Quantum Trading Bot - INFO - Quantum prediction for AAPL: 0.4597 (confidence: 0.7570)
2025-04-10 13:14:28,580 - Quantum Trading Bot - INFO - Trading signal for AAPL: 0.4597 (source: quantum)
2025-04-10 13:14:28,580 - Quantum Trading Bot - INFO - HOLD signal for AAPL (score: 0.4597, source: quantum)
2025-04-10 13:14:28,582 - Quantum Trading Bot - INFO - Processing MSFT
2025-04-10 13:14:28,582 - Quantum Trading Bot - INFO - Mock halal compliance check for MSFT: COMPLIANT
2025-04-10 13:14:28,592 - Quantum Trading Bot - INFO - Quantum device error rate: 0.0420
2025-04-10 13:14:28,595 - Quantum Trading Bot - INFO - Quantum prediction for MSFT: 0.4860 (confidence: 0.7664)
2025-04-10 13:14:28,595 - Quantum Trading Bot - INFO - Trading signal for MSFT: 0.4860 (source: quantum)
2025-04-10 13:14:28,595 - Quantum Trading Bot - INFO - HOLD signal for MSFT (score: 0.4860, source: quantum)
2025-04-10 13:14:28,596 - Quantum Trading Bot - INFO - Processing NVDA
2025-04-10 13:14:28,596 - Quantum Trading Bot - INFO - Mock halal compliance check for NVDA: COMPLIANT
2025-04-10 13:14:28,604 - Quantum Trading Bot - INFO - Quantum device error rate: 0.0549
2025-04-10 13:14:28,611 - Quantum Trading Bot - INFO - Quantum prediction for NVDA: 0.3494 (confidence: 0.9451)
2025-04-10 13:14:28,612 - Quantum Trading Bot - INFO - Trading signal for NVDA: 0.3494 (source: quantum)
2025-04-10 13:14:28,612 - Quantum Trading Bot - INFO - HOLD signal for NVDA (score: 0.3494, source: quantum)
2025-04-10 13:14:28,622 - Quantum Trading Bot - INFO - Performance metrics saved: 40/72 winning trades
2025-04-10 13:14:28,622 - Quantum Trading Bot - INFO - Quantum prediction accuracy: 0.00
2025-04-10 13:14:28,622 - Quantum Trading Bot - INFO - Sleeping for 60 seconds
2025-04-10 13:30:14,183 - Trading System - INFO - Trading Bot is alive: True
2025-04-10 13:30:14,187 - Trading System - INFO - Monitor Bot is alive: True
2025-04-10 13:30:14,187 - Trading System - INFO - Improvement Bot is alive: True
2025-04-10 13:32:11,612 - Quantum Trading Bot - INFO - Starting trading cycle
2025-04-10 13:32:11,615 - Quantum Trading Bot - INFO - Processing AAPL
2025-04-10 13:32:11,615 - Quantum Trading Bot - INFO - Mock halal compliance check for AAPL: COMPLIANT
2025-04-10 13:32:11,643 - Quantum Trading Bot - INFO - Quantum device error rate: 0.0459
2025-04-10 13:32:11,649 - Quantum Trading Bot - INFO - Quantum prediction for AAPL: 0.4870 (confidence: 0.7633)
2025-04-10 13:32:11,649 - Quantum Trading Bot - INFO - Trading signal for AAPL: 0.4870 (source: quantum)
2025-04-10 13:32:11,649 - Quantum Trading Bot - INFO - HOLD signal for AAPL (score: 0.4870, source: quantum)
2025-04-10 13:32:11,649 - Quantum Trading Bot - INFO - Processing MSFT
2025-04-10 13:32:11,649 - Quantum Trading Bot - INFO - Mock halal compliance check for MSFT: COMPLIANT
2025-04-10 13:32:11,656 - Quantum Trading Bot - INFO - Quantum device error rate: 0.0420
2025-04-10 13:32:11,659 - Quantum Trading Bot - INFO - Quantum prediction for MSFT: 0.0670 (confidence: 0.9580)
2025-04-10 13:32:11,659 - Quantum Trading Bot - INFO - Trading signal for MSFT: 0.0670 (source: quantum)
2025-04-10 13:32:11,659 - Quantum Trading Bot - INFO - SELL signal for MSFT (score: 0.0670, source: quantum)
2025-04-10 13:32:11,661 - Quantum Trading Bot - WARNING - Cannot sell MSFT - no position
2025-04-10 13:32:11,661 - Quantum Trading Bot - INFO - Processing NVDA
2025-04-10 13:32:11,662 - Quantum Trading Bot - INFO - Mock halal compliance check for NVDA: COMPLIANT
2025-04-10 13:32:11,668 - Quantum Trading Bot - INFO - Quantum device error rate: 0.0495
2025-04-10 13:32:11,670 - Quantum Trading Bot - INFO - Quantum prediction for NVDA: 0.5790 (confidence: 0.7604)
2025-04-10 13:32:11,670 - Quantum Trading Bot - INFO - Trading signal for NVDA: 0.5790 (source: quantum)
2025-04-10 13:32:11,670 - Quantum Trading Bot - INFO - HOLD signal for NVDA (score: 0.5790, source: quantum)
2025-04-10 13:32:11,681 - Quantum Trading Bot - INFO - Performance metrics saved: 40/72 winning trades
2025-04-10 13:32:11,681 - Quantum Trading Bot - INFO - Quantum prediction accuracy: 0.00
2025-04-10 13:32:11,681 - Quantum Trading Bot - INFO - Sleeping for 60 seconds
2025-04-10 13:47:57,771 - Trading System - INFO - Trading Bot is alive: True
2025-04-10 13:47:57,772 - Trading System - INFO - Monitor Bot is alive: True
2025-04-10 13:47:57,772 - Trading System - INFO - Improvement Bot is alive: True
2025-04-10 13:48:10,052 - Quantum Trading Bot - INFO - Starting trading cycle
2025-04-10 13:48:10,054 - Quantum Trading Bot - INFO - Processing AAPL
2025-04-10 13:48:10,054 - Quantum Trading Bot - INFO - Mock halal compliance check for AAPL: COMPLIANT
2025-04-10 13:48:10,080 - Quantum Trading Bot - INFO - Quantum device error rate: 0.0504
2025-04-10 13:48:10,089 - Quantum Trading Bot - INFO - Quantum prediction for AAPL: 0.0827 (confidence: 0.9496)
2025-04-10 13:48:10,089 - Quantum Trading Bot - INFO - Trading signal for AAPL: 0.0827 (source: quantum)
2025-04-10 13:48:10,089 - Quantum Trading Bot - INFO - SELL signal for AAPL (score: 0.0827, source: quantum)
2025-04-10 13:48:10,093 - Quantum Trading Bot - WARNING - Cannot sell AAPL - no position
2025-04-10 13:48:10,094 - Quantum Trading Bot - INFO - Processing MSFT
2025-04-10 13:48:10,094 - Quantum Trading Bot - INFO - Mock halal compliance check for MSFT: COMPLIANT
2025-04-10 13:48:10,101 - Quantum Trading Bot - INFO - Quantum device error rate: 0.0273
2025-04-10 13:48:10,104 - Quantum Trading Bot - INFO - Quantum prediction for MSFT: 0.2640 (confidence: 0.9727)
2025-04-10 13:48:10,104 - Quantum Trading Bot - INFO - Trading signal for MSFT: 0.2640 (source: quantum)
2025-04-10 13:48:10,104 - Quantum Trading Bot - INFO - SELL signal for MSFT (score: 0.2640, source: quantum)
2025-04-10 13:48:10,104 - Quantum Trading Bot - WARNING - Cannot sell MSFT - no position
2025-04-10 13:48:10,105 - Quantum Trading Bot - INFO - Processing NVDA
2025-04-10 13:48:10,105 - Quantum Trading Bot - INFO - Mock halal compliance check for NVDA: COMPLIANT
2025-04-10 13:48:10,113 - Quantum Trading Bot - INFO - Quantum device error rate: 0.0276
2025-04-10 13:48:10,115 - Quantum Trading Bot - INFO - Quantum prediction for NVDA: 0.6710 (confidence: 0.9724)
2025-04-10 13:48:10,115 - Quantum Trading Bot - INFO - Trading signal for NVDA: 0.6710 (source: quantum)
2025-04-10 13:48:10,115 - Quantum Trading Bot - INFO - HOLD signal for NVDA (score: 0.6710, source: quantum)
2025-04-10 13:48:10,125 - Quantum Trading Bot - INFO - Performance metrics saved: 40/72 winning trades
2025-04-10 13:48:10,125 - Quantum Trading Bot - INFO - Quantum prediction accuracy: 0.00
2025-04-10 13:48:10,125 - Quantum Trading Bot - INFO - Sleeping for 60 seconds
2025-04-10 13:48:57,805 - Trading System - INFO - Trading Bot is alive: True
2025-04-10 13:48:57,821 - Trading System - INFO - Monitor Bot is alive: True
2025-04-10 13:48:57,822 - Trading System - INFO - Improvement Bot is alive: True
2025-04-10 14:04:04,762 - Monitor Bot - INFO - Running scheduled task: Quantum System Health Check
2025-04-10 14:04:04,764 - Monitor Bot - INFO - Monitoring quantum system health
2025-04-10 14:04:04,768 - Monitor Bot - INFO - Average quantum error rate: 0.0394
2025-04-10 14:04:04,770 - Monitor Bot - INFO - Task Quantum System Health Check completed successfully
2025-04-10 14:04:14,495 - Quantum Trading Bot - INFO - Starting trading cycle
2025-04-10 14:04:14,498 - Quantum Trading Bot - INFO - Processing AAPL
2025-04-10 14:04:14,498 - Quantum Trading Bot - INFO - Mock halal compliance check for AAPL: COMPLIANT
2025-04-10 14:04:14,526 - Quantum Trading Bot - INFO - Quantum device error rate: 0.0468
2025-04-10 14:04:14,531 - Quantum Trading Bot - INFO - Quantum prediction for AAPL: 0.3660 (confidence: 0.9532)
2025-04-10 14:04:14,531 - Quantum Trading Bot - INFO - Trading signal for AAPL: 0.3660 (source: quantum)
2025-04-10 14:04:14,531 - Quantum Trading Bot - INFO - HOLD signal for AAPL (score: 0.3660, source: quantum)
2025-04-10 14:04:14,532 - Quantum Trading Bot - INFO - Processing MSFT
2025-04-10 14:04:14,532 - Quantum Trading Bot - INFO - Mock halal compliance check for MSFT: COMPLIANT
2025-04-10 14:04:14,540 - Quantum Trading Bot - INFO - Quantum device error rate: 0.0306
2025-04-10 14:04:14,544 - Quantum Trading Bot - INFO - Quantum prediction for MSFT: 0.5750 (confidence: 0.7755)
2025-04-10 14:04:14,544 - Quantum Trading Bot - INFO - Trading signal for MSFT: 0.5750 (source: quantum)
2025-04-10 14:04:14,544 - Quantum Trading Bot - INFO - HOLD signal for MSFT (score: 0.5750, source: quantum)
2025-04-10 14:04:14,545 - Quantum Trading Bot - INFO - Processing NVDA
2025-04-10 14:04:14,545 - Quantum Trading Bot - INFO - Mock halal compliance check for NVDA: COMPLIANT
2025-04-10 14:04:14,553 - Quantum Trading Bot - INFO - Quantum device error rate: 0.0423
2025-04-10 14:04:14,556 - Quantum Trading Bot - INFO - Quantum prediction for NVDA: 0.5280 (confidence: 0.7662)
2025-04-10 14:04:14,556 - Quantum Trading Bot - INFO - Trading signal for NVDA: 0.5280 (source: quantum)
2025-04-10 14:04:14,556 - Quantum Trading Bot - INFO - HOLD signal for NVDA (score: 0.5280, source: quantum)
2025-04-10 14:04:14,567 - Quantum Trading Bot - INFO - Performance metrics saved: 40/72 winning trades
2025-04-10 14:04:14,567 - Quantum Trading Bot - INFO - Quantum prediction accuracy: 0.00
2025-04-10 14:04:14,568 - Quantum Trading Bot - INFO - Sleeping for 60 seconds
2025-04-10 14:22:24,852 - Trading System - INFO - Trading Bot is alive: True
2025-04-10 14:22:24,856 - Trading System - INFO - Monitor Bot is alive: True
2025-04-10 14:22:24,856 - Trading System - INFO - Improvement Bot is alive: True
2025-04-10 14:22:27,428 - Monitor Bot - INFO - Running scheduled task: Performance Metrics
2025-04-10 14:22:27,439 - Monitor Bot - INFO - === Performance Metrics ===
2025-04-10 14:22:27,439 - Monitor Bot - INFO - Date: 2025-04-10T14:04:14.558009
2025-04-10 14:22:27,439 - Monitor Bot - INFO - Total Trades: 72
2025-04-10 14:22:27,439 - Monitor Bot - INFO - Win Rate: 55.56%
2025-04-10 14:22:27,439 - Monitor Bot - INFO - Total Profit: $18.27
2025-04-10 14:22:27,439 - Monitor Bot - INFO - Average Profit per Trade: $0.25
2025-04-10 14:22:27,439 - Monitor Bot - INFO - Average Profit Percentage: 0.09%
2025-04-10 14:22:27,439 - Monitor Bot - INFO - Maximum Drawdown: 0.10%
2025-04-10 14:22:27,439 - Monitor Bot - INFO - Quantum Prediction Accuracy: 0.00%
2025-04-10 14:22:27,439 - Monitor Bot - INFO - ============================
2025-04-10 14:22:27,453 - Monitor Bot - INFO - Task Performance Metrics completed successfully
2025-04-10 14:22:37,210 - Quantum Trading Bot - INFO - Starting trading cycle
2025-04-10 14:22:37,212 - Quantum Trading Bot - INFO - Processing AAPL
2025-04-10 14:22:37,212 - Quantum Trading Bot - INFO - Mock halal compliance check for AAPL: COMPLIANT
2025-04-10 14:22:37,238 - Quantum Trading Bot - INFO - Quantum device error rate: 0.0321
2025-04-10 14:22:37,242 - Quantum Trading Bot - INFO - Quantum prediction for AAPL: 0.6420 (confidence: 0.9679)
2025-04-10 14:22:37,242 - Quantum Trading Bot - INFO - Trading signal for AAPL: 0.6420 (source: quantum)
2025-04-10 14:22:37,243 - Quantum Trading Bot - INFO - HOLD signal for AAPL (score: 0.6420, source: quantum)
2025-04-10 14:22:37,244 - Quantum Trading Bot - INFO - Processing MSFT
2025-04-10 14:22:37,244 - Quantum Trading Bot - INFO - Mock halal compliance check for MSFT: COMPLIANT
2025-04-10 14:22:37,252 - Quantum Trading Bot - INFO - Quantum device error rate: 0.0414
2025-04-10 14:22:37,255 - Quantum Trading Bot - INFO - Quantum prediction for MSFT: 0.6520 (confidence: 0.9586)
2025-04-10 14:22:37,255 - Quantum Trading Bot - INFO - Trading signal for MSFT: 0.6520 (source: quantum)
2025-04-10 14:22:37,255 - Quantum Trading Bot - INFO - HOLD signal for MSFT (score: 0.6520, source: quantum)
2025-04-10 14:22:37,256 - Quantum Trading Bot - INFO - Processing NVDA
2025-04-10 14:22:37,256 - Quantum Trading Bot - INFO - Mock halal compliance check for NVDA: COMPLIANT
2025-04-10 14:22:37,264 - Quantum Trading Bot - INFO - Quantum device error rate: 0.0435
2025-04-10 14:22:37,267 - Quantum Trading Bot - INFO - Quantum prediction for NVDA: 0.2920 (confidence: 0.9565)
2025-04-10 14:22:37,267 - Quantum Trading Bot - INFO - Trading signal for NVDA: 0.2920 (source: quantum)
2025-04-10 14:22:37,267 - Quantum Trading Bot - INFO - SELL signal for NVDA (score: 0.2920, source: quantum)
2025-04-10 14:22:37,268 - Quantum Trading Bot - WARNING - Cannot sell NVDA - no position
2025-04-10 14:22:37,278 - Quantum Trading Bot - INFO - Performance metrics saved: 40/72 winning trades
2025-04-10 14:22:37,278 - Quantum Trading Bot - INFO - Quantum prediction accuracy: 0.00
2025-04-10 14:22:37,278 - Quantum Trading Bot - INFO - Sleeping for 60 seconds
2025-04-10 14:25:45,333 - Trading System - INFO - Trading Bot is alive: True
2025-04-10 14:25:45,335 - Trading System - INFO - Monitor Bot is alive: True
2025-04-10 14:25:45,335 - Trading System - INFO - Improvement Bot is alive: True
2025-04-10 14:25:57,762 - Quantum Trading Bot - INFO - Starting trading cycle
2025-04-10 14:25:57,764 - Quantum Trading Bot - INFO - Processing AAPL
2025-04-10 14:25:57,764 - Quantum Trading Bot - INFO - Mock halal compliance check for AAPL: COMPLIANT
2025-04-10 14:25:57,790 - Quantum Trading Bot - INFO - Quantum device error rate: 0.0288
2025-04-10 14:25:57,794 - Quantum Trading Bot - INFO - Quantum prediction for AAPL: 0.4060 (confidence: 0.7770)
2025-04-10 14:25:57,794 - Quantum Trading Bot - INFO - Trading signal for AAPL: 0.4060 (source: quantum)
2025-04-10 14:25:57,794 - Quantum Trading Bot - INFO - HOLD signal for AAPL (score: 0.4060, source: quantum)
2025-04-10 14:25:57,796 - Quantum Trading Bot - INFO - Processing MSFT
2025-04-10 14:25:57,796 - Quantum Trading Bot - INFO - Mock halal compliance check for MSFT: COMPLIANT
2025-04-10 14:25:57,804 - Quantum Trading Bot - INFO - Quantum device error rate: 0.0387
2025-04-10 14:25:57,807 - Quantum Trading Bot - INFO - Quantum prediction for MSFT: 0.3300 (confidence: 0.9613)
2025-04-10 14:25:57,807 - Quantum Trading Bot - INFO - Trading signal for MSFT: 0.3300 (source: quantum)
2025-04-10 14:25:57,807 - Quantum Trading Bot - INFO - HOLD signal for MSFT (score: 0.3300, source: quantum)
2025-04-10 14:25:57,808 - Quantum Trading Bot - INFO - Processing NVDA
2025-04-10 14:25:57,808 - Quantum Trading Bot - INFO - Mock halal compliance check for NVDA: COMPLIANT
2025-04-10 14:25:57,815 - Quantum Trading Bot - INFO - Quantum device error rate: 0.0333
2025-04-10 14:25:57,817 - Quantum Trading Bot - INFO - Quantum prediction for NVDA: 0.5060 (confidence: 0.7734)
2025-04-10 14:25:57,817 - Quantum Trading Bot - INFO - Trading signal for NVDA: 0.5060 (source: quantum)
2025-04-10 14:25:57,817 - Quantum Trading Bot - INFO - HOLD signal for NVDA (score: 0.5060, source: quantum)
2025-04-10 14:25:57,828 - Quantum Trading Bot - INFO - Performance metrics saved: 40/72 winning trades
2025-04-10 14:25:57,828 - Quantum Trading Bot - INFO - Quantum prediction accuracy: 0.00
2025-04-10 14:25:57,828 - Quantum Trading Bot - INFO - Sleeping for 60 seconds
2025-04-10 14:27:50,508 - Trading System - INFO - Trading Bot is alive: True
2025-04-10 14:27:50,511 - Trading System - INFO - Monitor Bot is alive: True
2025-04-10 14:27:50,511 - Trading System - INFO - Improvement Bot is alive: True
2025-04-10 14:29:29,990 - Quantum Trading Bot - INFO - Starting trading cycle
2025-04-10 14:29:29,995 - Quantum Trading Bot - INFO - Processing AAPL
2025-04-10 14:29:29,995 - Quantum Trading Bot - INFO - Mock halal compliance check for AAPL: COMPLIANT
2025-04-10 14:29:30,021 - Quantum Trading Bot - INFO - Quantum device error rate: 0.0462
2025-04-10 14:29:30,026 - Quantum Trading Bot - INFO - Quantum prediction for AAPL: 0.3390 (confidence: 0.9538)
2025-04-10 14:29:30,026 - Quantum Trading Bot - INFO - Trading signal for AAPL: 0.3390 (source: quantum)
2025-04-10 14:29:30,026 - Quantum Trading Bot - INFO - HOLD signal for AAPL (score: 0.3390, source: quantum)
2025-04-10 14:29:30,027 - Quantum Trading Bot - INFO - Processing MSFT
2025-04-10 14:29:30,027 - Quantum Trading Bot - INFO - Mock halal compliance check for MSFT: COMPLIANT
2025-04-10 14:29:30,035 - Quantum Trading Bot - INFO - Quantum device error rate: 0.0399
2025-04-10 14:29:30,038 - Quantum Trading Bot - INFO - Quantum prediction for MSFT: 0.9860 (confidence: 0.9601)
2025-04-10 14:29:30,038 - Quantum Trading Bot - INFO - Trading signal for MSFT: 0.9860 (source: quantum)
2025-04-10 14:29:30,038 - Quantum Trading Bot - INFO - HOLD signal for MSFT (score: 0.9860, source: quantum)
2025-04-10 14:29:30,039 - Quantum Trading Bot - INFO - Processing NVDA
2025-04-10 14:29:30,039 - Quantum Trading Bot - INFO - Mock halal compliance check for NVDA: COMPLIANT
2025-04-10 14:29:30,046 - Quantum Trading Bot - INFO - Quantum device error rate: 0.0267
2025-04-10 14:29:30,048 - Quantum Trading Bot - INFO - Quantum prediction for NVDA: 0.0600 (confidence: 0.9733)
2025-04-10 14:29:30,049 - Quantum Trading Bot - INFO - Trading signal for NVDA: 0.0600 (source: quantum)
2025-04-10 14:29:30,049 - Quantum Trading Bot - INFO - SELL signal for NVDA (score: 0.0600, source: quantum)
2025-04-10 14:29:30,050 - Quantum Trading Bot - WARNING - Cannot sell NVDA - no position
2025-04-10 14:29:30,062 - Quantum Trading Bot - INFO - Performance metrics saved: 40/72 winning trades
2025-04-10 14:29:30,062 - Quantum Trading Bot - INFO - Quantum prediction accuracy: 0.00
2025-04-10 14:29:30,102 - Quantum Trading Bot - INFO - Quantum device error rate: 0.0366
2025-04-10 14:29:30,108 - Quantum Trading Bot - INFO - Quantum portfolio optimization complete: {'AAPL': np.float64(0.3258575197889182), 'MSFT': np.float64(0.341688654353562), 'NVDA': np.float64(0.3324538258575198)}
2025-04-10 14:29:30,108 - Quantum Trading Bot - INFO - Optimal portfolio weights: {'AAPL': np.float64(0.3258575197889182), 'MSFT': np.float64(0.341688654353562), 'NVDA': np.float64(0.3324538258575198)}
2025-04-10 14:29:30,108 - Quantum Trading Bot - INFO - Sleeping for 60 seconds
2025-04-10 14:46:35,172 - Trading System - INFO - Trading Bot is alive: True
2025-04-10 14:46:35,174 - Trading System - INFO - Monitor Bot is alive: True
2025-04-10 14:46:35,174 - Trading System - INFO - Improvement Bot is alive: True
2025-04-10 14:46:47,772 - Quantum Trading Bot - INFO - Starting trading cycle
2025-04-10 14:46:47,777 - Quantum Trading Bot - INFO - Processing AAPL
2025-04-10 14:46:47,777 - Quantum Trading Bot - INFO - Mock halal compliance check for AAPL: COMPLIANT
2025-04-10 14:46:48,616 - Quantum Trading Bot - INFO - Quantum device error rate: 0.0387
2025-04-10 14:46:48,818 - Quantum Trading Bot - INFO - Quantum prediction for AAPL: 0.8390 (confidence: 0.9613)
2025-04-10 14:46:48,818 - Quantum Trading Bot - INFO - Trading signal for AAPL: 0.8390 (source: quantum)
2025-04-10 14:46:48,818 - Quantum Trading Bot - INFO - HOLD signal for AAPL (score: 0.8390, source: quantum)
2025-04-10 14:46:48,840 - Quantum Trading Bot - INFO - Processing MSFT
2025-04-10 14:46:48,840 - Quantum Trading Bot - INFO - Mock halal compliance check for MSFT: COMPLIANT
2025-04-10 14:46:49,311 - Quantum Trading Bot - INFO - Quantum device error rate: 0.0306
2025-04-10 14:46:49,563 - Quantum Trading Bot - INFO - Quantum prediction for MSFT: 0.5680 (confidence: 0.7755)
2025-04-10 14:46:49,563 - Quantum Trading Bot - INFO - Trading signal for MSFT: 0.5680 (source: quantum)
2025-04-10 14:46:49,563 - Quantum Trading Bot - INFO - HOLD signal for MSFT (score: 0.5680, source: quantum)
2025-04-10 14:46:49,601 - Quantum Trading Bot - INFO - Processing NVDA
2025-04-10 14:46:49,602 - Quantum Trading Bot - INFO - Mock halal compliance check for NVDA: COMPLIANT
2025-04-10 14:46:49,864 - Quantum Trading Bot - INFO - Quantum device error rate: 0.0345
2025-04-10 14:46:49,887 - Quantum Trading Bot - INFO - Quantum prediction for NVDA: 0.6810 (confidence: 0.9655)
2025-04-10 14:46:49,888 - Quantum Trading Bot - INFO - Trading signal for NVDA: 0.6810 (source: quantum)
2025-04-10 14:46:49,888 - Quantum Trading Bot - INFO - HOLD signal for NVDA (score: 0.6810, source: quantum)
2025-04-10 14:46:49,966 - Quantum Trading Bot - INFO - Performance metrics saved: 40/72 winning trades
2025-04-10 14:46:49,966 - Quantum Trading Bot - INFO - Quantum prediction accuracy: 0.00
2025-04-10 14:46:49,966 - Quantum Trading Bot - INFO - Sleeping for 60 seconds
2025-04-10 14:47:35,169 - Trading System - INFO - Trading Bot is alive: True
2025-04-10 14:47:35,171 - Trading System - INFO - Monitor Bot is alive: True
2025-04-10 14:47:35,172 - Trading System - INFO - Improvement Bot is alive: True
2025-04-10 14:47:49,969 - Quantum Trading Bot - INFO - Starting trading cycle
2025-04-10 14:47:49,972 - Quantum Trading Bot - INFO - Processing AAPL
2025-04-10 14:47:49,972 - Quantum Trading Bot - INFO - Mock halal compliance check for AAPL: COMPLIANT
2025-04-10 14:47:50,014 - Quantum Trading Bot - INFO - Quantum device error rate: 0.0351
2025-04-10 14:47:50,019 - Quantum Trading Bot - INFO - Quantum prediction for AAPL: 0.7910 (confidence: 0.9649)
2025-04-10 14:47:50,019 - Quantum Trading Bot - INFO - Trading signal for AAPL: 0.7910 (source: quantum)
2025-04-10 14:47:50,019 - Quantum Trading Bot - INFO - HOLD signal for AAPL (score: 0.7910, source: quantum)
2025-04-10 14:47:50,020 - Quantum Trading Bot - INFO - Processing MSFT
2025-04-10 14:47:50,020 - Quantum Trading Bot - INFO - Mock halal compliance check for MSFT: COMPLIANT
2025-04-10 14:47:50,029 - Quantum Trading Bot - INFO - Quantum device error rate: 0.0387
2025-04-10 14:47:50,031 - Quantum Trading Bot - INFO - Quantum prediction for MSFT: 0.4610 (confidence: 0.7690)
2025-04-10 14:47:50,031 - Quantum Trading Bot - INFO - Trading signal for MSFT: 0.4610 (source: quantum)
2025-04-10 14:47:50,031 - Quantum Trading Bot - INFO - HOLD signal for MSFT (score: 0.4610, source: quantum)
2025-04-10 14:47:50,032 - Quantum Trading Bot - INFO - Processing NVDA
2025-04-10 14:47:50,032 - Quantum Trading Bot - INFO - Mock halal compliance check for NVDA: COMPLIANT
2025-04-10 14:47:50,040 - Quantum Trading Bot - INFO - Quantum device error rate: 0.0306
2025-04-10 14:47:50,043 - Quantum Trading Bot - INFO - Quantum prediction for NVDA: 0.7350 (confidence: 0.9694)
2025-04-10 14:47:50,043 - Quantum Trading Bot - INFO - Trading signal for NVDA: 0.7350 (source: quantum)
2025-04-10 14:47:50,043 - Quantum Trading Bot - INFO - HOLD signal for NVDA (score: 0.7350, source: quantum)
2025-04-10 14:47:50,054 - Quantum Trading Bot - INFO - Performance metrics saved: 40/72 winning trades
2025-04-10 14:47:50,054 - Quantum Trading Bot - INFO - Quantum prediction accuracy: 0.00
2025-04-10 14:47:50,054 - Quantum Trading Bot - INFO - Sleeping for 60 seconds
2025-04-10 14:48:35,175 - Trading System - INFO - Trading Bot is alive: True
2025-04-10 14:48:35,177 - Trading System - INFO - Monitor Bot is alive: True
2025-04-10 14:48:35,177 - Trading System - INFO - Improvement Bot is alive: True
2025-04-10 14:48:50,055 - Quantum Trading Bot - INFO - Starting trading cycle
2025-04-10 14:48:50,058 - Quantum Trading Bot - INFO - Processing AAPL
2025-04-10 14:48:50,058 - Quantum Trading Bot - INFO - Mock halal compliance check for AAPL: COMPLIANT
2025-04-10 14:48:50,093 - Quantum Trading Bot - INFO - Quantum device error rate: 0.0444
2025-04-10 14:48:50,098 - Quantum Trading Bot - INFO - Quantum prediction for AAPL: 0.1070 (confidence: 0.9556)
2025-04-10 14:48:50,098 - Quantum Trading Bot - INFO - Trading signal for AAPL: 0.1070 (source: quantum)
2025-04-10 14:48:50,098 - Quantum Trading Bot - INFO - SELL signal for AAPL (score: 0.1070, source: quantum)
2025-04-10 14:48:50,102 - Quantum Trading Bot - WARNING - Cannot sell AAPL - no position
2025-04-10 14:48:50,103 - Quantum Trading Bot - INFO - Processing MSFT
2025-04-10 14:48:50,103 - Quantum Trading Bot - INFO - Mock halal compliance check for MSFT: COMPLIANT
2025-04-10 14:48:50,114 - Quantum Trading Bot - INFO - Quantum device error rate: 0.0351
2025-04-10 14:48:50,120 - Quantum Trading Bot - INFO - Quantum prediction for MSFT: 0.9330 (confidence: 0.9649)
2025-04-10 14:48:50,120 - Quantum Trading Bot - INFO - Trading signal for MSFT: 0.9330 (source: quantum)
2025-04-10 14:48:50,120 - Quantum Trading Bot - INFO - HOLD signal for MSFT (score: 0.9330, source: quantum)
2025-04-10 14:48:50,121 - Quantum Trading Bot - INFO - Processing NVDA
2025-04-10 14:48:50,121 - Quantum Trading Bot - INFO - Mock halal compliance check for NVDA: COMPLIANT
2025-04-10 14:48:50,130 - Quantum Trading Bot - INFO - Quantum device error rate: 0.0336
2025-04-10 14:48:50,134 - Quantum Trading Bot - INFO - Quantum prediction for NVDA: 0.4400 (confidence: 0.7731)
2025-04-10 14:48:50,135 - Quantum Trading Bot - INFO - Trading signal for NVDA: 0.4400 (source: quantum)
2025-04-10 14:48:50,135 - Quantum Trading Bot - INFO - HOLD signal for NVDA (score: 0.4400, source: quantum)
2025-04-10 14:48:50,155 - Quantum Trading Bot - INFO - Performance metrics saved: 40/72 winning trades
2025-04-10 14:48:50,155 - Quantum Trading Bot - INFO - Quantum prediction accuracy: 0.00
2025-04-10 14:48:50,156 - Quantum Trading Bot - INFO - Sleeping for 60 seconds
2025-04-10 14:49:35,184 - Trading System - INFO - Trading Bot is alive: True
2025-04-10 14:49:35,187 - Trading System - INFO - Monitor Bot is alive: True
2025-04-10 14:49:35,187 - Trading System - INFO - Improvement Bot is alive: True
2025-04-10 14:49:50,159 - Quantum Trading Bot - INFO - Starting trading cycle
2025-04-10 14:49:50,161 - Quantum Trading Bot - INFO - Processing AAPL
2025-04-10 14:49:50,162 - Quantum Trading Bot - INFO - Mock halal compliance check for AAPL: COMPLIANT
2025-04-10 14:49:50,217 - Quantum Trading Bot - INFO - Quantum device error rate: 0.0306
2025-04-10 14:49:50,222 - Quantum Trading Bot - INFO - Quantum prediction for AAPL: 0.5890 (confidence: 0.7755)
2025-04-10 14:49:50,222 - Quantum Trading Bot - INFO - Trading signal for AAPL: 0.5890 (source: quantum)
2025-04-10 14:49:50,222 - Quantum Trading Bot - INFO - HOLD signal for AAPL (score: 0.5890, source: quantum)
2025-04-10 14:49:50,224 - Quantum Trading Bot - INFO - Processing MSFT
2025-04-10 14:49:50,224 - Quantum Trading Bot - INFO - Mock halal compliance check for MSFT: COMPLIANT
2025-04-10 14:49:50,231 - Quantum Trading Bot - INFO - Quantum device error rate: 0.0318
2025-04-10 14:49:50,234 - Quantum Trading Bot - INFO - Quantum prediction for MSFT: 0.4550 (confidence: 0.7746)
2025-04-10 14:49:50,235 - Quantum Trading Bot - INFO - Trading signal for MSFT: 0.4550 (source: quantum)
2025-04-10 14:49:50,235 - Quantum Trading Bot - INFO - HOLD signal for MSFT (score: 0.4550, source: quantum)
2025-04-10 14:49:50,236 - Quantum Trading Bot - INFO - Processing NVDA
2025-04-10 14:49:50,236 - Quantum Trading Bot - INFO - Mock halal compliance check for NVDA: COMPLIANT
2025-04-10 14:49:50,243 - Quantum Trading Bot - INFO - Quantum device error rate: 0.0318
2025-04-10 14:49:50,245 - Quantum Trading Bot - INFO - Quantum prediction for NVDA: 0.8740 (confidence: 0.9682)
2025-04-10 14:49:50,245 - Quantum Trading Bot - INFO - Trading signal for NVDA: 0.8740 (source: quantum)
2025-04-10 14:49:50,245 - Quantum Trading Bot - INFO - HOLD signal for NVDA (score: 0.8740, source: quantum)
2025-04-10 14:49:50,256 - Quantum Trading Bot - INFO - Performance metrics saved: 40/72 winning trades
2025-04-10 14:49:50,256 - Quantum Trading Bot - INFO - Quantum prediction accuracy: 0.00
2025-04-10 14:49:50,256 - Quantum Trading Bot - INFO - Sleeping for 60 seconds
2025-04-10 14:50:35,188 - Trading System - INFO - Trading Bot is alive: True
2025-04-10 14:50:35,190 - Trading System - INFO - Monitor Bot is alive: True
2025-04-10 14:50:35,190 - Trading System - INFO - Improvement Bot is alive: True
2025-04-10 14:50:50,256 - Quantum Trading Bot - INFO - Starting trading cycle
2025-04-10 14:50:50,257 - Quantum Trading Bot - INFO - Processing AAPL
2025-04-10 14:50:50,257 - Quantum Trading Bot - INFO - Mock halal compliance check for AAPL: COMPLIANT
2025-04-10 14:50:50,299 - Quantum Trading Bot - INFO - Quantum device error rate: 0.0339
2025-04-10 14:50:50,309 - Quantum Trading Bot - INFO - Quantum prediction for AAPL: 0.8270 (confidence: 0.9661)
2025-04-10 14:50:50,309 - Quantum Trading Bot - INFO - Trading signal for AAPL: 0.8270 (source: quantum)
2025-04-10 14:50:50,309 - Quantum Trading Bot - INFO - HOLD signal for AAPL (score: 0.8270, source: quantum)
2025-04-10 14:50:50,311 - Quantum Trading Bot - INFO - Processing MSFT
2025-04-10 14:50:50,311 - Quantum Trading Bot - INFO - Mock halal compliance check for MSFT: COMPLIANT
2025-04-10 14:50:50,327 - Quantum Trading Bot - INFO - Quantum device error rate: 0.0414
2025-04-10 14:50:50,331 - Quantum Trading Bot - INFO - Quantum prediction for MSFT: 0.6430 (confidence: 0.9586)
2025-04-10 14:50:50,332 - Quantum Trading Bot - INFO - Trading signal for MSFT: 0.6430 (source: quantum)
2025-04-10 14:50:50,332 - Quantum Trading Bot - INFO - HOLD signal for MSFT (score: 0.6430, source: quantum)
2025-04-10 14:50:50,334 - Quantum Trading Bot - INFO - Processing NVDA
2025-04-10 14:50:50,334 - Quantum Trading Bot - INFO - Mock halal compliance check for NVDA: COMPLIANT
2025-04-10 14:50:50,351 - Quantum Trading Bot - INFO - Quantum device error rate: 0.0366
2025-04-10 14:50:50,355 - Quantum Trading Bot - INFO - Quantum prediction for NVDA: 0.7560 (confidence: 0.9634)
2025-04-10 14:50:50,355 - Quantum Trading Bot - INFO - Trading signal for NVDA: 0.7560 (source: quantum)
2025-04-10 14:50:50,356 - Quantum Trading Bot - INFO - HOLD signal for NVDA (score: 0.7560, source: quantum)
2025-04-10 14:50:50,372 - Quantum Trading Bot - INFO - Performance metrics saved: 40/72 winning trades
2025-04-10 14:50:50,372 - Quantum Trading Bot - INFO - Quantum prediction accuracy: 0.00
2025-04-10 14:50:50,372 - Quantum Trading Bot - INFO - Sleeping for 60 seconds
2025-04-10 14:51:35,195 - Trading System - INFO - Trading Bot is alive: True
2025-04-10 14:51:35,198 - Trading System - INFO - Monitor Bot is alive: True
2025-04-10 14:51:35,198 - Trading System - INFO - Improvement Bot is alive: True
2025-04-10 14:51:50,372 - Quantum Trading Bot - INFO - Starting trading cycle
2025-04-10 14:51:50,374 - Quantum Trading Bot - INFO - Processing AAPL
2025-04-10 14:51:50,374 - Quantum Trading Bot - INFO - Mock halal compliance check for AAPL: COMPLIANT
2025-04-10 14:51:50,410 - Quantum Trading Bot - INFO - Quantum device error rate: 0.0471
2025-04-10 14:51:50,416 - Quantum Trading Bot - INFO - Quantum prediction for AAPL: 0.4700 (confidence: 0.7623)
2025-04-10 14:51:50,416 - Quantum Trading Bot - INFO - Trading signal for AAPL: 0.4700 (source: quantum)
2025-04-10 14:51:50,416 - Quantum Trading Bot - INFO - HOLD signal for AAPL (score: 0.4700, source: quantum)
2025-04-10 14:51:50,417 - Quantum Trading Bot - INFO - Processing MSFT
2025-04-10 14:51:50,417 - Quantum Trading Bot - INFO - Mock halal compliance check for MSFT: COMPLIANT
2025-04-10 14:51:50,429 - Quantum Trading Bot - INFO - Quantum device error rate: 0.0483
2025-04-10 14:51:50,433 - Quantum Trading Bot - INFO - Quantum prediction for MSFT: 0.4140 (confidence: 0.7614)
2025-04-10 14:51:50,433 - Quantum Trading Bot - INFO - Trading signal for MSFT: 0.4140 (source: quantum)
2025-04-10 14:51:50,433 - Quantum Trading Bot - INFO - HOLD signal for MSFT (score: 0.4140, source: quantum)
2025-04-10 14:51:50,434 - Quantum Trading Bot - INFO - Processing NVDA
2025-04-10 14:51:50,434 - Quantum Trading Bot - INFO - Mock halal compliance check for NVDA: COMPLIANT
2025-04-10 14:51:50,447 - Quantum Trading Bot - INFO - Quantum device error rate: 0.0435
2025-04-10 14:51:50,450 - Quantum Trading Bot - INFO - Quantum prediction for NVDA: 0.3020 (confidence: 0.9565)
2025-04-10 14:51:50,451 - Quantum Trading Bot - INFO - Trading signal for NVDA: 0.3020 (source: quantum)
2025-04-10 14:51:50,451 - Quantum Trading Bot - INFO - HOLD signal for NVDA (score: 0.3020, source: quantum)
2025-04-10 14:51:50,464 - Quantum Trading Bot - INFO - Performance metrics saved: 40/72 winning trades
2025-04-10 14:51:50,464 - Quantum Trading Bot - INFO - Quantum prediction accuracy: 0.00
2025-04-10 14:51:50,464 - Quantum Trading Bot - INFO - Sleeping for 60 seconds
2025-04-10 14:52:35,203 - Trading System - INFO - Trading Bot is alive: True
2025-04-10 14:52:35,205 - Trading System - INFO - Monitor Bot is alive: True
2025-04-10 14:52:35,205 - Trading System - INFO - Improvement Bot is alive: True
2025-04-10 14:52:50,467 - Quantum Trading Bot - INFO - Starting trading cycle
2025-04-10 14:52:50,474 - Quantum Trading Bot - INFO - Processing AAPL
2025-04-10 14:52:50,474 - Quantum Trading Bot - INFO - Mock halal compliance check for AAPL: COMPLIANT
2025-04-10 14:52:50,505 - Quantum Trading Bot - INFO - Quantum device error rate: 0.0420
2025-04-10 14:52:50,512 - Quantum Trading Bot - INFO - Quantum prediction for AAPL: 0.6880 (confidence: 0.9580)
2025-04-10 14:52:50,512 - Quantum Trading Bot - INFO - Trading signal for AAPL: 0.6880 (source: quantum)
2025-04-10 14:52:50,512 - Quantum Trading Bot - INFO - HOLD signal for AAPL (score: 0.6880, source: quantum)
2025-04-10 14:52:50,515 - Quantum Trading Bot - INFO - Processing MSFT
2025-04-10 14:52:50,515 - Quantum Trading Bot - INFO - Mock halal compliance check for MSFT: COMPLIANT
2025-04-10 14:52:50,527 - Quantum Trading Bot - INFO - Quantum device error rate: 0.0342
2025-04-10 14:52:50,530 - Quantum Trading Bot - INFO - Quantum prediction for MSFT: 0.5590 (confidence: 0.7726)
2025-04-10 14:52:50,530 - Quantum Trading Bot - INFO - Trading signal for MSFT: 0.5590 (source: quantum)
2025-04-10 14:52:50,530 - Quantum Trading Bot - INFO - HOLD signal for MSFT (score: 0.5590, source: quantum)
2025-04-10 14:52:50,531 - Quantum Trading Bot - INFO - Processing NVDA
2025-04-10 14:52:50,531 - Quantum Trading Bot - INFO - Mock halal compliance check for NVDA: COMPLIANT
2025-04-10 14:52:50,539 - Quantum Trading Bot - INFO - Quantum device error rate: 0.0381
2025-04-10 14:52:50,542 - Quantum Trading Bot - INFO - Quantum prediction for NVDA: 0.4360 (confidence: 0.7695)
2025-04-10 14:52:50,542 - Quantum Trading Bot - INFO - Trading signal for NVDA: 0.4360 (source: quantum)
2025-04-10 14:52:50,542 - Quantum Trading Bot - INFO - HOLD signal for NVDA (score: 0.4360, source: quantum)
2025-04-10 14:52:50,554 - Quantum Trading Bot - INFO - Performance metrics saved: 40/72 winning trades
2025-04-10 14:52:50,554 - Quantum Trading Bot - INFO - Quantum prediction accuracy: 0.00
2025-04-10 14:52:50,554 - Quantum Trading Bot - INFO - Sleeping for 60 seconds
2025-04-10 14:53:35,210 - Trading System - INFO - Trading Bot is alive: True
2025-04-10 14:53:35,213 - Trading System - INFO - Monitor Bot is alive: True
2025-04-10 14:53:35,213 - Trading System - INFO - Improvement Bot is alive: True
2025-04-10 14:53:50,555 - Quantum Trading Bot - INFO - Starting trading cycle
2025-04-10 14:53:50,559 - Quantum Trading Bot - INFO - Processing AAPL
2025-04-10 14:53:50,560 - Quantum Trading Bot - INFO - Mock halal compliance check for AAPL: COMPLIANT
2025-04-10 14:53:50,587 - Quantum Trading Bot - INFO - Quantum device error rate: 0.0231
2025-04-10 14:53:50,594 - Quantum Trading Bot - INFO - Quantum prediction for AAPL: 0.5060 (confidence: 0.7815)
2025-04-10 14:53:50,594 - Quantum Trading Bot - INFO - Trading signal for AAPL: 0.5060 (source: quantum)
2025-04-10 14:53:50,594 - Quantum Trading Bot - INFO - HOLD signal for AAPL (score: 0.5060, source: quantum)
2025-04-10 14:53:50,596 - Quantum Trading Bot - INFO - Processing MSFT
2025-04-10 14:53:50,596 - Quantum Trading Bot - INFO - Mock halal compliance check for MSFT: COMPLIANT
2025-04-10 14:53:50,607 - Quantum Trading Bot - INFO - Quantum device error rate: 0.0420
2025-04-10 14:53:50,609 - Quantum Trading Bot - INFO - Quantum prediction for MSFT: 0.3490 (confidence: 0.9580)
2025-04-10 14:53:50,610 - Quantum Trading Bot - INFO - Trading signal for MSFT: 0.3490 (source: quantum)
2025-04-10 14:53:50,610 - Quantum Trading Bot - INFO - HOLD signal for MSFT (score: 0.3490, source: quantum)
2025-04-10 14:53:50,611 - Quantum Trading Bot - INFO - Processing NVDA
2025-04-10 14:53:50,611 - Quantum Trading Bot - INFO - Mock halal compliance check for NVDA: COMPLIANT
2025-04-10 14:53:50,618 - Quantum Trading Bot - INFO - Quantum device error rate: 0.0354
2025-04-10 14:53:50,637 - Quantum Trading Bot - INFO - Quantum prediction for NVDA: 0.8290 (confidence: 0.9646)
2025-04-10 14:53:50,637 - Quantum Trading Bot - INFO - Trading signal for NVDA: 0.8290 (source: quantum)
2025-04-10 14:53:50,637 - Quantum Trading Bot - INFO - HOLD signal for NVDA (score: 0.8290, source: quantum)
2025-04-10 14:53:50,649 - Quantum Trading Bot - INFO - Performance metrics saved: 40/72 winning trades
2025-04-10 14:53:50,649 - Quantum Trading Bot - INFO - Quantum prediction accuracy: 0.00
2025-04-10 14:53:50,649 - Quantum Trading Bot - INFO - Sleeping for 60 seconds
2025-04-10 14:54:35,217 - Trading System - INFO - Trading Bot is alive: True
2025-04-10 14:54:35,219 - Trading System - INFO - Monitor Bot is alive: True
2025-04-10 14:54:35,219 - Trading System - INFO - Improvement Bot is alive: True
2025-04-10 14:54:50,665 - Quantum Trading Bot - INFO - Starting trading cycle
2025-04-10 14:54:50,704 - Quantum Trading Bot - INFO - Processing AAPL
2025-04-10 14:54:50,709 - Quantum Trading Bot - INFO - Mock halal compliance check for AAPL: COMPLIANT
2025-04-10 14:54:51,434 - Quantum Trading Bot - INFO - Quantum device error rate: 0.0354
2025-04-10 14:54:51,540 - Quantum Trading Bot - INFO - Quantum prediction for AAPL: 0.4340 (confidence: 0.7717)
2025-04-10 14:54:51,541 - Quantum Trading Bot - INFO - Trading signal for AAPL: 0.4340 (source: quantum)
2025-04-10 14:54:51,541 - Quantum Trading Bot - INFO - HOLD signal for AAPL (score: 0.4340, source: quantum)
2025-04-10 14:54:51,549 - Quantum Trading Bot - INFO - Processing MSFT
2025-04-10 14:54:51,549 - Quantum Trading Bot - INFO - Mock halal compliance check for MSFT: COMPLIANT
2025-04-10 14:54:51,672 - Quantum Trading Bot - INFO - Quantum device error rate: 0.0261
2025-04-10 14:54:51,701 - Quantum Trading Bot - INFO - Quantum prediction for MSFT: 0.9340 (confidence: 0.9739)
2025-04-10 14:54:51,701 - Quantum Trading Bot - INFO - Trading signal for MSFT: 0.9340 (source: quantum)
2025-04-10 14:54:51,701 - Quantum Trading Bot - INFO - HOLD signal for MSFT (score: 0.9340, source: quantum)
2025-04-10 14:54:51,718 - Quantum Trading Bot - INFO - Processing NVDA
2025-04-10 14:54:51,718 - Quantum Trading Bot - INFO - Mock halal compliance check for NVDA: COMPLIANT
2025-04-10 14:54:51,761 - Quantum Trading Bot - INFO - Quantum device error rate: 0.0453
2025-04-10 14:54:51,791 - Quantum Trading Bot - INFO - Quantum prediction for NVDA: 0.0220 (confidence: 0.9547)
2025-04-10 14:54:51,791 - Quantum Trading Bot - INFO - Trading signal for NVDA: 0.0220 (source: quantum)
2025-04-10 14:54:51,791 - Quantum Trading Bot - INFO - SELL signal for NVDA (score: 0.0220, source: quantum)
2025-04-10 14:54:51,857 - Quantum Trading Bot - WARNING - Cannot sell NVDA - no position
2025-04-10 14:54:51,948 - Quantum Trading Bot - INFO - Performance metrics saved: 40/72 winning trades
2025-04-10 14:54:51,948 - Quantum Trading Bot - INFO - Quantum prediction accuracy: 0.00
2025-04-10 14:54:51,949 - Quantum Trading Bot - INFO - Sleeping for 60 seconds
2025-04-10 14:55:35,223 - Trading System - INFO - Trading Bot is alive: True
2025-04-10 14:55:35,225 - Trading System - INFO - Monitor Bot is alive: True
2025-04-10 14:55:35,225 - Trading System - INFO - Improvement Bot is alive: True
2025-04-10 14:55:51,954 - Quantum Trading Bot - INFO - Starting trading cycle
2025-04-10 14:55:51,957 - Quantum Trading Bot - INFO - Processing AAPL
2025-04-10 14:55:51,958 - Quantum Trading Bot - INFO - Mock halal compliance check for AAPL: COMPLIANT
2025-04-10 14:55:51,984 - Quantum Trading Bot - INFO - Quantum device error rate: 0.0576
2025-04-10 14:55:51,995 - Quantum Trading Bot - INFO - Quantum prediction for AAPL: 0.4670 (confidence: 0.7539)
2025-04-10 14:55:51,995 - Quantum Trading Bot - INFO - Trading signal for AAPL: 0.4670 (source: quantum)
2025-04-10 14:55:51,995 - Quantum Trading Bot - INFO - HOLD signal for AAPL (score: 0.4670, source: quantum)
2025-04-10 14:55:51,998 - Quantum Trading Bot - INFO - Processing MSFT
2025-04-10 14:55:51,998 - Quantum Trading Bot - INFO - Mock halal compliance check for MSFT: COMPLIANT
2025-04-10 14:55:52,007 - Quantum Trading Bot - INFO - Quantum device error rate: 0.0468
2025-04-10 14:55:52,011 - Quantum Trading Bot - INFO - Quantum prediction for MSFT: 0.7580 (confidence: 0.9532)
2025-04-10 14:55:52,011 - Quantum Trading Bot - INFO - Trading signal for MSFT: 0.7580 (source: quantum)
2025-04-10 14:55:52,011 - Quantum Trading Bot - INFO - HOLD signal for MSFT (score: 0.7580, source: quantum)
2025-04-10 14:55:52,012 - Quantum Trading Bot - INFO - Processing NVDA
2025-04-10 14:55:52,012 - Quantum Trading Bot - INFO - Mock halal compliance check for NVDA: COMPLIANT
2025-04-10 14:55:52,021 - Quantum Trading Bot - INFO - Quantum device error rate: 0.0294
2025-04-10 14:55:52,024 - Quantum Trading Bot - INFO - Quantum prediction for NVDA: 0.6350 (confidence: 0.9706)
2025-04-10 14:55:52,024 - Quantum Trading Bot - INFO - Trading signal for NVDA: 0.6350 (source: quantum)
2025-04-10 14:55:52,024 - Quantum Trading Bot - INFO - HOLD signal for NVDA (score: 0.6350, source: quantum)
2025-04-10 14:55:52,036 - Quantum Trading Bot - INFO - Performance metrics saved: 40/72 winning trades
2025-04-10 14:55:52,036 - Quantum Trading Bot - INFO - Quantum prediction accuracy: 0.00
2025-04-10 14:55:52,036 - Quantum Trading Bot - INFO - Sleeping for 60 seconds
2025-04-10 14:56:35,230 - Trading System - INFO - Trading Bot is alive: True
2025-04-10 14:56:35,232 - Trading System - INFO - Monitor Bot is alive: True
2025-04-10 14:56:35,232 - Trading System - INFO - Improvement Bot is alive: True
2025-04-10 14:56:52,040 - Quantum Trading Bot - INFO - Starting trading cycle
2025-04-10 14:56:52,042 - Quantum Trading Bot - INFO - Processing AAPL
2025-04-10 14:56:52,042 - Quantum Trading Bot - INFO - Mock halal compliance check for AAPL: COMPLIANT
2025-04-10 14:56:52,064 - Quantum Trading Bot - INFO - Quantum device error rate: 0.0477
2025-04-10 14:56:52,068 - Quantum Trading Bot - INFO - Quantum prediction for AAPL: 0.4960 (confidence: 0.7618)
2025-04-10 14:56:52,069 - Quantum Trading Bot - INFO - Trading signal for AAPL: 0.4960 (source: quantum)
2025-04-10 14:56:52,069 - Quantum Trading Bot - INFO - HOLD signal for AAPL (score: 0.4960, source: quantum)
2025-04-10 14:56:52,070 - Quantum Trading Bot - INFO - Processing MSFT
2025-04-10 14:56:52,070 - Quantum Trading Bot - INFO - Mock halal compliance check for MSFT: COMPLIANT
2025-04-10 14:56:52,079 - Quantum Trading Bot - INFO - Quantum device error rate: 0.0312
2025-04-10 14:56:52,082 - Quantum Trading Bot - INFO - Quantum prediction for MSFT: 0.1960 (confidence: 0.9688)
2025-04-10 14:56:52,082 - Quantum Trading Bot - INFO - Trading signal for MSFT: 0.1960 (source: quantum)
2025-04-10 14:56:52,082 - Quantum Trading Bot - INFO - SELL signal for MSFT (score: 0.1960, source: quantum)
2025-04-10 14:56:52,085 - Quantum Trading Bot - WARNING - Cannot sell MSFT - no position
2025-04-10 14:56:52,088 - Quantum Trading Bot - INFO - Processing NVDA
2025-04-10 14:56:52,088 - Quantum Trading Bot - INFO - Mock halal compliance check for NVDA: COMPLIANT
2025-04-10 14:56:52,108 - Quantum Trading Bot - INFO - Quantum device error rate: 0.0522
2025-04-10 14:56:52,129 - Quantum Trading Bot - INFO - Quantum prediction for NVDA: 0.6253 (confidence: 0.9478)
2025-04-10 14:56:52,129 - Quantum Trading Bot - INFO - Trading signal for NVDA: 0.6253 (source: quantum)
2025-04-10 14:56:52,129 - Quantum Trading Bot - INFO - HOLD signal for NVDA (score: 0.6253, source: quantum)
2025-04-10 14:56:52,147 - Quantum Trading Bot - INFO - Performance metrics saved: 40/72 winning trades
2025-04-10 14:56:52,147 - Quantum Trading Bot - INFO - Quantum prediction accuracy: 0.00
2025-04-10 14:56:52,147 - Quantum Trading Bot - INFO - Sleeping for 60 seconds
2025-04-10 14:57:35,241 - Trading System - INFO - Trading Bot is alive: True
2025-04-10 14:57:35,252 - Trading System - INFO - Monitor Bot is alive: True
2025-04-10 14:57:35,252 - Trading System - INFO - Improvement Bot is alive: True
2025-04-10 14:57:52,148 - Quantum Trading Bot - INFO - Starting trading cycle
2025-04-10 14:57:52,153 - Quantum Trading Bot - INFO - Processing AAPL
2025-04-10 14:57:52,153 - Quantum Trading Bot - INFO - Mock halal compliance check for AAPL: COMPLIANT
2025-04-10 14:57:52,183 - Quantum Trading Bot - INFO - Quantum device error rate: 0.0366
2025-04-10 14:57:52,188 - Quantum Trading Bot - INFO - Quantum prediction for AAPL: 0.5110 (confidence: 0.7707)
2025-04-10 14:57:52,188 - Quantum Trading Bot - INFO - Trading signal for AAPL: 0.5110 (source: quantum)
2025-04-10 14:57:52,188 - Quantum Trading Bot - INFO - HOLD signal for AAPL (score: 0.5110, source: quantum)
2025-04-10 14:57:52,189 - Quantum Trading Bot - INFO - Processing MSFT
2025-04-10 14:57:52,189 - Quantum Trading Bot - INFO - Mock halal compliance check for MSFT: COMPLIANT
2025-04-10 14:57:52,199 - Quantum Trading Bot - INFO - Quantum device error rate: 0.0363
2025-04-10 14:57:52,202 - Quantum Trading Bot - INFO - Quantum prediction for MSFT: 0.4570 (confidence: 0.7710)
2025-04-10 14:57:52,202 - Quantum Trading Bot - INFO - Trading signal for MSFT: 0.4570 (source: quantum)
2025-04-10 14:57:52,202 - Quantum Trading Bot - INFO - HOLD signal for MSFT (score: 0.4570, source: quantum)
2025-04-10 14:57:52,204 - Quantum Trading Bot - INFO - Processing NVDA
2025-04-10 14:57:52,204 - Quantum Trading Bot - INFO - Mock halal compliance check for NVDA: COMPLIANT
2025-04-10 14:57:52,212 - Quantum Trading Bot - INFO - Quantum device error rate: 0.0480
2025-04-10 14:57:52,215 - Quantum Trading Bot - INFO - Quantum prediction for NVDA: 0.4430 (confidence: 0.7616)
2025-04-10 14:57:52,215 - Quantum Trading Bot - INFO - Trading signal for NVDA: 0.4430 (source: quantum)
2025-04-10 14:57:52,215 - Quantum Trading Bot - INFO - HOLD signal for NVDA (score: 0.4430, source: quantum)
2025-04-10 14:57:52,226 - Quantum Trading Bot - INFO - Performance metrics saved: 40/72 winning trades
2025-04-10 14:57:52,226 - Quantum Trading Bot - INFO - Quantum prediction accuracy: 0.00
2025-04-10 14:57:52,226 - Quantum Trading Bot - INFO - Sleeping for 60 seconds
2025-04-10 14:58:35,254 - Trading System - INFO - Trading Bot is alive: True
2025-04-10 14:58:35,256 - Trading System - INFO - Monitor Bot is alive: True
2025-04-10 14:58:35,256 - Trading System - INFO - Improvement Bot is alive: True
2025-04-10 14:58:52,231 - Quantum Trading Bot - INFO - Starting trading cycle
2025-04-10 14:58:52,233 - Quantum Trading Bot - INFO - Processing AAPL
2025-04-10 14:58:52,233 - Quantum Trading Bot - INFO - Mock halal compliance check for AAPL: COMPLIANT
2025-04-10 14:58:52,261 - Quantum Trading Bot - INFO - Quantum device error rate: 0.0426
2025-04-10 14:58:52,266 - Quantum Trading Bot - INFO - Quantum prediction for AAPL: 0.7240 (confidence: 0.9574)
2025-04-10 14:58:52,266 - Quantum Trading Bot - INFO - Trading signal for AAPL: 0.7240 (source: quantum)
2025-04-10 14:58:52,266 - Quantum Trading Bot - INFO - HOLD signal for AAPL (score: 0.7240, source: quantum)
2025-04-10 14:58:52,268 - Quantum Trading Bot - INFO - Processing MSFT
2025-04-10 14:58:52,268 - Quantum Trading Bot - INFO - Mock halal compliance check for MSFT: COMPLIANT
2025-04-10 14:58:52,276 - Quantum Trading Bot - INFO - Quantum device error rate: 0.0477
2025-04-10 14:58:52,279 - Quantum Trading Bot - INFO - Quantum prediction for MSFT: 0.1810 (confidence: 0.9523)
2025-04-10 14:58:52,279 - Quantum Trading Bot - INFO - Trading signal for MSFT: 0.1810 (source: quantum)
2025-04-10 14:58:52,279 - Quantum Trading Bot - INFO - SELL signal for MSFT (score: 0.1810, source: quantum)
2025-04-10 14:58:52,280 - Quantum Trading Bot - WARNING - Cannot sell MSFT - no position
2025-04-10 14:58:52,282 - Quantum Trading Bot - INFO - Processing NVDA
2025-04-10 14:58:52,282 - Quantum Trading Bot - INFO - Mock halal compliance check for NVDA: COMPLIANT
2025-04-10 14:58:52,292 - Quantum Trading Bot - INFO - Quantum device error rate: 0.0468
2025-04-10 14:58:52,296 - Quantum Trading Bot - INFO - Quantum prediction for NVDA: 0.8870 (confidence: 0.9532)
2025-04-10 14:58:52,296 - Quantum Trading Bot - INFO - Trading signal for NVDA: 0.8870 (source: quantum)
2025-04-10 14:58:52,296 - Quantum Trading Bot - INFO - HOLD signal for NVDA (score: 0.8870, source: quantum)
2025-04-10 14:58:52,306 - Quantum Trading Bot - INFO - Performance metrics saved: 40/72 winning trades
2025-04-10 14:58:52,306 - Quantum Trading Bot - INFO - Quantum prediction accuracy: 0.00
2025-04-10 14:58:52,306 - Quantum Trading Bot - INFO - Sleeping for 60 seconds
2025-04-10 14:59:35,263 - Trading System - INFO - Trading Bot is alive: True
2025-04-10 14:59:35,270 - Trading System - INFO - Monitor Bot is alive: True
2025-04-10 14:59:35,270 - Trading System - INFO - Improvement Bot is alive: True
2025-04-10 14:59:52,309 - Quantum Trading Bot - INFO - Starting trading cycle
2025-04-10 14:59:52,311 - Quantum Trading Bot - INFO - Processing AAPL
2025-04-10 14:59:52,311 - Quantum Trading Bot - INFO - Mock halal compliance check for AAPL: COMPLIANT
2025-04-10 14:59:52,337 - Quantum Trading Bot - INFO - Quantum device error rate: 0.0417
2025-04-10 14:59:52,343 - Quantum Trading Bot - INFO - Quantum prediction for AAPL: 0.6110 (confidence: 0.9583)
2025-04-10 14:59:52,343 - Quantum Trading Bot - INFO - Trading signal for AAPL: 0.6110 (source: quantum)
2025-04-10 14:59:52,344 - Quantum Trading Bot - INFO - HOLD signal for AAPL (score: 0.6110, source: quantum)
2025-04-10 14:59:52,345 - Quantum Trading Bot - INFO - Processing MSFT
2025-04-10 14:59:52,345 - Quantum Trading Bot - INFO - Mock halal compliance check for MSFT: COMPLIANT
2025-04-10 14:59:52,354 - Quantum Trading Bot - INFO - Quantum device error rate: 0.0435
2025-04-10 14:59:52,357 - Quantum Trading Bot - INFO - Quantum prediction for MSFT: 0.4800 (confidence: 0.7652)
2025-04-10 14:59:52,357 - Quantum Trading Bot - INFO - Trading signal for MSFT: 0.4800 (source: quantum)
2025-04-10 14:59:52,357 - Quantum Trading Bot - INFO - HOLD signal for MSFT (score: 0.4800, source: quantum)
2025-04-10 14:59:52,359 - Quantum Trading Bot - INFO - Processing NVDA
2025-04-10 14:59:52,359 - Quantum Trading Bot - INFO - Mock halal compliance check for NVDA: COMPLIANT
2025-04-10 14:59:52,367 - Quantum Trading Bot - INFO - Quantum device error rate: 0.0393
2025-04-10 14:59:52,370 - Quantum Trading Bot - INFO - Quantum prediction for NVDA: 0.5720 (confidence: 0.7686)
2025-04-10 14:59:52,371 - Quantum Trading Bot - INFO - Trading signal for NVDA: 0.5720 (source: quantum)
2025-04-10 14:59:52,371 - Quantum Trading Bot - INFO - HOLD signal for NVDA (score: 0.5720, source: quantum)
2025-04-10 14:59:52,381 - Quantum Trading Bot - INFO - Performance metrics saved: 40/72 winning trades
2025-04-10 14:59:52,382 - Quantum Trading Bot - INFO - Quantum prediction accuracy: 0.00
2025-04-10 14:59:52,382 - Quantum Trading Bot - INFO - Sleeping for 60 seconds
2025-04-10 15:00:35,273 - Trading System - INFO - Trading Bot is alive: True
2025-04-10 15:00:35,275 - Trading System - INFO - Monitor Bot is alive: True
2025-04-10 15:00:35,275 - Trading System - INFO - Improvement Bot is alive: True
2025-04-10 15:00:52,386 - Quantum Trading Bot - INFO - Starting trading cycle
2025-04-10 15:00:52,387 - Quantum Trading Bot - INFO - Processing AAPL
2025-04-10 15:00:52,387 - Quantum Trading Bot - INFO - Mock halal compliance check for AAPL: COMPLIANT
2025-04-10 15:00:52,406 - Quantum Trading Bot - INFO - Quantum device error rate: 0.0309
2025-04-10 15:00:52,413 - Quantum Trading Bot - INFO - Quantum prediction for AAPL: 0.6370 (confidence: 0.9691)
2025-04-10 15:00:52,413 - Quantum Trading Bot - INFO - Trading signal for AAPL: 0.6370 (source: quantum)
2025-04-10 15:00:52,413 - Quantum Trading Bot - INFO - HOLD signal for AAPL (score: 0.6370, source: quantum)
2025-04-10 15:00:52,415 - Quantum Trading Bot - INFO - Processing MSFT
2025-04-10 15:00:52,416 - Quantum Trading Bot - INFO - Mock halal compliance check for MSFT: COMPLIANT
2025-04-10 15:00:52,424 - Quantum Trading Bot - INFO - Quantum device error rate: 0.0519
2025-04-10 15:00:52,432 - Quantum Trading Bot - INFO - Quantum prediction for MSFT: 0.4435 (confidence: 0.7585)
2025-04-10 15:00:52,432 - Quantum Trading Bot - INFO - Trading signal for MSFT: 0.4435 (source: quantum)
2025-04-10 15:00:52,432 - Quantum Trading Bot - INFO - HOLD signal for MSFT (score: 0.4435, source: quantum)
2025-04-10 15:00:52,434 - Quantum Trading Bot - INFO - Processing NVDA
2025-04-10 15:00:52,434 - Quantum Trading Bot - INFO - Mock halal compliance check for NVDA: COMPLIANT
2025-04-10 15:00:52,442 - Quantum Trading Bot - INFO - Quantum device error rate: 0.0312
2025-04-10 15:00:52,444 - Quantum Trading Bot - INFO - Quantum prediction for NVDA: 0.1350 (confidence: 0.9688)
2025-04-10 15:00:52,445 - Quantum Trading Bot - INFO - Trading signal for NVDA: 0.1350 (source: quantum)
2025-04-10 15:00:52,445 - Quantum Trading Bot - INFO - SELL signal for NVDA (score: 0.1350, source: quantum)
2025-04-10 15:00:52,447 - Quantum Trading Bot - WARNING - Cannot sell NVDA - no position
2025-04-10 15:00:52,460 - Quantum Trading Bot - INFO - Performance metrics saved: 40/72 winning trades
2025-04-10 15:00:52,460 - Quantum Trading Bot - INFO - Quantum prediction accuracy: 0.00
2025-04-10 15:00:52,460 - Quantum Trading Bot - INFO - Sleeping for 60 seconds
2025-04-10 15:01:35,282 - Trading System - INFO - Trading Bot is alive: True
2025-04-10 15:01:35,286 - Trading System - INFO - Monitor Bot is alive: True
2025-04-10 15:01:35,286 - Trading System - INFO - Improvement Bot is alive: True
2025-04-10 15:01:52,462 - Quantum Trading Bot - INFO - Starting trading cycle
2025-04-10 15:01:52,463 - Quantum Trading Bot - INFO - Processing AAPL
2025-04-10 15:01:52,463 - Quantum Trading Bot - INFO - Mock halal compliance check for AAPL: COMPLIANT
2025-04-10 15:01:52,503 - Quantum Trading Bot - INFO - Quantum device error rate: 0.0393
2025-04-10 15:01:52,508 - Quantum Trading Bot - INFO - Quantum prediction for AAPL: 0.6290 (confidence: 0.9607)
2025-04-10 15:01:52,508 - Quantum Trading Bot - INFO - Trading signal for AAPL: 0.6290 (source: quantum)
2025-04-10 15:01:52,508 - Quantum Trading Bot - INFO - HOLD signal for AAPL (score: 0.6290, source: quantum)
2025-04-10 15:01:52,510 - Quantum Trading Bot - INFO - Processing MSFT
2025-04-10 15:01:52,510 - Quantum Trading Bot - INFO - Mock halal compliance check for MSFT: COMPLIANT
2025-04-10 15:01:52,519 - Quantum Trading Bot - INFO - Quantum device error rate: 0.0438
2025-04-10 15:01:52,522 - Quantum Trading Bot - INFO - Quantum prediction for MSFT: 0.6560 (confidence: 0.9562)
2025-04-10 15:01:52,522 - Quantum Trading Bot - INFO - Trading signal for MSFT: 0.6560 (source: quantum)
2025-04-10 15:01:52,522 - Quantum Trading Bot - INFO - HOLD signal for MSFT (score: 0.6560, source: quantum)
2025-04-10 15:01:52,523 - Quantum Trading Bot - INFO - Processing NVDA
2025-04-10 15:01:52,524 - Quantum Trading Bot - INFO - Mock halal compliance check for NVDA: COMPLIANT
2025-04-10 15:01:52,531 - Quantum Trading Bot - INFO - Quantum device error rate: 0.0312
2025-04-10 15:01:52,534 - Quantum Trading Bot - INFO - Quantum prediction for NVDA: 0.2110 (confidence: 0.9688)
2025-04-10 15:01:52,535 - Quantum Trading Bot - INFO - Trading signal for NVDA: 0.2110 (source: quantum)
2025-04-10 15:01:52,535 - Quantum Trading Bot - INFO - SELL signal for NVDA (score: 0.2110, source: quantum)
2025-04-10 15:01:52,536 - Quantum Trading Bot - WARNING - Cannot sell NVDA - no position
2025-04-10 15:01:52,548 - Quantum Trading Bot - INFO - Performance metrics saved: 40/72 winning trades
2025-04-10 15:01:52,548 - Quantum Trading Bot - INFO - Quantum prediction accuracy: 0.00
2025-04-10 15:01:52,548 - Quantum Trading Bot - INFO - Sleeping for 60 seconds
2025-04-10 15:02:35,292 - Trading System - INFO - Trading Bot is alive: True
2025-04-10 15:02:35,294 - Trading System - INFO - Monitor Bot is alive: True
2025-04-10 15:02:35,295 - Trading System - INFO - Improvement Bot is alive: True
2025-04-10 15:02:52,552 - Quantum Trading Bot - INFO - Starting trading cycle
2025-04-10 15:02:52,553 - Quantum Trading Bot - INFO - Processing AAPL
2025-04-10 15:02:52,553 - Quantum Trading Bot - INFO - Mock halal compliance check for AAPL: COMPLIANT
2025-04-10 15:02:52,576 - Quantum Trading Bot - INFO - Quantum device error rate: 0.0240
2025-04-10 15:02:52,582 - Quantum Trading Bot - INFO - Quantum prediction for AAPL: 0.6120 (confidence: 0.9760)
2025-04-10 15:02:52,582 - Quantum Trading Bot - INFO - Trading signal for AAPL: 0.6120 (source: quantum)
2025-04-10 15:02:52,582 - Quantum Trading Bot - INFO - HOLD signal for AAPL (score: 0.6120, source: quantum)
2025-04-10 15:02:52,584 - Quantum Trading Bot - INFO - Processing MSFT
2025-04-10 15:02:52,584 - Quantum Trading Bot - INFO - Mock halal compliance check for MSFT: COMPLIANT
2025-04-10 15:02:52,593 - Quantum Trading Bot - INFO - Quantum device error rate: 0.0240
2025-04-10 15:02:52,596 - Quantum Trading Bot - INFO - Quantum prediction for MSFT: 0.5360 (confidence: 0.7808)
2025-04-10 15:02:52,596 - Quantum Trading Bot - INFO - Trading signal for MSFT: 0.5360 (source: quantum)
2025-04-10 15:02:52,596 - Quantum Trading Bot - INFO - HOLD signal for MSFT (score: 0.5360, source: quantum)
2025-04-10 15:02:52,597 - Quantum Trading Bot - INFO - Processing NVDA
2025-04-10 15:02:52,598 - Quantum Trading Bot - INFO - Mock halal compliance check for NVDA: COMPLIANT
2025-04-10 15:02:52,605 - Quantum Trading Bot - INFO - Quantum device error rate: 0.0243
2025-04-10 15:02:52,608 - Quantum Trading Bot - INFO - Quantum prediction for NVDA: 0.3310 (confidence: 0.9757)
2025-04-10 15:02:52,608 - Quantum Trading Bot - INFO - Trading signal for NVDA: 0.3310 (source: quantum)
2025-04-10 15:02:52,608 - Quantum Trading Bot - INFO - HOLD signal for NVDA (score: 0.3310, source: quantum)
2025-04-10 15:02:52,620 - Quantum Trading Bot - INFO - Performance metrics saved: 40/72 winning trades
2025-04-10 15:02:52,620 - Quantum Trading Bot - INFO - Quantum prediction accuracy: 0.00
2025-04-10 15:02:52,620 - Quantum Trading Bot - INFO - Sleeping for 60 seconds
2025-04-10 15:03:35,296 - Trading System - INFO - Trading Bot is alive: True
2025-04-10 15:03:35,299 - Trading System - INFO - Monitor Bot is alive: True
2025-04-10 15:03:35,299 - Trading System - INFO - Improvement Bot is alive: True
2025-04-10 15:03:52,625 - Quantum Trading Bot - INFO - Starting trading cycle
2025-04-10 15:03:52,627 - Quantum Trading Bot - INFO - Processing AAPL
2025-04-10 15:03:52,627 - Quantum Trading Bot - INFO - Mock halal compliance check for AAPL: COMPLIANT
2025-04-10 15:03:52,651 - Quantum Trading Bot - INFO - Quantum device error rate: 0.0294
2025-04-10 15:03:52,658 - Quantum Trading Bot - INFO - Quantum prediction for AAPL: 0.5060 (confidence: 0.7765)
2025-04-10 15:03:52,658 - Quantum Trading Bot - INFO - Trading signal for AAPL: 0.5060 (source: quantum)
2025-04-10 15:03:52,658 - Quantum Trading Bot - INFO - HOLD signal for AAPL (score: 0.5060, source: quantum)
2025-04-10 15:03:52,660 - Quantum Trading Bot - INFO - Processing MSFT
2025-04-10 15:03:52,660 - Quantum Trading Bot - INFO - Mock halal compliance check for MSFT: COMPLIANT
2025-04-10 15:03:52,670 - Quantum Trading Bot - INFO - Quantum device error rate: 0.0372
2025-04-10 15:03:52,673 - Quantum Trading Bot - INFO - Quantum prediction for MSFT: 0.2450 (confidence: 0.9628)
2025-04-10 15:03:52,673 - Quantum Trading Bot - INFO - Trading signal for MSFT: 0.2450 (source: quantum)
2025-04-10 15:03:52,673 - Quantum Trading Bot - INFO - SELL signal for MSFT (score: 0.2450, source: quantum)
2025-04-10 15:03:52,675 - Quantum Trading Bot - WARNING - Cannot sell MSFT - no position
2025-04-10 15:03:52,677 - Quantum Trading Bot - INFO - Processing NVDA
2025-04-10 15:03:52,677 - Quantum Trading Bot - INFO - Mock halal compliance check for NVDA: COMPLIANT
2025-04-10 15:03:52,686 - Quantum Trading Bot - INFO - Quantum device error rate: 0.0363
2025-04-10 15:03:52,690 - Quantum Trading Bot - INFO - Quantum prediction for NVDA: 0.6120 (confidence: 0.9637)
2025-04-10 15:03:52,690 - Quantum Trading Bot - INFO - Trading signal for NVDA: 0.6120 (source: quantum)
2025-04-10 15:03:52,690 - Quantum Trading Bot - INFO - HOLD signal for NVDA (score: 0.6120, source: quantum)
2025-04-10 15:03:52,704 - Quantum Trading Bot - INFO - Performance metrics saved: 40/72 winning trades
2025-04-10 15:03:52,704 - Quantum Trading Bot - INFO - Quantum prediction accuracy: 0.00
2025-04-10 15:03:52,705 - Quantum Trading Bot - INFO - Sleeping for 60 seconds
2025-04-10 15:04:35,307 - Trading System - INFO - Trading Bot is alive: True
2025-04-10 15:04:35,309 - Trading System - INFO - Monitor Bot is alive: True
2025-04-10 15:04:35,310 - Trading System - INFO - Improvement Bot is alive: True
2025-04-10 15:04:52,709 - Quantum Trading Bot - INFO - Starting trading cycle
2025-04-10 15:04:52,711 - Quantum Trading Bot - INFO - Processing AAPL
2025-04-10 15:04:52,711 - Quantum Trading Bot - INFO - Mock halal compliance check for AAPL: COMPLIANT
2025-04-10 15:04:52,732 - Quantum Trading Bot - INFO - Quantum device error rate: 0.0393
2025-04-10 15:04:52,737 - Quantum Trading Bot - INFO - Quantum prediction for AAPL: 0.5600 (confidence: 0.7686)
2025-04-10 15:04:52,737 - Quantum Trading Bot - INFO - Trading signal for AAPL: 0.5600 (source: quantum)
2025-04-10 15:04:52,737 - Quantum Trading Bot - INFO - HOLD signal for AAPL (score: 0.5600, source: quantum)
2025-04-10 15:04:52,739 - Quantum Trading Bot - INFO - Processing MSFT
2025-04-10 15:04:52,739 - Quantum Trading Bot - INFO - Mock halal compliance check for MSFT: COMPLIANT
2025-04-10 15:04:52,746 - Quantum Trading Bot - INFO - Quantum device error rate: 0.0372
2025-04-10 15:04:52,749 - Quantum Trading Bot - INFO - Quantum prediction for MSFT: 0.2410 (confidence: 0.9628)
2025-04-10 15:04:52,749 - Quantum Trading Bot - INFO - Trading signal for MSFT: 0.2410 (source: quantum)
2025-04-10 15:04:52,749 - Quantum Trading Bot - INFO - SELL signal for MSFT (score: 0.2410, source: quantum)
2025-04-10 15:04:52,750 - Quantum Trading Bot - WARNING - Cannot sell MSFT - no position
2025-04-10 15:04:52,752 - Quantum Trading Bot - INFO - Processing NVDA
2025-04-10 15:04:52,752 - Quantum Trading Bot - INFO - Mock halal compliance check for NVDA: COMPLIANT
2025-04-10 15:04:52,760 - Quantum Trading Bot - INFO - Quantum device error rate: 0.0327
2025-04-10 15:04:52,763 - Quantum Trading Bot - INFO - Quantum prediction for NVDA: 0.4590 (confidence: 0.7738)
2025-04-10 15:04:52,763 - Quantum Trading Bot - INFO - Trading signal for NVDA: 0.4590 (source: quantum)
2025-04-10 15:04:52,763 - Quantum Trading Bot - INFO - HOLD signal for NVDA (score: 0.4590, source: quantum)
2025-04-10 15:04:52,773 - Quantum Trading Bot - INFO - Performance metrics saved: 40/72 winning trades
2025-04-10 15:04:52,773 - Quantum Trading Bot - INFO - Quantum prediction accuracy: 0.00
2025-04-10 15:04:52,773 - Quantum Trading Bot - INFO - Sleeping for 60 seconds
2025-04-10 15:05:35,319 - Trading System - INFO - Trading Bot is alive: True
2025-04-10 15:05:35,324 - Trading System - INFO - Monitor Bot is alive: True
2025-04-10 15:05:35,324 - Trading System - INFO - Improvement Bot is alive: True
2025-04-10 15:05:52,782 - Quantum Trading Bot - INFO - Starting trading cycle
2025-04-10 15:05:52,801 - Quantum Trading Bot - INFO - Processing AAPL
2025-04-10 15:05:52,809 - Quantum Trading Bot - INFO - Mock halal compliance check for AAPL: COMPLIANT
2025-04-10 15:05:53,442 - Quantum Trading Bot - INFO - Quantum device error rate: 0.0540
2025-04-10 15:05:53,597 - Quantum Trading Bot - INFO - Quantum prediction for AAPL: 0.3609 (confidence: 0.9460)
2025-04-10 15:05:53,599 - Quantum Trading Bot - INFO - Trading signal for AAPL: 0.3609 (source: quantum)
2025-04-10 15:05:53,603 - Quantum Trading Bot - INFO - HOLD signal for AAPL (score: 0.3609, source: quantum)
2025-04-10 15:05:53,622 - Quantum Trading Bot - INFO - Processing MSFT
2025-04-10 15:05:53,622 - Quantum Trading Bot - INFO - Mock halal compliance check for MSFT: COMPLIANT
2025-04-10 15:05:53,763 - Quantum Trading Bot - INFO - Quantum device error rate: 0.0486
2025-04-10 15:05:53,799 - Quantum Trading Bot - INFO - Quantum prediction for MSFT: 0.4030 (confidence: 0.7611)
2025-04-10 15:05:53,799 - Quantum Trading Bot - INFO - Trading signal for MSFT: 0.4030 (source: quantum)
2025-04-10 15:05:53,799 - Quantum Trading Bot - INFO - HOLD signal for MSFT (score: 0.4030, source: quantum)
2025-04-10 15:05:53,813 - Quantum Trading Bot - INFO - Processing NVDA
2025-04-10 15:05:53,816 - Quantum Trading Bot - INFO - Mock halal compliance check for NVDA: COMPLIANT
2025-04-10 15:05:53,970 - Quantum Trading Bot - INFO - Quantum device error rate: 0.0492
2025-04-10 15:05:53,980 - Quantum Trading Bot - INFO - Quantum prediction for NVDA: 0.4060 (confidence: 0.7606)
2025-04-10 15:05:53,980 - Quantum Trading Bot - INFO - Trading signal for NVDA: 0.4060 (source: quantum)
2025-04-10 15:05:53,980 - Quantum Trading Bot - INFO - HOLD signal for NVDA (score: 0.4060, source: quantum)
2025-04-10 15:05:54,000 - Quantum Trading Bot - INFO - Performance metrics saved: 40/72 winning trades
2025-04-10 15:05:54,000 - Quantum Trading Bot - INFO - Quantum prediction accuracy: 0.00
2025-04-10 15:05:54,020 - Quantum Trading Bot - INFO - Quantum device error rate: 0.0303
2025-04-10 15:05:54,029 - Quantum Trading Bot - INFO - Quantum portfolio optimization complete: {'AAPL': np.float64(0.33073424301494475), 'MSFT': np.float64(0.3281351526965562), 'NVDA': np.float64(0.341130604288499)}
2025-04-10 15:05:54,029 - Quantum Trading Bot - INFO - Optimal portfolio weights: {'AAPL': np.float64(0.33073424301494475), 'MSFT': np.float64(0.3281351526965562), 'NVDA': np.float64(0.341130604288499)}
2025-04-10 15:05:54,029 - Quantum Trading Bot - INFO - Sleeping for 60 seconds
2025-04-10 15:06:35,324 - Trading System - INFO - Trading Bot is alive: True
2025-04-10 15:06:35,326 - Trading System - INFO - Monitor Bot is alive: True
2025-04-10 15:06:35,326 - Trading System - INFO - Improvement Bot is alive: True
2025-04-10 15:06:54,030 - Quantum Trading Bot - INFO - Starting trading cycle
2025-04-10 15:06:54,033 - Quantum Trading Bot - INFO - Processing AAPL
2025-04-10 15:06:54,033 - Quantum Trading Bot - INFO - Mock halal compliance check for AAPL: COMPLIANT
2025-04-10 15:06:54,054 - Quantum Trading Bot - INFO - Quantum device error rate: 0.0312
2025-04-10 15:06:54,059 - Quantum Trading Bot - INFO - Quantum prediction for AAPL: 0.7230 (confidence: 0.9688)
2025-04-10 15:06:54,059 - Quantum Trading Bot - INFO - Trading signal for AAPL: 0.7230 (source: quantum)
2025-04-10 15:06:54,059 - Quantum Trading Bot - INFO - HOLD signal for AAPL (score: 0.7230, source: quantum)
2025-04-10 15:06:54,061 - Quantum Trading Bot - INFO - Processing MSFT
2025-04-10 15:06:54,061 - Quantum Trading Bot - INFO - Mock halal compliance check for MSFT: COMPLIANT
2025-04-10 15:06:54,071 - Quantum Trading Bot - INFO - Quantum device error rate: 0.0444
2025-04-10 15:06:54,074 - Quantum Trading Bot - INFO - Quantum prediction for MSFT: 0.5020 (confidence: 0.7645)
2025-04-10 15:06:54,074 - Quantum Trading Bot - INFO - Trading signal for MSFT: 0.5020 (source: quantum)
2025-04-10 15:06:54,074 - Quantum Trading Bot - INFO - HOLD signal for MSFT (score: 0.5020, source: quantum)
2025-04-10 15:06:54,075 - Quantum Trading Bot - INFO - Processing NVDA
2025-04-10 15:06:54,075 - Quantum Trading Bot - INFO - Mock halal compliance check for NVDA: COMPLIANT
2025-04-10 15:06:54,083 - Quantum Trading Bot - INFO - Quantum device error rate: 0.0270
2025-04-10 15:06:54,086 - Quantum Trading Bot - INFO - Quantum prediction for NVDA: 0.3950 (confidence: 0.9730)
2025-04-10 15:06:54,087 - Quantum Trading Bot - INFO - Trading signal for NVDA: 0.3950 (source: quantum)
2025-04-10 15:06:54,087 - Quantum Trading Bot - INFO - HOLD signal for NVDA (score: 0.3950, source: quantum)
2025-04-10 15:06:54,098 - Quantum Trading Bot - INFO - Performance metrics saved: 40/72 winning trades
2025-04-10 15:06:54,098 - Quantum Trading Bot - INFO - Quantum prediction accuracy: 0.00
2025-04-10 15:06:54,098 - Quantum Trading Bot - INFO - Sleeping for 60 seconds
2025-04-10 15:07:35,329 - Trading System - INFO - Trading Bot is alive: True
2025-04-10 15:07:35,331 - Trading System - INFO - Monitor Bot is alive: True
2025-04-10 15:07:35,331 - Trading System - INFO - Improvement Bot is alive: True
2025-04-10 15:23:09,488 - Quantum Trading Bot - INFO - Starting trading cycle
2025-04-10 15:23:09,489 - Quantum Trading Bot - INFO - Processing AAPL
2025-04-10 15:23:09,489 - Quantum Trading Bot - INFO - Mock halal compliance check for AAPL: COMPLIANT
2025-04-10 15:23:09,512 - Quantum Trading Bot - INFO - Quantum device error rate: 0.0369
2025-04-10 15:23:09,517 - Quantum Trading Bot - INFO - Quantum prediction for AAPL: 0.5700 (confidence: 0.7705)
2025-04-10 15:23:09,517 - Quantum Trading Bot - INFO - Trading signal for AAPL: 0.5700 (source: quantum)
2025-04-10 15:23:09,517 - Quantum Trading Bot - INFO - HOLD signal for AAPL (score: 0.5700, source: quantum)
2025-04-10 15:23:09,519 - Quantum Trading Bot - INFO - Processing MSFT
2025-04-10 15:23:09,519 - Quantum Trading Bot - INFO - Mock halal compliance check for MSFT: COMPLIANT
2025-04-10 15:23:09,528 - Quantum Trading Bot - INFO - Quantum device error rate: 0.0351
2025-04-10 15:23:09,531 - Quantum Trading Bot - INFO - Quantum prediction for MSFT: 0.4710 (confidence: 0.7719)
2025-04-10 15:23:09,531 - Quantum Trading Bot - INFO - Trading signal for MSFT: 0.4710 (source: quantum)
2025-04-10 15:23:09,531 - Quantum Trading Bot - INFO - HOLD signal for MSFT (score: 0.4710, source: quantum)
2025-04-10 15:23:09,533 - Quantum Trading Bot - INFO - Processing NVDA
2025-04-10 15:23:09,533 - Quantum Trading Bot - INFO - Mock halal compliance check for NVDA: COMPLIANT
2025-04-10 15:23:09,541 - Quantum Trading Bot - INFO - Quantum device error rate: 0.0447
2025-04-10 15:23:09,544 - Quantum Trading Bot - INFO - Quantum prediction for NVDA: 0.5730 (confidence: 0.7642)
2025-04-10 15:23:09,544 - Quantum Trading Bot - INFO - Trading signal for NVDA: 0.5730 (source: quantum)
2025-04-10 15:23:09,544 - Quantum Trading Bot - INFO - HOLD signal for NVDA (score: 0.5730, source: quantum)
2025-04-10 15:23:09,554 - Quantum Trading Bot - INFO - Performance metrics saved: 40/72 winning trades
2025-04-10 15:23:09,554 - Quantum Trading Bot - INFO - Quantum prediction accuracy: 0.00
2025-04-10 15:23:09,555 - Quantum Trading Bot - INFO - Sleeping for 60 seconds
2025-04-10 15:23:50,714 - Trading System - INFO - Trading Bot is alive: True
2025-04-10 15:23:50,717 - Trading System - INFO - Monitor Bot is alive: True
2025-04-10 15:23:50,718 - Trading System - INFO - Improvement Bot is alive: True
2025-04-10 15:36:43,986 - Monitor Bot - INFO - Running scheduled task: Performance Metrics
2025-04-10 15:36:44,010 - Monitor Bot - INFO - === Performance Metrics ===
2025-04-10 15:36:44,011 - Monitor Bot - INFO - Date: 2025-04-10T15:23:09.545702
2025-04-10 15:36:44,011 - Monitor Bot - INFO - Total Trades: 72
2025-04-10 15:36:44,011 - Monitor Bot - INFO - Win Rate: 55.56%
2025-04-10 15:36:44,011 - Monitor Bot - INFO - Total Profit: $18.27
2025-04-10 15:36:44,011 - Monitor Bot - INFO - Average Profit per Trade: $0.25
2025-04-10 15:36:44,011 - Monitor Bot - INFO - Average Profit Percentage: 0.09%
2025-04-10 15:36:44,011 - Monitor Bot - INFO - Maximum Drawdown: 0.10%
2025-04-10 15:36:44,011 - Monitor Bot - INFO - Quantum Prediction Accuracy: 0.00%
2025-04-10 15:36:44,011 - Monitor Bot - INFO - ============================
2025-04-10 15:36:44,053 - Monitor Bot - INFO - Task Performance Metrics completed successfully
2025-04-10 15:37:00,224 - Quantum Trading Bot - INFO - Starting trading cycle
2025-04-10 15:37:00,225 - Quantum Trading Bot - INFO - Processing AAPL
2025-04-10 15:37:00,225 - Quantum Trading Bot - INFO - Mock halal compliance check for AAPL: COMPLIANT
2025-04-10 15:37:00,258 - Quantum Trading Bot - INFO - Quantum device error rate: 0.0453
2025-04-10 15:37:00,265 - Quantum Trading Bot - INFO - Quantum prediction for AAPL: 0.1460 (confidence: 0.9547)
2025-04-10 15:37:00,265 - Quantum Trading Bot - INFO - Trading signal for AAPL: 0.1460 (source: quantum)
2025-04-10 15:37:00,265 - Quantum Trading Bot - INFO - SELL signal for AAPL (score: 0.1460, source: quantum)
2025-04-10 15:37:00,268 - Quantum Trading Bot - WARNING - Cannot sell AAPL - no position
2025-04-10 15:37:00,270 - Quantum Trading Bot - INFO - Processing MSFT
2025-04-10 15:37:00,270 - Quantum Trading Bot - INFO - Mock halal compliance check for MSFT: COMPLIANT
2025-04-10 15:37:00,278 - Quantum Trading Bot - INFO - Quantum device error rate: 0.0453
2025-04-10 15:37:00,282 - Quantum Trading Bot - INFO - Quantum prediction for MSFT: 0.7300 (confidence: 0.9547)
2025-04-10 15:37:00,282 - Quantum Trading Bot - INFO - Trading signal for MSFT: 0.7300 (source: quantum)
2025-04-10 15:37:00,282 - Quantum Trading Bot - INFO - HOLD signal for MSFT (score: 0.7300, source: quantum)
2025-04-10 15:37:00,283 - Quantum Trading Bot - INFO - Processing NVDA
2025-04-10 15:37:00,283 - Quantum Trading Bot - INFO - Mock halal compliance check for NVDA: COMPLIANT
2025-04-10 15:37:00,291 - Quantum Trading Bot - INFO - Quantum device error rate: 0.0357
2025-04-10 15:37:00,293 - Quantum Trading Bot - INFO - Quantum prediction for NVDA: 0.3460 (confidence: 0.9643)
2025-04-10 15:37:00,293 - Quantum Trading Bot - INFO - Trading signal for NVDA: 0.3460 (source: quantum)
2025-04-10 15:37:00,293 - Quantum Trading Bot - INFO - HOLD signal for NVDA (score: 0.3460, source: quantum)
2025-04-10 15:37:00,306 - Quantum Trading Bot - INFO - Performance metrics saved: 40/72 winning trades
2025-04-10 15:37:00,306 - Quantum Trading Bot - INFO - Quantum prediction accuracy: 0.00
2025-04-10 15:37:00,306 - Quantum Trading Bot - INFO - Sleeping for 60 seconds
2025-04-10 15:55:30,296 - Trading System - INFO - Trading Bot is alive: True
2025-04-10 15:55:30,298 - Trading System - INFO - Monitor Bot is alive: True
2025-04-10 15:55:30,298 - Trading System - INFO - Improvement Bot is alive: True
2025-04-10 15:55:49,197 - Quantum Trading Bot - INFO - Starting trading cycle
2025-04-10 15:55:49,198 - Quantum Trading Bot - INFO - Processing AAPL
2025-04-10 15:55:49,199 - Quantum Trading Bot - INFO - Mock halal compliance check for AAPL: COMPLIANT
2025-04-10 15:55:49,223 - Quantum Trading Bot - INFO - Quantum device error rate: 0.0399
2025-04-10 15:55:49,228 - Quantum Trading Bot - INFO - Quantum prediction for AAPL: 0.8410 (confidence: 0.9601)
2025-04-10 15:55:49,228 - Quantum Trading Bot - INFO - Trading signal for AAPL: 0.8410 (source: quantum)
2025-04-10 15:55:49,228 - Quantum Trading Bot - INFO - HOLD signal for AAPL (score: 0.8410, source: quantum)
2025-04-10 15:55:49,230 - Quantum Trading Bot - INFO - Processing MSFT
2025-04-10 15:55:49,230 - Quantum Trading Bot - INFO - Mock halal compliance check for MSFT: COMPLIANT
2025-04-10 15:55:49,238 - Quantum Trading Bot - INFO - Quantum device error rate: 0.0429
2025-04-10 15:55:49,241 - Quantum Trading Bot - INFO - Quantum prediction for MSFT: 0.4670 (confidence: 0.7657)
2025-04-10 15:55:49,241 - Quantum Trading Bot - INFO - Trading signal for MSFT: 0.4670 (source: quantum)
2025-04-10 15:55:49,241 - Quantum Trading Bot - INFO - HOLD signal for MSFT (score: 0.4670, source: quantum)
2025-04-10 15:55:49,243 - Quantum Trading Bot - INFO - Processing NVDA
2025-04-10 15:55:49,243 - Quantum Trading Bot - INFO - Mock halal compliance check for NVDA: COMPLIANT
2025-04-10 15:55:49,250 - Quantum Trading Bot - INFO - Quantum device error rate: 0.0480
2025-04-10 15:55:49,254 - Quantum Trading Bot - INFO - Quantum prediction for NVDA: 0.4040 (confidence: 0.7616)
2025-04-10 15:55:49,254 - Quantum Trading Bot - INFO - Trading signal for NVDA: 0.4040 (source: quantum)
2025-04-10 15:55:49,254 - Quantum Trading Bot - INFO - HOLD signal for NVDA (score: 0.4040, source: quantum)
2025-04-10 15:55:49,264 - Quantum Trading Bot - INFO - Performance metrics saved: 40/72 winning trades
2025-04-10 15:55:49,265 - Quantum Trading Bot - INFO - Quantum prediction accuracy: 0.00
2025-04-10 15:55:49,265 - Quantum Trading Bot - INFO - Sleeping for 60 seconds
2025-04-10 16:12:37,025 - Trading System - INFO - Trading Bot is alive: True
2025-04-10 16:12:37,027 - Trading System - INFO - Monitor Bot is alive: True
2025-04-10 16:12:37,027 - Trading System - INFO - Improvement Bot is alive: True
2025-04-10 16:12:56,005 - Quantum Trading Bot - INFO - Starting trading cycle
2025-04-10 16:12:56,007 - Quantum Trading Bot - INFO - Market is closed, waiting...
2025-04-10 16:12:56,007 - Quantum Trading Bot - INFO - Sleeping for 60 seconds
2025-04-10 16:26:32,744 - Trading System - INFO - Trading Bot is alive: True
2025-04-10 16:26:32,753 - Trading System - INFO - Monitor Bot is alive: True
2025-04-10 16:26:32,754 - Trading System - INFO - Improvement Bot is alive: True
2025-04-10 16:41:57,623 - Quantum Trading Bot - INFO - Starting trading cycle
2025-04-10 16:41:57,625 - Quantum Trading Bot - INFO - Market is closed, waiting...
2025-04-10 16:41:57,626 - Quantum Trading Bot - INFO - Sleeping for 60 seconds
2025-04-10 16:42:38,652 - Trading System - INFO - Trading Bot is alive: True
2025-04-10 16:42:38,656 - Trading System - INFO - Monitor Bot is alive: True
2025-04-10 16:42:38,656 - Trading System - INFO - Improvement Bot is alive: True
2025-04-10 16:42:41,331 - Monitor Bot - INFO - Running scheduled task: Performance Metrics
2025-04-10 16:42:41,339 - Monitor Bot - INFO - === Performance Metrics ===
2025-04-10 16:42:41,339 - Monitor Bot - INFO - Date: 2025-04-10T15:55:49.256138
2025-04-10 16:42:41,339 - Monitor Bot - INFO - Total Trades: 72
2025-04-10 16:42:41,339 - Monitor Bot - INFO - Win Rate: 55.56%
2025-04-10 16:42:41,339 - Monitor Bot - INFO - Total Profit: $18.27
2025-04-10 16:42:41,339 - Monitor Bot - INFO - Average Profit per Trade: $0.25
2025-04-10 16:42:41,339 - Monitor Bot - INFO - Average Profit Percentage: 0.09%
2025-04-10 16:42:41,339 - Monitor Bot - INFO - Maximum Drawdown: 0.10%
2025-04-10 16:42:41,339 - Monitor Bot - INFO - Quantum Prediction Accuracy: 0.00%
2025-04-10 16:42:41,339 - Monitor Bot - INFO - ============================
2025-04-10 16:42:41,359 - Monitor Bot - INFO - Task Performance Metrics completed successfully
2025-04-10 16:58:13,165 - Quantum Trading Bot - INFO - Starting trading cycle
2025-04-10 16:58:13,166 - Quantum Trading Bot - INFO - Market is closed, waiting...
2025-04-10 16:58:13,167 - Quantum Trading Bot - INFO - Sleeping for 60 seconds
2025-04-10 17:03:33,094 - Trading System - INFO - Trading Bot is alive: True
2025-04-10 17:03:33,097 - Trading System - INFO - Monitor Bot is alive: True
2025-04-10 17:03:33,097 - Trading System - INFO - Improvement Bot is alive: True
2025-04-10 17:03:52,046 - Quantum Trading Bot - INFO - Starting trading cycle
2025-04-10 17:03:52,049 - Quantum Trading Bot - INFO - Market is closed, waiting...
2025-04-10 17:03:52,049 - Quantum Trading Bot - INFO - Sleeping for 60 seconds
2025-04-10 17:19:44,529 - Trading System - INFO - Trading Bot is alive: True
2025-04-10 17:19:44,531 - Trading System - INFO - Monitor Bot is alive: True
2025-04-10 17:19:44,531 - Trading System - INFO - Improvement Bot is alive: True
2025-04-10 17:19:47,241 - Monitor Bot - INFO - Running scheduled task: Quantum System Health Check
2025-04-10 17:19:47,242 - Monitor Bot - INFO - Monitoring quantum system health
2025-04-10 17:19:47,245 - Monitor Bot - INFO - Average quantum error rate: 0.0424
2025-04-10 17:19:47,247 - Monitor Bot - INFO - Task Quantum System Health Check completed successfully
2025-04-10 17:20:03,492 - Quantum Trading Bot - INFO - Starting trading cycle
2025-04-10 17:20:03,496 - Quantum Trading Bot - INFO - Market is closed, waiting...
2025-04-10 17:20:03,496 - Quantum Trading Bot - INFO - Sleeping for 60 seconds
2025-04-10 17:37:36,424 - Trading System - INFO - Trading Bot is alive: True
2025-04-10 17:37:36,426 - Trading System - INFO - Monitor Bot is alive: True
2025-04-10 17:37:36,426 - Trading System - INFO - Improvement Bot is alive: True
2025-04-10 17:37:55,383 - Quantum Trading Bot - INFO - Starting trading cycle
2025-04-10 17:37:55,385 - Quantum Trading Bot - INFO - Market is closed, waiting...
2025-04-10 17:37:55,385 - Quantum Trading Bot - INFO - Sleeping for 60 seconds
2025-04-10 17:54:44,769 - Trading System - INFO - Trading Bot is alive: True
2025-04-10 17:54:44,771 - Trading System - INFO - Monitor Bot is alive: True
2025-04-10 17:54:44,771 - Trading System - INFO - Improvement Bot is alive: True
2025-04-10 17:54:47,493 - Monitor Bot - INFO - Running scheduled task: Performance Metrics
2025-04-10 17:54:47,500 - Monitor Bot - INFO - === Performance Metrics ===
2025-04-10 17:54:47,500 - Monitor Bot - INFO - Date: 2025-04-10T15:55:49.256138
2025-04-10 17:54:47,500 - Monitor Bot - INFO - Total Trades: 72
2025-04-10 17:54:47,500 - Monitor Bot - INFO - Win Rate: 55.56%
2025-04-10 17:54:47,500 - Monitor Bot - INFO - Total Profit: $18.27
2025-04-10 17:54:47,501 - Monitor Bot - INFO - Average Profit per Trade: $0.25
2025-04-10 17:54:47,501 - Monitor Bot - INFO - Average Profit Percentage: 0.09%
2025-04-10 17:54:47,501 - Monitor Bot - INFO - Maximum Drawdown: 0.10%
2025-04-10 17:54:47,501 - Monitor Bot - INFO - Quantum Prediction Accuracy: 0.00%
2025-04-10 17:54:47,501 - Monitor Bot - INFO - ============================
2025-04-10 17:54:47,512 - Monitor Bot - INFO - Task Performance Metrics completed successfully
2025-04-10 17:55:03,734 - Quantum Trading Bot - INFO - Starting trading cycle
2025-04-10 17:55:03,741 - Quantum Trading Bot - INFO - Market is closed, waiting...
2025-04-10 17:55:03,741 - Quantum Trading Bot - INFO - Sleeping for 60 seconds
2025-04-10 17:59:33,761 - Trading System - INFO - Trading Bot is alive: True
2025-04-10 17:59:33,763 - Trading System - INFO - Monitor Bot is alive: True
2025-04-10 17:59:33,763 - Trading System - INFO - Improvement Bot is alive: True
2025-04-10 18:04:39,402 - Quantum Trading Bot - INFO - Starting trading cycle
2025-04-10 18:04:39,404 - Quantum Trading Bot - INFO - Market is closed, waiting...
2025-04-10 18:04:39,404 - Quantum Trading Bot - INFO - Sleeping for 60 seconds
2025-04-10 18:21:43,197 - Trading System - INFO - Trading Bot is alive: True
2025-04-10 18:21:43,200 - Trading System - INFO - Monitor Bot is alive: True
2025-04-10 18:21:43,200 - Trading System - INFO - Improvement Bot is alive: True
2025-04-10 18:22:02,138 - Quantum Trading Bot - INFO - Starting trading cycle
2025-04-10 18:22:02,141 - Quantum Trading Bot - INFO - Market is closed, waiting...
2025-04-10 18:22:02,141 - Quantum Trading Bot - INFO - Sleeping for 60 seconds
2025-04-10 18:39:37,081 - Trading System - INFO - Trading Bot is alive: True
2025-04-10 18:39:37,086 - Trading System - INFO - Monitor Bot is alive: True
2025-04-10 18:39:37,086 - Trading System - INFO - Improvement Bot is alive: True
2025-04-10 18:39:56,038 - Quantum Trading Bot - INFO - Starting trading cycle
2025-04-10 18:39:56,043 - Quantum Trading Bot - INFO - Market is closed, waiting...
2025-04-10 18:39:56,043 - Quantum Trading Bot - INFO - Sleeping for 60 seconds
2025-04-10 18:56:26,206 - Trading System - INFO - Trading Bot is alive: True
2025-04-10 18:56:26,208 - Trading System - INFO - Monitor Bot is alive: True
2025-04-10 18:56:26,208 - Trading System - INFO - Improvement Bot is alive: True
2025-04-10 18:56:28,955 - Monitor Bot - INFO - Running scheduled task: Performance Metrics
2025-04-10 18:56:28,966 - Monitor Bot - INFO - === Performance Metrics ===
2025-04-10 18:56:28,967 - Monitor Bot - INFO - Date: 2025-04-10T15:55:49.256138
2025-04-10 18:56:28,967 - Monitor Bot - INFO - Total Trades: 72
2025-04-10 18:56:28,967 - Monitor Bot - INFO - Win Rate: 55.56%
2025-04-10 18:56:28,967 - Monitor Bot - INFO - Total Profit: $18.27
2025-04-10 18:56:28,967 - Monitor Bot - INFO - Average Profit per Trade: $0.25
2025-04-10 18:56:28,967 - Monitor Bot - INFO - Average Profit Percentage: 0.09%
2025-04-10 18:56:28,967 - Monitor Bot - INFO - Maximum Drawdown: 0.10%
2025-04-10 18:56:28,967 - Monitor Bot - INFO - Quantum Prediction Accuracy: 0.00%
2025-04-10 18:56:28,967 - Monitor Bot - INFO - ============================
2025-04-10 18:56:28,994 - Monitor Bot - INFO - Task Performance Metrics completed successfully
2025-04-10 18:56:45,160 - Quantum Trading Bot - INFO - Starting trading cycle
2025-04-10 18:56:45,162 - Quantum Trading Bot - INFO - Market is closed, waiting...
2025-04-10 18:56:45,162 - Quantum Trading Bot - INFO - Sleeping for 60 seconds
2025-04-10 19:06:07,044 - Trading System - INFO - Trading Bot is alive: True
2025-04-10 19:06:07,047 - Trading System - INFO - Monitor Bot is alive: True
2025-04-10 19:06:07,047 - Trading System - INFO - Improvement Bot is alive: True
2025-04-10 19:21:55,766 - Quantum Trading Bot - INFO - Starting trading cycle
2025-04-10 19:21:55,768 - Quantum Trading Bot - INFO - Market is closed, waiting...
2025-04-10 19:21:55,769 - Quantum Trading Bot - INFO - Sleeping for 60 seconds
2025-04-10 19:38:04,629 - Trading System - INFO - Trading Bot is alive: True
2025-04-10 19:38:04,631 - Trading System - INFO - Monitor Bot is alive: True
2025-04-10 19:38:04,631 - Trading System - INFO - Improvement Bot is alive: True
2025-04-10 19:38:23,571 - Quantum Trading Bot - INFO - Starting trading cycle
2025-04-10 19:38:23,574 - Quantum Trading Bot - INFO - Market is closed, waiting...
2025-04-10 19:38:23,574 - Quantum Trading Bot - INFO - Sleeping for 60 seconds
2025-04-10 19:39:04,645 - Trading System - INFO - Trading Bot is alive: True
2025-04-10 19:39:04,681 - Trading System - INFO - Monitor Bot is alive: True
2025-04-10 19:39:04,681 - Trading System - INFO - Improvement Bot is alive: True
2025-04-10 19:54:47,200 - Quantum Trading Bot - INFO - Starting trading cycle
2025-04-10 19:54:47,206 - Quantum Trading Bot - INFO - Market is closed, waiting...
2025-04-10 19:54:47,206 - Quantum Trading Bot - INFO - Sleeping for 60 seconds
2025-04-10 20:06:42,906 - Trading System - INFO - Trading Bot is alive: True
2025-04-10 20:06:42,912 - Trading System - INFO - Monitor Bot is alive: True
2025-04-10 20:06:42,912 - Trading System - INFO - Improvement Bot is alive: True
2025-04-10 20:06:45,624 - Monitor Bot - INFO - Running scheduled task: Performance Metrics
2025-04-10 20:06:45,633 - Monitor Bot - INFO - === Performance Metrics ===
2025-04-10 20:06:45,633 - Monitor Bot - INFO - Date: 2025-04-10T15:55:49.256138
2025-04-10 20:06:45,633 - Monitor Bot - INFO - Total Trades: 72
2025-04-10 20:06:45,634 - Monitor Bot - INFO - Win Rate: 55.56%
2025-04-10 20:06:45,634 - Monitor Bot - INFO - Total Profit: $18.27
2025-04-10 20:06:45,634 - Monitor Bot - INFO - Average Profit per Trade: $0.25
2025-04-10 20:06:45,634 - Monitor Bot - INFO - Average Profit Percentage: 0.09%
2025-04-10 20:06:45,634 - Monitor Bot - INFO - Maximum Drawdown: 0.10%
2025-04-10 20:06:45,634 - Monitor Bot - INFO - Quantum Prediction Accuracy: 0.00%
2025-04-10 20:06:45,634 - Monitor Bot - INFO - ============================
2025-04-10 20:06:45,664 - Monitor Bot - INFO - Task Performance Metrics completed successfully
2025-04-10 20:07:01,787 - Quantum Trading Bot - INFO - Starting trading cycle
2025-04-10 20:07:01,789 - Quantum Trading Bot - INFO - Market is closed, waiting...
2025-04-10 20:07:01,789 - Quantum Trading Bot - INFO - Sleeping for 60 seconds
2025-04-10 20:17:08,084 - Trading System - INFO - Trading Bot is alive: True
2025-04-10 20:17:08,088 - Trading System - INFO - Monitor Bot is alive: True
2025-04-10 20:17:08,089 - Trading System - INFO - Improvement Bot is alive: True
2025-04-10 20:17:26,968 - Quantum Trading Bot - INFO - Starting trading cycle
2025-04-10 20:17:26,970 - Quantum Trading Bot - INFO - Market is closed, waiting...
2025-04-10 20:17:26,970 - Quantum Trading Bot - INFO - Sleeping for 60 seconds
2025-04-10 20:18:08,095 - Trading System - INFO - Trading Bot is alive: True
2025-04-10 20:18:08,097 - Trading System - INFO - Monitor Bot is alive: True
2025-04-10 20:18:08,097 - Trading System - INFO - Improvement Bot is alive: True
2025-04-10 20:18:26,974 - Quantum Trading Bot - INFO - Starting trading cycle
2025-04-10 20:18:26,975 - Quantum Trading Bot - INFO - Market is closed, waiting...
2025-04-10 20:18:26,975 - Quantum Trading Bot - INFO - Sleeping for 60 seconds
2025-04-10 20:19:08,101 - Trading System - INFO - Trading Bot is alive: True
2025-04-10 20:19:08,101 - Trading System - INFO - Monitor Bot is alive: True
2025-04-10 20:19:08,101 - Trading System - INFO - Improvement Bot is alive: True
2025-04-10 20:19:26,977 - Quantum Trading Bot - INFO - Starting trading cycle
2025-04-10 20:19:26,977 - Quantum Trading Bot - INFO - Market is closed, waiting...
2025-04-10 20:19:26,978 - Quantum Trading Bot - INFO - Sleeping for 60 seconds
2025-04-10 20:20:08,105 - Trading System - INFO - Trading Bot is alive: True
2025-04-10 20:20:08,105 - Trading System - INFO - Monitor Bot is alive: True
2025-04-10 20:20:08,106 - Trading System - INFO - Improvement Bot is alive: True
2025-04-10 20:20:10,855 - Monitor Bot - INFO - Running scheduled task: Quantum System Health Check
2025-04-10 20:20:10,856 - Monitor Bot - INFO - Monitoring quantum system health
2025-04-10 20:20:10,858 - Monitor Bot - INFO - Average quantum error rate: 0.0424
2025-04-10 20:20:10,860 - Monitor Bot - INFO - Task Quantum System Health Check completed successfully
2025-04-10 20:20:26,977 - Quantum Trading Bot - INFO - Starting trading cycle
2025-04-10 20:20:26,977 - Quantum Trading Bot - INFO - Market is closed, waiting...
2025-04-10 20:20:26,977 - Quantum Trading Bot - INFO - Sleeping for 60 seconds
2025-04-10 20:21:06,990 - Improvement Bot - INFO - Running scheduled task: Code Quality Check - Trading Bot
2025-04-10 20:21:06,995 - Improvement Bot - INFO - Found 2 issues in trading_bot
2025-04-10 20:21:06,995 - Improvement Bot - INFO - Task Code Quality Check - Trading Bot completed successfully
2025-04-10 20:21:06,995 - Improvement Bot - INFO - Running scheduled task: Code Quality Check - Monitor Bot
2025-04-10 20:21:06,997 - Improvement Bot - INFO - No issues found in monitor_bot
2025-04-10 20:21:06,997 - Improvement Bot - WARNING - Task Code Quality Check - Monitor Bot completed with warnings
2025-04-10 20:21:06,997 - Improvement Bot - INFO - Running scheduled task: Code Quality Check - Improvement Bot
2025-04-10 20:21:06,999 - Improvement Bot - INFO - Found 6 issues in improvement_bot
2025-04-10 20:21:06,999 - Improvement Bot - INFO - Task Code Quality Check - Improvement Bot completed successfully
2025-04-10 20:21:06,999 - Improvement Bot - INFO - Running scheduled task: Quantum Error Analysis
2025-04-10 20:21:06,999 - Improvement Bot - INFO - Analyzing quantum error rates
2025-04-10 20:21:07,001 - Improvement Bot - INFO - Quantum error analysis completed: avg error 0.0401, trend +0.0210
2025-04-10 20:21:07,001 - Improvement Bot - INFO - Task Quantum Error Analysis completed successfully
2025-04-10 20:21:07,001 - Improvement Bot - INFO - Running scheduled task: System Health Analysis
2025-04-10 20:21:07,009 - Improvement Bot - INFO - Win rate trend: +0.00%
2025-04-10 20:21:07,009 - Improvement Bot - INFO - Profit trend: +0.00%
2025-04-10 20:21:07,010 - Improvement Bot - INFO - System health analysis completed: healthy
2025-04-10 20:21:07,010 - Improvement Bot - INFO - Task System Health Analysis completed successfully
2025-04-10 20:21:08,109 - Trading System - INFO - Trading Bot is alive: True
2025-04-10 20:21:08,110 - Trading System - INFO - Monitor Bot is alive: True
2025-04-10 20:21:08,110 - Trading System - INFO - Improvement Bot is alive: True
2025-04-10 20:21:26,979 - Quantum Trading Bot - INFO - Starting trading cycle
2025-04-10 20:21:26,980 - Quantum Trading Bot - INFO - Market is closed, waiting...
2025-04-10 20:21:26,980 - Quantum Trading Bot - INFO - Sleeping for 60 seconds
2025-04-10 20:22:08,114 - Trading System - INFO - Trading Bot is alive: True
2025-04-10 20:22:08,114 - Trading System - INFO - Monitor Bot is alive: True
2025-04-10 20:22:08,114 - Trading System - INFO - Improvement Bot is alive: True
2025-04-10 20:22:26,983 - Quantum Trading Bot - INFO - Starting trading cycle
2025-04-10 20:22:26,984 - Quantum Trading Bot - INFO - Market is closed, waiting...
2025-04-10 20:22:26,985 - Quantum Trading Bot - INFO - Sleeping for 60 seconds
2025-04-10 20:23:08,117 - Trading System - INFO - Trading Bot is alive: True
2025-04-10 20:23:08,118 - Trading System - INFO - Monitor Bot is alive: True
2025-04-10 20:23:08,118 - Trading System - INFO - Improvement Bot is alive: True
2025-04-10 20:23:26,986 - Quantum Trading Bot - INFO - Starting trading cycle
2025-04-10 20:23:26,986 - Quantum Trading Bot - INFO - Market is closed, waiting...
2025-04-10 20:23:26,986 - Quantum Trading Bot - INFO - Sleeping for 60 seconds
2025-04-10 20:24:08,121 - Trading System - INFO - Trading Bot is alive: True
2025-04-10 20:24:08,122 - Trading System - INFO - Monitor Bot is alive: True
2025-04-10 20:24:08,122 - Trading System - INFO - Improvement Bot is alive: True
2025-04-10 20:24:26,989 - Quantum Trading Bot - INFO - Starting trading cycle
2025-04-10 20:24:26,990 - Quantum Trading Bot - INFO - Market is closed, waiting...
2025-04-10 20:24:26,991 - Quantum Trading Bot - INFO - Sleeping for 60 seconds
2025-04-10 20:25:08,126 - Trading System - INFO - Trading Bot is alive: True
2025-04-10 20:25:08,126 - Trading System - INFO - Monitor Bot is alive: True
2025-04-10 20:25:08,127 - Trading System - INFO - Improvement Bot is alive: True
2025-04-10 20:25:26,991 - Quantum Trading Bot - INFO - Starting trading cycle
2025-04-10 20:25:26,992 - Quantum Trading Bot - INFO - Market is closed, waiting...
2025-04-10 20:25:26,992 - Quantum Trading Bot - INFO - Sleeping for 60 seconds
2025-04-10 20:26:08,127 - Trading System - INFO - Trading Bot is alive: True
2025-04-10 20:26:08,129 - Trading System - INFO - Monitor Bot is alive: True
2025-04-10 20:26:08,129 - Trading System - INFO - Improvement Bot is alive: True
2025-04-10 20:26:26,994 - Quantum Trading Bot - INFO - Starting trading cycle
2025-04-10 20:26:26,996 - Quantum Trading Bot - INFO - Market is closed, waiting...
2025-04-10 20:26:26,996 - Quantum Trading Bot - INFO - Sleeping for 60 seconds
2025-04-10 20:27:08,135 - Trading System - INFO - Trading Bot is alive: True
2025-04-10 20:27:08,135 - Trading System - INFO - Monitor Bot is alive: True
2025-04-10 20:27:08,135 - Trading System - INFO - Improvement Bot is alive: True
2025-04-10 20:27:26,996 - Quantum Trading Bot - INFO - Starting trading cycle
2025-04-10 20:27:26,998 - Quantum Trading Bot - INFO - Market is closed, waiting...
2025-04-10 20:27:26,998 - Quantum Trading Bot - INFO - Sleeping for 60 seconds
2025-04-10 20:28:08,144 - Trading System - INFO - Trading Bot is alive: True
2025-04-10 20:28:08,145 - Trading System - INFO - Monitor Bot is alive: True
2025-04-10 20:28:08,145 - Trading System - INFO - Improvement Bot is alive: True
2025-04-10 20:28:27,007 - Quantum Trading Bot - INFO - Starting trading cycle
2025-04-10 20:28:27,008 - Quantum Trading Bot - INFO - Market is closed, waiting...
2025-04-10 20:28:27,008 - Quantum Trading Bot - INFO - Sleeping for 60 seconds
2025-04-10 20:29:08,154 - Trading System - INFO - Trading Bot is alive: True
2025-04-10 20:29:08,154 - Trading System - INFO - Monitor Bot is alive: True
2025-04-10 20:29:08,154 - Trading System - INFO - Improvement Bot is alive: True
2025-04-10 20:29:27,012 - Quantum Trading Bot - INFO - Starting trading cycle
2025-04-10 20:29:27,013 - Quantum Trading Bot - INFO - Market is closed, waiting...
2025-04-10 20:29:27,013 - Quantum Trading Bot - INFO - Sleeping for 60 seconds
2025-04-10 20:30:08,162 - Trading System - INFO - Trading Bot is alive: True
2025-04-10 20:30:08,162 - Trading System - INFO - Monitor Bot is alive: True
2025-04-10 20:30:08,162 - Trading System - INFO - Improvement Bot is alive: True
2025-04-10 20:30:27,021 - Quantum Trading Bot - INFO - Starting trading cycle
2025-04-10 20:30:27,022 - Quantum Trading Bot - INFO - Market is closed, waiting...
2025-04-10 20:30:27,022 - Quantum Trading Bot - INFO - Sleeping for 60 seconds
2025-04-10 20:31:08,164 - Trading System - INFO - Trading Bot is alive: True
2025-04-10 20:31:08,165 - Trading System - INFO - Monitor Bot is alive: True
2025-04-10 20:31:08,165 - Trading System - INFO - Improvement Bot is alive: True
2025-04-10 20:31:27,025 - Quantum Trading Bot - INFO - Starting trading cycle
2025-04-10 20:31:27,027 - Quantum Trading Bot - INFO - Market is closed, waiting...
2025-04-10 20:31:27,027 - Quantum Trading Bot - INFO - Sleeping for 60 seconds
2025-04-10 20:32:08,169 - Trading System - INFO - Trading Bot is alive: True
2025-04-10 20:32:08,169 - Trading System - INFO - Monitor Bot is alive: True
2025-04-10 20:32:08,170 - Trading System - INFO - Improvement Bot is alive: True
2025-04-10 20:32:27,027 - Quantum Trading Bot - INFO - Starting trading cycle
2025-04-10 20:32:27,029 - Quantum Trading Bot - INFO - Market is closed, waiting...
2025-04-10 20:32:27,029 - Quantum Trading Bot - INFO - Sleeping for 60 seconds
2025-04-10 20:33:08,171 - Trading System - INFO - Trading Bot is alive: True
2025-04-10 20:33:08,172 - Trading System - INFO - Monitor Bot is alive: True
2025-04-10 20:33:08,172 - Trading System - INFO - Improvement Bot is alive: True
2025-04-10 20:33:27,028 - Quantum Trading Bot - INFO - Starting trading cycle
2025-04-10 20:33:27,030 - Quantum Trading Bot - INFO - Market is closed, waiting...
2025-04-10 20:33:27,030 - Quantum Trading Bot - INFO - Sleeping for 60 seconds
2025-04-10 20:34:08,175 - Trading System - INFO - Trading Bot is alive: True
2025-04-10 20:34:08,175 - Trading System - INFO - Monitor Bot is alive: True
2025-04-10 20:34:08,175 - Trading System - INFO - Improvement Bot is alive: True
2025-04-10 20:34:27,031 - Quantum Trading Bot - INFO - Starting trading cycle
2025-04-10 20:34:27,033 - Quantum Trading Bot - INFO - Market is closed, waiting...
2025-04-10 20:34:27,033 - Quantum Trading Bot - INFO - Sleeping for 60 seconds
2025-04-10 20:35:08,179 - Trading System - INFO - Trading Bot is alive: True
2025-04-10 20:35:08,181 - Trading System - INFO - Monitor Bot is alive: True
2025-04-10 20:35:08,181 - Trading System - INFO - Improvement Bot is alive: True
2025-04-10 20:35:27,033 - Quantum Trading Bot - INFO - Starting trading cycle
2025-04-10 20:35:27,035 - Quantum Trading Bot - INFO - Market is closed, waiting...
2025-04-10 20:35:27,035 - Quantum Trading Bot - INFO - Sleeping for 60 seconds
2025-04-10 20:36:08,185 - Trading System - INFO - Trading Bot is alive: True
2025-04-10 20:36:08,186 - Trading System - INFO - Monitor Bot is alive: True
2025-04-10 20:36:08,186 - Trading System - INFO - Improvement Bot is alive: True
2025-04-10 20:36:27,039 - Quantum Trading Bot - INFO - Starting trading cycle
2025-04-10 20:36:27,040 - Quantum Trading Bot - INFO - Market is closed, waiting...
2025-04-10 20:36:27,040 - Quantum Trading Bot - INFO - Sleeping for 60 seconds
2025-04-10 20:37:08,194 - Trading System - INFO - Trading Bot is alive: True
2025-04-10 20:37:08,195 - Trading System - INFO - Monitor Bot is alive: True
2025-04-10 20:37:08,195 - Trading System - INFO - Improvement Bot is alive: True
2025-04-10 20:37:27,049 - Quantum Trading Bot - INFO - Starting trading cycle
2025-04-10 20:37:27,050 - Quantum Trading Bot - INFO - Market is closed, waiting...
2025-04-10 20:37:27,050 - Quantum Trading Bot - INFO - Sleeping for 60 seconds
2025-04-10 20:38:08,200 - Trading System - INFO - Trading Bot is alive: True
2025-04-10 20:38:08,200 - Trading System - INFO - Monitor Bot is alive: True
2025-04-10 20:38:08,200 - Trading System - INFO - Improvement Bot is alive: True
2025-04-10 20:38:27,059 - Quantum Trading Bot - INFO - Starting trading cycle
2025-04-10 20:38:27,060 - Quantum Trading Bot - INFO - Market is closed, waiting...
2025-04-10 20:38:27,060 - Quantum Trading Bot - INFO - Sleeping for 60 seconds
2025-04-10 20:39:08,207 - Trading System - INFO - Trading Bot is alive: True
2025-04-10 20:39:08,208 - Trading System - INFO - Monitor Bot is alive: True
2025-04-10 20:39:08,209 - Trading System - INFO - Improvement Bot is alive: True
2025-04-10 20:39:27,068 - Quantum Trading Bot - INFO - Starting trading cycle
2025-04-10 20:39:27,068 - Quantum Trading Bot - INFO - Market is closed, waiting...
2025-04-10 20:39:27,069 - Quantum Trading Bot - INFO - Sleeping for 60 seconds
2025-04-10 20:40:08,218 - Trading System - INFO - Trading Bot is alive: True
2025-04-10 20:40:08,219 - Trading System - INFO - Monitor Bot is alive: True
2025-04-10 20:40:08,219 - Trading System - INFO - Improvement Bot is alive: True
2025-04-10 20:40:27,077 - Quantum Trading Bot - INFO - Starting trading cycle
2025-04-10 20:40:27,078 - Quantum Trading Bot - INFO - Market is closed, waiting...
2025-04-10 20:40:27,078 - Quantum Trading Bot - INFO - Sleeping for 60 seconds
2025-04-10 20:41:08,220 - Trading System - INFO - Trading Bot is alive: True
2025-04-10 20:41:08,222 - Trading System - INFO - Monitor Bot is alive: True
2025-04-10 20:41:08,222 - Trading System - INFO - Improvement Bot is alive: True
2025-04-10 20:41:27,087 - Quantum Trading Bot - INFO - Starting trading cycle
2025-04-10 20:41:27,088 - Quantum Trading Bot - INFO - Market is closed, waiting...
2025-04-10 20:41:27,088 - Quantum Trading Bot - INFO - Sleeping for 60 seconds
2025-04-10 20:42:08,224 - Trading System - INFO - Trading Bot is alive: True
2025-04-10 20:42:08,226 - Trading System - INFO - Monitor Bot is alive: True
2025-04-10 20:42:08,226 - Trading System - INFO - Improvement Bot is alive: True
2025-04-10 20:42:27,092 - Quantum Trading Bot - INFO - Starting trading cycle
2025-04-10 20:42:27,093 - Quantum Trading Bot - INFO - Market is closed, waiting...
2025-04-10 20:42:27,094 - Quantum Trading Bot - INFO - Sleeping for 60 seconds
2025-04-10 20:43:08,228 - Trading System - INFO - Trading Bot is alive: True
2025-04-10 20:43:08,229 - Trading System - INFO - Monitor Bot is alive: True
2025-04-10 20:43:08,229 - Trading System - INFO - Improvement Bot is alive: True
2025-04-10 20:43:27,096 - Quantum Trading Bot - INFO - Starting trading cycle
2025-04-10 20:43:27,097 - Quantum Trading Bot - INFO - Market is closed, waiting...
2025-04-10 20:43:27,098 - Quantum Trading Bot - INFO - Sleeping for 60 seconds
2025-04-10 20:44:08,230 - Trading System - INFO - Trading Bot is alive: True
2025-04-10 20:44:08,232 - Trading System - INFO - Monitor Bot is alive: True
2025-04-10 20:44:08,232 - Trading System - INFO - Improvement Bot is alive: True
2025-04-10 20:44:27,101 - Quantum Trading Bot - INFO - Starting trading cycle
2025-04-10 20:44:27,103 - Quantum Trading Bot - INFO - Market is closed, waiting...
2025-04-10 20:44:27,103 - Quantum Trading Bot - INFO - Sleeping for 60 seconds
2025-04-10 20:45:08,236 - Trading System - INFO - Trading Bot is alive: True
2025-04-10 20:45:08,237 - Trading System - INFO - Monitor Bot is alive: True
2025-04-10 20:45:08,238 - Trading System - INFO - Improvement Bot is alive: True
2025-04-10 20:45:27,104 - Quantum Trading Bot - INFO - Starting trading cycle
2025-04-10 20:45:27,105 - Quantum Trading Bot - INFO - Market is closed, waiting...
2025-04-10 20:45:27,105 - Quantum Trading Bot - INFO - Sleeping for 60 seconds
2025-04-10 20:46:08,241 - Trading System - INFO - Trading Bot is alive: True
2025-04-10 20:46:08,242 - Trading System - INFO - Monitor Bot is alive: True
2025-04-10 20:46:08,242 - Trading System - INFO - Improvement Bot is alive: True
2025-04-10 20:46:27,109 - Quantum Trading Bot - INFO - Starting trading cycle
2025-04-10 20:46:27,110 - Quantum Trading Bot - INFO - Market is closed, waiting...
2025-04-10 20:46:27,110 - Quantum Trading Bot - INFO - Sleeping for 60 seconds
2025-04-10 20:47:08,244 - Trading System - INFO - Trading Bot is alive: True
2025-04-10 20:47:08,245 - Trading System - INFO - Monitor Bot is alive: True
2025-04-10 20:47:08,245 - Trading System - INFO - Improvement Bot is alive: True
2025-04-10 20:47:27,114 - Quantum Trading Bot - INFO - Starting trading cycle
2025-04-10 20:47:27,116 - Quantum Trading Bot - INFO - Market is closed, waiting...
2025-04-10 20:47:27,116 - Quantum Trading Bot - INFO - Sleeping for 60 seconds
2025-04-10 20:48:08,249 - Trading System - INFO - Trading Bot is alive: True
2025-04-10 20:48:08,251 - Trading System - INFO - Monitor Bot is alive: True
2025-04-10 20:48:08,251 - Trading System - INFO - Improvement Bot is alive: True
2025-04-10 20:48:27,221 - Quantum Trading Bot - INFO - Starting trading cycle
2025-04-10 20:48:27,222 - Quantum Trading Bot - INFO - Market is closed, waiting...
2025-04-10 20:48:27,222 - Quantum Trading Bot - INFO - Sleeping for 60 seconds
2025-04-10 20:49:08,357 - Trading System - INFO - Trading Bot is alive: True
2025-04-10 20:49:08,358 - Trading System - INFO - Monitor Bot is alive: True
2025-04-10 20:49:08,358 - Trading System - INFO - Improvement Bot is alive: True
2025-04-10 20:49:27,226 - Quantum Trading Bot - INFO - Starting trading cycle
2025-04-10 20:49:27,227 - Quantum Trading Bot - INFO - Market is closed, waiting...
2025-04-10 20:49:27,228 - Quantum Trading Bot - INFO - Sleeping for 60 seconds
2025-04-10 20:50:08,363 - Trading System - INFO - Trading Bot is alive: True
2025-04-10 20:50:08,365 - Trading System - INFO - Monitor Bot is alive: True
2025-04-10 20:50:08,365 - Trading System - INFO - Improvement Bot is alive: True
2025-04-10 20:50:27,234 - Quantum Trading Bot - INFO - Starting trading cycle
2025-04-10 20:50:27,234 - Quantum Trading Bot - INFO - Market is closed, waiting...
2025-04-10 20:50:27,234 - Quantum Trading Bot - INFO - Sleeping for 60 seconds
2025-04-10 20:51:08,367 - Trading System - INFO - Trading Bot is alive: True
2025-04-10 20:51:08,370 - Trading System - INFO - Monitor Bot is alive: True
2025-04-10 20:51:08,370 - Trading System - INFO - Improvement Bot is alive: True
2025-04-10 20:51:27,236 - Quantum Trading Bot - INFO - Starting trading cycle
2025-04-10 20:51:27,237 - Quantum Trading Bot - INFO - Market is closed, waiting...
2025-04-10 20:51:27,238 - Quantum Trading Bot - INFO - Sleeping for 60 seconds
2025-04-10 20:52:08,376 - Trading System - INFO - Trading Bot is alive: True
2025-04-10 20:52:08,377 - Trading System - INFO - Monitor Bot is alive: True
2025-04-10 20:52:08,377 - Trading System - INFO - Improvement Bot is alive: True
2025-04-10 20:52:27,240 - Quantum Trading Bot - INFO - Starting trading cycle
2025-04-10 20:52:27,242 - Quantum Trading Bot - INFO - Market is closed, waiting...
2025-04-10 20:52:27,242 - Quantum Trading Bot - INFO - Sleeping for 60 seconds
2025-04-10 20:53:08,382 - Trading System - INFO - Trading Bot is alive: True
2025-04-10 20:53:08,384 - Trading System - INFO - Monitor Bot is alive: True
2025-04-10 20:53:08,384 - Trading System - INFO - Improvement Bot is alive: True
2025-04-10 20:53:27,245 - Quantum Trading Bot - INFO - Starting trading cycle
2025-04-10 20:53:27,246 - Quantum Trading Bot - INFO - Market is closed, waiting...
2025-04-10 20:53:27,246 - Quantum Trading Bot - INFO - Sleeping for 60 seconds
2025-04-10 20:54:08,390 - Trading System - INFO - Trading Bot is alive: True
2025-04-10 20:54:08,392 - Trading System - INFO - Monitor Bot is alive: True
2025-04-10 20:54:08,392 - Trading System - INFO - Improvement Bot is alive: True
2025-04-10 20:54:27,251 - Quantum Trading Bot - INFO - Starting trading cycle
2025-04-10 20:54:27,253 - Quantum Trading Bot - INFO - Market is closed, waiting...
2025-04-10 20:54:27,253 - Quantum Trading Bot - INFO - Sleeping for 60 seconds
2025-04-10 20:55:08,398 - Trading System - INFO - Trading Bot is alive: True
2025-04-10 20:55:08,399 - Trading System - INFO - Monitor Bot is alive: True
2025-04-10 20:55:08,399 - Trading System - INFO - Improvement Bot is alive: True
2025-04-10 20:55:27,259 - Quantum Trading Bot - INFO - Starting trading cycle
2025-04-10 20:55:27,260 - Quantum Trading Bot - INFO - Market is closed, waiting...
2025-04-10 20:55:27,261 - Quantum Trading Bot - INFO - Sleeping for 60 seconds
2025-04-10 20:56:08,405 - Trading System - INFO - Trading Bot is alive: True
2025-04-10 20:56:08,407 - Trading System - INFO - Monitor Bot is alive: True
2025-04-10 20:56:08,407 - Trading System - INFO - Improvement Bot is alive: True
2025-04-10 20:56:27,264 - Quantum Trading Bot - INFO - Starting trading cycle
2025-04-10 20:56:27,265 - Quantum Trading Bot - INFO - Market is closed, waiting...
2025-04-10 20:56:27,266 - Quantum Trading Bot - INFO - Sleeping for 60 seconds
2025-04-10 20:57:08,412 - Trading System - INFO - Trading Bot is alive: True
2025-04-10 20:57:08,413 - Trading System - INFO - Monitor Bot is alive: True
2025-04-10 20:57:08,413 - Trading System - INFO - Improvement Bot is alive: True
2025-04-10 20:57:27,272 - Quantum Trading Bot - INFO - Starting trading cycle
2025-04-10 20:57:27,272 - Quantum Trading Bot - INFO - Market is closed, waiting...
2025-04-10 20:57:27,272 - Quantum Trading Bot - INFO - Sleeping for 60 seconds
2025-04-10 20:58:08,416 - Trading System - INFO - Trading Bot is alive: True
2025-04-10 20:58:08,419 - Trading System - INFO - Monitor Bot is alive: True
2025-04-10 20:58:08,419 - Trading System - INFO - Improvement Bot is alive: True
2025-04-10 20:58:27,278 - Quantum Trading Bot - INFO - Starting trading cycle
2025-04-10 20:58:27,279 - Quantum Trading Bot - INFO - Market is closed, waiting...
2025-04-10 20:58:27,280 - Quantum Trading Bot - INFO - Sleeping for 60 seconds
2025-04-10 20:59:08,424 - Trading System - INFO - Trading Bot is alive: True
2025-04-10 20:59:08,425 - Trading System - INFO - Monitor Bot is alive: True
2025-04-10 20:59:08,426 - Trading System - INFO - Improvement Bot is alive: True
2025-04-10 20:59:27,283 - Quantum Trading Bot - INFO - Starting trading cycle
2025-04-10 20:59:27,284 - Quantum Trading Bot - INFO - Market is closed, waiting...
2025-04-10 20:59:27,284 - Quantum Trading Bot - INFO - Sleeping for 60 seconds
2025-04-10 21:00:08,428 - Trading System - INFO - Trading Bot is alive: True
2025-04-10 21:00:08,431 - Trading System - INFO - Monitor Bot is alive: True
2025-04-10 21:00:08,431 - Trading System - INFO - Improvement Bot is alive: True
2025-04-10 21:00:27,290 - Quantum Trading Bot - INFO - Starting trading cycle
2025-04-10 21:00:27,292 - Quantum Trading Bot - INFO - Market is closed, waiting...
2025-04-10 21:00:27,292 - Quantum Trading Bot - INFO - Sleeping for 60 seconds
2025-04-10 21:01:08,433 - Trading System - INFO - Trading Bot is alive: True
2025-04-10 21:01:08,434 - Trading System - INFO - Monitor Bot is alive: True
2025-04-10 21:01:08,434 - Trading System - INFO - Improvement Bot is alive: True
2025-04-10 21:01:27,296 - Quantum Trading Bot - INFO - Starting trading cycle
2025-04-10 21:01:27,297 - Quantum Trading Bot - INFO - Market is closed, waiting...
2025-04-10 21:01:27,298 - Quantum Trading Bot - INFO - Sleeping for 60 seconds
2025-04-10 21:02:08,440 - Trading System - INFO - Trading Bot is alive: True
2025-04-10 21:02:08,440 - Trading System - INFO - Monitor Bot is alive: True
2025-04-10 21:02:08,441 - Trading System - INFO - Improvement Bot is alive: True
2025-04-10 21:02:27,300 - Quantum Trading Bot - INFO - Starting trading cycle
2025-04-10 21:02:27,302 - Quantum Trading Bot - INFO - Market is closed, waiting...
2025-04-10 21:02:27,302 - Quantum Trading Bot - INFO - Sleeping for 60 seconds
2025-04-10 21:03:08,446 - Trading System - INFO - Trading Bot is alive: True
2025-04-10 21:03:08,447 - Trading System - INFO - Monitor Bot is alive: True
2025-04-10 21:03:08,447 - Trading System - INFO - Improvement Bot is alive: True
2025-04-10 21:03:27,307 - Quantum Trading Bot - INFO - Starting trading cycle
2025-04-10 21:03:27,308 - Quantum Trading Bot - INFO - Market is closed, waiting...
2025-04-10 21:03:27,308 - Quantum Trading Bot - INFO - Sleeping for 60 seconds
2025-04-10 21:04:08,452 - Trading System - INFO - Trading Bot is alive: True
2025-04-10 21:04:08,453 - Trading System - INFO - Monitor Bot is alive: True
2025-04-10 21:04:08,453 - Trading System - INFO - Improvement Bot is alive: True
2025-04-10 21:04:27,314 - Quantum Trading Bot - INFO - Starting trading cycle
2025-04-10 21:04:27,315 - Quantum Trading Bot - INFO - Market is closed, waiting...
2025-04-10 21:04:27,315 - Quantum Trading Bot - INFO - Sleeping for 60 seconds
2025-04-10 21:05:08,459 - Trading System - INFO - Trading Bot is alive: True
2025-04-10 21:05:08,461 - Trading System - INFO - Monitor Bot is alive: True
2025-04-10 21:05:08,461 - Trading System - INFO - Improvement Bot is alive: True
2025-04-10 21:05:27,321 - Quantum Trading Bot - INFO - Starting trading cycle
2025-04-10 21:05:27,322 - Quantum Trading Bot - INFO - Market is closed, waiting...
2025-04-10 21:05:27,322 - Quantum Trading Bot - INFO - Sleeping for 60 seconds
2025-04-10 21:06:08,469 - Trading System - INFO - Trading Bot is alive: True
2025-04-10 21:06:08,470 - Trading System - INFO - Monitor Bot is alive: True
2025-04-10 21:06:08,470 - Trading System - INFO - Improvement Bot is alive: True
2025-04-10 21:06:27,332 - Quantum Trading Bot - INFO - Starting trading cycle
2025-04-10 21:06:27,333 - Quantum Trading Bot - INFO - Market is closed, waiting...
2025-04-10 21:06:27,333 - Quantum Trading Bot - INFO - Sleeping for 60 seconds
2025-04-10 21:07:08,481 - Trading System - INFO - Trading Bot is alive: True
2025-04-10 21:07:08,481 - Trading System - INFO - Monitor Bot is alive: True
2025-04-10 21:07:08,482 - Trading System - INFO - Improvement Bot is alive: True
2025-04-10 21:07:11,237 - Monitor Bot - INFO - Running scheduled task: Performance Metrics
2025-04-10 21:07:11,245 - Monitor Bot - INFO - === Performance Metrics ===
2025-04-10 21:07:11,245 - Monitor Bot - INFO - Date: 2025-04-10T15:55:49.256138
2025-04-10 21:07:11,245 - Monitor Bot - INFO - Total Trades: 72
2025-04-10 21:07:11,245 - Monitor Bot - INFO - Win Rate: 55.56%
2025-04-10 21:07:11,245 - Monitor Bot - INFO - Total Profit: $18.27
2025-04-10 21:07:11,246 - Monitor Bot - INFO - Average Profit per Trade: $0.25
2025-04-10 21:07:11,246 - Monitor Bot - INFO - Average Profit Percentage: 0.09%
2025-04-10 21:07:11,246 - Monitor Bot - INFO - Maximum Drawdown: 0.10%
2025-04-10 21:07:11,246 - Monitor Bot - INFO - Quantum Prediction Accuracy: 0.00%
2025-04-10 21:07:11,246 - Monitor Bot - INFO - ============================
2025-04-10 21:07:11,263 - Monitor Bot - INFO - Task Performance Metrics completed successfully
2025-04-10 21:07:27,341 - Quantum Trading Bot - INFO - Starting trading cycle
2025-04-10 21:07:27,343 - Quantum Trading Bot - INFO - Market is closed, waiting...
2025-04-10 21:07:27,343 - Quantum Trading Bot - INFO - Sleeping for 60 seconds
2025-04-10 21:08:08,489 - Trading System - INFO - Trading Bot is alive: True
2025-04-10 21:08:08,490 - Trading System - INFO - Monitor Bot is alive: True
2025-04-10 21:08:08,490 - Trading System - INFO - Improvement Bot is alive: True
2025-04-10 21:08:27,351 - Quantum Trading Bot - INFO - Starting trading cycle
2025-04-10 21:08:27,353 - Quantum Trading Bot - INFO - Market is closed, waiting...
2025-04-10 21:08:27,353 - Quantum Trading Bot - INFO - Sleeping for 60 seconds
2025-04-10 21:09:08,498 - Trading System - INFO - Trading Bot is alive: True
2025-04-10 21:09:08,498 - Trading System - INFO - Monitor Bot is alive: True
2025-04-10 21:09:08,498 - Trading System - INFO - Improvement Bot is alive: True
2025-04-10 21:09:27,364 - Quantum Trading Bot - INFO - Starting trading cycle
2025-04-10 21:09:27,364 - Quantum Trading Bot - INFO - Market is closed, waiting...
2025-04-10 21:09:27,365 - Quantum Trading Bot - INFO - Sleeping for 60 seconds
2025-04-10 21:10:08,508 - Trading System - INFO - Trading Bot is alive: True
2025-04-10 21:10:08,510 - Trading System - INFO - Monitor Bot is alive: True
2025-04-10 21:10:08,510 - Trading System - INFO - Improvement Bot is alive: True
2025-04-10 21:10:55,996 - Quantum Trading Bot - INFO - Starting trading cycle
2025-04-10 21:10:55,998 - Quantum Trading Bot - INFO - Market is closed, waiting...
2025-04-10 21:10:55,998 - Quantum Trading Bot - INFO - Sleeping for 60 seconds
2025-04-10 21:22:07,281 - Trading System - INFO - Trading Bot is alive: True
2025-04-10 21:22:07,283 - Trading System - INFO - Monitor Bot is alive: True
2025-04-10 21:22:07,283 - Trading System - INFO - Improvement Bot is alive: True
2025-04-10 21:22:26,150 - Quantum Trading Bot - INFO - Starting trading cycle
2025-04-10 21:22:26,152 - Quantum Trading Bot - INFO - Market is closed, waiting...
2025-04-10 21:22:26,152 - Quantum Trading Bot - INFO - Sleeping for 60 seconds
2025-04-10 21:23:07,289 - Trading System - INFO - Trading Bot is alive: True
2025-04-10 21:23:07,290 - Trading System - INFO - Monitor Bot is alive: True
2025-04-10 21:23:07,290 - Trading System - INFO - Improvement Bot is alive: True
2025-04-10 21:23:26,157 - Quantum Trading Bot - INFO - Starting trading cycle
2025-04-10 21:23:26,158 - Quantum Trading Bot - INFO - Market is closed, waiting...
2025-04-10 21:23:26,158 - Quantum Trading Bot - INFO - Sleeping for 60 seconds
2025-04-10 21:24:07,293 - Trading System - INFO - Trading Bot is alive: True
2025-04-10 21:24:07,294 - Trading System - INFO - Monitor Bot is alive: True
2025-04-10 21:24:07,295 - Trading System - INFO - Improvement Bot is alive: True
2025-04-10 21:24:26,162 - Quantum Trading Bot - INFO - Starting trading cycle
2025-04-10 21:24:26,165 - Quantum Trading Bot - INFO - Market is closed, waiting...
2025-04-10 21:24:26,165 - Quantum Trading Bot - INFO - Sleeping for 60 seconds
2025-04-10 21:25:07,301 - Trading System - INFO - Trading Bot is alive: True
2025-04-10 21:25:07,302 - Trading System - INFO - Monitor Bot is alive: True
2025-04-10 21:25:07,302 - Trading System - INFO - Improvement Bot is alive: True
2025-04-10 21:25:26,140 - Quantum Trading Bot - INFO - Starting trading cycle
2025-04-10 21:25:26,142 - Quantum Trading Bot - INFO - Market is closed, waiting...
2025-04-10 21:25:26,142 - Quantum Trading Bot - INFO - Sleeping for 60 seconds
2025-04-10 21:26:07,264 - Trading System - INFO - Trading Bot is alive: True
2025-04-10 21:26:07,265 - Trading System - INFO - Monitor Bot is alive: True
2025-04-10 21:26:07,266 - Trading System - INFO - Improvement Bot is alive: True
2025-04-10 21:26:26,133 - Quantum Trading Bot - INFO - Starting trading cycle
2025-04-10 21:26:26,134 - Quantum Trading Bot - INFO - Market is closed, waiting...
2025-04-10 21:26:26,134 - Quantum Trading Bot - INFO - Sleeping for 60 seconds
2025-04-10 21:27:07,268 - Trading System - INFO - Trading Bot is alive: True
2025-04-10 21:27:07,269 - Trading System - INFO - Monitor Bot is alive: True
2025-04-10 21:27:07,269 - Trading System - INFO - Improvement Bot is alive: True
2025-04-10 21:27:26,136 - Quantum Trading Bot - INFO - Starting trading cycle
2025-04-10 21:27:26,138 - Quantum Trading Bot - INFO - Market is closed, waiting...
2025-04-10 21:27:26,138 - Quantum Trading Bot - INFO - Sleeping for 60 seconds
2025-04-10 21:28:07,272 - Trading System - INFO - Trading Bot is alive: True
2025-04-10 21:28:07,273 - Trading System - INFO - Monitor Bot is alive: True
2025-04-10 21:28:07,273 - Trading System - INFO - Improvement Bot is alive: True
2025-04-10 21:28:26,143 - Quantum Trading Bot - INFO - Starting trading cycle
2025-04-10 21:28:26,145 - Quantum Trading Bot - INFO - Market is closed, waiting...
2025-04-10 21:28:26,146 - Quantum Trading Bot - INFO - Sleeping for 60 seconds
2025-04-10 21:29:07,277 - Trading System - INFO - Trading Bot is alive: True
2025-04-10 21:29:07,278 - Trading System - INFO - Monitor Bot is alive: True
2025-04-10 21:29:07,278 - Trading System - INFO - Improvement Bot is alive: True
2025-04-10 21:29:26,149 - Quantum Trading Bot - INFO - Starting trading cycle
2025-04-10 21:29:26,151 - Quantum Trading Bot - INFO - Market is closed, waiting...
2025-04-10 21:29:26,151 - Quantum Trading Bot - INFO - Sleeping for 60 seconds
2025-04-10 21:30:07,280 - Trading System - INFO - Trading Bot is alive: True
2025-04-10 21:30:07,280 - Trading System - INFO - Monitor Bot is alive: True
2025-04-10 21:30:07,280 - Trading System - INFO - Improvement Bot is alive: True
2025-04-10 21:30:26,151 - Quantum Trading Bot - INFO - Starting trading cycle
2025-04-10 21:30:26,152 - Quantum Trading Bot - INFO - Market is closed, waiting...
2025-04-10 21:30:26,153 - Quantum Trading Bot - INFO - Sleeping for 60 seconds
2025-04-10 21:31:07,283 - Trading System - INFO - Trading Bot is alive: True
2025-04-10 21:31:07,283 - Trading System - INFO - Monitor Bot is alive: True
2025-04-10 21:31:07,284 - Trading System - INFO - Improvement Bot is alive: True
2025-04-10 21:31:26,155 - Quantum Trading Bot - INFO - Starting trading cycle
2025-04-10 21:31:26,156 - Quantum Trading Bot - INFO - Market is closed, waiting...
2025-04-10 21:31:26,156 - Quantum Trading Bot - INFO - Sleeping for 60 seconds
2025-04-10 21:32:05,810 - Improvement Bot - INFO - Running scheduled task: System Health Analysis
2025-04-10 21:32:05,819 - Improvement Bot - INFO - Win rate trend: +0.00%
2025-04-10 21:32:05,820 - Improvement Bot - INFO - Profit trend: +0.00%
2025-04-10 21:32:05,820 - Improvement Bot - INFO - System health analysis completed: healthy
2025-04-10 21:32:05,821 - Improvement Bot - INFO - Task System Health Analysis completed successfully
2025-04-10 21:32:07,286 - Trading System - INFO - Trading Bot is alive: True
2025-04-10 21:32:07,287 - Trading System - INFO - Monitor Bot is alive: True
2025-04-10 21:32:07,287 - Trading System - INFO - Improvement Bot is alive: True
2025-04-10 21:32:26,160 - Quantum Trading Bot - INFO - Starting trading cycle
2025-04-10 21:32:26,161 - Quantum Trading Bot - INFO - Market is closed, waiting...
2025-04-10 21:32:26,161 - Quantum Trading Bot - INFO - Sleeping for 60 seconds
2025-04-10 21:33:07,291 - Trading System - INFO - Trading Bot is alive: True
2025-04-10 21:33:07,292 - Trading System - INFO - Monitor Bot is alive: True
2025-04-10 21:33:07,292 - Trading System - INFO - Improvement Bot is alive: True
2025-04-10 21:33:26,166 - Quantum Trading Bot - INFO - Starting trading cycle
2025-04-10 21:33:26,168 - Quantum Trading Bot - INFO - Market is closed, waiting...
2025-04-10 21:33:26,168 - Quantum Trading Bot - INFO - Sleeping for 60 seconds
2025-04-10 21:34:07,293 - Trading System - INFO - Trading Bot is alive: True
2025-04-10 21:34:07,293 - Trading System - INFO - Monitor Bot is alive: True
2025-04-10 21:34:07,293 - Trading System - INFO - Improvement Bot is alive: True
2025-04-10 21:34:26,170 - Quantum Trading Bot - INFO - Starting trading cycle
2025-04-10 21:34:26,171 - Quantum Trading Bot - INFO - Market is closed, waiting...
2025-04-10 21:34:26,172 - Quantum Trading Bot - INFO - Sleeping for 60 seconds
2025-04-10 21:35:07,294 - Trading System - INFO - Trading Bot is alive: True
2025-04-10 21:35:07,296 - Trading System - INFO - Monitor Bot is alive: True
2025-04-10 21:35:07,296 - Trading System - INFO - Improvement Bot is alive: True
2025-04-10 21:35:26,174 - Quantum Trading Bot - INFO - Starting trading cycle
2025-04-10 21:35:26,175 - Quantum Trading Bot - INFO - Market is closed, waiting...
2025-04-10 21:35:26,176 - Quantum Trading Bot - INFO - Sleeping for 60 seconds
2025-04-10 21:36:07,297 - Trading System - INFO - Trading Bot is alive: True
2025-04-10 21:36:07,298 - Trading System - INFO - Monitor Bot is alive: True
2025-04-10 21:36:07,298 - Trading System - INFO - Improvement Bot is alive: True
2025-04-10 21:36:26,177 - Quantum Trading Bot - INFO - Starting trading cycle
2025-04-10 21:36:26,179 - Quantum Trading Bot - INFO - Market is closed, waiting...
2025-04-10 21:36:26,179 - Quantum Trading Bot - INFO - Sleeping for 60 seconds
2025-04-10 21:37:07,304 - Trading System - INFO - Trading Bot is alive: True
2025-04-10 21:37:07,305 - Trading System - INFO - Monitor Bot is alive: True
2025-04-10 21:37:07,305 - Trading System - INFO - Improvement Bot is alive: True
2025-04-10 21:37:26,181 - Quantum Trading Bot - INFO - Starting trading cycle
2025-04-10 21:37:26,184 - Quantum Trading Bot - INFO - Market is closed, waiting...
2025-04-10 21:37:26,184 - Quantum Trading Bot - INFO - Sleeping for 60 seconds
2025-04-10 21:38:07,310 - Trading System - INFO - Trading Bot is alive: True
2025-04-10 21:38:07,312 - Trading System - INFO - Monitor Bot is alive: True
2025-04-10 21:38:07,312 - Trading System - INFO - Improvement Bot is alive: True
2025-04-10 21:38:26,188 - Quantum Trading Bot - INFO - Starting trading cycle
2025-04-10 21:38:26,190 - Quantum Trading Bot - INFO - Market is closed, waiting...
2025-04-10 21:38:26,190 - Quantum Trading Bot - INFO - Sleeping for 60 seconds
2025-04-10 21:39:07,315 - Trading System - INFO - Trading Bot is alive: True
2025-04-10 21:39:07,317 - Trading System - INFO - Monitor Bot is alive: True
2025-04-10 21:39:07,317 - Trading System - INFO - Improvement Bot is alive: True
2025-04-10 21:39:26,196 - Quantum Trading Bot - INFO - Starting trading cycle
2025-04-10 21:39:26,198 - Quantum Trading Bot - INFO - Market is closed, waiting...
2025-04-10 21:39:26,199 - Quantum Trading Bot - INFO - Sleeping for 60 seconds
2025-04-10 21:40:07,319 - Trading System - INFO - Trading Bot is alive: True
2025-04-10 21:40:07,321 - Trading System - INFO - Monitor Bot is alive: True
2025-04-10 21:40:07,321 - Trading System - INFO - Improvement Bot is alive: True
2025-04-10 21:40:26,201 - Quantum Trading Bot - INFO - Starting trading cycle
2025-04-10 21:40:26,204 - Quantum Trading Bot - INFO - Market is closed, waiting...
2025-04-10 21:40:26,204 - Quantum Trading Bot - INFO - Sleeping for 60 seconds
2025-04-10 21:41:07,326 - Trading System - INFO - Trading Bot is alive: True
2025-04-10 21:41:07,328 - Trading System - INFO - Monitor Bot is alive: True
2025-04-10 21:41:07,328 - Trading System - INFO - Improvement Bot is alive: True
2025-04-10 21:41:26,206 - Quantum Trading Bot - INFO - Starting trading cycle
2025-04-10 21:41:26,208 - Quantum Trading Bot - INFO - Market is closed, waiting...
2025-04-10 21:41:26,208 - Quantum Trading Bot - INFO - Sleeping for 60 seconds
2025-04-10 21:42:07,328 - Trading System - INFO - Trading Bot is alive: True
2025-04-10 21:42:07,329 - Trading System - INFO - Monitor Bot is alive: True
2025-04-10 21:42:07,329 - Trading System - INFO - Improvement Bot is alive: True
2025-04-10 21:42:26,209 - Quantum Trading Bot - INFO - Starting trading cycle
2025-04-10 21:42:26,211 - Quantum Trading Bot - INFO - Market is closed, waiting...
2025-04-10 21:42:26,211 - Quantum Trading Bot - INFO - Sleeping for 60 seconds
2025-04-10 21:43:07,334 - Trading System - INFO - Trading Bot is alive: True
2025-04-10 21:43:07,335 - Trading System - INFO - Monitor Bot is alive: True
2025-04-10 21:43:07,336 - Trading System - INFO - Improvement Bot is alive: True
2025-04-10 21:43:26,216 - Quantum Trading Bot - INFO - Starting trading cycle
2025-04-10 21:43:26,217 - Quantum Trading Bot - INFO - Market is closed, waiting...
2025-04-10 21:43:26,217 - Quantum Trading Bot - INFO - Sleeping for 60 seconds
2025-04-10 21:44:07,339 - Trading System - INFO - Trading Bot is alive: True
2025-04-10 21:44:07,339 - Trading System - INFO - Monitor Bot is alive: True
2025-04-10 21:44:07,340 - Trading System - INFO - Improvement Bot is alive: True
2025-04-10 21:44:26,222 - Quantum Trading Bot - INFO - Starting trading cycle
2025-04-10 21:44:26,224 - Quantum Trading Bot - INFO - Market is closed, waiting...
2025-04-10 21:44:26,224 - Quantum Trading Bot - INFO - Sleeping for 60 seconds
2025-04-10 21:45:07,342 - Trading System - INFO - Trading Bot is alive: True
2025-04-10 21:45:07,343 - Trading System - INFO - Monitor Bot is alive: True
2025-04-10 21:45:07,343 - Trading System - INFO - Improvement Bot is alive: True
2025-04-10 21:45:26,227 - Quantum Trading Bot - INFO - Starting trading cycle
2025-04-10 21:45:26,228 - Quantum Trading Bot - INFO - Market is closed, waiting...
2025-04-10 21:45:26,228 - Quantum Trading Bot - INFO - Sleeping for 60 seconds
2025-04-10 21:46:07,343 - Trading System - INFO - Trading Bot is alive: True
2025-04-10 21:46:07,343 - Trading System - INFO - Monitor Bot is alive: True
2025-04-10 21:46:07,344 - Trading System - INFO - Improvement Bot is alive: True
2025-04-10 21:46:26,233 - Quantum Trading Bot - INFO - Starting trading cycle
2025-04-10 21:46:26,235 - Quantum Trading Bot - INFO - Market is closed, waiting...
2025-04-10 21:46:26,235 - Quantum Trading Bot - INFO - Sleeping for 60 seconds
2025-04-10 21:47:07,349 - Trading System - INFO - Trading Bot is alive: True
2025-04-10 21:47:07,350 - Trading System - INFO - Monitor Bot is alive: True
2025-04-10 21:47:07,350 - Trading System - INFO - Improvement Bot is alive: True
2025-04-10 21:47:26,238 - Quantum Trading Bot - INFO - Starting trading cycle
2025-04-10 21:47:26,239 - Quantum Trading Bot - INFO - Market is closed, waiting...
2025-04-10 21:47:26,239 - Quantum Trading Bot - INFO - Sleeping for 60 seconds
2025-04-10 21:48:07,360 - Trading System - INFO - Trading Bot is alive: True
2025-04-10 21:48:07,361 - Trading System - INFO - Monitor Bot is alive: True
2025-04-10 21:48:07,361 - Trading System - INFO - Improvement Bot is alive: True
2025-04-10 21:48:26,249 - Quantum Trading Bot - INFO - Starting trading cycle
2025-04-10 21:48:26,250 - Quantum Trading Bot - INFO - Market is closed, waiting...
2025-04-10 21:48:26,250 - Quantum Trading Bot - INFO - Sleeping for 60 seconds
2025-04-10 21:49:07,369 - Trading System - INFO - Trading Bot is alive: True
2025-04-10 21:49:07,370 - Trading System - INFO - Monitor Bot is alive: True
2025-04-10 21:49:07,370 - Trading System - INFO - Improvement Bot is alive: True
2025-04-10 21:49:26,253 - Quantum Trading Bot - INFO - Starting trading cycle
2025-04-10 21:49:26,254 - Quantum Trading Bot - INFO - Market is closed, waiting...
2025-04-10 21:49:26,254 - Quantum Trading Bot - INFO - Sleeping for 60 seconds
2025-04-10 21:50:07,373 - Trading System - INFO - Trading Bot is alive: True
2025-04-10 21:50:07,374 - Trading System - INFO - Monitor Bot is alive: True
2025-04-10 21:50:07,374 - Trading System - INFO - Improvement Bot is alive: True
2025-04-10 21:50:26,261 - Quantum Trading Bot - INFO - Starting trading cycle
2025-04-10 21:50:26,262 - Quantum Trading Bot - INFO - Market is closed, waiting...
2025-04-10 21:50:26,262 - Quantum Trading Bot - INFO - Sleeping for 60 seconds
2025-04-10 21:51:07,376 - Trading System - INFO - Trading Bot is alive: True
2025-04-10 21:51:07,377 - Trading System - INFO - Monitor Bot is alive: True
2025-04-10 21:51:07,377 - Trading System - INFO - Improvement Bot is alive: True
2025-04-10 21:51:26,271 - Quantum Trading Bot - INFO - Starting trading cycle
2025-04-10 21:51:26,271 - Quantum Trading Bot - INFO - Market is closed, waiting...
2025-04-10 21:51:26,271 - Quantum Trading Bot - INFO - Sleeping for 60 seconds
2025-04-10 21:52:36,067 - Trading System - INFO - Trading Bot is alive: True
2025-04-10 21:52:36,068 - Trading System - INFO - Monitor Bot is alive: True
2025-04-10 21:52:36,068 - Trading System - INFO - Improvement Bot is alive: True
2025-04-10 21:52:54,971 - Quantum Trading Bot - INFO - Starting trading cycle
2025-04-10 21:52:54,973 - Quantum Trading Bot - INFO - Market is closed, waiting...
2025-04-10 21:52:54,973 - Quantum Trading Bot - INFO - Sleeping for 60 seconds
2025-04-10 21:53:36,090 - Trading System - INFO - Trading Bot is alive: True
2025-04-10 21:53:36,092 - Trading System - INFO - Monitor Bot is alive: True
2025-04-10 21:53:36,092 - Trading System - INFO - Improvement Bot is alive: True
2025-04-10 21:53:54,982 - Quantum Trading Bot - INFO - Starting trading cycle
2025-04-10 21:53:54,983 - Quantum Trading Bot - INFO - Market is closed, waiting...
2025-04-10 21:53:54,984 - Quantum Trading Bot - INFO - Sleeping for 60 seconds
2025-04-10 21:54:36,098 - Trading System - INFO - Trading Bot is alive: True
2025-04-10 21:54:36,100 - Trading System - INFO - Monitor Bot is alive: True
2025-04-10 21:54:36,100 - Trading System - INFO - Improvement Bot is alive: True
2025-04-10 21:54:54,985 - Quantum Trading Bot - INFO - Starting trading cycle
2025-04-10 21:54:54,986 - Quantum Trading Bot - INFO - Market is closed, waiting...
2025-04-10 21:54:54,987 - Quantum Trading Bot - INFO - Sleeping for 60 seconds
2025-04-10 21:55:36,105 - Trading System - INFO - Trading Bot is alive: True
2025-04-10 21:55:36,107 - Trading System - INFO - Monitor Bot is alive: True
2025-04-10 21:55:36,107 - Trading System - INFO - Improvement Bot is alive: True
2025-04-10 21:55:54,993 - Quantum Trading Bot - INFO - Starting trading cycle
2025-04-10 21:55:54,994 - Quantum Trading Bot - INFO - Market is closed, waiting...
2025-04-10 21:55:54,994 - Quantum Trading Bot - INFO - Sleeping for 60 seconds
2025-04-10 21:56:36,112 - Trading System - INFO - Trading Bot is alive: True
2025-04-10 21:56:36,113 - Trading System - INFO - Monitor Bot is alive: True
2025-04-10 21:56:36,114 - Trading System - INFO - Improvement Bot is alive: True
2025-04-10 21:56:54,999 - Quantum Trading Bot - INFO - Starting trading cycle
2025-04-10 21:56:54,999 - Quantum Trading Bot - INFO - Market is closed, waiting...
2025-04-10 21:56:55,000 - Quantum Trading Bot - INFO - Sleeping for 60 seconds
2025-04-10 21:57:36,116 - Trading System - INFO - Trading Bot is alive: True
2025-04-10 21:57:36,117 - Trading System - INFO - Monitor Bot is alive: True
2025-04-10 21:57:36,117 - Trading System - INFO - Improvement Bot is alive: True
2025-04-10 21:57:55,005 - Quantum Trading Bot - INFO - Starting trading cycle
2025-04-10 21:57:55,007 - Quantum Trading Bot - INFO - Market is closed, waiting...
2025-04-10 21:57:55,007 - Quantum Trading Bot - INFO - Sleeping for 60 seconds
2025-04-10 21:58:36,123 - Trading System - INFO - Trading Bot is alive: True
2025-04-10 21:58:36,123 - Trading System - INFO - Monitor Bot is alive: True
2025-04-10 21:58:36,124 - Trading System - INFO - Improvement Bot is alive: True
2025-04-10 21:58:55,016 - Quantum Trading Bot - INFO - Starting trading cycle
2025-04-10 21:58:55,018 - Quantum Trading Bot - INFO - Market is closed, waiting...
2025-04-10 21:58:55,018 - Quantum Trading Bot - INFO - Sleeping for 60 seconds
2025-04-10 21:59:36,129 - Trading System - INFO - Trading Bot is alive: True
2025-04-10 21:59:36,131 - Trading System - INFO - Monitor Bot is alive: True
2025-04-10 21:59:36,131 - Trading System - INFO - Improvement Bot is alive: True
2025-04-10 21:59:55,029 - Quantum Trading Bot - INFO - Starting trading cycle
2025-04-10 21:59:55,030 - Quantum Trading Bot - INFO - Market is closed, waiting...
2025-04-10 21:59:55,031 - Quantum Trading Bot - INFO - Sleeping for 60 seconds
2025-04-10 22:00:36,137 - Trading System - INFO - Trading Bot is alive: True
2025-04-10 22:00:36,138 - Trading System - INFO - Monitor Bot is alive: True
2025-04-10 22:00:36,138 - Trading System - INFO - Improvement Bot is alive: True
2025-04-10 22:00:55,033 - Quantum Trading Bot - INFO - Starting trading cycle
2025-04-10 22:00:55,035 - Quantum Trading Bot - INFO - Market is closed, waiting...
2025-04-10 22:00:55,035 - Quantum Trading Bot - INFO - Sleeping for 60 seconds
2025-04-10 22:01:36,142 - Trading System - INFO - Trading Bot is alive: True
2025-04-10 22:01:36,142 - Trading System - INFO - Monitor Bot is alive: True
2025-04-10 22:01:36,142 - Trading System - INFO - Improvement Bot is alive: True
2025-04-10 22:01:55,041 - Quantum Trading Bot - INFO - Starting trading cycle
2025-04-10 22:01:55,043 - Quantum Trading Bot - INFO - Market is closed, waiting...
2025-04-10 22:01:55,043 - Quantum Trading Bot - INFO - Sleeping for 60 seconds
2025-04-10 22:02:36,150 - Trading System - INFO - Trading Bot is alive: True
2025-04-10 22:02:36,151 - Trading System - INFO - Monitor Bot is alive: True
2025-04-10 22:02:36,151 - Trading System - INFO - Improvement Bot is alive: True
2025-04-10 22:02:55,050 - Quantum Trading Bot - INFO - Starting trading cycle
2025-04-10 22:02:55,051 - Quantum Trading Bot - INFO - Market is closed, waiting...
2025-04-10 22:02:55,051 - Quantum Trading Bot - INFO - Sleeping for 60 seconds
2025-04-10 22:04:04,613 - Trading System - INFO - Trading Bot is alive: True
2025-04-10 22:04:04,615 - Trading System - INFO - Monitor Bot is alive: True
2025-04-10 22:04:04,615 - Trading System - INFO - Improvement Bot is alive: True
2025-04-10 22:12:34,660 - Quantum Trading Bot - INFO - Starting trading cycle
2025-04-10 22:12:34,661 - Quantum Trading Bot - INFO - Market is closed, waiting...
2025-04-10 22:12:34,661 - Quantum Trading Bot - INFO - Sleeping for 60 seconds
2025-04-10 22:16:08,036 - Trading System - INFO - Trading Bot is alive: True
2025-04-10 22:16:08,038 - Trading System - INFO - Monitor Bot is alive: True
2025-04-10 22:16:08,038 - Trading System - INFO - Improvement Bot is alive: True
2025-04-10 22:16:10,872 - Monitor Bot - INFO - Running scheduled task: Performance Metrics
2025-04-10 22:16:10,879 - Monitor Bot - INFO - === Performance Metrics ===
2025-04-10 22:16:10,879 - Monitor Bot - INFO - Date: 2025-04-10T15:55:49.256138
2025-04-10 22:16:10,880 - Monitor Bot - INFO - Total Trades: 72
2025-04-10 22:16:10,880 - Monitor Bot - INFO - Win Rate: 55.56%
2025-04-10 22:16:10,880 - Monitor Bot - INFO - Total Profit: $18.27
2025-04-10 22:16:10,880 - Monitor Bot - INFO - Average Profit per Trade: $0.25
2025-04-10 22:16:10,880 - Monitor Bot - INFO - Average Profit Percentage: 0.09%
2025-04-10 22:16:10,880 - Monitor Bot - INFO - Maximum Drawdown: 0.10%
2025-04-10 22:16:10,880 - Monitor Bot - INFO - Quantum Prediction Accuracy: 0.00%
2025-04-10 22:16:10,880 - Monitor Bot - INFO - ============================
2025-04-10 22:16:10,890 - Monitor Bot - INFO - Task Performance Metrics completed successfully
2025-04-10 22:16:26,935 - Quantum Trading Bot - INFO - Starting trading cycle
2025-04-10 22:16:26,937 - Quantum Trading Bot - INFO - Market is closed, waiting...
2025-04-10 22:16:26,937 - Quantum Trading Bot - INFO - Sleeping for 60 seconds
2025-04-10 22:22:03,165 - Trading System - INFO - Trading Bot is alive: True
2025-04-10 22:22:03,167 - Trading System - INFO - Monitor Bot is alive: True
2025-04-10 22:22:03,167 - Trading System - INFO - Improvement Bot is alive: True
2025-04-10 22:22:22,065 - Quantum Trading Bot - INFO - Starting trading cycle
2025-04-10 22:22:22,066 - Quantum Trading Bot - INFO - Market is closed, waiting...
2025-04-10 22:22:22,066 - Quantum Trading Bot - INFO - Sleeping for 60 seconds
2025-04-10 22:23:03,175 - Trading System - INFO - Trading Bot is alive: True
2025-04-10 22:23:03,177 - Trading System - INFO - Monitor Bot is alive: True
2025-04-10 22:23:03,177 - Trading System - INFO - Improvement Bot is alive: True
2025-04-10 22:23:32,838 - Quantum Trading Bot - INFO - Starting trading cycle
2025-04-10 22:23:32,839 - Quantum Trading Bot - INFO - Market is closed, waiting...
2025-04-10 22:23:32,839 - Quantum Trading Bot - INFO - Sleeping for 60 seconds
2025-04-10 22:24:13,957 - Trading System - INFO - Trading Bot is alive: True
2025-04-10 22:24:13,960 - Trading System - INFO - Monitor Bot is alive: True
2025-04-10 22:24:13,960 - Trading System - INFO - Improvement Bot is alive: True
2025-04-10 22:24:32,845 - Quantum Trading Bot - INFO - Starting trading cycle
2025-04-10 22:24:32,846 - Quantum Trading Bot - INFO - Market is closed, waiting...
2025-04-10 22:24:32,847 - Quantum Trading Bot - INFO - Sleeping for 60 seconds
2025-04-10 22:25:13,964 - Trading System - INFO - Trading Bot is alive: True
2025-04-10 22:25:13,966 - Trading System - INFO - Monitor Bot is alive: True
2025-04-10 22:25:13,966 - Trading System - INFO - Improvement Bot is alive: True
2025-04-10 22:25:32,849 - Quantum Trading Bot - INFO - Starting trading cycle
2025-04-10 22:25:32,852 - Quantum Trading Bot - INFO - Market is closed, waiting...
2025-04-10 22:25:32,852 - Quantum Trading Bot - INFO - Sleeping for 60 seconds
2025-04-10 22:26:13,971 - Trading System - INFO - Trading Bot is alive: True
2025-04-10 22:26:13,973 - Trading System - INFO - Monitor Bot is alive: True
2025-04-10 22:26:13,973 - Trading System - INFO - Improvement Bot is alive: True
2025-04-10 22:26:32,855 - Quantum Trading Bot - INFO - Starting trading cycle
2025-04-10 22:26:32,856 - Quantum Trading Bot - INFO - Market is closed, waiting...
2025-04-10 22:26:32,856 - Quantum Trading Bot - INFO - Sleeping for 60 seconds
2025-04-10 22:27:13,975 - Trading System - INFO - Trading Bot is alive: True
2025-04-10 22:27:13,977 - Trading System - INFO - Monitor Bot is alive: True
2025-04-10 22:27:13,977 - Trading System - INFO - Improvement Bot is alive: True
2025-04-10 22:27:32,860 - Quantum Trading Bot - INFO - Starting trading cycle
2025-04-10 22:27:32,862 - Quantum Trading Bot - INFO - Market is closed, waiting...
2025-04-10 22:27:32,862 - Quantum Trading Bot - INFO - Sleeping for 60 seconds
2025-04-10 22:28:13,981 - Trading System - INFO - Trading Bot is alive: True
2025-04-10 22:28:13,982 - Trading System - INFO - Monitor Bot is alive: True
2025-04-10 22:28:13,982 - Trading System - INFO - Improvement Bot is alive: True
2025-04-10 22:28:32,866 - Quantum Trading Bot - INFO - Starting trading cycle
2025-04-10 22:28:32,867 - Quantum Trading Bot - INFO - Market is closed, waiting...
2025-04-10 22:28:32,868 - Quantum Trading Bot - INFO - Sleeping for 60 seconds
2025-04-10 22:29:13,987 - Trading System - INFO - Trading Bot is alive: True
2025-04-10 22:29:13,990 - Trading System - INFO - Monitor Bot is alive: True
2025-04-10 22:29:13,990 - Trading System - INFO - Improvement Bot is alive: True
2025-04-10 22:29:32,872 - Quantum Trading Bot - INFO - Starting trading cycle
2025-04-10 22:29:32,874 - Quantum Trading Bot - INFO - Market is closed, waiting...
2025-04-10 22:29:32,874 - Quantum Trading Bot - INFO - Sleeping for 60 seconds
2025-04-10 22:30:13,996 - Trading System - INFO - Trading Bot is alive: True
2025-04-10 22:30:13,997 - Trading System - INFO - Monitor Bot is alive: True
2025-04-10 22:30:13,997 - Trading System - INFO - Improvement Bot is alive: True
2025-04-10 22:30:32,879 - Quantum Trading Bot - INFO - Starting trading cycle
2025-04-10 22:30:32,880 - Quantum Trading Bot - INFO - Market is closed, waiting...
2025-04-10 22:30:32,880 - Quantum Trading Bot - INFO - Sleeping for 60 seconds
2025-04-10 22:31:14,001 - Trading System - INFO - Trading Bot is alive: True
2025-04-10 22:31:14,002 - Trading System - INFO - Monitor Bot is alive: True
2025-04-10 22:31:14,003 - Trading System - INFO - Improvement Bot is alive: True
2025-04-10 22:31:32,884 - Quantum Trading Bot - INFO - Starting trading cycle
2025-04-10 22:31:32,885 - Quantum Trading Bot - INFO - Market is closed, waiting...
2025-04-10 22:31:32,885 - Quantum Trading Bot - INFO - Sleeping for 60 seconds
2025-04-10 22:32:14,007 - Trading System - INFO - Trading Bot is alive: True
2025-04-10 22:32:14,009 - Trading System - INFO - Monitor Bot is alive: True
2025-04-10 22:32:14,009 - Trading System - INFO - Improvement Bot is alive: True
2025-04-10 22:32:32,887 - Quantum Trading Bot - INFO - Starting trading cycle
2025-04-10 22:32:32,888 - Quantum Trading Bot - INFO - Market is closed, waiting...
2025-04-10 22:32:32,888 - Quantum Trading Bot - INFO - Sleeping for 60 seconds
2025-04-10 22:33:14,013 - Trading System - INFO - Trading Bot is alive: True
2025-04-10 22:33:14,015 - Trading System - INFO - Monitor Bot is alive: True
2025-04-10 22:33:14,015 - Trading System - INFO - Improvement Bot is alive: True
2025-04-10 22:33:32,889 - Quantum Trading Bot - INFO - Starting trading cycle
2025-04-10 22:33:32,891 - Quantum Trading Bot - INFO - Market is closed, waiting...
2025-04-10 22:33:32,891 - Quantum Trading Bot - INFO - Sleeping for 60 seconds
2025-04-10 22:34:14,017 - Trading System - INFO - Trading Bot is alive: True
2025-04-10 22:34:14,018 - Trading System - INFO - Monitor Bot is alive: True
2025-04-10 22:34:14,019 - Trading System - INFO - Improvement Bot is alive: True
2025-04-10 22:34:32,896 - Quantum Trading Bot - INFO - Starting trading cycle
2025-04-10 22:34:32,898 - Quantum Trading Bot - INFO - Market is closed, waiting...
2025-04-10 22:34:32,898 - Quantum Trading Bot - INFO - Sleeping for 60 seconds
2025-04-10 22:35:14,023 - Trading System - INFO - Trading Bot is alive: True
2025-04-10 22:35:14,025 - Trading System - INFO - Monitor Bot is alive: True
2025-04-10 22:35:14,025 - Trading System - INFO - Improvement Bot is alive: True
2025-04-10 22:35:32,901 - Quantum Trading Bot - INFO - Starting trading cycle
2025-04-10 22:35:32,903 - Quantum Trading Bot - INFO - Market is closed, waiting...
2025-04-10 22:35:32,904 - Quantum Trading Bot - INFO - Sleeping for 60 seconds
2025-04-10 22:36:14,033 - Trading System - INFO - Trading Bot is alive: True
2025-04-10 22:36:14,033 - Trading System - INFO - Monitor Bot is alive: True
2025-04-10 22:36:14,034 - Trading System - INFO - Improvement Bot is alive: True
2025-04-10 22:36:32,912 - Quantum Trading Bot - INFO - Starting trading cycle
2025-04-10 22:36:32,914 - Quantum Trading Bot - INFO - Market is closed, waiting...
2025-04-10 22:36:32,914 - Quantum Trading Bot - INFO - Sleeping for 60 seconds
2025-04-10 22:37:14,044 - Trading System - INFO - Trading Bot is alive: True
2025-04-10 22:37:14,045 - Trading System - INFO - Monitor Bot is alive: True
2025-04-10 22:37:14,046 - Trading System - INFO - Improvement Bot is alive: True
2025-04-10 22:37:32,921 - Quantum Trading Bot - INFO - Starting trading cycle
2025-04-10 22:37:32,922 - Quantum Trading Bot - INFO - Market is closed, waiting...
2025-04-10 22:37:32,922 - Quantum Trading Bot - INFO - Sleeping for 60 seconds
2025-04-10 22:38:14,049 - Trading System - INFO - Trading Bot is alive: True
2025-04-10 22:38:14,050 - Trading System - INFO - Monitor Bot is alive: True
2025-04-10 22:38:14,050 - Trading System - INFO - Improvement Bot is alive: True
2025-04-10 22:38:32,930 - Quantum Trading Bot - INFO - Starting trading cycle
2025-04-10 22:38:32,932 - Quantum Trading Bot - INFO - Market is closed, waiting...
2025-04-10 22:38:32,932 - Quantum Trading Bot - INFO - Sleeping for 60 seconds
2025-04-10 22:39:14,055 - Trading System - INFO - Trading Bot is alive: True
2025-04-10 22:39:14,057 - Trading System - INFO - Monitor Bot is alive: True
2025-04-10 22:39:14,057 - Trading System - INFO - Improvement Bot is alive: True
2025-04-10 22:39:32,940 - Quantum Trading Bot - INFO - Starting trading cycle
2025-04-10 22:39:32,941 - Quantum Trading Bot - INFO - Market is closed, waiting...
2025-04-10 22:39:32,942 - Quantum Trading Bot - INFO - Sleeping for 60 seconds
2025-04-10 22:40:15,064 - Trading System - INFO - Trading Bot is alive: True
2025-04-10 22:40:15,065 - Trading System - INFO - Monitor Bot is alive: True
2025-04-10 22:40:15,066 - Trading System - INFO - Improvement Bot is alive: True
2025-04-10 22:40:33,948 - Quantum Trading Bot - INFO - Starting trading cycle
2025-04-10 22:40:33,950 - Quantum Trading Bot - INFO - Market is closed, waiting...
2025-04-10 22:40:33,950 - Quantum Trading Bot - INFO - Sleeping for 60 seconds
2025-04-10 22:51:40,314 - Trading System - INFO - Trading Bot is alive: True
2025-04-10 22:51:40,316 - Trading System - INFO - Monitor Bot is alive: True
2025-04-10 22:51:40,316 - Trading System - INFO - Improvement Bot is alive: True
2025-04-10 22:55:27,915 - Quantum Trading Bot - INFO - Starting trading cycle
2025-04-10 22:55:27,917 - Quantum Trading Bot - INFO - Market is closed, waiting...
2025-04-10 22:55:27,917 - Quantum Trading Bot - INFO - Sleeping for 60 seconds
2025-04-10 22:56:09,055 - Trading System - INFO - Trading Bot is alive: True
2025-04-10 22:56:09,057 - Trading System - INFO - Monitor Bot is alive: True
2025-04-10 22:56:09,057 - Trading System - INFO - Improvement Bot is alive: True
2025-04-10 22:56:27,930 - Quantum Trading Bot - INFO - Starting trading cycle
2025-04-10 22:56:27,932 - Quantum Trading Bot - INFO - Market is closed, waiting...
2025-04-10 22:56:27,932 - Quantum Trading Bot - INFO - Sleeping for 60 seconds
2025-04-10 22:57:09,061 - Trading System - INFO - Trading Bot is alive: True
2025-04-10 22:57:09,063 - Trading System - INFO - Monitor Bot is alive: True
2025-04-10 22:57:09,064 - Trading System - INFO - Improvement Bot is alive: True
2025-04-10 22:57:27,937 - Quantum Trading Bot - INFO - Starting trading cycle
2025-04-10 22:57:27,938 - Quantum Trading Bot - INFO - Market is closed, waiting...
2025-04-10 22:57:27,938 - Quantum Trading Bot - INFO - Sleeping for 60 seconds
2025-04-10 22:58:09,067 - Trading System - INFO - Trading Bot is alive: True
2025-04-10 22:58:09,073 - Trading System - INFO - Monitor Bot is alive: True
2025-04-10 22:58:09,074 - Trading System - INFO - Improvement Bot is alive: True
2025-04-10 22:58:27,939 - Quantum Trading Bot - INFO - Starting trading cycle
2025-04-10 22:58:27,941 - Quantum Trading Bot - INFO - Market is closed, waiting...
2025-04-10 22:58:27,941 - Quantum Trading Bot - INFO - Sleeping for 60 seconds
2025-04-10 22:59:09,079 - Trading System - INFO - Trading Bot is alive: True
2025-04-10 22:59:09,079 - Trading System - INFO - Monitor Bot is alive: True
2025-04-10 22:59:09,080 - Trading System - INFO - Improvement Bot is alive: True
2025-04-10 22:59:27,944 - Quantum Trading Bot - INFO - Starting trading cycle
2025-04-10 22:59:27,946 - Quantum Trading Bot - INFO - Market is closed, waiting...
2025-04-10 22:59:27,947 - Quantum Trading Bot - INFO - Sleeping for 60 seconds
2025-04-10 23:00:09,084 - Trading System - INFO - Trading Bot is alive: True
2025-04-10 23:00:09,085 - Trading System - INFO - Monitor Bot is alive: True
2025-04-10 23:00:09,086 - Trading System - INFO - Improvement Bot is alive: True
2025-04-10 23:00:27,949 - Quantum Trading Bot - INFO - Starting trading cycle
2025-04-10 23:00:27,951 - Quantum Trading Bot - INFO - Market is closed, waiting...
2025-04-10 23:00:27,951 - Quantum Trading Bot - INFO - Sleeping for 60 seconds
2025-04-10 23:01:09,087 - Trading System - INFO - Trading Bot is alive: True
2025-04-10 23:01:09,087 - Trading System - INFO - Monitor Bot is alive: True
2025-04-10 23:01:09,087 - Trading System - INFO - Improvement Bot is alive: True
2025-04-10 23:01:27,956 - Quantum Trading Bot - INFO - Starting trading cycle
2025-04-10 23:01:27,957 - Quantum Trading Bot - INFO - Market is closed, waiting...
2025-04-10 23:01:27,958 - Quantum Trading Bot - INFO - Sleeping for 60 seconds
2025-04-10 23:02:09,089 - Trading System - INFO - Trading Bot is alive: True
2025-04-10 23:02:09,090 - Trading System - INFO - Monitor Bot is alive: True
2025-04-10 23:02:09,090 - Trading System - INFO - Improvement Bot is alive: True
2025-04-10 23:02:27,960 - Quantum Trading Bot - INFO - Starting trading cycle
2025-04-10 23:02:27,962 - Quantum Trading Bot - INFO - Market is closed, waiting...
2025-04-10 23:02:27,962 - Quantum Trading Bot - INFO - Sleeping for 60 seconds
2025-04-10 23:03:07,231 - Improvement Bot - INFO - Running scheduled task: System Health Analysis
2025-04-10 23:03:07,241 - Improvement Bot - INFO - Win rate trend: +0.00%
2025-04-10 23:03:07,241 - Improvement Bot - INFO - Profit trend: +0.00%
2025-04-10 23:03:07,242 - Improvement Bot - INFO - System health analysis completed: healthy
2025-04-10 23:03:07,243 - Improvement Bot - INFO - Task System Health Analysis completed successfully
2025-04-10 23:03:09,093 - Trading System - INFO - Trading Bot is alive: True
2025-04-10 23:03:09,094 - Trading System - INFO - Monitor Bot is alive: True
2025-04-10 23:03:09,094 - Trading System - INFO - Improvement Bot is alive: True
2025-04-10 23:03:27,967 - Quantum Trading Bot - INFO - Starting trading cycle
2025-04-10 23:03:27,968 - Quantum Trading Bot - INFO - Market is closed, waiting...
2025-04-10 23:03:27,969 - Quantum Trading Bot - INFO - Sleeping for 60 seconds
2025-04-10 23:04:09,099 - Trading System - INFO - Trading Bot is alive: True
2025-04-10 23:04:09,101 - Trading System - INFO - Monitor Bot is alive: True
2025-04-10 23:04:09,101 - Trading System - INFO - Improvement Bot is alive: True
2025-04-10 23:04:27,974 - Quantum Trading Bot - INFO - Starting trading cycle
2025-04-10 23:04:27,975 - Quantum Trading Bot - INFO - Market is closed, waiting...
2025-04-10 23:04:27,975 - Quantum Trading Bot - INFO - Sleeping for 60 seconds
2025-04-10 23:05:09,104 - Trading System - INFO - Trading Bot is alive: True
2025-04-10 23:05:09,105 - Trading System - INFO - Monitor Bot is alive: True
2025-04-10 23:05:09,106 - Trading System - INFO - Improvement Bot is alive: True
2025-04-10 23:05:27,979 - Quantum Trading Bot - INFO - Starting trading cycle
2025-04-10 23:05:27,981 - Quantum Trading Bot - INFO - Market is closed, waiting...
2025-04-10 23:05:27,981 - Quantum Trading Bot - INFO - Sleeping for 60 seconds
2025-04-10 23:06:09,112 - Trading System - INFO - Trading Bot is alive: True
2025-04-10 23:06:09,113 - Trading System - INFO - Monitor Bot is alive: True
2025-04-10 23:06:09,113 - Trading System - INFO - Improvement Bot is alive: True
2025-04-10 23:06:27,986 - Quantum Trading Bot - INFO - Starting trading cycle
2025-04-10 23:06:27,988 - Quantum Trading Bot - INFO - Market is closed, waiting...
2025-04-10 23:06:27,988 - Quantum Trading Bot - INFO - Sleeping for 60 seconds
2025-04-10 23:07:09,123 - Trading System - INFO - Trading Bot is alive: True
2025-04-10 23:07:09,123 - Trading System - INFO - Monitor Bot is alive: True
2025-04-10 23:07:09,124 - Trading System - INFO - Improvement Bot is alive: True
2025-04-10 23:07:27,997 - Quantum Trading Bot - INFO - Starting trading cycle
2025-04-10 23:07:27,999 - Quantum Trading Bot - INFO - Market is closed, waiting...
2025-04-10 23:07:27,999 - Quantum Trading Bot - INFO - Sleeping for 60 seconds
2025-04-10 23:08:09,134 - Trading System - INFO - Trading Bot is alive: True
2025-04-10 23:08:09,135 - Trading System - INFO - Monitor Bot is alive: True
2025-04-10 23:08:09,135 - Trading System - INFO - Improvement Bot is alive: True
2025-04-10 23:08:28,007 - Quantum Trading Bot - INFO - Starting trading cycle
2025-04-10 23:08:28,008 - Quantum Trading Bot - INFO - Market is closed, waiting...
2025-04-10 23:08:28,008 - Quantum Trading Bot - INFO - Sleeping for 60 seconds
2025-04-10 23:09:09,140 - Trading System - INFO - Trading Bot is alive: True
2025-04-10 23:09:09,141 - Trading System - INFO - Monitor Bot is alive: True
2025-04-10 23:09:09,142 - Trading System - INFO - Improvement Bot is alive: True
2025-04-10 23:09:28,012 - Quantum Trading Bot - INFO - Starting trading cycle
2025-04-10 23:09:28,014 - Quantum Trading Bot - INFO - Market is closed, waiting...
2025-04-10 23:09:28,014 - Quantum Trading Bot - INFO - Sleeping for 60 seconds
2025-04-10 23:10:09,148 - Trading System - INFO - Trading Bot is alive: True
2025-04-10 23:10:09,150 - Trading System - INFO - Monitor Bot is alive: True
2025-04-10 23:10:09,150 - Trading System - INFO - Improvement Bot is alive: True
2025-04-10 23:10:28,023 - Quantum Trading Bot - INFO - Starting trading cycle
2025-04-10 23:10:28,023 - Quantum Trading Bot - INFO - Market is closed, waiting...
2025-04-10 23:10:28,024 - Quantum Trading Bot - INFO - Sleeping for 60 seconds
2025-04-10 23:11:09,155 - Trading System - INFO - Trading Bot is alive: True
2025-04-10 23:11:09,157 - Trading System - INFO - Monitor Bot is alive: True
2025-04-10 23:11:09,157 - Trading System - INFO - Improvement Bot is alive: True
2025-04-10 23:11:28,027 - Quantum Trading Bot - INFO - Starting trading cycle
2025-04-10 23:11:28,028 - Quantum Trading Bot - INFO - Market is closed, waiting...
2025-04-10 23:11:28,028 - Quantum Trading Bot - INFO - Sleeping for 60 seconds
2025-04-10 23:12:09,159 - Trading System - INFO - Trading Bot is alive: True
2025-04-10 23:12:09,161 - Trading System - INFO - Monitor Bot is alive: True
2025-04-10 23:12:09,161 - Trading System - INFO - Improvement Bot is alive: True
2025-04-10 23:12:28,031 - Quantum Trading Bot - INFO - Starting trading cycle
2025-04-10 23:12:28,033 - Quantum Trading Bot - INFO - Market is closed, waiting...
2025-04-10 23:12:28,033 - Quantum Trading Bot - INFO - Sleeping for 60 seconds
2025-04-10 23:13:09,165 - Trading System - INFO - Trading Bot is alive: True
2025-04-10 23:13:09,167 - Trading System - INFO - Monitor Bot is alive: True
2025-04-10 23:13:09,167 - Trading System - INFO - Improvement Bot is alive: True
2025-04-10 23:13:28,038 - Quantum Trading Bot - INFO - Starting trading cycle
2025-04-10 23:13:28,039 - Quantum Trading Bot - INFO - Market is closed, waiting...
2025-04-10 23:13:28,040 - Quantum Trading Bot - INFO - Sleeping for 60 seconds
2025-04-10 23:14:09,170 - Trading System - INFO - Trading Bot is alive: True
2025-04-10 23:14:09,171 - Trading System - INFO - Monitor Bot is alive: True
2025-04-10 23:14:09,171 - Trading System - INFO - Improvement Bot is alive: True
2025-04-10 23:14:28,045 - Quantum Trading Bot - INFO - Starting trading cycle
2025-04-10 23:14:28,046 - Quantum Trading Bot - INFO - Market is closed, waiting...
2025-04-10 23:14:28,046 - Quantum Trading Bot - INFO - Sleeping for 60 seconds
2025-04-10 23:15:09,176 - Trading System - INFO - Trading Bot is alive: True
2025-04-10 23:15:09,176 - Trading System - INFO - Monitor Bot is alive: True
2025-04-10 23:15:09,177 - Trading System - INFO - Improvement Bot is alive: True
2025-04-10 23:15:28,050 - Quantum Trading Bot - INFO - Starting trading cycle
2025-04-10 23:15:28,052 - Quantum Trading Bot - INFO - Market is closed, waiting...
2025-04-10 23:15:28,052 - Quantum Trading Bot - INFO - Sleeping for 60 seconds
2025-04-10 23:16:09,181 - Trading System - INFO - Trading Bot is alive: True
2025-04-10 23:16:09,183 - Trading System - INFO - Monitor Bot is alive: True
2025-04-10 23:16:09,184 - Trading System - INFO - Improvement Bot is alive: True
2025-04-10 23:16:12,043 - Monitor Bot - INFO - Running scheduled task: Performance Metrics
2025-04-10 23:16:12,050 - Monitor Bot - INFO - === Performance Metrics ===
2025-04-10 23:16:12,050 - Monitor Bot - INFO - Date: 2025-04-10T15:55:49.256138
2025-04-10 23:16:12,050 - Monitor Bot - INFO - Total Trades: 72
2025-04-10 23:16:12,050 - Monitor Bot - INFO - Win Rate: 55.56%
2025-04-10 23:16:12,050 - Monitor Bot - INFO - Total Profit: $18.27
2025-04-10 23:16:12,050 - Monitor Bot - INFO - Average Profit per Trade: $0.25
2025-04-10 23:16:12,050 - Monitor Bot - INFO - Average Profit Percentage: 0.09%
2025-04-10 23:16:12,050 - Monitor Bot - INFO - Maximum Drawdown: 0.10%
2025-04-10 23:16:12,050 - Monitor Bot - INFO - Quantum Prediction Accuracy: 0.00%
2025-04-10 23:16:12,051 - Monitor Bot - INFO - ============================
2025-04-10 23:16:12,065 - Monitor Bot - INFO - Task Performance Metrics completed successfully
2025-04-10 23:16:28,057 - Quantum Trading Bot - INFO - Starting trading cycle
2025-04-10 23:16:28,058 - Quantum Trading Bot - INFO - Market is closed, waiting...
2025-04-10 23:16:28,059 - Quantum Trading Bot - INFO - Sleeping for 60 seconds
2025-04-10 23:17:09,190 - Trading System - INFO - Trading Bot is alive: True
2025-04-10 23:17:09,192 - Trading System - INFO - Monitor Bot is alive: True
2025-04-10 23:17:09,192 - Trading System - INFO - Improvement Bot is alive: True
2025-04-10 23:17:28,059 - Quantum Trading Bot - INFO - Starting trading cycle
2025-04-10 23:17:28,061 - Quantum Trading Bot - INFO - Market is closed, waiting...
2025-04-10 23:17:28,061 - Quantum Trading Bot - INFO - Sleeping for 60 seconds
2025-04-10 23:18:09,197 - Trading System - INFO - Trading Bot is alive: True
2025-04-10 23:18:09,199 - Trading System - INFO - Monitor Bot is alive: True
2025-04-10 23:18:09,199 - Trading System - INFO - Improvement Bot is alive: True
2025-04-10 23:18:28,067 - Quantum Trading Bot - INFO - Starting trading cycle
2025-04-10 23:18:28,068 - Quantum Trading Bot - INFO - Market is closed, waiting...
2025-04-10 23:18:28,069 - Quantum Trading Bot - INFO - Sleeping for 60 seconds
2025-04-10 23:19:09,200 - Trading System - INFO - Trading Bot is alive: True
2025-04-10 23:19:09,202 - Trading System - INFO - Monitor Bot is alive: True
2025-04-10 23:19:09,202 - Trading System - INFO - Improvement Bot is alive: True
2025-04-10 23:19:28,072 - Quantum Trading Bot - INFO - Starting trading cycle
2025-04-10 23:19:28,074 - Quantum Trading Bot - INFO - Market is closed, waiting...
2025-04-10 23:19:28,074 - Quantum Trading Bot - INFO - Sleeping for 60 seconds
2025-04-10 23:20:09,207 - Trading System - INFO - Trading Bot is alive: True
2025-04-10 23:20:09,208 - Trading System - INFO - Monitor Bot is alive: True
2025-04-10 23:20:09,208 - Trading System - INFO - Improvement Bot is alive: True
2025-04-10 23:20:12,093 - Monitor Bot - INFO - Running scheduled task: Quantum System Health Check
2025-04-10 23:20:12,094 - Monitor Bot - INFO - Monitoring quantum system health
2025-04-10 23:20:12,096 - Monitor Bot - INFO - Average quantum error rate: 0.0424
2025-04-10 23:20:12,097 - Monitor Bot - INFO - Task Quantum System Health Check completed successfully
2025-04-10 23:20:28,077 - Quantum Trading Bot - INFO - Starting trading cycle
2025-04-10 23:20:28,078 - Quantum Trading Bot - INFO - Market is closed, waiting...
2025-04-10 23:20:28,079 - Quantum Trading Bot - INFO - Sleeping for 60 seconds
2025-04-10 23:21:09,212 - Trading System - INFO - Trading Bot is alive: True
2025-04-10 23:21:09,214 - Trading System - INFO - Monitor Bot is alive: True
2025-04-10 23:21:09,214 - Trading System - INFO - Improvement Bot is alive: True
2025-04-10 23:21:28,083 - Quantum Trading Bot - INFO - Starting trading cycle
2025-04-10 23:21:28,085 - Quantum Trading Bot - INFO - Market is closed, waiting...
2025-04-10 23:21:28,085 - Quantum Trading Bot - INFO - Sleeping for 60 seconds
2025-04-10 23:22:09,218 - Trading System - INFO - Trading Bot is alive: True
2025-04-10 23:22:09,219 - Trading System - INFO - Monitor Bot is alive: True
2025-04-10 23:22:09,219 - Trading System - INFO - Improvement Bot is alive: True
2025-04-10 23:22:28,089 - Quantum Trading Bot - INFO - Starting trading cycle
2025-04-10 23:22:28,090 - Quantum Trading Bot - INFO - Market is closed, waiting...
2025-04-10 23:22:28,090 - Quantum Trading Bot - INFO - Sleeping for 60 seconds
2025-04-10 23:23:09,221 - Trading System - INFO - Trading Bot is alive: True
2025-04-10 23:23:09,223 - Trading System - INFO - Monitor Bot is alive: True
2025-04-10 23:23:09,223 - Trading System - INFO - Improvement Bot is alive: True
2025-04-10 23:23:28,093 - Quantum Trading Bot - INFO - Starting trading cycle
2025-04-10 23:23:28,094 - Quantum Trading Bot - INFO - Market is closed, waiting...
2025-04-10 23:23:28,095 - Quantum Trading Bot - INFO - Sleeping for 60 seconds
2025-04-10 23:24:09,228 - Trading System - INFO - Trading Bot is alive: True
2025-04-10 23:24:09,230 - Trading System - INFO - Monitor Bot is alive: True
2025-04-10 23:24:09,230 - Trading System - INFO - Improvement Bot is alive: True
2025-04-10 23:24:28,100 - Quantum Trading Bot - INFO - Starting trading cycle
2025-04-10 23:24:28,101 - Quantum Trading Bot - INFO - Market is closed, waiting...
2025-04-10 23:24:28,101 - Quantum Trading Bot - INFO - Sleeping for 60 seconds
2025-04-10 23:25:09,233 - Trading System - INFO - Trading Bot is alive: True
2025-04-10 23:25:09,235 - Trading System - INFO - Monitor Bot is alive: True
2025-04-10 23:25:09,235 - Trading System - INFO - Improvement Bot is alive: True
2025-04-10 23:25:28,102 - Quantum Trading Bot - INFO - Starting trading cycle
2025-04-10 23:25:28,104 - Quantum Trading Bot - INFO - Market is closed, waiting...
2025-04-10 23:25:28,104 - Quantum Trading Bot - INFO - Sleeping for 60 seconds
2025-04-10 23:26:09,239 - Trading System - INFO - Trading Bot is alive: True
2025-04-10 23:26:09,240 - Trading System - INFO - Monitor Bot is alive: True
2025-04-10 23:26:09,241 - Trading System - INFO - Improvement Bot is alive: True
2025-04-10 23:26:28,105 - Quantum Trading Bot - INFO - Starting trading cycle
2025-04-10 23:26:28,106 - Quantum Trading Bot - INFO - Market is closed, waiting...
2025-04-10 23:26:28,106 - Quantum Trading Bot - INFO - Sleeping for 60 seconds
2025-04-10 23:27:09,246 - Trading System - INFO - Trading Bot is alive: True
2025-04-10 23:27:09,247 - Trading System - INFO - Monitor Bot is alive: True
2025-04-10 23:27:09,247 - Trading System - INFO - Improvement Bot is alive: True
2025-04-10 23:27:28,108 - Quantum Trading Bot - INFO - Starting trading cycle
2025-04-10 23:27:28,110 - Quantum Trading Bot - INFO - Market is closed, waiting...
2025-04-10 23:27:28,110 - Quantum Trading Bot - INFO - Sleeping for 60 seconds
2025-04-10 23:28:09,237 - Trading System - INFO - Trading Bot is alive: True
2025-04-10 23:28:09,238 - Trading System - INFO - Monitor Bot is alive: True
2025-04-10 23:28:09,239 - Trading System - INFO - Improvement Bot is alive: True
2025-04-10 23:28:28,104 - Quantum Trading Bot - INFO - Starting trading cycle
2025-04-10 23:28:28,106 - Quantum Trading Bot - INFO - Market is closed, waiting...
2025-04-10 23:28:28,106 - Quantum Trading Bot - INFO - Sleeping for 60 seconds
2025-04-10 23:29:09,243 - Trading System - INFO - Trading Bot is alive: True
2025-04-10 23:29:09,244 - Trading System - INFO - Monitor Bot is alive: True
2025-04-10 23:29:09,245 - Trading System - INFO - Improvement Bot is alive: True
2025-04-10 23:29:28,111 - Quantum Trading Bot - INFO - Starting trading cycle
2025-04-10 23:29:28,113 - Quantum Trading Bot - INFO - Market is closed, waiting...
2025-04-10 23:29:28,113 - Quantum Trading Bot - INFO - Sleeping for 60 seconds
2025-04-10 23:30:09,250 - Trading System - INFO - Trading Bot is alive: True
2025-04-10 23:30:09,252 - Trading System - INFO - Monitor Bot is alive: True
2025-04-10 23:30:09,252 - Trading System - INFO - Improvement Bot is alive: True
2025-04-10 23:30:28,116 - Quantum Trading Bot - INFO - Starting trading cycle
2025-04-10 23:30:28,118 - Quantum Trading Bot - INFO - Market is closed, waiting...
2025-04-10 23:30:28,118 - Quantum Trading Bot - INFO - Sleeping for 60 seconds
2025-04-10 23:31:09,257 - Trading System - INFO - Trading Bot is alive: True
2025-04-10 23:31:09,258 - Trading System - INFO - Monitor Bot is alive: True
2025-04-10 23:31:09,258 - Trading System - INFO - Improvement Bot is alive: True
2025-04-10 23:31:28,120 - Quantum Trading Bot - INFO - Starting trading cycle
2025-04-10 23:31:28,121 - Quantum Trading Bot - INFO - Market is closed, waiting...
2025-04-10 23:31:28,121 - Quantum Trading Bot - INFO - Sleeping for 60 seconds
2025-04-10 23:32:09,263 - Trading System - INFO - Trading Bot is alive: True
2025-04-10 23:32:09,264 - Trading System - INFO - Monitor Bot is alive: True
2025-04-10 23:32:09,265 - Trading System - INFO - Improvement Bot is alive: True
2025-04-10 23:32:28,125 - Quantum Trading Bot - INFO - Starting trading cycle
2025-04-10 23:32:28,126 - Quantum Trading Bot - INFO - Market is closed, waiting...
2025-04-10 23:32:28,127 - Quantum Trading Bot - INFO - Sleeping for 60 seconds
2025-04-10 23:33:09,268 - Trading System - INFO - Trading Bot is alive: True
2025-04-10 23:33:09,270 - Trading System - INFO - Monitor Bot is alive: True
2025-04-10 23:33:09,270 - Trading System - INFO - Improvement Bot is alive: True
2025-04-10 23:33:28,131 - Quantum Trading Bot - INFO - Starting trading cycle
2025-04-10 23:33:28,133 - Quantum Trading Bot - INFO - Market is closed, waiting...
2025-04-10 23:33:28,133 - Quantum Trading Bot - INFO - Sleeping for 60 seconds
2025-04-10 23:34:09,273 - Trading System - INFO - Trading Bot is alive: True
2025-04-10 23:34:09,275 - Trading System - INFO - Monitor Bot is alive: True
2025-04-10 23:34:09,275 - Trading System - INFO - Improvement Bot is alive: True
2025-04-10 23:34:28,134 - Quantum Trading Bot - INFO - Starting trading cycle
2025-04-10 23:34:28,135 - Quantum Trading Bot - INFO - Market is closed, waiting...
2025-04-10 23:34:28,136 - Quantum Trading Bot - INFO - Sleeping for 60 seconds
2025-04-10 23:35:09,280 - Trading System - INFO - Trading Bot is alive: True
2025-04-10 23:35:09,281 - Trading System - INFO - Monitor Bot is alive: True
2025-04-10 23:35:09,282 - Trading System - INFO - Improvement Bot is alive: True
2025-04-10 23:35:28,139 - Quantum Trading Bot - INFO - Starting trading cycle
2025-04-10 23:35:28,141 - Quantum Trading Bot - INFO - Market is closed, waiting...
2025-04-10 23:35:28,141 - Quantum Trading Bot - INFO - Sleeping for 60 seconds
2025-04-10 23:36:09,284 - Trading System - INFO - Trading Bot is alive: True
2025-04-10 23:36:09,285 - Trading System - INFO - Monitor Bot is alive: True
2025-04-10 23:36:09,285 - Trading System - INFO - Improvement Bot is alive: True
2025-04-10 23:36:28,143 - Quantum Trading Bot - INFO - Starting trading cycle
2025-04-10 23:36:28,143 - Quantum Trading Bot - INFO - Market is closed, waiting...
2025-04-10 23:36:28,144 - Quantum Trading Bot - INFO - Sleeping for 60 seconds
2025-04-10 23:37:09,290 - Trading System - INFO - Trading Bot is alive: True
2025-04-10 23:37:09,291 - Trading System - INFO - Monitor Bot is alive: True
2025-04-10 23:37:09,291 - Trading System - INFO - Improvement Bot is alive: True
2025-04-10 23:37:28,148 - Quantum Trading Bot - INFO - Starting trading cycle
2025-04-10 23:37:28,148 - Quantum Trading Bot - INFO - Market is closed, waiting...
2025-04-10 23:37:28,148 - Quantum Trading Bot - INFO - Sleeping for 60 seconds
2025-04-10 23:38:09,296 - Trading System - INFO - Trading Bot is alive: True
2025-04-10 23:38:09,297 - Trading System - INFO - Monitor Bot is alive: True
2025-04-10 23:38:09,297 - Trading System - INFO - Improvement Bot is alive: True
2025-04-10 23:38:28,153 - Quantum Trading Bot - INFO - Starting trading cycle
2025-04-10 23:38:28,155 - Quantum Trading Bot - INFO - Market is closed, waiting...
2025-04-10 23:38:28,155 - Quantum Trading Bot - INFO - Sleeping for 60 seconds
2025-04-10 23:39:09,300 - Trading System - INFO - Trading Bot is alive: True
2025-04-10 23:39:09,301 - Trading System - INFO - Monitor Bot is alive: True
2025-04-10 23:39:09,302 - Trading System - INFO - Improvement Bot is alive: True
2025-04-10 23:39:28,160 - Quantum Trading Bot - INFO - Starting trading cycle
2025-04-10 23:39:28,161 - Quantum Trading Bot - INFO - Market is closed, waiting...
2025-04-10 23:39:28,161 - Quantum Trading Bot - INFO - Sleeping for 60 seconds
2025-04-10 23:40:09,307 - Trading System - INFO - Trading Bot is alive: True
2025-04-10 23:40:09,307 - Trading System - INFO - Monitor Bot is alive: True
2025-04-10 23:40:09,307 - Trading System - INFO - Improvement Bot is alive: True
2025-04-10 23:40:28,163 - Quantum Trading Bot - INFO - Starting trading cycle
2025-04-10 23:40:28,164 - Quantum Trading Bot - INFO - Market is closed, waiting...
2025-04-10 23:40:28,164 - Quantum Trading Bot - INFO - Sleeping for 60 seconds
2025-04-10 23:41:09,309 - Trading System - INFO - Trading Bot is alive: True
2025-04-10 23:41:09,310 - Trading System - INFO - Monitor Bot is alive: True
2025-04-10 23:41:09,310 - Trading System - INFO - Improvement Bot is alive: True
2025-04-10 23:41:28,166 - Quantum Trading Bot - INFO - Starting trading cycle
2025-04-10 23:41:28,167 - Quantum Trading Bot - INFO - Market is closed, waiting...
2025-04-10 23:41:28,168 - Quantum Trading Bot - INFO - Sleeping for 60 seconds
2025-04-10 23:42:09,316 - Trading System - INFO - Trading Bot is alive: True
2025-04-10 23:42:09,317 - Trading System - INFO - Monitor Bot is alive: True
2025-04-10 23:42:09,317 - Trading System - INFO - Improvement Bot is alive: True
2025-04-10 23:42:28,172 - Quantum Trading Bot - INFO - Starting trading cycle
2025-04-10 23:42:28,173 - Quantum Trading Bot - INFO - Market is closed, waiting...
2025-04-10 23:42:28,173 - Quantum Trading Bot - INFO - Sleeping for 60 seconds
2025-04-10 23:43:09,320 - Trading System - INFO - Trading Bot is alive: True
2025-04-10 23:43:09,322 - Trading System - INFO - Monitor Bot is alive: True
2025-04-10 23:43:09,322 - Trading System - INFO - Improvement Bot is alive: True
2025-04-10 23:43:28,183 - Quantum Trading Bot - INFO - Starting trading cycle
2025-04-10 23:43:28,185 - Quantum Trading Bot - INFO - Market is closed, waiting...
2025-04-10 23:43:28,185 - Quantum Trading Bot - INFO - Sleeping for 60 seconds
2025-04-10 23:44:09,323 - Trading System - INFO - Trading Bot is alive: True
2025-04-10 23:44:09,324 - Trading System - INFO - Monitor Bot is alive: True
2025-04-10 23:44:09,324 - Trading System - INFO - Improvement Bot is alive: True
2025-04-10 23:44:28,186 - Quantum Trading Bot - INFO - Starting trading cycle
2025-04-10 23:44:28,187 - Quantum Trading Bot - INFO - Market is closed, waiting...
2025-04-10 23:44:28,187 - Quantum Trading Bot - INFO - Sleeping for 60 seconds
2025-04-10 23:45:09,328 - Trading System - INFO - Trading Bot is alive: True
2025-04-10 23:45:09,329 - Trading System - INFO - Monitor Bot is alive: True
2025-04-10 23:45:09,329 - Trading System - INFO - Improvement Bot is alive: True
2025-04-10 23:45:28,192 - Quantum Trading Bot - INFO - Starting trading cycle
2025-04-10 23:45:28,192 - Quantum Trading Bot - INFO - Market is closed, waiting...
2025-04-10 23:45:28,193 - Quantum Trading Bot - INFO - Sleeping for 60 seconds
2025-04-10 23:46:09,331 - Trading System - INFO - Trading Bot is alive: True
2025-04-10 23:46:09,332 - Trading System - INFO - Monitor Bot is alive: True
2025-04-10 23:46:09,332 - Trading System - INFO - Improvement Bot is alive: True
2025-04-10 23:46:28,197 - Quantum Trading Bot - INFO - Starting trading cycle
2025-04-10 23:46:28,198 - Quantum Trading Bot - INFO - Market is closed, waiting...
2025-04-10 23:46:28,198 - Quantum Trading Bot - INFO - Sleeping for 60 seconds
2025-04-10 23:47:09,337 - Trading System - INFO - Trading Bot is alive: True
2025-04-10 23:47:09,338 - Trading System - INFO - Monitor Bot is alive: True
2025-04-10 23:47:09,338 - Trading System - INFO - Improvement Bot is alive: True
2025-04-10 23:47:28,202 - Quantum Trading Bot - INFO - Starting trading cycle
2025-04-10 23:47:28,203 - Quantum Trading Bot - INFO - Market is closed, waiting...
2025-04-10 23:47:28,203 - Quantum Trading Bot - INFO - Sleeping for 60 seconds
2025-04-10 23:48:09,339 - Trading System - INFO - Trading Bot is alive: True
2025-04-10 23:48:09,340 - Trading System - INFO - Monitor Bot is alive: True
2025-04-10 23:48:09,340 - Trading System - INFO - Improvement Bot is alive: True
2025-04-10 23:48:28,208 - Quantum Trading Bot - INFO - Starting trading cycle
2025-04-10 23:48:28,209 - Quantum Trading Bot - INFO - Market is closed, waiting...
2025-04-10 23:48:28,209 - Quantum Trading Bot - INFO - Sleeping for 60 seconds
2025-04-10 23:49:09,343 - Trading System - INFO - Trading Bot is alive: True
2025-04-10 23:49:09,344 - Trading System - INFO - Monitor Bot is alive: True
2025-04-10 23:49:09,344 - Trading System - INFO - Improvement Bot is alive: True
2025-04-10 23:49:28,213 - Quantum Trading Bot - INFO - Starting trading cycle
2025-04-10 23:49:28,215 - Quantum Trading Bot - INFO - Market is closed, waiting...
2025-04-10 23:49:28,215 - Quantum Trading Bot - INFO - Sleeping for 60 seconds
2025-04-10 23:50:09,347 - Trading System - INFO - Trading Bot is alive: True
2025-04-10 23:50:09,348 - Trading System - INFO - Monitor Bot is alive: True
2025-04-10 23:50:09,348 - Trading System - INFO - Improvement Bot is alive: True
2025-04-10 23:50:28,222 - Quantum Trading Bot - INFO - Starting trading cycle
2025-04-10 23:50:28,222 - Quantum Trading Bot - INFO - Market is closed, waiting...
2025-04-10 23:50:28,222 - Quantum Trading Bot - INFO - Sleeping for 60 seconds
2025-04-10 23:51:09,353 - Trading System - INFO - Trading Bot is alive: True
2025-04-10 23:51:09,353 - Trading System - INFO - Monitor Bot is alive: True
2025-04-10 23:51:09,353 - Trading System - INFO - Improvement Bot is alive: True
2025-04-10 23:51:28,232 - Quantum Trading Bot - INFO - Starting trading cycle
2025-04-10 23:51:28,232 - Quantum Trading Bot - INFO - Market is closed, waiting...
2025-04-10 23:51:28,233 - Quantum Trading Bot - INFO - Sleeping for 60 seconds
2025-04-10 23:52:09,363 - Trading System - INFO - Trading Bot is alive: True
2025-04-10 23:52:09,364 - Trading System - INFO - Monitor Bot is alive: True
2025-04-10 23:52:09,364 - Trading System - INFO - Improvement Bot is alive: True
2025-04-10 23:52:28,242 - Quantum Trading Bot - INFO - Starting trading cycle
2025-04-10 23:52:28,243 - Quantum Trading Bot - INFO - Market is closed, waiting...
2025-04-10 23:52:28,243 - Quantum Trading Bot - INFO - Sleeping for 60 seconds
2025-04-10 23:53:09,369 - Trading System - INFO - Trading Bot is alive: True
2025-04-10 23:53:09,370 - Trading System - INFO - Monitor Bot is alive: True
2025-04-10 23:53:09,370 - Trading System - INFO - Improvement Bot is alive: True
2025-04-10 23:53:28,248 - Quantum Trading Bot - INFO - Starting trading cycle
2025-04-10 23:53:28,250 - Quantum Trading Bot - INFO - Market is closed, waiting...
2025-04-10 23:53:28,250 - Quantum Trading Bot - INFO - Sleeping for 60 seconds
2025-04-10 23:54:30,645 - Trading System - INFO - Trading Bot is alive: True
2025-04-10 23:54:30,646 - Trading System - INFO - Monitor Bot is alive: True
2025-04-10 23:54:30,646 - Trading System - INFO - Improvement Bot is alive: True
2025-04-10 23:54:49,525 - Quantum Trading Bot - INFO - Starting trading cycle
2025-04-10 23:54:49,526 - Quantum Trading Bot - INFO - Market is closed, waiting...
2025-04-10 23:54:49,526 - Quantum Trading Bot - INFO - Sleeping for 60 seconds
2025-04-11 00:10:37,779 - Trading System - INFO - Trading Bot is alive: True
2025-04-11 00:10:37,781 - Trading System - INFO - Monitor Bot is alive: True
2025-04-11 00:10:37,781 - Trading System - INFO - Improvement Bot is alive: True
2025-04-11 00:10:56,653 - Quantum Trading Bot - INFO - Starting trading cycle
2025-04-11 00:10:56,655 - Quantum Trading Bot - INFO - Market is closed, waiting...
2025-04-11 00:10:56,655 - Quantum Trading Bot - INFO - Sleeping for 60 seconds
2025-04-11 00:27:03,732 - Trading System - INFO - Trading Bot is alive: True
2025-04-11 00:27:03,733 - Trading System - INFO - Monitor Bot is alive: True
2025-04-11 00:27:03,734 - Trading System - INFO - Improvement Bot is alive: True
2025-04-11 00:27:06,622 - Monitor Bot - INFO - Running scheduled task: Performance Metrics
2025-04-11 00:27:06,629 - Monitor Bot - INFO - === Performance Metrics ===
2025-04-11 00:27:06,629 - Monitor Bot - INFO - Date: 2025-04-10T15:55:49.256138
2025-04-11 00:27:06,629 - Monitor Bot - INFO - Total Trades: 72
2025-04-11 00:27:06,629 - Monitor Bot - INFO - Win Rate: 55.56%
2025-04-11 00:27:06,629 - Monitor Bot - INFO - Total Profit: $18.27
2025-04-11 00:27:06,629 - Monitor Bot - INFO - Average Profit per Trade: $0.25
2025-04-11 00:27:06,629 - Monitor Bot - INFO - Average Profit Percentage: 0.09%
2025-04-11 00:27:06,629 - Monitor Bot - INFO - Maximum Drawdown: 0.10%
2025-04-11 00:27:06,629 - Monitor Bot - INFO - Quantum Prediction Accuracy: 0.00%
2025-04-11 00:27:06,629 - Monitor Bot - INFO - ============================
2025-04-11 00:27:06,641 - Monitor Bot - INFO - Task Performance Metrics completed successfully
2025-04-11 00:27:22,611 - Quantum Trading Bot - INFO - Starting trading cycle
2025-04-11 00:27:22,612 - Quantum Trading Bot - INFO - Market is closed, waiting...
2025-04-11 00:27:22,612 - Quantum Trading Bot - INFO - Sleeping for 60 seconds
2025-04-11 00:28:03,741 - Trading System - INFO - Trading Bot is alive: True
2025-04-11 00:28:03,742 - Trading System - INFO - Monitor Bot is alive: True
2025-04-11 00:28:03,742 - Trading System - INFO - Improvement Bot is alive: True
2025-04-11 00:28:47,504 - Quantum Trading Bot - INFO - Starting trading cycle
2025-04-11 00:28:47,506 - Quantum Trading Bot - INFO - Market is closed, waiting...
2025-04-11 00:28:47,506 - Quantum Trading Bot - INFO - Sleeping for 60 seconds
2025-04-11 00:29:30,073 - Trading System - INFO - Trading Bot is alive: True
2025-04-11 00:29:30,073 - Trading System - INFO - Monitor Bot is alive: True
2025-04-11 00:29:30,074 - Trading System - INFO - Improvement Bot is alive: True
2025-04-11 00:29:48,961 - Quantum Trading Bot - INFO - Starting trading cycle
2025-04-11 00:29:48,962 - Quantum Trading Bot - INFO - Market is closed, waiting...
2025-04-11 00:29:48,962 - Quantum Trading Bot - INFO - Sleeping for 60 seconds
2025-04-11 00:33:30,897 - Trading System - INFO - Trading Bot is alive: True
2025-04-11 00:33:30,899 - Trading System - INFO - Monitor Bot is alive: True
2025-04-11 00:33:30,899 - Trading System - INFO - Improvement Bot is alive: True
2025-04-11 00:33:49,785 - Quantum Trading Bot - INFO - Starting trading cycle
2025-04-11 00:33:49,786 - Quantum Trading Bot - INFO - Market is closed, waiting...
2025-04-11 00:33:49,786 - Quantum Trading Bot - INFO - Sleeping for 60 seconds
2025-04-11 00:49:48,644 - Trading System - INFO - Trading Bot is alive: True
2025-04-11 00:49:48,645 - Trading System - INFO - Monitor Bot is alive: True
2025-04-11 00:49:48,646 - Trading System - INFO - Improvement Bot is alive: True
2025-04-11 00:50:07,531 - Quantum Trading Bot - INFO - Starting trading cycle
2025-04-11 00:50:07,532 - Quantum Trading Bot - INFO - Market is closed, waiting...
2025-04-11 00:50:07,533 - Quantum Trading Bot - INFO - Sleeping for 60 seconds
2025-04-11 00:50:48,649 - Trading System - INFO - Trading Bot is alive: True
2025-04-11 00:50:48,650 - Trading System - INFO - Monitor Bot is alive: True
2025-04-11 00:50:48,650 - Trading System - INFO - Improvement Bot is alive: True
2025-04-11 00:51:07,543 - Quantum Trading Bot - INFO - Starting trading cycle
2025-04-11 00:51:07,543 - Quantum Trading Bot - INFO - Market is closed, waiting...
2025-04-11 00:51:07,543 - Quantum Trading Bot - INFO - Sleeping for 60 seconds
2025-04-11 00:51:48,658 - Trading System - INFO - Trading Bot is alive: True
2025-04-11 00:51:48,659 - Trading System - INFO - Monitor Bot is alive: True
2025-04-11 00:51:48,659 - Trading System - INFO - Improvement Bot is alive: True
2025-04-11 00:52:07,547 - Quantum Trading Bot - INFO - Starting trading cycle
2025-04-11 00:52:07,548 - Quantum Trading Bot - INFO - Market is closed, waiting...
2025-04-11 00:52:07,548 - Quantum Trading Bot - INFO - Sleeping for 60 seconds
2025-04-11 00:52:46,437 - Improvement Bot - INFO - Running scheduled task: System Health Analysis
2025-04-11 00:52:46,445 - Improvement Bot - INFO - Win rate trend: +0.00%
2025-04-11 00:52:46,445 - Improvement Bot - INFO - Profit trend: +0.00%
2025-04-11 00:52:46,446 - Improvement Bot - INFO - System health analysis completed: healthy
2025-04-11 00:52:46,447 - Improvement Bot - INFO - Task System Health Analysis completed successfully
2025-04-11 00:52:48,669 - Trading System - INFO - Trading Bot is alive: True
2025-04-11 00:52:48,669 - Trading System - INFO - Monitor Bot is alive: True
2025-04-11 00:52:48,669 - Trading System - INFO - Improvement Bot is alive: True
2025-04-11 01:08:52,025 - Quantum Trading Bot - INFO - Starting trading cycle
2025-04-11 01:08:52,026 - Quantum Trading Bot - INFO - Market is closed, waiting...
2025-04-11 01:08:52,026 - Quantum Trading Bot - INFO - Sleeping for 60 seconds
2025-04-11 01:09:33,127 - Trading System - INFO - Trading Bot is alive: True
2025-04-11 01:09:33,129 - Trading System - INFO - Monitor Bot is alive: True
2025-04-11 01:09:33,129 - Trading System - INFO - Improvement Bot is alive: True
2025-04-11 01:09:52,016 - Quantum Trading Bot - INFO - Starting trading cycle
2025-04-11 01:09:52,017 - Quantum Trading Bot - INFO - Market is closed, waiting...
2025-04-11 01:09:52,017 - Quantum Trading Bot - INFO - Sleeping for 60 seconds
2025-04-11 01:26:29,692 - Trading System - INFO - Trading Bot is alive: True
2025-04-11 01:26:29,693 - Trading System - INFO - Monitor Bot is alive: True
2025-04-11 01:26:29,694 - Trading System - INFO - Improvement Bot is alive: True
2025-04-11 01:26:48,605 - Quantum Trading Bot - INFO - Starting trading cycle
2025-04-11 01:26:48,607 - Quantum Trading Bot - INFO - Market is closed, waiting...
2025-04-11 01:26:48,607 - Quantum Trading Bot - INFO - Sleeping for 60 seconds
2025-04-11 01:43:39,641 - Trading System - INFO - Trading Bot is alive: True
2025-04-11 01:43:39,642 - Trading System - INFO - Monitor Bot is alive: True
2025-04-11 01:43:39,642 - Trading System - INFO - Improvement Bot is alive: True
2025-04-11 01:43:42,553 - Monitor Bot - INFO - Running scheduled task: Performance Metrics
2025-04-11 01:43:42,560 - Monitor Bot - INFO - === Performance Metrics ===
2025-04-11 01:43:42,560 - Monitor Bot - INFO - Date: 2025-04-10T15:55:49.256138
2025-04-11 01:43:42,560 - Monitor Bot - INFO - Total Trades: 72
2025-04-11 01:43:42,560 - Monitor Bot - INFO - Win Rate: 55.56%
2025-04-11 01:43:42,560 - Monitor Bot - INFO - Total Profit: $18.27
2025-04-11 01:43:42,560 - Monitor Bot - INFO - Average Profit per Trade: $0.25
2025-04-11 01:43:42,560 - Monitor Bot - INFO - Average Profit Percentage: 0.09%
2025-04-11 01:43:42,560 - Monitor Bot - INFO - Maximum Drawdown: 0.10%
2025-04-11 01:43:42,560 - Monitor Bot - INFO - Quantum Prediction Accuracy: 0.00%
2025-04-11 01:43:42,560 - Monitor Bot - INFO - ============================
2025-04-11 01:43:42,570 - Monitor Bot - INFO - Task Performance Metrics completed successfully
2025-04-11 01:43:58,538 - Quantum Trading Bot - INFO - Starting trading cycle
2025-04-11 01:43:58,539 - Quantum Trading Bot - INFO - Market is closed, waiting...
2025-04-11 01:43:58,540 - Quantum Trading Bot - INFO - Sleeping for 60 seconds
2025-04-11 01:50:06,966 - Trading System - INFO - Trading Bot is alive: True
2025-04-11 01:50:06,968 - Trading System - INFO - Monitor Bot is alive: True
2025-04-11 01:50:06,968 - Trading System - INFO - Improvement Bot is alive: True
2025-04-11 01:50:25,859 - Quantum Trading Bot - INFO - Starting trading cycle
2025-04-11 01:50:25,860 - Quantum Trading Bot - INFO - Market is closed, waiting...
2025-04-11 01:50:25,860 - Quantum Trading Bot - INFO - Sleeping for 60 seconds
2025-04-11 02:06:57,826 - Trading System - INFO - Trading Bot is alive: True
2025-04-11 02:06:57,827 - Trading System - INFO - Monitor Bot is alive: True
2025-04-11 02:06:57,828 - Trading System - INFO - Improvement Bot is alive: True
2025-04-11 02:24:38,566 - Quantum Trading Bot - INFO - Starting trading cycle
2025-04-11 02:24:38,567 - Quantum Trading Bot - INFO - Market is closed, waiting...
2025-04-11 02:24:38,567 - Quantum Trading Bot - INFO - Sleeping for 60 seconds
2025-04-11 02:25:19,714 - Trading System - INFO - Trading Bot is alive: True
2025-04-11 02:25:19,716 - Trading System - INFO - Monitor Bot is alive: True
2025-04-11 02:25:19,716 - Trading System - INFO - Improvement Bot is alive: True
2025-04-11 02:25:22,633 - Monitor Bot - INFO - Running scheduled task: Quantum System Health Check
2025-04-11 02:25:22,633 - Monitor Bot - INFO - Monitoring quantum system health
2025-04-11 02:25:22,635 - Monitor Bot - INFO - Average quantum error rate: 0.0424
2025-04-11 02:25:22,637 - Monitor Bot - INFO - Task Quantum System Health Check completed successfully
2025-04-11 02:40:48,507 - Quantum Trading Bot - INFO - Starting trading cycle
2025-04-11 02:40:48,507 - Quantum Trading Bot - INFO - Market is closed, waiting...
2025-04-11 02:40:48,508 - Quantum Trading Bot - INFO - Sleeping for 60 seconds
2025-04-11 02:41:29,629 - Trading System - INFO - Trading Bot is alive: True
2025-04-11 02:41:29,630 - Trading System - INFO - Monitor Bot is alive: True
2025-04-11 02:41:29,630 - Trading System - INFO - Improvement Bot is alive: True
2025-04-11 02:42:06,310 - Quantum Trading Bot - INFO - Starting trading cycle
2025-04-11 02:42:06,311 - Quantum Trading Bot - INFO - Market is closed, waiting...
2025-04-11 02:42:06,312 - Quantum Trading Bot - INFO - Sleeping for 60 seconds
2025-04-11 02:50:55,787 - Trading System - INFO - Trading Bot is alive: True
2025-04-11 02:50:55,789 - Trading System - INFO - Monitor Bot is alive: True
2025-04-11 02:50:55,789 - Trading System - INFO - Improvement Bot is alive: True
2025-04-11 02:50:58,710 - Monitor Bot - INFO - Running scheduled task: Performance Metrics
2025-04-11 02:50:58,718 - Monitor Bot - INFO - === Performance Metrics ===
2025-04-11 02:50:58,718 - Monitor Bot - INFO - Date: 2025-04-10T15:55:49.256138
2025-04-11 02:50:58,718 - Monitor Bot - INFO - Total Trades: 72
2025-04-11 02:50:58,718 - Monitor Bot - INFO - Win Rate: 55.56%
2025-04-11 02:50:58,718 - Monitor Bot - INFO - Total Profit: $18.27
2025-04-11 02:50:58,718 - Monitor Bot - INFO - Average Profit per Trade: $0.25
2025-04-11 02:50:58,718 - Monitor Bot - INFO - Average Profit Percentage: 0.09%
2025-04-11 02:50:58,718 - Monitor Bot - INFO - Maximum Drawdown: 0.10%
2025-04-11 02:50:58,718 - Monitor Bot - INFO - Quantum Prediction Accuracy: 0.00%
2025-04-11 02:50:58,719 - Monitor Bot - INFO - ============================
2025-04-11 02:50:58,733 - Monitor Bot - INFO - Task Performance Metrics completed successfully
2025-04-11 02:51:14,678 - Quantum Trading Bot - INFO - Starting trading cycle
2025-04-11 02:51:14,679 - Quantum Trading Bot - INFO - Market is closed, waiting...
2025-04-11 02:51:14,679 - Quantum Trading Bot - INFO - Sleeping for 60 seconds
2025-04-11 03:07:33,727 - Trading System - INFO - Trading Bot is alive: True
2025-04-11 03:07:33,728 - Trading System - INFO - Monitor Bot is alive: True
2025-04-11 03:07:33,728 - Trading System - INFO - Improvement Bot is alive: True
2025-04-11 03:07:52,608 - Quantum Trading Bot - INFO - Starting trading cycle
2025-04-11 03:07:52,610 - Quantum Trading Bot - INFO - Market is closed, waiting...
2025-04-11 03:07:52,610 - Quantum Trading Bot - INFO - Sleeping for 60 seconds
2025-04-11 03:25:21,583 - Trading System - INFO - Trading Bot is alive: True
2025-04-11 03:25:21,584 - Trading System - INFO - Monitor Bot is alive: True
2025-04-11 03:25:21,585 - Trading System - INFO - Improvement Bot is alive: True
2025-04-11 03:40:45,413 - Quantum Trading Bot - INFO - Starting trading cycle
2025-04-11 03:40:45,415 - Quantum Trading Bot - INFO - Market is closed, waiting...
2025-04-11 03:40:45,415 - Quantum Trading Bot - INFO - Sleeping for 60 seconds
2025-04-11 03:41:26,557 - Trading System - INFO - Trading Bot is alive: True
2025-04-11 03:41:26,558 - Trading System - INFO - Monitor Bot is alive: True
2025-04-11 03:41:26,558 - Trading System - INFO - Improvement Bot is alive: True
2025-04-11 03:41:45,449 - Quantum Trading Bot - INFO - Starting trading cycle
2025-04-11 03:41:45,449 - Quantum Trading Bot - INFO - Market is closed, waiting...
2025-04-11 03:41:45,450 - Quantum Trading Bot - INFO - Sleeping for 60 seconds
2025-04-11 03:45:09,504 - Trading System - INFO - Trading Bot is alive: True
2025-04-11 03:45:09,506 - Trading System - INFO - Monitor Bot is alive: True
2025-04-11 03:45:09,506 - Trading System - INFO - Improvement Bot is alive: True
2025-04-11 03:51:59,855 - Quantum Trading Bot - INFO - Starting trading cycle
2025-04-11 03:51:59,856 - Quantum Trading Bot - INFO - Market is closed, waiting...
2025-04-11 03:51:59,856 - Quantum Trading Bot - INFO - Sleeping for 60 seconds
2025-04-11 04:08:56,737 - Trading System - INFO - Trading Bot is alive: True
2025-04-11 04:08:56,738 - Trading System - INFO - Monitor Bot is alive: True
2025-04-11 04:08:56,739 - Trading System - INFO - Improvement Bot is alive: True
2025-04-11 04:08:59,687 - Monitor Bot - INFO - Running scheduled task: Performance Metrics
2025-04-11 04:08:59,695 - Monitor Bot - INFO - === Performance Metrics ===
2025-04-11 04:08:59,696 - Monitor Bot - INFO - Date: 2025-04-10T15:55:49.256138
2025-04-11 04:08:59,696 - Monitor Bot - INFO - Total Trades: 72
2025-04-11 04:08:59,696 - Monitor Bot - INFO - Win Rate: 55.56%
2025-04-11 04:08:59,696 - Monitor Bot - INFO - Total Profit: $18.27
2025-04-11 04:08:59,696 - Monitor Bot - INFO - Average Profit per Trade: $0.25
2025-04-11 04:08:59,696 - Monitor Bot - INFO - Average Profit Percentage: 0.09%
2025-04-11 04:08:59,696 - Monitor Bot - INFO - Maximum Drawdown: 0.10%
2025-04-11 04:08:59,696 - Monitor Bot - INFO - Quantum Prediction Accuracy: 0.00%
2025-04-11 04:08:59,696 - Monitor Bot - INFO - ============================
2025-04-11 04:08:59,708 - Monitor Bot - INFO - Task Performance Metrics completed successfully
2025-04-11 04:09:15,647 - Quantum Trading Bot - INFO - Starting trading cycle
2025-04-11 04:09:15,648 - Quantum Trading Bot - INFO - Market is closed, waiting...
2025-04-11 04:09:15,648 - Quantum Trading Bot - INFO - Sleeping for 60 seconds
2025-04-11 04:25:24,731 - Trading System - INFO - Trading Bot is alive: True
2025-04-11 04:25:24,733 - Trading System - INFO - Monitor Bot is alive: True
2025-04-11 04:25:24,733 - Trading System - INFO - Improvement Bot is alive: True
2025-04-11 04:25:43,615 - Quantum Trading Bot - INFO - Starting trading cycle
2025-04-11 04:25:43,617 - Quantum Trading Bot - INFO - Market is closed, waiting...
2025-04-11 04:25:43,617 - Quantum Trading Bot - INFO - Sleeping for 60 seconds
2025-04-11 04:41:34,625 - Trading System - INFO - Trading Bot is alive: True
2025-04-11 04:41:34,626 - Trading System - INFO - Monitor Bot is alive: True
2025-04-11 04:41:34,626 - Trading System - INFO - Improvement Bot is alive: True
2025-04-11 04:41:53,509 - Quantum Trading Bot - INFO - Starting trading cycle
2025-04-11 04:41:53,509 - Quantum Trading Bot - INFO - Market is closed, waiting...
2025-04-11 04:41:53,509 - Quantum Trading Bot - INFO - Sleeping for 60 seconds
2025-04-11 04:52:57,363 - Trading System - INFO - Trading Bot is alive: True
2025-04-11 04:52:57,365 - Trading System - INFO - Monitor Bot is alive: True
2025-04-11 04:52:57,365 - Trading System - INFO - Improvement Bot is alive: True
2025-04-11 04:53:16,247 - Quantum Trading Bot - INFO - Starting trading cycle
2025-04-11 04:53:16,248 - Quantum Trading Bot - INFO - Market is closed, waiting...
2025-04-11 04:53:16,248 - Quantum Trading Bot - INFO - Sleeping for 60 seconds
2025-04-11 05:10:52,238 - Trading System - INFO - Trading Bot is alive: True
2025-04-11 05:10:52,239 - Trading System - INFO - Monitor Bot is alive: True
2025-04-11 05:10:52,240 - Trading System - INFO - Improvement Bot is alive: True
2025-04-11 05:10:55,200 - Monitor Bot - INFO - Running scheduled task: Performance Metrics
2025-04-11 05:10:55,207 - Monitor Bot - INFO - === Performance Metrics ===
2025-04-11 05:10:55,208 - Monitor Bot - INFO - Date: 2025-04-10T15:55:49.256138
2025-04-11 05:10:55,208 - Monitor Bot - INFO - Total Trades: 72
2025-04-11 05:10:55,208 - Monitor Bot - INFO - Win Rate: 55.56%
2025-04-11 05:10:55,208 - Monitor Bot - INFO - Total Profit: $18.27
2025-04-11 05:10:55,208 - Monitor Bot - INFO - Average Profit per Trade: $0.25
2025-04-11 05:10:55,208 - Monitor Bot - INFO - Average Profit Percentage: 0.09%
2025-04-11 05:10:55,208 - Monitor Bot - INFO - Maximum Drawdown: 0.10%
2025-04-11 05:10:55,208 - Monitor Bot - INFO - Quantum Prediction Accuracy: 0.00%
2025-04-11 05:10:55,208 - Monitor Bot - INFO - ============================
2025-04-11 05:10:55,218 - Monitor Bot - INFO - Task Performance Metrics completed successfully
2025-04-11 05:11:11,111 - Quantum Trading Bot - INFO - Starting trading cycle
2025-04-11 05:11:11,112 - Quantum Trading Bot - INFO - Market is closed, waiting...
2025-04-11 05:11:11,112 - Quantum Trading Bot - INFO - Sleeping for 60 seconds
2025-04-11 05:28:19,103 - Trading System - INFO - Trading Bot is alive: True
2025-04-11 05:28:19,105 - Trading System - INFO - Monitor Bot is alive: True
2025-04-11 05:28:19,105 - Trading System - INFO - Improvement Bot is alive: True
2025-04-11 05:28:22,086 - Monitor Bot - INFO - Running scheduled task: Quantum System Health Check
2025-04-11 05:28:22,086 - Monitor Bot - INFO - Monitoring quantum system health
2025-04-11 05:28:22,088 - Monitor Bot - INFO - Average quantum error rate: 0.0424
2025-04-11 05:28:22,092 - Monitor Bot - INFO - Task Quantum System Health Check completed successfully
2025-04-11 05:45:18,831 - Quantum Trading Bot - INFO - Starting trading cycle
2025-04-11 05:45:18,832 - Quantum Trading Bot - INFO - Market is closed, waiting...
2025-04-11 05:45:18,833 - Quantum Trading Bot - INFO - Sleeping for 60 seconds
2025-04-11 05:45:59,992 - Trading System - INFO - Trading Bot is alive: True
2025-04-11 05:45:59,994 - Trading System - INFO - Monitor Bot is alive: True
2025-04-11 05:45:59,994 - Trading System - INFO - Improvement Bot is alive: True
2025-04-11 05:54:03,081 - Quantum Trading Bot - INFO - Starting trading cycle
2025-04-11 05:54:03,082 - Quantum Trading Bot - INFO - Market is closed, waiting...
2025-04-11 05:54:03,082 - Quantum Trading Bot - INFO - Sleeping for 60 seconds
2025-04-11 06:11:13,887 - Trading System - INFO - Trading Bot is alive: True
2025-04-11 06:11:13,889 - Trading System - INFO - Monitor Bot is alive: True
2025-04-11 06:11:13,889 - Trading System - INFO - Improvement Bot is alive: True
2025-04-11 06:11:16,873 - Monitor Bot - INFO - Running scheduled task: Performance Metrics
2025-04-11 06:11:16,880 - Monitor Bot - INFO - === Performance Metrics ===
2025-04-11 06:11:16,880 - Monitor Bot - INFO - Date: 2025-04-10T15:55:49.256138
2025-04-11 06:11:16,880 - Monitor Bot - INFO - Total Trades: 72
2025-04-11 06:11:16,880 - Monitor Bot - INFO - Win Rate: 55.56%
2025-04-11 06:11:16,880 - Monitor Bot - INFO - Total Profit: $18.27
2025-04-11 06:11:16,880 - Monitor Bot - INFO - Average Profit per Trade: $0.25
2025-04-11 06:11:16,880 - Monitor Bot - INFO - Average Profit Percentage: 0.09%
2025-04-11 06:11:16,880 - Monitor Bot - INFO - Maximum Drawdown: 0.10%
2025-04-11 06:11:16,880 - Monitor Bot - INFO - Quantum Prediction Accuracy: 0.00%
2025-04-11 06:11:16,880 - Monitor Bot - INFO - ============================
2025-04-11 06:11:16,889 - Monitor Bot - INFO - Task Performance Metrics completed successfully
2025-04-11 06:11:32,749 - Quantum Trading Bot - INFO - Starting trading cycle
2025-04-11 06:11:32,750 - Quantum Trading Bot - INFO - Market is closed, waiting...
2025-04-11 06:11:32,750 - Quantum Trading Bot - INFO - Sleeping for 60 seconds
2025-04-11 06:28:18,734 - Trading System - INFO - Trading Bot is alive: True
2025-04-11 06:28:18,735 - Trading System - INFO - Monitor Bot is alive: True
2025-04-11 06:28:18,735 - Trading System - INFO - Improvement Bot is alive: True
2025-04-11 06:28:37,607 - Quantum Trading Bot - INFO - Starting trading cycle
2025-04-11 06:28:37,608 - Quantum Trading Bot - INFO - Market is closed, waiting...
2025-04-11 06:28:37,608 - Quantum Trading Bot - INFO - Sleeping for 60 seconds
2025-04-11 06:44:46,677 - Trading System - INFO - Trading Bot is alive: True
2025-04-11 06:44:46,678 - Trading System - INFO - Monitor Bot is alive: True
2025-04-11 06:44:46,678 - Trading System - INFO - Improvement Bot is alive: True
2025-04-11 06:45:05,548 - Quantum Trading Bot - INFO - Starting trading cycle
2025-04-11 06:45:05,549 - Quantum Trading Bot - INFO - Market is closed, waiting...
2025-04-11 06:45:05,549 - Quantum Trading Bot - INFO - Sleeping for 60 seconds
2025-04-11 06:55:19,237 - Trading System - INFO - Trading Bot is alive: True
2025-04-11 06:55:19,239 - Trading System - INFO - Monitor Bot is alive: True
2025-04-11 06:55:19,239 - Trading System - INFO - Improvement Bot is alive: True
2025-04-11 07:11:09,968 - Quantum Trading Bot - INFO - Starting trading cycle
2025-04-11 07:11:09,968 - Quantum Trading Bot - INFO - Market is closed, waiting...
2025-04-11 07:11:09,968 - Quantum Trading Bot - INFO - Sleeping for 60 seconds
2025-04-11 07:11:51,114 - Trading System - INFO - Trading Bot is alive: True
2025-04-11 07:11:51,115 - Trading System - INFO - Monitor Bot is alive: True
2025-04-11 07:11:51,115 - Trading System - INFO - Improvement Bot is alive: True
2025-04-11 07:11:54,124 - Monitor Bot - INFO - Running scheduled task: Performance Metrics
2025-04-11 07:11:54,130 - Monitor Bot - INFO - === Performance Metrics ===
2025-04-11 07:11:54,130 - Monitor Bot - INFO - Date: 2025-04-10T15:55:49.256138
2025-04-11 07:11:54,130 - Monitor Bot - INFO - Total Trades: 72
2025-04-11 07:11:54,130 - Monitor Bot - INFO - Win Rate: 55.56%
2025-04-11 07:11:54,130 - Monitor Bot - INFO - Total Profit: $18.27
2025-04-11 07:11:54,130 - Monitor Bot - INFO - Average Profit per Trade: $0.25
2025-04-11 07:11:54,130 - Monitor Bot - INFO - Average Profit Percentage: 0.09%
2025-04-11 07:11:54,130 - Monitor Bot - INFO - Maximum Drawdown: 0.10%
2025-04-11 07:11:54,130 - Monitor Bot - INFO - Quantum Prediction Accuracy: 0.00%
2025-04-11 07:11:54,130 - Monitor Bot - INFO - ============================
2025-04-11 07:11:54,141 - Monitor Bot - INFO - Task Performance Metrics completed successfully
2025-04-11 07:29:28,854 - Quantum Trading Bot - INFO - Starting trading cycle
2025-04-11 07:29:28,855 - Quantum Trading Bot - INFO - Market is closed, waiting...
2025-04-11 07:29:28,855 - Quantum Trading Bot - INFO - Sleeping for 60 seconds
2025-04-11 07:47:03,919 - Trading System - INFO - Trading Bot is alive: True
2025-04-11 07:47:03,920 - Trading System - INFO - Monitor Bot is alive: True
2025-04-11 07:47:03,920 - Trading System - INFO - Improvement Bot is alive: True
2025-04-11 07:47:06,946 - Monitor Bot - INFO - Running scheduled task: Performance Charts
