2025-04-12 23:28:26,942 - Trading System - INFO - Configuration loaded successfully
2025-04-12 23:28:27,220 - Platform Factory - INFO - Platform factory initialized with trading mode: paper
2025-04-12 23:28:27,220 - Trading System - INFO - Initialized platform factory with new adapters
2025-04-12 23:28:27,221 - Trading System - INFO - Environment variables loaded
2025-04-12 23:28:27,243 - Trading System - INFO - Encryption key loaded
2025-04-12 23:28:27,244 - Trading System - INFO - Fixed syntax error in improvement_bot.py
2025-04-12 23:28:27,694 - Trading System - INFO - scikit-learn is available (version 1.6.1)
2025-04-12 23:28:28,465 - Financial News - INFO - Financial News Collector initialized
2025-04-12 23:28:28,465 - Financial News - ERROR - Error loading news configuration: Expecting value: line 1 column 1 (char 0)
2025-04-12 23:28:28,465 - News Trading Integration - INFO - News integrator initialized
2025-04-12 23:28:28,465 - Trading System - ERROR - Error importing trading_bot: name 'platform_adapter' is not defined
2025-04-12 23:28:28,572 - Trading System - ERROR - Failed to import one or more bot modules. Exiting.
2025-04-12 23:31:45,920 - Trading System - INFO - Configuration loaded successfully
2025-04-12 23:31:46,166 - Platform Factory - INFO - Platform factory initialized with trading mode: paper
2025-04-12 23:31:46,166 - Trading System - INFO - Initialized platform factory with new adapters
2025-04-12 23:31:46,166 - Trading System - INFO - Environment variables loaded
2025-04-12 23:31:46,174 - Trading System - INFO - Encryption key loaded
2025-04-12 23:31:46,175 - Trading System - INFO - Fixed syntax error in improvement_bot.py
2025-04-12 23:31:46,542 - Trading System - INFO - scikit-learn is available (version 1.6.1)
2025-04-12 23:31:47,213 - Financial News - INFO - Financial News Collector initialized
2025-04-12 23:31:47,213 - Financial News - ERROR - Error loading news configuration: Expecting value: line 1 column 1 (char 0)
2025-04-12 23:31:47,213 - News Trading Integration - INFO - News integrator initialized
2025-04-12 23:31:47,213 - Financial News - INFO - Financial News Collector initialized
2025-04-12 23:31:47,213 - Financial News - ERROR - Error loading news configuration: Expecting value: line 1 column 1 (char 0)
2025-04-12 23:31:47,213 - News Trading Integration - INFO - News integrator initialized
2025-04-12 23:31:47,213 - Quantum Trading Bot - INFO - Attempting to import quantum libraries...
2025-04-12 23:31:47,752 - qiskit.passmanager.base_tasks - INFO - Pass: UnrollCustomDefinitions - 0.14496 (ms)
2025-04-12 23:31:47,752 - qiskit.transpiler.passes.basis.basis_translator - INFO - Begin BasisTranslator from source basis {('u3', 1)} to target basis {'z', 'rx', 'reset', 'cx', 'u', 'barrier', 'snapshot', 'rz', 'delay', 'x', 'store', 'p', 'measure', 'ry'}.
2025-04-12 23:31:47,753 - qiskit.transpiler.passes.basis.basis_translator - INFO - Basis translation path search completed in 0.000s.
2025-04-12 23:31:47,753 - qiskit.transpiler.passes.basis.basis_translator - INFO - Basis translation paths composed in 0.000s.
2025-04-12 23:31:47,753 - qiskit.transpiler.passes.basis.basis_translator - INFO - Basis translation instructions replaced in 0.000s.
2025-04-12 23:31:47,753 - qiskit.passmanager.base_tasks - INFO - Pass: BasisTranslator - 0.58198 (ms)
2025-04-12 23:31:47,756 - Quantum Trading Bot - INFO - Quantum libraries successfully imported: PennyLane 0.40.0, Qiskit 1.2.4
2025-04-12 23:31:47,760 - Quantum Trading Bot - INFO - ========== TRADING LOOP FUNCTION ENTERED ==========
2025-04-12 23:31:47,760 - Trading System - INFO - Started Trading Bot
2025-04-12 23:31:47,760 - Monitor Bot - INFO - Starting monitoring loop
2025-04-12 23:31:47,760 - Quantum Trading Bot - INFO - Configuration loaded successfully
2025-04-12 23:31:47,760 - Trading System - INFO - Started Monitor Bot
2025-04-12 23:31:47,760 - Improvement Bot - INFO - Starting improvement bot
2025-04-12 23:31:47,760 - Trading System - INFO - Started Improvement Bot
2025-04-12 23:31:47,760 - Trading System - INFO - Trading Bot is alive: True
2025-04-12 23:31:47,760 - Trading System - INFO - Monitor Bot is alive: True
2025-04-12 23:31:47,760 - Trading System - INFO - All bots started. Press Ctrl+C to exit.
2025-04-12 23:31:47,760 - Trading System - INFO - Improvement Bot is alive: True
2025-04-12 23:31:47,761 - Quantum Trading Bot - INFO - Trade history loaded
2025-04-12 23:31:47,761 - Improvement Bot - INFO - Configuration loaded successfully
2025-04-12 23:31:47,761 - Quantum Trading Bot - INFO - Signal handlers not installed - not in main thread
2025-04-12 23:31:47,761 - Quantum Trading Bot - INFO - Initialized PennyLane quantum device: default.qubit
2025-04-12 23:31:47,761 - Quantum Trading Bot - INFO - Mock adapter initialized
2025-04-12 23:31:47,762 - Quantum Trading Bot - INFO - Starting trading cycle
2025-04-12 23:31:47,762 - Improvement Bot - INFO - Running scheduled task: System Backup
2025-04-12 23:31:47,762 - Quantum Trading Bot - INFO - Market is closed, waiting...
2025-04-12 23:31:47,762 - Quantum Trading Bot - INFO - Sleeping for 60 seconds
2025-04-12 23:31:47,766 - Monitor Bot - INFO - Running scheduled task: Initial Performance Metrics
2025-04-12 23:31:47,768 - Monitor Bot - INFO - === Performance Metrics ===
2025-04-12 23:31:47,768 - Monitor Bot - INFO - Date: 2025-04-11T15:59:24.665786
2025-04-12 23:31:47,768 - Monitor Bot - INFO - Total Trades: 72
2025-04-12 23:31:47,768 - Monitor Bot - INFO - Win Rate: 55.56%
2025-04-12 23:31:47,768 - Monitor Bot - INFO - Total Profit: $18.27
2025-04-12 23:31:47,768 - Monitor Bot - INFO - Average Profit per Trade: $0.25
2025-04-12 23:31:47,768 - Monitor Bot - INFO - Average Profit Percentage: 0.09%
2025-04-12 23:31:47,768 - Monitor Bot - INFO - Maximum Drawdown: 0.10%
2025-04-12 23:31:47,768 - Monitor Bot - INFO - Quantum Prediction Accuracy: 0.00%
2025-04-12 23:31:47,769 - Monitor Bot - INFO - ============================
2025-04-12 23:31:47,774 - Monitor Bot - INFO - Task Initial Performance Metrics completed successfully
2025-04-12 23:31:47,774 - Monitor Bot - INFO - Running scheduled task: Initial API Health Check
2025-04-12 23:31:47,774 - WebUll Adapter - INFO - Generated device ID for WebUll: TradingBot-05e9fc221408
2025-04-12 23:31:47,775 - WebUll Adapter - INFO - WebUll Adapter initialized in paper trading mode
2025-04-12 23:31:47,775 - Platform Factory - INFO - Created WebUll adapter in paper mode
2025-04-12 23:31:47,778 - Improvement Bot - INFO - System snapshot created at backups/snapshot_20250412_233147
2025-04-12 23:31:47,778 - Improvement Bot - INFO - Task System Backup completed successfully
2025-04-12 23:31:47,778 - Improvement Bot - INFO - Running scheduled task: Code Quality Check - Trading Bot
2025-04-12 23:31:47,779 - Improvement Bot - INFO - Found 2 issues in trading_bot
2025-04-12 23:31:47,779 - Improvement Bot - INFO - Task Code Quality Check - Trading Bot completed successfully
2025-04-12 23:31:47,779 - Improvement Bot - INFO - Running scheduled task: Code Quality Check - Monitor Bot
2025-04-12 23:31:47,779 - Improvement Bot - INFO - No issues found in monitor_bot
2025-04-12 23:31:47,779 - Improvement Bot - WARNING - Task Code Quality Check - Monitor Bot completed with warnings
2025-04-12 23:31:47,779 - Improvement Bot - INFO - Running scheduled task: Code Quality Check - Improvement Bot
2025-04-12 23:31:47,780 - Improvement Bot - INFO - Found 6 issues in improvement_bot
2025-04-12 23:31:47,780 - Improvement Bot - INFO - Task Code Quality Check - Improvement Bot completed successfully
2025-04-12 23:31:47,780 - Improvement Bot - INFO - Running scheduled task: ML Model Optimization
2025-04-12 23:31:47,780 - Improvement Bot - INFO - No ML models found to optimize
2025-04-12 23:31:47,780 - Improvement Bot - WARNING - Task ML Model Optimization completed with warnings
2025-04-12 23:31:47,780 - Improvement Bot - INFO - Running scheduled task: Quantum Circuit Optimization
2025-04-12 23:31:47,780 - Improvement Bot - INFO - Starting quantum circuit optimization
2025-04-12 23:31:47,780 - Improvement Bot - INFO - No quantum model files found to optimize
2025-04-12 23:31:47,780 - Improvement Bot - WARNING - Task Quantum Circuit Optimization completed with warnings
2025-04-12 23:31:47,780 - Improvement Bot - INFO - Running scheduled task: Quantum Error Analysis
2025-04-12 23:31:47,780 - Improvement Bot - INFO - Analyzing quantum error rates
2025-04-12 23:31:47,781 - Improvement Bot - INFO - Quantum error analysis completed: avg error 0.0431, trend +0.0105
2025-04-12 23:31:47,781 - Improvement Bot - INFO - Task Quantum Error Analysis completed successfully
2025-04-12 23:31:47,781 - Improvement Bot - INFO - Running scheduled task: Quantum Prediction Analysis
2025-04-12 23:31:47,781 - Improvement Bot - INFO - Evaluating quantum prediction accuracy
2025-04-12 23:31:47,782 - Improvement Bot - INFO - No completed quantum predictions found
2025-04-12 23:31:47,782 - Improvement Bot - WARNING - Task Quantum Prediction Analysis completed with warnings
2025-04-12 23:31:47,782 - Improvement Bot - INFO - Running scheduled task: Quantum Weight Optimization
2025-04-12 23:31:47,782 - Improvement Bot - INFO - Generated new quantum-optimized weights
2025-04-12 23:31:47,782 - Improvement Bot - INFO - Task Quantum Weight Optimization completed successfully
2025-04-12 23:31:47,782 - Improvement Bot - INFO - Running scheduled task: System Health Analysis
2025-04-12 23:31:47,784 - Improvement Bot - INFO - Win rate trend: +0.00%
2025-04-12 23:31:47,784 - Improvement Bot - INFO - Profit trend: +0.00%
2025-04-12 23:31:47,784 - Improvement Bot - INFO - System health analysis completed: healthy
2025-04-12 23:31:47,784 - Improvement Bot - INFO - Task System Health Analysis completed successfully
2025-04-12 23:31:48,161 - WebUll Adapter - INFO - Authentication successful
2025-04-12 23:31:48,994 - Zoya Adapter - INFO - Zoya Adapter initialized in sandbox mode
2025-04-12 23:31:48,995 - Platform Factory - INFO - Created Zoya adapter in sandbox mode
2025-04-12 23:31:49,247 - Monitor Bot - INFO - === API Health Status ===
2025-04-12 23:31:49,247 - Monitor Bot - INFO - WebUll API: OK
2025-04-12 23:31:49,247 - Monitor Bot - INFO - Zoya API: OK
2025-04-12 23:31:49,247 - Monitor Bot - INFO - =======================
2025-04-12 23:31:49,247 - Monitor Bot - INFO - Task Initial API Health Check completed successfully
2025-04-12 23:31:49,247 - Monitor Bot - INFO - Running scheduled task: Initial Legal Compliance Report
2025-04-12 23:31:49,249 - Monitor Bot - INFO - Legal compliance report generated at legal/compliance_reports/compliance_report_20250412.json
2025-04-12 23:31:49,249 - Monitor Bot - INFO - Task Initial Legal Compliance Report completed successfully
2025-04-12 23:31:49,249 - Monitor Bot - INFO - Running scheduled task: Initial Quantum System Health Check
2025-04-12 23:31:49,249 - Monitor Bot - INFO - Monitoring quantum system health
2025-04-12 23:31:49,251 - Monitor Bot - INFO - Average quantum error rate: 0.0482
2025-04-12 23:31:49,252 - Monitor Bot - INFO - Task Initial Quantum System Health Check completed successfully
2025-04-12 23:32:47,767 - Trading System - INFO - Trading Bot is alive: True
2025-04-12 23:32:47,768 - Quantum Trading Bot - INFO - Starting trading cycle
2025-04-12 23:32:47,770 - Trading System - INFO - Monitor Bot is alive: True
2025-04-12 23:32:47,770 - Quantum Trading Bot - INFO - Market is closed, waiting...
2025-04-12 23:32:47,770 - Trading System - INFO - Improvement Bot is alive: True
2025-04-12 23:32:47,770 - Quantum Trading Bot - INFO - Sleeping for 60 seconds
2025-04-12 23:33:47,719 - Trading System - INFO - Trading Bot is alive: True
2025-04-12 23:33:47,720 - Quantum Trading Bot - INFO - Starting trading cycle
2025-04-12 23:33:47,722 - Trading System - INFO - Monitor Bot is alive: True
2025-04-12 23:33:47,722 - Quantum Trading Bot - INFO - Market is closed, waiting...
2025-04-12 23:33:47,722 - Trading System - INFO - Improvement Bot is alive: True
2025-04-12 23:33:47,722 - Quantum Trading Bot - INFO - Sleeping for 60 seconds
2025-04-12 23:34:47,725 - Quantum Trading Bot - INFO - Starting trading cycle
2025-04-12 23:34:47,727 - Trading System - INFO - Trading Bot is alive: True
2025-04-12 23:34:47,728 - Quantum Trading Bot - INFO - Market is closed, waiting...
2025-04-12 23:34:47,728 - Trading System - INFO - Monitor Bot is alive: True
2025-04-12 23:34:47,729 - Quantum Trading Bot - INFO - Sleeping for 60 seconds
2025-04-12 23:34:47,729 - Trading System - INFO - Improvement Bot is alive: True
2025-04-12 23:35:47,731 - Quantum Trading Bot - INFO - Starting trading cycle
2025-04-12 23:35:47,733 - Trading System - INFO - Trading Bot is alive: True
2025-04-12 23:35:47,734 - Quantum Trading Bot - INFO - Market is closed, waiting...
2025-04-12 23:35:47,735 - Trading System - INFO - Monitor Bot is alive: True
2025-04-12 23:35:47,735 - Quantum Trading Bot - INFO - Sleeping for 60 seconds
2025-04-12 23:35:47,735 - Trading System - INFO - Improvement Bot is alive: True
2025-04-12 23:36:47,738 - Trading System - INFO - Trading Bot is alive: True
2025-04-12 23:36:47,738 - Quantum Trading Bot - INFO - Starting trading cycle
2025-04-12 23:36:47,739 - Trading System - INFO - Monitor Bot is alive: True
2025-04-12 23:36:47,740 - Quantum Trading Bot - INFO - Market is closed, waiting...
2025-04-12 23:36:47,740 - Trading System - INFO - Improvement Bot is alive: True
2025-04-12 23:36:47,740 - Quantum Trading Bot - INFO - Sleeping for 60 seconds
2025-04-12 23:37:47,742 - Quantum Trading Bot - INFO - Starting trading cycle
2025-04-12 23:37:47,744 - Trading System - INFO - Trading Bot is alive: True
2025-04-12 23:37:47,745 - Quantum Trading Bot - INFO - Market is closed, waiting...
2025-04-12 23:37:47,745 - Trading System - INFO - Monitor Bot is alive: True
2025-04-12 23:37:47,745 - Quantum Trading Bot - INFO - Sleeping for 60 seconds
2025-04-12 23:37:47,745 - Trading System - INFO - Improvement Bot is alive: True
2025-04-12 23:38:47,747 - Trading System - INFO - Trading Bot is alive: True
2025-04-12 23:38:47,749 - Quantum Trading Bot - INFO - Starting trading cycle
2025-04-12 23:38:47,749 - Trading System - INFO - Monitor Bot is alive: True
2025-04-12 23:38:47,750 - Quantum Trading Bot - INFO - Market is closed, waiting...
2025-04-12 23:38:47,750 - Trading System - INFO - Improvement Bot is alive: True
2025-04-12 23:38:47,750 - Quantum Trading Bot - INFO - Sleeping for 60 seconds
2025-04-12 23:39:47,751 - Trading System - INFO - Trading Bot is alive: True
2025-04-12 23:39:47,753 - Trading System - INFO - Monitor Bot is alive: True
2025-04-12 23:39:47,753 - Trading System - INFO - Improvement Bot is alive: True
2025-04-12 23:39:47,754 - Quantum Trading Bot - INFO - Starting trading cycle
2025-04-12 23:39:47,754 - Quantum Trading Bot - INFO - Market is closed, waiting...
2025-04-12 23:39:47,754 - Quantum Trading Bot - INFO - Sleeping for 60 seconds
2025-04-12 23:40:47,754 - Trading System - INFO - Trading Bot is alive: True
2025-04-12 23:40:47,755 - Quantum Trading Bot - INFO - Starting trading cycle
2025-04-12 23:40:47,756 - Trading System - INFO - Monitor Bot is alive: True
2025-04-12 23:40:47,756 - Quantum Trading Bot - INFO - Market is closed, waiting...
2025-04-12 23:40:47,756 - Trading System - INFO - Improvement Bot is alive: True
2025-04-12 23:40:47,756 - Quantum Trading Bot - INFO - Sleeping for 60 seconds
2025-04-12 23:41:47,757 - Trading System - INFO - Trading Bot is alive: True
2025-04-12 23:41:47,760 - Trading System - INFO - Monitor Bot is alive: True
2025-04-12 23:41:47,760 - Quantum Trading Bot - INFO - Starting trading cycle
2025-04-12 23:41:47,760 - Trading System - INFO - Improvement Bot is alive: True
2025-04-12 23:41:47,760 - Quantum Trading Bot - INFO - Market is closed, waiting...
2025-04-12 23:41:47,761 - Quantum Trading Bot - INFO - Sleeping for 60 seconds
2025-04-12 23:42:47,763 - Quantum Trading Bot - INFO - Starting trading cycle
2025-04-12 23:42:47,764 - Quantum Trading Bot - INFO - Market is closed, waiting...
2025-04-12 23:42:47,764 - Quantum Trading Bot - INFO - Sleeping for 60 seconds
2025-04-12 23:42:47,769 - Trading System - INFO - Trading Bot is alive: True
2025-04-12 23:42:47,769 - Trading System - INFO - Monitor Bot is alive: True
2025-04-12 23:42:47,769 - Trading System - INFO - Improvement Bot is alive: True
2025-04-12 23:43:47,767 - Quantum Trading Bot - INFO - Starting trading cycle
2025-04-12 23:43:47,770 - Quantum Trading Bot - INFO - Market is closed, waiting...
2025-04-12 23:43:47,770 - Quantum Trading Bot - INFO - Sleeping for 60 seconds
2025-04-12 23:43:47,773 - Trading System - INFO - Trading Bot is alive: True
2025-04-12 23:43:47,774 - Trading System - INFO - Monitor Bot is alive: True
2025-04-12 23:43:47,774 - Trading System - INFO - Improvement Bot is alive: True
2025-04-12 23:44:47,772 - Quantum Trading Bot - INFO - Starting trading cycle
2025-04-12 23:44:47,774 - Quantum Trading Bot - INFO - Market is closed, waiting...
2025-04-12 23:44:47,774 - Quantum Trading Bot - INFO - Sleeping for 60 seconds
2025-04-12 23:44:47,778 - Trading System - INFO - Trading Bot is alive: True
2025-04-12 23:44:47,778 - Trading System - INFO - Monitor Bot is alive: True
2025-04-12 23:44:47,778 - Trading System - INFO - Improvement Bot is alive: True
2025-04-12 23:45:47,776 - Quantum Trading Bot - INFO - Starting trading cycle
2025-04-12 23:45:47,778 - Quantum Trading Bot - INFO - Market is closed, waiting...
2025-04-12 23:45:47,778 - Quantum Trading Bot - INFO - Sleeping for 60 seconds
2025-04-12 23:45:47,783 - Trading System - INFO - Trading Bot is alive: True
2025-04-12 23:45:47,783 - Trading System - INFO - Monitor Bot is alive: True
2025-04-12 23:45:47,783 - Trading System - INFO - Improvement Bot is alive: True
2025-04-12 23:46:03,952 - Trading System - INFO - Main process interrupted, shutting down...
2025-04-12 23:46:03,952 - Trading System - INFO - Trading system shutdown complete
2025-04-12 23:46:12,277 - Trading System - INFO - Configuration loaded successfully
2025-04-12 23:46:12,503 - Platform Factory - INFO - Platform factory initialized with trading mode: paper
2025-04-12 23:46:12,503 - Trading System - INFO - Initialized platform factory with new adapters
2025-04-12 23:46:12,503 - Trading System - INFO - Environment variables loaded
2025-04-12 23:46:12,511 - Trading System - INFO - Encryption key loaded
2025-04-12 23:46:12,512 - Trading System - INFO - Fixed syntax error in improvement_bot.py
2025-04-12 23:46:12,882 - Trading System - INFO - scikit-learn is available (version 1.6.1)
2025-04-12 23:46:13,546 - Financial News - INFO - Financial News Collector initialized
2025-04-12 23:46:13,547 - Financial News - ERROR - Error loading news configuration: Expecting value: line 1 column 1 (char 0)
2025-04-12 23:46:13,547 - News Trading Integration - INFO - News integrator initialized
2025-04-12 23:46:13,547 - Financial News - INFO - Financial News Collector initialized
2025-04-12 23:46:13,547 - Financial News - ERROR - Error loading news configuration: Expecting value: line 1 column 1 (char 0)
2025-04-12 23:46:13,547 - News Trading Integration - INFO - News integrator initialized
2025-04-12 23:46:13,547 - Quantum Trading Bot - INFO - Attempting to import quantum libraries...
2025-04-12 23:46:14,119 - qiskit.passmanager.base_tasks - INFO - Pass: UnrollCustomDefinitions - 0.12302 (ms)
2025-04-12 23:46:14,119 - qiskit.transpiler.passes.basis.basis_translator - INFO - Begin BasisTranslator from source basis {('u3', 1)} to target basis {'snapshot', 'rx', 'barrier', 'store', 'x', 'u', 'reset', 'delay', 'measure', 'p', 'z', 'cx', 'ry', 'rz'}.
2025-04-12 23:46:14,119 - qiskit.transpiler.passes.basis.basis_translator - INFO - Basis translation path search completed in 0.000s.
2025-04-12 23:46:14,119 - qiskit.transpiler.passes.basis.basis_translator - INFO - Basis translation paths composed in 0.000s.
2025-04-12 23:46:14,119 - qiskit.transpiler.passes.basis.basis_translator - INFO - Basis translation instructions replaced in 0.000s.
2025-04-12 23:46:14,119 - qiskit.passmanager.base_tasks - INFO - Pass: BasisTranslator - 0.54908 (ms)
2025-04-12 23:46:14,123 - Quantum Trading Bot - INFO - Quantum libraries successfully imported: PennyLane 0.40.0, Qiskit 1.2.4
2025-04-12 23:46:14,127 - Quantum Trading Bot - INFO - ========== TRADING LOOP FUNCTION ENTERED ==========
2025-04-12 23:46:14,127 - Trading System - INFO - Started Trading Bot
2025-04-12 23:46:14,127 - Monitor Bot - INFO - Starting monitoring loop
2025-04-12 23:46:14,127 - Quantum Trading Bot - INFO - Configuration loaded successfully
2025-04-12 23:46:14,127 - Trading System - INFO - Started Monitor Bot
2025-04-12 23:46:14,127 - Improvement Bot - INFO - Starting improvement bot
2025-04-12 23:46:14,127 - Quantum Trading Bot - INFO - Trade history loaded
2025-04-12 23:46:14,127 - Quantum Trading Bot - INFO - Signal handlers not installed - not in main thread
2025-04-12 23:46:14,127 - Trading System - INFO - Started Improvement Bot
2025-04-12 23:46:14,128 - Quantum Trading Bot - INFO - Initialized PennyLane quantum device: default.qubit
2025-04-12 23:46:14,128 - Trading System - INFO - Trading Bot is alive: True
2025-04-12 23:46:14,128 - Trading System - INFO - All bots started. Press Ctrl+C to exit.
2025-04-12 23:46:14,128 - Quantum Trading Bot - INFO - Mock adapter initialized
2025-04-12 23:46:14,128 - Trading System - INFO - Monitor Bot is alive: True
2025-04-12 23:46:14,128 - Trading System - INFO - Improvement Bot is alive: True
2025-04-12 23:46:14,129 - Improvement Bot - INFO - Configuration loaded successfully
2025-04-12 23:46:14,129 - Quantum Trading Bot - INFO - Starting trading cycle
2025-04-12 23:46:14,129 - Quantum Trading Bot - INFO - Market is closed, waiting...
2025-04-12 23:46:14,129 - Quantum Trading Bot - INFO - Sleeping for 60 seconds
2025-04-12 23:46:14,129 - Improvement Bot - INFO - Running scheduled task: System Backup
2025-04-12 23:46:14,131 - Monitor Bot - INFO - Running scheduled task: Initial Performance Metrics
2025-04-12 23:46:14,133 - Monitor Bot - INFO - === Performance Metrics ===
2025-04-12 23:46:14,133 - Monitor Bot - INFO - Date: 2025-04-12T23:46:06.133112
2025-04-12 23:46:14,133 - Monitor Bot - INFO - Total Trades: 72
2025-04-12 23:46:14,133 - Monitor Bot - INFO - Win Rate: 55.56%
2025-04-12 23:46:14,133 - Monitor Bot - INFO - Total Profit: $18.27
2025-04-12 23:46:14,133 - Monitor Bot - INFO - Average Profit per Trade: $0.25
2025-04-12 23:46:14,133 - Monitor Bot - INFO - Average Profit Percentage: 0.09%
2025-04-12 23:46:14,133 - Monitor Bot - INFO - Maximum Drawdown: 0.10%
2025-04-12 23:46:14,133 - Monitor Bot - INFO - ============================
2025-04-12 23:46:14,136 - Monitor Bot - INFO - Task Initial Performance Metrics completed successfully
2025-04-12 23:46:14,136 - Monitor Bot - INFO - Running scheduled task: Initial API Health Check
2025-04-12 23:46:14,136 - WebUll Adapter - INFO - Generated device ID for WebUll: TradingBot-05e9fc221408
2025-04-12 23:46:14,136 - WebUll Adapter - INFO - WebUll Adapter initialized in paper trading mode
2025-04-12 23:46:14,136 - Platform Factory - INFO - Created WebUll adapter in paper mode
2025-04-12 23:46:14,139 - Improvement Bot - INFO - System snapshot created at backups/snapshot_20250412_234614
2025-04-12 23:46:14,139 - Improvement Bot - INFO - Task System Backup completed successfully
2025-04-12 23:46:14,139 - Improvement Bot - INFO - Running scheduled task: Code Quality Check - Trading Bot
2025-04-12 23:46:14,140 - Improvement Bot - INFO - Found 2 issues in trading_bot
2025-04-12 23:46:14,140 - Improvement Bot - INFO - Task Code Quality Check - Trading Bot completed successfully
2025-04-12 23:46:14,140 - Improvement Bot - INFO - Running scheduled task: Code Quality Check - Monitor Bot
2025-04-12 23:46:14,140 - Improvement Bot - INFO - No issues found in monitor_bot
2025-04-12 23:46:14,140 - Improvement Bot - WARNING - Task Code Quality Check - Monitor Bot completed with warnings
2025-04-12 23:46:14,140 - Improvement Bot - INFO - Running scheduled task: Code Quality Check - Improvement Bot
2025-04-12 23:46:14,141 - Improvement Bot - INFO - Found 6 issues in improvement_bot
2025-04-12 23:46:14,141 - Improvement Bot - INFO - Task Code Quality Check - Improvement Bot completed successfully
2025-04-12 23:46:14,141 - Improvement Bot - INFO - Running scheduled task: ML Model Optimization
2025-04-12 23:46:14,141 - Improvement Bot - INFO - No ML models found to optimize
2025-04-12 23:46:14,141 - Improvement Bot - WARNING - Task ML Model Optimization completed with warnings
2025-04-12 23:46:14,141 - Improvement Bot - INFO - Running scheduled task: Quantum Circuit Optimization
2025-04-12 23:46:14,141 - Improvement Bot - INFO - Starting quantum circuit optimization
2025-04-12 23:46:14,141 - Improvement Bot - INFO - No quantum model files found to optimize
2025-04-12 23:46:14,141 - Improvement Bot - WARNING - Task Quantum Circuit Optimization completed with warnings
2025-04-12 23:46:14,141 - Improvement Bot - INFO - Running scheduled task: Quantum Error Analysis
2025-04-12 23:46:14,141 - Improvement Bot - INFO - Analyzing quantum error rates
2025-04-12 23:46:14,142 - Improvement Bot - INFO - Quantum error analysis completed: avg error 0.0431, trend +0.0105
2025-04-12 23:46:14,142 - Improvement Bot - INFO - Task Quantum Error Analysis completed successfully
2025-04-12 23:46:14,142 - Improvement Bot - INFO - Running scheduled task: Quantum Prediction Analysis
2025-04-12 23:46:14,142 - Improvement Bot - INFO - Evaluating quantum prediction accuracy
2025-04-12 23:46:14,143 - Improvement Bot - INFO - No completed quantum predictions found
2025-04-12 23:46:14,143 - Improvement Bot - WARNING - Task Quantum Prediction Analysis completed with warnings
2025-04-12 23:46:14,143 - Improvement Bot - INFO - Running scheduled task: Quantum Weight Optimization
2025-04-12 23:46:14,144 - Improvement Bot - INFO - Generated new quantum-optimized weights
2025-04-12 23:46:14,144 - Improvement Bot - INFO - Task Quantum Weight Optimization completed successfully
2025-04-12 23:46:14,144 - Improvement Bot - INFO - Running scheduled task: System Health Analysis
2025-04-12 23:46:14,145 - Improvement Bot - INFO - Win rate trend: +0.00%
2025-04-12 23:46:14,145 - Improvement Bot - INFO - Profit trend: +0.00%
2025-04-12 23:46:14,146 - Improvement Bot - INFO - System health analysis completed: healthy
2025-04-12 23:46:14,146 - Improvement Bot - INFO - Task System Health Analysis completed successfully
2025-04-12 23:46:14,646 - WebUll Adapter - INFO - Authentication successful
2025-04-12 23:46:15,430 - Zoya Adapter - INFO - Zoya Adapter initialized in sandbox mode
2025-04-12 23:46:15,430 - Platform Factory - INFO - Created Zoya adapter in sandbox mode
2025-04-12 23:46:16,558 - Monitor Bot - INFO - === API Health Status ===
2025-04-12 23:46:16,558 - Monitor Bot - INFO - WebUll API: OK
2025-04-12 23:46:16,558 - Monitor Bot - INFO - Zoya API: OK
2025-04-12 23:46:16,558 - Monitor Bot - INFO - =======================
2025-04-12 23:46:16,558 - Monitor Bot - INFO - Task Initial API Health Check completed successfully
2025-04-12 23:46:16,558 - Monitor Bot - INFO - Running scheduled task: Initial Legal Compliance Report
2025-04-12 23:46:16,560 - Monitor Bot - INFO - Legal compliance report generated at legal/compliance_reports/compliance_report_20250412.json
2025-04-12 23:46:16,560 - Monitor Bot - INFO - Task Initial Legal Compliance Report completed successfully
2025-04-12 23:46:16,560 - Monitor Bot - INFO - Running scheduled task: Initial Quantum System Health Check
2025-04-12 23:46:16,560 - Monitor Bot - INFO - Monitoring quantum system health
2025-04-12 23:46:16,562 - Monitor Bot - INFO - Average quantum error rate: 0.0482
2025-04-12 23:46:16,564 - Monitor Bot - INFO - Task Initial Quantum System Health Check completed successfully
2025-04-12 23:46:47,783 - Quantum Trading Bot - INFO - Starting trading cycle
2025-04-12 23:46:47,786 - Quantum Trading Bot - INFO - Market is closed, waiting...
2025-04-12 23:46:47,787 - Trading System - INFO - Trading Bot is alive: True
2025-04-12 23:46:47,787 - Quantum Trading Bot - INFO - Sleeping for 60 seconds
2025-04-12 23:46:47,787 - Trading System - INFO - Monitor Bot is alive: True
2025-04-12 23:46:47,787 - Trading System - INFO - Improvement Bot is alive: True
2025-04-12 23:47:14,133 - Trading System - INFO - Trading Bot is alive: True
2025-04-12 23:47:14,135 - Quantum Trading Bot - INFO - Starting trading cycle
2025-04-12 23:47:14,136 - Trading System - INFO - Monitor Bot is alive: True
2025-04-12 23:47:14,136 - Quantum Trading Bot - INFO - Market is closed, waiting...
2025-04-12 23:47:14,136 - Trading System - INFO - Improvement Bot is alive: True
2025-04-12 23:47:14,137 - Quantum Trading Bot - INFO - Sleeping for 60 seconds
2025-04-12 23:47:47,791 - Quantum Trading Bot - INFO - Starting trading cycle
2025-04-12 23:47:47,792 - Trading System - INFO - Trading Bot is alive: True
2025-04-12 23:47:47,793 - Quantum Trading Bot - INFO - Market is closed, waiting...
2025-04-12 23:47:47,793 - Trading System - INFO - Monitor Bot is alive: True
2025-04-12 23:47:47,793 - Quantum Trading Bot - INFO - Sleeping for 60 seconds
2025-04-12 23:47:47,794 - Trading System - INFO - Improvement Bot is alive: True
2025-04-12 23:48:14,136 - Quantum Trading Bot - INFO - Starting trading cycle
2025-04-12 23:48:14,138 - Trading System - INFO - Trading Bot is alive: True
2025-04-12 23:48:14,138 - Quantum Trading Bot - INFO - Market is closed, waiting...
2025-04-12 23:48:14,138 - Trading System - INFO - Monitor Bot is alive: True
2025-04-12 23:48:14,138 - Quantum Trading Bot - INFO - Sleeping for 60 seconds
2025-04-12 23:48:14,138 - Trading System - INFO - Improvement Bot is alive: True
2025-04-12 23:48:47,795 - Trading System - INFO - Trading Bot is alive: True
2025-04-12 23:48:47,796 - Quantum Trading Bot - INFO - Starting trading cycle
2025-04-12 23:48:47,797 - Trading System - INFO - Monitor Bot is alive: True
2025-04-12 23:48:47,797 - Quantum Trading Bot - INFO - Market is closed, waiting...
2025-04-12 23:48:47,797 - Trading System - INFO - Improvement Bot is alive: True
2025-04-12 23:48:47,797 - Quantum Trading Bot - INFO - Sleeping for 60 seconds
2025-04-12 23:49:14,143 - Quantum Trading Bot - INFO - Starting trading cycle
2025-04-12 23:49:14,144 - Trading System - INFO - Trading Bot is alive: True
2025-04-12 23:49:14,146 - Quantum Trading Bot - INFO - Market is closed, waiting...
2025-04-12 23:49:14,146 - Trading System - INFO - Monitor Bot is alive: True
2025-04-12 23:49:14,146 - Quantum Trading Bot - INFO - Sleeping for 60 seconds
2025-04-12 23:49:14,146 - Trading System - INFO - Improvement Bot is alive: True
2025-04-12 23:49:47,799 - Trading System - INFO - Trading Bot is alive: True
2025-04-12 23:49:47,801 - Quantum Trading Bot - INFO - Starting trading cycle
2025-04-12 23:49:47,802 - Trading System - INFO - Monitor Bot is alive: True
2025-04-12 23:49:47,802 - Quantum Trading Bot - INFO - Market is closed, waiting...
2025-04-12 23:49:47,802 - Trading System - INFO - Improvement Bot is alive: True
2025-04-12 23:49:47,802 - Quantum Trading Bot - INFO - Sleeping for 60 seconds
2025-04-12 23:50:14,149 - Trading System - INFO - Trading Bot is alive: True
2025-04-12 23:50:14,150 - Quantum Trading Bot - INFO - Starting trading cycle
2025-04-12 23:50:14,151 - Trading System - INFO - Monitor Bot is alive: True
2025-04-12 23:50:14,151 - Quantum Trading Bot - INFO - Market is closed, waiting...
2025-04-12 23:50:14,151 - Trading System - INFO - Improvement Bot is alive: True
2025-04-12 23:50:14,152 - Quantum Trading Bot - INFO - Sleeping for 60 seconds
2025-04-12 23:50:47,806 - Quantum Trading Bot - INFO - Starting trading cycle
2025-04-12 23:50:47,807 - Trading System - INFO - Trading Bot is alive: True
2025-04-12 23:50:47,808 - Quantum Trading Bot - INFO - Market is closed, waiting...
2025-04-12 23:50:47,808 - Trading System - INFO - Monitor Bot is alive: True
2025-04-12 23:50:47,808 - Quantum Trading Bot - INFO - Sleeping for 60 seconds
2025-04-12 23:50:47,808 - Trading System - INFO - Improvement Bot is alive: True
2025-04-12 23:51:14,152 - Quantum Trading Bot - INFO - Starting trading cycle
2025-04-12 23:51:14,154 - Trading System - INFO - Trading Bot is alive: True
2025-04-12 23:51:14,155 - Quantum Trading Bot - INFO - Market is closed, waiting...
2025-04-12 23:51:14,155 - Trading System - INFO - Monitor Bot is alive: True
2025-04-12 23:51:14,156 - Quantum Trading Bot - INFO - Sleeping for 60 seconds
2025-04-12 23:51:14,156 - Trading System - INFO - Improvement Bot is alive: True
2025-04-12 23:51:47,810 - Trading System - INFO - Trading Bot is alive: True
2025-04-12 23:51:47,812 - Trading System - INFO - Monitor Bot is alive: True
2025-04-12 23:51:47,812 - Trading System - INFO - Improvement Bot is alive: True
2025-04-12 23:51:47,812 - Quantum Trading Bot - INFO - Starting trading cycle
2025-04-12 23:51:47,812 - Quantum Trading Bot - INFO - Market is closed, waiting...
2025-04-12 23:51:47,812 - Quantum Trading Bot - INFO - Sleeping for 60 seconds
2025-04-12 23:52:14,159 - Trading System - INFO - Trading Bot is alive: True
2025-04-12 23:52:14,161 - Quantum Trading Bot - INFO - Starting trading cycle
2025-04-12 23:52:14,161 - Trading System - INFO - Monitor Bot is alive: True
2025-04-12 23:52:14,161 - Quantum Trading Bot - INFO - Market is closed, waiting...
2025-04-12 23:52:14,161 - Trading System - INFO - Improvement Bot is alive: True
2025-04-12 23:52:14,162 - Quantum Trading Bot - INFO - Sleeping for 60 seconds
2025-04-12 23:52:17,812 - Trading System - INFO - Main process interrupted, shutting down...
2025-04-12 23:52:17,812 - Trading System - INFO - Trading system shutdown complete
2025-04-12 23:52:47,812 - Trading System - INFO - Trading Bot is alive: True
2025-04-12 23:52:47,814 - Trading System - INFO - Monitor Bot is alive: True
2025-04-12 23:52:47,814 - Trading System - INFO - Improvement Bot is alive: True
2025-04-12 23:52:47,816 - Quantum Trading Bot - INFO - Starting trading cycle
2025-04-12 23:52:47,816 - Quantum Trading Bot - INFO - Market is closed, waiting...
2025-04-12 23:52:47,816 - Quantum Trading Bot - INFO - Sleeping for 60 seconds
2025-04-12 23:53:47,818 - Trading System - INFO - Trading Bot is alive: True
2025-04-12 23:53:47,819 - Trading System - INFO - Monitor Bot is alive: True
2025-04-12 23:53:47,820 - Trading System - INFO - Improvement Bot is alive: True
2025-04-12 23:53:47,820 - Quantum Trading Bot - INFO - Starting trading cycle
2025-04-12 23:53:47,820 - Quantum Trading Bot - INFO - Market is closed, waiting...
2025-04-12 23:53:47,820 - Quantum Trading Bot - INFO - Sleeping for 60 seconds
2025-04-12 23:54:47,824 - Quantum Trading Bot - INFO - Starting trading cycle
2025-04-12 23:54:47,826 - Trading System - INFO - Trading Bot is alive: True
2025-04-12 23:54:47,827 - Quantum Trading Bot - INFO - Market is closed, waiting...
2025-04-12 23:54:47,827 - Trading System - INFO - Monitor Bot is alive: True
2025-04-12 23:54:47,827 - Quantum Trading Bot - INFO - Sleeping for 60 seconds
2025-04-12 23:54:47,828 - Trading System - INFO - Improvement Bot is alive: True
2025-04-12 23:55:47,830 - Trading System - INFO - Trading Bot is alive: True
2025-04-12 23:55:47,832 - Quantum Trading Bot - INFO - Starting trading cycle
2025-04-12 23:55:47,834 - Trading System - INFO - Monitor Bot is alive: True
2025-04-12 23:55:47,834 - Quantum Trading Bot - INFO - Market is closed, waiting...
2025-04-12 23:55:47,834 - Trading System - INFO - Improvement Bot is alive: True
2025-04-12 23:55:47,834 - Quantum Trading Bot - INFO - Sleeping for 60 seconds
2025-04-12 23:56:47,839 - Trading System - INFO - Trading Bot is alive: True
2025-04-12 23:56:47,840 - Quantum Trading Bot - INFO - Starting trading cycle
2025-04-12 23:56:47,841 - Trading System - INFO - Monitor Bot is alive: True
2025-04-12 23:56:47,842 - Quantum Trading Bot - INFO - Market is closed, waiting...
2025-04-12 23:56:47,842 - Trading System - INFO - Improvement Bot is alive: True
2025-04-12 23:56:47,842 - Quantum Trading Bot - INFO - Sleeping for 60 seconds
2025-04-12 23:57:47,844 - Trading System - INFO - Trading Bot is alive: True
2025-04-12 23:57:47,846 - Trading System - INFO - Monitor Bot is alive: True
2025-04-12 23:57:47,846 - Trading System - INFO - Improvement Bot is alive: True
2025-04-12 23:57:47,846 - Quantum Trading Bot - INFO - Starting trading cycle
2025-04-12 23:57:47,847 - Quantum Trading Bot - INFO - Market is closed, waiting...
2025-04-12 23:57:47,847 - Quantum Trading Bot - INFO - Sleeping for 60 seconds
2025-04-12 23:58:47,851 - Trading System - INFO - Trading Bot is alive: True
2025-04-12 23:58:47,851 - Quantum Trading Bot - INFO - Starting trading cycle
2025-04-12 23:58:47,852 - Trading System - INFO - Monitor Bot is alive: True
2025-04-12 23:58:47,852 - Quantum Trading Bot - INFO - Market is closed, waiting...
2025-04-12 23:58:47,852 - Trading System - INFO - Improvement Bot is alive: True
2025-04-12 23:58:47,853 - Quantum Trading Bot - INFO - Sleeping for 60 seconds
2025-04-12 23:58:56,419 - Trading System - INFO - Configuration loaded successfully
2025-04-12 23:58:56,643 - Platform Factory - INFO - Platform factory initialized with trading mode: paper
2025-04-12 23:58:56,643 - Trading System - INFO - Initialized platform factory with new adapters
2025-04-12 23:58:56,643 - Trading System - INFO - Environment variables loaded
2025-04-12 23:58:56,652 - Trading System - INFO - Encryption key loaded
2025-04-12 23:58:56,652 - Trading System - INFO - Fixed syntax error in improvement_bot.py
2025-04-12 23:58:57,024 - Trading System - INFO - scikit-learn is available (version 1.6.1)
2025-04-12 23:58:57,677 - Financial News - INFO - Financial News Collector initialized
2025-04-12 23:58:57,677 - Financial News - ERROR - Error loading news configuration: Expecting value: line 1 column 1 (char 0)
2025-04-12 23:58:57,677 - News Trading Integration - INFO - News integrator initialized
2025-04-12 23:58:57,677 - Financial News - INFO - Financial News Collector initialized
2025-04-12 23:58:57,677 - Financial News - ERROR - Error loading news configuration: Expecting value: line 1 column 1 (char 0)
2025-04-12 23:58:57,677 - News Trading Integration - INFO - News integrator initialized
2025-04-12 23:58:57,677 - Quantum Trading Bot - INFO - Attempting to import quantum libraries...
2025-04-12 23:58:58,259 - qiskit.passmanager.base_tasks - INFO - Pass: UnrollCustomDefinitions - 0.12803 (ms)
2025-04-12 23:58:58,259 - qiskit.transpiler.passes.basis.basis_translator - INFO - Begin BasisTranslator from source basis {('u3', 1)} to target basis {'u', 'store', 'z', 'cx', 'ry', 'measure', 'snapshot', 'rx', 'barrier', 'x', 'rz', 'p', 'reset', 'delay'}.
2025-04-12 23:58:58,259 - qiskit.transpiler.passes.basis.basis_translator - INFO - Basis translation path search completed in 0.000s.
2025-04-12 23:58:58,259 - qiskit.transpiler.passes.basis.basis_translator - INFO - Basis translation paths composed in 0.000s.
2025-04-12 23:58:58,260 - qiskit.transpiler.passes.basis.basis_translator - INFO - Basis translation instructions replaced in 0.000s.
2025-04-12 23:58:58,260 - qiskit.passmanager.base_tasks - INFO - Pass: BasisTranslator - 0.53096 (ms)
2025-04-12 23:58:58,263 - Quantum Trading Bot - INFO - Quantum libraries successfully imported: PennyLane 0.40.0, Qiskit 1.2.4
2025-04-12 23:58:58,266 - Quantum Trading Bot - INFO - ========== TRADING LOOP FUNCTION ENTERED ==========
2025-04-12 23:58:58,266 - Trading System - INFO - Started Trading Bot
2025-04-12 23:58:58,267 - Monitor Bot - INFO - Starting monitoring loop
2025-04-12 23:58:58,267 - Trading System - INFO - Started Monitor Bot
2025-04-12 23:58:58,267 - Quantum Trading Bot - INFO - Configuration loaded successfully
2025-04-12 23:58:58,267 - Improvement Bot - INFO - Starting improvement bot
2025-04-12 23:58:58,267 - Trading System - INFO - Started Improvement Bot
2025-04-12 23:58:58,267 - Trading System - INFO - Trading Bot is alive: True
2025-04-12 23:58:58,267 - Trading System - INFO - All bots started. Press Ctrl+C to exit.
2025-04-12 23:58:58,267 - Trading System - INFO - Monitor Bot is alive: True
2025-04-12 23:58:58,267 - Trading System - INFO - Improvement Bot is alive: True
2025-04-12 23:58:58,267 - Improvement Bot - INFO - Configuration loaded successfully
2025-04-12 23:58:58,267 - Quantum Trading Bot - INFO - Trade history loaded
2025-04-12 23:58:58,267 - Quantum Trading Bot - INFO - Signal handlers not installed - not in main thread
2025-04-12 23:58:58,267 - Improvement Bot - INFO - Running scheduled task: System Backup
2025-04-12 23:58:58,268 - Quantum Trading Bot - INFO - Initialized PennyLane quantum device: default.qubit
2025-04-12 23:58:58,268 - Quantum Trading Bot - INFO - Mock adapter initialized
2025-04-12 23:58:58,269 - Quantum Trading Bot - INFO - Starting trading cycle
2025-04-12 23:58:58,269 - Quantum Trading Bot - INFO - Market is closed, waiting...
2025-04-12 23:58:58,269 - Quantum Trading Bot - INFO - Sleeping for 60 seconds
2025-04-12 23:58:58,271 - Monitor Bot - INFO - Running scheduled task: Initial Performance Metrics
2025-04-12 23:58:58,273 - Monitor Bot - INFO - === Performance Metrics ===
2025-04-12 23:58:58,273 - Monitor Bot - INFO - Date: 2025-04-12T23:46:06.133112
2025-04-12 23:58:58,273 - Monitor Bot - INFO - Total Trades: 72
2025-04-12 23:58:58,273 - Monitor Bot - INFO - Win Rate: 55.56%
2025-04-12 23:58:58,273 - Monitor Bot - INFO - Total Profit: $18.27
2025-04-12 23:58:58,273 - Monitor Bot - INFO - Average Profit per Trade: $0.25
2025-04-12 23:58:58,273 - Monitor Bot - INFO - Average Profit Percentage: 0.09%
2025-04-12 23:58:58,273 - Monitor Bot - INFO - Maximum Drawdown: 0.10%
2025-04-12 23:58:58,273 - Monitor Bot - INFO - ============================
2025-04-12 23:58:58,276 - Monitor Bot - INFO - Task Initial Performance Metrics completed successfully
2025-04-12 23:58:58,276 - Monitor Bot - INFO - Running scheduled task: Initial API Health Check
2025-04-12 23:58:58,276 - WebUll Adapter - INFO - Generated device ID for WebUll: TradingBot-05e9fc221408
2025-04-12 23:58:58,276 - WebUll Adapter - INFO - WebUll Adapter initialized in paper trading mode
2025-04-12 23:58:58,276 - Platform Factory - INFO - Created WebUll adapter in paper mode
2025-04-12 23:58:58,279 - Improvement Bot - INFO - System snapshot created at backups/snapshot_20250412_235858
2025-04-12 23:58:58,279 - Improvement Bot - INFO - Task System Backup completed successfully
2025-04-12 23:58:58,279 - Improvement Bot - INFO - Running scheduled task: Code Quality Check - Trading Bot
2025-04-12 23:58:58,280 - Improvement Bot - INFO - Found 2 issues in trading_bot
2025-04-12 23:58:58,280 - Improvement Bot - INFO - Task Code Quality Check - Trading Bot completed successfully
2025-04-12 23:58:58,280 - Improvement Bot - INFO - Running scheduled task: Code Quality Check - Monitor Bot
2025-04-12 23:58:58,280 - Improvement Bot - INFO - No issues found in monitor_bot
2025-04-12 23:58:58,280 - Improvement Bot - WARNING - Task Code Quality Check - Monitor Bot completed with warnings
2025-04-12 23:58:58,280 - Improvement Bot - INFO - Running scheduled task: Code Quality Check - Improvement Bot
2025-04-12 23:58:58,280 - Improvement Bot - INFO - Found 6 issues in improvement_bot
2025-04-12 23:58:58,280 - Improvement Bot - INFO - Task Code Quality Check - Improvement Bot completed successfully
2025-04-12 23:58:58,280 - Improvement Bot - INFO - Running scheduled task: ML Model Optimization
2025-04-12 23:58:58,280 - Improvement Bot - INFO - No ML models found to optimize
2025-04-12 23:58:58,280 - Improvement Bot - WARNING - Task ML Model Optimization completed with warnings
2025-04-12 23:58:58,280 - Improvement Bot - INFO - Running scheduled task: Quantum Circuit Optimization
2025-04-12 23:58:58,280 - Improvement Bot - INFO - Starting quantum circuit optimization
2025-04-12 23:58:58,280 - Improvement Bot - INFO - No quantum model files found to optimize
2025-04-12 23:58:58,280 - Improvement Bot - WARNING - Task Quantum Circuit Optimization completed with warnings
2025-04-12 23:58:58,280 - Improvement Bot - INFO - Running scheduled task: Quantum Error Analysis
2025-04-12 23:58:58,280 - Improvement Bot - INFO - Analyzing quantum error rates
2025-04-12 23:58:58,281 - Improvement Bot - INFO - Quantum error analysis completed: avg error 0.0431, trend +0.0105
2025-04-12 23:58:58,281 - Improvement Bot - INFO - Task Quantum Error Analysis completed successfully
2025-04-12 23:58:58,281 - Improvement Bot - INFO - Running scheduled task: Quantum Prediction Analysis
2025-04-12 23:58:58,281 - Improvement Bot - INFO - Evaluating quantum prediction accuracy
2025-04-12 23:58:58,282 - Improvement Bot - INFO - No completed quantum predictions found
2025-04-12 23:58:58,282 - Improvement Bot - WARNING - Task Quantum Prediction Analysis completed with warnings
2025-04-12 23:58:58,282 - Improvement Bot - INFO - Running scheduled task: Quantum Weight Optimization
2025-04-12 23:58:58,282 - Improvement Bot - INFO - Generated new quantum-optimized weights
2025-04-12 23:58:58,282 - Improvement Bot - INFO - Task Quantum Weight Optimization completed successfully
2025-04-12 23:58:58,282 - Improvement Bot - INFO - Running scheduled task: System Health Analysis
2025-04-12 23:58:58,284 - Improvement Bot - INFO - Win rate trend: +0.00%
2025-04-12 23:58:58,284 - Improvement Bot - INFO - Profit trend: +0.00%
2025-04-12 23:58:58,284 - Improvement Bot - INFO - System health analysis completed: healthy
2025-04-12 23:58:58,284 - Improvement Bot - INFO - Task System Health Analysis completed successfully
2025-04-12 23:58:58,679 - WebUll Adapter - INFO - Authentication successful
2025-04-12 23:58:59,405 - Zoya Adapter - INFO - Zoya Adapter initialized in sandbox mode
2025-04-12 23:58:59,405 - Platform Factory - INFO - Created Zoya adapter in sandbox mode
2025-04-12 23:59:00,509 - Monitor Bot - INFO - === API Health Status ===
2025-04-12 23:59:00,509 - Monitor Bot - INFO - WebUll API: OK
2025-04-12 23:59:00,510 - Monitor Bot - INFO - Zoya API: OK
2025-04-12 23:59:00,510 - Monitor Bot - INFO - =======================
2025-04-12 23:59:00,510 - Monitor Bot - INFO - Task Initial API Health Check completed successfully
2025-04-12 23:59:00,510 - Monitor Bot - INFO - Running scheduled task: Initial Legal Compliance Report
2025-04-12 23:59:00,511 - Monitor Bot - INFO - Legal compliance report generated at legal/compliance_reports/compliance_report_20250412.json
2025-04-12 23:59:00,511 - Monitor Bot - INFO - Task Initial Legal Compliance Report completed successfully
2025-04-12 23:59:00,511 - Monitor Bot - INFO - Running scheduled task: Initial Quantum System Health Check
2025-04-12 23:59:00,511 - Monitor Bot - INFO - Monitoring quantum system health
2025-04-12 23:59:00,513 - Monitor Bot - INFO - Average quantum error rate: 0.0482
2025-04-12 23:59:00,515 - Monitor Bot - INFO - Task Initial Quantum System Health Check completed successfully
2025-04-12 23:59:08,061 - Trading System - INFO - Main process interrupted, shutting down...
2025-04-12 23:59:08,061 - Trading System - INFO - Trading system shutdown complete
2025-04-12 23:59:47,858 - Trading System - INFO - Trading Bot is alive: True
2025-04-12 23:59:47,860 - Quantum Trading Bot - INFO - Starting trading cycle
2025-04-12 23:59:47,861 - Trading System - INFO - Monitor Bot is alive: True
2025-04-12 23:59:47,861 - Quantum Trading Bot - INFO - Market is closed, waiting...
2025-04-12 23:59:47,861 - Trading System - INFO - Improvement Bot is alive: True
2025-04-12 23:59:47,862 - Quantum Trading Bot - INFO - Sleeping for 60 seconds
2025-04-13 00:00:47,865 - Trading System - INFO - Trading Bot is alive: True
2025-04-13 00:00:47,866 - Quantum Trading Bot - INFO - Starting trading cycle
2025-04-13 00:00:47,867 - Trading System - INFO - Monitor Bot is alive: True
2025-04-13 00:00:47,867 - Quantum Trading Bot - INFO - Market is closed, waiting...
2025-04-13 00:00:47,867 - Trading System - INFO - Improvement Bot is alive: True
2025-04-13 00:00:47,868 - Quantum Trading Bot - INFO - Sleeping for 60 seconds
2025-04-13 00:01:47,868 - Trading System - INFO - Trading Bot is alive: True
2025-04-13 00:01:47,869 - Quantum Trading Bot - INFO - Starting trading cycle
2025-04-13 00:01:47,869 - Trading System - INFO - Monitor Bot is alive: True
2025-04-13 00:01:47,869 - Quantum Trading Bot - INFO - Market is closed, waiting...
2025-04-13 00:01:47,870 - Trading System - INFO - Improvement Bot is alive: True
2025-04-13 00:01:47,870 - Quantum Trading Bot - INFO - Sleeping for 60 seconds
2025-04-13 00:02:47,870 - Quantum Trading Bot - INFO - Starting trading cycle
2025-04-13 00:02:47,873 - Quantum Trading Bot - INFO - Market is closed, waiting...
2025-04-13 00:02:47,873 - Trading System - INFO - Trading Bot is alive: True
2025-04-13 00:02:47,874 - Quantum Trading Bot - INFO - Sleeping for 60 seconds
2025-04-13 00:02:47,874 - Trading System - INFO - Monitor Bot is alive: True
2025-04-13 00:02:47,874 - Trading System - INFO - Improvement Bot is alive: True
2025-04-13 00:03:47,878 - Quantum Trading Bot - INFO - Starting trading cycle
2025-04-13 00:03:47,880 - Quantum Trading Bot - INFO - Market is closed, waiting...
2025-04-13 00:03:47,880 - Quantum Trading Bot - INFO - Sleeping for 60 seconds
2025-04-13 00:03:47,879 - Trading System - INFO - Trading Bot is alive: True
2025-04-13 00:03:47,881 - Trading System - INFO - Monitor Bot is alive: True
2025-04-13 00:03:47,881 - Trading System - INFO - Improvement Bot is alive: True
2025-04-13 00:04:47,885 - Quantum Trading Bot - INFO - Starting trading cycle
2025-04-13 00:04:47,887 - Trading System - INFO - Trading Bot is alive: True
2025-04-13 00:04:47,888 - Quantum Trading Bot - INFO - Market is closed, waiting...
2025-04-13 00:04:47,888 - Trading System - INFO - Monitor Bot is alive: True
2025-04-13 00:04:47,889 - Quantum Trading Bot - INFO - Sleeping for 60 seconds
2025-04-13 00:04:47,889 - Trading System - INFO - Improvement Bot is alive: True
2025-04-13 00:05:47,891 - Quantum Trading Bot - INFO - Starting trading cycle
2025-04-13 00:05:47,892 - Quantum Trading Bot - INFO - Market is closed, waiting...
2025-04-13 00:05:47,892 - Quantum Trading Bot - INFO - Sleeping for 60 seconds
2025-04-13 00:05:47,893 - Trading System - INFO - Trading Bot is alive: True
2025-04-13 00:05:47,893 - Trading System - INFO - Monitor Bot is alive: True
2025-04-13 00:05:47,893 - Trading System - INFO - Improvement Bot is alive: True
2025-04-13 00:06:47,900 - Trading System - INFO - Trading Bot is alive: True
2025-04-13 00:06:47,902 - Quantum Trading Bot - INFO - Starting trading cycle
2025-04-13 00:06:47,905 - Trading System - INFO - Monitor Bot is alive: True
2025-04-13 00:06:47,906 - Quantum Trading Bot - INFO - Market is closed, waiting...
2025-04-13 00:06:47,906 - Trading System - INFO - Improvement Bot is alive: True
2025-04-13 00:06:47,906 - Quantum Trading Bot - INFO - Sleeping for 60 seconds
2025-04-13 00:07:47,909 - Quantum Trading Bot - INFO - Starting trading cycle
2025-04-13 00:07:47,911 - Quantum Trading Bot - INFO - Market is closed, waiting...
2025-04-13 00:07:47,911 - Quantum Trading Bot - INFO - Sleeping for 60 seconds
2025-04-13 00:07:47,912 - Trading System - INFO - Trading Bot is alive: True
2025-04-13 00:07:47,912 - Trading System - INFO - Monitor Bot is alive: True
2025-04-13 00:07:47,912 - Trading System - INFO - Improvement Bot is alive: True
2025-04-13 00:08:47,911 - Trading System - INFO - Trading Bot is alive: True
2025-04-13 00:08:47,913 - Trading System - INFO - Monitor Bot is alive: True
2025-04-13 00:08:47,913 - Trading System - INFO - Improvement Bot is alive: True
2025-04-13 00:08:47,917 - Quantum Trading Bot - INFO - Starting trading cycle
2025-04-13 00:08:47,917 - Quantum Trading Bot - INFO - Market is closed, waiting...
2025-04-13 00:08:47,917 - Quantum Trading Bot - INFO - Sleeping for 60 seconds
2025-04-13 00:09:47,913 - Trading System - INFO - Trading Bot is alive: True
2025-04-13 00:09:47,915 - Trading System - INFO - Monitor Bot is alive: True
2025-04-13 00:09:47,916 - Trading System - INFO - Improvement Bot is alive: True
2025-04-13 00:09:47,920 - Quantum Trading Bot - INFO - Starting trading cycle
2025-04-13 00:09:47,920 - Quantum Trading Bot - INFO - Market is closed, waiting...
2025-04-13 00:09:47,920 - Quantum Trading Bot - INFO - Sleeping for 60 seconds
2025-04-13 00:11:16,329 - Trading System - INFO - Trading Bot is alive: True
2025-04-13 00:11:16,331 - Quantum Trading Bot - INFO - Starting trading cycle
2025-04-13 00:11:16,332 - Trading System - INFO - Monitor Bot is alive: True
2025-04-13 00:11:16,332 - Quantum Trading Bot - INFO - Market is closed, waiting...
2025-04-13 00:11:16,333 - Trading System - INFO - Improvement Bot is alive: True
2025-04-13 00:11:16,333 - Quantum Trading Bot - INFO - Sleeping for 60 seconds
2025-04-13 00:16:59,281 - Trading System - INFO - Trading Bot is alive: True
2025-04-13 00:16:59,281 - Quantum Trading Bot - INFO - Starting trading cycle
2025-04-13 00:16:59,282 - Trading System - INFO - Monitor Bot is alive: True
2025-04-13 00:16:59,282 - Quantum Trading Bot - INFO - Market is closed, waiting...
2025-04-13 00:16:59,282 - Trading System - INFO - Improvement Bot is alive: True
2025-04-13 00:16:59,282 - Quantum Trading Bot - INFO - Sleeping for 60 seconds
2025-04-13 00:21:17,693 - Trading System - INFO - Trading Bot is alive: True
2025-04-13 00:21:17,695 - Quantum Trading Bot - INFO - Starting trading cycle
2025-04-13 00:21:17,696 - Trading System - INFO - Monitor Bot is alive: True
2025-04-13 00:21:17,696 - Quantum Trading Bot - INFO - Market is closed, waiting...
2025-04-13 00:21:17,696 - Trading System - INFO - Improvement Bot is alive: True
2025-04-13 00:21:17,697 - Quantum Trading Bot - INFO - Sleeping for 60 seconds
2025-04-13 00:22:17,696 - Trading System - INFO - Trading Bot is alive: True
2025-04-13 00:22:17,697 - Trading System - INFO - Monitor Bot is alive: True
2025-04-13 00:22:17,698 - Trading System - INFO - Improvement Bot is alive: True
2025-04-13 00:22:17,701 - Quantum Trading Bot - INFO - Starting trading cycle
2025-04-13 00:22:17,701 - Quantum Trading Bot - INFO - Market is closed, waiting...
2025-04-13 00:22:17,701 - Quantum Trading Bot - INFO - Sleeping for 60 seconds
2025-04-13 00:23:17,702 - Trading System - INFO - Trading Bot is alive: True
2025-04-13 00:23:17,705 - Quantum Trading Bot - INFO - Starting trading cycle
2025-04-13 00:23:17,705 - Trading System - INFO - Monitor Bot is alive: True
2025-04-13 00:23:17,706 - Quantum Trading Bot - INFO - Market is closed, waiting...
2025-04-13 00:23:17,706 - Trading System - INFO - Improvement Bot is alive: True
2025-04-13 00:23:17,706 - Quantum Trading Bot - INFO - Sleeping for 60 seconds
2025-04-13 00:24:17,707 - Quantum Trading Bot - INFO - Starting trading cycle
2025-04-13 00:24:17,709 - Quantum Trading Bot - INFO - Market is closed, waiting...
2025-04-13 00:24:17,710 - Quantum Trading Bot - INFO - Sleeping for 60 seconds
2025-04-13 00:24:17,710 - Trading System - INFO - Trading Bot is alive: True
2025-04-13 00:24:17,710 - Trading System - INFO - Monitor Bot is alive: True
2025-04-13 00:24:17,710 - Trading System - INFO - Improvement Bot is alive: True
2025-04-13 00:25:17,714 - Trading System - INFO - Trading Bot is alive: True
2025-04-13 00:25:17,715 - Quantum Trading Bot - INFO - Starting trading cycle
2025-04-13 00:25:17,717 - Trading System - INFO - Monitor Bot is alive: True
2025-04-13 00:25:17,717 - Quantum Trading Bot - INFO - Market is closed, waiting...
2025-04-13 00:25:17,717 - Trading System - INFO - Improvement Bot is alive: True
2025-04-13 00:25:17,717 - Quantum Trading Bot - INFO - Sleeping for 60 seconds
2025-04-13 00:26:17,720 - Quantum Trading Bot - INFO - Starting trading cycle
2025-04-13 00:26:17,720 - Trading System - INFO - Trading Bot is alive: True
2025-04-13 00:26:17,722 - Quantum Trading Bot - INFO - Market is closed, waiting...
2025-04-13 00:26:17,722 - Trading System - INFO - Monitor Bot is alive: True
2025-04-13 00:26:17,722 - Quantum Trading Bot - INFO - Sleeping for 60 seconds
2025-04-13 00:26:17,723 - Trading System - INFO - Improvement Bot is alive: True
2025-04-13 00:27:17,731 - Quantum Trading Bot - INFO - Starting trading cycle
2025-04-13 00:27:17,731 - Trading System - INFO - Trading Bot is alive: True
2025-04-13 00:27:17,733 - Quantum Trading Bot - INFO - Market is closed, waiting...
2025-04-13 00:27:17,733 - Trading System - INFO - Monitor Bot is alive: True
2025-04-13 00:27:17,733 - Quantum Trading Bot - INFO - Sleeping for 60 seconds
2025-04-13 00:27:17,733 - Trading System - INFO - Improvement Bot is alive: True
2025-04-13 00:28:17,743 - Trading System - INFO - Trading Bot is alive: True
2025-04-13 00:28:17,744 - Quantum Trading Bot - INFO - Starting trading cycle
2025-04-13 00:28:17,745 - Trading System - INFO - Monitor Bot is alive: True
2025-04-13 00:28:17,745 - Quantum Trading Bot - INFO - Market is closed, waiting...
2025-04-13 00:28:17,746 - Trading System - INFO - Improvement Bot is alive: True
2025-04-13 00:28:17,746 - Quantum Trading Bot - INFO - Sleeping for 60 seconds
2025-04-13 00:29:17,752 - Trading System - INFO - Trading Bot is alive: True
2025-04-13 00:29:17,753 - Quantum Trading Bot - INFO - Starting trading cycle
2025-04-13 00:29:17,754 - Trading System - INFO - Monitor Bot is alive: True
2025-04-13 00:29:17,754 - Quantum Trading Bot - INFO - Market is closed, waiting...
2025-04-13 00:29:17,754 - Trading System - INFO - Improvement Bot is alive: True
2025-04-13 00:29:17,754 - Quantum Trading Bot - INFO - Sleeping for 60 seconds
2025-04-13 00:30:17,756 - Trading System - INFO - Trading Bot is alive: True
2025-04-13 00:30:17,758 - Trading System - INFO - Monitor Bot is alive: True
2025-04-13 00:30:17,758 - Trading System - INFO - Improvement Bot is alive: True
2025-04-13 00:30:17,762 - Quantum Trading Bot - INFO - Starting trading cycle
2025-04-13 00:30:17,762 - Quantum Trading Bot - INFO - Market is closed, waiting...
2025-04-13 00:30:17,763 - Quantum Trading Bot - INFO - Sleeping for 60 seconds
2025-04-13 00:31:46,092 - Trading System - INFO - Trading Bot is alive: True
2025-04-13 00:31:46,092 - Quantum Trading Bot - INFO - Starting trading cycle
2025-04-13 00:31:46,094 - Trading System - INFO - Monitor Bot is alive: True
2025-04-13 00:31:46,094 - Quantum Trading Bot - INFO - Market is closed, waiting...
2025-04-13 00:31:46,094 - Trading System - INFO - Improvement Bot is alive: True
2025-04-13 00:31:46,094 - Quantum Trading Bot - INFO - Sleeping for 60 seconds
2025-04-13 00:40:51,087 - Trading System - INFO - Trading Bot is alive: True
2025-04-13 00:40:51,088 - Quantum Trading Bot - INFO - Starting trading cycle
2025-04-13 00:40:51,090 - Trading System - INFO - Monitor Bot is alive: True
2025-04-13 00:40:51,090 - Quantum Trading Bot - INFO - Market is closed, waiting...
2025-04-13 00:40:51,090 - Trading System - INFO - Improvement Bot is alive: True
2025-04-13 00:40:51,090 - Quantum Trading Bot - INFO - Sleeping for 60 seconds
2025-04-13 00:40:52,579 - Monitor Bot - INFO - Running scheduled task: Performance Metrics
2025-04-13 00:40:52,589 - Monitor Bot - INFO - === Performance Metrics ===
2025-04-13 00:40:52,589 - Monitor Bot - INFO - Date: 2025-04-12T23:46:06.133112
2025-04-13 00:40:52,589 - Monitor Bot - INFO - Total Trades: 72
2025-04-13 00:40:52,589 - Monitor Bot - INFO - Win Rate: 55.56%
2025-04-13 00:40:52,589 - Monitor Bot - INFO - Total Profit: $18.27
2025-04-13 00:40:52,590 - Monitor Bot - INFO - Average Profit per Trade: $0.25
2025-04-13 00:40:52,590 - Monitor Bot - INFO - Average Profit Percentage: 0.09%
2025-04-13 00:40:52,590 - Monitor Bot - INFO - Maximum Drawdown: 0.10%
2025-04-13 00:40:52,590 - Monitor Bot - INFO - ============================
2025-04-13 00:40:52,609 - Monitor Bot - INFO - Task Performance Metrics completed successfully
2025-04-13 00:41:51,093 - Quantum Trading Bot - INFO - Starting trading cycle
2025-04-13 00:41:51,095 - Trading System - INFO - Trading Bot is alive: True
2025-04-13 00:41:51,095 - Quantum Trading Bot - INFO - Market is closed, waiting...
2025-04-13 00:41:51,095 - Trading System - INFO - Monitor Bot is alive: True
2025-04-13 00:41:51,095 - Quantum Trading Bot - INFO - Sleeping for 60 seconds
2025-04-13 00:41:51,095 - Trading System - INFO - Improvement Bot is alive: True
2025-04-13 00:42:51,101 - Quantum Trading Bot - INFO - Starting trading cycle
2025-04-13 00:42:51,103 - Trading System - INFO - Trading Bot is alive: True
2025-04-13 00:42:51,104 - Quantum Trading Bot - INFO - Market is closed, waiting...
2025-04-13 00:42:51,105 - Trading System - INFO - Monitor Bot is alive: True
2025-04-13 00:42:51,105 - Quantum Trading Bot - INFO - Sleeping for 60 seconds
2025-04-13 00:42:51,105 - Trading System - INFO - Improvement Bot is alive: True
2025-04-13 00:43:51,105 - Quantum Trading Bot - INFO - Starting trading cycle
2025-04-13 00:43:51,107 - Quantum Trading Bot - INFO - Market is closed, waiting...
2025-04-13 00:43:51,107 - Quantum Trading Bot - INFO - Sleeping for 60 seconds
2025-04-13 00:43:51,108 - Trading System - INFO - Trading Bot is alive: True
2025-04-13 00:43:51,108 - Trading System - INFO - Monitor Bot is alive: True
2025-04-13 00:43:51,108 - Trading System - INFO - Improvement Bot is alive: True
2025-04-13 00:44:51,112 - Quantum Trading Bot - INFO - Starting trading cycle
2025-04-13 00:44:51,114 - Trading System - INFO - Trading Bot is alive: True
2025-04-13 00:44:51,115 - Quantum Trading Bot - INFO - Market is closed, waiting...
2025-04-13 00:44:51,116 - Trading System - INFO - Monitor Bot is alive: True
2025-04-13 00:44:51,116 - Quantum Trading Bot - INFO - Sleeping for 60 seconds
2025-04-13 00:44:51,116 - Trading System - INFO - Improvement Bot is alive: True
2025-04-13 00:45:51,119 - Trading System - INFO - Trading Bot is alive: True
2025-04-13 00:45:51,120 - Quantum Trading Bot - INFO - Starting trading cycle
2025-04-13 00:45:51,122 - Trading System - INFO - Monitor Bot is alive: True
2025-04-13 00:45:51,122 - Quantum Trading Bot - INFO - Market is closed, waiting...
2025-04-13 00:45:51,122 - Trading System - INFO - Improvement Bot is alive: True
2025-04-13 00:45:51,123 - Quantum Trading Bot - INFO - Sleeping for 60 seconds
2025-04-13 00:46:51,126 - Quantum Trading Bot - INFO - Starting trading cycle
2025-04-13 00:46:51,128 - Trading System - INFO - Trading Bot is alive: True
2025-04-13 00:46:51,129 - Quantum Trading Bot - INFO - Market is closed, waiting...
2025-04-13 00:46:51,129 - Trading System - INFO - Monitor Bot is alive: True
2025-04-13 00:46:51,129 - Quantum Trading Bot - INFO - Sleeping for 60 seconds
2025-04-13 00:46:51,130 - Trading System - INFO - Improvement Bot is alive: True
2025-04-13 00:47:51,132 - Trading System - INFO - Trading Bot is alive: True
2025-04-13 00:47:51,134 - Quantum Trading Bot - INFO - Starting trading cycle
2025-04-13 00:47:51,136 - Trading System - INFO - Monitor Bot is alive: True
2025-04-13 00:47:51,136 - Quantum Trading Bot - INFO - Market is closed, waiting...
2025-04-13 00:47:51,136 - Trading System - INFO - Improvement Bot is alive: True
2025-04-13 00:47:51,136 - Quantum Trading Bot - INFO - Sleeping for 60 seconds
2025-04-13 00:48:50,733 - Improvement Bot - INFO - Running scheduled task: System Health Analysis
2025-04-13 00:48:50,744 - Improvement Bot - INFO - Win rate trend: +0.00%
2025-04-13 00:48:50,744 - Improvement Bot - INFO - Profit trend: +0.00%
2025-04-13 00:48:50,745 - Improvement Bot - INFO - System health analysis completed: healthy
2025-04-13 00:48:50,745 - Improvement Bot - INFO - Task System Health Analysis completed successfully
2025-04-13 00:48:51,138 - Trading System - INFO - Trading Bot is alive: True
2025-04-13 00:48:51,139 - Trading System - INFO - Monitor Bot is alive: True
2025-04-13 00:48:51,139 - Trading System - INFO - Improvement Bot is alive: True
2025-04-13 00:48:51,141 - Quantum Trading Bot - INFO - Starting trading cycle
2025-04-13 00:48:51,141 - Quantum Trading Bot - INFO - Market is closed, waiting...
2025-04-13 00:48:51,141 - Quantum Trading Bot - INFO - Sleeping for 60 seconds
2025-04-13 00:49:51,144 - Trading System - INFO - Trading Bot is alive: True
2025-04-13 00:49:51,145 - Quantum Trading Bot - INFO - Starting trading cycle
2025-04-13 00:49:51,147 - Trading System - INFO - Monitor Bot is alive: True
2025-04-13 00:49:51,147 - Quantum Trading Bot - INFO - Market is closed, waiting...
2025-04-13 00:49:51,147 - Trading System - INFO - Improvement Bot is alive: True
2025-04-13 00:49:51,147 - Quantum Trading Bot - INFO - Sleeping for 60 seconds
2025-04-13 00:50:51,149 - Trading System - INFO - Trading Bot is alive: True
2025-04-13 00:50:51,151 - Quantum Trading Bot - INFO - Starting trading cycle
2025-04-13 00:50:51,151 - Trading System - INFO - Monitor Bot is alive: True
2025-04-13 00:50:51,151 - Quantum Trading Bot - INFO - Market is closed, waiting...
2025-04-13 00:50:51,151 - Trading System - INFO - Improvement Bot is alive: True
2025-04-13 00:50:51,152 - Quantum Trading Bot - INFO - Sleeping for 60 seconds
2025-04-13 00:51:51,157 - Quantum Trading Bot - INFO - Starting trading cycle
2025-04-13 00:51:51,159 - Trading System - INFO - Trading Bot is alive: True
2025-04-13 00:51:51,160 - Quantum Trading Bot - INFO - Market is closed, waiting...
2025-04-13 00:51:51,161 - Trading System - INFO - Monitor Bot is alive: True
2025-04-13 00:51:51,161 - Quantum Trading Bot - INFO - Sleeping for 60 seconds
2025-04-13 00:51:51,161 - Trading System - INFO - Improvement Bot is alive: True
2025-04-13 00:52:51,164 - Quantum Trading Bot - INFO - Starting trading cycle
2025-04-13 00:52:51,170 - Trading System - INFO - Trading Bot is alive: True
2025-04-13 00:52:51,171 - Quantum Trading Bot - INFO - Market is closed, waiting...
2025-04-13 00:52:51,171 - Trading System - INFO - Monitor Bot is alive: True
2025-04-13 00:52:51,171 - Quantum Trading Bot - INFO - Sleeping for 60 seconds
2025-04-13 00:52:51,173 - Trading System - INFO - Improvement Bot is alive: True
2025-04-13 00:53:51,173 - Quantum Trading Bot - INFO - Starting trading cycle
2025-04-13 00:53:51,175 - Trading System - INFO - Trading Bot is alive: True
2025-04-13 00:53:51,176 - Quantum Trading Bot - INFO - Market is closed, waiting...
2025-04-13 00:53:51,176 - Trading System - INFO - Monitor Bot is alive: True
2025-04-13 00:53:51,177 - Quantum Trading Bot - INFO - Sleeping for 60 seconds
2025-04-13 00:53:51,178 - Trading System - INFO - Improvement Bot is alive: True
2025-04-13 00:54:51,183 - Quantum Trading Bot - INFO - Starting trading cycle
2025-04-13 00:54:51,185 - Trading System - INFO - Trading Bot is alive: True
2025-04-13 00:54:51,186 - Quantum Trading Bot - INFO - Market is closed, waiting...
2025-04-13 00:54:51,186 - Trading System - INFO - Monitor Bot is alive: True
2025-04-13 00:54:51,187 - Quantum Trading Bot - INFO - Sleeping for 60 seconds
2025-04-13 00:54:51,187 - Trading System - INFO - Improvement Bot is alive: True
2025-04-13 00:55:51,188 - Quantum Trading Bot - INFO - Starting trading cycle
2025-04-13 00:55:51,188 - Quantum Trading Bot - INFO - Market is closed, waiting...
2025-04-13 00:55:51,188 - Quantum Trading Bot - INFO - Sleeping for 60 seconds
2025-04-13 00:55:51,191 - Trading System - INFO - Trading Bot is alive: True
2025-04-13 00:55:51,191 - Trading System - INFO - Monitor Bot is alive: True
2025-04-13 00:55:51,191 - Trading System - INFO - Improvement Bot is alive: True
2025-04-13 00:56:51,194 - Quantum Trading Bot - INFO - Starting trading cycle
2025-04-13 00:56:51,195 - Trading System - INFO - Trading Bot is alive: True
2025-04-13 00:56:51,196 - Quantum Trading Bot - INFO - Market is closed, waiting...
2025-04-13 00:56:51,196 - Trading System - INFO - Monitor Bot is alive: True
2025-04-13 00:56:51,197 - Quantum Trading Bot - INFO - Sleeping for 60 seconds
2025-04-13 00:56:51,197 - Trading System - INFO - Improvement Bot is alive: True
2025-04-13 00:57:51,200 - Quantum Trading Bot - INFO - Starting trading cycle
2025-04-13 00:57:51,202 - Trading System - INFO - Trading Bot is alive: True
2025-04-13 00:57:51,203 - Quantum Trading Bot - INFO - Market is closed, waiting...
2025-04-13 00:57:51,203 - Trading System - INFO - Monitor Bot is alive: True
2025-04-13 00:57:51,203 - Quantum Trading Bot - INFO - Sleeping for 60 seconds
2025-04-13 00:57:51,203 - Trading System - INFO - Improvement Bot is alive: True
2025-04-13 00:58:51,205 - Quantum Trading Bot - INFO - Starting trading cycle
2025-04-13 00:58:51,209 - Quantum Trading Bot - INFO - Market is closed, waiting...
2025-04-13 00:58:51,209 - Trading System - INFO - Trading Bot is alive: True
2025-04-13 00:58:51,209 - Quantum Trading Bot - INFO - Sleeping for 60 seconds
2025-04-13 00:58:51,209 - Trading System - INFO - Monitor Bot is alive: True
2025-04-13 00:58:51,210 - Trading System - INFO - Improvement Bot is alive: True
2025-04-13 00:59:51,211 - Trading System - INFO - Trading Bot is alive: True
2025-04-13 00:59:51,213 - Trading System - INFO - Monitor Bot is alive: True
2025-04-13 00:59:51,214 - Trading System - INFO - Improvement Bot is alive: True
2025-04-13 00:59:51,214 - Quantum Trading Bot - INFO - Starting trading cycle
2025-04-13 00:59:51,215 - Quantum Trading Bot - INFO - Market is closed, waiting...
2025-04-13 00:59:51,215 - Quantum Trading Bot - INFO - Sleeping for 60 seconds
2025-04-13 01:00:51,216 - Trading System - INFO - Trading Bot is alive: True
2025-04-13 01:00:51,216 - Quantum Trading Bot - INFO - Starting trading cycle
2025-04-13 01:00:51,218 - Trading System - INFO - Monitor Bot is alive: True
2025-04-13 01:00:51,218 - Quantum Trading Bot - INFO - Market is closed, waiting...
2025-04-13 01:00:51,218 - Trading System - INFO - Improvement Bot is alive: True
2025-04-13 01:00:51,218 - Quantum Trading Bot - INFO - Sleeping for 60 seconds
2025-04-13 01:01:51,240 - Quantum Trading Bot - INFO - Starting trading cycle
2025-04-13 01:01:51,242 - Trading System - INFO - Trading Bot is alive: True
2025-04-13 01:01:51,244 - Quantum Trading Bot - INFO - Market is closed, waiting...
2025-04-13 01:01:51,244 - Trading System - INFO - Monitor Bot is alive: True
2025-04-13 01:01:51,244 - Quantum Trading Bot - INFO - Sleeping for 60 seconds
2025-04-13 01:01:51,244 - Trading System - INFO - Improvement Bot is alive: True
2025-04-13 01:02:51,250 - Quantum Trading Bot - INFO - Starting trading cycle
2025-04-13 01:02:51,253 - Trading System - INFO - Trading Bot is alive: True
2025-04-13 01:02:51,254 - Trading System - INFO - Monitor Bot is alive: True
2025-04-13 01:02:51,254 - Trading System - INFO - Improvement Bot is alive: True
2025-04-13 01:02:51,254 - Quantum Trading Bot - INFO - Market is closed, waiting...
2025-04-13 01:02:51,254 - Quantum Trading Bot - INFO - Sleeping for 60 seconds
2025-04-13 01:03:51,265 - Trading System - INFO - Trading Bot is alive: True
2025-04-13 01:03:51,266 - Quantum Trading Bot - INFO - Starting trading cycle
2025-04-13 01:03:51,267 - Quantum Trading Bot - INFO - Market is closed, waiting...
2025-04-13 01:03:51,267 - Quantum Trading Bot - INFO - Sleeping for 60 seconds
2025-04-13 01:03:51,267 - Trading System - INFO - Monitor Bot is alive: True
2025-04-13 01:03:51,277 - Trading System - INFO - Improvement Bot is alive: True
2025-04-13 01:04:51,273 - Quantum Trading Bot - INFO - Starting trading cycle
2025-04-13 01:04:51,276 - Quantum Trading Bot - INFO - Market is closed, waiting...
2025-04-13 01:04:51,276 - Quantum Trading Bot - INFO - Sleeping for 60 seconds
2025-04-13 01:04:51,283 - Trading System - INFO - Trading Bot is alive: True
2025-04-13 01:04:51,283 - Trading System - INFO - Monitor Bot is alive: True
2025-04-13 01:04:51,283 - Trading System - INFO - Improvement Bot is alive: True
2025-04-13 01:05:51,279 - Quantum Trading Bot - INFO - Starting trading cycle
2025-04-13 01:05:51,281 - Quantum Trading Bot - INFO - Market is closed, waiting...
2025-04-13 01:05:51,281 - Quantum Trading Bot - INFO - Sleeping for 60 seconds
2025-04-13 01:05:51,284 - Trading System - INFO - Trading Bot is alive: True
2025-04-13 01:05:51,284 - Trading System - INFO - Monitor Bot is alive: True
2025-04-13 01:05:51,284 - Trading System - INFO - Improvement Bot is alive: True
2025-04-13 01:06:51,286 - Trading System - INFO - Trading Bot is alive: True
2025-04-13 01:06:51,287 - Quantum Trading Bot - INFO - Starting trading cycle
2025-04-13 01:06:51,289 - Trading System - INFO - Monitor Bot is alive: True
2025-04-13 01:06:51,289 - Quantum Trading Bot - INFO - Market is closed, waiting...
2025-04-13 01:06:51,289 - Trading System - INFO - Improvement Bot is alive: True
2025-04-13 01:06:51,290 - Quantum Trading Bot - INFO - Sleeping for 60 seconds
2025-04-13 01:07:51,293 - Quantum Trading Bot - INFO - Starting trading cycle
2025-04-13 01:07:51,295 - Quantum Trading Bot - INFO - Market is closed, waiting...
2025-04-13 01:07:51,295 - Quantum Trading Bot - INFO - Sleeping for 60 seconds
2025-04-13 01:07:51,295 - Trading System - INFO - Trading Bot is alive: True
2025-04-13 01:07:51,295 - Trading System - INFO - Monitor Bot is alive: True
2025-04-13 01:07:51,295 - Trading System - INFO - Improvement Bot is alive: True
2025-04-13 01:08:51,297 - Quantum Trading Bot - INFO - Starting trading cycle
2025-04-13 01:08:51,299 - Quantum Trading Bot - INFO - Market is closed, waiting...
2025-04-13 01:08:51,300 - Quantum Trading Bot - INFO - Sleeping for 60 seconds
2025-04-13 01:08:51,301 - Trading System - INFO - Trading Bot is alive: True
2025-04-13 01:08:51,301 - Trading System - INFO - Monitor Bot is alive: True
2025-04-13 01:08:51,301 - Trading System - INFO - Improvement Bot is alive: True
2025-04-13 01:09:51,301 - Quantum Trading Bot - INFO - Starting trading cycle
2025-04-13 01:09:51,304 - Quantum Trading Bot - INFO - Market is closed, waiting...
2025-04-13 01:09:51,304 - Quantum Trading Bot - INFO - Sleeping for 60 seconds
2025-04-13 01:09:51,304 - Trading System - INFO - Trading Bot is alive: True
2025-04-13 01:09:51,305 - Trading System - INFO - Monitor Bot is alive: True
2025-04-13 01:09:51,305 - Trading System - INFO - Improvement Bot is alive: True
2025-04-13 01:10:51,308 - Trading System - INFO - Trading Bot is alive: True
2025-04-13 01:10:51,309 - Quantum Trading Bot - INFO - Starting trading cycle
2025-04-13 01:10:51,311 - Trading System - INFO - Monitor Bot is alive: True
2025-04-13 01:10:51,311 - Quantum Trading Bot - INFO - Market is closed, waiting...
2025-04-13 01:10:51,311 - Trading System - INFO - Improvement Bot is alive: True
2025-04-13 01:10:51,311 - Quantum Trading Bot - INFO - Sleeping for 60 seconds
2025-04-13 01:11:51,315 - Trading System - INFO - Trading Bot is alive: True
2025-04-13 01:11:51,316 - Quantum Trading Bot - INFO - Starting trading cycle
2025-04-13 01:11:51,318 - Trading System - INFO - Monitor Bot is alive: True
2025-04-13 01:11:51,318 - Quantum Trading Bot - INFO - Market is closed, waiting...
2025-04-13 01:11:51,318 - Trading System - INFO - Improvement Bot is alive: True
2025-04-13 01:11:51,318 - Quantum Trading Bot - INFO - Sleeping for 60 seconds
2025-04-13 01:12:51,319 - Quantum Trading Bot - INFO - Starting trading cycle
2025-04-13 01:12:51,321 - Quantum Trading Bot - INFO - Market is closed, waiting...
2025-04-13 01:12:51,321 - Quantum Trading Bot - INFO - Sleeping for 60 seconds
2025-04-13 01:12:51,324 - Trading System - INFO - Trading Bot is alive: True
2025-04-13 01:12:51,324 - Trading System - INFO - Monitor Bot is alive: True
2025-04-13 01:12:51,324 - Trading System - INFO - Improvement Bot is alive: True
2025-04-13 01:13:51,323 - Quantum Trading Bot - INFO - Starting trading cycle
2025-04-13 01:13:51,324 - Quantum Trading Bot - INFO - Market is closed, waiting...
2025-04-13 01:13:51,324 - Quantum Trading Bot - INFO - Sleeping for 60 seconds
2025-04-13 01:13:51,329 - Trading System - INFO - Trading Bot is alive: True
2025-04-13 01:13:51,329 - Trading System - INFO - Monitor Bot is alive: True
2025-04-13 01:13:51,329 - Trading System - INFO - Improvement Bot is alive: True
2025-04-13 01:14:51,330 - Quantum Trading Bot - INFO - Starting trading cycle
2025-04-13 01:14:51,331 - Trading System - INFO - Trading Bot is alive: True
2025-04-13 01:14:51,331 - Quantum Trading Bot - INFO - Market is closed, waiting...
2025-04-13 01:14:51,332 - Trading System - INFO - Monitor Bot is alive: True
2025-04-13 01:14:51,332 - Trading System - INFO - Improvement Bot is alive: True
2025-04-13 01:14:51,332 - Quantum Trading Bot - INFO - Sleeping for 60 seconds
2025-04-13 01:15:51,335 - Quantum Trading Bot - INFO - Starting trading cycle
2025-04-13 01:15:51,336 - Trading System - INFO - Trading Bot is alive: True
2025-04-13 01:15:51,338 - Quantum Trading Bot - INFO - Market is closed, waiting...
2025-04-13 01:15:51,338 - Trading System - INFO - Monitor Bot is alive: True
2025-04-13 01:15:51,338 - Quantum Trading Bot - INFO - Sleeping for 60 seconds
2025-04-13 01:15:51,338 - Trading System - INFO - Improvement Bot is alive: True
2025-04-13 01:16:51,344 - Quantum Trading Bot - INFO - Starting trading cycle
2025-04-13 01:16:51,345 - Trading System - INFO - Trading Bot is alive: True
2025-04-13 01:16:51,346 - Quantum Trading Bot - INFO - Market is closed, waiting...
2025-04-13 01:16:51,346 - Trading System - INFO - Monitor Bot is alive: True
2025-04-13 01:16:51,346 - Quantum Trading Bot - INFO - Sleeping for 60 seconds
2025-04-13 01:16:51,346 - Trading System - INFO - Improvement Bot is alive: True
2025-04-13 01:17:51,353 - Trading System - INFO - Trading Bot is alive: True
2025-04-13 01:17:51,354 - Quantum Trading Bot - INFO - Starting trading cycle
2025-04-13 01:17:51,355 - Trading System - INFO - Monitor Bot is alive: True
2025-04-13 01:17:51,355 - Quantum Trading Bot - INFO - Market is closed, waiting...
2025-04-13 01:17:51,355 - Trading System - INFO - Improvement Bot is alive: True
2025-04-13 01:17:51,355 - Quantum Trading Bot - INFO - Sleeping for 60 seconds
2025-04-13 01:18:51,359 - Trading System - INFO - Trading Bot is alive: True
2025-04-13 01:18:51,361 - Quantum Trading Bot - INFO - Starting trading cycle
2025-04-13 01:18:51,361 - Trading System - INFO - Monitor Bot is alive: True
2025-04-13 01:18:51,361 - Quantum Trading Bot - INFO - Market is closed, waiting...
2025-04-13 01:18:51,361 - Trading System - INFO - Improvement Bot is alive: True
2025-04-13 01:18:51,361 - Quantum Trading Bot - INFO - Sleeping for 60 seconds
2025-04-13 01:19:51,363 - Trading System - INFO - Trading Bot is alive: True
2025-04-13 01:19:51,365 - Quantum Trading Bot - INFO - Starting trading cycle
2025-04-13 01:19:51,366 - Trading System - INFO - Monitor Bot is alive: True
2025-04-13 01:19:51,367 - Quantum Trading Bot - INFO - Market is closed, waiting...
2025-04-13 01:19:51,367 - Trading System - INFO - Improvement Bot is alive: True
2025-04-13 01:19:51,367 - Quantum Trading Bot - INFO - Sleeping for 60 seconds
2025-04-13 01:20:51,372 - Quantum Trading Bot - INFO - Starting trading cycle
2025-04-13 01:20:51,373 - Trading System - INFO - Trading Bot is alive: True
2025-04-13 01:20:51,374 - Quantum Trading Bot - INFO - Market is closed, waiting...
2025-04-13 01:20:51,375 - Trading System - INFO - Monitor Bot is alive: True
2025-04-13 01:20:51,375 - Quantum Trading Bot - INFO - Sleeping for 60 seconds
2025-04-13 01:20:51,375 - Trading System - INFO - Improvement Bot is alive: True
2025-04-13 01:21:51,380 - Trading System - INFO - Trading Bot is alive: True
2025-04-13 01:21:51,381 - Quantum Trading Bot - INFO - Starting trading cycle
2025-04-13 01:21:51,382 - Trading System - INFO - Monitor Bot is alive: True
2025-04-13 01:21:51,382 - Quantum Trading Bot - INFO - Market is closed, waiting...
2025-04-13 01:21:51,382 - Trading System - INFO - Improvement Bot is alive: True
2025-04-13 01:21:51,382 - Quantum Trading Bot - INFO - Sleeping for 60 seconds
2025-04-13 01:22:51,388 - Trading System - INFO - Trading Bot is alive: True
2025-04-13 01:22:51,390 - Quantum Trading Bot - INFO - Starting trading cycle
2025-04-13 01:22:51,392 - Trading System - INFO - Monitor Bot is alive: True
2025-04-13 01:22:51,392 - Quantum Trading Bot - INFO - Market is closed, waiting...
2025-04-13 01:22:51,392 - Trading System - INFO - Improvement Bot is alive: True
2025-04-13 01:22:51,392 - Quantum Trading Bot - INFO - Sleeping for 60 seconds
2025-04-13 01:23:51,398 - Quantum Trading Bot - INFO - Starting trading cycle
2025-04-13 01:23:51,401 - Trading System - INFO - Trading Bot is alive: True
2025-04-13 01:23:51,402 - Quantum Trading Bot - INFO - Market is closed, waiting...
2025-04-13 01:23:51,402 - Trading System - INFO - Monitor Bot is alive: True
2025-04-13 01:23:51,402 - Quantum Trading Bot - INFO - Sleeping for 60 seconds
2025-04-13 01:23:51,402 - Trading System - INFO - Improvement Bot is alive: True
2025-04-13 01:24:51,407 - Trading System - INFO - Trading Bot is alive: True
2025-04-13 01:24:51,408 - Quantum Trading Bot - INFO - Starting trading cycle
2025-04-13 01:24:51,410 - Trading System - INFO - Monitor Bot is alive: True
2025-04-13 01:24:51,410 - Quantum Trading Bot - INFO - Market is closed, waiting...
2025-04-13 01:24:51,410 - Trading System - INFO - Improvement Bot is alive: True
2025-04-13 01:24:51,410 - Quantum Trading Bot - INFO - Sleeping for 60 seconds
2025-04-13 01:25:51,412 - Trading System - INFO - Trading Bot is alive: True
2025-04-13 01:25:51,414 - Trading System - INFO - Monitor Bot is alive: True
2025-04-13 01:25:51,414 - Trading System - INFO - Improvement Bot is alive: True
2025-04-13 01:25:51,414 - Quantum Trading Bot - INFO - Starting trading cycle
2025-04-13 01:25:51,415 - Quantum Trading Bot - INFO - Market is closed, waiting...
2025-04-13 01:25:51,415 - Quantum Trading Bot - INFO - Sleeping for 60 seconds
2025-04-13 01:26:51,415 - Trading System - INFO - Trading Bot is alive: True
2025-04-13 01:26:51,418 - Trading System - INFO - Monitor Bot is alive: True
2025-04-13 01:26:51,418 - Trading System - INFO - Improvement Bot is alive: True
2025-04-13 01:26:51,420 - Quantum Trading Bot - INFO - Starting trading cycle
2025-04-13 01:26:51,420 - Quantum Trading Bot - INFO - Market is closed, waiting...
2025-04-13 01:26:51,420 - Quantum Trading Bot - INFO - Sleeping for 60 seconds
2025-04-13 01:27:51,423 - Trading System - INFO - Trading Bot is alive: True
2025-04-13 01:27:51,425 - Quantum Trading Bot - INFO - Starting trading cycle
2025-04-13 01:27:51,426 - Trading System - INFO - Monitor Bot is alive: True
2025-04-13 01:27:51,426 - Quantum Trading Bot - INFO - Market is closed, waiting...
2025-04-13 01:27:51,426 - Trading System - INFO - Improvement Bot is alive: True
2025-04-13 01:27:51,426 - Quantum Trading Bot - INFO - Sleeping for 60 seconds
2025-04-13 01:28:51,431 - Quantum Trading Bot - INFO - Starting trading cycle
2025-04-13 01:28:51,433 - Trading System - INFO - Trading Bot is alive: True
2025-04-13 01:28:51,434 - Quantum Trading Bot - INFO - Market is closed, waiting...
2025-04-13 01:28:51,434 - Trading System - INFO - Monitor Bot is alive: True
2025-04-13 01:28:51,434 - Quantum Trading Bot - INFO - Sleeping for 60 seconds
2025-04-13 01:28:51,434 - Trading System - INFO - Improvement Bot is alive: True
2025-04-13 01:29:51,436 - Quantum Trading Bot - INFO - Starting trading cycle
2025-04-13 01:29:51,437 - Trading System - INFO - Trading Bot is alive: True
2025-04-13 01:29:51,438 - Quantum Trading Bot - INFO - Market is closed, waiting...
2025-04-13 01:29:51,438 - Trading System - INFO - Monitor Bot is alive: True
2025-04-13 01:29:51,438 - Quantum Trading Bot - INFO - Sleeping for 60 seconds
2025-04-13 01:29:51,438 - Trading System - INFO - Improvement Bot is alive: True
2025-04-13 01:30:51,441 - Trading System - INFO - Trading Bot is alive: True
2025-04-13 01:30:51,443 - Quantum Trading Bot - INFO - Starting trading cycle
2025-04-13 01:30:51,444 - Trading System - INFO - Monitor Bot is alive: True
2025-04-13 01:30:51,444 - Quantum Trading Bot - INFO - Market is closed, waiting...
2025-04-13 01:30:51,444 - Trading System - INFO - Improvement Bot is alive: True
2025-04-13 01:30:51,444 - Quantum Trading Bot - INFO - Sleeping for 60 seconds
2025-04-13 01:31:51,449 - Quantum Trading Bot - INFO - Starting trading cycle
2025-04-13 01:31:51,450 - Trading System - INFO - Trading Bot is alive: True
2025-04-13 01:31:51,452 - Quantum Trading Bot - INFO - Market is closed, waiting...
2025-04-13 01:31:51,452 - Trading System - INFO - Monitor Bot is alive: True
2025-04-13 01:31:51,453 - Quantum Trading Bot - INFO - Sleeping for 60 seconds
2025-04-13 01:31:51,453 - Trading System - INFO - Improvement Bot is alive: True
2025-04-13 01:32:51,458 - Quantum Trading Bot - INFO - Starting trading cycle
2025-04-13 01:32:51,460 - Trading System - INFO - Trading Bot is alive: True
2025-04-13 01:32:51,460 - Quantum Trading Bot - INFO - Market is closed, waiting...
2025-04-13 01:32:51,461 - Trading System - INFO - Monitor Bot is alive: True
2025-04-13 01:32:51,461 - Quantum Trading Bot - INFO - Sleeping for 60 seconds
2025-04-13 01:32:51,461 - Trading System - INFO - Improvement Bot is alive: True
2025-04-13 01:33:51,477 - Trading System - INFO - Trading Bot is alive: True
2025-04-13 01:33:51,478 - Quantum Trading Bot - INFO - Starting trading cycle
2025-04-13 01:33:51,479 - Trading System - INFO - Monitor Bot is alive: True
2025-04-13 01:33:51,479 - Quantum Trading Bot - INFO - Market is closed, waiting...
2025-04-13 01:33:51,479 - Trading System - INFO - Improvement Bot is alive: True
2025-04-13 01:33:51,480 - Quantum Trading Bot - INFO - Sleeping for 60 seconds
2025-04-13 01:34:51,484 - Quantum Trading Bot - INFO - Starting trading cycle
2025-04-13 01:34:51,486 - Trading System - INFO - Trading Bot is alive: True
2025-04-13 01:34:51,488 - Trading System - INFO - Monitor Bot is alive: True
2025-04-13 01:34:51,488 - Quantum Trading Bot - INFO - Market is closed, waiting...
2025-04-13 01:34:51,488 - Trading System - INFO - Improvement Bot is alive: True
2025-04-13 01:34:51,488 - Quantum Trading Bot - INFO - Sleeping for 60 seconds
2025-04-13 01:35:51,494 - Trading System - INFO - Trading Bot is alive: True
2025-04-13 01:35:51,494 - Quantum Trading Bot - INFO - Starting trading cycle
2025-04-13 01:35:51,496 - Trading System - INFO - Monitor Bot is alive: True
2025-04-13 01:35:51,496 - Quantum Trading Bot - INFO - Market is closed, waiting...
2025-04-13 01:35:51,496 - Trading System - INFO - Improvement Bot is alive: True
2025-04-13 01:35:51,496 - Quantum Trading Bot - INFO - Sleeping for 60 seconds
2025-04-13 01:36:51,498 - Quantum Trading Bot - INFO - Starting trading cycle
2025-04-13 01:36:51,499 - Trading System - INFO - Trading Bot is alive: True
2025-04-13 01:36:51,500 - Quantum Trading Bot - INFO - Market is closed, waiting...
2025-04-13 01:36:51,500 - Trading System - INFO - Monitor Bot is alive: True
2025-04-13 01:36:51,500 - Quantum Trading Bot - INFO - Sleeping for 60 seconds
2025-04-13 01:36:51,501 - Trading System - INFO - Improvement Bot is alive: True
2025-04-13 01:37:51,505 - Trading System - INFO - Trading Bot is alive: True
2025-04-13 01:37:51,508 - Quantum Trading Bot - INFO - Starting trading cycle
2025-04-13 01:37:51,509 - Trading System - INFO - Monitor Bot is alive: True
2025-04-13 01:37:51,509 - Quantum Trading Bot - INFO - Market is closed, waiting...
2025-04-13 01:37:51,509 - Trading System - INFO - Improvement Bot is alive: True
2025-04-13 01:37:51,509 - Quantum Trading Bot - INFO - Sleeping for 60 seconds
2025-04-13 01:38:51,513 - Quantum Trading Bot - INFO - Starting trading cycle
2025-04-13 01:38:51,515 - Trading System - INFO - Trading Bot is alive: True
2025-04-13 01:38:51,517 - Quantum Trading Bot - INFO - Market is closed, waiting...
2025-04-13 01:38:51,517 - Trading System - INFO - Monitor Bot is alive: True
2025-04-13 01:38:51,517 - Quantum Trading Bot - INFO - Sleeping for 60 seconds
2025-04-13 01:38:51,517 - Trading System - INFO - Improvement Bot is alive: True
2025-04-13 01:39:51,520 - Trading System - INFO - Trading Bot is alive: True
2025-04-13 01:39:51,520 - Quantum Trading Bot - INFO - Starting trading cycle
2025-04-13 01:39:51,521 - Trading System - INFO - Monitor Bot is alive: True
2025-04-13 01:39:51,521 - Quantum Trading Bot - INFO - Market is closed, waiting...
2025-04-13 01:39:51,521 - Trading System - INFO - Improvement Bot is alive: True
2025-04-13 01:39:51,521 - Quantum Trading Bot - INFO - Sleeping for 60 seconds
2025-04-13 01:40:51,527 - Trading System - INFO - Trading Bot is alive: True
2025-04-13 01:40:51,529 - Quantum Trading Bot - INFO - Starting trading cycle
2025-04-13 01:40:51,531 - Trading System - INFO - Monitor Bot is alive: True
2025-04-13 01:40:51,531 - Quantum Trading Bot - INFO - Market is closed, waiting...
2025-04-13 01:40:51,531 - Trading System - INFO - Improvement Bot is alive: True
2025-04-13 01:40:51,531 - Quantum Trading Bot - INFO - Sleeping for 60 seconds
2025-04-13 01:40:53,035 - Monitor Bot - INFO - Running scheduled task: Performance Metrics
2025-04-13 01:40:53,044 - Monitor Bot - INFO - === Performance Metrics ===
2025-04-13 01:40:53,045 - Monitor Bot - INFO - Date: 2025-04-12T23:46:06.133112
2025-04-13 01:40:53,045 - Monitor Bot - INFO - Total Trades: 72
2025-04-13 01:40:53,045 - Monitor Bot - INFO - Win Rate: 55.56%
2025-04-13 01:40:53,045 - Monitor Bot - INFO - Total Profit: $18.27
2025-04-13 01:40:53,045 - Monitor Bot - INFO - Average Profit per Trade: $0.25
2025-04-13 01:40:53,045 - Monitor Bot - INFO - Average Profit Percentage: 0.09%
2025-04-13 01:40:53,047 - Monitor Bot - INFO - Maximum Drawdown: 0.10%
2025-04-13 01:40:53,047 - Monitor Bot - INFO - ============================
2025-04-13 01:40:53,057 - Monitor Bot - INFO - Task Performance Metrics completed successfully
2025-04-13 01:41:51,534 - Trading System - INFO - Trading Bot is alive: True
2025-04-13 01:41:51,538 - Quantum Trading Bot - INFO - Starting trading cycle
2025-04-13 01:41:51,538 - Trading System - INFO - Monitor Bot is alive: True
2025-04-13 01:41:51,540 - Quantum Trading Bot - INFO - Market is closed, waiting...
2025-04-13 01:41:51,540 - Trading System - INFO - Improvement Bot is alive: True
2025-04-13 01:41:51,540 - Quantum Trading Bot - INFO - Sleeping for 60 seconds
2025-04-13 01:42:51,546 - Trading System - INFO - Trading Bot is alive: True
2025-04-13 01:42:51,548 - Quantum Trading Bot - INFO - Starting trading cycle
2025-04-13 01:42:51,549 - Trading System - INFO - Monitor Bot is alive: True
2025-04-13 01:42:51,549 - Quantum Trading Bot - INFO - Market is closed, waiting...
2025-04-13 01:42:51,549 - Trading System - INFO - Improvement Bot is alive: True
2025-04-13 01:42:51,549 - Quantum Trading Bot - INFO - Sleeping for 60 seconds
2025-04-13 01:43:51,554 - Quantum Trading Bot - INFO - Starting trading cycle
2025-04-13 01:43:51,555 - Trading System - INFO - Trading Bot is alive: True
2025-04-13 01:43:51,557 - Quantum Trading Bot - INFO - Market is closed, waiting...
2025-04-13 01:43:51,557 - Trading System - INFO - Monitor Bot is alive: True
2025-04-13 01:43:51,557 - Quantum Trading Bot - INFO - Sleeping for 60 seconds
2025-04-13 01:43:51,558 - Trading System - INFO - Improvement Bot is alive: True
2025-04-13 01:44:51,561 - Trading System - INFO - Trading Bot is alive: True
2025-04-13 01:44:51,563 - Trading System - INFO - Monitor Bot is alive: True
2025-04-13 01:44:51,564 - Quantum Trading Bot - INFO - Starting trading cycle
2025-04-13 01:44:51,564 - Trading System - INFO - Improvement Bot is alive: True
2025-04-13 01:44:51,564 - Quantum Trading Bot - INFO - Market is closed, waiting...
2025-04-13 01:44:51,564 - Quantum Trading Bot - INFO - Sleeping for 60 seconds
2025-04-13 01:45:51,569 - Quantum Trading Bot - INFO - Starting trading cycle
2025-04-13 01:45:51,570 - Trading System - INFO - Trading Bot is alive: True
2025-04-13 01:45:51,571 - Quantum Trading Bot - INFO - Market is closed, waiting...
2025-04-13 01:45:51,571 - Trading System - INFO - Monitor Bot is alive: True
2025-04-13 01:45:51,571 - Quantum Trading Bot - INFO - Sleeping for 60 seconds
2025-04-13 01:45:51,571 - Trading System - INFO - Improvement Bot is alive: True
2025-04-13 01:46:51,576 - Quantum Trading Bot - INFO - Starting trading cycle
2025-04-13 01:46:51,578 - Trading System - INFO - Trading Bot is alive: True
2025-04-13 01:46:51,580 - Quantum Trading Bot - INFO - Market is closed, waiting...
2025-04-13 01:46:51,580 - Trading System - INFO - Monitor Bot is alive: True
2025-04-13 01:46:51,581 - Quantum Trading Bot - INFO - Sleeping for 60 seconds
2025-04-13 01:46:51,581 - Trading System - INFO - Improvement Bot is alive: True
2025-04-13 01:47:51,584 - Quantum Trading Bot - INFO - Starting trading cycle
2025-04-13 01:47:51,586 - Trading System - INFO - Trading Bot is alive: True
2025-04-13 01:47:51,587 - Quantum Trading Bot - INFO - Market is closed, waiting...
2025-04-13 01:47:51,587 - Trading System - INFO - Monitor Bot is alive: True
2025-04-13 01:47:51,588 - Quantum Trading Bot - INFO - Sleeping for 60 seconds
2025-04-13 01:47:51,588 - Trading System - INFO - Improvement Bot is alive: True
2025-04-13 01:48:50,794 - Improvement Bot - INFO - Running scheduled task: System Health Analysis
2025-04-13 01:48:50,805 - Improvement Bot - INFO - Win rate trend: +0.00%
2025-04-13 01:48:50,805 - Improvement Bot - INFO - Profit trend: +0.00%
2025-04-13 01:48:50,807 - Improvement Bot - INFO - System health analysis completed: healthy
2025-04-13 01:48:50,808 - Improvement Bot - INFO - Task System Health Analysis completed successfully
2025-04-13 01:48:51,594 - Quantum Trading Bot - INFO - Starting trading cycle
2025-04-13 01:48:51,594 - Trading System - INFO - Trading Bot is alive: True
2025-04-13 01:48:51,594 - Quantum Trading Bot - INFO - Market is closed, waiting...
2025-04-13 01:48:51,595 - Trading System - INFO - Monitor Bot is alive: True
2025-04-13 01:48:51,595 - Quantum Trading Bot - INFO - Sleeping for 60 seconds
2025-04-13 01:48:51,595 - Trading System - INFO - Improvement Bot is alive: True
2025-04-13 01:49:51,597 - Trading System - INFO - Trading Bot is alive: True
2025-04-13 01:49:51,598 - Quantum Trading Bot - INFO - Starting trading cycle
2025-04-13 01:49:51,600 - Trading System - INFO - Monitor Bot is alive: True
2025-04-13 01:49:51,600 - Quantum Trading Bot - INFO - Market is closed, waiting...
2025-04-13 01:49:51,600 - Trading System - INFO - Improvement Bot is alive: True
2025-04-13 01:49:51,600 - Quantum Trading Bot - INFO - Sleeping for 60 seconds
2025-04-13 01:50:51,605 - Trading System - INFO - Trading Bot is alive: True
2025-04-13 01:50:51,607 - Quantum Trading Bot - INFO - Starting trading cycle
2025-04-13 01:50:51,608 - Trading System - INFO - Monitor Bot is alive: True
2025-04-13 01:50:51,608 - Quantum Trading Bot - INFO - Market is closed, waiting...
2025-04-13 01:50:51,608 - Trading System - INFO - Improvement Bot is alive: True
2025-04-13 01:50:51,608 - Quantum Trading Bot - INFO - Sleeping for 60 seconds
2025-04-13 01:52:19,965 - Quantum Trading Bot - INFO - Starting trading cycle
2025-04-13 01:52:19,967 - Trading System - INFO - Trading Bot is alive: True
2025-04-13 01:52:19,967 - Quantum Trading Bot - INFO - Market is closed, waiting...
2025-04-13 01:52:19,967 - Trading System - INFO - Monitor Bot is alive: True
2025-04-13 01:52:19,968 - Quantum Trading Bot - INFO - Sleeping for 60 seconds
2025-04-13 01:52:19,968 - Trading System - INFO - Improvement Bot is alive: True
2025-04-13 01:57:46,145 - Trading System - INFO - Trading Bot is alive: True
2025-04-13 01:57:46,147 - Quantum Trading Bot - INFO - Starting trading cycle
2025-04-13 01:57:46,148 - Trading System - INFO - Monitor Bot is alive: True
2025-04-13 01:57:46,149 - Quantum Trading Bot - INFO - Market is closed, waiting...
2025-04-13 01:57:46,149 - Trading System - INFO - Improvement Bot is alive: True
2025-04-13 01:57:46,149 - Quantum Trading Bot - INFO - Sleeping for 60 seconds
2025-04-13 02:32:34,944 - Trading System - INFO - Trading Bot is alive: True
2025-04-13 02:32:34,945 - Quantum Trading Bot - INFO - Starting trading cycle
2025-04-13 02:32:34,946 - Trading System - INFO - Monitor Bot is alive: True
2025-04-13 02:32:34,947 - Quantum Trading Bot - INFO - Market is closed, waiting...
2025-04-13 02:32:34,947 - Trading System - INFO - Improvement Bot is alive: True
2025-04-13 02:32:34,947 - Quantum Trading Bot - INFO - Sleeping for 60 seconds
2025-04-13 02:32:36,526 - Monitor Bot - INFO - Running scheduled task: Quantum System Health Check
2025-04-13 02:32:36,527 - Monitor Bot - INFO - Monitoring quantum system health
2025-04-13 02:32:36,529 - Monitor Bot - INFO - Average quantum error rate: 0.0482
2025-04-13 02:32:36,532 - Monitor Bot - INFO - Task Quantum System Health Check completed successfully
2025-04-13 02:49:07,949 - Quantum Trading Bot - INFO - Starting trading cycle
2025-04-13 02:49:07,953 - Trading System - INFO - Trading Bot is alive: True
2025-04-13 02:49:07,955 - Quantum Trading Bot - INFO - Market is closed, waiting...
2025-04-13 02:49:07,955 - Trading System - INFO - Monitor Bot is alive: True
2025-04-13 02:49:07,955 - Quantum Trading Bot - INFO - Sleeping for 60 seconds
2025-04-13 02:49:07,955 - Trading System - INFO - Improvement Bot is alive: True
2025-04-13 02:49:09,538 - Monitor Bot - INFO - Running scheduled task: Performance Metrics
2025-04-13 02:49:09,547 - Monitor Bot - INFO - === Performance Metrics ===
2025-04-13 02:49:09,547 - Monitor Bot - INFO - Date: 2025-04-12T23:46:06.133112
2025-04-13 02:49:09,547 - Monitor Bot - INFO - Total Trades: 72
2025-04-13 02:49:09,547 - Monitor Bot - INFO - Win Rate: 55.56%
2025-04-13 02:49:09,547 - Monitor Bot - INFO - Total Profit: $18.27
2025-04-13 02:49:09,547 - Monitor Bot - INFO - Average Profit per Trade: $0.25
2025-04-13 02:49:09,547 - Monitor Bot - INFO - Average Profit Percentage: 0.09%
2025-04-13 02:49:09,547 - Monitor Bot - INFO - Maximum Drawdown: 0.10%
2025-04-13 02:49:09,547 - Monitor Bot - INFO - ============================
2025-04-13 02:49:09,557 - Monitor Bot - INFO - Task Performance Metrics completed successfully
2025-04-13 03:06:30,863 - Trading System - INFO - Trading Bot is alive: True
2025-04-13 03:06:30,864 - Quantum Trading Bot - INFO - Starting trading cycle
2025-04-13 03:06:30,865 - Trading System - INFO - Monitor Bot is alive: True
2025-04-13 03:06:30,866 - Quantum Trading Bot - INFO - Market is closed, waiting...
2025-04-13 03:06:30,866 - Trading System - INFO - Improvement Bot is alive: True
2025-04-13 03:06:30,866 - Quantum Trading Bot - INFO - Sleeping for 60 seconds
2025-04-13 03:23:27,767 - Quantum Trading Bot - INFO - Starting trading cycle
2025-04-13 03:23:27,768 - Trading System - INFO - Trading Bot is alive: True
2025-04-13 03:23:27,769 - Quantum Trading Bot - INFO - Market is closed, waiting...
2025-04-13 03:23:27,769 - Trading System - INFO - Monitor Bot is alive: True
2025-04-13 03:23:27,769 - Quantum Trading Bot - INFO - Sleeping for 60 seconds
2025-04-13 03:23:27,769 - Trading System - INFO - Improvement Bot is alive: True
2025-04-13 03:24:27,776 - Quantum Trading Bot - INFO - Starting trading cycle
2025-04-13 03:24:27,778 - Quantum Trading Bot - INFO - Market is closed, waiting...
2025-04-13 03:24:27,778 - Quantum Trading Bot - INFO - Sleeping for 60 seconds
2025-04-13 03:24:27,780 - Trading System - INFO - Trading Bot is alive: True
2025-04-13 03:24:27,780 - Trading System - INFO - Monitor Bot is alive: True
2025-04-13 03:24:27,780 - Trading System - INFO - Improvement Bot is alive: True
2025-04-13 03:25:27,785 - Quantum Trading Bot - INFO - Starting trading cycle
2025-04-13 03:25:27,786 - Quantum Trading Bot - INFO - Market is closed, waiting...
2025-04-13 03:25:27,787 - Quantum Trading Bot - INFO - Sleeping for 60 seconds
2025-04-13 03:25:27,788 - Trading System - INFO - Trading Bot is alive: True
2025-04-13 03:25:27,788 - Trading System - INFO - Monitor Bot is alive: True
2025-04-13 03:25:27,788 - Trading System - INFO - Improvement Bot is alive: True
2025-04-13 03:41:49,106 - Quantum Trading Bot - INFO - Starting trading cycle
2025-04-13 03:41:49,108 - Trading System - INFO - Trading Bot is alive: True
2025-04-13 03:41:49,109 - Quantum Trading Bot - INFO - Market is closed, waiting...
2025-04-13 03:41:49,109 - Trading System - INFO - Monitor Bot is alive: True
2025-04-13 03:41:49,109 - Quantum Trading Bot - INFO - Sleeping for 60 seconds
2025-04-13 03:41:49,110 - Trading System - INFO - Improvement Bot is alive: True
2025-04-13 03:42:49,110 - Trading System - INFO - Trading Bot is alive: True
2025-04-13 03:42:49,110 - Trading System - INFO - Monitor Bot is alive: True
2025-04-13 03:42:49,110 - Trading System - INFO - Improvement Bot is alive: True
2025-04-13 03:42:49,119 - Quantum Trading Bot - INFO - Starting trading cycle
2025-04-13 03:42:49,119 - Quantum Trading Bot - INFO - Market is closed, waiting...
2025-04-13 03:42:49,119 - Quantum Trading Bot - INFO - Sleeping for 60 seconds
2025-04-13 03:43:49,121 - Trading System - INFO - Trading Bot is alive: True
2025-04-13 03:43:49,122 - Quantum Trading Bot - INFO - Starting trading cycle
2025-04-13 03:43:49,123 - Trading System - INFO - Monitor Bot is alive: True
2025-04-13 03:43:49,123 - Quantum Trading Bot - INFO - Market is closed, waiting...
2025-04-13 03:43:49,124 - Trading System - INFO - Improvement Bot is alive: True
2025-04-13 03:43:49,124 - Quantum Trading Bot - INFO - Sleeping for 60 seconds
2025-04-13 03:51:20,459 - Quantum Trading Bot - INFO - Starting trading cycle
2025-04-13 03:51:20,460 - Trading System - INFO - Trading Bot is alive: True
2025-04-13 03:51:20,461 - Quantum Trading Bot - INFO - Market is closed, waiting...
2025-04-13 03:51:20,462 - Trading System - INFO - Monitor Bot is alive: True
2025-04-13 03:51:20,462 - Quantum Trading Bot - INFO - Sleeping for 60 seconds
2025-04-13 03:51:20,462 - Trading System - INFO - Improvement Bot is alive: True
2025-04-13 03:51:22,052 - Monitor Bot - INFO - Running scheduled task: Performance Metrics
2025-04-13 03:51:22,060 - Monitor Bot - INFO - === Performance Metrics ===
2025-04-13 03:51:22,060 - Monitor Bot - INFO - Date: 2025-04-12T23:46:06.133112
2025-04-13 03:51:22,060 - Monitor Bot - INFO - Total Trades: 72
2025-04-13 03:51:22,060 - Monitor Bot - INFO - Win Rate: 55.56%
2025-04-13 03:51:22,060 - Monitor Bot - INFO - Total Profit: $18.27
2025-04-13 03:51:22,060 - Monitor Bot - INFO - Average Profit per Trade: $0.25
2025-04-13 03:51:22,060 - Monitor Bot - INFO - Average Profit Percentage: 0.09%
2025-04-13 03:51:22,060 - Monitor Bot - INFO - Maximum Drawdown: 0.10%
2025-04-13 03:51:22,060 - Monitor Bot - INFO - ============================
2025-04-13 03:51:22,085 - Monitor Bot - INFO - Task Performance Metrics completed successfully
2025-04-13 04:08:36,456 - Trading System - INFO - Trading Bot is alive: True
2025-04-13 04:08:36,457 - Quantum Trading Bot - INFO - Starting trading cycle
2025-04-13 04:08:36,458 - Trading System - INFO - Monitor Bot is alive: True
2025-04-13 04:08:36,458 - Quantum Trading Bot - INFO - Market is closed, waiting...
2025-04-13 04:08:36,458 - Trading System - INFO - Improvement Bot is alive: True
2025-04-13 04:08:36,458 - Quantum Trading Bot - INFO - Sleeping for 60 seconds
2025-04-13 04:25:23,363 - Trading System - INFO - Trading Bot is alive: True
2025-04-13 04:25:23,364 - Quantum Trading Bot - INFO - Starting trading cycle
2025-04-13 04:25:23,365 - Trading System - INFO - Monitor Bot is alive: True
2025-04-13 04:25:23,365 - Quantum Trading Bot - INFO - Market is closed, waiting...
2025-04-13 04:25:23,365 - Trading System - INFO - Improvement Bot is alive: True
2025-04-13 04:25:23,365 - Quantum Trading Bot - INFO - Sleeping for 60 seconds
2025-04-13 04:42:41,290 - Trading System - INFO - Trading Bot is alive: True
2025-04-13 04:42:41,291 - Quantum Trading Bot - INFO - Starting trading cycle
2025-04-13 04:42:41,291 - Trading System - INFO - Monitor Bot is alive: True
2025-04-13 04:42:41,291 - Quantum Trading Bot - INFO - Market is closed, waiting...
2025-04-13 04:42:41,291 - Trading System - INFO - Improvement Bot is alive: True
2025-04-13 04:42:41,291 - Quantum Trading Bot - INFO - Sleeping for 60 seconds
2025-04-13 04:52:56,900 - Quantum Trading Bot - INFO - Starting trading cycle
2025-04-13 04:52:56,900 - Trading System - INFO - Trading Bot is alive: True
2025-04-13 04:52:56,901 - Quantum Trading Bot - INFO - Market is closed, waiting...
2025-04-13 04:52:56,901 - Trading System - INFO - Monitor Bot is alive: True
2025-04-13 04:52:56,901 - Quantum Trading Bot - INFO - Sleeping for 60 seconds
2025-04-13 04:52:56,901 - Trading System - INFO - Improvement Bot is alive: True
2025-04-13 05:10:13,584 - Monitor Bot - INFO - Running scheduled task: Performance Metrics
2025-04-13 05:10:13,592 - Monitor Bot - INFO - === Performance Metrics ===
2025-04-13 05:10:13,592 - Monitor Bot - INFO - Date: 2025-04-12T23:46:06.133112
2025-04-13 05:10:13,592 - Monitor Bot - INFO - Total Trades: 72
2025-04-13 05:10:13,592 - Monitor Bot - INFO - Win Rate: 55.56%
2025-04-13 05:10:13,592 - Monitor Bot - INFO - Total Profit: $18.27
2025-04-13 05:10:13,592 - Monitor Bot - INFO - Average Profit per Trade: $0.25
2025-04-13 05:10:13,592 - Monitor Bot - INFO - Average Profit Percentage: 0.09%
2025-04-13 05:10:13,592 - Monitor Bot - INFO - Maximum Drawdown: 0.10%
2025-04-13 05:10:13,592 - Monitor Bot - INFO - ============================
2025-04-13 05:10:13,609 - Monitor Bot - INFO - Task Performance Metrics completed successfully
2025-04-13 05:26:09,825 - Trading System - INFO - Trading Bot is alive: True
2025-04-13 05:26:09,827 - Quantum Trading Bot - INFO - Starting trading cycle
2025-04-13 05:26:09,828 - Trading System - INFO - Monitor Bot is alive: True
2025-04-13 05:26:09,828 - Quantum Trading Bot - INFO - Market is closed, waiting...
2025-04-13 05:26:09,828 - Trading System - INFO - Improvement Bot is alive: True
2025-04-13 05:26:09,828 - Quantum Trading Bot - INFO - Sleeping for 60 seconds
2025-04-13 05:42:07,731 - Quantum Trading Bot - INFO - Starting trading cycle
2025-04-13 05:42:07,733 - Trading System - INFO - Trading Bot is alive: True
2025-04-13 05:42:07,734 - Quantum Trading Bot - INFO - Market is closed, waiting...
2025-04-13 05:42:07,734 - Trading System - INFO - Monitor Bot is alive: True
2025-04-13 05:42:07,734 - Quantum Trading Bot - INFO - Sleeping for 60 seconds
2025-04-13 05:42:07,734 - Trading System - INFO - Improvement Bot is alive: True
2025-04-13 05:42:09,463 - Monitor Bot - INFO - Running scheduled task: Quantum System Health Check
2025-04-13 05:42:09,463 - Monitor Bot - INFO - Monitoring quantum system health
2025-04-13 05:42:09,466 - Monitor Bot - INFO - Average quantum error rate: 0.0482
2025-04-13 05:42:09,469 - Monitor Bot - INFO - Task Quantum System Health Check completed successfully
2025-04-13 05:53:32,591 - Trading System - INFO - Trading Bot is alive: True
2025-04-13 05:53:32,591 - Quantum Trading Bot - INFO - Starting trading cycle
2025-04-13 05:53:32,592 - Trading System - INFO - Monitor Bot is alive: True
2025-04-13 05:53:32,592 - Quantum Trading Bot - INFO - Market is closed, waiting...
2025-04-13 05:53:32,592 - Trading System - INFO - Improvement Bot is alive: True
2025-04-13 05:53:32,592 - Quantum Trading Bot - INFO - Sleeping for 60 seconds
2025-04-13 06:09:30,520 - Quantum Trading Bot - INFO - Starting trading cycle
2025-04-13 06:09:30,521 - Trading System - INFO - Trading Bot is alive: True
2025-04-13 06:09:30,522 - Quantum Trading Bot - INFO - Market is closed, waiting...
2025-04-13 06:09:30,522 - Trading System - INFO - Monitor Bot is alive: True
2025-04-13 06:09:30,522 - Quantum Trading Bot - INFO - Sleeping for 60 seconds
2025-04-13 06:09:30,522 - Trading System - INFO - Improvement Bot is alive: True
2025-04-13 06:27:34,455 - Trading System - INFO - Trading Bot is alive: True
2025-04-13 06:27:34,456 - Quantum Trading Bot - INFO - Starting trading cycle
2025-04-13 06:27:34,457 - Trading System - INFO - Monitor Bot is alive: True
2025-04-13 06:27:34,457 - Quantum Trading Bot - INFO - Market is closed, waiting...
2025-04-13 06:27:34,457 - Trading System - INFO - Improvement Bot is alive: True
2025-04-13 06:27:34,457 - Quantum Trading Bot - INFO - Sleeping for 60 seconds
2025-04-13 06:31:49,108 - Monitor Bot - INFO - Running scheduled task: Performance Metrics
2025-04-13 06:31:49,115 - Monitor Bot - INFO - === Performance Metrics ===
2025-04-13 06:31:49,116 - Monitor Bot - INFO - Date: 2025-04-12T23:46:06.133112
2025-04-13 06:31:49,116 - Monitor Bot - INFO - Total Trades: 72
2025-04-13 06:31:49,116 - Monitor Bot - INFO - Win Rate: 55.56%
2025-04-13 06:31:49,116 - Monitor Bot - INFO - Total Profit: $18.27
2025-04-13 06:31:49,116 - Monitor Bot - INFO - Average Profit per Trade: $0.25
2025-04-13 06:31:49,116 - Monitor Bot - INFO - Average Profit Percentage: 0.09%
2025-04-13 06:31:49,116 - Monitor Bot - INFO - Maximum Drawdown: 0.10%
2025-04-13 06:31:49,116 - Monitor Bot - INFO - ============================
2025-04-13 06:31:49,125 - Monitor Bot - INFO - Task Performance Metrics completed successfully
2025-04-13 06:48:37,366 - Trading System - INFO - Trading Bot is alive: True
2025-04-13 06:48:37,367 - Quantum Trading Bot - INFO - Starting trading cycle
2025-04-13 06:48:37,369 - Trading System - INFO - Monitor Bot is alive: True
2025-04-13 06:48:37,369 - Quantum Trading Bot - INFO - Market is closed, waiting...
2025-04-13 06:48:37,370 - Trading System - INFO - Improvement Bot is alive: True
2025-04-13 06:48:37,370 - Quantum Trading Bot - INFO - Sleeping for 60 seconds
2025-04-13 06:54:21,076 - Quantum Trading Bot - INFO - Starting trading cycle
2025-04-13 06:54:21,078 - Trading System - INFO - Trading Bot is alive: True
2025-04-13 06:54:21,079 - Quantum Trading Bot - INFO - Market is closed, waiting...
2025-04-13 06:54:21,079 - Trading System - INFO - Monitor Bot is alive: True
2025-04-13 06:54:21,079 - Quantum Trading Bot - INFO - Sleeping for 60 seconds
2025-04-13 06:54:21,079 - Trading System - INFO - Improvement Bot is alive: True
2025-04-13 07:10:26,008 - Quantum Trading Bot - INFO - Starting trading cycle
2025-04-13 07:10:26,010 - Trading System - INFO - Trading Bot is alive: True
2025-04-13 07:10:26,012 - Quantum Trading Bot - INFO - Market is closed, waiting...
2025-04-13 07:10:26,012 - Trading System - INFO - Monitor Bot is alive: True
2025-04-13 07:10:26,012 - Quantum Trading Bot - INFO - Sleeping for 60 seconds
2025-04-13 07:10:26,012 - Trading System - INFO - Improvement Bot is alive: True
2025-04-13 07:26:54,950 - Trading System - INFO - Trading Bot is alive: True
2025-04-13 07:26:54,950 - Quantum Trading Bot - INFO - Starting trading cycle
2025-04-13 07:26:54,952 - Trading System - INFO - Monitor Bot is alive: True
2025-04-13 07:26:54,953 - Quantum Trading Bot - INFO - Market is closed, waiting...
2025-04-13 07:26:54,953 - Trading System - INFO - Improvement Bot is alive: True
2025-04-13 07:26:54,953 - Quantum Trading Bot - INFO - Sleeping for 60 seconds
2025-04-13 07:43:48,860 - Trading System - INFO - Trading Bot is alive: True
2025-04-13 07:43:48,862 - Quantum Trading Bot - INFO - Starting trading cycle
2025-04-13 07:43:48,862 - Trading System - INFO - Monitor Bot is alive: True
2025-04-13 07:43:48,863 - Quantum Trading Bot - INFO - Market is closed, waiting...
2025-04-13 07:43:48,863 - Trading System - INFO - Improvement Bot is alive: True
2025-04-13 07:43:48,863 - Quantum Trading Bot - INFO - Sleeping for 60 seconds
2025-04-13 07:43:50,602 - Monitor Bot - INFO - Running scheduled task: Performance Metrics
2025-04-13 07:43:50,610 - Monitor Bot - INFO - === Performance Metrics ===
2025-04-13 07:43:50,610 - Monitor Bot - INFO - Date: 2025-04-12T23:46:06.133112
2025-04-13 07:43:50,610 - Monitor Bot - INFO - Total Trades: 72
2025-04-13 07:43:50,610 - Monitor Bot - INFO - Win Rate: 55.56%
2025-04-13 07:43:50,610 - Monitor Bot - INFO - Total Profit: $18.27
2025-04-13 07:43:50,610 - Monitor Bot - INFO - Average Profit per Trade: $0.25
2025-04-13 07:43:50,610 - Monitor Bot - INFO - Average Profit Percentage: 0.09%
2025-04-13 07:43:50,611 - Monitor Bot - INFO - Maximum Drawdown: 0.10%
2025-04-13 07:43:50,611 - Monitor Bot - INFO - ============================
2025-04-13 07:43:50,622 - Monitor Bot - INFO - Task Performance Metrics completed successfully
2025-04-13 07:55:57,240 - Quantum Trading Bot - INFO - Starting trading cycle
2025-04-13 07:55:57,243 - Trading System - INFO - Trading Bot is alive: True
2025-04-13 07:55:57,244 - Quantum Trading Bot - INFO - Market is closed, waiting...
2025-04-13 07:55:57,244 - Trading System - INFO - Monitor Bot is alive: True
2025-04-13 07:55:57,245 - Quantum Trading Bot - INFO - Sleeping for 60 seconds
2025-04-13 07:55:57,245 - Trading System - INFO - Improvement Bot is alive: True
2025-04-13 08:28:48,071 - Quantum Trading Bot - INFO - Starting trading cycle
2025-04-13 08:28:48,072 - Trading System - INFO - Trading Bot is alive: True
2025-04-13 08:28:48,073 - Quantum Trading Bot - INFO - Market is closed, waiting...
2025-04-13 08:28:48,073 - Trading System - INFO - Monitor Bot is alive: True
2025-04-13 08:28:48,073 - Quantum Trading Bot - INFO - Sleeping for 60 seconds
2025-04-13 08:28:48,073 - Trading System - INFO - Improvement Bot is alive: True
2025-04-13 08:46:19,067 - Trading System - INFO - Trading Bot is alive: True
2025-04-13 08:46:19,068 - Quantum Trading Bot - INFO - Starting trading cycle
2025-04-13 08:46:19,070 - Trading System - INFO - Monitor Bot is alive: True
2025-04-13 08:46:19,070 - Quantum Trading Bot - INFO - Market is closed, waiting...
2025-04-13 08:46:19,070 - Trading System - INFO - Improvement Bot is alive: True
2025-04-13 08:46:19,070 - Quantum Trading Bot - INFO - Sleeping for 60 seconds
2025-04-13 08:46:20,827 - Monitor Bot - INFO - Running scheduled task: Quantum System Health Check
2025-04-13 08:46:20,827 - Monitor Bot - INFO - Monitoring quantum system health
2025-04-13 08:46:20,830 - Monitor Bot - INFO - Average quantum error rate: 0.0482
2025-04-13 08:46:20,833 - Monitor Bot - INFO - Task Quantum System Health Check completed successfully
2025-04-13 08:46:20,833 - Monitor Bot - INFO - Running scheduled task: Performance Metrics
2025-04-13 08:46:20,838 - Monitor Bot - INFO - === Performance Metrics ===
2025-04-13 08:46:20,838 - Monitor Bot - INFO - Date: 2025-04-12T23:46:06.133112
2025-04-13 08:46:20,838 - Monitor Bot - INFO - Total Trades: 72
2025-04-13 08:46:20,838 - Monitor Bot - INFO - Win Rate: 55.56%
2025-04-13 08:46:20,838 - Monitor Bot - INFO - Total Profit: $18.27
2025-04-13 08:46:20,838 - Monitor Bot - INFO - Average Profit per Trade: $0.25
2025-04-13 08:46:20,838 - Monitor Bot - INFO - Average Profit Percentage: 0.09%
2025-04-13 08:46:20,838 - Monitor Bot - INFO - Maximum Drawdown: 0.10%
2025-04-13 08:46:20,838 - Monitor Bot - INFO - ============================
2025-04-13 08:46:20,847 - Monitor Bot - INFO - Task Performance Metrics completed successfully
2025-04-13 08:56:33,314 - Trading System - INFO - Trading Bot is alive: True
2025-04-13 08:56:33,315 - Quantum Trading Bot - INFO - Starting trading cycle
2025-04-13 08:56:33,318 - Trading System - INFO - Monitor Bot is alive: True
2025-04-13 08:56:33,319 - Quantum Trading Bot - INFO - Market is closed, waiting...
2025-04-13 08:56:33,319 - Trading System - INFO - Improvement Bot is alive: True
2025-04-13 08:56:33,319 - Quantum Trading Bot - INFO - Sleeping for 60 seconds
2025-04-13 09:13:35,282 - Quantum Trading Bot - INFO - Starting trading cycle
2025-04-13 09:13:35,284 - Trading System - INFO - Trading Bot is alive: True
2025-04-13 09:13:35,285 - Quantum Trading Bot - INFO - Market is closed, waiting...
2025-04-13 09:13:35,285 - Trading System - INFO - Monitor Bot is alive: True
2025-04-13 09:13:35,285 - Quantum Trading Bot - INFO - Sleeping for 60 seconds
2025-04-13 09:13:35,285 - Trading System - INFO - Improvement Bot is alive: True
2025-04-13 09:34:29,139 - Trading System - INFO - Trading Bot is alive: True
2025-04-13 09:34:29,141 - Quantum Trading Bot - INFO - Starting trading cycle
2025-04-13 09:34:29,149 - Trading System - INFO - Monitor Bot is alive: True
2025-04-13 09:34:29,149 - Quantum Trading Bot - INFO - Market is closed, waiting...
2025-04-13 09:34:29,150 - Trading System - INFO - Improvement Bot is alive: True
2025-04-13 09:34:29,150 - Quantum Trading Bot - INFO - Sleeping for 60 seconds
2025-04-13 09:52:33,253 - Trading System - INFO - Trading Bot is alive: True
2025-04-13 09:52:33,254 - Quantum Trading Bot - INFO - Starting trading cycle
2025-04-13 09:52:33,254 - Trading System - INFO - Monitor Bot is alive: True
2025-04-13 09:52:33,254 - Quantum Trading Bot - INFO - Market is closed, waiting...
2025-04-13 09:52:33,254 - Trading System - INFO - Improvement Bot is alive: True
2025-04-13 09:52:33,254 - Quantum Trading Bot - INFO - Sleeping for 60 seconds
2025-04-13 09:52:35,017 - Monitor Bot - INFO - Running scheduled task: Performance Metrics
2025-04-13 09:52:35,023 - Monitor Bot - INFO - === Performance Metrics ===
2025-04-13 09:52:35,024 - Monitor Bot - INFO - Date: 2025-04-12T23:46:06.133112
2025-04-13 09:52:35,024 - Monitor Bot - INFO - Total Trades: 72
2025-04-13 09:52:35,024 - Monitor Bot - INFO - Win Rate: 55.56%
2025-04-13 09:52:35,024 - Monitor Bot - INFO - Total Profit: $18.27
2025-04-13 09:52:35,024 - Monitor Bot - INFO - Average Profit per Trade: $0.25
2025-04-13 09:52:35,024 - Monitor Bot - INFO - Average Profit Percentage: 0.09%
2025-04-13 09:52:35,024 - Monitor Bot - INFO - Maximum Drawdown: 0.10%
2025-04-13 09:52:35,024 - Monitor Bot - INFO - ============================
2025-04-13 09:52:35,040 - Monitor Bot - INFO - Task Performance Metrics completed successfully
2025-04-13 09:57:38,127 - Quantum Trading Bot - INFO - Starting trading cycle
2025-04-13 09:57:38,129 - Trading System - INFO - Trading Bot is alive: True
2025-04-13 09:57:38,130 - Quantum Trading Bot - INFO - Market is closed, waiting...
2025-04-13 09:57:38,130 - Trading System - INFO - Monitor Bot is alive: True
2025-04-13 09:57:38,130 - Quantum Trading Bot - INFO - Sleeping for 60 seconds
2025-04-13 09:57:38,130 - Trading System - INFO - Improvement Bot is alive: True
2025-04-13 10:11:13,566 - Trading System - INFO - Trading Bot is alive: True
2025-04-13 10:11:13,567 - Quantum Trading Bot - INFO - Starting trading cycle
2025-04-13 10:11:13,568 - Trading System - INFO - Monitor Bot is alive: True
2025-04-13 10:11:13,568 - Quantum Trading Bot - INFO - Market is closed, waiting...
2025-04-13 10:11:13,568 - Trading System - INFO - Improvement Bot is alive: True
2025-04-13 10:11:13,569 - Quantum Trading Bot - INFO - Sleeping for 60 seconds
2025-04-13 10:27:18,449 - Trading System - INFO - Trading Bot is alive: True
2025-04-13 10:27:18,451 - Quantum Trading Bot - INFO - Starting trading cycle
2025-04-13 10:27:18,451 - Trading System - INFO - Monitor Bot is alive: True
2025-04-13 10:27:18,452 - Quantum Trading Bot - INFO - Market is closed, waiting...
2025-04-13 10:27:18,452 - Trading System - INFO - Improvement Bot is alive: True
2025-04-13 10:27:18,452 - Quantum Trading Bot - INFO - Sleeping for 60 seconds
2025-04-13 10:43:34,330 - Quantum Trading Bot - INFO - Starting trading cycle
2025-04-13 10:43:34,331 - Trading System - INFO - Trading Bot is alive: True
2025-04-13 10:43:34,332 - Quantum Trading Bot - INFO - Market is closed, waiting...
2025-04-13 10:43:34,333 - Trading System - INFO - Monitor Bot is alive: True
2025-04-13 10:43:34,333 - Quantum Trading Bot - INFO - Sleeping for 60 seconds
2025-04-13 10:43:34,333 - Trading System - INFO - Improvement Bot is alive: True
2025-04-13 11:14:42,858 - Trading System - INFO - Trading Bot is alive: True
2025-04-13 11:14:42,860 - Quantum Trading Bot - INFO - Starting trading cycle
2025-04-13 11:14:42,861 - Trading System - INFO - Monitor Bot is alive: True
2025-04-13 11:14:42,861 - Quantum Trading Bot - INFO - Market is closed, waiting...
2025-04-13 11:14:42,861 - Trading System - INFO - Improvement Bot is alive: True
2025-04-13 11:14:42,862 - Quantum Trading Bot - INFO - Sleeping for 60 seconds
2025-04-13 11:14:44,642 - Monitor Bot - INFO - Running scheduled task: Performance Metrics
2025-04-13 11:14:44,650 - Monitor Bot - INFO - === Performance Metrics ===
2025-04-13 11:14:44,650 - Monitor Bot - INFO - Date: 2025-04-12T23:46:06.133112
2025-04-13 11:14:44,650 - Monitor Bot - INFO - Total Trades: 72
2025-04-13 11:14:44,650 - Monitor Bot - INFO - Win Rate: 55.56%
2025-04-13 11:14:44,650 - Monitor Bot - INFO - Total Profit: $18.27
2025-04-13 11:14:44,650 - Monitor Bot - INFO - Average Profit per Trade: $0.25
2025-04-13 11:14:44,651 - Monitor Bot - INFO - Average Profit Percentage: 0.09%
2025-04-13 11:14:44,651 - Monitor Bot - INFO - Maximum Drawdown: 0.10%
2025-04-13 11:14:44,651 - Monitor Bot - INFO - ============================
2025-04-13 11:14:44,665 - Monitor Bot - INFO - Task Performance Metrics completed successfully
2025-04-13 11:32:17,465 - Quantum Trading Bot - INFO - Starting trading cycle
2025-04-13 11:32:17,466 - Trading System - INFO - Trading Bot is alive: True
2025-04-13 11:32:17,467 - Quantum Trading Bot - INFO - Market is closed, waiting...
2025-04-13 11:32:17,467 - Trading System - INFO - Monitor Bot is alive: True
2025-04-13 11:32:17,468 - Quantum Trading Bot - INFO - Sleeping for 60 seconds
2025-04-13 11:32:17,468 - Trading System - INFO - Improvement Bot is alive: True
2025-04-13 11:48:57,333 - Quantum Trading Bot - INFO - Starting trading cycle
2025-04-13 11:48:57,335 - Trading System - INFO - Trading Bot is alive: True
2025-04-13 11:48:57,336 - Quantum Trading Bot - INFO - Market is closed, waiting...
2025-04-13 11:48:57,336 - Trading System - INFO - Monitor Bot is alive: True
2025-04-13 11:48:57,336 - Quantum Trading Bot - INFO - Sleeping for 60 seconds
2025-04-13 11:48:57,337 - Trading System - INFO - Improvement Bot is alive: True
2025-04-13 11:48:59,134 - Monitor Bot - INFO - Running scheduled task: Quantum System Health Check
2025-04-13 11:48:59,134 - Monitor Bot - INFO - Monitoring quantum system health
2025-04-13 11:48:59,137 - Monitor Bot - INFO - Average quantum error rate: 0.0482
2025-04-13 11:48:59,141 - Monitor Bot - INFO - Task Quantum System Health Check completed successfully
2025-04-13 11:59:46,247 - Trading System - INFO - Trading Bot is alive: True
2025-04-13 11:59:46,247 - Quantum Trading Bot - INFO - Starting trading cycle
2025-04-13 11:59:46,248 - Trading System - INFO - Monitor Bot is alive: True
2025-04-13 11:59:46,248 - Quantum Trading Bot - INFO - Market is closed, waiting...
2025-04-13 11:59:46,249 - Trading System - INFO - Improvement Bot is alive: True
2025-04-13 11:59:46,249 - Quantum Trading Bot - INFO - Sleeping for 60 seconds
2025-04-13 12:32:41,182 - Quantum Trading Bot - INFO - Starting trading cycle
2025-04-13 12:32:41,184 - Trading System - INFO - Trading Bot is alive: True
2025-04-13 12:32:41,185 - Quantum Trading Bot - INFO - Market is closed, waiting...
2025-04-13 12:32:41,185 - Trading System - INFO - Monitor Bot is alive: True
2025-04-13 12:32:41,185 - Quantum Trading Bot - INFO - Sleeping for 60 seconds
2025-04-13 12:32:41,185 - Trading System - INFO - Improvement Bot is alive: True
2025-04-13 12:32:42,981 - Monitor Bot - INFO - Running scheduled task: Performance Metrics
2025-04-13 12:32:42,988 - Monitor Bot - INFO - === Performance Metrics ===
2025-04-13 12:32:42,988 - Monitor Bot - INFO - Date: 2025-04-12T23:46:06.133112
2025-04-13 12:32:42,988 - Monitor Bot - INFO - Total Trades: 72
2025-04-13 12:32:42,988 - Monitor Bot - INFO - Win Rate: 55.56%
2025-04-13 12:32:42,988 - Monitor Bot - INFO - Total Profit: $18.27
2025-04-13 12:32:42,988 - Monitor Bot - INFO - Average Profit per Trade: $0.25
2025-04-13 12:32:42,988 - Monitor Bot - INFO - Average Profit Percentage: 0.09%
2025-04-13 12:32:42,988 - Monitor Bot - INFO - Maximum Drawdown: 0.10%
2025-04-13 12:32:42,988 - Monitor Bot - INFO - ============================
2025-04-13 12:32:43,000 - Monitor Bot - INFO - Task Performance Metrics completed successfully
2025-04-13 12:33:41,233 - Trading System - INFO - Trading Bot is alive: True
2025-04-13 12:33:41,236 - Trading System - INFO - Monitor Bot is alive: True
2025-04-13 12:33:41,236 - Trading System - INFO - Improvement Bot is alive: True
2025-04-13 12:33:41,239 - Quantum Trading Bot - INFO - Starting trading cycle
2025-04-13 12:33:41,240 - Quantum Trading Bot - INFO - Market is closed, waiting...
2025-04-13 12:33:41,240 - Quantum Trading Bot - INFO - Sleeping for 60 seconds
2025-04-13 13:00:22,533 - Quantum Trading Bot - INFO - Starting trading cycle
2025-04-13 13:00:22,536 - Quantum Trading Bot - INFO - Market is closed, waiting...
2025-04-13 13:00:22,536 - Quantum Trading Bot - INFO - Sleeping for 60 seconds
2025-04-13 13:00:22,536 - Trading System - INFO - Trading Bot is alive: True
2025-04-13 13:00:22,536 - Trading System - INFO - Monitor Bot is alive: True
2025-04-13 13:00:22,536 - Trading System - INFO - Improvement Bot is alive: True
2025-04-13 13:05:59,776 - Trading System - INFO - Trading Bot is alive: True
2025-04-13 13:05:59,777 - Quantum Trading Bot - INFO - Starting trading cycle
2025-04-13 13:05:59,778 - Trading System - INFO - Monitor Bot is alive: True
2025-04-13 13:05:59,778 - Quantum Trading Bot - INFO - Market is closed, waiting...
2025-04-13 13:05:59,778 - Trading System - INFO - Improvement Bot is alive: True
2025-04-13 13:05:59,778 - Quantum Trading Bot - INFO - Sleeping for 60 seconds
2025-04-13 13:06:59,781 - Trading System - INFO - Trading Bot is alive: True
2025-04-13 13:06:59,783 - Quantum Trading Bot - INFO - Starting trading cycle
2025-04-13 13:06:59,784 - Trading System - INFO - Monitor Bot is alive: True
2025-04-13 13:06:59,784 - Quantum Trading Bot - INFO - Market is closed, waiting...
2025-04-13 13:06:59,784 - Trading System - INFO - Improvement Bot is alive: True
2025-04-13 13:06:59,784 - Quantum Trading Bot - INFO - Sleeping for 60 seconds
2025-04-13 13:07:59,788 - Quantum Trading Bot - INFO - Starting trading cycle
2025-04-13 13:07:59,790 - Trading System - INFO - Trading Bot is alive: True
2025-04-13 13:07:59,792 - Quantum Trading Bot - INFO - Market is closed, waiting...
2025-04-13 13:07:59,792 - Trading System - INFO - Monitor Bot is alive: True
2025-04-13 13:07:59,792 - Quantum Trading Bot - INFO - Sleeping for 60 seconds
2025-04-13 13:07:59,792 - Trading System - INFO - Improvement Bot is alive: True
2025-04-13 13:08:59,798 - Quantum Trading Bot - INFO - Starting trading cycle
2025-04-13 13:08:59,800 - Trading System - INFO - Trading Bot is alive: True
2025-04-13 13:08:59,801 - Quantum Trading Bot - INFO - Market is closed, waiting...
2025-04-13 13:08:59,801 - Trading System - INFO - Monitor Bot is alive: True
2025-04-13 13:08:59,801 - Quantum Trading Bot - INFO - Sleeping for 60 seconds
2025-04-13 13:08:59,801 - Trading System - INFO - Improvement Bot is alive: True
2025-04-13 13:09:59,803 - Quantum Trading Bot - INFO - Starting trading cycle
2025-04-13 13:09:59,806 - Trading System - INFO - Trading Bot is alive: True
2025-04-13 13:09:59,807 - Quantum Trading Bot - INFO - Market is closed, waiting...
2025-04-13 13:09:59,807 - Trading System - INFO - Monitor Bot is alive: True
2025-04-13 13:09:59,808 - Quantum Trading Bot - INFO - Sleeping for 60 seconds
2025-04-13 13:09:59,808 - Trading System - INFO - Improvement Bot is alive: True
2025-04-13 13:10:59,810 - Trading System - INFO - Trading Bot is alive: True
2025-04-13 13:10:59,811 - Quantum Trading Bot - INFO - Starting trading cycle
2025-04-13 13:10:59,812 - Trading System - INFO - Monitor Bot is alive: True
2025-04-13 13:10:59,812 - Quantum Trading Bot - INFO - Market is closed, waiting...
2025-04-13 13:10:59,812 - Trading System - INFO - Improvement Bot is alive: True
2025-04-13 13:10:59,812 - Quantum Trading Bot - INFO - Sleeping for 60 seconds
2025-04-13 13:11:59,819 - Trading System - INFO - Trading Bot is alive: True
2025-04-13 13:11:59,820 - Quantum Trading Bot - INFO - Starting trading cycle
2025-04-13 13:11:59,822 - Trading System - INFO - Monitor Bot is alive: True
2025-04-13 13:11:59,822 - Quantum Trading Bot - INFO - Market is closed, waiting...
2025-04-13 13:11:59,822 - Trading System - INFO - Improvement Bot is alive: True
2025-04-13 13:11:59,822 - Quantum Trading Bot - INFO - Sleeping for 60 seconds
2025-04-13 13:12:59,826 - Trading System - INFO - Trading Bot is alive: True
2025-04-13 13:12:59,827 - Quantum Trading Bot - INFO - Starting trading cycle
2025-04-13 13:12:59,829 - Trading System - INFO - Monitor Bot is alive: True
2025-04-13 13:12:59,829 - Quantum Trading Bot - INFO - Market is closed, waiting...
2025-04-13 13:12:59,829 - Trading System - INFO - Improvement Bot is alive: True
2025-04-13 13:12:59,829 - Quantum Trading Bot - INFO - Sleeping for 60 seconds
2025-04-13 13:13:59,835 - Trading System - INFO - Trading Bot is alive: True
2025-04-13 13:13:59,838 - Quantum Trading Bot - INFO - Starting trading cycle
2025-04-13 13:13:59,840 - Trading System - INFO - Monitor Bot is alive: True
2025-04-13 13:13:59,840 - Quantum Trading Bot - INFO - Market is closed, waiting...
2025-04-13 13:13:59,840 - Trading System - INFO - Improvement Bot is alive: True
2025-04-13 13:13:59,840 - Quantum Trading Bot - INFO - Sleeping for 60 seconds
2025-04-13 13:14:59,843 - Quantum Trading Bot - INFO - Starting trading cycle
2025-04-13 13:14:59,848 - Trading System - INFO - Trading Bot is alive: True
2025-04-13 13:14:59,850 - Quantum Trading Bot - INFO - Market is closed, waiting...
2025-04-13 13:14:59,850 - Trading System - INFO - Monitor Bot is alive: True
2025-04-13 13:14:59,850 - Quantum Trading Bot - INFO - Sleeping for 60 seconds
2025-04-13 13:14:59,851 - Trading System - INFO - Improvement Bot is alive: True
2025-04-13 13:15:59,855 - Quantum Trading Bot - INFO - Starting trading cycle
2025-04-13 13:15:59,859 - Trading System - INFO - Trading Bot is alive: True
2025-04-13 13:15:59,860 - Quantum Trading Bot - INFO - Market is closed, waiting...
2025-04-13 13:15:59,861 - Trading System - INFO - Monitor Bot is alive: True
2025-04-13 13:15:59,861 - Quantum Trading Bot - INFO - Sleeping for 60 seconds
2025-04-13 13:15:59,861 - Trading System - INFO - Improvement Bot is alive: True
2025-04-13 13:16:59,865 - Trading System - INFO - Trading Bot is alive: True
2025-04-13 13:16:59,867 - Quantum Trading Bot - INFO - Starting trading cycle
2025-04-13 13:16:59,867 - Trading System - INFO - Monitor Bot is alive: True
2025-04-13 13:16:59,868 - Quantum Trading Bot - INFO - Market is closed, waiting...
2025-04-13 13:16:59,868 - Trading System - INFO - Improvement Bot is alive: True
2025-04-13 13:16:59,868 - Quantum Trading Bot - INFO - Sleeping for 60 seconds
2025-04-13 13:17:59,870 - Trading System - INFO - Trading Bot is alive: True
2025-04-13 13:17:59,873 - Trading System - INFO - Monitor Bot is alive: True
2025-04-13 13:17:59,873 - Trading System - INFO - Improvement Bot is alive: True
2025-04-13 13:17:59,873 - Quantum Trading Bot - INFO - Starting trading cycle
2025-04-13 13:17:59,874 - Quantum Trading Bot - INFO - Market is closed, waiting...
2025-04-13 13:17:59,874 - Quantum Trading Bot - INFO - Sleeping for 60 seconds
2025-04-13 13:18:58,387 - Improvement Bot - INFO - Running scheduled task: Code Quality Check - Trading Bot
2025-04-13 13:18:58,396 - Improvement Bot - INFO - Found 2 issues in trading_bot
2025-04-13 13:18:58,396 - Improvement Bot - INFO - Task Code Quality Check - Trading Bot completed successfully
2025-04-13 13:18:58,396 - Improvement Bot - INFO - Running scheduled task: Code Quality Check - Monitor Bot
2025-04-13 13:18:58,398 - Improvement Bot - INFO - No issues found in monitor_bot
2025-04-13 13:18:58,398 - Improvement Bot - WARNING - Task Code Quality Check - Monitor Bot completed with warnings
2025-04-13 13:18:58,398 - Improvement Bot - INFO - Running scheduled task: Code Quality Check - Improvement Bot
2025-04-13 13:18:58,401 - Improvement Bot - INFO - Found 6 issues in improvement_bot
2025-04-13 13:18:58,401 - Improvement Bot - INFO - Task Code Quality Check - Improvement Bot completed successfully
2025-04-13 13:18:58,401 - Improvement Bot - INFO - Running scheduled task: Quantum Error Analysis
2025-04-13 13:18:58,401 - Improvement Bot - INFO - Analyzing quantum error rates
2025-04-13 13:18:58,404 - Improvement Bot - INFO - Quantum error analysis completed: avg error 0.0431, trend +0.0105
2025-04-13 13:18:58,404 - Improvement Bot - INFO - Task Quantum Error Analysis completed successfully
2025-04-13 13:18:58,404 - Improvement Bot - INFO - Running scheduled task: System Health Analysis
2025-04-13 13:18:58,411 - Improvement Bot - INFO - Win rate trend: +0.00%
2025-04-13 13:18:58,411 - Improvement Bot - INFO - Profit trend: +0.00%
2025-04-13 13:18:58,412 - Improvement Bot - INFO - System health analysis completed: healthy
2025-04-13 13:18:58,412 - Improvement Bot - INFO - Task System Health Analysis completed successfully
2025-04-13 13:18:59,877 - Quantum Trading Bot - INFO - Starting trading cycle
2025-04-13 13:18:59,877 - Trading System - INFO - Trading Bot is alive: True
2025-04-13 13:18:59,878 - Quantum Trading Bot - INFO - Market is closed, waiting...
2025-04-13 13:18:59,878 - Trading System - INFO - Monitor Bot is alive: True
2025-04-13 13:18:59,878 - Quantum Trading Bot - INFO - Sleeping for 60 seconds
2025-04-13 13:18:59,878 - Trading System - INFO - Improvement Bot is alive: True
2025-04-13 13:19:59,884 - Quantum Trading Bot - INFO - Starting trading cycle
2025-04-13 13:19:59,884 - Trading System - INFO - Trading Bot is alive: True
2025-04-13 13:19:59,886 - Quantum Trading Bot - INFO - Market is closed, waiting...
2025-04-13 13:19:59,887 - Trading System - INFO - Monitor Bot is alive: True
2025-04-13 13:19:59,887 - Quantum Trading Bot - INFO - Sleeping for 60 seconds
2025-04-13 13:19:59,887 - Trading System - INFO - Improvement Bot is alive: True
2025-04-13 13:20:59,892 - Quantum Trading Bot - INFO - Starting trading cycle
2025-04-13 13:20:59,894 - Trading System - INFO - Trading Bot is alive: True
2025-04-13 13:20:59,896 - Quantum Trading Bot - INFO - Market is closed, waiting...
2025-04-13 13:20:59,896 - Trading System - INFO - Monitor Bot is alive: True
2025-04-13 13:20:59,896 - Quantum Trading Bot - INFO - Sleeping for 60 seconds
2025-04-13 13:20:59,896 - Trading System - INFO - Improvement Bot is alive: True
2025-04-13 13:21:59,901 - Trading System - INFO - Trading Bot is alive: True
2025-04-13 13:21:59,902 - Quantum Trading Bot - INFO - Starting trading cycle
2025-04-13 13:21:59,903 - Trading System - INFO - Monitor Bot is alive: True
2025-04-13 13:21:59,904 - Quantum Trading Bot - INFO - Market is closed, waiting...
2025-04-13 13:21:59,904 - Trading System - INFO - Improvement Bot is alive: True
2025-04-13 13:21:59,904 - Quantum Trading Bot - INFO - Sleeping for 60 seconds
2025-04-13 13:22:59,906 - Quantum Trading Bot - INFO - Starting trading cycle
2025-04-13 13:22:59,908 - Quantum Trading Bot - INFO - Market is closed, waiting...
2025-04-13 13:22:59,909 - Quantum Trading Bot - INFO - Sleeping for 60 seconds
2025-04-13 13:22:59,909 - Trading System - INFO - Trading Bot is alive: True
2025-04-13 13:22:59,909 - Trading System - INFO - Monitor Bot is alive: True
2025-04-13 13:22:59,909 - Trading System - INFO - Improvement Bot is alive: True
2025-04-13 13:23:59,912 - Quantum Trading Bot - INFO - Starting trading cycle
2025-04-13 13:23:59,914 - Quantum Trading Bot - INFO - Market is closed, waiting...
2025-04-13 13:23:59,914 - Quantum Trading Bot - INFO - Sleeping for 60 seconds
2025-04-13 13:23:59,914 - Trading System - INFO - Trading Bot is alive: True
2025-04-13 13:23:59,914 - Trading System - INFO - Monitor Bot is alive: True
2025-04-13 13:23:59,914 - Trading System - INFO - Improvement Bot is alive: True
2025-04-13 13:24:59,920 - Trading System - INFO - Trading Bot is alive: True
2025-04-13 13:24:59,922 - Quantum Trading Bot - INFO - Starting trading cycle
2025-04-13 13:24:59,923 - Trading System - INFO - Monitor Bot is alive: True
2025-04-13 13:24:59,925 - Quantum Trading Bot - INFO - Market is closed, waiting...
2025-04-13 13:24:59,925 - Trading System - INFO - Improvement Bot is alive: True
2025-04-13 13:24:59,925 - Quantum Trading Bot - INFO - Sleeping for 60 seconds
2025-04-13 13:25:59,928 - Trading System - INFO - Trading Bot is alive: True
2025-04-13 13:25:59,930 - Quantum Trading Bot - INFO - Starting trading cycle
2025-04-13 13:25:59,931 - Trading System - INFO - Monitor Bot is alive: True
2025-04-13 13:25:59,932 - Quantum Trading Bot - INFO - Market is closed, waiting...
2025-04-13 13:25:59,932 - Trading System - INFO - Improvement Bot is alive: True
2025-04-13 13:25:59,932 - Quantum Trading Bot - INFO - Sleeping for 60 seconds
2025-04-13 13:26:59,935 - Quantum Trading Bot - INFO - Starting trading cycle
2025-04-13 13:26:59,937 - Trading System - INFO - Trading Bot is alive: True
2025-04-13 13:26:59,938 - Quantum Trading Bot - INFO - Market is closed, waiting...
2025-04-13 13:26:59,939 - Trading System - INFO - Monitor Bot is alive: True
2025-04-13 13:26:59,939 - Quantum Trading Bot - INFO - Sleeping for 60 seconds
2025-04-13 13:26:59,939 - Trading System - INFO - Improvement Bot is alive: True
2025-04-13 13:27:59,941 - Quantum Trading Bot - INFO - Starting trading cycle
2025-04-13 13:27:59,944 - Quantum Trading Bot - INFO - Market is closed, waiting...
2025-04-13 13:27:59,944 - Trading System - INFO - Trading Bot is alive: True
2025-04-13 13:27:59,944 - Quantum Trading Bot - INFO - Sleeping for 60 seconds
2025-04-13 13:27:59,944 - Trading System - INFO - Monitor Bot is alive: True
2025-04-13 13:27:59,945 - Trading System - INFO - Improvement Bot is alive: True
2025-04-13 13:28:59,948 - Quantum Trading Bot - INFO - Starting trading cycle
2025-04-13 13:28:59,950 - Trading System - INFO - Trading Bot is alive: True
2025-04-13 13:28:59,952 - Quantum Trading Bot - INFO - Market is closed, waiting...
2025-04-13 13:28:59,952 - Trading System - INFO - Monitor Bot is alive: True
2025-04-13 13:28:59,952 - Quantum Trading Bot - INFO - Sleeping for 60 seconds
2025-04-13 13:28:59,953 - Trading System - INFO - Improvement Bot is alive: True
2025-04-13 13:29:59,956 - Trading System - INFO - Trading Bot is alive: True
2025-04-13 13:29:59,958 - Quantum Trading Bot - INFO - Starting trading cycle
2025-04-13 13:29:59,959 - Trading System - INFO - Monitor Bot is alive: True
2025-04-13 13:29:59,960 - Quantum Trading Bot - INFO - Market is closed, waiting...
2025-04-13 13:29:59,960 - Trading System - INFO - Improvement Bot is alive: True
2025-04-13 13:29:59,960 - Quantum Trading Bot - INFO - Sleeping for 60 seconds
2025-04-13 13:30:59,964 - Quantum Trading Bot - INFO - Starting trading cycle
2025-04-13 13:30:59,966 - Quantum Trading Bot - INFO - Market is closed, waiting...
2025-04-13 13:30:59,966 - Quantum Trading Bot - INFO - Sleeping for 60 seconds
2025-04-13 13:30:59,965 - Trading System - INFO - Trading Bot is alive: True
2025-04-13 13:30:59,966 - Trading System - INFO - Monitor Bot is alive: True
2025-04-13 13:30:59,966 - Trading System - INFO - Improvement Bot is alive: True
2025-04-13 13:31:59,969 - Quantum Trading Bot - INFO - Starting trading cycle
2025-04-13 13:31:59,970 - Trading System - INFO - Trading Bot is alive: True
2025-04-13 13:31:59,971 - Quantum Trading Bot - INFO - Market is closed, waiting...
2025-04-13 13:31:59,971 - Trading System - INFO - Monitor Bot is alive: True
2025-04-13 13:31:59,971 - Quantum Trading Bot - INFO - Sleeping for 60 seconds
2025-04-13 13:31:59,972 - Trading System - INFO - Improvement Bot is alive: True
2025-04-13 13:32:59,977 - Quantum Trading Bot - INFO - Starting trading cycle
2025-04-13 13:32:59,979 - Trading System - INFO - Trading Bot is alive: True
2025-04-13 13:32:59,981 - Quantum Trading Bot - INFO - Market is closed, waiting...
2025-04-13 13:32:59,981 - Trading System - INFO - Monitor Bot is alive: True
2025-04-13 13:32:59,982 - Quantum Trading Bot - INFO - Sleeping for 60 seconds
2025-04-13 13:32:59,982 - Trading System - INFO - Improvement Bot is alive: True
2025-04-13 13:33:01,849 - Monitor Bot - INFO - Running scheduled task: Performance Metrics
2025-04-13 13:33:01,857 - Monitor Bot - INFO - === Performance Metrics ===
2025-04-13 13:33:01,858 - Monitor Bot - INFO - Date: 2025-04-12T23:46:06.133112
2025-04-13 13:33:01,858 - Monitor Bot - INFO - Total Trades: 72
2025-04-13 13:33:01,858 - Monitor Bot - INFO - Win Rate: 55.56%
2025-04-13 13:33:01,858 - Monitor Bot - INFO - Total Profit: $18.27
2025-04-13 13:33:01,858 - Monitor Bot - INFO - Average Profit per Trade: $0.25
2025-04-13 13:33:01,858 - Monitor Bot - INFO - Average Profit Percentage: 0.09%
2025-04-13 13:33:01,858 - Monitor Bot - INFO - Maximum Drawdown: 0.10%
2025-04-13 13:33:01,858 - Monitor Bot - INFO - ============================
2025-04-13 13:33:01,881 - Monitor Bot - INFO - Task Performance Metrics completed successfully
2025-04-13 13:33:59,986 - Trading System - INFO - Trading Bot is alive: True
2025-04-13 13:33:59,988 - Quantum Trading Bot - INFO - Starting trading cycle
2025-04-13 13:33:59,990 - Trading System - INFO - Monitor Bot is alive: True
2025-04-13 13:33:59,990 - Quantum Trading Bot - INFO - Market is closed, waiting...
2025-04-13 13:33:59,991 - Trading System - INFO - Improvement Bot is alive: True
2025-04-13 13:33:59,991 - Quantum Trading Bot - INFO - Sleeping for 60 seconds
2025-04-13 13:34:59,997 - Trading System - INFO - Trading Bot is alive: True
2025-04-13 13:34:59,997 - Quantum Trading Bot - INFO - Starting trading cycle
2025-04-13 13:34:59,999 - Trading System - INFO - Monitor Bot is alive: True
2025-04-13 13:34:59,999 - Quantum Trading Bot - INFO - Market is closed, waiting...
2025-04-13 13:34:59,999 - Trading System - INFO - Improvement Bot is alive: True
2025-04-13 13:34:59,999 - Quantum Trading Bot - INFO - Sleeping for 60 seconds
2025-04-13 13:36:00,003 - Quantum Trading Bot - INFO - Starting trading cycle
2025-04-13 13:36:00,004 - Trading System - INFO - Trading Bot is alive: True
2025-04-13 13:36:00,005 - Quantum Trading Bot - INFO - Market is closed, waiting...
2025-04-13 13:36:00,005 - Trading System - INFO - Monitor Bot is alive: True
2025-04-13 13:36:00,005 - Quantum Trading Bot - INFO - Sleeping for 60 seconds
2025-04-13 13:36:00,005 - Trading System - INFO - Improvement Bot is alive: True
2025-04-13 13:37:00,017 - Quantum Trading Bot - INFO - Starting trading cycle
2025-04-13 13:37:00,020 - Trading System - INFO - Trading Bot is alive: True
2025-04-13 13:37:00,023 - Quantum Trading Bot - INFO - Market is closed, waiting...
2025-04-13 13:37:00,023 - Trading System - INFO - Monitor Bot is alive: True
2025-04-13 13:37:00,024 - Trading System - INFO - Improvement Bot is alive: True
2025-04-13 13:37:00,023 - Quantum Trading Bot - INFO - Sleeping for 60 seconds
2025-04-13 13:38:00,030 - Trading System - INFO - Trading Bot is alive: True
2025-04-13 13:38:00,031 - Quantum Trading Bot - INFO - Starting trading cycle
2025-04-13 13:38:00,032 - Trading System - INFO - Monitor Bot is alive: True
2025-04-13 13:38:00,033 - Quantum Trading Bot - INFO - Market is closed, waiting...
2025-04-13 13:38:00,033 - Trading System - INFO - Improvement Bot is alive: True
2025-04-13 13:38:00,033 - Quantum Trading Bot - INFO - Sleeping for 60 seconds
2025-04-13 13:39:00,043 - Quantum Trading Bot - INFO - Starting trading cycle
2025-04-13 13:39:00,041 - Trading System - INFO - Trading Bot is alive: True
2025-04-13 13:39:00,049 - Quantum Trading Bot - INFO - Market is closed, waiting...
2025-04-13 13:39:00,049 - Trading System - INFO - Monitor Bot is alive: True
2025-04-13 13:39:00,049 - Quantum Trading Bot - INFO - Sleeping for 60 seconds
2025-04-13 13:39:00,049 - Trading System - INFO - Improvement Bot is alive: True
2025-04-13 13:40:00,051 - Quantum Trading Bot - INFO - Starting trading cycle
2025-04-13 13:40:00,052 - Trading System - INFO - Trading Bot is alive: True
2025-04-13 13:40:00,053 - Quantum Trading Bot - INFO - Market is closed, waiting...
2025-04-13 13:40:00,053 - Trading System - INFO - Monitor Bot is alive: True
2025-04-13 13:40:00,053 - Quantum Trading Bot - INFO - Sleeping for 60 seconds
2025-04-13 13:40:00,053 - Trading System - INFO - Improvement Bot is alive: True
2025-04-13 13:41:00,065 - Quantum Trading Bot - INFO - Starting trading cycle
2025-04-13 13:41:00,070 - Trading System - INFO - Trading Bot is alive: True
2025-04-13 13:41:00,071 - Quantum Trading Bot - INFO - Market is closed, waiting...
2025-04-13 13:41:00,072 - Trading System - INFO - Monitor Bot is alive: True
2025-04-13 13:41:00,072 - Quantum Trading Bot - INFO - Sleeping for 60 seconds
2025-04-13 13:41:00,072 - Trading System - INFO - Improvement Bot is alive: True
2025-04-13 13:42:00,073 - Trading System - INFO - Trading Bot is alive: True
2025-04-13 13:42:00,074 - Trading System - INFO - Monitor Bot is alive: True
2025-04-13 13:42:00,075 - Quantum Trading Bot - INFO - Starting trading cycle
2025-04-13 13:42:00,075 - Trading System - INFO - Improvement Bot is alive: True
2025-04-13 13:42:00,075 - Quantum Trading Bot - INFO - Market is closed, waiting...
2025-04-13 13:42:00,075 - Quantum Trading Bot - INFO - Sleeping for 60 seconds
2025-04-13 13:43:00,080 - Quantum Trading Bot - INFO - Starting trading cycle
2025-04-13 13:43:00,081 - Trading System - INFO - Trading Bot is alive: True
2025-04-13 13:43:00,082 - Quantum Trading Bot - INFO - Market is closed, waiting...
2025-04-13 13:43:00,082 - Trading System - INFO - Monitor Bot is alive: True
2025-04-13 13:43:00,082 - Quantum Trading Bot - INFO - Sleeping for 60 seconds
2025-04-13 13:43:00,082 - Trading System - INFO - Improvement Bot is alive: True
2025-04-13 13:44:00,085 - Trading System - INFO - Trading Bot is alive: True
2025-04-13 13:44:00,086 - Quantum Trading Bot - INFO - Starting trading cycle
2025-04-13 13:44:00,087 - Trading System - INFO - Monitor Bot is alive: True
2025-04-13 13:44:00,088 - Quantum Trading Bot - INFO - Market is closed, waiting...
2025-04-13 13:44:00,088 - Trading System - INFO - Improvement Bot is alive: True
2025-04-13 13:44:00,088 - Quantum Trading Bot - INFO - Sleeping for 60 seconds
2025-04-13 13:45:00,089 - Quantum Trading Bot - INFO - Starting trading cycle
2025-04-13 13:45:00,090 - Quantum Trading Bot - INFO - Market is closed, waiting...
2025-04-13 13:45:00,090 - Quantum Trading Bot - INFO - Sleeping for 60 seconds
2025-04-13 13:45:00,092 - Trading System - INFO - Trading Bot is alive: True
2025-04-13 13:45:00,092 - Trading System - INFO - Monitor Bot is alive: True
2025-04-13 13:45:00,093 - Trading System - INFO - Improvement Bot is alive: True
2025-04-13 13:46:00,095 - Trading System - INFO - Trading Bot is alive: True
2025-04-13 13:46:00,096 - Quantum Trading Bot - INFO - Starting trading cycle
2025-04-13 13:46:00,098 - Trading System - INFO - Monitor Bot is alive: True
2025-04-13 13:46:00,098 - Quantum Trading Bot - INFO - Market is closed, waiting...
2025-04-13 13:46:00,098 - Trading System - INFO - Improvement Bot is alive: True
2025-04-13 13:46:00,098 - Quantum Trading Bot - INFO - Sleeping for 60 seconds
2025-04-13 13:47:00,102 - Trading System - INFO - Trading Bot is alive: True
2025-04-13 13:47:00,103 - Trading System - INFO - Monitor Bot is alive: True
2025-04-13 13:47:00,103 - Quantum Trading Bot - INFO - Starting trading cycle
2025-04-13 13:47:00,104 - Trading System - INFO - Improvement Bot is alive: True
2025-04-13 13:47:00,104 - Quantum Trading Bot - INFO - Market is closed, waiting...
2025-04-13 13:47:00,104 - Quantum Trading Bot - INFO - Sleeping for 60 seconds
2025-04-13 13:48:00,069 - Trading System - INFO - Trading Bot is alive: True
2025-04-13 13:48:00,072 - Trading System - INFO - Monitor Bot is alive: True
2025-04-13 13:48:00,072 - Trading System - INFO - Improvement Bot is alive: True
2025-04-13 13:48:00,072 - Quantum Trading Bot - INFO - Starting trading cycle
2025-04-13 13:48:00,073 - Quantum Trading Bot - INFO - Market is closed, waiting...
2025-04-13 13:48:00,073 - Quantum Trading Bot - INFO - Sleeping for 60 seconds
2025-04-13 13:49:00,069 - Quantum Trading Bot - INFO - Starting trading cycle
2025-04-13 13:49:00,070 - Quantum Trading Bot - INFO - Market is closed, waiting...
2025-04-13 13:49:00,071 - Quantum Trading Bot - INFO - Sleeping for 60 seconds
2025-04-13 13:49:00,077 - Trading System - INFO - Trading Bot is alive: True
2025-04-13 13:49:00,077 - Trading System - INFO - Monitor Bot is alive: True
2025-04-13 13:49:00,077 - Trading System - INFO - Improvement Bot is alive: True
2025-04-13 13:50:00,072 - Quantum Trading Bot - INFO - Starting trading cycle
2025-04-13 13:50:00,074 - Quantum Trading Bot - INFO - Market is closed, waiting...
2025-04-13 13:50:00,075 - Quantum Trading Bot - INFO - Sleeping for 60 seconds
2025-04-13 13:50:00,082 - Trading System - INFO - Trading Bot is alive: True
2025-04-13 13:50:00,083 - Trading System - INFO - Monitor Bot is alive: True
2025-04-13 13:50:00,083 - Trading System - INFO - Improvement Bot is alive: True
2025-04-13 13:51:00,079 - Quantum Trading Bot - INFO - Starting trading cycle
2025-04-13 13:51:00,080 - Quantum Trading Bot - INFO - Market is closed, waiting...
2025-04-13 13:51:00,080 - Quantum Trading Bot - INFO - Sleeping for 60 seconds
2025-04-13 13:51:00,092 - Trading System - INFO - Trading Bot is alive: True
2025-04-13 13:51:00,093 - Trading System - INFO - Monitor Bot is alive: True
2025-04-13 13:51:00,093 - Trading System - INFO - Improvement Bot is alive: True
2025-04-13 13:52:28,593 - Quantum Trading Bot - INFO - Starting trading cycle
2025-04-13 13:52:28,597 - Quantum Trading Bot - INFO - Market is closed, waiting...
2025-04-13 13:52:28,597 - Quantum Trading Bot - INFO - Sleeping for 60 seconds
2025-04-13 13:52:28,605 - Trading System - INFO - Trading Bot is alive: True
2025-04-13 13:52:28,605 - Trading System - INFO - Monitor Bot is alive: True
2025-04-13 13:52:28,605 - Trading System - INFO - Improvement Bot is alive: True
2025-04-13 14:11:04,622 - Trading System - INFO - Trading Bot is alive: True
2025-04-13 14:11:04,622 - Quantum Trading Bot - INFO - Starting trading cycle
2025-04-13 14:11:04,623 - Trading System - INFO - Monitor Bot is alive: True
2025-04-13 14:11:04,624 - Quantum Trading Bot - INFO - Market is closed, waiting...
2025-04-13 14:11:04,624 - Trading System - INFO - Improvement Bot is alive: True
2025-04-13 14:11:04,624 - Quantum Trading Bot - INFO - Sleeping for 60 seconds
2025-04-13 14:28:45,528 - Quantum Trading Bot - INFO - Starting trading cycle
2025-04-13 14:28:45,528 - Trading System - INFO - Trading Bot is alive: True
2025-04-13 14:28:45,530 - Quantum Trading Bot - INFO - Market is closed, waiting...
2025-04-13 14:28:45,530 - Trading System - INFO - Monitor Bot is alive: True
2025-04-13 14:28:45,530 - Quantum Trading Bot - INFO - Sleeping for 60 seconds
2025-04-13 14:28:45,530 - Trading System - INFO - Improvement Bot is alive: True
2025-04-13 14:45:37,500 - Trading System - INFO - Trading Bot is alive: True
2025-04-13 14:45:37,501 - Quantum Trading Bot - INFO - Starting trading cycle
2025-04-13 14:45:37,502 - Trading System - INFO - Monitor Bot is alive: True
2025-04-13 14:45:37,502 - Quantum Trading Bot - INFO - Market is closed, waiting...
2025-04-13 14:45:37,502 - Trading System - INFO - Improvement Bot is alive: True
2025-04-13 14:45:37,502 - Quantum Trading Bot - INFO - Sleeping for 60 seconds
2025-04-13 14:45:39,372 - Monitor Bot - INFO - Running scheduled task: Performance Metrics
2025-04-13 14:45:39,380 - Monitor Bot - INFO - === Performance Metrics ===
2025-04-13 14:45:39,380 - Monitor Bot - INFO - Date: 2025-04-12T23:46:06.133112
2025-04-13 14:45:39,380 - Monitor Bot - INFO - Total Trades: 72
2025-04-13 14:45:39,380 - Monitor Bot - INFO - Win Rate: 55.56%
2025-04-13 14:45:39,380 - Monitor Bot - INFO - Total Profit: $18.27
2025-04-13 14:45:39,380 - Monitor Bot - INFO - Average Profit per Trade: $0.25
2025-04-13 14:45:39,380 - Monitor Bot - INFO - Average Profit Percentage: 0.09%
2025-04-13 14:45:39,381 - Monitor Bot - INFO - Maximum Drawdown: 0.10%
2025-04-13 14:45:39,381 - Monitor Bot - INFO - ============================
2025-04-13 14:45:39,393 - Monitor Bot - INFO - Task Performance Metrics completed successfully
2025-04-13 15:18:54,991 - Quantum Trading Bot - INFO - Starting trading cycle
2025-04-13 15:18:54,992 - Trading System - INFO - Trading Bot is alive: True
2025-04-13 15:18:54,993 - Quantum Trading Bot - INFO - Market is closed, waiting...
2025-04-13 15:18:54,993 - Trading System - INFO - Monitor Bot is alive: True
2025-04-13 15:18:54,994 - Quantum Trading Bot - INFO - Sleeping for 60 seconds
2025-04-13 15:18:54,994 - Trading System - INFO - Improvement Bot is alive: True
2025-04-13 15:18:56,879 - Monitor Bot - INFO - Running scheduled task: Quantum System Health Check
2025-04-13 15:18:56,879 - Monitor Bot - INFO - Monitoring quantum system health
2025-04-13 15:18:56,882 - Monitor Bot - INFO - Average quantum error rate: 0.0482
2025-04-13 15:18:56,885 - Monitor Bot - INFO - Task Quantum System Health Check completed successfully
2025-04-13 15:35:36,872 - Quantum Trading Bot - INFO - Starting trading cycle
2025-04-13 15:35:36,872 - Trading System - INFO - Trading Bot is alive: True
2025-04-13 15:35:36,873 - Quantum Trading Bot - INFO - Market is closed, waiting...
2025-04-13 15:35:36,873 - Trading System - INFO - Monitor Bot is alive: True
2025-04-13 15:35:36,873 - Quantum Trading Bot - INFO - Sleeping for 60 seconds
2025-04-13 15:35:36,873 - Trading System - INFO - Improvement Bot is alive: True
2025-04-13 15:36:59,253 - Quantum Trading Bot - INFO - Starting trading cycle
2025-04-13 15:36:59,255 - Trading System - INFO - Trading Bot is alive: True
2025-04-13 15:36:59,256 - Quantum Trading Bot - INFO - Market is closed, waiting...
2025-04-13 15:36:59,257 - Trading System - INFO - Monitor Bot is alive: True
2025-04-13 15:36:59,257 - Quantum Trading Bot - INFO - Sleeping for 60 seconds
2025-04-13 15:36:59,257 - Trading System - INFO - Improvement Bot is alive: True
2025-04-13 15:38:01,184 - Trading System - INFO - Trading Bot is alive: True
2025-04-13 15:38:01,184 - Quantum Trading Bot - INFO - Starting trading cycle
2025-04-13 15:38:01,186 - Trading System - INFO - Monitor Bot is alive: True
2025-04-13 15:38:01,187 - Quantum Trading Bot - INFO - Market is closed, waiting...
2025-04-13 15:38:01,187 - Trading System - INFO - Improvement Bot is alive: True
2025-04-13 15:38:01,187 - Quantum Trading Bot - INFO - Sleeping for 60 seconds
2025-04-13 16:03:49,958 - Quantum Trading Bot - INFO - Starting trading cycle
2025-04-13 16:03:49,960 - Trading System - INFO - Trading Bot is alive: True
2025-04-13 16:03:49,961 - Quantum Trading Bot - INFO - Market is closed, waiting...
2025-04-13 16:03:49,962 - Trading System - INFO - Monitor Bot is alive: True
2025-04-13 16:03:49,962 - Quantum Trading Bot - INFO - Sleeping for 60 seconds
2025-04-13 16:03:49,962 - Trading System - INFO - Improvement Bot is alive: True
2025-04-13 16:03:51,852 - Monitor Bot - INFO - Running scheduled task: Performance Metrics
2025-04-13 16:03:51,861 - Monitor Bot - INFO - === Performance Metrics ===
2025-04-13 16:03:51,861 - Monitor Bot - INFO - Date: 2025-04-12T23:46:06.133112
2025-04-13 16:03:51,861 - Monitor Bot - INFO - Total Trades: 72
2025-04-13 16:03:51,861 - Monitor Bot - INFO - Win Rate: 55.56%
2025-04-13 16:03:51,861 - Monitor Bot - INFO - Total Profit: $18.27
2025-04-13 16:03:51,861 - Monitor Bot - INFO - Average Profit per Trade: $0.25
2025-04-13 16:03:51,861 - Monitor Bot - INFO - Average Profit Percentage: 0.09%
2025-04-13 16:03:51,861 - Monitor Bot - INFO - Maximum Drawdown: 0.10%
2025-04-13 16:03:51,861 - Monitor Bot - INFO - ============================
2025-04-13 16:03:51,881 - Monitor Bot - INFO - Task Performance Metrics completed successfully
2025-04-13 16:20:53,829 - Trading System - INFO - Trading Bot is alive: True
2025-04-13 16:20:53,830 - Quantum Trading Bot - INFO - Starting trading cycle
2025-04-13 16:20:53,832 - Trading System - INFO - Monitor Bot is alive: True
2025-04-13 16:20:53,832 - Quantum Trading Bot - INFO - Market is closed, waiting...
2025-04-13 16:20:53,833 - Trading System - INFO - Improvement Bot is alive: True
2025-04-13 16:20:53,833 - Quantum Trading Bot - INFO - Sleeping for 60 seconds
2025-04-13 16:38:12,692 - Quantum Trading Bot - INFO - Starting trading cycle
2025-04-13 16:38:12,692 - Trading System - INFO - Trading Bot is alive: True
2025-04-13 16:38:12,694 - Quantum Trading Bot - INFO - Market is closed, waiting...
2025-04-13 16:38:12,694 - Trading System - INFO - Monitor Bot is alive: True
2025-04-13 16:38:12,695 - Quantum Trading Bot - INFO - Sleeping for 60 seconds
2025-04-13 16:38:12,695 - Trading System - INFO - Improvement Bot is alive: True
2025-04-13 16:48:57,442 - Trading System - INFO - Trading Bot is alive: True
2025-04-13 16:48:57,442 - Quantum Trading Bot - INFO - Starting trading cycle
2025-04-13 16:48:57,444 - Trading System - INFO - Monitor Bot is alive: True
2025-04-13 16:48:57,445 - Quantum Trading Bot - INFO - Market is closed, waiting...
2025-04-13 16:48:57,445 - Trading System - INFO - Improvement Bot is alive: True
2025-04-13 16:48:57,445 - Quantum Trading Bot - INFO - Sleeping for 60 seconds
2025-04-13 17:05:31,338 - Trading System - INFO - Trading Bot is alive: True
2025-04-13 17:05:31,339 - Quantum Trading Bot - INFO - Starting trading cycle
2025-04-13 17:05:31,341 - Trading System - INFO - Monitor Bot is alive: True
2025-04-13 17:05:31,341 - Quantum Trading Bot - INFO - Market is closed, waiting...
2025-04-13 17:05:31,341 - Trading System - INFO - Improvement Bot is alive: True
2025-04-13 17:05:31,341 - Quantum Trading Bot - INFO - Sleeping for 60 seconds
2025-04-13 17:05:33,253 - Monitor Bot - INFO - Running scheduled task: Performance Metrics
2025-04-13 17:05:33,260 - Monitor Bot - INFO - === Performance Metrics ===
2025-04-13 17:05:33,261 - Monitor Bot - INFO - Date: 2025-04-12T23:46:06.133112
2025-04-13 17:05:33,261 - Monitor Bot - INFO - Total Trades: 72
2025-04-13 17:05:33,261 - Monitor Bot - INFO - Win Rate: 55.56%
2025-04-13 17:05:33,261 - Monitor Bot - INFO - Total Profit: $18.27
2025-04-13 17:05:33,261 - Monitor Bot - INFO - Average Profit per Trade: $0.25
2025-04-13 17:05:33,261 - Monitor Bot - INFO - Average Profit Percentage: 0.09%
2025-04-13 17:05:33,261 - Monitor Bot - INFO - Maximum Drawdown: 0.10%
2025-04-13 17:05:33,261 - Monitor Bot - INFO - ============================
2025-04-13 17:05:33,279 - Monitor Bot - INFO - Task Performance Metrics completed successfully
2025-04-13 17:38:45,341 - Trading System - INFO - Trading Bot is alive: True
2025-04-13 17:38:45,342 - Trading System - INFO - Monitor Bot is alive: True
2025-04-13 17:38:45,343 - Trading System - INFO - Improvement Bot is alive: True
2025-04-13 17:38:45,342 - Quantum Trading Bot - INFO - Starting trading cycle
2025-04-13 17:38:45,343 - Quantum Trading Bot - INFO - Market is closed, waiting...
2025-04-13 17:38:45,343 - Quantum Trading Bot - INFO - Sleeping for 60 seconds
2025-04-13 17:39:45,342 - Trading System - INFO - Trading Bot is alive: True
2025-04-13 17:39:45,343 - Quantum Trading Bot - INFO - Starting trading cycle
2025-04-13 17:39:45,344 - Trading System - INFO - Monitor Bot is alive: True
2025-04-13 17:39:45,344 - Quantum Trading Bot - INFO - Market is closed, waiting...
2025-04-13 17:39:45,344 - Trading System - INFO - Improvement Bot is alive: True
2025-04-13 17:39:45,344 - Quantum Trading Bot - INFO - Sleeping for 60 seconds
2025-04-13 17:49:38,691 - Trading System - INFO - Trading Bot is alive: True
2025-04-13 17:49:38,693 - Quantum Trading Bot - INFO - Starting trading cycle
2025-04-13 17:49:38,694 - Trading System - INFO - Monitor Bot is alive: True
2025-04-13 17:49:38,694 - Trading System - INFO - Improvement Bot is alive: True
2025-04-13 17:49:38,694 - Quantum Trading Bot - INFO - Market is closed, waiting...
2025-04-13 17:49:38,695 - Quantum Trading Bot - INFO - Sleeping for 60 seconds
2025-04-13 18:07:07,233 - Trading System - INFO - Trading Bot is alive: True
2025-04-13 18:07:07,233 - Quantum Trading Bot - INFO - Starting trading cycle
2025-04-13 18:07:07,234 - Trading System - INFO - Monitor Bot is alive: True
2025-04-13 18:07:07,234 - Quantum Trading Bot - INFO - Market is closed, waiting...
2025-04-13 18:07:07,235 - Trading System - INFO - Improvement Bot is alive: True
2025-04-13 18:07:07,235 - Quantum Trading Bot - INFO - Sleeping for 60 seconds
2025-04-13 18:07:09,178 - Monitor Bot - INFO - Running scheduled task: Performance Metrics
2025-04-13 18:07:09,186 - Monitor Bot - INFO - === Performance Metrics ===
2025-04-13 18:07:09,187 - Monitor Bot - INFO - Date: 2025-04-12T23:46:06.133112
2025-04-13 18:07:09,187 - Monitor Bot - INFO - Total Trades: 72
2025-04-13 18:07:09,187 - Monitor Bot - INFO - Win Rate: 55.56%
2025-04-13 18:07:09,187 - Monitor Bot - INFO - Total Profit: $18.27
2025-04-13 18:07:09,187 - Monitor Bot - INFO - Average Profit per Trade: $0.25
2025-04-13 18:07:09,187 - Monitor Bot - INFO - Average Profit Percentage: 0.09%
2025-04-13 18:07:09,187 - Monitor Bot - INFO - Maximum Drawdown: 0.10%
2025-04-13 18:07:09,187 - Monitor Bot - INFO - ============================
2025-04-13 18:07:09,201 - Monitor Bot - INFO - Task Performance Metrics completed successfully
2025-04-13 18:23:33,168 - Quantum Trading Bot - INFO - Starting trading cycle
2025-04-13 18:23:33,169 - Trading System - INFO - Trading Bot is alive: True
2025-04-13 18:23:33,171 - Quantum Trading Bot - INFO - Market is closed, waiting...
2025-04-13 18:23:33,171 - Trading System - INFO - Monitor Bot is alive: True
2025-04-13 18:23:33,171 - Quantum Trading Bot - INFO - Sleeping for 60 seconds
2025-04-13 18:23:33,171 - Trading System - INFO - Improvement Bot is alive: True
2025-04-13 18:23:35,137 - Monitor Bot - INFO - Running scheduled task: Quantum System Health Check
2025-04-13 18:23:35,137 - Monitor Bot - INFO - Monitoring quantum system health
2025-04-13 18:23:35,139 - Monitor Bot - INFO - Average quantum error rate: 0.0482
2025-04-13 18:23:35,142 - Monitor Bot - INFO - Task Quantum System Health Check completed successfully
2025-04-13 18:40:06,060 - Trading System - INFO - Trading Bot is alive: True
2025-04-13 18:40:06,061 - Quantum Trading Bot - INFO - Starting trading cycle
2025-04-13 18:40:06,062 - Trading System - INFO - Monitor Bot is alive: True
2025-04-13 18:40:06,063 - Quantum Trading Bot - INFO - Market is closed, waiting...
2025-04-13 18:40:06,063 - Trading System - INFO - Improvement Bot is alive: True
2025-04-13 18:40:06,063 - Quantum Trading Bot - INFO - Sleeping for 60 seconds
2025-04-13 18:51:14,278 - Trading System - INFO - Trading Bot is alive: True
2025-04-13 18:51:14,279 - Quantum Trading Bot - INFO - Starting trading cycle
2025-04-13 18:51:14,281 - Trading System - INFO - Monitor Bot is alive: True
2025-04-13 18:51:14,281 - Quantum Trading Bot - INFO - Market is closed, waiting...
2025-04-13 18:51:14,282 - Trading System - INFO - Improvement Bot is alive: True
2025-04-13 18:51:14,282 - Quantum Trading Bot - INFO - Sleeping for 60 seconds
2025-04-13 19:08:39,070 - Trading System - INFO - Trading Bot is alive: True
2025-04-13 19:08:39,070 - Quantum Trading Bot - INFO - Starting trading cycle
2025-04-13 19:08:39,071 - Trading System - INFO - Monitor Bot is alive: True
2025-04-13 19:08:39,071 - Quantum Trading Bot - INFO - Market is closed, waiting...
2025-04-13 19:08:39,071 - Trading System - INFO - Improvement Bot is alive: True
2025-04-13 19:08:39,071 - Quantum Trading Bot - INFO - Sleeping for 60 seconds
2025-04-13 19:08:41,041 - Monitor Bot - INFO - Running scheduled task: Performance Metrics
2025-04-13 19:08:41,049 - Monitor Bot - INFO - === Performance Metrics ===
2025-04-13 19:08:41,049 - Monitor Bot - INFO - Date: 2025-04-12T23:46:06.133112
2025-04-13 19:08:41,049 - Monitor Bot - INFO - Total Trades: 72
2025-04-13 19:08:41,049 - Monitor Bot - INFO - Win Rate: 55.56%
2025-04-13 19:08:41,049 - Monitor Bot - INFO - Total Profit: $18.27
2025-04-13 19:08:41,049 - Monitor Bot - INFO - Average Profit per Trade: $0.25
2025-04-13 19:08:41,050 - Monitor Bot - INFO - Average Profit Percentage: 0.09%
2025-04-13 19:08:41,050 - Monitor Bot - INFO - Maximum Drawdown: 0.10%
2025-04-13 19:08:41,050 - Monitor Bot - INFO - ============================
2025-04-13 19:08:41,062 - Monitor Bot - INFO - Task Performance Metrics completed successfully
2025-04-13 19:16:26,507 - Quantum Trading Bot - INFO - Starting trading cycle
2025-04-13 19:16:26,507 - Trading System - INFO - Trading Bot is alive: True
2025-04-13 19:16:26,509 - Quantum Trading Bot - INFO - Market is closed, waiting...
2025-04-13 19:16:26,509 - Trading System - INFO - Monitor Bot is alive: True
2025-04-13 19:16:26,509 - Quantum Trading Bot - INFO - Sleeping for 60 seconds
2025-04-13 19:16:26,509 - Trading System - INFO - Improvement Bot is alive: True
2025-04-13 19:17:32,544 - Trading System - INFO - Trading Bot is alive: True
2025-04-13 19:17:32,545 - Quantum Trading Bot - INFO - Starting trading cycle
2025-04-13 19:17:32,547 - Trading System - INFO - Monitor Bot is alive: True
2025-04-13 19:17:32,547 - Quantum Trading Bot - INFO - Market is closed, waiting...
2025-04-13 19:17:32,547 - Trading System - INFO - Improvement Bot is alive: True
2025-04-13 19:17:32,547 - Quantum Trading Bot - INFO - Sleeping for 60 seconds
2025-04-13 19:34:20,778 - Trading System - INFO - Trading Bot is alive: True
2025-04-13 19:34:20,779 - Quantum Trading Bot - INFO - Starting trading cycle
2025-04-13 19:34:20,781 - Trading System - INFO - Monitor Bot is alive: True
2025-04-13 19:34:20,782 - Quantum Trading Bot - INFO - Market is closed, waiting...
2025-04-13 19:34:20,782 - Trading System - INFO - Improvement Bot is alive: True
2025-04-13 19:34:20,782 - Quantum Trading Bot - INFO - Sleeping for 60 seconds
2025-04-13 19:41:58,209 - Quantum Trading Bot - INFO - Starting trading cycle
2025-04-13 19:41:58,210 - Trading System - INFO - Trading Bot is alive: True
2025-04-13 19:41:58,276 - Quantum Trading Bot - INFO - Market is closed, waiting...
2025-04-13 19:41:58,276 - Trading System - INFO - Monitor Bot is alive: True
2025-04-13 19:41:58,276 - Quantum Trading Bot - INFO - Sleeping for 60 seconds
2025-04-13 19:41:58,277 - Trading System - INFO - Improvement Bot is alive: True
2025-04-13 19:50:29,033 - Trading System - INFO - Trading Bot is alive: True
2025-04-13 19:50:29,034 - Quantum Trading Bot - INFO - Starting trading cycle
2025-04-13 19:50:29,036 - Trading System - INFO - Monitor Bot is alive: True
2025-04-13 19:50:29,036 - Quantum Trading Bot - INFO - Market is closed, waiting...
2025-04-13 19:50:29,036 - Trading System - INFO - Improvement Bot is alive: True
2025-04-13 19:50:29,036 - Quantum Trading Bot - INFO - Sleeping for 60 seconds
2025-04-13 19:54:59,885 - Trading System - INFO - Trading Bot is alive: True
2025-04-13 19:54:59,886 - Quantum Trading Bot - INFO - Starting trading cycle
2025-04-13 19:54:59,888 - Trading System - INFO - Monitor Bot is alive: True
2025-04-13 19:54:59,888 - Quantum Trading Bot - INFO - Market is closed, waiting...
2025-04-13 19:54:59,888 - Trading System - INFO - Improvement Bot is alive: True
2025-04-13 19:54:59,888 - Quantum Trading Bot - INFO - Sleeping for 60 seconds
2025-04-13 19:55:57,632 - Improvement Bot - INFO - Running scheduled task: Code Quality Check - Trading Bot
2025-04-13 19:55:57,641 - Improvement Bot - INFO - Found 2 issues in trading_bot
2025-04-13 19:55:57,642 - Improvement Bot - INFO - Task Code Quality Check - Trading Bot completed successfully
2025-04-13 19:55:57,642 - Improvement Bot - INFO - Running scheduled task: Code Quality Check - Monitor Bot
2025-04-13 19:55:57,643 - Improvement Bot - INFO - No issues found in monitor_bot
2025-04-13 19:55:57,643 - Improvement Bot - WARNING - Task Code Quality Check - Monitor Bot completed with warnings
2025-04-13 19:55:57,643 - Improvement Bot - INFO - Running scheduled task: Code Quality Check - Improvement Bot
2025-04-13 19:55:57,646 - Improvement Bot - INFO - Found 6 issues in improvement_bot
2025-04-13 19:55:57,647 - Improvement Bot - INFO - Task Code Quality Check - Improvement Bot completed successfully
2025-04-13 19:55:57,647 - Improvement Bot - INFO - Running scheduled task: System Health Analysis
2025-04-13 19:55:57,655 - Improvement Bot - INFO - Win rate trend: +0.00%
2025-04-13 19:55:57,655 - Improvement Bot - INFO - Profit trend: +0.00%
2025-04-13 19:55:57,656 - Improvement Bot - INFO - System health analysis completed: healthy
2025-04-13 19:55:57,656 - Improvement Bot - INFO - Task System Health Analysis completed successfully
2025-04-13 19:55:59,891 - Trading System - INFO - Trading Bot is alive: True
2025-04-13 19:55:59,892 - Trading System - INFO - Monitor Bot is alive: True
2025-04-13 19:55:59,892 - Trading System - INFO - Improvement Bot is alive: True
2025-04-13 19:55:59,893 - Quantum Trading Bot - INFO - Starting trading cycle
2025-04-13 19:55:59,893 - Quantum Trading Bot - INFO - Market is closed, waiting...
2025-04-13 19:55:59,893 - Quantum Trading Bot - INFO - Sleeping for 60 seconds
2025-04-13 19:56:59,896 - Quantum Trading Bot - INFO - Starting trading cycle
2025-04-13 19:56:59,898 - Trading System - INFO - Trading Bot is alive: True
2025-04-13 19:56:59,900 - Quantum Trading Bot - INFO - Market is closed, waiting...
2025-04-13 19:56:59,900 - Trading System - INFO - Monitor Bot is alive: True
2025-04-13 19:56:59,900 - Quantum Trading Bot - INFO - Sleeping for 60 seconds
2025-04-13 19:56:59,901 - Trading System - INFO - Improvement Bot is alive: True
2025-04-13 19:57:59,901 - Quantum Trading Bot - INFO - Starting trading cycle
2025-04-13 19:57:59,903 - Trading System - INFO - Trading Bot is alive: True
2025-04-13 19:57:59,904 - Quantum Trading Bot - INFO - Market is closed, waiting...
2025-04-13 19:57:59,905 - Trading System - INFO - Monitor Bot is alive: True
2025-04-13 19:57:59,905 - Quantum Trading Bot - INFO - Sleeping for 60 seconds
2025-04-13 19:57:59,905 - Trading System - INFO - Improvement Bot is alive: True
2025-04-13 19:58:59,907 - Trading System - INFO - Trading Bot is alive: True
2025-04-13 19:58:59,909 - Quantum Trading Bot - INFO - Starting trading cycle
2025-04-13 19:58:59,910 - Trading System - INFO - Monitor Bot is alive: True
2025-04-13 19:58:59,911 - Quantum Trading Bot - INFO - Market is closed, waiting...
2025-04-13 19:58:59,911 - Trading System - INFO - Improvement Bot is alive: True
2025-04-13 19:58:59,911 - Quantum Trading Bot - INFO - Sleeping for 60 seconds
2025-04-13 19:59:59,911 - Quantum Trading Bot - INFO - Starting trading cycle
2025-04-13 19:59:59,914 - Trading System - INFO - Trading Bot is alive: True
2025-04-13 19:59:59,914 - Quantum Trading Bot - INFO - Market is closed, waiting...
2025-04-13 19:59:59,915 - Trading System - INFO - Monitor Bot is alive: True
2025-04-13 19:59:59,915 - Quantum Trading Bot - INFO - Sleeping for 60 seconds
2025-04-13 19:59:59,915 - Trading System - INFO - Improvement Bot is alive: True
2025-04-13 20:00:59,920 - Quantum Trading Bot - INFO - Starting trading cycle
2025-04-13 20:00:59,920 - Trading System - INFO - Trading Bot is alive: True
2025-04-13 20:00:59,922 - Quantum Trading Bot - INFO - Market is closed, waiting...
2025-04-13 20:00:59,922 - Trading System - INFO - Monitor Bot is alive: True
2025-04-13 20:00:59,922 - Quantum Trading Bot - INFO - Sleeping for 60 seconds
2025-04-13 20:00:59,922 - Trading System - INFO - Improvement Bot is alive: True
2025-04-13 20:01:59,925 - Trading System - INFO - Trading Bot is alive: True
2025-04-13 20:01:59,928 - Quantum Trading Bot - INFO - Starting trading cycle
2025-04-13 20:01:59,929 - Trading System - INFO - Monitor Bot is alive: True
2025-04-13 20:01:59,929 - Quantum Trading Bot - INFO - Market is closed, waiting...
2025-04-13 20:01:59,929 - Trading System - INFO - Improvement Bot is alive: True
2025-04-13 20:01:59,929 - Quantum Trading Bot - INFO - Sleeping for 60 seconds
2025-04-13 20:02:59,933 - Quantum Trading Bot - INFO - Starting trading cycle
2025-04-13 20:02:59,934 - Quantum Trading Bot - INFO - Market is closed, waiting...
2025-04-13 20:02:59,934 - Quantum Trading Bot - INFO - Sleeping for 60 seconds
2025-04-13 20:02:59,934 - Trading System - INFO - Trading Bot is alive: True
2025-04-13 20:02:59,935 - Trading System - INFO - Monitor Bot is alive: True
2025-04-13 20:02:59,935 - Trading System - INFO - Improvement Bot is alive: True
2025-04-13 20:03:59,938 - Quantum Trading Bot - INFO - Starting trading cycle
2025-04-13 20:03:59,940 - Trading System - INFO - Trading Bot is alive: True
2025-04-13 20:03:59,941 - Quantum Trading Bot - INFO - Market is closed, waiting...
2025-04-13 20:03:59,941 - Trading System - INFO - Monitor Bot is alive: True
2025-04-13 20:03:59,941 - Quantum Trading Bot - INFO - Sleeping for 60 seconds
2025-04-13 20:03:59,941 - Trading System - INFO - Improvement Bot is alive: True
2025-04-13 20:04:59,944 - Quantum Trading Bot - INFO - Starting trading cycle
2025-04-13 20:04:59,946 - Quantum Trading Bot - INFO - Market is closed, waiting...
2025-04-13 20:04:59,946 - Quantum Trading Bot - INFO - Sleeping for 60 seconds
2025-04-13 20:04:59,947 - Trading System - INFO - Trading Bot is alive: True
2025-04-13 20:04:59,947 - Trading System - INFO - Monitor Bot is alive: True
2025-04-13 20:04:59,947 - Trading System - INFO - Improvement Bot is alive: True
2025-04-13 20:05:59,951 - Trading System - INFO - Trading Bot is alive: True
2025-04-13 20:05:59,952 - Quantum Trading Bot - INFO - Starting trading cycle
2025-04-13 20:05:59,954 - Trading System - INFO - Monitor Bot is alive: True
2025-04-13 20:05:59,954 - Quantum Trading Bot - INFO - Market is closed, waiting...
2025-04-13 20:05:59,954 - Trading System - INFO - Improvement Bot is alive: True
2025-04-13 20:05:59,954 - Quantum Trading Bot - INFO - Sleeping for 60 seconds
2025-04-13 20:06:59,957 - Trading System - INFO - Trading Bot is alive: True
2025-04-13 20:06:59,958 - Quantum Trading Bot - INFO - Starting trading cycle
2025-04-13 20:06:59,960 - Trading System - INFO - Monitor Bot is alive: True
2025-04-13 20:06:59,960 - Quantum Trading Bot - INFO - Market is closed, waiting...
2025-04-13 20:06:59,960 - Trading System - INFO - Improvement Bot is alive: True
2025-04-13 20:06:59,960 - Quantum Trading Bot - INFO - Sleeping for 60 seconds
2025-04-13 20:07:59,968 - Trading System - INFO - Trading Bot is alive: True
2025-04-13 20:07:59,968 - Quantum Trading Bot - INFO - Starting trading cycle
2025-04-13 20:07:59,970 - Trading System - INFO - Monitor Bot is alive: True
2025-04-13 20:07:59,970 - Quantum Trading Bot - INFO - Market is closed, waiting...
2025-04-13 20:07:59,970 - Trading System - INFO - Improvement Bot is alive: True
2025-04-13 20:07:59,971 - Quantum Trading Bot - INFO - Sleeping for 60 seconds
2025-04-13 20:08:59,979 - Trading System - INFO - Trading Bot is alive: True
2025-04-13 20:08:59,981 - Quantum Trading Bot - INFO - Starting trading cycle
2025-04-13 20:08:59,982 - Trading System - INFO - Monitor Bot is alive: True
2025-04-13 20:08:59,982 - Quantum Trading Bot - INFO - Market is closed, waiting...
2025-04-13 20:08:59,982 - Trading System - INFO - Improvement Bot is alive: True
2025-04-13 20:08:59,982 - Quantum Trading Bot - INFO - Sleeping for 60 seconds
2025-04-13 20:09:01,767 - Monitor Bot - INFO - Running scheduled task: Performance Metrics
2025-04-13 20:09:01,776 - Monitor Bot - INFO - === Performance Metrics ===
2025-04-13 20:09:01,776 - Monitor Bot - INFO - Date: 2025-04-12T23:46:06.133112
2025-04-13 20:09:01,776 - Monitor Bot - INFO - Total Trades: 72
2025-04-13 20:09:01,776 - Monitor Bot - INFO - Win Rate: 55.56%
2025-04-13 20:09:01,776 - Monitor Bot - INFO - Total Profit: $18.27
2025-04-13 20:09:01,777 - Monitor Bot - INFO - Average Profit per Trade: $0.25
2025-04-13 20:09:01,777 - Monitor Bot - INFO - Average Profit Percentage: 0.09%
2025-04-13 20:09:01,777 - Monitor Bot - INFO - Maximum Drawdown: 0.10%
2025-04-13 20:09:01,777 - Monitor Bot - INFO - ============================
2025-04-13 20:09:01,801 - Monitor Bot - INFO - Task Performance Metrics completed successfully
2025-04-13 20:09:59,986 - Quantum Trading Bot - INFO - Starting trading cycle
2025-04-13 20:09:59,989 - Quantum Trading Bot - INFO - Market is closed, waiting...
2025-04-13 20:09:59,989 - Trading System - INFO - Trading Bot is alive: True
2025-04-13 20:09:59,989 - Quantum Trading Bot - INFO - Sleeping for 60 seconds
2025-04-13 20:09:59,989 - Trading System - INFO - Monitor Bot is alive: True
2025-04-13 20:09:59,989 - Trading System - INFO - Improvement Bot is alive: True
2025-04-13 20:10:59,991 - Trading System - INFO - Trading Bot is alive: True
2025-04-13 20:10:59,994 - Trading System - INFO - Monitor Bot is alive: True
2025-04-13 20:10:59,994 - Trading System - INFO - Improvement Bot is alive: True
2025-04-13 20:10:59,998 - Quantum Trading Bot - INFO - Starting trading cycle
2025-04-13 20:10:59,999 - Quantum Trading Bot - INFO - Market is closed, waiting...
2025-04-13 20:10:59,999 - Quantum Trading Bot - INFO - Sleeping for 60 seconds
2025-04-13 20:11:59,990 - Quantum Trading Bot - INFO - Starting trading cycle
2025-04-13 20:11:59,991 - Trading System - INFO - Trading Bot is alive: True
2025-04-13 20:11:59,992 - Quantum Trading Bot - INFO - Market is closed, waiting...
2025-04-13 20:11:59,992 - Trading System - INFO - Monitor Bot is alive: True
2025-04-13 20:11:59,992 - Quantum Trading Bot - INFO - Sleeping for 60 seconds
2025-04-13 20:11:59,992 - Trading System - INFO - Improvement Bot is alive: True
2025-04-13 20:25:44,453 - Quantum Trading Bot - INFO - Starting trading cycle
2025-04-13 20:25:44,455 - Trading System - INFO - Trading Bot is alive: True
2025-04-13 20:25:44,456 - Quantum Trading Bot - INFO - Market is closed, waiting...
2025-04-13 20:25:44,457 - Trading System - INFO - Monitor Bot is alive: True
2025-04-13 20:25:44,457 - Quantum Trading Bot - INFO - Sleeping for 60 seconds
2025-04-13 20:25:44,457 - Trading System - INFO - Improvement Bot is alive: True
2025-04-13 20:26:44,457 - Trading System - INFO - Trading Bot is alive: True
2025-04-13 20:26:44,458 - Trading System - INFO - Monitor Bot is alive: True
2025-04-13 20:26:44,458 - Trading System - INFO - Improvement Bot is alive: True
2025-04-13 20:26:44,460 - Quantum Trading Bot - INFO - Starting trading cycle
2025-04-13 20:26:44,461 - Quantum Trading Bot - INFO - Market is closed, waiting...
2025-04-13 20:26:44,461 - Quantum Trading Bot - INFO - Sleeping for 60 seconds
2025-04-13 20:27:46,433 - Quantum Trading Bot - INFO - Starting trading cycle
2025-04-13 20:27:46,434 - Trading System - INFO - Trading Bot is alive: True
2025-04-13 20:27:46,436 - Quantum Trading Bot - INFO - Market is closed, waiting...
2025-04-13 20:27:46,436 - Trading System - INFO - Monitor Bot is alive: True
2025-04-13 20:27:46,436 - Quantum Trading Bot - INFO - Sleeping for 60 seconds
2025-04-13 20:27:46,436 - Trading System - INFO - Improvement Bot is alive: True
2025-04-13 20:38:38,677 - Trading System - INFO - Trading Bot is alive: True
2025-04-13 20:38:38,678 - Quantum Trading Bot - INFO - Starting trading cycle
2025-04-13 20:38:38,680 - Trading System - INFO - Monitor Bot is alive: True
2025-04-13 20:38:38,680 - Quantum Trading Bot - INFO - Market is closed, waiting...
2025-04-13 20:38:38,680 - Trading System - INFO - Improvement Bot is alive: True
2025-04-13 20:38:38,680 - Quantum Trading Bot - INFO - Sleeping for 60 seconds
2025-04-13 20:39:38,683 - Quantum Trading Bot - INFO - Starting trading cycle
2025-04-13 20:39:38,685 - Trading System - INFO - Trading Bot is alive: True
2025-04-13 20:39:38,688 - Trading System - INFO - Monitor Bot is alive: True
2025-04-13 20:39:38,687 - Quantum Trading Bot - INFO - Market is closed, waiting...
2025-04-13 20:39:38,688 - Trading System - INFO - Improvement Bot is alive: True
2025-04-13 20:39:38,688 - Quantum Trading Bot - INFO - Sleeping for 60 seconds
2025-04-13 20:40:38,691 - Trading System - INFO - Trading Bot is alive: True
2025-04-13 20:40:38,692 - Quantum Trading Bot - INFO - Starting trading cycle
2025-04-13 20:40:38,693 - Trading System - INFO - Monitor Bot is alive: True
2025-04-13 20:40:38,693 - Quantum Trading Bot - INFO - Market is closed, waiting...
2025-04-13 20:40:38,693 - Trading System - INFO - Improvement Bot is alive: True
2025-04-13 20:40:38,693 - Quantum Trading Bot - INFO - Sleeping for 60 seconds
2025-04-13 20:41:38,696 - Trading System - INFO - Trading Bot is alive: True
2025-04-13 20:41:38,696 - Quantum Trading Bot - INFO - Starting trading cycle
2025-04-13 20:41:38,698 - Trading System - INFO - Monitor Bot is alive: True
2025-04-13 20:41:38,698 - Quantum Trading Bot - INFO - Market is closed, waiting...
2025-04-13 20:41:38,699 - Trading System - INFO - Improvement Bot is alive: True
2025-04-13 20:41:38,699 - Quantum Trading Bot - INFO - Sleeping for 60 seconds
2025-04-13 20:42:38,701 - Trading System - INFO - Trading Bot is alive: True
2025-04-13 20:42:38,702 - Quantum Trading Bot - INFO - Starting trading cycle
2025-04-13 20:42:38,704 - Trading System - INFO - Monitor Bot is alive: True
2025-04-13 20:42:38,705 - Quantum Trading Bot - INFO - Market is closed, waiting...
2025-04-13 20:42:38,705 - Trading System - INFO - Improvement Bot is alive: True
2025-04-13 20:42:38,705 - Quantum Trading Bot - INFO - Sleeping for 60 seconds
2025-04-13 20:43:38,707 - Quantum Trading Bot - INFO - Starting trading cycle
2025-04-13 20:43:38,709 - Trading System - INFO - Trading Bot is alive: True
2025-04-13 20:43:38,710 - Quantum Trading Bot - INFO - Market is closed, waiting...
2025-04-13 20:43:38,710 - Trading System - INFO - Monitor Bot is alive: True
2025-04-13 20:43:38,710 - Quantum Trading Bot - INFO - Sleeping for 60 seconds
2025-04-13 20:43:38,710 - Trading System - INFO - Improvement Bot is alive: True
2025-04-13 20:44:38,711 - Trading System - INFO - Trading Bot is alive: True
2025-04-13 20:44:38,714 - Trading System - INFO - Monitor Bot is alive: True
2025-04-13 20:44:38,714 - Trading System - INFO - Improvement Bot is alive: True
2025-04-13 20:44:38,715 - Quantum Trading Bot - INFO - Starting trading cycle
2025-04-13 20:44:38,715 - Quantum Trading Bot - INFO - Market is closed, waiting...
2025-04-13 20:44:38,715 - Quantum Trading Bot - INFO - Sleeping for 60 seconds
2025-04-13 20:45:38,714 - Trading System - INFO - Trading Bot is alive: True
2025-04-13 20:45:38,717 - Trading System - INFO - Monitor Bot is alive: True
2025-04-13 20:45:38,717 - Trading System - INFO - Improvement Bot is alive: True
2025-04-13 20:45:38,717 - Quantum Trading Bot - INFO - Starting trading cycle
2025-04-13 20:45:38,717 - Quantum Trading Bot - INFO - Market is closed, waiting...
2025-04-13 20:45:38,718 - Quantum Trading Bot - INFO - Sleeping for 60 seconds
2025-04-13 20:46:38,721 - Trading System - INFO - Trading Bot is alive: True
2025-04-13 20:46:38,723 - Trading System - INFO - Monitor Bot is alive: True
2025-04-13 20:46:38,723 - Trading System - INFO - Improvement Bot is alive: True
2025-04-13 20:46:38,725 - Quantum Trading Bot - INFO - Starting trading cycle
2025-04-13 20:46:38,726 - Quantum Trading Bot - INFO - Market is closed, waiting...
2025-04-13 20:46:38,726 - Quantum Trading Bot - INFO - Sleeping for 60 seconds
2025-04-13 20:47:38,727 - Trading System - INFO - Trading Bot is alive: True
2025-04-13 20:47:38,729 - Trading System - INFO - Monitor Bot is alive: True
2025-04-13 20:47:38,729 - Trading System - INFO - Improvement Bot is alive: True
2025-04-13 20:47:38,729 - Quantum Trading Bot - INFO - Starting trading cycle
2025-04-13 20:47:38,729 - Quantum Trading Bot - INFO - Market is closed, waiting...
2025-04-13 20:47:38,730 - Quantum Trading Bot - INFO - Sleeping for 60 seconds
2025-04-13 20:48:38,745 - Quantum Trading Bot - INFO - Starting trading cycle
2025-04-13 20:48:38,748 - Trading System - INFO - Trading Bot is alive: True
2025-04-13 20:48:38,750 - Quantum Trading Bot - INFO - Market is closed, waiting...
2025-04-13 20:48:38,750 - Trading System - INFO - Monitor Bot is alive: True
2025-04-13 20:48:38,750 - Quantum Trading Bot - INFO - Sleeping for 60 seconds
2025-04-13 20:48:38,750 - Trading System - INFO - Improvement Bot is alive: True
2025-04-13 20:49:38,754 - Trading System - INFO - Trading Bot is alive: True
2025-04-13 20:49:38,755 - Quantum Trading Bot - INFO - Starting trading cycle
2025-04-13 20:49:38,757 - Trading System - INFO - Monitor Bot is alive: True
2025-04-13 20:49:38,757 - Quantum Trading Bot - INFO - Market is closed, waiting...
2025-04-13 20:49:38,757 - Trading System - INFO - Improvement Bot is alive: True
2025-04-13 20:49:38,758 - Quantum Trading Bot - INFO - Sleeping for 60 seconds
2025-04-13 20:50:38,762 - Trading System - INFO - Trading Bot is alive: True
2025-04-13 20:50:38,762 - Quantum Trading Bot - INFO - Starting trading cycle
2025-04-13 20:50:38,765 - Trading System - INFO - Monitor Bot is alive: True
2025-04-13 20:50:38,766 - Quantum Trading Bot - INFO - Market is closed, waiting...
2025-04-13 20:50:38,766 - Trading System - INFO - Improvement Bot is alive: True
2025-04-13 20:50:38,766 - Quantum Trading Bot - INFO - Sleeping for 60 seconds
2025-04-13 20:51:38,770 - Quantum Trading Bot - INFO - Starting trading cycle
2025-04-13 20:51:38,772 - Trading System - INFO - Trading Bot is alive: True
2025-04-13 20:51:38,777 - Trading System - INFO - Monitor Bot is alive: True
2025-04-13 20:51:38,777 - Trading System - INFO - Improvement Bot is alive: True
2025-04-13 20:51:38,774 - Quantum Trading Bot - INFO - Market is closed, waiting...
2025-04-13 20:51:38,777 - Quantum Trading Bot - INFO - Sleeping for 60 seconds
2025-04-13 20:52:38,781 - Trading System - INFO - Trading Bot is alive: True
2025-04-13 20:52:38,781 - Quantum Trading Bot - INFO - Starting trading cycle
2025-04-13 20:52:38,783 - Trading System - INFO - Monitor Bot is alive: True
2025-04-13 20:52:38,784 - Quantum Trading Bot - INFO - Market is closed, waiting...
2025-04-13 20:52:38,784 - Trading System - INFO - Improvement Bot is alive: True
2025-04-13 20:52:38,784 - Quantum Trading Bot - INFO - Sleeping for 60 seconds
2025-04-13 20:53:38,785 - Quantum Trading Bot - INFO - Starting trading cycle
2025-04-13 20:53:38,788 - Trading System - INFO - Trading Bot is alive: True
2025-04-13 20:53:38,789 - Quantum Trading Bot - INFO - Market is closed, waiting...
2025-04-13 20:53:38,789 - Trading System - INFO - Monitor Bot is alive: True
2025-04-13 20:53:38,789 - Quantum Trading Bot - INFO - Sleeping for 60 seconds
2025-04-13 20:53:38,789 - Trading System - INFO - Improvement Bot is alive: True
2025-04-13 20:54:38,789 - Quantum Trading Bot - INFO - Starting trading cycle
2025-04-13 20:54:38,791 - Quantum Trading Bot - INFO - Market is closed, waiting...
2025-04-13 20:54:38,791 - Trading System - INFO - Trading Bot is alive: True
2025-04-13 20:54:38,792 - Quantum Trading Bot - INFO - Sleeping for 60 seconds
2025-04-13 20:54:38,792 - Trading System - INFO - Monitor Bot is alive: True
2025-04-13 20:54:38,792 - Trading System - INFO - Improvement Bot is alive: True
2025-04-13 20:55:38,795 - Trading System - INFO - Trading Bot is alive: True
2025-04-13 20:55:38,796 - Quantum Trading Bot - INFO - Starting trading cycle
2025-04-13 20:55:38,797 - Trading System - INFO - Monitor Bot is alive: True
2025-04-13 20:55:38,798 - Trading System - INFO - Improvement Bot is alive: True
2025-04-13 20:55:38,798 - Quantum Trading Bot - INFO - Market is closed, waiting...
2025-04-13 20:55:38,798 - Quantum Trading Bot - INFO - Sleeping for 60 seconds
2025-04-13 20:56:38,799 - Trading System - INFO - Trading Bot is alive: True
2025-04-13 20:56:38,799 - Quantum Trading Bot - INFO - Starting trading cycle
2025-04-13 20:56:38,801 - Trading System - INFO - Monitor Bot is alive: True
2025-04-13 20:56:38,801 - Quantum Trading Bot - INFO - Market is closed, waiting...
2025-04-13 20:56:38,802 - Trading System - INFO - Improvement Bot is alive: True
2025-04-13 20:56:38,802 - Quantum Trading Bot - INFO - Sleeping for 60 seconds
2025-04-13 20:57:38,805 - Trading System - INFO - Trading Bot is alive: True
2025-04-13 20:57:38,807 - Quantum Trading Bot - INFO - Starting trading cycle
2025-04-13 20:57:38,809 - Trading System - INFO - Monitor Bot is alive: True
2025-04-13 20:57:38,809 - Quantum Trading Bot - INFO - Market is closed, waiting...
2025-04-13 20:57:38,809 - Trading System - INFO - Improvement Bot is alive: True
2025-04-13 20:57:38,809 - Quantum Trading Bot - INFO - Sleeping for 60 seconds
2025-04-13 20:58:38,812 - Trading System - INFO - Trading Bot is alive: True
2025-04-13 20:58:38,812 - Quantum Trading Bot - INFO - Starting trading cycle
2025-04-13 20:58:38,814 - Trading System - INFO - Monitor Bot is alive: True
2025-04-13 20:58:38,814 - Quantum Trading Bot - INFO - Market is closed, waiting...
2025-04-13 20:58:38,814 - Trading System - INFO - Improvement Bot is alive: True
2025-04-13 20:58:38,814 - Quantum Trading Bot - INFO - Sleeping for 60 seconds
2025-04-13 20:59:38,814 - Trading System - INFO - Trading Bot is alive: True
2025-04-13 20:59:38,816 - Trading System - INFO - Monitor Bot is alive: True
2025-04-13 20:59:38,817 - Trading System - INFO - Improvement Bot is alive: True
2025-04-13 20:59:38,818 - Quantum Trading Bot - INFO - Starting trading cycle
2025-04-13 20:59:38,819 - Quantum Trading Bot - INFO - Market is closed, waiting...
2025-04-13 20:59:38,819 - Quantum Trading Bot - INFO - Sleeping for 60 seconds
2025-04-13 21:00:38,818 - Trading System - INFO - Trading Bot is alive: True
2025-04-13 21:00:38,820 - Trading System - INFO - Monitor Bot is alive: True
2025-04-13 21:00:38,820 - Trading System - INFO - Improvement Bot is alive: True
2025-04-13 21:00:38,822 - Quantum Trading Bot - INFO - Starting trading cycle
2025-04-13 21:00:38,822 - Quantum Trading Bot - INFO - Market is closed, waiting...
2025-04-13 21:00:38,822 - Quantum Trading Bot - INFO - Sleeping for 60 seconds
2025-04-13 21:01:38,821 - Trading System - INFO - Trading Bot is alive: True
2025-04-13 21:01:38,825 - Quantum Trading Bot - INFO - Starting trading cycle
2025-04-13 21:01:38,825 - Trading System - INFO - Monitor Bot is alive: True
2025-04-13 21:01:38,825 - Quantum Trading Bot - INFO - Market is closed, waiting...
2025-04-13 21:01:38,825 - Trading System - INFO - Improvement Bot is alive: True
2025-04-13 21:01:38,825 - Quantum Trading Bot - INFO - Sleeping for 60 seconds
2025-04-13 21:02:38,830 - Trading System - INFO - Trading Bot is alive: True
2025-04-13 21:02:38,832 - Quantum Trading Bot - INFO - Starting trading cycle
2025-04-13 21:02:38,833 - Trading System - INFO - Monitor Bot is alive: True
2025-04-13 21:02:38,834 - Quantum Trading Bot - INFO - Market is closed, waiting...
2025-04-13 21:02:38,834 - Trading System - INFO - Improvement Bot is alive: True
2025-04-13 21:02:38,834 - Quantum Trading Bot - INFO - Sleeping for 60 seconds
2025-04-13 21:03:38,835 - Trading System - INFO - Trading Bot is alive: True
2025-04-13 21:03:38,835 - Quantum Trading Bot - INFO - Starting trading cycle
2025-04-13 21:03:38,837 - Trading System - INFO - Monitor Bot is alive: True
2025-04-13 21:03:38,837 - Quantum Trading Bot - INFO - Market is closed, waiting...
2025-04-13 21:03:38,837 - Trading System - INFO - Improvement Bot is alive: True
2025-04-13 21:03:38,837 - Quantum Trading Bot - INFO - Sleeping for 60 seconds
2025-04-13 21:04:38,841 - Quantum Trading Bot - INFO - Starting trading cycle
2025-04-13 21:04:38,843 - Trading System - INFO - Trading Bot is alive: True
2025-04-13 21:04:38,845 - Quantum Trading Bot - INFO - Market is closed, waiting...
2025-04-13 21:04:38,845 - Trading System - INFO - Monitor Bot is alive: True
2025-04-13 21:04:38,845 - Quantum Trading Bot - INFO - Sleeping for 60 seconds
2025-04-13 21:04:38,846 - Trading System - INFO - Improvement Bot is alive: True
2025-04-13 21:05:38,847 - Quantum Trading Bot - INFO - Starting trading cycle
2025-04-13 21:05:38,848 - Quantum Trading Bot - INFO - Market is closed, waiting...
2025-04-13 21:05:38,848 - Quantum Trading Bot - INFO - Sleeping for 60 seconds
2025-04-13 21:05:38,850 - Trading System - INFO - Trading Bot is alive: True
2025-04-13 21:05:38,850 - Trading System - INFO - Monitor Bot is alive: True
2025-04-13 21:05:38,850 - Trading System - INFO - Improvement Bot is alive: True
2025-04-13 21:06:38,852 - Quantum Trading Bot - INFO - Starting trading cycle
2025-04-13 21:06:38,853 - Trading System - INFO - Trading Bot is alive: True
2025-04-13 21:06:38,854 - Quantum Trading Bot - INFO - Market is closed, waiting...
2025-04-13 21:06:38,855 - Trading System - INFO - Monitor Bot is alive: True
2025-04-13 21:06:38,855 - Quantum Trading Bot - INFO - Sleeping for 60 seconds
2025-04-13 21:06:38,855 - Trading System - INFO - Improvement Bot is alive: True
2025-04-13 21:07:38,858 - Trading System - INFO - Trading Bot is alive: True
2025-04-13 21:07:38,859 - Quantum Trading Bot - INFO - Starting trading cycle
2025-04-13 21:07:38,861 - Trading System - INFO - Monitor Bot is alive: True
2025-04-13 21:07:38,861 - Quantum Trading Bot - INFO - Market is closed, waiting...
2025-04-13 21:07:38,861 - Trading System - INFO - Improvement Bot is alive: True
2025-04-13 21:07:38,861 - Quantum Trading Bot - INFO - Sleeping for 60 seconds
2025-04-13 21:08:38,865 - Trading System - INFO - Trading Bot is alive: True
2025-04-13 21:08:38,867 - Quantum Trading Bot - INFO - Starting trading cycle
2025-04-13 21:08:38,870 - Trading System - INFO - Monitor Bot is alive: True
2025-04-13 21:08:38,871 - Quantum Trading Bot - INFO - Market is closed, waiting...
2025-04-13 21:08:38,871 - Trading System - INFO - Improvement Bot is alive: True
2025-04-13 21:08:38,871 - Quantum Trading Bot - INFO - Sleeping for 60 seconds
2025-04-13 21:09:38,871 - Trading System - INFO - Trading Bot is alive: True
2025-04-13 21:09:38,872 - Quantum Trading Bot - INFO - Starting trading cycle
2025-04-13 21:09:38,872 - Trading System - INFO - Monitor Bot is alive: True
2025-04-13 21:09:38,872 - Quantum Trading Bot - INFO - Market is closed, waiting...
2025-04-13 21:09:38,872 - Trading System - INFO - Improvement Bot is alive: True
2025-04-13 21:09:38,872 - Quantum Trading Bot - INFO - Sleeping for 60 seconds
2025-04-13 21:09:40,678 - Monitor Bot - INFO - Running scheduled task: Performance Metrics
2025-04-13 21:09:40,686 - Monitor Bot - INFO - === Performance Metrics ===
2025-04-13 21:09:40,687 - Monitor Bot - INFO - Date: 2025-04-12T23:46:06.133112
2025-04-13 21:09:40,687 - Monitor Bot - INFO - Total Trades: 72
2025-04-13 21:09:40,687 - Monitor Bot - INFO - Win Rate: 55.56%
2025-04-13 21:09:40,687 - Monitor Bot - INFO - Total Profit: $18.27
2025-04-13 21:09:40,687 - Monitor Bot - INFO - Average Profit per Trade: $0.25
2025-04-13 21:09:40,687 - Monitor Bot - INFO - Average Profit Percentage: 0.09%
2025-04-13 21:09:40,687 - Monitor Bot - INFO - Maximum Drawdown: 0.10%
2025-04-13 21:09:40,687 - Monitor Bot - INFO - ============================
2025-04-13 21:09:40,700 - Monitor Bot - INFO - Task Performance Metrics completed successfully
2025-04-13 21:10:38,874 - Quantum Trading Bot - INFO - Starting trading cycle
2025-04-13 21:10:38,876 - Quantum Trading Bot - INFO - Market is closed, waiting...
2025-04-13 21:10:38,877 - Quantum Trading Bot - INFO - Sleeping for 60 seconds
2025-04-13 21:10:38,877 - Trading System - INFO - Trading Bot is alive: True
2025-04-13 21:10:38,877 - Trading System - INFO - Monitor Bot is alive: True
2025-04-13 21:10:38,877 - Trading System - INFO - Improvement Bot is alive: True
2025-04-13 21:11:38,881 - Trading System - INFO - Trading Bot is alive: True
2025-04-13 21:11:38,881 - Quantum Trading Bot - INFO - Starting trading cycle
2025-04-13 21:11:38,883 - Trading System - INFO - Monitor Bot is alive: True
2025-04-13 21:11:38,884 - Quantum Trading Bot - INFO - Market is closed, waiting...
2025-04-13 21:11:38,884 - Trading System - INFO - Improvement Bot is alive: True
2025-04-13 21:11:38,884 - Quantum Trading Bot - INFO - Sleeping for 60 seconds
2025-04-13 21:12:38,886 - Trading System - INFO - Trading Bot is alive: True
2025-04-13 21:12:38,888 - Quantum Trading Bot - INFO - Starting trading cycle
2025-04-13 21:12:38,888 - Trading System - INFO - Monitor Bot is alive: True
2025-04-13 21:12:38,888 - Quantum Trading Bot - INFO - Market is closed, waiting...
2025-04-13 21:12:38,889 - Trading System - INFO - Improvement Bot is alive: True
2025-04-13 21:12:38,889 - Quantum Trading Bot - INFO - Sleeping for 60 seconds
2025-04-13 21:13:38,978 - Quantum Trading Bot - INFO - Starting trading cycle
2025-04-13 21:13:38,982 - Quantum Trading Bot - INFO - Market is closed, waiting...
2025-04-13 21:13:38,982 - Quantum Trading Bot - INFO - Sleeping for 60 seconds
2025-04-13 21:13:38,982 - Trading System - INFO - Trading Bot is alive: True
2025-04-13 21:13:38,982 - Trading System - INFO - Monitor Bot is alive: True
2025-04-13 21:13:38,983 - Trading System - INFO - Improvement Bot is alive: True
2025-04-13 21:14:38,986 - Trading System - INFO - Trading Bot is alive: True
2025-04-13 21:14:38,986 - Quantum Trading Bot - INFO - Starting trading cycle
2025-04-13 21:14:38,987 - Trading System - INFO - Monitor Bot is alive: True
2025-04-13 21:14:38,988 - Quantum Trading Bot - INFO - Market is closed, waiting...
2025-04-13 21:14:38,988 - Trading System - INFO - Improvement Bot is alive: True
2025-04-13 21:14:38,988 - Quantum Trading Bot - INFO - Sleeping for 60 seconds
2025-04-13 21:15:38,991 - Trading System - INFO - Trading Bot is alive: True
2025-04-13 21:15:38,992 - Quantum Trading Bot - INFO - Starting trading cycle
2025-04-13 21:15:38,994 - Trading System - INFO - Monitor Bot is alive: True
2025-04-13 21:15:38,995 - Quantum Trading Bot - INFO - Market is closed, waiting...
2025-04-13 21:15:38,995 - Trading System - INFO - Improvement Bot is alive: True
2025-04-13 21:15:38,995 - Quantum Trading Bot - INFO - Sleeping for 60 seconds
2025-04-13 21:16:38,998 - Trading System - INFO - Trading Bot is alive: True
2025-04-13 21:16:39,000 - Quantum Trading Bot - INFO - Starting trading cycle
2025-04-13 21:16:39,002 - Trading System - INFO - Monitor Bot is alive: True
2025-04-13 21:16:39,002 - Quantum Trading Bot - INFO - Market is closed, waiting...
2025-04-13 21:16:39,002 - Trading System - INFO - Improvement Bot is alive: True
2025-04-13 21:16:39,002 - Quantum Trading Bot - INFO - Sleeping for 60 seconds
2025-04-13 21:17:39,007 - Trading System - INFO - Trading Bot is alive: True
2025-04-13 21:17:39,009 - Quantum Trading Bot - INFO - Starting trading cycle
2025-04-13 21:17:39,010 - Trading System - INFO - Monitor Bot is alive: True
2025-04-13 21:17:39,011 - Quantum Trading Bot - INFO - Market is closed, waiting...
2025-04-13 21:17:39,011 - Trading System - INFO - Improvement Bot is alive: True
2025-04-13 21:17:39,011 - Quantum Trading Bot - INFO - Sleeping for 60 seconds
2025-04-13 21:18:36,357 - Improvement Bot - INFO - Running scheduled task: System Health Analysis
2025-04-13 21:18:36,368 - Improvement Bot - INFO - Win rate trend: +0.00%
2025-04-13 21:18:36,369 - Improvement Bot - INFO - Profit trend: +0.00%
2025-04-13 21:18:36,370 - Improvement Bot - INFO - System health analysis completed: healthy
2025-04-13 21:18:36,371 - Improvement Bot - INFO - Task System Health Analysis completed successfully
2025-04-13 21:18:39,016 - Quantum Trading Bot - INFO - Starting trading cycle
2025-04-13 21:18:39,016 - Quantum Trading Bot - INFO - Market is closed, waiting...
2025-04-13 21:18:39,016 - Quantum Trading Bot - INFO - Sleeping for 60 seconds
2025-04-13 21:18:39,016 - Trading System - INFO - Trading Bot is alive: True
2025-04-13 21:18:39,017 - Trading System - INFO - Monitor Bot is alive: True
2025-04-13 21:18:39,017 - Trading System - INFO - Improvement Bot is alive: True
2025-04-13 21:19:39,026 - Quantum Trading Bot - INFO - Starting trading cycle
2025-04-13 21:19:39,028 - Trading System - INFO - Trading Bot is alive: True
2025-04-13 21:19:39,029 - Quantum Trading Bot - INFO - Market is closed, waiting...
2025-04-13 21:19:39,029 - Trading System - INFO - Monitor Bot is alive: True
2025-04-13 21:19:39,029 - Quantum Trading Bot - INFO - Sleeping for 60 seconds
2025-04-13 21:19:39,029 - Trading System - INFO - Improvement Bot is alive: True
2025-04-13 21:20:39,031 - Quantum Trading Bot - INFO - Starting trading cycle
2025-04-13 21:20:39,033 - Quantum Trading Bot - INFO - Market is closed, waiting...
2025-04-13 21:20:39,033 - Quantum Trading Bot - INFO - Sleeping for 60 seconds
2025-04-13 21:20:39,034 - Trading System - INFO - Trading Bot is alive: True
2025-04-13 21:20:39,035 - Trading System - INFO - Monitor Bot is alive: True
2025-04-13 21:20:39,035 - Trading System - INFO - Improvement Bot is alive: True
2025-04-13 21:21:39,035 - Quantum Trading Bot - INFO - Starting trading cycle
2025-04-13 21:21:39,037 - Quantum Trading Bot - INFO - Market is closed, waiting...
2025-04-13 21:21:39,038 - Quantum Trading Bot - INFO - Sleeping for 60 seconds
2025-04-13 21:21:39,040 - Trading System - INFO - Trading Bot is alive: True
2025-04-13 21:21:39,041 - Trading System - INFO - Monitor Bot is alive: True
2025-04-13 21:21:39,041 - Trading System - INFO - Improvement Bot is alive: True
2025-04-13 21:22:39,039 - Quantum Trading Bot - INFO - Starting trading cycle
2025-04-13 21:22:39,041 - Quantum Trading Bot - INFO - Market is closed, waiting...
2025-04-13 21:22:39,041 - Quantum Trading Bot - INFO - Sleeping for 60 seconds
2025-04-13 21:22:39,046 - Trading System - INFO - Trading Bot is alive: True
2025-04-13 21:22:39,047 - Trading System - INFO - Monitor Bot is alive: True
2025-04-13 21:22:39,047 - Trading System - INFO - Improvement Bot is alive: True
2025-04-13 21:23:39,045 - Quantum Trading Bot - INFO - Starting trading cycle
2025-04-13 21:23:39,055 - Quantum Trading Bot - INFO - Market is closed, waiting...
2025-04-13 21:23:39,057 - Trading System - INFO - Trading Bot is alive: True
2025-04-13 21:23:39,068 - Quantum Trading Bot - INFO - Sleeping for 60 seconds
2025-04-13 21:23:39,068 - Trading System - INFO - Monitor Bot is alive: True
2025-04-13 21:23:39,068 - Trading System - INFO - Improvement Bot is alive: True
2025-04-13 21:23:40,878 - Monitor Bot - INFO - Running scheduled task: Quantum System Health Check
2025-04-13 21:23:40,879 - Monitor Bot - INFO - Monitoring quantum system health
2025-04-13 21:23:40,882 - Monitor Bot - INFO - Average quantum error rate: 0.0482
2025-04-13 21:23:40,884 - Monitor Bot - INFO - Task Quantum System Health Check completed successfully
2025-04-13 21:24:39,075 - Trading System - INFO - Trading Bot is alive: True
2025-04-13 21:24:39,077 - Quantum Trading Bot - INFO - Starting trading cycle
2025-04-13 21:24:39,079 - Trading System - INFO - Monitor Bot is alive: True
2025-04-13 21:24:39,079 - Quantum Trading Bot - INFO - Market is closed, waiting...
2025-04-13 21:24:39,079 - Trading System - INFO - Improvement Bot is alive: True
2025-04-13 21:24:39,079 - Quantum Trading Bot - INFO - Sleeping for 60 seconds
2025-04-13 21:25:39,083 - Trading System - INFO - Trading Bot is alive: True
2025-04-13 21:25:39,086 - Trading System - INFO - Monitor Bot is alive: True
2025-04-13 21:25:39,088 - Trading System - INFO - Improvement Bot is alive: True
2025-04-13 21:25:39,084 - Quantum Trading Bot - INFO - Starting trading cycle
2025-04-13 21:25:39,089 - Quantum Trading Bot - INFO - Market is closed, waiting...
2025-04-13 21:25:39,089 - Quantum Trading Bot - INFO - Sleeping for 60 seconds
2025-04-13 21:26:39,096 - Trading System - INFO - Trading Bot is alive: True
2025-04-13 21:26:39,097 - Quantum Trading Bot - INFO - Starting trading cycle
2025-04-13 21:26:39,100 - Trading System - INFO - Monitor Bot is alive: True
2025-04-13 21:26:39,100 - Quantum Trading Bot - INFO - Market is closed, waiting...
2025-04-13 21:26:39,114 - Quantum Trading Bot - INFO - Sleeping for 60 seconds
2025-04-13 21:26:39,113 - Trading System - INFO - Improvement Bot is alive: True
2025-04-13 21:27:39,119 - Trading System - INFO - Trading Bot is alive: True
2025-04-13 21:27:39,120 - Quantum Trading Bot - INFO - Starting trading cycle
2025-04-13 21:27:39,122 - Trading System - INFO - Monitor Bot is alive: True
2025-04-13 21:27:39,122 - Quantum Trading Bot - INFO - Market is closed, waiting...
2025-04-13 21:27:39,122 - Trading System - INFO - Improvement Bot is alive: True
2025-04-13 21:27:39,122 - Quantum Trading Bot - INFO - Sleeping for 60 seconds
2025-04-13 21:28:39,126 - Trading System - INFO - Trading Bot is alive: True
2025-04-13 21:28:39,126 - Quantum Trading Bot - INFO - Starting trading cycle
2025-04-13 21:28:39,127 - Trading System - INFO - Monitor Bot is alive: True
2025-04-13 21:28:39,127 - Quantum Trading Bot - INFO - Market is closed, waiting...
2025-04-13 21:28:39,127 - Trading System - INFO - Improvement Bot is alive: True
2025-04-13 21:28:39,127 - Quantum Trading Bot - INFO - Sleeping for 60 seconds
2025-04-13 21:29:39,134 - Trading System - INFO - Trading Bot is alive: True
2025-04-13 21:29:39,136 - Quantum Trading Bot - INFO - Starting trading cycle
2025-04-13 21:29:39,138 - Trading System - INFO - Monitor Bot is alive: True
2025-04-13 21:29:39,138 - Quantum Trading Bot - INFO - Market is closed, waiting...
2025-04-13 21:29:39,138 - Trading System - INFO - Improvement Bot is alive: True
2025-04-13 21:29:39,138 - Quantum Trading Bot - INFO - Sleeping for 60 seconds
2025-04-13 21:30:39,141 - Quantum Trading Bot - INFO - Starting trading cycle
2025-04-13 21:30:39,144 - Quantum Trading Bot - INFO - Market is closed, waiting...
2025-04-13 21:30:39,144 - Quantum Trading Bot - INFO - Sleeping for 60 seconds
2025-04-13 21:30:39,144 - Trading System - INFO - Trading Bot is alive: True
2025-04-13 21:30:39,144 - Trading System - INFO - Monitor Bot is alive: True
2025-04-13 21:30:39,144 - Trading System - INFO - Improvement Bot is alive: True
2025-04-13 21:31:39,147 - Trading System - INFO - Trading Bot is alive: True
2025-04-13 21:31:39,149 - Trading System - INFO - Monitor Bot is alive: True
2025-04-13 21:31:39,149 - Trading System - INFO - Improvement Bot is alive: True
2025-04-13 21:31:39,150 - Quantum Trading Bot - INFO - Starting trading cycle
2025-04-13 21:31:39,150 - Quantum Trading Bot - INFO - Market is closed, waiting...
2025-04-13 21:31:39,150 - Quantum Trading Bot - INFO - Sleeping for 60 seconds
2025-04-13 21:32:39,156 - Trading System - INFO - Trading Bot is alive: True
2025-04-13 21:32:39,158 - Quantum Trading Bot - INFO - Starting trading cycle
2025-04-13 21:32:39,159 - Trading System - INFO - Monitor Bot is alive: True
2025-04-13 21:32:39,159 - Quantum Trading Bot - INFO - Market is closed, waiting...
2025-04-13 21:32:39,159 - Trading System - INFO - Improvement Bot is alive: True
2025-04-13 21:32:39,160 - Quantum Trading Bot - INFO - Sleeping for 60 seconds
2025-04-13 21:33:39,166 - Quantum Trading Bot - INFO - Starting trading cycle
2025-04-13 21:33:39,168 - Trading System - INFO - Trading Bot is alive: True
2025-04-13 21:33:39,173 - Trading System - INFO - Monitor Bot is alive: True
2025-04-13 21:33:39,174 - Trading System - INFO - Improvement Bot is alive: True
2025-04-13 21:33:39,171 - Quantum Trading Bot - INFO - Market is closed, waiting...
2025-04-13 21:33:39,174 - Quantum Trading Bot - INFO - Sleeping for 60 seconds
2025-04-13 21:34:39,179 - Trading System - INFO - Trading Bot is alive: True
2025-04-13 21:34:39,181 - Quantum Trading Bot - INFO - Starting trading cycle
2025-04-13 21:34:39,183 - Trading System - INFO - Monitor Bot is alive: True
2025-04-13 21:34:39,183 - Quantum Trading Bot - INFO - Market is closed, waiting...
2025-04-13 21:34:39,183 - Trading System - INFO - Improvement Bot is alive: True
2025-04-13 21:34:39,183 - Quantum Trading Bot - INFO - Sleeping for 60 seconds
2025-04-13 21:35:39,187 - Quantum Trading Bot - INFO - Starting trading cycle
2025-04-13 21:35:39,189 - Trading System - INFO - Trading Bot is alive: True
2025-04-13 21:35:39,189 - Quantum Trading Bot - INFO - Market is closed, waiting...
2025-04-13 21:35:39,189 - Trading System - INFO - Monitor Bot is alive: True
2025-04-13 21:35:39,190 - Quantum Trading Bot - INFO - Sleeping for 60 seconds
2025-04-13 21:35:39,190 - Trading System - INFO - Improvement Bot is alive: True
2025-04-13 21:36:39,192 - Quantum Trading Bot - INFO - Starting trading cycle
2025-04-13 21:36:39,195 - Quantum Trading Bot - INFO - Market is closed, waiting...
2025-04-13 21:36:39,195 - Quantum Trading Bot - INFO - Sleeping for 60 seconds
2025-04-13 21:36:39,196 - Trading System - INFO - Trading Bot is alive: True
2025-04-13 21:36:39,196 - Trading System - INFO - Monitor Bot is alive: True
2025-04-13 21:36:39,196 - Trading System - INFO - Improvement Bot is alive: True
2025-04-13 21:37:39,199 - Trading System - INFO - Trading Bot is alive: True
2025-04-13 21:37:39,201 - Quantum Trading Bot - INFO - Starting trading cycle
2025-04-13 21:37:39,201 - Trading System - INFO - Monitor Bot is alive: True
2025-04-13 21:37:39,202 - Quantum Trading Bot - INFO - Market is closed, waiting...
2025-04-13 21:37:39,202 - Trading System - INFO - Improvement Bot is alive: True
2025-04-13 21:37:39,202 - Quantum Trading Bot - INFO - Sleeping for 60 seconds
2025-04-13 21:38:39,206 - Quantum Trading Bot - INFO - Starting trading cycle
2025-04-13 21:38:39,208 - Trading System - INFO - Trading Bot is alive: True
2025-04-13 21:38:39,209 - Quantum Trading Bot - INFO - Market is closed, waiting...
2025-04-13 21:38:39,209 - Trading System - INFO - Monitor Bot is alive: True
2025-04-13 21:38:39,209 - Quantum Trading Bot - INFO - Sleeping for 60 seconds
2025-04-13 21:38:39,210 - Trading System - INFO - Improvement Bot is alive: True
2025-04-13 21:39:39,213 - Trading System - INFO - Trading Bot is alive: True
2025-04-13 21:39:39,214 - Quantum Trading Bot - INFO - Starting trading cycle
2025-04-13 21:39:39,216 - Trading System - INFO - Monitor Bot is alive: True
2025-04-13 21:39:39,216 - Quantum Trading Bot - INFO - Market is closed, waiting...
2025-04-13 21:39:39,217 - Trading System - INFO - Improvement Bot is alive: True
2025-04-13 21:39:39,217 - Quantum Trading Bot - INFO - Sleeping for 60 seconds
2025-04-13 21:40:39,223 - Quantum Trading Bot - INFO - Starting trading cycle
2025-04-13 21:40:39,225 - Trading System - INFO - Trading Bot is alive: True
2025-04-13 21:40:39,226 - Quantum Trading Bot - INFO - Market is closed, waiting...
2025-04-13 21:40:39,227 - Trading System - INFO - Monitor Bot is alive: True
2025-04-13 21:40:39,227 - Quantum Trading Bot - INFO - Sleeping for 60 seconds
2025-04-13 21:40:39,227 - Trading System - INFO - Improvement Bot is alive: True
2025-04-13 21:41:39,232 - Trading System - INFO - Trading Bot is alive: True
2025-04-13 21:41:39,233 - Quantum Trading Bot - INFO - Starting trading cycle
2025-04-13 21:41:39,235 - Trading System - INFO - Monitor Bot is alive: True
2025-04-13 21:41:39,236 - Quantum Trading Bot - INFO - Market is closed, waiting...
2025-04-13 21:41:39,236 - Trading System - INFO - Improvement Bot is alive: True
2025-04-13 21:41:39,236 - Quantum Trading Bot - INFO - Sleeping for 60 seconds
2025-04-13 21:42:39,240 - Quantum Trading Bot - INFO - Starting trading cycle
2025-04-13 21:42:39,242 - Trading System - INFO - Trading Bot is alive: True
2025-04-13 21:42:39,243 - Quantum Trading Bot - INFO - Market is closed, waiting...
2025-04-13 21:42:39,243 - Trading System - INFO - Monitor Bot is alive: True
2025-04-13 21:42:39,244 - Quantum Trading Bot - INFO - Sleeping for 60 seconds
2025-04-13 21:42:39,244 - Trading System - INFO - Improvement Bot is alive: True
2025-04-13 21:43:39,247 - Quantum Trading Bot - INFO - Starting trading cycle
2025-04-13 21:43:39,250 - Trading System - INFO - Trading Bot is alive: True
2025-04-13 21:43:39,250 - Quantum Trading Bot - INFO - Market is closed, waiting...
2025-04-13 21:43:39,250 - Trading System - INFO - Monitor Bot is alive: True
2025-04-13 21:43:39,250 - Quantum Trading Bot - INFO - Sleeping for 60 seconds
2025-04-13 21:43:39,251 - Trading System - INFO - Improvement Bot is alive: True
2025-04-13 21:44:39,253 - Quantum Trading Bot - INFO - Starting trading cycle
2025-04-13 21:44:39,255 - Trading System - INFO - Trading Bot is alive: True
2025-04-13 21:44:39,256 - Quantum Trading Bot - INFO - Market is closed, waiting...
2025-04-13 21:44:39,256 - Trading System - INFO - Monitor Bot is alive: True
2025-04-13 21:44:39,256 - Quantum Trading Bot - INFO - Sleeping for 60 seconds
2025-04-13 21:44:39,256 - Trading System - INFO - Improvement Bot is alive: True
2025-04-13 21:45:39,262 - Trading System - INFO - Trading Bot is alive: True
2025-04-13 21:45:39,262 - Quantum Trading Bot - INFO - Starting trading cycle
2025-04-13 21:45:39,264 - Trading System - INFO - Monitor Bot is alive: True
2025-04-13 21:45:39,264 - Quantum Trading Bot - INFO - Market is closed, waiting...
2025-04-13 21:45:39,265 - Trading System - INFO - Improvement Bot is alive: True
2025-04-13 21:45:39,265 - Quantum Trading Bot - INFO - Sleeping for 60 seconds
2025-04-13 21:46:39,232 - Trading System - INFO - Trading Bot is alive: True
2025-04-13 21:46:39,232 - Quantum Trading Bot - INFO - Starting trading cycle
2025-04-13 21:46:39,234 - Trading System - INFO - Monitor Bot is alive: True
2025-04-13 21:46:39,235 - Quantum Trading Bot - INFO - Market is closed, waiting...
2025-04-13 21:46:39,235 - Trading System - INFO - Improvement Bot is alive: True
2025-04-13 21:46:39,235 - Quantum Trading Bot - INFO - Sleeping for 60 seconds
2025-04-13 21:47:39,237 - Trading System - INFO - Trading Bot is alive: True
2025-04-13 21:47:39,239 - Quantum Trading Bot - INFO - Starting trading cycle
2025-04-13 21:47:39,240 - Trading System - INFO - Monitor Bot is alive: True
2025-04-13 21:47:39,241 - Quantum Trading Bot - INFO - Market is closed, waiting...
2025-04-13 21:47:39,241 - Trading System - INFO - Improvement Bot is alive: True
2025-04-13 21:47:39,241 - Quantum Trading Bot - INFO - Sleeping for 60 seconds
2025-04-13 21:48:39,245 - Trading System - INFO - Trading Bot is alive: True
2025-04-13 21:48:39,246 - Quantum Trading Bot - INFO - Starting trading cycle
2025-04-13 21:48:39,247 - Trading System - INFO - Monitor Bot is alive: True
2025-04-13 21:48:39,248 - Quantum Trading Bot - INFO - Market is closed, waiting...
2025-04-13 21:48:39,248 - Trading System - INFO - Improvement Bot is alive: True
2025-04-13 21:48:39,248 - Quantum Trading Bot - INFO - Sleeping for 60 seconds
2025-04-13 21:49:39,249 - Quantum Trading Bot - INFO - Starting trading cycle
2025-04-13 21:49:39,251 - Trading System - INFO - Trading Bot is alive: True
2025-04-13 21:49:39,252 - Quantum Trading Bot - INFO - Market is closed, waiting...
2025-04-13 21:49:39,253 - Trading System - INFO - Monitor Bot is alive: True
2025-04-13 21:49:39,253 - Quantum Trading Bot - INFO - Sleeping for 60 seconds
2025-04-13 21:49:39,253 - Trading System - INFO - Improvement Bot is alive: True
2025-04-13 21:50:39,262 - Trading System - INFO - Trading Bot is alive: True
2025-04-13 21:50:39,263 - Quantum Trading Bot - INFO - Starting trading cycle
2025-04-13 21:50:39,264 - Trading System - INFO - Monitor Bot is alive: True
2025-04-13 21:50:39,264 - Quantum Trading Bot - INFO - Market is closed, waiting...
2025-04-13 21:50:39,264 - Trading System - INFO - Improvement Bot is alive: True
2025-04-13 21:50:39,264 - Quantum Trading Bot - INFO - Sleeping for 60 seconds
2025-04-13 21:51:39,270 - Quantum Trading Bot - INFO - Starting trading cycle
2025-04-13 21:51:39,274 - Quantum Trading Bot - INFO - Market is closed, waiting...
2025-04-13 21:51:39,274 - Quantum Trading Bot - INFO - Sleeping for 60 seconds
2025-04-13 21:51:39,274 - Trading System - INFO - Trading Bot is alive: True
2025-04-13 21:51:39,274 - Trading System - INFO - Monitor Bot is alive: True
2025-04-13 21:51:39,275 - Trading System - INFO - Improvement Bot is alive: True
2025-04-13 21:52:39,276 - Quantum Trading Bot - INFO - Starting trading cycle
2025-04-13 21:52:39,280 - Quantum Trading Bot - INFO - Market is closed, waiting...
2025-04-13 21:52:39,280 - Quantum Trading Bot - INFO - Sleeping for 60 seconds
2025-04-13 21:52:39,283 - Trading System - INFO - Trading Bot is alive: True
2025-04-13 21:52:39,284 - Trading System - INFO - Monitor Bot is alive: True
2025-04-13 21:52:39,284 - Trading System - INFO - Improvement Bot is alive: True
2025-04-13 21:53:39,285 - Trading System - INFO - Trading Bot is alive: True
2025-04-13 21:53:39,285 - Quantum Trading Bot - INFO - Starting trading cycle
2025-04-13 21:53:39,287 - Trading System - INFO - Monitor Bot is alive: True
2025-04-13 21:53:39,288 - Quantum Trading Bot - INFO - Market is closed, waiting...
2025-04-13 21:53:39,288 - Trading System - INFO - Improvement Bot is alive: True
2025-04-13 21:53:39,288 - Quantum Trading Bot - INFO - Sleeping for 60 seconds
2025-04-13 21:56:14,782 - Trading System - INFO - Trading Bot is alive: True
2025-04-13 21:56:14,783 - Quantum Trading Bot - INFO - Starting trading cycle
2025-04-13 21:56:14,785 - Trading System - INFO - Monitor Bot is alive: True
2025-04-13 21:56:14,785 - Quantum Trading Bot - INFO - Market is closed, waiting...
2025-04-13 21:56:14,785 - Trading System - INFO - Improvement Bot is alive: True
2025-04-13 21:56:14,785 - Quantum Trading Bot - INFO - Sleeping for 60 seconds
2025-04-13 22:12:20,065 - Trading System - INFO - Trading Bot is alive: True
2025-04-13 22:12:20,065 - Quantum Trading Bot - INFO - Starting trading cycle
2025-04-13 22:12:20,067 - Trading System - INFO - Monitor Bot is alive: True
2025-04-13 22:12:20,067 - Quantum Trading Bot - INFO - Market is closed, waiting...
2025-04-13 22:12:20,067 - Trading System - INFO - Improvement Bot is alive: True
2025-04-13 22:12:20,067 - Quantum Trading Bot - INFO - Sleeping for 60 seconds
2025-04-13 22:12:21,862 - Monitor Bot - INFO - Running scheduled task: Performance Metrics
2025-04-13 22:12:21,871 - Monitor Bot - INFO - === Performance Metrics ===
2025-04-13 22:12:21,871 - Monitor Bot - INFO - Date: 2025-04-12T23:46:06.133112
2025-04-13 22:12:21,871 - Monitor Bot - INFO - Total Trades: 72
2025-04-13 22:12:21,871 - Monitor Bot - INFO - Win Rate: 55.56%
2025-04-13 22:12:21,871 - Monitor Bot - INFO - Total Profit: $18.27
2025-04-13 22:12:21,871 - Monitor Bot - INFO - Average Profit per Trade: $0.25
2025-04-13 22:12:21,871 - Monitor Bot - INFO - Average Profit Percentage: 0.09%
2025-04-13 22:12:21,871 - Monitor Bot - INFO - Maximum Drawdown: 0.10%
2025-04-13 22:12:21,871 - Monitor Bot - INFO - ============================
2025-04-13 22:12:21,883 - Monitor Bot - INFO - Task Performance Metrics completed successfully
2025-04-13 22:30:27,680 - Trading System - INFO - Trading Bot is alive: True
2025-04-13 22:30:27,682 - Quantum Trading Bot - INFO - Starting trading cycle
2025-04-13 22:30:27,683 - Trading System - INFO - Monitor Bot is alive: True
2025-04-13 22:30:27,684 - Quantum Trading Bot - INFO - Market is closed, waiting...
2025-04-13 22:30:27,684 - Trading System - INFO - Improvement Bot is alive: True
2025-04-13 22:30:27,684 - Quantum Trading Bot - INFO - Sleeping for 60 seconds
2025-04-13 22:35:13,529 - Quantum Trading Bot - INFO - Starting trading cycle
2025-04-13 22:35:13,530 - Trading System - INFO - Trading Bot is alive: True
2025-04-13 22:35:13,531 - Quantum Trading Bot - INFO - Market is closed, waiting...
2025-04-13 22:35:13,531 - Trading System - INFO - Monitor Bot is alive: True
2025-04-13 22:35:13,531 - Quantum Trading Bot - INFO - Sleeping for 60 seconds
2025-04-13 22:35:13,531 - Trading System - INFO - Improvement Bot is alive: True
2025-04-13 22:36:13,535 - Trading System - INFO - Trading Bot is alive: True
2025-04-13 22:36:13,536 - Quantum Trading Bot - INFO - Starting trading cycle
2025-04-13 22:36:13,538 - Trading System - INFO - Monitor Bot is alive: True
2025-04-13 22:36:13,538 - Quantum Trading Bot - INFO - Market is closed, waiting...
2025-04-13 22:36:13,538 - Trading System - INFO - Improvement Bot is alive: True
2025-04-13 22:36:13,538 - Quantum Trading Bot - INFO - Sleeping for 60 seconds
2025-04-13 22:37:13,544 - Trading System - INFO - Trading Bot is alive: True
2025-04-13 22:37:13,546 - Quantum Trading Bot - INFO - Starting trading cycle
2025-04-13 22:37:13,548 - Trading System - INFO - Monitor Bot is alive: True
2025-04-13 22:37:13,548 - Quantum Trading Bot - INFO - Market is closed, waiting...
2025-04-13 22:37:13,548 - Trading System - INFO - Improvement Bot is alive: True
2025-04-13 22:37:13,548 - Quantum Trading Bot - INFO - Sleeping for 60 seconds
2025-04-13 22:38:13,549 - Quantum Trading Bot - INFO - Starting trading cycle
2025-04-13 22:38:13,551 - Quantum Trading Bot - INFO - Market is closed, waiting...
2025-04-13 22:38:13,551 - Quantum Trading Bot - INFO - Sleeping for 60 seconds
2025-04-13 22:38:13,552 - Trading System - INFO - Trading Bot is alive: True
2025-04-13 22:38:13,552 - Trading System - INFO - Monitor Bot is alive: True
2025-04-13 22:38:13,552 - Trading System - INFO - Improvement Bot is alive: True
2025-04-13 22:39:13,554 - Quantum Trading Bot - INFO - Starting trading cycle
2025-04-13 22:39:13,556 - Trading System - INFO - Trading Bot is alive: True
2025-04-13 22:39:13,557 - Quantum Trading Bot - INFO - Market is closed, waiting...
2025-04-13 22:39:13,557 - Trading System - INFO - Monitor Bot is alive: True
2025-04-13 22:39:13,558 - Quantum Trading Bot - INFO - Sleeping for 60 seconds
2025-04-13 22:39:13,558 - Trading System - INFO - Improvement Bot is alive: True
2025-04-13 22:40:13,559 - Quantum Trading Bot - INFO - Starting trading cycle
2025-04-13 22:40:13,560 - Trading System - INFO - Trading Bot is alive: True
2025-04-13 22:40:13,562 - Quantum Trading Bot - INFO - Market is closed, waiting...
2025-04-13 22:40:13,562 - Trading System - INFO - Monitor Bot is alive: True
2025-04-13 22:40:13,562 - Quantum Trading Bot - INFO - Sleeping for 60 seconds
2025-04-13 22:40:13,562 - Trading System - INFO - Improvement Bot is alive: True
2025-04-13 22:41:13,565 - Quantum Trading Bot - INFO - Starting trading cycle
2025-04-13 22:41:13,567 - Trading System - INFO - Trading Bot is alive: True
2025-04-13 22:41:13,569 - Quantum Trading Bot - INFO - Market is closed, waiting...
2025-04-13 22:41:13,569 - Trading System - INFO - Monitor Bot is alive: True
2025-04-13 22:41:13,569 - Quantum Trading Bot - INFO - Sleeping for 60 seconds
2025-04-13 22:41:13,569 - Trading System - INFO - Improvement Bot is alive: True
2025-04-13 22:42:13,575 - Quantum Trading Bot - INFO - Starting trading cycle
2025-04-13 22:42:13,577 - Trading System - INFO - Trading Bot is alive: True
2025-04-13 22:42:13,582 - Quantum Trading Bot - INFO - Market is closed, waiting...
2025-04-13 22:42:13,582 - Trading System - INFO - Monitor Bot is alive: True
2025-04-13 22:42:13,583 - Quantum Trading Bot - INFO - Sleeping for 60 seconds
2025-04-13 22:42:13,583 - Trading System - INFO - Improvement Bot is alive: True
2025-04-13 22:43:13,586 - Trading System - INFO - Trading Bot is alive: True
2025-04-13 22:43:13,588 - Quantum Trading Bot - INFO - Starting trading cycle
2025-04-13 22:43:13,590 - Trading System - INFO - Monitor Bot is alive: True
2025-04-13 22:43:13,590 - Quantum Trading Bot - INFO - Market is closed, waiting...
2025-04-13 22:43:13,590 - Trading System - INFO - Improvement Bot is alive: True
2025-04-13 22:43:13,590 - Quantum Trading Bot - INFO - Sleeping for 60 seconds
2025-04-13 22:44:13,592 - Trading System - INFO - Trading Bot is alive: True
2025-04-13 22:44:13,595 - Quantum Trading Bot - INFO - Starting trading cycle
2025-04-13 22:44:13,595 - Trading System - INFO - Monitor Bot is alive: True
2025-04-13 22:44:13,596 - Quantum Trading Bot - INFO - Market is closed, waiting...
2025-04-13 22:44:13,596 - Trading System - INFO - Improvement Bot is alive: True
2025-04-13 22:44:13,596 - Quantum Trading Bot - INFO - Sleeping for 60 seconds
2025-04-13 22:45:13,601 - Trading System - INFO - Trading Bot is alive: True
2025-04-13 22:45:13,602 - Quantum Trading Bot - INFO - Starting trading cycle
2025-04-13 22:45:13,603 - Trading System - INFO - Monitor Bot is alive: True
2025-04-13 22:45:13,603 - Quantum Trading Bot - INFO - Market is closed, waiting...
2025-04-13 22:45:13,603 - Trading System - INFO - Improvement Bot is alive: True
2025-04-13 22:45:13,604 - Quantum Trading Bot - INFO - Sleeping for 60 seconds
2025-04-13 22:46:13,629 - Trading System - INFO - Trading Bot is alive: True
2025-04-13 22:46:13,630 - Quantum Trading Bot - INFO - Starting trading cycle
2025-04-13 22:46:13,632 - Trading System - INFO - Monitor Bot is alive: True
2025-04-13 22:46:13,632 - Quantum Trading Bot - INFO - Market is closed, waiting...
2025-04-13 22:46:13,632 - Trading System - INFO - Improvement Bot is alive: True
2025-04-13 22:46:13,632 - Quantum Trading Bot - INFO - Sleeping for 60 seconds
2025-04-13 22:47:13,637 - Trading System - INFO - Trading Bot is alive: True
2025-04-13 22:47:13,638 - Quantum Trading Bot - INFO - Starting trading cycle
2025-04-13 22:47:13,639 - Trading System - INFO - Monitor Bot is alive: True
2025-04-13 22:47:13,639 - Quantum Trading Bot - INFO - Market is closed, waiting...
2025-04-13 22:47:13,639 - Trading System - INFO - Improvement Bot is alive: True
2025-04-13 22:47:13,639 - Quantum Trading Bot - INFO - Sleeping for 60 seconds
2025-04-13 22:48:13,644 - Quantum Trading Bot - INFO - Starting trading cycle
2025-04-13 22:48:13,647 - Trading System - INFO - Trading Bot is alive: True
2025-04-13 22:48:13,648 - Quantum Trading Bot - INFO - Market is closed, waiting...
2025-04-13 22:48:13,648 - Trading System - INFO - Monitor Bot is alive: True
2025-04-13 22:48:13,648 - Quantum Trading Bot - INFO - Sleeping for 60 seconds
2025-04-13 22:48:13,648 - Trading System - INFO - Improvement Bot is alive: True
2025-04-13 22:49:13,650 - Quantum Trading Bot - INFO - Starting trading cycle
2025-04-13 22:49:13,651 - Quantum Trading Bot - INFO - Market is closed, waiting...
2025-04-13 22:49:13,652 - Quantum Trading Bot - INFO - Sleeping for 60 seconds
2025-04-13 22:49:13,652 - Trading System - INFO - Trading Bot is alive: True
2025-04-13 22:49:13,652 - Trading System - INFO - Monitor Bot is alive: True
2025-04-13 22:49:13,652 - Trading System - INFO - Improvement Bot is alive: True
2025-04-13 22:50:13,655 - Trading System - INFO - Trading Bot is alive: True
2025-04-13 22:50:13,656 - Trading System - INFO - Monitor Bot is alive: True
2025-04-13 22:50:13,656 - Trading System - INFO - Improvement Bot is alive: True
2025-04-13 22:50:13,657 - Quantum Trading Bot - INFO - Starting trading cycle
2025-04-13 22:50:13,657 - Quantum Trading Bot - INFO - Market is closed, waiting...
2025-04-13 22:50:13,657 - Quantum Trading Bot - INFO - Sleeping for 60 seconds
2025-04-13 22:51:13,658 - Quantum Trading Bot - INFO - Starting trading cycle
2025-04-13 22:51:13,661 - Trading System - INFO - Trading Bot is alive: True
2025-04-13 22:51:13,662 - Quantum Trading Bot - INFO - Market is closed, waiting...
2025-04-13 22:51:13,662 - Trading System - INFO - Monitor Bot is alive: True
2025-04-13 22:51:13,663 - Quantum Trading Bot - INFO - Sleeping for 60 seconds
2025-04-13 22:51:13,663 - Trading System - INFO - Improvement Bot is alive: True
2025-04-13 22:52:13,668 - Trading System - INFO - Trading Bot is alive: True
2025-04-13 22:52:13,668 - Quantum Trading Bot - INFO - Starting trading cycle
2025-04-13 22:52:13,670 - Trading System - INFO - Monitor Bot is alive: True
2025-04-13 22:52:13,670 - Quantum Trading Bot - INFO - Market is closed, waiting...
2025-04-13 22:52:13,671 - Trading System - INFO - Improvement Bot is alive: True
2025-04-13 22:52:13,671 - Quantum Trading Bot - INFO - Sleeping for 60 seconds
2025-04-13 22:53:13,676 - Quantum Trading Bot - INFO - Starting trading cycle
2025-04-13 22:53:13,676 - Trading System - INFO - Trading Bot is alive: True
2025-04-13 22:53:13,677 - Quantum Trading Bot - INFO - Market is closed, waiting...
2025-04-13 22:53:13,678 - Trading System - INFO - Monitor Bot is alive: True
2025-04-13 22:53:13,678 - Quantum Trading Bot - INFO - Sleeping for 60 seconds
2025-04-13 22:53:13,678 - Trading System - INFO - Improvement Bot is alive: True
2025-04-13 22:54:13,680 - Trading System - INFO - Trading Bot is alive: True
2025-04-13 22:54:13,683 - Trading System - INFO - Monitor Bot is alive: True
2025-04-13 22:54:13,683 - Trading System - INFO - Improvement Bot is alive: True
2025-04-13 22:54:13,683 - Quantum Trading Bot - INFO - Starting trading cycle
2025-04-13 22:54:13,684 - Quantum Trading Bot - INFO - Market is closed, waiting...
2025-04-13 22:54:13,684 - Quantum Trading Bot - INFO - Sleeping for 60 seconds
2025-04-13 22:55:13,688 - Quantum Trading Bot - INFO - Starting trading cycle
2025-04-13 22:55:13,692 - Trading System - INFO - Trading Bot is alive: True
2025-04-13 22:55:13,693 - Quantum Trading Bot - INFO - Market is closed, waiting...
2025-04-13 22:55:13,693 - Trading System - INFO - Monitor Bot is alive: True
2025-04-13 22:55:13,693 - Quantum Trading Bot - INFO - Sleeping for 60 seconds
2025-04-13 22:55:13,693 - Trading System - INFO - Improvement Bot is alive: True
2025-04-13 22:56:10,551 - Improvement Bot - INFO - Running scheduled task: System Health Analysis
2025-04-13 22:56:10,563 - Improvement Bot - INFO - Win rate trend: +0.00%
2025-04-13 22:56:10,563 - Improvement Bot - INFO - Profit trend: +0.00%
2025-04-13 22:56:10,565 - Improvement Bot - INFO - System health analysis completed: healthy
2025-04-13 22:56:10,565 - Improvement Bot - INFO - Task System Health Analysis completed successfully
2025-04-13 22:56:13,696 - Quantum Trading Bot - INFO - Starting trading cycle
2025-04-13 22:56:13,697 - Quantum Trading Bot - INFO - Market is closed, waiting...
2025-04-13 22:56:13,697 - Quantum Trading Bot - INFO - Sleeping for 60 seconds
2025-04-13 22:56:13,698 - Trading System - INFO - Trading Bot is alive: True
2025-04-13 22:56:13,698 - Trading System - INFO - Monitor Bot is alive: True
2025-04-13 22:56:13,698 - Trading System - INFO - Improvement Bot is alive: True
2025-04-13 22:57:13,703 - Quantum Trading Bot - INFO - Starting trading cycle
2025-04-13 22:57:13,704 - Trading System - INFO - Trading Bot is alive: True
2025-04-13 22:57:13,704 - Quantum Trading Bot - INFO - Market is closed, waiting...
2025-04-13 22:57:13,704 - Trading System - INFO - Monitor Bot is alive: True
2025-04-13 22:57:13,704 - Quantum Trading Bot - INFO - Sleeping for 60 seconds
2025-04-13 22:57:13,705 - Trading System - INFO - Improvement Bot is alive: True
2025-04-13 22:58:13,707 - Quantum Trading Bot - INFO - Starting trading cycle
2025-04-13 22:58:13,709 - Trading System - INFO - Trading Bot is alive: True
2025-04-13 22:58:13,712 - Quantum Trading Bot - INFO - Market is closed, waiting...
2025-04-13 22:58:13,712 - Trading System - INFO - Monitor Bot is alive: True
2025-04-13 22:58:13,712 - Quantum Trading Bot - INFO - Sleeping for 60 seconds
2025-04-13 22:58:13,712 - Trading System - INFO - Improvement Bot is alive: True
2025-04-13 22:59:13,714 - Quantum Trading Bot - INFO - Starting trading cycle
2025-04-13 22:59:13,716 - Quantum Trading Bot - INFO - Market is closed, waiting...
2025-04-13 22:59:13,717 - Trading System - INFO - Trading Bot is alive: True
2025-04-13 22:59:13,717 - Quantum Trading Bot - INFO - Sleeping for 60 seconds
2025-04-13 22:59:13,717 - Trading System - INFO - Monitor Bot is alive: True
2025-04-13 22:59:13,717 - Trading System - INFO - Improvement Bot is alive: True
2025-04-13 23:00:13,723 - Quantum Trading Bot - INFO - Starting trading cycle
2025-04-13 23:00:13,723 - Trading System - INFO - Trading Bot is alive: True
2025-04-13 23:00:13,725 - Quantum Trading Bot - INFO - Market is closed, waiting...
2025-04-13 23:00:13,725 - Trading System - INFO - Monitor Bot is alive: True
2025-04-13 23:00:13,725 - Quantum Trading Bot - INFO - Sleeping for 60 seconds
2025-04-13 23:00:13,725 - Trading System - INFO - Improvement Bot is alive: True
2025-04-13 23:01:13,726 - Trading System - INFO - Trading Bot is alive: True
2025-04-13 23:01:13,728 - Trading System - INFO - Monitor Bot is alive: True
2025-04-13 23:01:13,728 - Trading System - INFO - Improvement Bot is alive: True
2025-04-13 23:01:13,728 - Quantum Trading Bot - INFO - Starting trading cycle
2025-04-13 23:01:13,729 - Quantum Trading Bot - INFO - Market is closed, waiting...
2025-04-13 23:01:13,729 - Quantum Trading Bot - INFO - Sleeping for 60 seconds
2025-04-13 23:02:13,730 - Trading System - INFO - Trading Bot is alive: True
2025-04-13 23:02:13,732 - Trading System - INFO - Monitor Bot is alive: True
2025-04-13 23:02:13,732 - Trading System - INFO - Improvement Bot is alive: True
2025-04-13 23:02:13,734 - Quantum Trading Bot - INFO - Starting trading cycle
2025-04-13 23:02:13,734 - Quantum Trading Bot - INFO - Market is closed, waiting...
2025-04-13 23:02:13,734 - Quantum Trading Bot - INFO - Sleeping for 60 seconds
2025-04-13 23:03:13,738 - Trading System - INFO - Trading Bot is alive: True
2025-04-13 23:03:13,738 - Quantum Trading Bot - INFO - Starting trading cycle
2025-04-13 23:03:13,739 - Trading System - INFO - Monitor Bot is alive: True
2025-04-13 23:03:13,740 - Quantum Trading Bot - INFO - Market is closed, waiting...
2025-04-13 23:03:13,740 - Trading System - INFO - Improvement Bot is alive: True
2025-04-13 23:03:13,740 - Quantum Trading Bot - INFO - Sleeping for 60 seconds
2025-04-13 23:04:13,741 - Quantum Trading Bot - INFO - Starting trading cycle
2025-04-13 23:04:13,743 - Quantum Trading Bot - INFO - Market is closed, waiting...
2025-04-13 23:04:13,743 - Quantum Trading Bot - INFO - Sleeping for 60 seconds
2025-04-13 23:04:13,745 - Trading System - INFO - Trading Bot is alive: True
2025-04-13 23:04:13,745 - Trading System - INFO - Monitor Bot is alive: True
2025-04-13 23:04:13,745 - Trading System - INFO - Improvement Bot is alive: True
2025-04-13 23:05:13,748 - Quantum Trading Bot - INFO - Starting trading cycle
2025-04-13 23:05:13,750 - Quantum Trading Bot - INFO - Market is closed, waiting...
2025-04-13 23:05:13,750 - Quantum Trading Bot - INFO - Sleeping for 60 seconds
2025-04-13 23:05:13,750 - Trading System - INFO - Trading Bot is alive: True
2025-04-13 23:05:13,750 - Trading System - INFO - Monitor Bot is alive: True
2025-04-13 23:05:13,750 - Trading System - INFO - Improvement Bot is alive: True
2025-04-13 23:06:13,761 - Quantum Trading Bot - INFO - Starting trading cycle
2025-04-13 23:06:13,763 - Trading System - INFO - Trading Bot is alive: True
2025-04-13 23:06:13,764 - Quantum Trading Bot - INFO - Market is closed, waiting...
2025-04-13 23:06:13,764 - Trading System - INFO - Monitor Bot is alive: True
2025-04-13 23:06:13,764 - Quantum Trading Bot - INFO - Sleeping for 60 seconds
2025-04-13 23:06:13,764 - Trading System - INFO - Improvement Bot is alive: True
2025-04-13 23:07:42,236 - Trading System - INFO - Trading Bot is alive: True
2025-04-13 23:07:42,236 - Quantum Trading Bot - INFO - Starting trading cycle
2025-04-13 23:07:42,237 - Trading System - INFO - Monitor Bot is alive: True
2025-04-13 23:07:42,238 - Quantum Trading Bot - INFO - Market is closed, waiting...
2025-04-13 23:07:42,238 - Trading System - INFO - Improvement Bot is alive: True
2025-04-13 23:07:42,238 - Quantum Trading Bot - INFO - Sleeping for 60 seconds
2025-04-13 23:37:29,437 - Quantum Trading Bot - INFO - Starting trading cycle
2025-04-13 23:37:29,439 - Trading System - INFO - Trading Bot is alive: True
2025-04-13 23:37:29,439 - Quantum Trading Bot - INFO - Market is closed, waiting...
2025-04-13 23:37:29,439 - Trading System - INFO - Monitor Bot is alive: True
2025-04-13 23:37:29,441 - Quantum Trading Bot - INFO - Sleeping for 60 seconds
2025-04-13 23:37:29,441 - Trading System - INFO - Improvement Bot is alive: True
2025-04-13 23:37:31,223 - Monitor Bot - INFO - Running scheduled task: Performance Metrics
2025-04-13 23:37:31,230 - Monitor Bot - INFO - === Performance Metrics ===
2025-04-13 23:37:31,230 - Monitor Bot - INFO - Date: 2025-04-12T23:46:06.133112
2025-04-13 23:37:31,230 - Monitor Bot - INFO - Total Trades: 72
2025-04-13 23:37:31,230 - Monitor Bot - INFO - Win Rate: 55.56%
2025-04-13 23:37:31,230 - Monitor Bot - INFO - Total Profit: $18.27
2025-04-13 23:37:31,230 - Monitor Bot - INFO - Average Profit per Trade: $0.25
2025-04-13 23:37:31,230 - Monitor Bot - INFO - Average Profit Percentage: 0.09%
2025-04-13 23:37:31,230 - Monitor Bot - INFO - Maximum Drawdown: 0.10%
2025-04-13 23:37:31,230 - Monitor Bot - INFO - ============================
2025-04-13 23:37:31,243 - Monitor Bot - INFO - Task Performance Metrics completed successfully
2025-04-13 23:37:31,243 - Monitor Bot - INFO - Running scheduled task: Performance Charts
