2025-04-04 09:18:58,437 - Trading System - INFO - Configuration loaded successfully
2025-04-04 09:18:58,705 - Platform Factory - INFO - Platform factory initialized with trading mode: paper
2025-04-04 09:18:58,705 - Trading System - INFO - Initialized platform factory with new adapters
2025-04-04 09:18:58,705 - Trading System - INFO - Environment variables loaded
2025-04-04 09:18:58,724 - Trading System - INFO - Encryption key loaded
2025-04-04 09:18:58,724 - Trading System - INFO - Fixed syntax error in improvement_bot.py
2025-04-04 09:18:59,160 - Trading System - INFO - scikit-learn is available (version 1.6.1)
2025-04-04 09:18:59,160 - Quantum Trading Bot - INFO - Attempting to import quantum libraries...
2025-04-04 09:18:59,797 - qiskit.passmanager.base_tasks - INFO - Pass: UnrollCustomDefinitions - 0.06080 (ms)
2025-04-04 09:18:59,797 - qiskit.transpiler.passes.basis.basis_translator - INFO - Begin BasisTranslator from source basis {('u3', 1)} to target basis {'measure', 'snapshot', 'z', 'cx', 'barrier', 'delay', 'u', 'store', 'x', 'reset', 'rz', 'p', 'ry', 'rx'}.
2025-04-04 09:18:59,798 - qiskit.transpiler.passes.basis.basis_translator - INFO - Basis translation path search completed in 0.000s.
2025-04-04 09:18:59,798 - qiskit.transpiler.passes.basis.basis_translator - INFO - Basis translation paths composed in 0.000s.
2025-04-04 09:18:59,799 - qiskit.transpiler.passes.basis.basis_translator - INFO - Basis translation instructions replaced in 0.001s.
2025-04-04 09:18:59,799 - qiskit.passmanager.base_tasks - INFO - Pass: BasisTranslator - 1.86992 (ms)
2025-04-04 09:18:59,803 - Quantum Trading Bot - INFO - Quantum libraries successfully imported: PennyLane 0.40.0, Qiskit 1.2.4
2025-04-04 09:18:59,806 - Quantum Trading Bot - INFO - ========== TRADING LOOP FUNCTION ENTERED ==========
2025-04-04 09:18:59,806 - Trading System - INFO - Started Trading Bot
2025-04-04 09:18:59,807 - Monitor Bot - INFO - Starting monitoring loop
2025-04-04 09:18:59,807 - Quantum Trading Bot - INFO - Configuration loaded successfully
2025-04-04 09:18:59,807 - Trading System - INFO - Started Monitor Bot
2025-04-04 09:18:59,807 - Improvement Bot - INFO - Starting improvement bot
2025-04-04 09:18:59,807 - Trading System - INFO - Started Improvement Bot
2025-04-04 09:18:59,807 - Trading System - INFO - Trading Bot is alive: True
2025-04-04 09:18:59,807 - Trading System - INFO - Monitor Bot is alive: True
2025-04-04 09:18:59,807 - Trading System - INFO - All bots started. Press Ctrl+C to exit.
2025-04-04 09:18:59,807 - Trading System - INFO - Improvement Bot is alive: True
2025-04-04 09:18:59,807 - Quantum Trading Bot - INFO - Trade history loaded
2025-04-04 09:18:59,807 - Improvement Bot - INFO - Configuration loaded successfully
2025-04-04 09:18:59,807 - Quantum Trading Bot - INFO - Signal handlers not installed - not in main thread
2025-04-04 09:18:59,808 - Quantum Trading Bot - INFO - Initialized PennyLane quantum device: default.qubit
2025-04-04 09:18:59,808 - Quantum Trading Bot - INFO - Mock adapter initialized
2025-04-04 09:18:59,811 - Improvement Bot - INFO - Running scheduled task: System Backup
2025-04-04 09:18:59,811 - Quantum Trading Bot - INFO - Starting trading cycle
2025-04-04 09:18:59,811 - Quantum Trading Bot - INFO - Processing AAPL
2025-04-04 09:18:59,811 - Quantum Trading Bot - INFO - Mock halal compliance check for AAPL: COMPLIANT
2025-04-04 09:18:59,818 - Monitor Bot - INFO - Running scheduled task: Initial Performance Metrics
2025-04-04 09:18:59,822 - Monitor Bot - INFO - === Performance Metrics ===
2025-04-04 09:18:59,823 - Monitor Bot - INFO - Date: 2025-04-03T15:46:03.804026
2025-04-04 09:18:59,823 - Monitor Bot - INFO - Total Trades: 72
2025-04-04 09:18:59,823 - Monitor Bot - INFO - Win Rate: 55.56%
2025-04-04 09:18:59,823 - Monitor Bot - INFO - Total Profit: $18.27
2025-04-04 09:18:59,823 - Monitor Bot - INFO - Average Profit per Trade: $0.25
2025-04-04 09:18:59,823 - Monitor Bot - INFO - Average Profit Percentage: 0.09%
2025-04-04 09:18:59,823 - Monitor Bot - INFO - Maximum Drawdown: 0.10%
2025-04-04 09:18:59,823 - Monitor Bot - INFO - Quantum Prediction Accuracy: 0.00%
2025-04-04 09:18:59,824 - Monitor Bot - INFO - ============================
2025-04-04 09:18:59,828 - Monitor Bot - INFO - Task Initial Performance Metrics completed successfully
2025-04-04 09:18:59,828 - Monitor Bot - INFO - Running scheduled task: Initial API Health Check
2025-04-04 09:18:59,828 - WebUll Adapter - INFO - Generated device ID for WebUll: TradingBot-05e9fc221408
2025-04-04 09:18:59,829 - WebUll Adapter - INFO - WebUll Adapter initialized in paper trading mode
2025-04-04 09:18:59,829 - Platform Factory - INFO - Created WebUll adapter in paper mode
2025-04-04 09:18:59,834 - Quantum Trading Bot - INFO - Quantum device error rate: 0.0402
2025-04-04 09:18:59,836 - Quantum Trading Bot - INFO - Quantum prediction for AAPL: 0.2380 (confidence: 0.9598)
2025-04-04 09:18:59,836 - Quantum Trading Bot - INFO - Trading signal for AAPL: 0.2380 (source: quantum)
2025-04-04 09:18:59,836 - Quantum Trading Bot - INFO - SELL signal for AAPL (score: 0.2380, source: quantum)
2025-04-04 09:18:59,836 - Improvement Bot - INFO - System snapshot created at backups/snapshot_20250404_091859
2025-04-04 09:18:59,838 - Quantum Trading Bot - WARNING - Cannot sell AAPL - no position
2025-04-04 09:18:59,838 - Improvement Bot - INFO - Task System Backup completed successfully
2025-04-04 09:18:59,838 - Improvement Bot - INFO - Running scheduled task: Code Quality Check - Trading Bot
2025-04-04 09:18:59,838 - Quantum Trading Bot - INFO - Processing MSFT
2025-04-04 09:18:59,838 - Quantum Trading Bot - INFO - Mock halal compliance check for MSFT: COMPLIANT
2025-04-04 09:18:59,838 - Improvement Bot - INFO - Found 2 issues in trading_bot
2025-04-04 09:18:59,840 - Improvement Bot - INFO - Task Code Quality Check - Trading Bot completed successfully
2025-04-04 09:18:59,840 - Improvement Bot - INFO - Running scheduled task: Code Quality Check - Monitor Bot
2025-04-04 09:18:59,841 - Improvement Bot - INFO - No issues found in monitor_bot
2025-04-04 09:18:59,841 - Improvement Bot - WARNING - Task Code Quality Check - Monitor Bot completed with warnings
2025-04-04 09:18:59,841 - Improvement Bot - INFO - Running scheduled task: Code Quality Check - Improvement Bot
2025-04-04 09:18:59,842 - Improvement Bot - INFO - Found 6 issues in improvement_bot
2025-04-04 09:18:59,842 - Improvement Bot - INFO - Task Code Quality Check - Improvement Bot completed successfully
2025-04-04 09:18:59,842 - Improvement Bot - INFO - Running scheduled task: ML Model Optimization
2025-04-04 09:18:59,842 - Improvement Bot - INFO - No ML models found to optimize
2025-04-04 09:18:59,842 - Improvement Bot - WARNING - Task ML Model Optimization completed with warnings
2025-04-04 09:18:59,842 - Improvement Bot - INFO - Running scheduled task: Quantum Circuit Optimization
2025-04-04 09:18:59,842 - Improvement Bot - INFO - Starting quantum circuit optimization
2025-04-04 09:18:59,843 - Improvement Bot - INFO - No quantum model files found to optimize
2025-04-04 09:18:59,843 - Improvement Bot - WARNING - Task Quantum Circuit Optimization completed with warnings
2025-04-04 09:18:59,843 - Improvement Bot - INFO - Running scheduled task: Quantum Error Analysis
2025-04-04 09:18:59,843 - Improvement Bot - INFO - Analyzing quantum error rates
2025-04-04 09:18:59,844 - Improvement Bot - INFO - Quantum error analysis completed: avg error 0.0402, trend +0.0000
2025-04-04 09:18:59,844 - Improvement Bot - INFO - Task Quantum Error Analysis completed successfully
2025-04-04 09:18:59,844 - Improvement Bot - INFO - Running scheduled task: Quantum Prediction Analysis
2025-04-04 09:18:59,844 - Improvement Bot - INFO - Evaluating quantum prediction accuracy
2025-04-04 09:18:59,844 - Improvement Bot - INFO - No completed quantum predictions found
2025-04-04 09:18:59,844 - Improvement Bot - WARNING - Task Quantum Prediction Analysis completed with warnings
2025-04-04 09:18:59,845 - Improvement Bot - INFO - Running scheduled task: Quantum Weight Optimization
2025-04-04 09:18:59,845 - Improvement Bot - INFO - Generated new quantum-optimized weights
2025-04-04 09:18:59,845 - Improvement Bot - INFO - Task Quantum Weight Optimization completed successfully
2025-04-04 09:18:59,845 - Improvement Bot - INFO - Running scheduled task: System Health Analysis
2025-04-04 09:18:59,846 - Improvement Bot - INFO - Win rate trend: +0.00%
2025-04-04 09:18:59,846 - Improvement Bot - INFO - Profit trend: +0.00%
2025-04-04 09:18:59,849 - Improvement Bot - INFO - System health analysis completed: healthy
2025-04-04 09:18:59,849 - Improvement Bot - INFO - Task System Health Analysis completed successfully
2025-04-04 09:18:59,850 - Quantum Trading Bot - INFO - Quantum device error rate: 0.0372
2025-04-04 09:18:59,852 - Quantum Trading Bot - INFO - Quantum prediction for MSFT: 0.4800 (confidence: 0.7702)
2025-04-04 09:18:59,852 - Quantum Trading Bot - INFO - Trading signal for MSFT: 0.4800 (source: quantum)
2025-04-04 09:18:59,852 - Quantum Trading Bot - INFO - HOLD signal for MSFT (score: 0.4800, source: quantum)
2025-04-04 09:18:59,852 - Quantum Trading Bot - INFO - Processing NVDA
2025-04-04 09:18:59,852 - Quantum Trading Bot - INFO - Mock halal compliance check for NVDA: COMPLIANT
2025-04-04 09:18:59,860 - Quantum Trading Bot - INFO - Quantum device error rate: 0.0303
2025-04-04 09:18:59,862 - Quantum Trading Bot - INFO - Quantum prediction for NVDA: 0.7690 (confidence: 0.9697)
2025-04-04 09:18:59,862 - Quantum Trading Bot - INFO - Trading signal for NVDA: 0.7690 (source: quantum)
2025-04-04 09:18:59,862 - Quantum Trading Bot - INFO - HOLD signal for NVDA (score: 0.7690, source: quantum)
2025-04-04 09:18:59,867 - Quantum Trading Bot - INFO - Performance metrics saved: 40/72 winning trades
2025-04-04 09:18:59,867 - Quantum Trading Bot - INFO - Quantum prediction accuracy: 0.00
2025-04-04 09:18:59,867 - Quantum Trading Bot - INFO - Sleeping for 60 seconds
2025-04-04 09:19:00,134 - WebUll Adapter - INFO - Authentication successful
2025-04-04 09:19:00,769 - Zoya Adapter - INFO - Zoya Adapter initialized in sandbox mode
2025-04-04 09:19:00,770 - Platform Factory - INFO - Created Zoya adapter in sandbox mode
2025-04-04 09:19:00,909 - Monitor Bot - INFO - === API Health Status ===
2025-04-04 09:19:00,909 - Monitor Bot - INFO - WebUll API: OK
2025-04-04 09:19:00,909 - Monitor Bot - INFO - Zoya API: OK
2025-04-04 09:19:00,909 - Monitor Bot - INFO - =======================
2025-04-04 09:19:00,910 - Monitor Bot - INFO - Task Initial API Health Check completed successfully
2025-04-04 09:19:00,910 - Monitor Bot - INFO - Running scheduled task: Initial Legal Compliance Report
2025-04-04 09:19:00,911 - Monitor Bot - INFO - Legal compliance report generated at legal/compliance_reports/compliance_report_20250404.json
2025-04-04 09:19:00,911 - Monitor Bot - INFO - Task Initial Legal Compliance Report completed successfully
2025-04-04 09:19:00,911 - Monitor Bot - INFO - Running scheduled task: Initial Quantum System Health Check
2025-04-04 09:19:00,911 - Monitor Bot - INFO - Monitoring quantum system health
2025-04-04 09:19:00,912 - Monitor Bot - INFO - Average quantum error rate: 0.0359
2025-04-04 09:19:00,912 - Monitor Bot - INFO - Task Initial Quantum System Health Check completed successfully
2025-04-04 09:19:59,813 - Trading System - INFO - Trading Bot is alive: True
2025-04-04 09:19:59,813 - Trading System - INFO - Monitor Bot is alive: True
2025-04-04 09:19:59,814 - Trading System - INFO - Improvement Bot is alive: True
2025-04-04 09:19:59,872 - Quantum Trading Bot - INFO - Starting trading cycle
2025-04-04 09:19:59,872 - Quantum Trading Bot - INFO - Processing AAPL
2025-04-04 09:19:59,873 - Quantum Trading Bot - INFO - Mock halal compliance check for AAPL: COMPLIANT
2025-04-04 09:19:59,893 - Quantum Trading Bot - INFO - Quantum device error rate: 0.0318
2025-04-04 09:19:59,897 - Quantum Trading Bot - INFO - Quantum prediction for AAPL: 0.2500 (confidence: 0.9682)
2025-04-04 09:19:59,897 - Quantum Trading Bot - INFO - Trading signal for AAPL: 0.2500 (source: quantum)
2025-04-04 09:19:59,897 - Quantum Trading Bot - INFO - SELL signal for AAPL (score: 0.2500, source: quantum)
2025-04-04 09:19:59,898 - Quantum Trading Bot - WARNING - Cannot sell AAPL - no position
2025-04-04 09:19:59,899 - Quantum Trading Bot - INFO - Processing MSFT
2025-04-04 09:19:59,899 - Quantum Trading Bot - INFO - Mock halal compliance check for MSFT: COMPLIANT
2025-04-04 09:19:59,909 - Quantum Trading Bot - INFO - Quantum device error rate: 0.0144
2025-04-04 09:19:59,911 - Quantum Trading Bot - INFO - Quantum prediction for MSFT: 0.8890 (confidence: 0.9856)
2025-04-04 09:19:59,911 - Quantum Trading Bot - INFO - Trading signal for MSFT: 0.8890 (source: quantum)
2025-04-04 09:19:59,911 - Quantum Trading Bot - INFO - HOLD signal for MSFT (score: 0.8890, source: quantum)
2025-04-04 09:19:59,911 - Quantum Trading Bot - INFO - Processing NVDA
2025-04-04 09:19:59,911 - Quantum Trading Bot - INFO - Mock halal compliance check for NVDA: COMPLIANT
2025-04-04 09:19:59,920 - Quantum Trading Bot - INFO - Quantum device error rate: 0.0444
2025-04-04 09:19:59,922 - Quantum Trading Bot - INFO - Quantum prediction for NVDA: 0.4260 (confidence: 0.7645)
2025-04-04 09:19:59,922 - Quantum Trading Bot - INFO - Trading signal for NVDA: 0.4260 (source: quantum)
2025-04-04 09:19:59,922 - Quantum Trading Bot - INFO - HOLD signal for NVDA (score: 0.4260, source: quantum)
2025-04-04 09:19:59,927 - Quantum Trading Bot - INFO - Performance metrics saved: 40/72 winning trades
2025-04-04 09:19:59,927 - Quantum Trading Bot - INFO - Quantum prediction accuracy: 0.00
2025-04-04 09:19:59,927 - Quantum Trading Bot - INFO - Sleeping for 60 seconds
2025-04-04 09:20:59,817 - Trading System - INFO - Trading Bot is alive: True
2025-04-04 09:20:59,818 - Trading System - INFO - Monitor Bot is alive: True
2025-04-04 09:20:59,818 - Trading System - INFO - Improvement Bot is alive: True
2025-04-04 09:20:59,932 - Quantum Trading Bot - INFO - Starting trading cycle
2025-04-04 09:20:59,933 - Quantum Trading Bot - INFO - Processing AAPL
2025-04-04 09:20:59,933 - Quantum Trading Bot - INFO - Mock halal compliance check for AAPL: COMPLIANT
2025-04-04 09:20:59,960 - Quantum Trading Bot - INFO - Quantum device error rate: 0.0291
2025-04-04 09:20:59,965 - Quantum Trading Bot - INFO - Quantum prediction for AAPL: 0.3200 (confidence: 0.9709)
2025-04-04 09:20:59,965 - Quantum Trading Bot - INFO - Trading signal for AAPL: 0.3200 (source: quantum)
2025-04-04 09:20:59,966 - Quantum Trading Bot - INFO - HOLD signal for AAPL (score: 0.3200, source: quantum)
2025-04-04 09:20:59,966 - Quantum Trading Bot - INFO - Processing MSFT
2025-04-04 09:20:59,966 - Quantum Trading Bot - INFO - Mock halal compliance check for MSFT: COMPLIANT
2025-04-04 09:20:59,977 - Quantum Trading Bot - INFO - Quantum device error rate: 0.0252
2025-04-04 09:20:59,980 - Quantum Trading Bot - INFO - Quantum prediction for MSFT: 0.2860 (confidence: 0.9748)
2025-04-04 09:20:59,980 - Quantum Trading Bot - INFO - Trading signal for MSFT: 0.2860 (source: quantum)
2025-04-04 09:20:59,980 - Quantum Trading Bot - INFO - SELL signal for MSFT (score: 0.2860, source: quantum)
2025-04-04 09:20:59,981 - Quantum Trading Bot - WARNING - Cannot sell MSFT - no position
2025-04-04 09:20:59,981 - Quantum Trading Bot - INFO - Processing NVDA
2025-04-04 09:20:59,981 - Quantum Trading Bot - INFO - Mock halal compliance check for NVDA: COMPLIANT
2025-04-04 09:20:59,990 - Quantum Trading Bot - INFO - Quantum device error rate: 0.0330
2025-04-04 09:20:59,992 - Quantum Trading Bot - INFO - Quantum prediction for NVDA: 0.1610 (confidence: 0.9670)
2025-04-04 09:20:59,992 - Quantum Trading Bot - INFO - Trading signal for NVDA: 0.1610 (source: quantum)
2025-04-04 09:20:59,992 - Quantum Trading Bot - INFO - SELL signal for NVDA (score: 0.1610, source: quantum)
2025-04-04 09:20:59,993 - Quantum Trading Bot - WARNING - Cannot sell NVDA - no position
2025-04-04 09:20:59,998 - Quantum Trading Bot - INFO - Performance metrics saved: 40/72 winning trades
2025-04-04 09:20:59,998 - Quantum Trading Bot - INFO - Quantum prediction accuracy: 0.00
2025-04-04 09:20:59,998 - Quantum Trading Bot - INFO - Sleeping for 60 seconds
2025-04-04 09:21:59,819 - Trading System - INFO - Trading Bot is alive: True
2025-04-04 09:21:59,820 - Trading System - INFO - Monitor Bot is alive: True
2025-04-04 09:21:59,820 - Trading System - INFO - Improvement Bot is alive: True
2025-04-04 09:22:00,004 - Quantum Trading Bot - INFO - Starting trading cycle
2025-04-04 09:22:00,004 - Quantum Trading Bot - INFO - Processing AAPL
2025-04-04 09:22:00,004 - Quantum Trading Bot - INFO - Mock halal compliance check for AAPL: COMPLIANT
2025-04-04 09:22:00,031 - Quantum Trading Bot - INFO - Quantum device error rate: 0.0360
2025-04-04 09:22:00,035 - Quantum Trading Bot - INFO - Quantum prediction for AAPL: 0.1590 (confidence: 0.9640)
2025-04-04 09:22:00,035 - Quantum Trading Bot - INFO - Trading signal for AAPL: 0.1590 (source: quantum)
2025-04-04 09:22:00,035 - Quantum Trading Bot - INFO - SELL signal for AAPL (score: 0.1590, source: quantum)
2025-04-04 09:22:00,036 - Quantum Trading Bot - WARNING - Cannot sell AAPL - no position
2025-04-04 09:22:00,037 - Quantum Trading Bot - INFO - Processing MSFT
2025-04-04 09:22:00,037 - Quantum Trading Bot - INFO - Mock halal compliance check for MSFT: COMPLIANT
2025-04-04 09:22:00,048 - Quantum Trading Bot - INFO - Quantum device error rate: 0.0441
2025-04-04 09:22:00,050 - Quantum Trading Bot - INFO - Quantum prediction for MSFT: 0.9080 (confidence: 0.9559)
2025-04-04 09:22:00,050 - Quantum Trading Bot - INFO - Trading signal for MSFT: 0.9080 (source: quantum)
2025-04-04 09:22:00,050 - Quantum Trading Bot - INFO - HOLD signal for MSFT (score: 0.9080, source: quantum)
2025-04-04 09:22:00,050 - Quantum Trading Bot - INFO - Processing NVDA
2025-04-04 09:22:00,050 - Quantum Trading Bot - INFO - Mock halal compliance check for NVDA: COMPLIANT
2025-04-04 09:22:00,060 - Quantum Trading Bot - INFO - Quantum device error rate: 0.0333
2025-04-04 09:22:00,062 - Quantum Trading Bot - INFO - Quantum prediction for NVDA: 0.9680 (confidence: 0.9667)
2025-04-04 09:22:00,063 - Quantum Trading Bot - INFO - Trading signal for NVDA: 0.9680 (source: quantum)
2025-04-04 09:22:00,063 - Quantum Trading Bot - INFO - HOLD signal for NVDA (score: 0.9680, source: quantum)
2025-04-04 09:22:00,068 - Quantum Trading Bot - INFO - Performance metrics saved: 40/72 winning trades
2025-04-04 09:22:00,068 - Quantum Trading Bot - INFO - Quantum prediction accuracy: 0.00
2025-04-04 09:22:00,068 - Quantum Trading Bot - INFO - Sleeping for 60 seconds
2025-04-04 09:22:59,825 - Trading System - INFO - Trading Bot is alive: True
2025-04-04 09:22:59,826 - Trading System - INFO - Monitor Bot is alive: True
2025-04-04 09:22:59,827 - Trading System - INFO - Improvement Bot is alive: True
2025-04-04 09:23:00,069 - Quantum Trading Bot - INFO - Starting trading cycle
2025-04-04 09:23:00,070 - Quantum Trading Bot - INFO - Processing AAPL
2025-04-04 09:23:00,070 - Quantum Trading Bot - INFO - Mock halal compliance check for AAPL: COMPLIANT
2025-04-04 09:23:00,094 - Quantum Trading Bot - INFO - Quantum device error rate: 0.0444
2025-04-04 09:23:00,098 - Quantum Trading Bot - INFO - Quantum prediction for AAPL: 0.5350 (confidence: 0.7645)
2025-04-04 09:23:00,098 - Quantum Trading Bot - INFO - Trading signal for AAPL: 0.5350 (source: quantum)
2025-04-04 09:23:00,098 - Quantum Trading Bot - INFO - HOLD signal for AAPL (score: 0.5350, source: quantum)
2025-04-04 09:23:00,098 - Quantum Trading Bot - INFO - Processing MSFT
2025-04-04 09:23:00,098 - Quantum Trading Bot - INFO - Mock halal compliance check for MSFT: COMPLIANT
2025-04-04 09:23:00,112 - Quantum Trading Bot - INFO - Quantum device error rate: 0.0225
2025-04-04 09:23:00,115 - Quantum Trading Bot - INFO - Quantum prediction for MSFT: 0.4810 (confidence: 0.7820)
2025-04-04 09:23:00,115 - Quantum Trading Bot - INFO - Trading signal for MSFT: 0.4810 (source: quantum)
2025-04-04 09:23:00,115 - Quantum Trading Bot - INFO - HOLD signal for MSFT (score: 0.4810, source: quantum)
2025-04-04 09:23:00,115 - Quantum Trading Bot - INFO - Processing NVDA
2025-04-04 09:23:00,115 - Quantum Trading Bot - INFO - Mock halal compliance check for NVDA: COMPLIANT
2025-04-04 09:23:00,125 - Quantum Trading Bot - INFO - Quantum device error rate: 0.0321
2025-04-04 09:23:00,127 - Quantum Trading Bot - INFO - Quantum prediction for NVDA: 0.0600 (confidence: 0.9679)
2025-04-04 09:23:00,127 - Quantum Trading Bot - INFO - Trading signal for NVDA: 0.0600 (source: quantum)
2025-04-04 09:23:00,127 - Quantum Trading Bot - INFO - SELL signal for NVDA (score: 0.0600, source: quantum)
2025-04-04 09:23:00,128 - Quantum Trading Bot - WARNING - Cannot sell NVDA - no position
2025-04-04 09:23:00,133 - Quantum Trading Bot - INFO - Performance metrics saved: 40/72 winning trades
2025-04-04 09:23:00,133 - Quantum Trading Bot - INFO - Quantum prediction accuracy: 0.00
2025-04-04 09:23:00,133 - Quantum Trading Bot - INFO - Sleeping for 60 seconds
2025-04-04 09:23:59,837 - Trading System - INFO - Trading Bot is alive: True
2025-04-04 09:23:59,840 - Trading System - INFO - Monitor Bot is alive: True
2025-04-04 09:23:59,840 - Trading System - INFO - Improvement Bot is alive: True
2025-04-04 09:24:00,139 - Quantum Trading Bot - INFO - Starting trading cycle
2025-04-04 09:24:00,139 - Quantum Trading Bot - INFO - Processing AAPL
2025-04-04 09:24:00,139 - Quantum Trading Bot - INFO - Mock halal compliance check for AAPL: COMPLIANT
2025-04-04 09:24:00,165 - Quantum Trading Bot - INFO - Quantum device error rate: 0.0576
2025-04-04 09:24:00,177 - Quantum Trading Bot - INFO - Quantum prediction for AAPL: 0.5841 (confidence: 0.7539)
2025-04-04 09:24:00,177 - Quantum Trading Bot - INFO - Trading signal for AAPL: 0.5841 (source: quantum)
2025-04-04 09:24:00,177 - Quantum Trading Bot - INFO - HOLD signal for AAPL (score: 0.5841, source: quantum)
2025-04-04 09:24:00,177 - Quantum Trading Bot - INFO - Processing MSFT
2025-04-04 09:24:00,177 - Quantum Trading Bot - INFO - Mock halal compliance check for MSFT: COMPLIANT
2025-04-04 09:24:00,187 - Quantum Trading Bot - INFO - Quantum device error rate: 0.0264
2025-04-04 09:24:00,190 - Quantum Trading Bot - INFO - Quantum prediction for MSFT: 0.4090 (confidence: 0.7789)
2025-04-04 09:24:00,190 - Quantum Trading Bot - INFO - Trading signal for MSFT: 0.4090 (source: quantum)
2025-04-04 09:24:00,190 - Quantum Trading Bot - INFO - HOLD signal for MSFT (score: 0.4090, source: quantum)
2025-04-04 09:24:00,190 - Quantum Trading Bot - INFO - Processing NVDA
2025-04-04 09:24:00,190 - Quantum Trading Bot - INFO - Mock halal compliance check for NVDA: COMPLIANT
2025-04-04 09:24:00,198 - Quantum Trading Bot - INFO - Quantum device error rate: 0.0435
2025-04-04 09:24:00,200 - Quantum Trading Bot - INFO - Quantum prediction for NVDA: 0.6800 (confidence: 0.9565)
2025-04-04 09:24:00,200 - Quantum Trading Bot - INFO - Trading signal for NVDA: 0.6800 (source: quantum)
2025-04-04 09:24:00,200 - Quantum Trading Bot - INFO - HOLD signal for NVDA (score: 0.6800, source: quantum)
2025-04-04 09:24:00,206 - Quantum Trading Bot - INFO - Performance metrics saved: 40/72 winning trades
2025-04-04 09:24:00,206 - Quantum Trading Bot - INFO - Quantum prediction accuracy: 0.00
2025-04-04 09:24:00,206 - Quantum Trading Bot - INFO - Sleeping for 60 seconds
2025-04-04 09:24:59,843 - Trading System - INFO - Trading Bot is alive: True
2025-04-04 09:24:59,843 - Trading System - INFO - Monitor Bot is alive: True
2025-04-04 09:24:59,843 - Trading System - INFO - Improvement Bot is alive: True
2025-04-04 09:25:00,211 - Quantum Trading Bot - INFO - Starting trading cycle
2025-04-04 09:25:00,212 - Quantum Trading Bot - INFO - Processing AAPL
2025-04-04 09:25:00,212 - Quantum Trading Bot - INFO - Mock halal compliance check for AAPL: COMPLIANT
2025-04-04 09:25:00,238 - Quantum Trading Bot - INFO - Quantum device error rate: 0.0534
2025-04-04 09:25:00,251 - Quantum Trading Bot - INFO - Quantum prediction for AAPL: 0.7058 (confidence: 0.9466)
2025-04-04 09:25:00,251 - Quantum Trading Bot - INFO - Trading signal for AAPL: 0.7058 (source: quantum)
2025-04-04 09:25:00,251 - Quantum Trading Bot - INFO - HOLD signal for AAPL (score: 0.7058, source: quantum)
2025-04-04 09:25:00,251 - Quantum Trading Bot - INFO - Processing MSFT
2025-04-04 09:25:00,251 - Quantum Trading Bot - INFO - Mock halal compliance check for MSFT: COMPLIANT
2025-04-04 09:25:00,261 - Quantum Trading Bot - INFO - Quantum device error rate: 0.0159
2025-04-04 09:25:00,264 - Quantum Trading Bot - INFO - Quantum prediction for MSFT: 0.4700 (confidence: 0.7873)
2025-04-04 09:25:00,264 - Quantum Trading Bot - INFO - Trading signal for MSFT: 0.4700 (source: quantum)
2025-04-04 09:25:00,264 - Quantum Trading Bot - INFO - HOLD signal for MSFT (score: 0.4700, source: quantum)
2025-04-04 09:25:00,264 - Quantum Trading Bot - INFO - Processing NVDA
2025-04-04 09:25:00,264 - Quantum Trading Bot - INFO - Mock halal compliance check for NVDA: COMPLIANT
2025-04-04 09:25:00,272 - Quantum Trading Bot - INFO - Quantum device error rate: 0.0273
2025-04-04 09:25:00,274 - Quantum Trading Bot - INFO - Quantum prediction for NVDA: 0.4860 (confidence: 0.7782)
2025-04-04 09:25:00,274 - Quantum Trading Bot - INFO - Trading signal for NVDA: 0.4860 (source: quantum)
2025-04-04 09:25:00,274 - Quantum Trading Bot - INFO - HOLD signal for NVDA (score: 0.4860, source: quantum)
2025-04-04 09:25:00,280 - Quantum Trading Bot - INFO - Performance metrics saved: 40/72 winning trades
2025-04-04 09:25:00,280 - Quantum Trading Bot - INFO - Quantum prediction accuracy: 0.00
2025-04-04 09:25:00,280 - Quantum Trading Bot - INFO - Sleeping for 60 seconds
2025-04-04 09:25:59,847 - Trading System - INFO - Trading Bot is alive: True
2025-04-04 09:25:59,848 - Trading System - INFO - Monitor Bot is alive: True
2025-04-04 09:25:59,848 - Trading System - INFO - Improvement Bot is alive: True
2025-04-04 09:26:00,285 - Quantum Trading Bot - INFO - Starting trading cycle
2025-04-04 09:26:00,285 - Quantum Trading Bot - INFO - Processing AAPL
2025-04-04 09:26:00,285 - Quantum Trading Bot - INFO - Mock halal compliance check for AAPL: COMPLIANT
2025-04-04 09:26:00,309 - Quantum Trading Bot - INFO - Quantum device error rate: 0.0423
2025-04-04 09:26:00,313 - Quantum Trading Bot - INFO - Quantum prediction for AAPL: 0.2180 (confidence: 0.9577)
2025-04-04 09:26:00,313 - Quantum Trading Bot - INFO - Trading signal for AAPL: 0.2180 (source: quantum)
2025-04-04 09:26:00,313 - Quantum Trading Bot - INFO - SELL signal for AAPL (score: 0.2180, source: quantum)
2025-04-04 09:26:00,314 - Quantum Trading Bot - WARNING - Cannot sell AAPL - no position
2025-04-04 09:26:00,315 - Quantum Trading Bot - INFO - Processing MSFT
2025-04-04 09:26:00,315 - Quantum Trading Bot - INFO - Mock halal compliance check for MSFT: COMPLIANT
2025-04-04 09:26:00,326 - Quantum Trading Bot - INFO - Quantum device error rate: 0.0207
2025-04-04 09:26:00,329 - Quantum Trading Bot - INFO - Quantum prediction for MSFT: 0.7420 (confidence: 0.9793)
2025-04-04 09:26:00,329 - Quantum Trading Bot - INFO - Trading signal for MSFT: 0.7420 (source: quantum)
2025-04-04 09:26:00,329 - Quantum Trading Bot - INFO - HOLD signal for MSFT (score: 0.7420, source: quantum)
2025-04-04 09:26:00,329 - Quantum Trading Bot - INFO - Processing NVDA
2025-04-04 09:26:00,329 - Quantum Trading Bot - INFO - Mock halal compliance check for NVDA: COMPLIANT
2025-04-04 09:26:00,340 - Quantum Trading Bot - INFO - Quantum device error rate: 0.0540
2025-04-04 09:26:00,348 - Quantum Trading Bot - INFO - Quantum prediction for NVDA: 0.5040 (confidence: 0.7568)
2025-04-04 09:26:00,348 - Quantum Trading Bot - INFO - Trading signal for NVDA: 0.5040 (source: quantum)
2025-04-04 09:26:00,348 - Quantum Trading Bot - INFO - HOLD signal for NVDA (score: 0.5040, source: quantum)
2025-04-04 09:26:00,354 - Quantum Trading Bot - INFO - Performance metrics saved: 40/72 winning trades
2025-04-04 09:26:00,354 - Quantum Trading Bot - INFO - Quantum prediction accuracy: 0.00
2025-04-04 09:26:00,354 - Quantum Trading Bot - INFO - Sleeping for 60 seconds
2025-04-04 09:26:59,849 - Trading System - INFO - Trading Bot is alive: True
2025-04-04 09:26:59,850 - Trading System - INFO - Monitor Bot is alive: True
2025-04-04 09:26:59,851 - Trading System - INFO - Improvement Bot is alive: True
2025-04-04 09:27:00,359 - Quantum Trading Bot - INFO - Starting trading cycle
2025-04-04 09:27:00,359 - Quantum Trading Bot - INFO - Processing AAPL
2025-04-04 09:27:00,360 - Quantum Trading Bot - INFO - Mock halal compliance check for AAPL: COMPLIANT
2025-04-04 09:27:00,387 - Quantum Trading Bot - INFO - Quantum device error rate: 0.0492
2025-04-04 09:27:00,392 - Quantum Trading Bot - INFO - Quantum prediction for AAPL: 0.6760 (confidence: 0.9508)
2025-04-04 09:27:00,392 - Quantum Trading Bot - INFO - Trading signal for AAPL: 0.6760 (source: quantum)
2025-04-04 09:27:00,392 - Quantum Trading Bot - INFO - HOLD signal for AAPL (score: 0.6760, source: quantum)
2025-04-04 09:27:00,393 - Quantum Trading Bot - INFO - Processing MSFT
2025-04-04 09:27:00,393 - Quantum Trading Bot - INFO - Mock halal compliance check for MSFT: COMPLIANT
2025-04-04 09:27:00,404 - Quantum Trading Bot - INFO - Quantum device error rate: 0.0309
2025-04-04 09:27:00,406 - Quantum Trading Bot - INFO - Quantum prediction for MSFT: 0.3660 (confidence: 0.9691)
2025-04-04 09:27:00,407 - Quantum Trading Bot - INFO - Trading signal for MSFT: 0.3660 (source: quantum)
2025-04-04 09:27:00,407 - Quantum Trading Bot - INFO - HOLD signal for MSFT (score: 0.3660, source: quantum)
2025-04-04 09:27:00,407 - Quantum Trading Bot - INFO - Processing NVDA
2025-04-04 09:27:00,407 - Quantum Trading Bot - INFO - Mock halal compliance check for NVDA: COMPLIANT
2025-04-04 09:27:00,416 - Quantum Trading Bot - INFO - Quantum device error rate: 0.0363
2025-04-04 09:27:00,418 - Quantum Trading Bot - INFO - Quantum prediction for NVDA: 0.6620 (confidence: 0.9637)
2025-04-04 09:27:00,418 - Quantum Trading Bot - INFO - Trading signal for NVDA: 0.6620 (source: quantum)
2025-04-04 09:27:00,418 - Quantum Trading Bot - INFO - HOLD signal for NVDA (score: 0.6620, source: quantum)
2025-04-04 09:27:00,424 - Quantum Trading Bot - INFO - Performance metrics saved: 40/72 winning trades
2025-04-04 09:27:00,424 - Quantum Trading Bot - INFO - Quantum prediction accuracy: 0.00
2025-04-04 09:27:00,424 - Quantum Trading Bot - INFO - Sleeping for 60 seconds
2025-04-04 09:27:59,853 - Trading System - INFO - Trading Bot is alive: True
2025-04-04 09:27:59,855 - Trading System - INFO - Monitor Bot is alive: True
2025-04-04 09:27:59,855 - Trading System - INFO - Improvement Bot is alive: True
2025-04-04 09:28:00,429 - Quantum Trading Bot - INFO - Starting trading cycle
2025-04-04 09:28:00,430 - Quantum Trading Bot - INFO - Processing AAPL
2025-04-04 09:28:00,430 - Quantum Trading Bot - INFO - Mock halal compliance check for AAPL: COMPLIANT
2025-04-04 09:28:00,454 - Quantum Trading Bot - INFO - Quantum device error rate: 0.0297
2025-04-04 09:28:00,458 - Quantum Trading Bot - INFO - Quantum prediction for AAPL: 0.6540 (confidence: 0.9703)
2025-04-04 09:28:00,458 - Quantum Trading Bot - INFO - Trading signal for AAPL: 0.6540 (source: quantum)
2025-04-04 09:28:00,459 - Quantum Trading Bot - INFO - HOLD signal for AAPL (score: 0.6540, source: quantum)
2025-04-04 09:28:00,459 - Quantum Trading Bot - INFO - Processing MSFT
2025-04-04 09:28:00,459 - Quantum Trading Bot - INFO - Mock halal compliance check for MSFT: COMPLIANT
2025-04-04 09:28:00,471 - Quantum Trading Bot - INFO - Quantum device error rate: 0.0450
2025-04-04 09:28:00,473 - Quantum Trading Bot - INFO - Quantum prediction for MSFT: 0.3470 (confidence: 0.9550)
2025-04-04 09:28:00,473 - Quantum Trading Bot - INFO - Trading signal for MSFT: 0.3470 (source: quantum)
2025-04-04 09:28:00,473 - Quantum Trading Bot - INFO - HOLD signal for MSFT (score: 0.3470, source: quantum)
2025-04-04 09:28:00,474 - Quantum Trading Bot - INFO - Processing NVDA
2025-04-04 09:28:00,474 - Quantum Trading Bot - INFO - Mock halal compliance check for NVDA: COMPLIANT
2025-04-04 09:28:00,483 - Quantum Trading Bot - INFO - Quantum device error rate: 0.0396
2025-04-04 09:28:00,485 - Quantum Trading Bot - INFO - Quantum prediction for NVDA: 0.1340 (confidence: 0.9604)
2025-04-04 09:28:00,485 - Quantum Trading Bot - INFO - Trading signal for NVDA: 0.1340 (source: quantum)
2025-04-04 09:28:00,485 - Quantum Trading Bot - INFO - SELL signal for NVDA (score: 0.1340, source: quantum)
2025-04-04 09:28:00,486 - Quantum Trading Bot - WARNING - Cannot sell NVDA - no position
2025-04-04 09:28:00,491 - Quantum Trading Bot - INFO - Performance metrics saved: 40/72 winning trades
2025-04-04 09:28:00,491 - Quantum Trading Bot - INFO - Quantum prediction accuracy: 0.00
2025-04-04 09:28:00,492 - Quantum Trading Bot - INFO - Sleeping for 60 seconds
2025-04-04 09:28:59,860 - Trading System - INFO - Trading Bot is alive: True
2025-04-04 09:28:59,861 - Trading System - INFO - Monitor Bot is alive: True
2025-04-04 09:28:59,861 - Trading System - INFO - Improvement Bot is alive: True
2025-04-04 09:29:00,497 - Quantum Trading Bot - INFO - Starting trading cycle
2025-04-04 09:29:00,497 - Quantum Trading Bot - INFO - Processing AAPL
2025-04-04 09:29:00,497 - Quantum Trading Bot - INFO - Mock halal compliance check for AAPL: COMPLIANT
2025-04-04 09:29:00,518 - Quantum Trading Bot - INFO - Quantum device error rate: 0.0303
2025-04-04 09:29:00,522 - Quantum Trading Bot - INFO - Quantum prediction for AAPL: 0.6260 (confidence: 0.9697)
2025-04-04 09:29:00,522 - Quantum Trading Bot - INFO - Trading signal for AAPL: 0.6260 (source: quantum)
2025-04-04 09:29:00,522 - Quantum Trading Bot - INFO - HOLD signal for AAPL (score: 0.6260, source: quantum)
2025-04-04 09:29:00,522 - Quantum Trading Bot - INFO - Processing MSFT
2025-04-04 09:29:00,522 - Quantum Trading Bot - INFO - Mock halal compliance check for MSFT: COMPLIANT
2025-04-04 09:29:00,532 - Quantum Trading Bot - INFO - Quantum device error rate: 0.0291
2025-04-04 09:29:00,535 - Quantum Trading Bot - INFO - Quantum prediction for MSFT: 0.1700 (confidence: 0.9709)
2025-04-04 09:29:00,535 - Quantum Trading Bot - INFO - Trading signal for MSFT: 0.1700 (source: quantum)
2025-04-04 09:29:00,535 - Quantum Trading Bot - INFO - SELL signal for MSFT (score: 0.1700, source: quantum)
2025-04-04 09:29:00,535 - Quantum Trading Bot - WARNING - Cannot sell MSFT - no position
2025-04-04 09:29:00,536 - Quantum Trading Bot - INFO - Processing NVDA
2025-04-04 09:29:00,536 - Quantum Trading Bot - INFO - Mock halal compliance check for NVDA: COMPLIANT
2025-04-04 09:29:00,544 - Quantum Trading Bot - INFO - Quantum device error rate: 0.0390
2025-04-04 09:29:00,546 - Quantum Trading Bot - INFO - Quantum prediction for NVDA: 0.6940 (confidence: 0.9610)
2025-04-04 09:29:00,546 - Quantum Trading Bot - INFO - Trading signal for NVDA: 0.6940 (source: quantum)
2025-04-04 09:29:00,546 - Quantum Trading Bot - INFO - HOLD signal for NVDA (score: 0.6940, source: quantum)
2025-04-04 09:29:00,552 - Quantum Trading Bot - INFO - Performance metrics saved: 40/72 winning trades
2025-04-04 09:29:00,552 - Quantum Trading Bot - INFO - Quantum prediction accuracy: 0.00
2025-04-04 09:29:00,552 - Quantum Trading Bot - INFO - Sleeping for 60 seconds
2025-04-04 09:29:59,866 - Trading System - INFO - Trading Bot is alive: True
2025-04-04 09:29:59,867 - Trading System - INFO - Monitor Bot is alive: True
2025-04-04 09:29:59,867 - Trading System - INFO - Improvement Bot is alive: True
2025-04-04 09:30:00,557 - Quantum Trading Bot - INFO - Starting trading cycle
2025-04-04 09:30:00,557 - Quantum Trading Bot - INFO - Processing AAPL
2025-04-04 09:30:00,557 - Quantum Trading Bot - INFO - Mock halal compliance check for AAPL: COMPLIANT
2025-04-04 09:30:00,581 - Quantum Trading Bot - INFO - Quantum device error rate: 0.0669
2025-04-04 09:30:00,594 - Quantum Trading Bot - INFO - Quantum prediction for AAPL: 0.1663 (confidence: 0.9331)
2025-04-04 09:30:00,594 - Quantum Trading Bot - INFO - Trading signal for AAPL: 0.1663 (source: quantum)
2025-04-04 09:30:00,594 - Quantum Trading Bot - INFO - SELL signal for AAPL (score: 0.1663, source: quantum)
2025-04-04 09:30:00,595 - Quantum Trading Bot - WARNING - Cannot sell AAPL - no position
2025-04-04 09:30:00,595 - Quantum Trading Bot - INFO - Processing MSFT
2025-04-04 09:30:00,595 - Quantum Trading Bot - INFO - Mock halal compliance check for MSFT: COMPLIANT
2025-04-04 09:30:00,605 - Quantum Trading Bot - INFO - Quantum device error rate: 0.0240
2025-04-04 09:30:00,607 - Quantum Trading Bot - INFO - Quantum prediction for MSFT: 0.6490 (confidence: 0.9760)
2025-04-04 09:30:00,607 - Quantum Trading Bot - INFO - Trading signal for MSFT: 0.6490 (source: quantum)
2025-04-04 09:30:00,607 - Quantum Trading Bot - INFO - HOLD signal for MSFT (score: 0.6490, source: quantum)
2025-04-04 09:30:00,608 - Quantum Trading Bot - INFO - Processing NVDA
2025-04-04 09:30:00,608 - Quantum Trading Bot - INFO - Mock halal compliance check for NVDA: COMPLIANT
2025-04-04 09:30:00,616 - Quantum Trading Bot - INFO - Quantum device error rate: 0.0513
2025-04-04 09:30:00,623 - Quantum Trading Bot - INFO - Quantum prediction for NVDA: 0.6837 (confidence: 0.9487)
2025-04-04 09:30:00,623 - Quantum Trading Bot - INFO - Trading signal for NVDA: 0.6837 (source: quantum)
2025-04-04 09:30:00,623 - Quantum Trading Bot - INFO - HOLD signal for NVDA (score: 0.6837, source: quantum)
2025-04-04 09:30:00,629 - Quantum Trading Bot - INFO - Performance metrics saved: 40/72 winning trades
2025-04-04 09:30:00,629 - Quantum Trading Bot - INFO - Quantum prediction accuracy: 0.00
2025-04-04 09:30:00,629 - Quantum Trading Bot - INFO - Sleeping for 60 seconds
2025-04-04 09:30:59,870 - Trading System - INFO - Trading Bot is alive: True
2025-04-04 09:30:59,871 - Trading System - INFO - Monitor Bot is alive: True
2025-04-04 09:30:59,871 - Trading System - INFO - Improvement Bot is alive: True
2025-04-04 09:31:00,634 - Quantum Trading Bot - INFO - Starting trading cycle
2025-04-04 09:31:00,634 - Quantum Trading Bot - INFO - Processing AAPL
2025-04-04 09:31:00,635 - Quantum Trading Bot - INFO - Mock halal compliance check for AAPL: COMPLIANT
2025-04-04 09:31:00,658 - Quantum Trading Bot - INFO - Quantum device error rate: 0.0480
2025-04-04 09:31:00,663 - Quantum Trading Bot - INFO - Quantum prediction for AAPL: 0.8380 (confidence: 0.9520)
2025-04-04 09:31:00,663 - Quantum Trading Bot - INFO - Trading signal for AAPL: 0.8380 (source: quantum)
2025-04-04 09:31:00,663 - Quantum Trading Bot - INFO - HOLD signal for AAPL (score: 0.8380, source: quantum)
2025-04-04 09:31:00,663 - Quantum Trading Bot - INFO - Processing MSFT
2025-04-04 09:31:00,664 - Quantum Trading Bot - INFO - Mock halal compliance check for MSFT: COMPLIANT
2025-04-04 09:31:00,676 - Quantum Trading Bot - INFO - Quantum device error rate: 0.0354
2025-04-04 09:31:00,678 - Quantum Trading Bot - INFO - Quantum prediction for MSFT: 0.1140 (confidence: 0.9646)
2025-04-04 09:31:00,678 - Quantum Trading Bot - INFO - Trading signal for MSFT: 0.1140 (source: quantum)
2025-04-04 09:31:00,678 - Quantum Trading Bot - INFO - SELL signal for MSFT (score: 0.1140, source: quantum)
2025-04-04 09:31:00,679 - Quantum Trading Bot - WARNING - Cannot sell MSFT - no position
2025-04-04 09:31:00,680 - Quantum Trading Bot - INFO - Processing NVDA
2025-04-04 09:31:00,680 - Quantum Trading Bot - INFO - Mock halal compliance check for NVDA: COMPLIANT
2025-04-04 09:31:00,689 - Quantum Trading Bot - INFO - Quantum device error rate: 0.0405
2025-04-04 09:31:00,691 - Quantum Trading Bot - INFO - Quantum prediction for NVDA: 0.8600 (confidence: 0.9595)
2025-04-04 09:31:00,691 - Quantum Trading Bot - INFO - Trading signal for NVDA: 0.8600 (source: quantum)
2025-04-04 09:31:00,691 - Quantum Trading Bot - INFO - HOLD signal for NVDA (score: 0.8600, source: quantum)
2025-04-04 09:31:00,697 - Quantum Trading Bot - INFO - Performance metrics saved: 40/72 winning trades
2025-04-04 09:31:00,697 - Quantum Trading Bot - INFO - Quantum prediction accuracy: 0.00
2025-04-04 09:31:00,697 - Quantum Trading Bot - INFO - Sleeping for 60 seconds
2025-04-04 09:31:59,876 - Trading System - INFO - Trading Bot is alive: True
2025-04-04 09:31:59,877 - Trading System - INFO - Monitor Bot is alive: True
2025-04-04 09:31:59,877 - Trading System - INFO - Improvement Bot is alive: True
2025-04-04 09:32:00,702 - Quantum Trading Bot - INFO - Starting trading cycle
2025-04-04 09:32:00,704 - Quantum Trading Bot - INFO - Processing AAPL
2025-04-04 09:32:00,704 - Quantum Trading Bot - INFO - Mock halal compliance check for AAPL: COMPLIANT
2025-04-04 09:32:00,730 - Quantum Trading Bot - INFO - Quantum device error rate: 0.0243
2025-04-04 09:32:00,735 - Quantum Trading Bot - INFO - Quantum prediction for AAPL: 0.8300 (confidence: 0.9757)
2025-04-04 09:32:00,735 - Quantum Trading Bot - INFO - Trading signal for AAPL: 0.8300 (source: quantum)
2025-04-04 09:32:00,735 - Quantum Trading Bot - INFO - HOLD signal for AAPL (score: 0.8300, source: quantum)
2025-04-04 09:32:00,736 - Quantum Trading Bot - INFO - Processing MSFT
2025-04-04 09:32:00,736 - Quantum Trading Bot - INFO - Mock halal compliance check for MSFT: COMPLIANT
2025-04-04 09:32:00,747 - Quantum Trading Bot - INFO - Quantum device error rate: 0.0390
2025-04-04 09:32:00,749 - Quantum Trading Bot - INFO - Quantum prediction for MSFT: 0.2760 (confidence: 0.9610)
2025-04-04 09:32:00,750 - Quantum Trading Bot - INFO - Trading signal for MSFT: 0.2760 (source: quantum)
2025-04-04 09:32:00,750 - Quantum Trading Bot - INFO - SELL signal for MSFT (score: 0.2760, source: quantum)
2025-04-04 09:32:00,750 - Quantum Trading Bot - WARNING - Cannot sell MSFT - no position
2025-04-04 09:32:00,751 - Quantum Trading Bot - INFO - Processing NVDA
2025-04-04 09:32:00,751 - Quantum Trading Bot - INFO - Mock halal compliance check for NVDA: COMPLIANT
2025-04-04 09:32:00,760 - Quantum Trading Bot - INFO - Quantum device error rate: 0.0423
2025-04-04 09:32:00,762 - Quantum Trading Bot - INFO - Quantum prediction for NVDA: 0.3810 (confidence: 0.9577)
2025-04-04 09:32:00,762 - Quantum Trading Bot - INFO - Trading signal for NVDA: 0.3810 (source: quantum)
2025-04-04 09:32:00,762 - Quantum Trading Bot - INFO - HOLD signal for NVDA (score: 0.3810, source: quantum)
2025-04-04 09:32:00,768 - Quantum Trading Bot - INFO - Performance metrics saved: 40/72 winning trades
2025-04-04 09:32:00,768 - Quantum Trading Bot - INFO - Quantum prediction accuracy: 0.00
2025-04-04 09:32:00,768 - Quantum Trading Bot - INFO - Sleeping for 60 seconds
2025-04-04 09:32:59,880 - Trading System - INFO - Trading Bot is alive: True
2025-04-04 09:32:59,880 - Trading System - INFO - Monitor Bot is alive: True
2025-04-04 09:32:59,880 - Trading System - INFO - Improvement Bot is alive: True
2025-04-04 09:33:00,773 - Quantum Trading Bot - INFO - Starting trading cycle
2025-04-04 09:33:00,774 - Quantum Trading Bot - INFO - Processing AAPL
2025-04-04 09:33:00,774 - Quantum Trading Bot - INFO - Mock halal compliance check for AAPL: COMPLIANT
2025-04-04 09:33:00,799 - Quantum Trading Bot - INFO - Quantum device error rate: 0.0246
2025-04-04 09:33:00,803 - Quantum Trading Bot - INFO - Quantum prediction for AAPL: 0.4150 (confidence: 0.7803)
2025-04-04 09:33:00,803 - Quantum Trading Bot - INFO - Trading signal for AAPL: 0.4150 (source: quantum)
2025-04-04 09:33:00,803 - Quantum Trading Bot - INFO - HOLD signal for AAPL (score: 0.4150, source: quantum)
2025-04-04 09:33:00,804 - Quantum Trading Bot - INFO - Processing MSFT
2025-04-04 09:33:00,804 - Quantum Trading Bot - INFO - Mock halal compliance check for MSFT: COMPLIANT
2025-04-04 09:33:00,815 - Quantum Trading Bot - INFO - Quantum device error rate: 0.0345
2025-04-04 09:33:00,818 - Quantum Trading Bot - INFO - Quantum prediction for MSFT: 0.5240 (confidence: 0.7724)
2025-04-04 09:33:00,818 - Quantum Trading Bot - INFO - Trading signal for MSFT: 0.5240 (source: quantum)
2025-04-04 09:33:00,818 - Quantum Trading Bot - INFO - HOLD signal for MSFT (score: 0.5240, source: quantum)
2025-04-04 09:33:00,819 - Quantum Trading Bot - INFO - Processing NVDA
2025-04-04 09:33:00,819 - Quantum Trading Bot - INFO - Mock halal compliance check for NVDA: COMPLIANT
2025-04-04 09:33:00,828 - Quantum Trading Bot - INFO - Quantum device error rate: 0.0264
2025-04-04 09:33:00,830 - Quantum Trading Bot - INFO - Quantum prediction for NVDA: 0.7950 (confidence: 0.9736)
2025-04-04 09:33:00,830 - Quantum Trading Bot - INFO - Trading signal for NVDA: 0.7950 (source: quantum)
2025-04-04 09:33:00,830 - Quantum Trading Bot - INFO - HOLD signal for NVDA (score: 0.7950, source: quantum)
2025-04-04 09:33:00,836 - Quantum Trading Bot - INFO - Performance metrics saved: 40/72 winning trades
2025-04-04 09:33:00,836 - Quantum Trading Bot - INFO - Quantum prediction accuracy: 0.00
2025-04-04 09:33:00,836 - Quantum Trading Bot - INFO - Sleeping for 60 seconds
2025-04-04 09:33:59,883 - Trading System - INFO - Trading Bot is alive: True
2025-04-04 09:33:59,885 - Trading System - INFO - Monitor Bot is alive: True
2025-04-04 09:33:59,885 - Trading System - INFO - Improvement Bot is alive: True
2025-04-04 09:34:00,841 - Quantum Trading Bot - INFO - Starting trading cycle
2025-04-04 09:34:00,841 - Quantum Trading Bot - INFO - Processing AAPL
2025-04-04 09:34:00,841 - Quantum Trading Bot - INFO - Mock halal compliance check for AAPL: COMPLIANT
2025-04-04 09:34:00,865 - Quantum Trading Bot - INFO - Quantum device error rate: 0.0147
2025-04-04 09:34:00,870 - Quantum Trading Bot - INFO - Quantum prediction for AAPL: 0.5450 (confidence: 0.7882)
2025-04-04 09:34:00,870 - Quantum Trading Bot - INFO - Trading signal for AAPL: 0.5450 (source: quantum)
2025-04-04 09:34:00,870 - Quantum Trading Bot - INFO - HOLD signal for AAPL (score: 0.5450, source: quantum)
2025-04-04 09:34:00,871 - Quantum Trading Bot - INFO - Processing MSFT
2025-04-04 09:34:00,871 - Quantum Trading Bot - INFO - Mock halal compliance check for MSFT: COMPLIANT
2025-04-04 09:34:00,882 - Quantum Trading Bot - INFO - Quantum device error rate: 0.0417
2025-04-04 09:34:00,885 - Quantum Trading Bot - INFO - Quantum prediction for MSFT: 0.5640 (confidence: 0.7666)
2025-04-04 09:34:00,885 - Quantum Trading Bot - INFO - Trading signal for MSFT: 0.5640 (source: quantum)
2025-04-04 09:34:00,885 - Quantum Trading Bot - INFO - HOLD signal for MSFT (score: 0.5640, source: quantum)
2025-04-04 09:34:00,885 - Quantum Trading Bot - INFO - Processing NVDA
2025-04-04 09:34:00,885 - Quantum Trading Bot - INFO - Mock halal compliance check for NVDA: COMPLIANT
2025-04-04 09:34:00,895 - Quantum Trading Bot - INFO - Quantum device error rate: 0.0354
2025-04-04 09:34:00,897 - Quantum Trading Bot - INFO - Quantum prediction for NVDA: 0.4890 (confidence: 0.7717)
2025-04-04 09:34:00,897 - Quantum Trading Bot - INFO - Trading signal for NVDA: 0.4890 (source: quantum)
2025-04-04 09:34:00,897 - Quantum Trading Bot - INFO - HOLD signal for NVDA (score: 0.4890, source: quantum)
2025-04-04 09:34:00,903 - Quantum Trading Bot - INFO - Performance metrics saved: 40/72 winning trades
2025-04-04 09:34:00,903 - Quantum Trading Bot - INFO - Quantum prediction accuracy: 0.00
2025-04-04 09:34:00,903 - Quantum Trading Bot - INFO - Sleeping for 60 seconds
2025-04-04 09:34:59,888 - Trading System - INFO - Trading Bot is alive: True
2025-04-04 09:34:59,891 - Trading System - INFO - Monitor Bot is alive: True
2025-04-04 09:34:59,891 - Trading System - INFO - Improvement Bot is alive: True
2025-04-04 09:35:00,908 - Quantum Trading Bot - INFO - Starting trading cycle
2025-04-04 09:35:00,909 - Quantum Trading Bot - INFO - Processing AAPL
2025-04-04 09:35:00,909 - Quantum Trading Bot - INFO - Mock halal compliance check for AAPL: COMPLIANT
2025-04-04 09:35:00,941 - Quantum Trading Bot - INFO - Quantum device error rate: 0.0276
2025-04-04 09:35:00,950 - Quantum Trading Bot - INFO - Quantum prediction for AAPL: 0.7040 (confidence: 0.9724)
2025-04-04 09:35:00,950 - Quantum Trading Bot - INFO - Trading signal for AAPL: 0.7040 (source: quantum)
2025-04-04 09:35:00,950 - Quantum Trading Bot - INFO - HOLD signal for AAPL (score: 0.7040, source: quantum)
2025-04-04 09:35:00,951 - Quantum Trading Bot - INFO - Processing MSFT
2025-04-04 09:35:00,951 - Quantum Trading Bot - INFO - Mock halal compliance check for MSFT: COMPLIANT
2025-04-04 09:35:00,962 - Quantum Trading Bot - INFO - Quantum device error rate: 0.0552
2025-04-04 09:35:00,971 - Quantum Trading Bot - INFO - Quantum prediction for MSFT: 0.2133 (confidence: 0.9448)
2025-04-04 09:35:00,971 - Quantum Trading Bot - INFO - Trading signal for MSFT: 0.2133 (source: quantum)
2025-04-04 09:35:00,971 - Quantum Trading Bot - INFO - SELL signal for MSFT (score: 0.2133, source: quantum)
2025-04-04 09:35:00,972 - Quantum Trading Bot - WARNING - Cannot sell MSFT - no position
2025-04-04 09:35:00,972 - Quantum Trading Bot - INFO - Processing NVDA
2025-04-04 09:35:00,972 - Quantum Trading Bot - INFO - Mock halal compliance check for NVDA: COMPLIANT
2025-04-04 09:35:00,981 - Quantum Trading Bot - INFO - Quantum device error rate: 0.0627
2025-04-04 09:35:00,988 - Quantum Trading Bot - INFO - Quantum prediction for NVDA: 0.3232 (confidence: 0.9373)
2025-04-04 09:35:00,988 - Quantum Trading Bot - INFO - Trading signal for NVDA: 0.3232 (source: quantum)
2025-04-04 09:35:00,988 - Quantum Trading Bot - INFO - HOLD signal for NVDA (score: 0.3232, source: quantum)
2025-04-04 09:35:00,994 - Quantum Trading Bot - INFO - Performance metrics saved: 40/72 winning trades
2025-04-04 09:35:00,994 - Quantum Trading Bot - INFO - Quantum prediction accuracy: 0.00
2025-04-04 09:35:00,994 - Quantum Trading Bot - INFO - Sleeping for 60 seconds
2025-04-04 09:35:59,895 - Trading System - INFO - Trading Bot is alive: True
2025-04-04 09:35:59,896 - Trading System - INFO - Monitor Bot is alive: True
2025-04-04 09:35:59,896 - Trading System - INFO - Improvement Bot is alive: True
2025-04-04 09:36:00,995 - Quantum Trading Bot - INFO - Starting trading cycle
2025-04-04 09:36:00,995 - Quantum Trading Bot - INFO - Processing AAPL
2025-04-04 09:36:00,995 - Quantum Trading Bot - INFO - Mock halal compliance check for AAPL: COMPLIANT
2025-04-04 09:36:01,022 - Quantum Trading Bot - INFO - Quantum device error rate: 0.0375
2025-04-04 09:36:01,027 - Quantum Trading Bot - INFO - Quantum prediction for AAPL: 0.7080 (confidence: 0.9625)
2025-04-04 09:36:01,027 - Quantum Trading Bot - INFO - Trading signal for AAPL: 0.7080 (source: quantum)
2025-04-04 09:36:01,027 - Quantum Trading Bot - INFO - HOLD signal for AAPL (score: 0.7080, source: quantum)
2025-04-04 09:36:01,028 - Quantum Trading Bot - INFO - Processing MSFT
2025-04-04 09:36:01,028 - Quantum Trading Bot - INFO - Mock halal compliance check for MSFT: COMPLIANT
2025-04-04 09:36:01,040 - Quantum Trading Bot - INFO - Quantum device error rate: 0.0486
2025-04-04 09:36:01,042 - Quantum Trading Bot - INFO - Quantum prediction for MSFT: 0.4540 (confidence: 0.7611)
2025-04-04 09:36:01,042 - Quantum Trading Bot - INFO - Trading signal for MSFT: 0.4540 (source: quantum)
2025-04-04 09:36:01,042 - Quantum Trading Bot - INFO - HOLD signal for MSFT (score: 0.4540, source: quantum)
2025-04-04 09:36:01,043 - Quantum Trading Bot - INFO - Processing NVDA
2025-04-04 09:36:01,043 - Quantum Trading Bot - INFO - Mock halal compliance check for NVDA: COMPLIANT
2025-04-04 09:36:01,052 - Quantum Trading Bot - INFO - Quantum device error rate: 0.0246
2025-04-04 09:36:01,054 - Quantum Trading Bot - INFO - Quantum prediction for NVDA: 0.5560 (confidence: 0.7803)
2025-04-04 09:36:01,054 - Quantum Trading Bot - INFO - Trading signal for NVDA: 0.5560 (source: quantum)
2025-04-04 09:36:01,054 - Quantum Trading Bot - INFO - HOLD signal for NVDA (score: 0.5560, source: quantum)
2025-04-04 09:36:01,060 - Quantum Trading Bot - INFO - Performance metrics saved: 40/72 winning trades
2025-04-04 09:36:01,060 - Quantum Trading Bot - INFO - Quantum prediction accuracy: 0.00
2025-04-04 09:36:01,060 - Quantum Trading Bot - INFO - Sleeping for 60 seconds
2025-04-04 09:36:59,900 - Trading System - INFO - Trading Bot is alive: True
2025-04-04 09:36:59,901 - Trading System - INFO - Monitor Bot is alive: True
2025-04-04 09:36:59,902 - Trading System - INFO - Improvement Bot is alive: True
2025-04-04 09:37:01,065 - Quantum Trading Bot - INFO - Starting trading cycle
2025-04-04 09:37:01,066 - Quantum Trading Bot - INFO - Processing AAPL
2025-04-04 09:37:01,066 - Quantum Trading Bot - INFO - Mock halal compliance check for AAPL: COMPLIANT
2025-04-04 09:37:01,093 - Quantum Trading Bot - INFO - Quantum device error rate: 0.0435
2025-04-04 09:37:01,098 - Quantum Trading Bot - INFO - Quantum prediction for AAPL: 0.2390 (confidence: 0.9565)
2025-04-04 09:37:01,098 - Quantum Trading Bot - INFO - Trading signal for AAPL: 0.2390 (source: quantum)
2025-04-04 09:37:01,098 - Quantum Trading Bot - INFO - SELL signal for AAPL (score: 0.2390, source: quantum)
2025-04-04 09:37:01,099 - Quantum Trading Bot - WARNING - Cannot sell AAPL - no position
2025-04-04 09:37:01,100 - Quantum Trading Bot - INFO - Processing MSFT
2025-04-04 09:37:01,100 - Quantum Trading Bot - INFO - Mock halal compliance check for MSFT: COMPLIANT
2025-04-04 09:37:01,111 - Quantum Trading Bot - INFO - Quantum device error rate: 0.0570
2025-04-04 09:37:01,119 - Quantum Trading Bot - INFO - Quantum prediction for MSFT: 0.3759 (confidence: 0.9430)
2025-04-04 09:37:01,120 - Quantum Trading Bot - INFO - Trading signal for MSFT: 0.3759 (source: quantum)
2025-04-04 09:37:01,120 - Quantum Trading Bot - INFO - HOLD signal for MSFT (score: 0.3759, source: quantum)
2025-04-04 09:37:01,120 - Quantum Trading Bot - INFO - Processing NVDA
2025-04-04 09:37:01,120 - Quantum Trading Bot - INFO - Mock halal compliance check for NVDA: COMPLIANT
2025-04-04 09:37:01,128 - Quantum Trading Bot - INFO - Quantum device error rate: 0.0498
2025-04-04 09:37:01,130 - Quantum Trading Bot - INFO - Quantum prediction for NVDA: 0.5550 (confidence: 0.7602)
2025-04-04 09:37:01,130 - Quantum Trading Bot - INFO - Trading signal for NVDA: 0.5550 (source: quantum)
2025-04-04 09:37:01,130 - Quantum Trading Bot - INFO - HOLD signal for NVDA (score: 0.5550, source: quantum)
2025-04-04 09:37:01,136 - Quantum Trading Bot - INFO - Performance metrics saved: 40/72 winning trades
2025-04-04 09:37:01,136 - Quantum Trading Bot - INFO - Quantum prediction accuracy: 0.00
2025-04-04 09:37:01,136 - Quantum Trading Bot - INFO - Sleeping for 60 seconds
2025-04-04 09:37:59,903 - Trading System - INFO - Trading Bot is alive: True
2025-04-04 09:37:59,905 - Trading System - INFO - Monitor Bot is alive: True
2025-04-04 09:37:59,905 - Trading System - INFO - Improvement Bot is alive: True
2025-04-04 09:38:01,142 - Quantum Trading Bot - INFO - Starting trading cycle
2025-04-04 09:38:01,145 - Quantum Trading Bot - INFO - Processing AAPL
2025-04-04 09:38:01,145 - Quantum Trading Bot - INFO - Mock halal compliance check for AAPL: COMPLIANT
2025-04-04 09:38:01,169 - Quantum Trading Bot - INFO - Quantum device error rate: 0.0321
2025-04-04 09:38:01,175 - Quantum Trading Bot - INFO - Quantum prediction for AAPL: 0.3020 (confidence: 0.9679)
2025-04-04 09:38:01,175 - Quantum Trading Bot - INFO - Trading signal for AAPL: 0.3020 (source: quantum)
2025-04-04 09:38:01,175 - Quantum Trading Bot - INFO - HOLD signal for AAPL (score: 0.3020, source: quantum)
2025-04-04 09:38:01,176 - Quantum Trading Bot - INFO - Processing MSFT
2025-04-04 09:38:01,176 - Quantum Trading Bot - INFO - Mock halal compliance check for MSFT: COMPLIANT
2025-04-04 09:38:01,187 - Quantum Trading Bot - INFO - Quantum device error rate: 0.0504
2025-04-04 09:38:01,196 - Quantum Trading Bot - INFO - Quantum prediction for MSFT: 0.1978 (confidence: 0.9496)
2025-04-04 09:38:01,196 - Quantum Trading Bot - INFO - Trading signal for MSFT: 0.1978 (source: quantum)
2025-04-04 09:38:01,196 - Quantum Trading Bot - INFO - SELL signal for MSFT (score: 0.1978, source: quantum)
2025-04-04 09:38:01,197 - Quantum Trading Bot - WARNING - Cannot sell MSFT - no position
2025-04-04 09:38:01,197 - Quantum Trading Bot - INFO - Processing NVDA
2025-04-04 09:38:01,197 - Quantum Trading Bot - INFO - Mock halal compliance check for NVDA: COMPLIANT
2025-04-04 09:38:01,206 - Quantum Trading Bot - INFO - Quantum device error rate: 0.0471
2025-04-04 09:38:01,208 - Quantum Trading Bot - INFO - Quantum prediction for NVDA: 0.2150 (confidence: 0.9529)
2025-04-04 09:38:01,208 - Quantum Trading Bot - INFO - Trading signal for NVDA: 0.2150 (source: quantum)
2025-04-04 09:38:01,208 - Quantum Trading Bot - INFO - SELL signal for NVDA (score: 0.2150, source: quantum)
2025-04-04 09:38:01,208 - Quantum Trading Bot - WARNING - Cannot sell NVDA - no position
2025-04-04 09:38:01,214 - Quantum Trading Bot - INFO - Performance metrics saved: 40/72 winning trades
2025-04-04 09:38:01,214 - Quantum Trading Bot - INFO - Quantum prediction accuracy: 0.00
2025-04-04 09:38:01,226 - Quantum Trading Bot - INFO - Quantum device error rate: 0.0342
2025-04-04 09:38:01,228 - Quantum Trading Bot - INFO - Quantum portfolio optimization complete: {'AAPL': np.float64(0.3346801346801347), 'MSFT': np.float64(0.32861952861952864), 'NVDA': np.float64(0.3367003367003367)}
2025-04-04 09:38:01,228 - Quantum Trading Bot - INFO - Optimal portfolio weights: {'AAPL': np.float64(0.3346801346801347), 'MSFT': np.float64(0.32861952861952864), 'NVDA': np.float64(0.3367003367003367)}
2025-04-04 09:38:01,228 - Quantum Trading Bot - INFO - Sleeping for 60 seconds
2025-04-04 09:38:59,907 - Trading System - INFO - Trading Bot is alive: True
2025-04-04 09:38:59,909 - Trading System - INFO - Monitor Bot is alive: True
2025-04-04 09:38:59,909 - Trading System - INFO - Improvement Bot is alive: True
2025-04-04 09:39:01,233 - Quantum Trading Bot - INFO - Starting trading cycle
2025-04-04 09:39:01,234 - Quantum Trading Bot - INFO - Processing AAPL
2025-04-04 09:39:01,234 - Quantum Trading Bot - INFO - Mock halal compliance check for AAPL: COMPLIANT
2025-04-04 09:39:01,258 - Quantum Trading Bot - INFO - Quantum device error rate: 0.0246
2025-04-04 09:39:01,263 - Quantum Trading Bot - INFO - Quantum prediction for AAPL: 0.3920 (confidence: 0.9754)
2025-04-04 09:39:01,263 - Quantum Trading Bot - INFO - Trading signal for AAPL: 0.3920 (source: quantum)
2025-04-04 09:39:01,263 - Quantum Trading Bot - INFO - HOLD signal for AAPL (score: 0.3920, source: quantum)
2025-04-04 09:39:01,264 - Quantum Trading Bot - INFO - Processing MSFT
2025-04-04 09:39:01,264 - Quantum Trading Bot - INFO - Mock halal compliance check for MSFT: COMPLIANT
2025-04-04 09:39:01,275 - Quantum Trading Bot - INFO - Quantum device error rate: 0.0363
2025-04-04 09:39:01,278 - Quantum Trading Bot - INFO - Quantum prediction for MSFT: 0.5860 (confidence: 0.7710)
2025-04-04 09:39:01,278 - Quantum Trading Bot - INFO - Trading signal for MSFT: 0.5860 (source: quantum)
2025-04-04 09:39:01,278 - Quantum Trading Bot - INFO - HOLD signal for MSFT (score: 0.5860, source: quantum)
2025-04-04 09:39:01,278 - Quantum Trading Bot - INFO - Processing NVDA
2025-04-04 09:39:01,278 - Quantum Trading Bot - INFO - Mock halal compliance check for NVDA: COMPLIANT
2025-04-04 09:39:01,287 - Quantum Trading Bot - INFO - Quantum device error rate: 0.0294
2025-04-04 09:39:01,290 - Quantum Trading Bot - INFO - Quantum prediction for NVDA: 0.3880 (confidence: 0.9706)
2025-04-04 09:39:01,290 - Quantum Trading Bot - INFO - Trading signal for NVDA: 0.3880 (source: quantum)
2025-04-04 09:39:01,290 - Quantum Trading Bot - INFO - HOLD signal for NVDA (score: 0.3880, source: quantum)
2025-04-04 09:39:01,296 - Quantum Trading Bot - INFO - Performance metrics saved: 40/72 winning trades
2025-04-04 09:39:01,296 - Quantum Trading Bot - INFO - Quantum prediction accuracy: 0.00
2025-04-04 09:39:01,296 - Quantum Trading Bot - INFO - Sleeping for 60 seconds
2025-04-04 09:39:59,914 - Trading System - INFO - Trading Bot is alive: True
2025-04-04 09:39:59,914 - Trading System - INFO - Monitor Bot is alive: True
2025-04-04 09:39:59,914 - Trading System - INFO - Improvement Bot is alive: True
2025-04-04 09:40:01,301 - Quantum Trading Bot - INFO - Starting trading cycle
2025-04-04 09:40:01,301 - Quantum Trading Bot - INFO - Processing AAPL
2025-04-04 09:40:01,301 - Quantum Trading Bot - INFO - Mock halal compliance check for AAPL: COMPLIANT
2025-04-04 09:40:01,328 - Quantum Trading Bot - INFO - Quantum device error rate: 0.0405
2025-04-04 09:40:01,332 - Quantum Trading Bot - INFO - Quantum prediction for AAPL: 0.5760 (confidence: 0.7676)
2025-04-04 09:40:01,332 - Quantum Trading Bot - INFO - Trading signal for AAPL: 0.5760 (source: quantum)
2025-04-04 09:40:01,333 - Quantum Trading Bot - INFO - HOLD signal for AAPL (score: 0.5760, source: quantum)
2025-04-04 09:40:01,333 - Quantum Trading Bot - INFO - Processing MSFT
2025-04-04 09:40:01,333 - Quantum Trading Bot - INFO - Mock halal compliance check for MSFT: COMPLIANT
2025-04-04 09:40:01,345 - Quantum Trading Bot - INFO - Quantum device error rate: 0.0498
2025-04-04 09:40:01,348 - Quantum Trading Bot - INFO - Quantum prediction for MSFT: 0.6250 (confidence: 0.9502)
2025-04-04 09:40:01,348 - Quantum Trading Bot - INFO - Trading signal for MSFT: 0.6250 (source: quantum)
2025-04-04 09:40:01,348 - Quantum Trading Bot - INFO - HOLD signal for MSFT (score: 0.6250, source: quantum)
2025-04-04 09:40:01,348 - Quantum Trading Bot - INFO - Processing NVDA
2025-04-04 09:40:01,348 - Quantum Trading Bot - INFO - Mock halal compliance check for NVDA: COMPLIANT
2025-04-04 09:40:01,357 - Quantum Trading Bot - INFO - Quantum device error rate: 0.0522
2025-04-04 09:40:01,365 - Quantum Trading Bot - INFO - Quantum prediction for NVDA: 0.3370 (confidence: 0.9478)
2025-04-04 09:40:01,365 - Quantum Trading Bot - INFO - Trading signal for NVDA: 0.3370 (source: quantum)
2025-04-04 09:40:01,365 - Quantum Trading Bot - INFO - HOLD signal for NVDA (score: 0.3370, source: quantum)
2025-04-04 09:40:01,371 - Quantum Trading Bot - INFO - Performance metrics saved: 40/72 winning trades
2025-04-04 09:40:01,371 - Quantum Trading Bot - INFO - Quantum prediction accuracy: 0.00
2025-04-04 09:40:01,371 - Quantum Trading Bot - INFO - Sleeping for 60 seconds
2025-04-04 09:40:59,920 - Trading System - INFO - Trading Bot is alive: True
2025-04-04 09:40:59,920 - Trading System - INFO - Monitor Bot is alive: True
2025-04-04 09:40:59,920 - Trading System - INFO - Improvement Bot is alive: True
2025-04-04 09:41:01,376 - Quantum Trading Bot - INFO - Starting trading cycle
2025-04-04 09:41:01,377 - Quantum Trading Bot - INFO - Processing AAPL
2025-04-04 09:41:01,377 - Quantum Trading Bot - INFO - Mock halal compliance check for AAPL: COMPLIANT
2025-04-04 09:41:01,399 - Quantum Trading Bot - INFO - Quantum device error rate: 0.0342
2025-04-04 09:41:01,404 - Quantum Trading Bot - INFO - Quantum prediction for AAPL: 0.3330 (confidence: 0.9658)
2025-04-04 09:41:01,404 - Quantum Trading Bot - INFO - Trading signal for AAPL: 0.3330 (source: quantum)
2025-04-04 09:41:01,404 - Quantum Trading Bot - INFO - HOLD signal for AAPL (score: 0.3330, source: quantum)
2025-04-04 09:41:01,405 - Quantum Trading Bot - INFO - Processing MSFT
2025-04-04 09:41:01,405 - Quantum Trading Bot - INFO - Mock halal compliance check for MSFT: COMPLIANT
2025-04-04 09:41:01,416 - Quantum Trading Bot - INFO - Quantum device error rate: 0.0450
2025-04-04 09:41:01,418 - Quantum Trading Bot - INFO - Quantum prediction for MSFT: 0.1770 (confidence: 0.9550)
2025-04-04 09:41:01,418 - Quantum Trading Bot - INFO - Trading signal for MSFT: 0.1770 (source: quantum)
2025-04-04 09:41:01,418 - Quantum Trading Bot - INFO - SELL signal for MSFT (score: 0.1770, source: quantum)
2025-04-04 09:41:01,419 - Quantum Trading Bot - WARNING - Cannot sell MSFT - no position
2025-04-04 09:41:01,419 - Quantum Trading Bot - INFO - Processing NVDA
2025-04-04 09:41:01,420 - Quantum Trading Bot - INFO - Mock halal compliance check for NVDA: COMPLIANT
2025-04-04 09:41:01,428 - Quantum Trading Bot - INFO - Quantum device error rate: 0.0375
2025-04-04 09:41:01,430 - Quantum Trading Bot - INFO - Quantum prediction for NVDA: 0.1360 (confidence: 0.9625)
2025-04-04 09:41:01,430 - Quantum Trading Bot - INFO - Trading signal for NVDA: 0.1360 (source: quantum)
2025-04-04 09:41:01,430 - Quantum Trading Bot - INFO - SELL signal for NVDA (score: 0.1360, source: quantum)
2025-04-04 09:41:01,431 - Quantum Trading Bot - WARNING - Cannot sell NVDA - no position
2025-04-04 09:41:01,437 - Quantum Trading Bot - INFO - Performance metrics saved: 40/72 winning trades
2025-04-04 09:41:01,437 - Quantum Trading Bot - INFO - Quantum prediction accuracy: 0.00
2025-04-04 09:41:01,437 - Quantum Trading Bot - INFO - Sleeping for 60 seconds
2025-04-04 09:41:59,925 - Trading System - INFO - Trading Bot is alive: True
2025-04-04 09:41:59,927 - Trading System - INFO - Monitor Bot is alive: True
2025-04-04 09:41:59,927 - Trading System - INFO - Improvement Bot is alive: True
2025-04-04 09:42:01,442 - Quantum Trading Bot - INFO - Starting trading cycle
2025-04-04 09:42:01,443 - Quantum Trading Bot - INFO - Processing AAPL
2025-04-04 09:42:01,443 - Quantum Trading Bot - INFO - Mock halal compliance check for AAPL: COMPLIANT
2025-04-04 09:42:01,468 - Quantum Trading Bot - INFO - Quantum device error rate: 0.0360
2025-04-04 09:42:01,472 - Quantum Trading Bot - INFO - Quantum prediction for AAPL: 0.6550 (confidence: 0.9640)
2025-04-04 09:42:01,472 - Quantum Trading Bot - INFO - Trading signal for AAPL: 0.6550 (source: quantum)
2025-04-04 09:42:01,472 - Quantum Trading Bot - INFO - HOLD signal for AAPL (score: 0.6550, source: quantum)
2025-04-04 09:42:01,473 - Quantum Trading Bot - INFO - Processing MSFT
2025-04-04 09:42:01,473 - Quantum Trading Bot - INFO - Mock halal compliance check for MSFT: COMPLIANT
2025-04-04 09:42:01,484 - Quantum Trading Bot - INFO - Quantum device error rate: 0.0288
2025-04-04 09:42:01,487 - Quantum Trading Bot - INFO - Quantum prediction for MSFT: 0.5510 (confidence: 0.7770)
2025-04-04 09:42:01,487 - Quantum Trading Bot - INFO - Trading signal for MSFT: 0.5510 (source: quantum)
2025-04-04 09:42:01,487 - Quantum Trading Bot - INFO - HOLD signal for MSFT (score: 0.5510, source: quantum)
2025-04-04 09:42:01,488 - Quantum Trading Bot - INFO - Processing NVDA
2025-04-04 09:42:01,488 - Quantum Trading Bot - INFO - Mock halal compliance check for NVDA: COMPLIANT
2025-04-04 09:42:01,497 - Quantum Trading Bot - INFO - Quantum device error rate: 0.0330
2025-04-04 09:42:01,499 - Quantum Trading Bot - INFO - Quantum prediction for NVDA: 0.6560 (confidence: 0.9670)
2025-04-04 09:42:01,499 - Quantum Trading Bot - INFO - Trading signal for NVDA: 0.6560 (source: quantum)
2025-04-04 09:42:01,499 - Quantum Trading Bot - INFO - HOLD signal for NVDA (score: 0.6560, source: quantum)
2025-04-04 09:42:01,505 - Quantum Trading Bot - INFO - Performance metrics saved: 40/72 winning trades
2025-04-04 09:42:01,505 - Quantum Trading Bot - INFO - Quantum prediction accuracy: 0.00
2025-04-04 09:42:01,505 - Quantum Trading Bot - INFO - Sleeping for 60 seconds
2025-04-04 09:42:59,931 - Trading System - INFO - Trading Bot is alive: True
2025-04-04 09:42:59,932 - Trading System - INFO - Monitor Bot is alive: True
2025-04-04 09:42:59,932 - Trading System - INFO - Improvement Bot is alive: True
2025-04-04 09:43:01,511 - Quantum Trading Bot - INFO - Starting trading cycle
2025-04-04 09:43:01,513 - Quantum Trading Bot - INFO - Processing AAPL
2025-04-04 09:43:01,513 - Quantum Trading Bot - INFO - Mock halal compliance check for AAPL: COMPLIANT
2025-04-04 09:43:01,532 - Quantum Trading Bot - INFO - Quantum device error rate: 0.0210
2025-04-04 09:43:01,536 - Quantum Trading Bot - INFO - Quantum prediction for AAPL: 0.4770 (confidence: 0.7832)
2025-04-04 09:43:01,536 - Quantum Trading Bot - INFO - Trading signal for AAPL: 0.4770 (source: quantum)
2025-04-04 09:43:01,536 - Quantum Trading Bot - INFO - HOLD signal for AAPL (score: 0.4770, source: quantum)
2025-04-04 09:43:01,537 - Quantum Trading Bot - INFO - Processing MSFT
2025-04-04 09:43:01,537 - Quantum Trading Bot - INFO - Mock halal compliance check for MSFT: COMPLIANT
2025-04-04 09:43:01,547 - Quantum Trading Bot - INFO - Quantum device error rate: 0.0432
2025-04-04 09:43:01,550 - Quantum Trading Bot - INFO - Quantum prediction for MSFT: 0.8930 (confidence: 0.9568)
2025-04-04 09:43:01,550 - Quantum Trading Bot - INFO - Trading signal for MSFT: 0.8930 (source: quantum)
2025-04-04 09:43:01,550 - Quantum Trading Bot - INFO - HOLD signal for MSFT (score: 0.8930, source: quantum)
2025-04-04 09:43:01,551 - Quantum Trading Bot - INFO - Processing NVDA
2025-04-04 09:43:01,551 - Quantum Trading Bot - INFO - Mock halal compliance check for NVDA: COMPLIANT
2025-04-04 09:43:01,560 - Quantum Trading Bot - INFO - Quantum device error rate: 0.0324
2025-04-04 09:43:01,562 - Quantum Trading Bot - INFO - Quantum prediction for NVDA: 0.3970 (confidence: 0.9676)
2025-04-04 09:43:01,563 - Quantum Trading Bot - INFO - Trading signal for NVDA: 0.3970 (source: quantum)
2025-04-04 09:43:01,563 - Quantum Trading Bot - INFO - HOLD signal for NVDA (score: 0.3970, source: quantum)
2025-04-04 09:43:01,569 - Quantum Trading Bot - INFO - Performance metrics saved: 40/72 winning trades
2025-04-04 09:43:01,569 - Quantum Trading Bot - INFO - Quantum prediction accuracy: 0.00
2025-04-04 09:43:01,569 - Quantum Trading Bot - INFO - Sleeping for 60 seconds
2025-04-04 09:43:59,950 - Trading System - INFO - Trading Bot is alive: True
2025-04-04 09:43:59,952 - Trading System - INFO - Monitor Bot is alive: True
2025-04-04 09:43:59,952 - Trading System - INFO - Improvement Bot is alive: True
2025-04-04 09:44:01,587 - Quantum Trading Bot - INFO - Starting trading cycle
2025-04-04 09:44:01,588 - Quantum Trading Bot - INFO - Processing AAPL
2025-04-04 09:44:01,588 - Quantum Trading Bot - INFO - Mock halal compliance check for AAPL: COMPLIANT
2025-04-04 09:44:01,608 - Quantum Trading Bot - INFO - Quantum device error rate: 0.0339
2025-04-04 09:44:01,613 - Quantum Trading Bot - INFO - Quantum prediction for AAPL: 0.9230 (confidence: 0.9661)
2025-04-04 09:44:01,613 - Quantum Trading Bot - INFO - Trading signal for AAPL: 0.9230 (source: quantum)
2025-04-04 09:44:01,613 - Quantum Trading Bot - INFO - HOLD signal for AAPL (score: 0.9230, source: quantum)
2025-04-04 09:44:01,613 - Quantum Trading Bot - INFO - Processing MSFT
2025-04-04 09:44:01,614 - Quantum Trading Bot - INFO - Mock halal compliance check for MSFT: COMPLIANT
2025-04-04 09:44:01,623 - Quantum Trading Bot - INFO - Quantum device error rate: 0.0330
2025-04-04 09:44:01,626 - Quantum Trading Bot - INFO - Quantum prediction for MSFT: 0.9600 (confidence: 0.9670)
2025-04-04 09:44:01,626 - Quantum Trading Bot - INFO - Trading signal for MSFT: 0.9600 (source: quantum)
2025-04-04 09:44:01,626 - Quantum Trading Bot - INFO - HOLD signal for MSFT (score: 0.9600, source: quantum)
2025-04-04 09:44:01,626 - Quantum Trading Bot - INFO - Processing NVDA
2025-04-04 09:44:01,626 - Quantum Trading Bot - INFO - Mock halal compliance check for NVDA: COMPLIANT
2025-04-04 09:44:01,635 - Quantum Trading Bot - INFO - Quantum device error rate: 0.0276
2025-04-04 09:44:01,637 - Quantum Trading Bot - INFO - Quantum prediction for NVDA: 0.4840 (confidence: 0.7779)
2025-04-04 09:44:01,637 - Quantum Trading Bot - INFO - Trading signal for NVDA: 0.4840 (source: quantum)
2025-04-04 09:44:01,637 - Quantum Trading Bot - INFO - HOLD signal for NVDA (score: 0.4840, source: quantum)
2025-04-04 09:44:01,643 - Quantum Trading Bot - INFO - Performance metrics saved: 40/72 winning trades
2025-04-04 09:44:01,643 - Quantum Trading Bot - INFO - Quantum prediction accuracy: 0.00
2025-04-04 09:44:01,644 - Quantum Trading Bot - INFO - Sleeping for 60 seconds
2025-04-04 09:44:59,964 - Trading System - INFO - Trading Bot is alive: True
2025-04-04 09:44:59,965 - Trading System - INFO - Monitor Bot is alive: True
2025-04-04 09:44:59,966 - Trading System - INFO - Improvement Bot is alive: True
2025-04-04 09:45:01,655 - Quantum Trading Bot - INFO - Starting trading cycle
2025-04-04 09:45:01,656 - Quantum Trading Bot - INFO - Processing AAPL
2025-04-04 09:45:01,656 - Quantum Trading Bot - INFO - Mock halal compliance check for AAPL: COMPLIANT
2025-04-04 09:45:01,676 - Quantum Trading Bot - INFO - Quantum device error rate: 0.0423
2025-04-04 09:45:01,680 - Quantum Trading Bot - INFO - Quantum prediction for AAPL: 0.9740 (confidence: 0.9577)
2025-04-04 09:45:01,681 - Quantum Trading Bot - INFO - Trading signal for AAPL: 0.9740 (source: quantum)
2025-04-04 09:45:01,681 - Quantum Trading Bot - INFO - HOLD signal for AAPL (score: 0.9740, source: quantum)
2025-04-04 09:45:01,681 - Quantum Trading Bot - INFO - Processing MSFT
2025-04-04 09:45:01,681 - Quantum Trading Bot - INFO - Mock halal compliance check for MSFT: COMPLIANT
2025-04-04 09:45:01,692 - Quantum Trading Bot - INFO - Quantum device error rate: 0.0537
2025-04-04 09:45:01,701 - Quantum Trading Bot - INFO - Quantum prediction for MSFT: 0.5148 (confidence: 0.7570)
2025-04-04 09:45:01,701 - Quantum Trading Bot - INFO - Trading signal for MSFT: 0.5148 (source: quantum)
2025-04-04 09:45:01,701 - Quantum Trading Bot - INFO - HOLD signal for MSFT (score: 0.5148, source: quantum)
2025-04-04 09:45:01,702 - Quantum Trading Bot - INFO - Processing NVDA
2025-04-04 09:45:01,702 - Quantum Trading Bot - INFO - Mock halal compliance check for NVDA: COMPLIANT
2025-04-04 09:45:01,710 - Quantum Trading Bot - INFO - Quantum device error rate: 0.0339
2025-04-04 09:45:01,712 - Quantum Trading Bot - INFO - Quantum prediction for NVDA: 0.5670 (confidence: 0.7729)
2025-04-04 09:45:01,712 - Quantum Trading Bot - INFO - Trading signal for NVDA: 0.5670 (source: quantum)
2025-04-04 09:45:01,712 - Quantum Trading Bot - INFO - HOLD signal for NVDA (score: 0.5670, source: quantum)
2025-04-04 09:45:01,718 - Quantum Trading Bot - INFO - Performance metrics saved: 40/72 winning trades
2025-04-04 09:45:01,718 - Quantum Trading Bot - INFO - Quantum prediction accuracy: 0.00
2025-04-04 09:45:01,718 - Quantum Trading Bot - INFO - Sleeping for 60 seconds
2025-04-04 09:45:59,972 - Trading System - INFO - Trading Bot is alive: True
2025-04-04 09:45:59,974 - Trading System - INFO - Monitor Bot is alive: True
2025-04-04 09:45:59,974 - Trading System - INFO - Improvement Bot is alive: True
2025-04-04 09:46:01,729 - Quantum Trading Bot - INFO - Starting trading cycle
2025-04-04 09:46:01,729 - Quantum Trading Bot - INFO - Processing AAPL
2025-04-04 09:46:01,729 - Quantum Trading Bot - INFO - Mock halal compliance check for AAPL: COMPLIANT
2025-04-04 09:46:01,754 - Quantum Trading Bot - INFO - Quantum device error rate: 0.0555
2025-04-04 09:46:01,767 - Quantum Trading Bot - INFO - Quantum prediction for AAPL: 0.9571 (confidence: 0.9445)
2025-04-04 09:46:01,767 - Quantum Trading Bot - INFO - Trading signal for AAPL: 0.9571 (source: quantum)
2025-04-04 09:46:01,767 - Quantum Trading Bot - INFO - HOLD signal for AAPL (score: 0.9571, source: quantum)
2025-04-04 09:46:01,768 - Quantum Trading Bot - INFO - Processing MSFT
2025-04-04 09:46:01,768 - Quantum Trading Bot - INFO - Mock halal compliance check for MSFT: COMPLIANT
2025-04-04 09:46:01,779 - Quantum Trading Bot - INFO - Quantum device error rate: 0.0378
2025-04-04 09:46:01,781 - Quantum Trading Bot - INFO - Quantum prediction for MSFT: 0.3450 (confidence: 0.9622)
2025-04-04 09:46:01,781 - Quantum Trading Bot - INFO - Trading signal for MSFT: 0.3450 (source: quantum)
2025-04-04 09:46:01,781 - Quantum Trading Bot - INFO - HOLD signal for MSFT (score: 0.3450, source: quantum)
2025-04-04 09:46:01,782 - Quantum Trading Bot - INFO - Processing NVDA
2025-04-04 09:46:01,782 - Quantum Trading Bot - INFO - Mock halal compliance check for NVDA: COMPLIANT
2025-04-04 09:46:01,790 - Quantum Trading Bot - INFO - Quantum device error rate: 0.0387
2025-04-04 09:46:01,793 - Quantum Trading Bot - INFO - Quantum prediction for NVDA: 0.4450 (confidence: 0.7690)
2025-04-04 09:46:01,793 - Quantum Trading Bot - INFO - Trading signal for NVDA: 0.4450 (source: quantum)
2025-04-04 09:46:01,793 - Quantum Trading Bot - INFO - HOLD signal for NVDA (score: 0.4450, source: quantum)
2025-04-04 09:46:01,799 - Quantum Trading Bot - INFO - Performance metrics saved: 40/72 winning trades
2025-04-04 09:46:01,799 - Quantum Trading Bot - INFO - Quantum prediction accuracy: 0.00
2025-04-04 09:46:01,799 - Quantum Trading Bot - INFO - Sleeping for 60 seconds
2025-04-04 09:46:59,980 - Trading System - INFO - Trading Bot is alive: True
2025-04-04 09:46:59,982 - Trading System - INFO - Monitor Bot is alive: True
2025-04-04 09:46:59,982 - Trading System - INFO - Improvement Bot is alive: True
2025-04-04 09:47:01,805 - Quantum Trading Bot - INFO - Starting trading cycle
2025-04-04 09:47:01,805 - Quantum Trading Bot - INFO - Processing AAPL
2025-04-04 09:47:01,806 - Quantum Trading Bot - INFO - Mock halal compliance check for AAPL: COMPLIANT
2025-04-04 09:47:01,831 - Quantum Trading Bot - INFO - Quantum device error rate: 0.0450
2025-04-04 09:47:01,838 - Quantum Trading Bot - INFO - Quantum prediction for AAPL: 0.3460 (confidence: 0.9550)
2025-04-04 09:47:01,838 - Quantum Trading Bot - INFO - Trading signal for AAPL: 0.3460 (source: quantum)
2025-04-04 09:47:01,838 - Quantum Trading Bot - INFO - HOLD signal for AAPL (score: 0.3460, source: quantum)
2025-04-04 09:47:01,840 - Quantum Trading Bot - INFO - Processing MSFT
2025-04-04 09:47:01,840 - Quantum Trading Bot - INFO - Mock halal compliance check for MSFT: COMPLIANT
2025-04-04 09:47:01,851 - Quantum Trading Bot - INFO - Quantum device error rate: 0.0360
2025-04-04 09:47:01,854 - Quantum Trading Bot - INFO - Quantum prediction for MSFT: 0.5530 (confidence: 0.7712)
2025-04-04 09:47:01,854 - Quantum Trading Bot - INFO - Trading signal for MSFT: 0.5530 (source: quantum)
2025-04-04 09:47:01,854 - Quantum Trading Bot - INFO - HOLD signal for MSFT (score: 0.5530, source: quantum)
2025-04-04 09:47:01,854 - Quantum Trading Bot - INFO - Processing NVDA
2025-04-04 09:47:01,854 - Quantum Trading Bot - INFO - Mock halal compliance check for NVDA: COMPLIANT
2025-04-04 09:47:01,863 - Quantum Trading Bot - INFO - Quantum device error rate: 0.0195
2025-04-04 09:47:01,866 - Quantum Trading Bot - INFO - Quantum prediction for NVDA: 0.8280 (confidence: 0.9805)
2025-04-04 09:47:01,866 - Quantum Trading Bot - INFO - Trading signal for NVDA: 0.8280 (source: quantum)
2025-04-04 09:47:01,866 - Quantum Trading Bot - INFO - HOLD signal for NVDA (score: 0.8280, source: quantum)
2025-04-04 09:47:01,873 - Quantum Trading Bot - INFO - Performance metrics saved: 40/72 winning trades
2025-04-04 09:47:01,873 - Quantum Trading Bot - INFO - Quantum prediction accuracy: 0.00
2025-04-04 09:47:01,873 - Quantum Trading Bot - INFO - Sleeping for 60 seconds
2025-04-04 09:47:59,986 - Trading System - INFO - Trading Bot is alive: True
2025-04-04 09:47:59,989 - Trading System - INFO - Monitor Bot is alive: True
2025-04-04 09:47:59,989 - Trading System - INFO - Improvement Bot is alive: True
2025-04-04 09:48:01,878 - Quantum Trading Bot - INFO - Starting trading cycle
2025-04-04 09:48:01,879 - Quantum Trading Bot - INFO - Processing AAPL
2025-04-04 09:48:01,879 - Quantum Trading Bot - INFO - Mock halal compliance check for AAPL: COMPLIANT
2025-04-04 09:48:01,904 - Quantum Trading Bot - INFO - Quantum device error rate: 0.0303
2025-04-04 09:48:01,910 - Quantum Trading Bot - INFO - Quantum prediction for AAPL: 0.5370 (confidence: 0.7758)
2025-04-04 09:48:01,910 - Quantum Trading Bot - INFO - Trading signal for AAPL: 0.5370 (source: quantum)
2025-04-04 09:48:01,910 - Quantum Trading Bot - INFO - HOLD signal for AAPL (score: 0.5370, source: quantum)
2025-04-04 09:48:01,911 - Quantum Trading Bot - INFO - Processing MSFT
2025-04-04 09:48:01,911 - Quantum Trading Bot - INFO - Mock halal compliance check for MSFT: COMPLIANT
2025-04-04 09:48:01,922 - Quantum Trading Bot - INFO - Quantum device error rate: 0.0297
2025-04-04 09:48:01,925 - Quantum Trading Bot - INFO - Quantum prediction for MSFT: 0.5560 (confidence: 0.7762)
2025-04-04 09:48:01,925 - Quantum Trading Bot - INFO - Trading signal for MSFT: 0.5560 (source: quantum)
2025-04-04 09:48:01,925 - Quantum Trading Bot - INFO - HOLD signal for MSFT (score: 0.5560, source: quantum)
2025-04-04 09:48:01,925 - Quantum Trading Bot - INFO - Processing NVDA
2025-04-04 09:48:01,925 - Quantum Trading Bot - INFO - Mock halal compliance check for NVDA: COMPLIANT
2025-04-04 09:48:01,934 - Quantum Trading Bot - INFO - Quantum device error rate: 0.0378
2025-04-04 09:48:01,936 - Quantum Trading Bot - INFO - Quantum prediction for NVDA: 0.4690 (confidence: 0.7698)
2025-04-04 09:48:01,936 - Quantum Trading Bot - INFO - Trading signal for NVDA: 0.4690 (source: quantum)
2025-04-04 09:48:01,937 - Quantum Trading Bot - INFO - HOLD signal for NVDA (score: 0.4690, source: quantum)
2025-04-04 09:48:01,943 - Quantum Trading Bot - INFO - Performance metrics saved: 40/72 winning trades
2025-04-04 09:48:01,943 - Quantum Trading Bot - INFO - Quantum prediction accuracy: 0.00
2025-04-04 09:48:01,943 - Quantum Trading Bot - INFO - Sleeping for 60 seconds
2025-04-04 09:48:59,994 - Trading System - INFO - Trading Bot is alive: True
2025-04-04 09:48:59,995 - Trading System - INFO - Monitor Bot is alive: True
2025-04-04 09:48:59,995 - Trading System - INFO - Improvement Bot is alive: True
2025-04-04 09:49:01,949 - Quantum Trading Bot - INFO - Starting trading cycle
2025-04-04 09:49:01,949 - Quantum Trading Bot - INFO - Processing AAPL
2025-04-04 09:49:01,949 - Quantum Trading Bot - INFO - Mock halal compliance check for AAPL: COMPLIANT
2025-04-04 09:49:01,969 - Quantum Trading Bot - INFO - Quantum device error rate: 0.0369
2025-04-04 09:49:01,973 - Quantum Trading Bot - INFO - Quantum prediction for AAPL: 0.5600 (confidence: 0.7705)
2025-04-04 09:49:01,974 - Quantum Trading Bot - INFO - Trading signal for AAPL: 0.5600 (source: quantum)
2025-04-04 09:49:01,974 - Quantum Trading Bot - INFO - HOLD signal for AAPL (score: 0.5600, source: quantum)
2025-04-04 09:49:01,974 - Quantum Trading Bot - INFO - Processing MSFT
2025-04-04 09:49:01,974 - Quantum Trading Bot - INFO - Mock halal compliance check for MSFT: COMPLIANT
2025-04-04 09:49:01,985 - Quantum Trading Bot - INFO - Quantum device error rate: 0.0303
2025-04-04 09:49:01,987 - Quantum Trading Bot - INFO - Quantum prediction for MSFT: 0.4770 (confidence: 0.7758)
2025-04-04 09:49:01,987 - Quantum Trading Bot - INFO - Trading signal for MSFT: 0.4770 (source: quantum)
2025-04-04 09:49:01,987 - Quantum Trading Bot - INFO - HOLD signal for MSFT (score: 0.4770, source: quantum)
2025-04-04 09:49:01,988 - Quantum Trading Bot - INFO - Processing NVDA
2025-04-04 09:49:01,988 - Quantum Trading Bot - INFO - Mock halal compliance check for NVDA: COMPLIANT
2025-04-04 09:49:01,996 - Quantum Trading Bot - INFO - Quantum device error rate: 0.0345
2025-04-04 09:49:01,999 - Quantum Trading Bot - INFO - Quantum prediction for NVDA: 0.1390 (confidence: 0.9655)
2025-04-04 09:49:01,999 - Quantum Trading Bot - INFO - Trading signal for NVDA: 0.1390 (source: quantum)
2025-04-04 09:49:01,999 - Quantum Trading Bot - INFO - SELL signal for NVDA (score: 0.1390, source: quantum)
2025-04-04 09:49:02,000 - Quantum Trading Bot - WARNING - Cannot sell NVDA - no position
2025-04-04 09:49:02,006 - Quantum Trading Bot - INFO - Performance metrics saved: 40/72 winning trades
2025-04-04 09:49:02,006 - Quantum Trading Bot - INFO - Quantum prediction accuracy: 0.00
2025-04-04 09:49:02,006 - Quantum Trading Bot - INFO - Sleeping for 60 seconds
2025-04-04 09:50:00,000 - Trading System - INFO - Trading Bot is alive: True
2025-04-04 09:50:00,000 - Trading System - INFO - Monitor Bot is alive: True
2025-04-04 09:50:00,001 - Trading System - INFO - Improvement Bot is alive: True
2025-04-04 09:50:02,009 - Quantum Trading Bot - INFO - Starting trading cycle
2025-04-04 09:50:02,009 - Quantum Trading Bot - INFO - Processing AAPL
2025-04-04 09:50:02,009 - Quantum Trading Bot - INFO - Mock halal compliance check for AAPL: COMPLIANT
2025-04-04 09:50:02,020 - Quantum Trading Bot - INFO - Quantum device error rate: 0.0372
2025-04-04 09:50:02,024 - Quantum Trading Bot - INFO - Quantum prediction for AAPL: 0.8630 (confidence: 0.9628)
2025-04-04 09:50:02,024 - Quantum Trading Bot - INFO - Trading signal for AAPL: 0.8630 (source: quantum)
2025-04-04 09:50:02,024 - Quantum Trading Bot - INFO - HOLD signal for AAPL (score: 0.8630, source: quantum)
2025-04-04 09:50:02,025 - Quantum Trading Bot - INFO - Processing MSFT
2025-04-04 09:50:02,025 - Quantum Trading Bot - INFO - Mock halal compliance check for MSFT: COMPLIANT
2025-04-04 09:50:02,039 - Quantum Trading Bot - INFO - Quantum device error rate: 0.0381
2025-04-04 09:50:02,042 - Quantum Trading Bot - INFO - Quantum prediction for MSFT: 0.5140 (confidence: 0.7695)
2025-04-04 09:50:02,042 - Quantum Trading Bot - INFO - Trading signal for MSFT: 0.5140 (source: quantum)
2025-04-04 09:50:02,042 - Quantum Trading Bot - INFO - HOLD signal for MSFT (score: 0.5140, source: quantum)
2025-04-04 09:50:02,043 - Quantum Trading Bot - INFO - Processing NVDA
2025-04-04 09:50:02,043 - Quantum Trading Bot - INFO - Mock halal compliance check for NVDA: COMPLIANT
2025-04-04 09:50:02,052 - Quantum Trading Bot - INFO - Quantum device error rate: 0.0288
2025-04-04 09:50:02,054 - Quantum Trading Bot - INFO - Quantum prediction for NVDA: 0.7750 (confidence: 0.9712)
2025-04-04 09:50:02,054 - Quantum Trading Bot - INFO - Trading signal for NVDA: 0.7750 (source: quantum)
2025-04-04 09:50:02,054 - Quantum Trading Bot - INFO - HOLD signal for NVDA (score: 0.7750, source: quantum)
2025-04-04 09:50:02,059 - Quantum Trading Bot - INFO - Performance metrics saved: 40/72 winning trades
2025-04-04 09:50:02,059 - Quantum Trading Bot - INFO - Quantum prediction accuracy: 0.00
2025-04-04 09:50:02,059 - Quantum Trading Bot - INFO - Sleeping for 60 seconds
2025-04-04 09:51:00,006 - Trading System - INFO - Trading Bot is alive: True
2025-04-04 09:51:00,008 - Trading System - INFO - Monitor Bot is alive: True
2025-04-04 09:51:00,008 - Trading System - INFO - Improvement Bot is alive: True
2025-04-04 09:51:02,063 - Quantum Trading Bot - INFO - Starting trading cycle
2025-04-04 09:51:02,064 - Quantum Trading Bot - INFO - Processing AAPL
2025-04-04 09:51:02,064 - Quantum Trading Bot - INFO - Mock halal compliance check for AAPL: COMPLIANT
2025-04-04 09:51:02,089 - Quantum Trading Bot - INFO - Quantum device error rate: 0.0375
2025-04-04 09:51:02,094 - Quantum Trading Bot - INFO - Quantum prediction for AAPL: 0.1950 (confidence: 0.9625)
2025-04-04 09:51:02,094 - Quantum Trading Bot - INFO - Trading signal for AAPL: 0.1950 (source: quantum)
2025-04-04 09:51:02,094 - Quantum Trading Bot - INFO - SELL signal for AAPL (score: 0.1950, source: quantum)
2025-04-04 09:51:02,095 - Quantum Trading Bot - WARNING - Cannot sell AAPL - no position
2025-04-04 09:51:02,097 - Quantum Trading Bot - INFO - Processing MSFT
2025-04-04 09:51:02,097 - Quantum Trading Bot - INFO - Mock halal compliance check for MSFT: COMPLIANT
2025-04-04 09:51:02,110 - Quantum Trading Bot - INFO - Quantum device error rate: 0.0315
2025-04-04 09:51:02,113 - Quantum Trading Bot - INFO - Quantum prediction for MSFT: 0.6470 (confidence: 0.9685)
2025-04-04 09:51:02,113 - Quantum Trading Bot - INFO - Trading signal for MSFT: 0.6470 (source: quantum)
2025-04-04 09:51:02,113 - Quantum Trading Bot - INFO - HOLD signal for MSFT (score: 0.6470, source: quantum)
2025-04-04 09:51:02,114 - Quantum Trading Bot - INFO - Processing NVDA
2025-04-04 09:51:02,114 - Quantum Trading Bot - INFO - Mock halal compliance check for NVDA: COMPLIANT
2025-04-04 09:51:02,123 - Quantum Trading Bot - INFO - Quantum device error rate: 0.0237
2025-04-04 09:51:02,126 - Quantum Trading Bot - INFO - Quantum prediction for NVDA: 0.5970 (confidence: 0.7810)
2025-04-04 09:51:02,126 - Quantum Trading Bot - INFO - Trading signal for NVDA: 0.5970 (source: quantum)
2025-04-04 09:51:02,126 - Quantum Trading Bot - INFO - HOLD signal for NVDA (score: 0.5970, source: quantum)
2025-04-04 09:51:02,132 - Quantum Trading Bot - INFO - Performance metrics saved: 40/72 winning trades
2025-04-04 09:51:02,132 - Quantum Trading Bot - INFO - Quantum prediction accuracy: 0.00
2025-04-04 09:51:02,132 - Quantum Trading Bot - INFO - Sleeping for 60 seconds
2025-04-04 09:52:00,010 - Trading System - INFO - Trading Bot is alive: True
2025-04-04 09:52:00,011 - Trading System - INFO - Monitor Bot is alive: True
2025-04-04 09:52:00,011 - Trading System - INFO - Improvement Bot is alive: True
2025-04-04 09:52:02,137 - Quantum Trading Bot - INFO - Starting trading cycle
2025-04-04 09:52:02,137 - Quantum Trading Bot - INFO - Processing AAPL
2025-04-04 09:52:02,137 - Quantum Trading Bot - INFO - Mock halal compliance check for AAPL: COMPLIANT
2025-04-04 09:52:02,163 - Quantum Trading Bot - INFO - Quantum device error rate: 0.0336
2025-04-04 09:52:02,168 - Quantum Trading Bot - INFO - Quantum prediction for AAPL: 0.5000 (confidence: 0.7731)
2025-04-04 09:52:02,168 - Quantum Trading Bot - INFO - Trading signal for AAPL: 0.5000 (source: quantum)
2025-04-04 09:52:02,168 - Quantum Trading Bot - INFO - HOLD signal for AAPL (score: 0.5000, source: quantum)
2025-04-04 09:52:02,169 - Quantum Trading Bot - INFO - Processing MSFT
2025-04-04 09:52:02,169 - Quantum Trading Bot - INFO - Mock halal compliance check for MSFT: COMPLIANT
2025-04-04 09:52:02,181 - Quantum Trading Bot - INFO - Quantum device error rate: 0.0264
2025-04-04 09:52:02,184 - Quantum Trading Bot - INFO - Quantum prediction for MSFT: 0.7580 (confidence: 0.9736)
2025-04-04 09:52:02,184 - Quantum Trading Bot - INFO - Trading signal for MSFT: 0.7580 (source: quantum)
2025-04-04 09:52:02,184 - Quantum Trading Bot - INFO - HOLD signal for MSFT (score: 0.7580, source: quantum)
2025-04-04 09:52:02,184 - Quantum Trading Bot - INFO - Processing NVDA
2025-04-04 09:52:02,184 - Quantum Trading Bot - INFO - Mock halal compliance check for NVDA: COMPLIANT
2025-04-04 09:52:02,194 - Quantum Trading Bot - INFO - Quantum device error rate: 0.0201
2025-04-04 09:52:02,196 - Quantum Trading Bot - INFO - Quantum prediction for NVDA: 0.6690 (confidence: 0.9799)
2025-04-04 09:52:02,196 - Quantum Trading Bot - INFO - Trading signal for NVDA: 0.6690 (source: quantum)
2025-04-04 09:52:02,196 - Quantum Trading Bot - INFO - HOLD signal for NVDA (score: 0.6690, source: quantum)
2025-04-04 09:52:02,202 - Quantum Trading Bot - INFO - Performance metrics saved: 40/72 winning trades
2025-04-04 09:52:02,202 - Quantum Trading Bot - INFO - Quantum prediction accuracy: 0.00
2025-04-04 09:52:02,202 - Quantum Trading Bot - INFO - Sleeping for 60 seconds
2025-04-04 09:53:00,016 - Trading System - INFO - Trading Bot is alive: True
2025-04-04 09:53:00,017 - Trading System - INFO - Monitor Bot is alive: True
2025-04-04 09:53:00,018 - Trading System - INFO - Improvement Bot is alive: True
2025-04-04 09:53:02,204 - Quantum Trading Bot - INFO - Starting trading cycle
2025-04-04 09:53:02,204 - Quantum Trading Bot - INFO - Processing AAPL
2025-04-04 09:53:02,204 - Quantum Trading Bot - INFO - Mock halal compliance check for AAPL: COMPLIANT
2025-04-04 09:53:02,222 - Quantum Trading Bot - INFO - Quantum device error rate: 0.0399
2025-04-04 09:53:02,227 - Quantum Trading Bot - INFO - Quantum prediction for AAPL: 0.4320 (confidence: 0.7681)
2025-04-04 09:53:02,227 - Quantum Trading Bot - INFO - Trading signal for AAPL: 0.4320 (source: quantum)
2025-04-04 09:53:02,227 - Quantum Trading Bot - INFO - HOLD signal for AAPL (score: 0.4320, source: quantum)
2025-04-04 09:53:02,228 - Quantum Trading Bot - INFO - Processing MSFT
2025-04-04 09:53:02,228 - Quantum Trading Bot - INFO - Mock halal compliance check for MSFT: COMPLIANT
2025-04-04 09:53:02,238 - Quantum Trading Bot - INFO - Quantum device error rate: 0.0258
2025-04-04 09:53:02,241 - Quantum Trading Bot - INFO - Quantum prediction for MSFT: 0.4250 (confidence: 0.7794)
2025-04-04 09:53:02,241 - Quantum Trading Bot - INFO - Trading signal for MSFT: 0.4250 (source: quantum)
2025-04-04 09:53:02,241 - Quantum Trading Bot - INFO - HOLD signal for MSFT (score: 0.4250, source: quantum)
2025-04-04 09:53:02,242 - Quantum Trading Bot - INFO - Processing NVDA
2025-04-04 09:53:02,242 - Quantum Trading Bot - INFO - Mock halal compliance check for NVDA: COMPLIANT
2025-04-04 09:53:02,250 - Quantum Trading Bot - INFO - Quantum device error rate: 0.0252
2025-04-04 09:53:02,253 - Quantum Trading Bot - INFO - Quantum prediction for NVDA: 0.3690 (confidence: 0.9748)
2025-04-04 09:53:02,253 - Quantum Trading Bot - INFO - Trading signal for NVDA: 0.3690 (source: quantum)
2025-04-04 09:53:02,253 - Quantum Trading Bot - INFO - HOLD signal for NVDA (score: 0.3690, source: quantum)
2025-04-04 09:53:02,260 - Quantum Trading Bot - INFO - Performance metrics saved: 40/72 winning trades
2025-04-04 09:53:02,260 - Quantum Trading Bot - INFO - Quantum prediction accuracy: 0.00
2025-04-04 09:53:02,260 - Quantum Trading Bot - INFO - Sleeping for 60 seconds
2025-04-04 09:54:00,021 - Trading System - INFO - Trading Bot is alive: True
2025-04-04 09:54:00,023 - Trading System - INFO - Monitor Bot is alive: True
2025-04-04 09:54:00,023 - Trading System - INFO - Improvement Bot is alive: True
2025-04-04 09:54:02,265 - Quantum Trading Bot - INFO - Starting trading cycle
2025-04-04 09:54:02,266 - Quantum Trading Bot - INFO - Processing AAPL
2025-04-04 09:54:02,266 - Quantum Trading Bot - INFO - Mock halal compliance check for AAPL: COMPLIANT
2025-04-04 09:54:02,293 - Quantum Trading Bot - INFO - Quantum device error rate: 0.0243
2025-04-04 09:54:02,297 - Quantum Trading Bot - INFO - Quantum prediction for AAPL: 0.3320 (confidence: 0.9757)
2025-04-04 09:54:02,297 - Quantum Trading Bot - INFO - Trading signal for AAPL: 0.3320 (source: quantum)
2025-04-04 09:54:02,298 - Quantum Trading Bot - INFO - HOLD signal for AAPL (score: 0.3320, source: quantum)
2025-04-04 09:54:02,299 - Quantum Trading Bot - INFO - Processing MSFT
2025-04-04 09:54:02,299 - Quantum Trading Bot - INFO - Mock halal compliance check for MSFT: COMPLIANT
2025-04-04 09:54:02,310 - Quantum Trading Bot - INFO - Quantum device error rate: 0.0432
2025-04-04 09:54:02,312 - Quantum Trading Bot - INFO - Quantum prediction for MSFT: 0.3240 (confidence: 0.9568)
2025-04-04 09:54:02,313 - Quantum Trading Bot - INFO - Trading signal for MSFT: 0.3240 (source: quantum)
2025-04-04 09:54:02,313 - Quantum Trading Bot - INFO - HOLD signal for MSFT (score: 0.3240, source: quantum)
2025-04-04 09:54:02,313 - Quantum Trading Bot - INFO - Processing NVDA
2025-04-04 09:54:02,313 - Quantum Trading Bot - INFO - Mock halal compliance check for NVDA: COMPLIANT
2025-04-04 09:54:02,322 - Quantum Trading Bot - INFO - Quantum device error rate: 0.0423
2025-04-04 09:54:02,324 - Quantum Trading Bot - INFO - Quantum prediction for NVDA: 0.6040 (confidence: 0.9577)
2025-04-04 09:54:02,324 - Quantum Trading Bot - INFO - Trading signal for NVDA: 0.6040 (source: quantum)
2025-04-04 09:54:02,325 - Quantum Trading Bot - INFO - HOLD signal for NVDA (score: 0.6040, source: quantum)
2025-04-04 09:54:02,331 - Quantum Trading Bot - INFO - Performance metrics saved: 40/72 winning trades
2025-04-04 09:54:02,331 - Quantum Trading Bot - INFO - Quantum prediction accuracy: 0.00
2025-04-04 09:54:02,331 - Quantum Trading Bot - INFO - Sleeping for 60 seconds
2025-04-04 09:55:00,026 - Trading System - INFO - Trading Bot is alive: True
2025-04-04 09:55:00,028 - Trading System - INFO - Monitor Bot is alive: True
2025-04-04 09:55:00,028 - Trading System - INFO - Improvement Bot is alive: True
2025-04-04 09:55:02,337 - Quantum Trading Bot - INFO - Starting trading cycle
2025-04-04 09:55:02,337 - Quantum Trading Bot - INFO - Processing AAPL
2025-04-04 09:55:02,337 - Quantum Trading Bot - INFO - Mock halal compliance check for AAPL: COMPLIANT
2025-04-04 09:55:02,364 - Quantum Trading Bot - INFO - Quantum device error rate: 0.0258
2025-04-04 09:55:02,369 - Quantum Trading Bot - INFO - Quantum prediction for AAPL: 0.2920 (confidence: 0.9742)
2025-04-04 09:55:02,369 - Quantum Trading Bot - INFO - Trading signal for AAPL: 0.2920 (source: quantum)
2025-04-04 09:55:02,369 - Quantum Trading Bot - INFO - SELL signal for AAPL (score: 0.2920, source: quantum)
2025-04-04 09:55:02,370 - Quantum Trading Bot - WARNING - Cannot sell AAPL - no position
2025-04-04 09:55:02,373 - Quantum Trading Bot - INFO - Processing MSFT
2025-04-04 09:55:02,373 - Quantum Trading Bot - INFO - Mock halal compliance check for MSFT: COMPLIANT
2025-04-04 09:55:02,384 - Quantum Trading Bot - INFO - Quantum device error rate: 0.0372
2025-04-04 09:55:02,391 - Quantum Trading Bot - INFO - Quantum prediction for MSFT: 0.3390 (confidence: 0.9628)
2025-04-04 09:55:02,391 - Quantum Trading Bot - INFO - Trading signal for MSFT: 0.3390 (source: quantum)
2025-04-04 09:55:02,391 - Quantum Trading Bot - INFO - HOLD signal for MSFT (score: 0.3390, source: quantum)
2025-04-04 09:55:02,392 - Quantum Trading Bot - INFO - Processing NVDA
2025-04-04 09:55:02,392 - Quantum Trading Bot - INFO - Mock halal compliance check for NVDA: COMPLIANT
2025-04-04 09:55:02,401 - Quantum Trading Bot - INFO - Quantum device error rate: 0.0516
2025-04-04 09:55:02,409 - Quantum Trading Bot - INFO - Quantum prediction for NVDA: 0.6745 (confidence: 0.9484)
2025-04-04 09:55:02,409 - Quantum Trading Bot - INFO - Trading signal for NVDA: 0.6745 (source: quantum)
2025-04-04 09:55:02,409 - Quantum Trading Bot - INFO - HOLD signal for NVDA (score: 0.6745, source: quantum)
2025-04-04 09:55:02,415 - Quantum Trading Bot - INFO - Performance metrics saved: 40/72 winning trades
2025-04-04 09:55:02,416 - Quantum Trading Bot - INFO - Quantum prediction accuracy: 0.00
2025-04-04 09:55:02,416 - Quantum Trading Bot - INFO - Sleeping for 60 seconds
2025-04-04 09:56:00,033 - Trading System - INFO - Trading Bot is alive: True
2025-04-04 09:56:00,034 - Trading System - INFO - Monitor Bot is alive: True
2025-04-04 09:56:00,037 - Trading System - INFO - Improvement Bot is alive: True
2025-04-04 09:56:02,417 - Quantum Trading Bot - INFO - Starting trading cycle
2025-04-04 09:56:02,417 - Quantum Trading Bot - INFO - Processing AAPL
2025-04-04 09:56:02,417 - Quantum Trading Bot - INFO - Mock halal compliance check for AAPL: COMPLIANT
2025-04-04 09:56:02,444 - Quantum Trading Bot - INFO - Quantum device error rate: 0.0390
2025-04-04 09:56:02,449 - Quantum Trading Bot - INFO - Quantum prediction for AAPL: 0.2490 (confidence: 0.9610)
2025-04-04 09:56:02,449 - Quantum Trading Bot - INFO - Trading signal for AAPL: 0.2490 (source: quantum)
2025-04-04 09:56:02,449 - Quantum Trading Bot - INFO - SELL signal for AAPL (score: 0.2490, source: quantum)
2025-04-04 09:56:02,450 - Quantum Trading Bot - WARNING - Cannot sell AAPL - no position
2025-04-04 09:56:02,451 - Quantum Trading Bot - INFO - Processing MSFT
2025-04-04 09:56:02,451 - Quantum Trading Bot - INFO - Mock halal compliance check for MSFT: COMPLIANT
2025-04-04 09:56:02,462 - Quantum Trading Bot - INFO - Quantum device error rate: 0.0357
2025-04-04 09:56:02,465 - Quantum Trading Bot - INFO - Quantum prediction for MSFT: 0.8280 (confidence: 0.9643)
2025-04-04 09:56:02,465 - Quantum Trading Bot - INFO - Trading signal for MSFT: 0.8280 (source: quantum)
2025-04-04 09:56:02,465 - Quantum Trading Bot - INFO - HOLD signal for MSFT (score: 0.8280, source: quantum)
2025-04-04 09:56:02,465 - Quantum Trading Bot - INFO - Processing NVDA
2025-04-04 09:56:02,465 - Quantum Trading Bot - INFO - Mock halal compliance check for NVDA: COMPLIANT
2025-04-04 09:56:02,474 - Quantum Trading Bot - INFO - Quantum device error rate: 0.0360
2025-04-04 09:56:02,476 - Quantum Trading Bot - INFO - Quantum prediction for NVDA: 0.3200 (confidence: 0.9640)
2025-04-04 09:56:02,476 - Quantum Trading Bot - INFO - Trading signal for NVDA: 0.3200 (source: quantum)
2025-04-04 09:56:02,476 - Quantum Trading Bot - INFO - HOLD signal for NVDA (score: 0.3200, source: quantum)
2025-04-04 09:56:02,483 - Quantum Trading Bot - INFO - Performance metrics saved: 40/72 winning trades
2025-04-04 09:56:02,483 - Quantum Trading Bot - INFO - Quantum prediction accuracy: 0.00
2025-04-04 09:56:02,483 - Quantum Trading Bot - INFO - Sleeping for 60 seconds
2025-04-04 09:57:00,042 - Trading System - INFO - Trading Bot is alive: True
2025-04-04 09:57:00,043 - Trading System - INFO - Monitor Bot is alive: True
2025-04-04 09:57:00,043 - Trading System - INFO - Improvement Bot is alive: True
2025-04-04 09:57:02,489 - Quantum Trading Bot - INFO - Starting trading cycle
2025-04-04 09:57:02,489 - Quantum Trading Bot - INFO - Processing AAPL
2025-04-04 09:57:02,489 - Quantum Trading Bot - INFO - Mock halal compliance check for AAPL: COMPLIANT
2025-04-04 09:57:02,518 - Quantum Trading Bot - INFO - Quantum device error rate: 0.0366
2025-04-04 09:57:02,522 - Quantum Trading Bot - INFO - Quantum prediction for AAPL: 0.7440 (confidence: 0.9634)
2025-04-04 09:57:02,523 - Quantum Trading Bot - INFO - Trading signal for AAPL: 0.7440 (source: quantum)
2025-04-04 09:57:02,523 - Quantum Trading Bot - INFO - HOLD signal for AAPL (score: 0.7440, source: quantum)
2025-04-04 09:57:02,524 - Quantum Trading Bot - INFO - Processing MSFT
2025-04-04 09:57:02,524 - Quantum Trading Bot - INFO - Mock halal compliance check for MSFT: COMPLIANT
2025-04-04 09:57:02,535 - Quantum Trading Bot - INFO - Quantum device error rate: 0.0183
2025-04-04 09:57:02,537 - Quantum Trading Bot - INFO - Quantum prediction for MSFT: 0.3140 (confidence: 0.9817)
2025-04-04 09:57:02,537 - Quantum Trading Bot - INFO - Trading signal for MSFT: 0.3140 (source: quantum)
2025-04-04 09:57:02,537 - Quantum Trading Bot - INFO - HOLD signal for MSFT (score: 0.3140, source: quantum)
2025-04-04 09:57:02,538 - Quantum Trading Bot - INFO - Processing NVDA
2025-04-04 09:57:02,538 - Quantum Trading Bot - INFO - Mock halal compliance check for NVDA: COMPLIANT
2025-04-04 09:57:02,547 - Quantum Trading Bot - INFO - Quantum device error rate: 0.0414
2025-04-04 09:57:02,549 - Quantum Trading Bot - INFO - Quantum prediction for NVDA: 0.4590 (confidence: 0.7669)
2025-04-04 09:57:02,549 - Quantum Trading Bot - INFO - Trading signal for NVDA: 0.4590 (source: quantum)
2025-04-04 09:57:02,549 - Quantum Trading Bot - INFO - HOLD signal for NVDA (score: 0.4590, source: quantum)
2025-04-04 09:57:02,556 - Quantum Trading Bot - INFO - Performance metrics saved: 40/72 winning trades
2025-04-04 09:57:02,556 - Quantum Trading Bot - INFO - Quantum prediction accuracy: 0.00
2025-04-04 09:57:02,556 - Quantum Trading Bot - INFO - Sleeping for 60 seconds
2025-04-04 09:58:00,048 - Trading System - INFO - Trading Bot is alive: True
2025-04-04 09:58:00,050 - Trading System - INFO - Monitor Bot is alive: True
2025-04-04 09:58:00,050 - Trading System - INFO - Improvement Bot is alive: True
2025-04-04 09:58:02,561 - Quantum Trading Bot - INFO - Starting trading cycle
2025-04-04 09:58:02,562 - Quantum Trading Bot - INFO - Processing AAPL
2025-04-04 09:58:02,562 - Quantum Trading Bot - INFO - Mock halal compliance check for AAPL: COMPLIANT
2025-04-04 09:58:02,590 - Quantum Trading Bot - INFO - Quantum device error rate: 0.0426
2025-04-04 09:58:02,595 - Quantum Trading Bot - INFO - Quantum prediction for AAPL: 0.7930 (confidence: 0.9574)
2025-04-04 09:58:02,595 - Quantum Trading Bot - INFO - Trading signal for AAPL: 0.7930 (source: quantum)
2025-04-04 09:58:02,595 - Quantum Trading Bot - INFO - HOLD signal for AAPL (score: 0.7930, source: quantum)
2025-04-04 09:58:02,596 - Quantum Trading Bot - INFO - Processing MSFT
2025-04-04 09:58:02,596 - Quantum Trading Bot - INFO - Mock halal compliance check for MSFT: COMPLIANT
2025-04-04 09:58:02,607 - Quantum Trading Bot - INFO - Quantum device error rate: 0.0408
2025-04-04 09:58:02,610 - Quantum Trading Bot - INFO - Quantum prediction for MSFT: 0.6150 (confidence: 0.9592)
2025-04-04 09:58:02,610 - Quantum Trading Bot - INFO - Trading signal for MSFT: 0.6150 (source: quantum)
2025-04-04 09:58:02,610 - Quantum Trading Bot - INFO - HOLD signal for MSFT (score: 0.6150, source: quantum)
2025-04-04 09:58:02,611 - Quantum Trading Bot - INFO - Processing NVDA
2025-04-04 09:58:02,611 - Quantum Trading Bot - INFO - Mock halal compliance check for NVDA: COMPLIANT
2025-04-04 09:58:02,620 - Quantum Trading Bot - INFO - Quantum device error rate: 0.0432
2025-04-04 09:58:02,622 - Quantum Trading Bot - INFO - Quantum prediction for NVDA: 0.2900 (confidence: 0.9568)
2025-04-04 09:58:02,622 - Quantum Trading Bot - INFO - Trading signal for NVDA: 0.2900 (source: quantum)
2025-04-04 09:58:02,622 - Quantum Trading Bot - INFO - SELL signal for NVDA (score: 0.2900, source: quantum)
2025-04-04 09:58:02,623 - Quantum Trading Bot - WARNING - Cannot sell NVDA - no position
2025-04-04 09:58:02,630 - Quantum Trading Bot - INFO - Performance metrics saved: 40/72 winning trades
2025-04-04 09:58:02,630 - Quantum Trading Bot - INFO - Quantum prediction accuracy: 0.00
2025-04-04 09:58:02,641 - Quantum Trading Bot - INFO - Quantum device error rate: 0.0453
2025-04-04 09:58:02,642 - Quantum Trading Bot - INFO - Quantum portfolio optimization complete: {'AAPL': np.float64(0.32837837837837835), 'MSFT': np.float64(0.3189189189189189), 'NVDA': np.float64(0.3527027027027027)}
2025-04-04 09:58:02,642 - Quantum Trading Bot - INFO - Optimal portfolio weights: {'AAPL': np.float64(0.32837837837837835), 'MSFT': np.float64(0.3189189189189189), 'NVDA': np.float64(0.3527027027027027)}
2025-04-04 09:58:02,643 - Quantum Trading Bot - INFO - Sleeping for 60 seconds
2025-04-04 09:59:00,055 - Trading System - INFO - Trading Bot is alive: True
2025-04-04 09:59:00,057 - Trading System - INFO - Monitor Bot is alive: True
2025-04-04 09:59:00,057 - Trading System - INFO - Improvement Bot is alive: True
2025-04-04 09:59:02,648 - Quantum Trading Bot - INFO - Starting trading cycle
2025-04-04 09:59:02,649 - Quantum Trading Bot - INFO - Processing AAPL
2025-04-04 09:59:02,649 - Quantum Trading Bot - INFO - Mock halal compliance check for AAPL: COMPLIANT
2025-04-04 09:59:02,672 - Quantum Trading Bot - INFO - Quantum device error rate: 0.0447
2025-04-04 09:59:02,677 - Quantum Trading Bot - INFO - Quantum prediction for AAPL: 0.3390 (confidence: 0.9553)
2025-04-04 09:59:02,677 - Quantum Trading Bot - INFO - Trading signal for AAPL: 0.3390 (source: quantum)
2025-04-04 09:59:02,677 - Quantum Trading Bot - INFO - HOLD signal for AAPL (score: 0.3390, source: quantum)
2025-04-04 09:59:02,678 - Quantum Trading Bot - INFO - Processing MSFT
2025-04-04 09:59:02,678 - Quantum Trading Bot - INFO - Mock halal compliance check for MSFT: COMPLIANT
2025-04-04 09:59:02,688 - Quantum Trading Bot - INFO - Quantum device error rate: 0.0384
2025-04-04 09:59:02,691 - Quantum Trading Bot - INFO - Quantum prediction for MSFT: 0.6070 (confidence: 0.9616)
2025-04-04 09:59:02,691 - Quantum Trading Bot - INFO - Trading signal for MSFT: 0.6070 (source: quantum)
2025-04-04 09:59:02,691 - Quantum Trading Bot - INFO - HOLD signal for MSFT (score: 0.6070, source: quantum)
2025-04-04 09:59:02,692 - Quantum Trading Bot - INFO - Processing NVDA
2025-04-04 09:59:02,692 - Quantum Trading Bot - INFO - Mock halal compliance check for NVDA: COMPLIANT
2025-04-04 09:59:02,701 - Quantum Trading Bot - INFO - Quantum device error rate: 0.0408
2025-04-04 09:59:02,704 - Quantum Trading Bot - INFO - Quantum prediction for NVDA: 0.5320 (confidence: 0.7674)
2025-04-04 09:59:02,704 - Quantum Trading Bot - INFO - Trading signal for NVDA: 0.5320 (source: quantum)
2025-04-04 09:59:02,704 - Quantum Trading Bot - INFO - HOLD signal for NVDA (score: 0.5320, source: quantum)
2025-04-04 09:59:02,711 - Quantum Trading Bot - INFO - Performance metrics saved: 40/72 winning trades
2025-04-04 09:59:02,711 - Quantum Trading Bot - INFO - Quantum prediction accuracy: 0.00
2025-04-04 09:59:02,712 - Quantum Trading Bot - INFO - Sleeping for 60 seconds
2025-04-04 10:00:00,063 - Trading System - INFO - Trading Bot is alive: True
2025-04-04 10:00:00,064 - Trading System - INFO - Monitor Bot is alive: True
2025-04-04 10:00:00,065 - Trading System - INFO - Improvement Bot is alive: True
2025-04-04 10:00:02,717 - Quantum Trading Bot - INFO - Starting trading cycle
2025-04-04 10:00:02,717 - Quantum Trading Bot - INFO - Processing AAPL
2025-04-04 10:00:02,718 - Quantum Trading Bot - INFO - Mock halal compliance check for AAPL: COMPLIANT
2025-04-04 10:00:02,748 - Quantum Trading Bot - INFO - Quantum device error rate: 0.0345
2025-04-04 10:00:02,754 - Quantum Trading Bot - INFO - Quantum prediction for AAPL: 0.5750 (confidence: 0.7724)
2025-04-04 10:00:02,754 - Quantum Trading Bot - INFO - Trading signal for AAPL: 0.5750 (source: quantum)
2025-04-04 10:00:02,754 - Quantum Trading Bot - INFO - HOLD signal for AAPL (score: 0.5750, source: quantum)
2025-04-04 10:00:02,755 - Quantum Trading Bot - INFO - Processing MSFT
2025-04-04 10:00:02,755 - Quantum Trading Bot - INFO - Mock halal compliance check for MSFT: COMPLIANT
2025-04-04 10:00:02,766 - Quantum Trading Bot - INFO - Quantum device error rate: 0.0420
2025-04-04 10:00:02,768 - Quantum Trading Bot - INFO - Quantum prediction for MSFT: 0.5390 (confidence: 0.7664)
2025-04-04 10:00:02,768 - Quantum Trading Bot - INFO - Trading signal for MSFT: 0.5390 (source: quantum)
2025-04-04 10:00:02,768 - Quantum Trading Bot - INFO - HOLD signal for MSFT (score: 0.5390, source: quantum)
2025-04-04 10:00:02,769 - Quantum Trading Bot - INFO - Processing NVDA
2025-04-04 10:00:02,769 - Quantum Trading Bot - INFO - Mock halal compliance check for NVDA: COMPLIANT
2025-04-04 10:00:02,778 - Quantum Trading Bot - INFO - Quantum device error rate: 0.0294
2025-04-04 10:00:02,780 - Quantum Trading Bot - INFO - Quantum prediction for NVDA: 0.5520 (confidence: 0.7765)
2025-04-04 10:00:02,780 - Quantum Trading Bot - INFO - Trading signal for NVDA: 0.5520 (source: quantum)
2025-04-04 10:00:02,780 - Quantum Trading Bot - INFO - HOLD signal for NVDA (score: 0.5520, source: quantum)
2025-04-04 10:00:02,786 - Quantum Trading Bot - INFO - Performance metrics saved: 40/72 winning trades
2025-04-04 10:00:02,786 - Quantum Trading Bot - INFO - Quantum prediction accuracy: 0.00
2025-04-04 10:00:02,786 - Quantum Trading Bot - INFO - Sleeping for 60 seconds
2025-04-04 10:01:00,068 - Trading System - INFO - Trading Bot is alive: True
2025-04-04 10:01:00,070 - Trading System - INFO - Monitor Bot is alive: True
2025-04-04 10:01:00,070 - Trading System - INFO - Improvement Bot is alive: True
2025-04-04 10:01:02,792 - Quantum Trading Bot - INFO - Starting trading cycle
2025-04-04 10:01:02,792 - Quantum Trading Bot - INFO - Processing AAPL
2025-04-04 10:01:02,792 - Quantum Trading Bot - INFO - Mock halal compliance check for AAPL: COMPLIANT
2025-04-04 10:01:02,816 - Quantum Trading Bot - INFO - Quantum device error rate: 0.0444
2025-04-04 10:01:02,822 - Quantum Trading Bot - INFO - Quantum prediction for AAPL: 0.5770 (confidence: 0.7645)
2025-04-04 10:01:02,822 - Quantum Trading Bot - INFO - Trading signal for AAPL: 0.5770 (source: quantum)
2025-04-04 10:01:02,822 - Quantum Trading Bot - INFO - HOLD signal for AAPL (score: 0.5770, source: quantum)
2025-04-04 10:01:02,823 - Quantum Trading Bot - INFO - Processing MSFT
2025-04-04 10:01:02,823 - Quantum Trading Bot - INFO - Mock halal compliance check for MSFT: COMPLIANT
2025-04-04 10:01:02,834 - Quantum Trading Bot - INFO - Quantum device error rate: 0.0420
2025-04-04 10:01:02,837 - Quantum Trading Bot - INFO - Quantum prediction for MSFT: 0.8220 (confidence: 0.9580)
2025-04-04 10:01:02,837 - Quantum Trading Bot - INFO - Trading signal for MSFT: 0.8220 (source: quantum)
2025-04-04 10:01:02,837 - Quantum Trading Bot - INFO - HOLD signal for MSFT (score: 0.8220, source: quantum)
2025-04-04 10:01:02,838 - Quantum Trading Bot - INFO - Processing NVDA
2025-04-04 10:01:02,838 - Quantum Trading Bot - INFO - Mock halal compliance check for NVDA: COMPLIANT
2025-04-04 10:01:02,846 - Quantum Trading Bot - INFO - Quantum device error rate: 0.0531
2025-04-04 10:01:02,854 - Quantum Trading Bot - INFO - Quantum prediction for NVDA: 0.4574 (confidence: 0.7575)
2025-04-04 10:01:02,854 - Quantum Trading Bot - INFO - Trading signal for NVDA: 0.4574 (source: quantum)
2025-04-04 10:01:02,854 - Quantum Trading Bot - INFO - HOLD signal for NVDA (score: 0.4574, source: quantum)
2025-04-04 10:01:02,860 - Quantum Trading Bot - INFO - Performance metrics saved: 40/72 winning trades
2025-04-04 10:01:02,860 - Quantum Trading Bot - INFO - Quantum prediction accuracy: 0.00
2025-04-04 10:01:02,861 - Quantum Trading Bot - INFO - Sleeping for 60 seconds
2025-04-04 10:02:00,074 - Trading System - INFO - Trading Bot is alive: True
2025-04-04 10:02:00,075 - Trading System - INFO - Monitor Bot is alive: True
2025-04-04 10:02:00,075 - Trading System - INFO - Improvement Bot is alive: True
2025-04-04 10:02:02,866 - Quantum Trading Bot - INFO - Starting trading cycle
2025-04-04 10:02:02,866 - Quantum Trading Bot - INFO - Processing AAPL
2025-04-04 10:02:02,867 - Quantum Trading Bot - INFO - Mock halal compliance check for AAPL: COMPLIANT
2025-04-04 10:02:02,885 - Quantum Trading Bot - INFO - Quantum device error rate: 0.0369
2025-04-04 10:02:02,889 - Quantum Trading Bot - INFO - Quantum prediction for AAPL: 0.5790 (confidence: 0.7705)
2025-04-04 10:02:02,889 - Quantum Trading Bot - INFO - Trading signal for AAPL: 0.5790 (source: quantum)
2025-04-04 10:02:02,889 - Quantum Trading Bot - INFO - HOLD signal for AAPL (score: 0.5790, source: quantum)
2025-04-04 10:02:02,890 - Quantum Trading Bot - INFO - Processing MSFT
2025-04-04 10:02:02,890 - Quantum Trading Bot - INFO - Mock halal compliance check for MSFT: COMPLIANT
2025-04-04 10:02:02,900 - Quantum Trading Bot - INFO - Quantum device error rate: 0.0312
2025-04-04 10:02:02,903 - Quantum Trading Bot - INFO - Quantum prediction for MSFT: 0.7730 (confidence: 0.9688)
2025-04-04 10:02:02,903 - Quantum Trading Bot - INFO - Trading signal for MSFT: 0.7730 (source: quantum)
2025-04-04 10:02:02,903 - Quantum Trading Bot - INFO - HOLD signal for MSFT (score: 0.7730, source: quantum)
2025-04-04 10:02:02,903 - Quantum Trading Bot - INFO - Processing NVDA
2025-04-04 10:02:02,904 - Quantum Trading Bot - INFO - Mock halal compliance check for NVDA: COMPLIANT
2025-04-04 10:02:02,912 - Quantum Trading Bot - INFO - Quantum device error rate: 0.0366
2025-04-04 10:02:02,914 - Quantum Trading Bot - INFO - Quantum prediction for NVDA: 0.6070 (confidence: 0.9634)
2025-04-04 10:02:02,914 - Quantum Trading Bot - INFO - Trading signal for NVDA: 0.6070 (source: quantum)
2025-04-04 10:02:02,914 - Quantum Trading Bot - INFO - HOLD signal for NVDA (score: 0.6070, source: quantum)
2025-04-04 10:02:02,920 - Quantum Trading Bot - INFO - Performance metrics saved: 40/72 winning trades
2025-04-04 10:02:02,920 - Quantum Trading Bot - INFO - Quantum prediction accuracy: 0.00
2025-04-04 10:02:02,920 - Quantum Trading Bot - INFO - Sleeping for 60 seconds
2025-04-04 10:03:00,080 - Trading System - INFO - Trading Bot is alive: True
2025-04-04 10:03:00,081 - Trading System - INFO - Monitor Bot is alive: True
2025-04-04 10:03:00,081 - Trading System - INFO - Improvement Bot is alive: True
2025-04-04 10:03:02,926 - Quantum Trading Bot - INFO - Starting trading cycle
2025-04-04 10:03:02,926 - Quantum Trading Bot - INFO - Processing AAPL
2025-04-04 10:03:02,926 - Quantum Trading Bot - INFO - Mock halal compliance check for AAPL: COMPLIANT
2025-04-04 10:03:02,945 - Quantum Trading Bot - INFO - Quantum device error rate: 0.0330
2025-04-04 10:03:02,951 - Quantum Trading Bot - INFO - Quantum prediction for AAPL: 0.7700 (confidence: 0.9670)
2025-04-04 10:03:02,951 - Quantum Trading Bot - INFO - Trading signal for AAPL: 0.7700 (source: quantum)
2025-04-04 10:03:02,951 - Quantum Trading Bot - INFO - HOLD signal for AAPL (score: 0.7700, source: quantum)
2025-04-04 10:03:02,953 - Quantum Trading Bot - INFO - Processing MSFT
2025-04-04 10:03:02,953 - Quantum Trading Bot - INFO - Mock halal compliance check for MSFT: COMPLIANT
2025-04-04 10:03:02,963 - Quantum Trading Bot - INFO - Quantum device error rate: 0.0474
2025-04-04 10:03:02,965 - Quantum Trading Bot - INFO - Quantum prediction for MSFT: 0.5320 (confidence: 0.7621)
2025-04-04 10:03:02,965 - Quantum Trading Bot - INFO - Trading signal for MSFT: 0.5320 (source: quantum)
2025-04-04 10:03:02,965 - Quantum Trading Bot - INFO - HOLD signal for MSFT (score: 0.5320, source: quantum)
2025-04-04 10:03:02,967 - Quantum Trading Bot - INFO - Processing NVDA
2025-04-04 10:03:02,967 - Quantum Trading Bot - INFO - Mock halal compliance check for NVDA: COMPLIANT
2025-04-04 10:03:02,976 - Quantum Trading Bot - INFO - Quantum device error rate: 0.0330
2025-04-04 10:03:02,978 - Quantum Trading Bot - INFO - Quantum prediction for NVDA: 0.2790 (confidence: 0.9670)
2025-04-04 10:03:02,978 - Quantum Trading Bot - INFO - Trading signal for NVDA: 0.2790 (source: quantum)
2025-04-04 10:03:02,978 - Quantum Trading Bot - INFO - SELL signal for NVDA (score: 0.2790, source: quantum)
2025-04-04 10:03:02,979 - Quantum Trading Bot - WARNING - Cannot sell NVDA - no position
2025-04-04 10:03:02,986 - Quantum Trading Bot - INFO - Performance metrics saved: 40/72 winning trades
2025-04-04 10:03:02,986 - Quantum Trading Bot - INFO - Quantum prediction accuracy: 0.00
2025-04-04 10:03:02,986 - Quantum Trading Bot - INFO - Sleeping for 60 seconds
2025-04-04 10:04:00,087 - Trading System - INFO - Trading Bot is alive: True
2025-04-04 10:04:00,089 - Trading System - INFO - Monitor Bot is alive: True
2025-04-04 10:04:00,089 - Trading System - INFO - Improvement Bot is alive: True
2025-04-04 10:04:02,991 - Quantum Trading Bot - INFO - Starting trading cycle
2025-04-04 10:04:02,992 - Quantum Trading Bot - INFO - Processing AAPL
2025-04-04 10:04:02,992 - Quantum Trading Bot - INFO - Mock halal compliance check for AAPL: COMPLIANT
2025-04-04 10:04:03,011 - Quantum Trading Bot - INFO - Quantum device error rate: 0.0375
2025-04-04 10:04:03,017 - Quantum Trading Bot - INFO - Quantum prediction for AAPL: 0.4250 (confidence: 0.7700)
2025-04-04 10:04:03,017 - Quantum Trading Bot - INFO - Trading signal for AAPL: 0.4250 (source: quantum)
2025-04-04 10:04:03,017 - Quantum Trading Bot - INFO - HOLD signal for AAPL (score: 0.4250, source: quantum)
2025-04-04 10:04:03,018 - Quantum Trading Bot - INFO - Processing MSFT
2025-04-04 10:04:03,018 - Quantum Trading Bot - INFO - Mock halal compliance check for MSFT: COMPLIANT
2025-04-04 10:04:03,027 - Quantum Trading Bot - INFO - Quantum device error rate: 0.0309
2025-04-04 10:04:03,030 - Quantum Trading Bot - INFO - Quantum prediction for MSFT: 0.7240 (confidence: 0.9691)
2025-04-04 10:04:03,030 - Quantum Trading Bot - INFO - Trading signal for MSFT: 0.7240 (source: quantum)
2025-04-04 10:04:03,030 - Quantum Trading Bot - INFO - HOLD signal for MSFT (score: 0.7240, source: quantum)
2025-04-04 10:04:03,031 - Quantum Trading Bot - INFO - Processing NVDA
2025-04-04 10:04:03,031 - Quantum Trading Bot - INFO - Mock halal compliance check for NVDA: COMPLIANT
2025-04-04 10:04:03,039 - Quantum Trading Bot - INFO - Quantum device error rate: 0.0303
2025-04-04 10:04:03,042 - Quantum Trading Bot - INFO - Quantum prediction for NVDA: 0.8270 (confidence: 0.9697)
2025-04-04 10:04:03,042 - Quantum Trading Bot - INFO - Trading signal for NVDA: 0.8270 (source: quantum)
2025-04-04 10:04:03,042 - Quantum Trading Bot - INFO - HOLD signal for NVDA (score: 0.8270, source: quantum)
2025-04-04 10:04:03,048 - Quantum Trading Bot - INFO - Performance metrics saved: 40/72 winning trades
2025-04-04 10:04:03,048 - Quantum Trading Bot - INFO - Quantum prediction accuracy: 0.00
2025-04-04 10:04:03,048 - Quantum Trading Bot - INFO - Sleeping for 60 seconds
2025-04-04 10:05:00,094 - Trading System - INFO - Trading Bot is alive: True
2025-04-04 10:05:00,096 - Trading System - INFO - Monitor Bot is alive: True
2025-04-04 10:05:00,096 - Trading System - INFO - Improvement Bot is alive: True
2025-04-04 10:05:03,054 - Quantum Trading Bot - INFO - Starting trading cycle
2025-04-04 10:05:03,054 - Quantum Trading Bot - INFO - Processing AAPL
2025-04-04 10:05:03,054 - Quantum Trading Bot - INFO - Mock halal compliance check for AAPL: COMPLIANT
2025-04-04 10:05:03,077 - Quantum Trading Bot - INFO - Quantum device error rate: 0.0453
2025-04-04 10:05:03,082 - Quantum Trading Bot - INFO - Quantum prediction for AAPL: 0.8630 (confidence: 0.9547)
2025-04-04 10:05:03,082 - Quantum Trading Bot - INFO - Trading signal for AAPL: 0.8630 (source: quantum)
2025-04-04 10:05:03,082 - Quantum Trading Bot - INFO - HOLD signal for AAPL (score: 0.8630, source: quantum)
2025-04-04 10:05:03,083 - Quantum Trading Bot - INFO - Processing MSFT
2025-04-04 10:05:03,083 - Quantum Trading Bot - INFO - Mock halal compliance check for MSFT: COMPLIANT
2025-04-04 10:05:03,095 - Quantum Trading Bot - INFO - Quantum device error rate: 0.0408
2025-04-04 10:05:03,097 - Quantum Trading Bot - INFO - Quantum prediction for MSFT: 0.7330 (confidence: 0.9592)
2025-04-04 10:05:03,097 - Quantum Trading Bot - INFO - Trading signal for MSFT: 0.7330 (source: quantum)
2025-04-04 10:05:03,097 - Quantum Trading Bot - INFO - HOLD signal for MSFT (score: 0.7330, source: quantum)
2025-04-04 10:05:03,098 - Quantum Trading Bot - INFO - Processing NVDA
2025-04-04 10:05:03,098 - Quantum Trading Bot - INFO - Mock halal compliance check for NVDA: COMPLIANT
2025-04-04 10:05:03,107 - Quantum Trading Bot - INFO - Quantum device error rate: 0.0213
2025-04-04 10:05:03,110 - Quantum Trading Bot - INFO - Quantum prediction for NVDA: 0.8510 (confidence: 0.9787)
2025-04-04 10:05:03,110 - Quantum Trading Bot - INFO - Trading signal for NVDA: 0.8510 (source: quantum)
2025-04-04 10:05:03,110 - Quantum Trading Bot - INFO - HOLD signal for NVDA (score: 0.8510, source: quantum)
2025-04-04 10:05:03,116 - Quantum Trading Bot - INFO - Performance metrics saved: 40/72 winning trades
2025-04-04 10:05:03,116 - Quantum Trading Bot - INFO - Quantum prediction accuracy: 0.00
2025-04-04 10:05:03,116 - Quantum Trading Bot - INFO - Sleeping for 60 seconds
2025-04-04 10:06:00,100 - Trading System - INFO - Trading Bot is alive: True
2025-04-04 10:06:00,101 - Trading System - INFO - Monitor Bot is alive: True
2025-04-04 10:06:00,101 - Trading System - INFO - Improvement Bot is alive: True
2025-04-04 10:06:03,122 - Quantum Trading Bot - INFO - Starting trading cycle
2025-04-04 10:06:03,122 - Quantum Trading Bot - INFO - Processing AAPL
2025-04-04 10:06:03,123 - Quantum Trading Bot - INFO - Mock halal compliance check for AAPL: COMPLIANT
2025-04-04 10:06:03,156 - Quantum Trading Bot - INFO - Quantum device error rate: 0.0255
2025-04-04 10:06:03,164 - Quantum Trading Bot - INFO - Quantum prediction for AAPL: 0.3700 (confidence: 0.9745)
2025-04-04 10:06:03,164 - Quantum Trading Bot - INFO - Trading signal for AAPL: 0.3700 (source: quantum)
2025-04-04 10:06:03,164 - Quantum Trading Bot - INFO - HOLD signal for AAPL (score: 0.3700, source: quantum)
2025-04-04 10:06:03,165 - Quantum Trading Bot - INFO - Processing MSFT
2025-04-04 10:06:03,165 - Quantum Trading Bot - INFO - Mock halal compliance check for MSFT: COMPLIANT
2025-04-04 10:06:03,175 - Quantum Trading Bot - INFO - Quantum device error rate: 0.0234
2025-04-04 10:06:03,178 - Quantum Trading Bot - INFO - Quantum prediction for MSFT: 0.7370 (confidence: 0.9766)
2025-04-04 10:06:03,178 - Quantum Trading Bot - INFO - Trading signal for MSFT: 0.7370 (source: quantum)
2025-04-04 10:06:03,178 - Quantum Trading Bot - INFO - HOLD signal for MSFT (score: 0.7370, source: quantum)
2025-04-04 10:06:03,179 - Quantum Trading Bot - INFO - Processing NVDA
2025-04-04 10:06:03,179 - Quantum Trading Bot - INFO - Mock halal compliance check for NVDA: COMPLIANT
2025-04-04 10:06:03,187 - Quantum Trading Bot - INFO - Quantum device error rate: 0.0444
2025-04-04 10:06:03,189 - Quantum Trading Bot - INFO - Quantum prediction for NVDA: 0.8690 (confidence: 0.9556)
2025-04-04 10:06:03,189 - Quantum Trading Bot - INFO - Trading signal for NVDA: 0.8690 (source: quantum)
2025-04-04 10:06:03,189 - Quantum Trading Bot - INFO - HOLD signal for NVDA (score: 0.8690, source: quantum)
2025-04-04 10:06:03,196 - Quantum Trading Bot - INFO - Performance metrics saved: 40/72 winning trades
2025-04-04 10:06:03,196 - Quantum Trading Bot - INFO - Quantum prediction accuracy: 0.00
2025-04-04 10:06:03,196 - Quantum Trading Bot - INFO - Sleeping for 60 seconds
2025-04-04 10:07:00,105 - Trading System - INFO - Trading Bot is alive: True
2025-04-04 10:07:00,107 - Trading System - INFO - Monitor Bot is alive: True
2025-04-04 10:07:00,107 - Trading System - INFO - Improvement Bot is alive: True
2025-04-04 10:07:03,206 - Quantum Trading Bot - INFO - Starting trading cycle
2025-04-04 10:07:03,207 - Quantum Trading Bot - INFO - Processing AAPL
2025-04-04 10:07:03,207 - Quantum Trading Bot - INFO - Mock halal compliance check for AAPL: COMPLIANT
2025-04-04 10:07:03,231 - Quantum Trading Bot - INFO - Quantum device error rate: 0.0324
2025-04-04 10:07:03,236 - Quantum Trading Bot - INFO - Quantum prediction for AAPL: 0.6520 (confidence: 0.9676)
2025-04-04 10:07:03,236 - Quantum Trading Bot - INFO - Trading signal for AAPL: 0.6520 (source: quantum)
2025-04-04 10:07:03,236 - Quantum Trading Bot - INFO - HOLD signal for AAPL (score: 0.6520, source: quantum)
2025-04-04 10:07:03,237 - Quantum Trading Bot - INFO - Processing MSFT
2025-04-04 10:07:03,237 - Quantum Trading Bot - INFO - Mock halal compliance check for MSFT: COMPLIANT
2025-04-04 10:07:03,249 - Quantum Trading Bot - INFO - Quantum device error rate: 0.0387
2025-04-04 10:07:03,252 - Quantum Trading Bot - INFO - Quantum prediction for MSFT: 0.6830 (confidence: 0.9613)
2025-04-04 10:07:03,252 - Quantum Trading Bot - INFO - Trading signal for MSFT: 0.6830 (source: quantum)
2025-04-04 10:07:03,252 - Quantum Trading Bot - INFO - HOLD signal for MSFT (score: 0.6830, source: quantum)
2025-04-04 10:07:03,253 - Quantum Trading Bot - INFO - Processing NVDA
2025-04-04 10:07:03,253 - Quantum Trading Bot - INFO - Mock halal compliance check for NVDA: COMPLIANT
2025-04-04 10:07:03,262 - Quantum Trading Bot - INFO - Quantum device error rate: 0.0414
2025-04-04 10:07:03,264 - Quantum Trading Bot - INFO - Quantum prediction for NVDA: 0.5660 (confidence: 0.7669)
2025-04-04 10:07:03,264 - Quantum Trading Bot - INFO - Trading signal for NVDA: 0.5660 (source: quantum)
2025-04-04 10:07:03,264 - Quantum Trading Bot - INFO - HOLD signal for NVDA (score: 0.5660, source: quantum)
2025-04-04 10:07:03,271 - Quantum Trading Bot - INFO - Performance metrics saved: 40/72 winning trades
2025-04-04 10:07:03,271 - Quantum Trading Bot - INFO - Quantum prediction accuracy: 0.00
2025-04-04 10:07:03,271 - Quantum Trading Bot - INFO - Sleeping for 60 seconds
2025-04-04 10:08:00,112 - Trading System - INFO - Trading Bot is alive: True
2025-04-04 10:08:00,114 - Trading System - INFO - Monitor Bot is alive: True
2025-04-04 10:08:00,114 - Trading System - INFO - Improvement Bot is alive: True
2025-04-04 10:08:03,281 - Quantum Trading Bot - INFO - Starting trading cycle
2025-04-04 10:08:03,281 - Quantum Trading Bot - INFO - Processing AAPL
2025-04-04 10:08:03,282 - Quantum Trading Bot - INFO - Mock halal compliance check for AAPL: COMPLIANT
2025-04-04 10:08:03,306 - Quantum Trading Bot - INFO - Quantum device error rate: 0.0444
2025-04-04 10:08:03,311 - Quantum Trading Bot - INFO - Quantum prediction for AAPL: 0.7710 (confidence: 0.9556)
2025-04-04 10:08:03,311 - Quantum Trading Bot - INFO - Trading signal for AAPL: 0.7710 (source: quantum)
2025-04-04 10:08:03,311 - Quantum Trading Bot - INFO - HOLD signal for AAPL (score: 0.7710, source: quantum)
2025-04-04 10:08:03,313 - Quantum Trading Bot - INFO - Processing MSFT
2025-04-04 10:08:03,313 - Quantum Trading Bot - INFO - Mock halal compliance check for MSFT: COMPLIANT
2025-04-04 10:08:03,324 - Quantum Trading Bot - INFO - Quantum device error rate: 0.0420
2025-04-04 10:08:03,327 - Quantum Trading Bot - INFO - Quantum prediction for MSFT: 0.4150 (confidence: 0.7664)
2025-04-04 10:08:03,327 - Quantum Trading Bot - INFO - Trading signal for MSFT: 0.4150 (source: quantum)
2025-04-04 10:08:03,327 - Quantum Trading Bot - INFO - HOLD signal for MSFT (score: 0.4150, source: quantum)
2025-04-04 10:08:03,328 - Quantum Trading Bot - INFO - Processing NVDA
2025-04-04 10:08:03,328 - Quantum Trading Bot - INFO - Mock halal compliance check for NVDA: COMPLIANT
2025-04-04 10:08:03,337 - Quantum Trading Bot - INFO - Quantum device error rate: 0.0486
2025-04-04 10:08:03,339 - Quantum Trading Bot - INFO - Quantum prediction for NVDA: 0.6460 (confidence: 0.9514)
2025-04-04 10:08:03,339 - Quantum Trading Bot - INFO - Trading signal for NVDA: 0.6460 (source: quantum)
2025-04-04 10:08:03,339 - Quantum Trading Bot - INFO - HOLD signal for NVDA (score: 0.6460, source: quantum)
2025-04-04 10:08:03,346 - Quantum Trading Bot - INFO - Performance metrics saved: 40/72 winning trades
2025-04-04 10:08:03,346 - Quantum Trading Bot - INFO - Quantum prediction accuracy: 0.00
2025-04-04 10:08:03,346 - Quantum Trading Bot - INFO - Sleeping for 60 seconds
2025-04-04 10:09:00,116 - Trading System - INFO - Trading Bot is alive: True
2025-04-04 10:09:00,118 - Trading System - INFO - Monitor Bot is alive: True
2025-04-04 10:09:00,118 - Trading System - INFO - Improvement Bot is alive: True
2025-04-04 10:09:03,357 - Quantum Trading Bot - INFO - Starting trading cycle
2025-04-04 10:09:03,357 - Quantum Trading Bot - INFO - Processing AAPL
2025-04-04 10:09:03,357 - Quantum Trading Bot - INFO - Mock halal compliance check for AAPL: COMPLIANT
2025-04-04 10:09:03,378 - Quantum Trading Bot - INFO - Quantum device error rate: 0.0390
2025-04-04 10:09:03,382 - Quantum Trading Bot - INFO - Quantum prediction for AAPL: 0.3740 (confidence: 0.9610)
2025-04-04 10:09:03,382 - Quantum Trading Bot - INFO - Trading signal for AAPL: 0.3740 (source: quantum)
2025-04-04 10:09:03,382 - Quantum Trading Bot - INFO - HOLD signal for AAPL (score: 0.3740, source: quantum)
2025-04-04 10:09:03,383 - Quantum Trading Bot - INFO - Processing MSFT
2025-04-04 10:09:03,383 - Quantum Trading Bot - INFO - Mock halal compliance check for MSFT: COMPLIANT
2025-04-04 10:09:03,393 - Quantum Trading Bot - INFO - Quantum device error rate: 0.0357
2025-04-04 10:09:03,396 - Quantum Trading Bot - INFO - Quantum prediction for MSFT: 0.1090 (confidence: 0.9643)
2025-04-04 10:09:03,396 - Quantum Trading Bot - INFO - Trading signal for MSFT: 0.1090 (source: quantum)
2025-04-04 10:09:03,396 - Quantum Trading Bot - INFO - SELL signal for MSFT (score: 0.1090, source: quantum)
2025-04-04 10:09:03,397 - Quantum Trading Bot - WARNING - Cannot sell MSFT - no position
2025-04-04 10:09:03,398 - Quantum Trading Bot - INFO - Processing NVDA
2025-04-04 10:09:03,398 - Quantum Trading Bot - INFO - Mock halal compliance check for NVDA: COMPLIANT
2025-04-04 10:09:03,406 - Quantum Trading Bot - INFO - Quantum device error rate: 0.0390
2025-04-04 10:09:03,409 - Quantum Trading Bot - INFO - Quantum prediction for NVDA: 0.2590 (confidence: 0.9610)
2025-04-04 10:09:03,409 - Quantum Trading Bot - INFO - Trading signal for NVDA: 0.2590 (source: quantum)
2025-04-04 10:09:03,409 - Quantum Trading Bot - INFO - SELL signal for NVDA (score: 0.2590, source: quantum)
2025-04-04 10:09:03,409 - Quantum Trading Bot - WARNING - Cannot sell NVDA - no position
2025-04-04 10:09:03,416 - Quantum Trading Bot - INFO - Performance metrics saved: 40/72 winning trades
2025-04-04 10:09:03,416 - Quantum Trading Bot - INFO - Quantum prediction accuracy: 0.00
2025-04-04 10:09:03,416 - Quantum Trading Bot - INFO - Sleeping for 60 seconds
2025-04-04 10:10:00,118 - Trading System - INFO - Trading Bot is alive: True
2025-04-04 10:10:00,119 - Trading System - INFO - Monitor Bot is alive: True
2025-04-04 10:10:00,119 - Trading System - INFO - Improvement Bot is alive: True
2025-04-04 10:10:03,425 - Quantum Trading Bot - INFO - Starting trading cycle
2025-04-04 10:10:03,425 - Quantum Trading Bot - INFO - Processing AAPL
2025-04-04 10:10:03,426 - Quantum Trading Bot - INFO - Mock halal compliance check for AAPL: COMPLIANT
2025-04-04 10:10:03,445 - Quantum Trading Bot - INFO - Quantum device error rate: 0.0318
2025-04-04 10:10:03,449 - Quantum Trading Bot - INFO - Quantum prediction for AAPL: 0.5550 (confidence: 0.7746)
2025-04-04 10:10:03,449 - Quantum Trading Bot - INFO - Trading signal for AAPL: 0.5550 (source: quantum)
2025-04-04 10:10:03,449 - Quantum Trading Bot - INFO - HOLD signal for AAPL (score: 0.5550, source: quantum)
2025-04-04 10:10:03,451 - Quantum Trading Bot - INFO - Processing MSFT
2025-04-04 10:10:03,451 - Quantum Trading Bot - INFO - Mock halal compliance check for MSFT: COMPLIANT
2025-04-04 10:10:03,460 - Quantum Trading Bot - INFO - Quantum device error rate: 0.0489
2025-04-04 10:10:03,463 - Quantum Trading Bot - INFO - Quantum prediction for MSFT: 0.3230 (confidence: 0.9511)
2025-04-04 10:10:03,463 - Quantum Trading Bot - INFO - Trading signal for MSFT: 0.3230 (source: quantum)
2025-04-04 10:10:03,463 - Quantum Trading Bot - INFO - HOLD signal for MSFT (score: 0.3230, source: quantum)
2025-04-04 10:10:03,464 - Quantum Trading Bot - INFO - Processing NVDA
2025-04-04 10:10:03,464 - Quantum Trading Bot - INFO - Mock halal compliance check for NVDA: COMPLIANT
2025-04-04 10:10:03,472 - Quantum Trading Bot - INFO - Quantum device error rate: 0.0510
2025-04-04 10:10:03,480 - Quantum Trading Bot - INFO - Quantum prediction for NVDA: 0.7097 (confidence: 0.9490)
2025-04-04 10:10:03,480 - Quantum Trading Bot - INFO - Trading signal for NVDA: 0.7097 (source: quantum)
2025-04-04 10:10:03,480 - Quantum Trading Bot - INFO - HOLD signal for NVDA (score: 0.7097, source: quantum)
2025-04-04 10:10:03,486 - Quantum Trading Bot - INFO - Performance metrics saved: 40/72 winning trades
2025-04-04 10:10:03,486 - Quantum Trading Bot - INFO - Quantum prediction accuracy: 0.00
2025-04-04 10:10:03,486 - Quantum Trading Bot - INFO - Sleeping for 60 seconds
2025-04-04 10:11:00,129 - Trading System - INFO - Trading Bot is alive: True
2025-04-04 10:11:00,130 - Trading System - INFO - Monitor Bot is alive: True
2025-04-04 10:11:00,130 - Trading System - INFO - Improvement Bot is alive: True
2025-04-04 10:11:03,496 - Quantum Trading Bot - INFO - Starting trading cycle
2025-04-04 10:11:03,497 - Quantum Trading Bot - INFO - Processing AAPL
2025-04-04 10:11:03,497 - Quantum Trading Bot - INFO - Mock halal compliance check for AAPL: COMPLIANT
2025-04-04 10:11:03,516 - Quantum Trading Bot - INFO - Quantum device error rate: 0.0330
2025-04-04 10:11:03,521 - Quantum Trading Bot - INFO - Quantum prediction for AAPL: 0.5590 (confidence: 0.7736)
2025-04-04 10:11:03,521 - Quantum Trading Bot - INFO - Trading signal for AAPL: 0.5590 (source: quantum)
2025-04-04 10:11:03,521 - Quantum Trading Bot - INFO - HOLD signal for AAPL (score: 0.5590, source: quantum)
2025-04-04 10:11:03,522 - Quantum Trading Bot - INFO - Processing MSFT
2025-04-04 10:11:03,522 - Quantum Trading Bot - INFO - Mock halal compliance check for MSFT: COMPLIANT
2025-04-04 10:11:03,532 - Quantum Trading Bot - INFO - Quantum device error rate: 0.0306
2025-04-04 10:11:03,535 - Quantum Trading Bot - INFO - Quantum prediction for MSFT: 0.6810 (confidence: 0.9694)
2025-04-04 10:11:03,535 - Quantum Trading Bot - INFO - Trading signal for MSFT: 0.6810 (source: quantum)
2025-04-04 10:11:03,535 - Quantum Trading Bot - INFO - HOLD signal for MSFT (score: 0.6810, source: quantum)
2025-04-04 10:11:03,536 - Quantum Trading Bot - INFO - Processing NVDA
2025-04-04 10:11:03,536 - Quantum Trading Bot - INFO - Mock halal compliance check for NVDA: COMPLIANT
2025-04-04 10:11:03,544 - Quantum Trading Bot - INFO - Quantum device error rate: 0.0339
2025-04-04 10:11:03,547 - Quantum Trading Bot - INFO - Quantum prediction for NVDA: 0.8130 (confidence: 0.9661)
2025-04-04 10:11:03,547 - Quantum Trading Bot - INFO - Trading signal for NVDA: 0.8130 (source: quantum)
2025-04-04 10:11:03,547 - Quantum Trading Bot - INFO - HOLD signal for NVDA (score: 0.8130, source: quantum)
2025-04-04 10:11:03,553 - Quantum Trading Bot - INFO - Performance metrics saved: 40/72 winning trades
2025-04-04 10:11:03,553 - Quantum Trading Bot - INFO - Quantum prediction accuracy: 0.00
2025-04-04 10:11:03,553 - Quantum Trading Bot - INFO - Sleeping for 60 seconds
2025-04-04 10:26:14,950 - Trading System - INFO - Trading Bot is alive: True
2025-04-04 10:26:14,951 - Trading System - INFO - Monitor Bot is alive: True
2025-04-04 10:26:14,951 - Trading System - INFO - Improvement Bot is alive: True
2025-04-04 10:26:16,049 - Monitor Bot - INFO - Running scheduled task: Performance Metrics
2025-04-04 10:26:16,054 - Monitor Bot - INFO - === Performance Metrics ===
2025-04-04 10:26:16,054 - Monitor Bot - INFO - Date: 2025-04-04T10:11:03.548267
2025-04-04 10:26:16,054 - Monitor Bot - INFO - Total Trades: 72
2025-04-04 10:26:16,054 - Monitor Bot - INFO - Win Rate: 55.56%
2025-04-04 10:26:16,054 - Monitor Bot - INFO - Total Profit: $18.27
2025-04-04 10:26:16,055 - Monitor Bot - INFO - Average Profit per Trade: $0.25
2025-04-04 10:26:16,055 - Monitor Bot - INFO - Average Profit Percentage: 0.09%
2025-04-04 10:26:16,055 - Monitor Bot - INFO - Maximum Drawdown: 0.10%
2025-04-04 10:26:16,055 - Monitor Bot - INFO - Quantum Prediction Accuracy: 0.00%
2025-04-04 10:26:16,055 - Monitor Bot - INFO - ============================
2025-04-04 10:26:16,062 - Monitor Bot - INFO - Task Performance Metrics completed successfully
2025-04-04 10:26:18,365 - Quantum Trading Bot - INFO - Starting trading cycle
2025-04-04 10:26:18,366 - Quantum Trading Bot - INFO - Processing AAPL
2025-04-04 10:26:18,366 - Quantum Trading Bot - INFO - Mock halal compliance check for AAPL: COMPLIANT
2025-04-04 10:26:18,394 - Quantum Trading Bot - INFO - Quantum device error rate: 0.0582
2025-04-04 10:26:18,406 - Quantum Trading Bot - INFO - Quantum prediction for AAPL: 0.2990 (confidence: 0.9418)
2025-04-04 10:26:18,406 - Quantum Trading Bot - INFO - Trading signal for AAPL: 0.2990 (source: quantum)
2025-04-04 10:26:18,406 - Quantum Trading Bot - INFO - SELL signal for AAPL (score: 0.2990, source: quantum)
2025-04-04 10:26:18,407 - Quantum Trading Bot - WARNING - Cannot sell AAPL - no position
2025-04-04 10:26:18,408 - Quantum Trading Bot - INFO - Processing MSFT
2025-04-04 10:26:18,408 - Quantum Trading Bot - INFO - Mock halal compliance check for MSFT: COMPLIANT
2025-04-04 10:26:18,417 - Quantum Trading Bot - INFO - Quantum device error rate: 0.0267
2025-04-04 10:26:18,420 - Quantum Trading Bot - INFO - Quantum prediction for MSFT: 0.0100 (confidence: 0.9733)
2025-04-04 10:26:18,420 - Quantum Trading Bot - INFO - Trading signal for MSFT: 0.0100 (source: quantum)
2025-04-04 10:26:18,420 - Quantum Trading Bot - INFO - SELL signal for MSFT (score: 0.0100, source: quantum)
2025-04-04 10:26:18,420 - Quantum Trading Bot - WARNING - Cannot sell MSFT - no position
2025-04-04 10:26:18,421 - Quantum Trading Bot - INFO - Processing NVDA
2025-04-04 10:26:18,421 - Quantum Trading Bot - INFO - Mock halal compliance check for NVDA: COMPLIANT
2025-04-04 10:26:18,429 - Quantum Trading Bot - INFO - Quantum device error rate: 0.0330
2025-04-04 10:26:18,432 - Quantum Trading Bot - INFO - Quantum prediction for NVDA: 0.5350 (confidence: 0.7736)
2025-04-04 10:26:18,432 - Quantum Trading Bot - INFO - Trading signal for NVDA: 0.5350 (source: quantum)
2025-04-04 10:26:18,432 - Quantum Trading Bot - INFO - HOLD signal for NVDA (score: 0.5350, source: quantum)
2025-04-04 10:26:18,438 - Quantum Trading Bot - INFO - Performance metrics saved: 40/72 winning trades
2025-04-04 10:26:18,438 - Quantum Trading Bot - INFO - Quantum prediction accuracy: 0.00
2025-04-04 10:26:18,438 - Quantum Trading Bot - INFO - Sleeping for 60 seconds
2025-04-04 10:27:14,918 - Trading System - INFO - Trading Bot is alive: True
2025-04-04 10:27:14,918 - Trading System - INFO - Monitor Bot is alive: True
2025-04-04 10:27:14,918 - Trading System - INFO - Improvement Bot is alive: True
2025-04-04 10:27:18,411 - Quantum Trading Bot - INFO - Starting trading cycle
2025-04-04 10:27:18,412 - Quantum Trading Bot - INFO - Processing AAPL
2025-04-04 10:27:18,412 - Quantum Trading Bot - INFO - Mock halal compliance check for AAPL: COMPLIANT
2025-04-04 10:27:18,438 - Quantum Trading Bot - INFO - Quantum device error rate: 0.0291
2025-04-04 10:27:18,443 - Quantum Trading Bot - INFO - Quantum prediction for AAPL: 0.4220 (confidence: 0.7767)
2025-04-04 10:27:18,443 - Quantum Trading Bot - INFO - Trading signal for AAPL: 0.4220 (source: quantum)
2025-04-04 10:27:18,443 - Quantum Trading Bot - INFO - HOLD signal for AAPL (score: 0.4220, source: quantum)
2025-04-04 10:27:18,445 - Quantum Trading Bot - INFO - Processing MSFT
2025-04-04 10:27:18,445 - Quantum Trading Bot - INFO - Mock halal compliance check for MSFT: COMPLIANT
2025-04-04 10:27:18,456 - Quantum Trading Bot - INFO - Quantum device error rate: 0.0408
2025-04-04 10:27:18,459 - Quantum Trading Bot - INFO - Quantum prediction for MSFT: 0.7020 (confidence: 0.9592)
2025-04-04 10:27:18,459 - Quantum Trading Bot - INFO - Trading signal for MSFT: 0.7020 (source: quantum)
2025-04-04 10:27:18,459 - Quantum Trading Bot - INFO - HOLD signal for MSFT (score: 0.7020, source: quantum)
2025-04-04 10:27:18,460 - Quantum Trading Bot - INFO - Processing NVDA
2025-04-04 10:27:18,460 - Quantum Trading Bot - INFO - Mock halal compliance check for NVDA: COMPLIANT
2025-04-04 10:27:18,469 - Quantum Trading Bot - INFO - Quantum device error rate: 0.0255
2025-04-04 10:27:18,471 - Quantum Trading Bot - INFO - Quantum prediction for NVDA: 0.8390 (confidence: 0.9745)
2025-04-04 10:27:18,471 - Quantum Trading Bot - INFO - Trading signal for NVDA: 0.8390 (source: quantum)
2025-04-04 10:27:18,471 - Quantum Trading Bot - INFO - HOLD signal for NVDA (score: 0.8390, source: quantum)
2025-04-04 10:27:18,478 - Quantum Trading Bot - INFO - Performance metrics saved: 40/72 winning trades
2025-04-04 10:27:18,478 - Quantum Trading Bot - INFO - Quantum prediction accuracy: 0.00
2025-04-04 10:27:18,478 - Quantum Trading Bot - INFO - Sleeping for 60 seconds
2025-04-04 10:28:14,919 - Trading System - INFO - Trading Bot is alive: True
2025-04-04 10:28:14,920 - Trading System - INFO - Monitor Bot is alive: True
2025-04-04 10:28:14,920 - Trading System - INFO - Improvement Bot is alive: True
2025-04-04 10:28:18,482 - Quantum Trading Bot - INFO - Starting trading cycle
2025-04-04 10:28:18,482 - Quantum Trading Bot - INFO - Processing AAPL
2025-04-04 10:28:18,482 - Quantum Trading Bot - INFO - Mock halal compliance check for AAPL: COMPLIANT
2025-04-04 10:28:18,503 - Quantum Trading Bot - INFO - Quantum device error rate: 0.0354
2025-04-04 10:28:18,508 - Quantum Trading Bot - INFO - Quantum prediction for AAPL: 0.2260 (confidence: 0.9646)
2025-04-04 10:28:18,508 - Quantum Trading Bot - INFO - Trading signal for AAPL: 0.2260 (source: quantum)
2025-04-04 10:28:18,508 - Quantum Trading Bot - INFO - SELL signal for AAPL (score: 0.2260, source: quantum)
2025-04-04 10:28:18,509 - Quantum Trading Bot - WARNING - Cannot sell AAPL - no position
2025-04-04 10:28:18,511 - Quantum Trading Bot - INFO - Processing MSFT
2025-04-04 10:28:18,511 - Quantum Trading Bot - INFO - Mock halal compliance check for MSFT: COMPLIANT
2025-04-04 10:28:18,521 - Quantum Trading Bot - INFO - Quantum device error rate: 0.0408
2025-04-04 10:28:18,524 - Quantum Trading Bot - INFO - Quantum prediction for MSFT: 0.4170 (confidence: 0.7674)
2025-04-04 10:28:18,524 - Quantum Trading Bot - INFO - Trading signal for MSFT: 0.4170 (source: quantum)
2025-04-04 10:28:18,524 - Quantum Trading Bot - INFO - HOLD signal for MSFT (score: 0.4170, source: quantum)
2025-04-04 10:28:18,525 - Quantum Trading Bot - INFO - Processing NVDA
2025-04-04 10:28:18,525 - Quantum Trading Bot - INFO - Mock halal compliance check for NVDA: COMPLIANT
2025-04-04 10:28:18,534 - Quantum Trading Bot - INFO - Quantum device error rate: 0.0318
2025-04-04 10:28:18,536 - Quantum Trading Bot - INFO - Quantum prediction for NVDA: 0.5280 (confidence: 0.7746)
2025-04-04 10:28:18,536 - Quantum Trading Bot - INFO - Trading signal for NVDA: 0.5280 (source: quantum)
2025-04-04 10:28:18,536 - Quantum Trading Bot - INFO - HOLD signal for NVDA (score: 0.5280, source: quantum)
2025-04-04 10:28:18,543 - Quantum Trading Bot - INFO - Performance metrics saved: 40/72 winning trades
2025-04-04 10:28:18,543 - Quantum Trading Bot - INFO - Quantum prediction accuracy: 0.00
2025-04-04 10:28:18,543 - Quantum Trading Bot - INFO - Sleeping for 60 seconds
2025-04-04 10:29:14,923 - Trading System - INFO - Trading Bot is alive: True
2025-04-04 10:29:14,924 - Trading System - INFO - Monitor Bot is alive: True
2025-04-04 10:29:14,924 - Trading System - INFO - Improvement Bot is alive: True
2025-04-04 10:29:18,547 - Quantum Trading Bot - INFO - Starting trading cycle
2025-04-04 10:29:18,547 - Quantum Trading Bot - INFO - Processing AAPL
2025-04-04 10:29:18,548 - Quantum Trading Bot - INFO - Mock halal compliance check for AAPL: COMPLIANT
2025-04-04 10:29:18,570 - Quantum Trading Bot - INFO - Quantum device error rate: 0.0495
2025-04-04 10:29:18,574 - Quantum Trading Bot - INFO - Quantum prediction for AAPL: 0.3050 (confidence: 0.9505)
2025-04-04 10:29:18,575 - Quantum Trading Bot - INFO - Trading signal for AAPL: 0.3050 (source: quantum)
2025-04-04 10:29:18,575 - Quantum Trading Bot - INFO - HOLD signal for AAPL (score: 0.3050, source: quantum)
2025-04-04 10:29:18,576 - Quantum Trading Bot - INFO - Processing MSFT
2025-04-04 10:29:18,576 - Quantum Trading Bot - INFO - Mock halal compliance check for MSFT: COMPLIANT
2025-04-04 10:29:18,587 - Quantum Trading Bot - INFO - Quantum device error rate: 0.0201
2025-04-04 10:29:18,590 - Quantum Trading Bot - INFO - Quantum prediction for MSFT: 0.2080 (confidence: 0.9799)
2025-04-04 10:29:18,590 - Quantum Trading Bot - INFO - Trading signal for MSFT: 0.2080 (source: quantum)
2025-04-04 10:29:18,590 - Quantum Trading Bot - INFO - SELL signal for MSFT (score: 0.2080, source: quantum)
2025-04-04 10:29:18,591 - Quantum Trading Bot - WARNING - Cannot sell MSFT - no position
2025-04-04 10:29:18,592 - Quantum Trading Bot - INFO - Processing NVDA
2025-04-04 10:29:18,592 - Quantum Trading Bot - INFO - Mock halal compliance check for NVDA: COMPLIANT
2025-04-04 10:29:18,600 - Quantum Trading Bot - INFO - Quantum device error rate: 0.0459
2025-04-04 10:29:18,603 - Quantum Trading Bot - INFO - Quantum prediction for NVDA: 0.4020 (confidence: 0.7633)
2025-04-04 10:29:18,603 - Quantum Trading Bot - INFO - Trading signal for NVDA: 0.4020 (source: quantum)
2025-04-04 10:29:18,603 - Quantum Trading Bot - INFO - HOLD signal for NVDA (score: 0.4020, source: quantum)
2025-04-04 10:29:18,610 - Quantum Trading Bot - INFO - Performance metrics saved: 40/72 winning trades
2025-04-04 10:29:18,610 - Quantum Trading Bot - INFO - Quantum prediction accuracy: 0.00
2025-04-04 10:29:18,610 - Quantum Trading Bot - INFO - Sleeping for 60 seconds
2025-04-04 10:30:14,929 - Trading System - INFO - Trading Bot is alive: True
2025-04-04 10:30:14,929 - Trading System - INFO - Monitor Bot is alive: True
2025-04-04 10:30:14,929 - Trading System - INFO - Improvement Bot is alive: True
2025-04-04 10:30:18,614 - Quantum Trading Bot - INFO - Starting trading cycle
2025-04-04 10:30:18,616 - Quantum Trading Bot - INFO - Processing AAPL
2025-04-04 10:30:18,616 - Quantum Trading Bot - INFO - Mock halal compliance check for AAPL: COMPLIANT
2025-04-04 10:30:18,634 - Quantum Trading Bot - INFO - Quantum device error rate: 0.0234
2025-04-04 10:30:18,638 - Quantum Trading Bot - INFO - Quantum prediction for AAPL: 0.7610 (confidence: 0.9766)
2025-04-04 10:30:18,639 - Quantum Trading Bot - INFO - Trading signal for AAPL: 0.7610 (source: quantum)
2025-04-04 10:30:18,639 - Quantum Trading Bot - INFO - HOLD signal for AAPL (score: 0.7610, source: quantum)
2025-04-04 10:30:18,640 - Quantum Trading Bot - INFO - Processing MSFT
2025-04-04 10:30:18,640 - Quantum Trading Bot - INFO - Mock halal compliance check for MSFT: COMPLIANT
2025-04-04 10:30:18,650 - Quantum Trading Bot - INFO - Quantum device error rate: 0.0513
2025-04-04 10:30:18,659 - Quantum Trading Bot - INFO - Quantum prediction for MSFT: 0.1774 (confidence: 0.9487)
2025-04-04 10:30:18,659 - Quantum Trading Bot - INFO - Trading signal for MSFT: 0.1774 (source: quantum)
2025-04-04 10:30:18,659 - Quantum Trading Bot - INFO - SELL signal for MSFT (score: 0.1774, source: quantum)
2025-04-04 10:30:18,660 - Quantum Trading Bot - WARNING - Cannot sell MSFT - no position
2025-04-04 10:30:18,661 - Quantum Trading Bot - INFO - Processing NVDA
2025-04-04 10:30:18,661 - Quantum Trading Bot - INFO - Mock halal compliance check for NVDA: COMPLIANT
2025-04-04 10:30:18,669 - Quantum Trading Bot - INFO - Quantum device error rate: 0.0249
2025-04-04 10:30:18,671 - Quantum Trading Bot - INFO - Quantum prediction for NVDA: 0.6610 (confidence: 0.9751)
2025-04-04 10:30:18,671 - Quantum Trading Bot - INFO - Trading signal for NVDA: 0.6610 (source: quantum)
2025-04-04 10:30:18,671 - Quantum Trading Bot - INFO - HOLD signal for NVDA (score: 0.6610, source: quantum)
2025-04-04 10:30:18,677 - Quantum Trading Bot - INFO - Performance metrics saved: 40/72 winning trades
2025-04-04 10:30:18,677 - Quantum Trading Bot - INFO - Quantum prediction accuracy: 0.00
2025-04-04 10:30:18,677 - Quantum Trading Bot - INFO - Sleeping for 60 seconds
2025-04-04 10:31:14,934 - Trading System - INFO - Trading Bot is alive: True
2025-04-04 10:31:14,935 - Trading System - INFO - Monitor Bot is alive: True
2025-04-04 10:31:14,936 - Trading System - INFO - Improvement Bot is alive: True
2025-04-04 10:31:18,682 - Quantum Trading Bot - INFO - Starting trading cycle
2025-04-04 10:31:18,682 - Quantum Trading Bot - INFO - Processing AAPL
2025-04-04 10:31:18,682 - Quantum Trading Bot - INFO - Mock halal compliance check for AAPL: COMPLIANT
2025-04-04 10:31:18,693 - Quantum Trading Bot - INFO - Quantum device error rate: 0.0543
2025-04-04 10:31:18,703 - Quantum Trading Bot - INFO - Quantum prediction for AAPL: 0.6942 (confidence: 0.9457)
2025-04-04 10:31:18,703 - Quantum Trading Bot - INFO - Trading signal for AAPL: 0.6942 (source: quantum)
2025-04-04 10:31:18,703 - Quantum Trading Bot - INFO - HOLD signal for AAPL (score: 0.6942, source: quantum)
2025-04-04 10:31:18,705 - Quantum Trading Bot - INFO - Processing MSFT
2025-04-04 10:31:18,705 - Quantum Trading Bot - INFO - Mock halal compliance check for MSFT: COMPLIANT
2025-04-04 10:31:18,717 - Quantum Trading Bot - INFO - Quantum device error rate: 0.0297
2025-04-04 10:31:18,720 - Quantum Trading Bot - INFO - Quantum prediction for MSFT: 0.7120 (confidence: 0.9703)
2025-04-04 10:31:18,720 - Quantum Trading Bot - INFO - Trading signal for MSFT: 0.7120 (source: quantum)
2025-04-04 10:31:18,720 - Quantum Trading Bot - INFO - HOLD signal for MSFT (score: 0.7120, source: quantum)
2025-04-04 10:31:18,721 - Quantum Trading Bot - INFO - Processing NVDA
2025-04-04 10:31:18,721 - Quantum Trading Bot - INFO - Mock halal compliance check for NVDA: COMPLIANT
2025-04-04 10:31:18,731 - Quantum Trading Bot - INFO - Quantum device error rate: 0.0330
2025-04-04 10:31:18,733 - Quantum Trading Bot - INFO - Quantum prediction for NVDA: 0.5060 (confidence: 0.7736)
2025-04-04 10:31:18,734 - Quantum Trading Bot - INFO - Trading signal for NVDA: 0.5060 (source: quantum)
2025-04-04 10:31:18,734 - Quantum Trading Bot - INFO - HOLD signal for NVDA (score: 0.5060, source: quantum)
2025-04-04 10:31:18,741 - Quantum Trading Bot - INFO - Performance metrics saved: 40/72 winning trades
2025-04-04 10:31:18,741 - Quantum Trading Bot - INFO - Quantum prediction accuracy: 0.00
2025-04-04 10:31:18,741 - Quantum Trading Bot - INFO - Sleeping for 60 seconds
2025-04-04 10:32:14,940 - Trading System - INFO - Trading Bot is alive: True
2025-04-04 10:32:14,942 - Trading System - INFO - Monitor Bot is alive: True
2025-04-04 10:32:14,942 - Trading System - INFO - Improvement Bot is alive: True
2025-04-04 10:32:18,750 - Quantum Trading Bot - INFO - Starting trading cycle
2025-04-04 10:32:18,751 - Quantum Trading Bot - INFO - Processing AAPL
2025-04-04 10:32:18,751 - Quantum Trading Bot - INFO - Mock halal compliance check for AAPL: COMPLIANT
2025-04-04 10:32:18,775 - Quantum Trading Bot - INFO - Quantum device error rate: 0.0396
2025-04-04 10:32:18,780 - Quantum Trading Bot - INFO - Quantum prediction for AAPL: 0.0210 (confidence: 0.9604)
2025-04-04 10:32:18,780 - Quantum Trading Bot - INFO - Trading signal for AAPL: 0.0210 (source: quantum)
2025-04-04 10:32:18,780 - Quantum Trading Bot - INFO - SELL signal for AAPL (score: 0.0210, source: quantum)
2025-04-04 10:32:18,781 - Quantum Trading Bot - WARNING - Cannot sell AAPL - no position
2025-04-04 10:32:18,783 - Quantum Trading Bot - INFO - Processing MSFT
2025-04-04 10:32:18,783 - Quantum Trading Bot - INFO - Mock halal compliance check for MSFT: COMPLIANT
2025-04-04 10:32:18,794 - Quantum Trading Bot - INFO - Quantum device error rate: 0.0303
2025-04-04 10:32:18,797 - Quantum Trading Bot - INFO - Quantum prediction for MSFT: 0.7660 (confidence: 0.9697)
2025-04-04 10:32:18,797 - Quantum Trading Bot - INFO - Trading signal for MSFT: 0.7660 (source: quantum)
2025-04-04 10:32:18,797 - Quantum Trading Bot - INFO - HOLD signal for MSFT (score: 0.7660, source: quantum)
2025-04-04 10:32:18,798 - Quantum Trading Bot - INFO - Processing NVDA
2025-04-04 10:32:18,798 - Quantum Trading Bot - INFO - Mock halal compliance check for NVDA: COMPLIANT
2025-04-04 10:32:18,807 - Quantum Trading Bot - INFO - Quantum device error rate: 0.0513
2025-04-04 10:32:18,815 - Quantum Trading Bot - INFO - Quantum prediction for NVDA: 0.6761 (confidence: 0.9487)
2025-04-04 10:32:18,815 - Quantum Trading Bot - INFO - Trading signal for NVDA: 0.6761 (source: quantum)
2025-04-04 10:32:18,815 - Quantum Trading Bot - INFO - HOLD signal for NVDA (score: 0.6761, source: quantum)
2025-04-04 10:32:18,821 - Quantum Trading Bot - INFO - Performance metrics saved: 40/72 winning trades
2025-04-04 10:32:18,821 - Quantum Trading Bot - INFO - Quantum prediction accuracy: 0.00
2025-04-04 10:32:18,833 - Quantum Trading Bot - INFO - Quantum device error rate: 0.0540
2025-04-04 10:32:18,834 - Quantum Trading Bot - INFO - Quantum portfolio optimization complete: {'AAPL': np.float64(0.3397790055248619), 'MSFT': np.float64(0.3287292817679558), 'NVDA': np.float64(0.3314917127071823)}
2025-04-04 10:32:18,834 - Quantum Trading Bot - INFO - Optimal portfolio weights: {'AAPL': np.float64(0.3397790055248619), 'MSFT': np.float64(0.3287292817679558), 'NVDA': np.float64(0.3314917127071823)}
2025-04-04 10:32:18,835 - Quantum Trading Bot - INFO - Sleeping for 60 seconds
2025-04-04 10:33:14,641 - Improvement Bot - INFO - Running scheduled task: System Health Analysis
2025-04-04 10:33:14,647 - Improvement Bot - INFO - Win rate trend: +0.00%
2025-04-04 10:33:14,648 - Improvement Bot - INFO - Profit trend: +0.00%
2025-04-04 10:33:14,648 - Improvement Bot - INFO - System health analysis completed: healthy
2025-04-04 10:33:14,648 - Improvement Bot - INFO - Task System Health Analysis completed successfully
2025-04-04 10:33:14,949 - Trading System - INFO - Trading Bot is alive: True
2025-04-04 10:33:14,949 - Trading System - INFO - Monitor Bot is alive: True
2025-04-04 10:33:14,950 - Trading System - INFO - Improvement Bot is alive: True
2025-04-04 10:33:18,839 - Quantum Trading Bot - INFO - Starting trading cycle
2025-04-04 10:33:18,840 - Quantum Trading Bot - INFO - Processing AAPL
2025-04-04 10:33:18,840 - Quantum Trading Bot - INFO - Mock halal compliance check for AAPL: COMPLIANT
2025-04-04 10:33:18,864 - Quantum Trading Bot - INFO - Quantum device error rate: 0.0285
2025-04-04 10:33:18,868 - Quantum Trading Bot - INFO - Quantum prediction for AAPL: 0.6220 (confidence: 0.9715)
2025-04-04 10:33:18,869 - Quantum Trading Bot - INFO - Trading signal for AAPL: 0.6220 (source: quantum)
2025-04-04 10:33:18,869 - Quantum Trading Bot - INFO - HOLD signal for AAPL (score: 0.6220, source: quantum)
2025-04-04 10:33:18,870 - Quantum Trading Bot - INFO - Processing MSFT
2025-04-04 10:33:18,870 - Quantum Trading Bot - INFO - Mock halal compliance check for MSFT: COMPLIANT
2025-04-04 10:33:18,880 - Quantum Trading Bot - INFO - Quantum device error rate: 0.0354
2025-04-04 10:33:18,883 - Quantum Trading Bot - INFO - Quantum prediction for MSFT: 0.9210 (confidence: 0.9646)
2025-04-04 10:33:18,883 - Quantum Trading Bot - INFO - Trading signal for MSFT: 0.9210 (source: quantum)
2025-04-04 10:33:18,883 - Quantum Trading Bot - INFO - HOLD signal for MSFT (score: 0.9210, source: quantum)
2025-04-04 10:33:18,884 - Quantum Trading Bot - INFO - Processing NVDA
2025-04-04 10:33:18,884 - Quantum Trading Bot - INFO - Mock halal compliance check for NVDA: COMPLIANT
2025-04-04 10:33:18,893 - Quantum Trading Bot - INFO - Quantum device error rate: 0.0276
2025-04-04 10:33:18,895 - Quantum Trading Bot - INFO - Quantum prediction for NVDA: 0.1340 (confidence: 0.9724)
2025-04-04 10:33:18,895 - Quantum Trading Bot - INFO - Trading signal for NVDA: 0.1340 (source: quantum)
2025-04-04 10:33:18,895 - Quantum Trading Bot - INFO - SELL signal for NVDA (score: 0.1340, source: quantum)
2025-04-04 10:33:18,896 - Quantum Trading Bot - WARNING - Cannot sell NVDA - no position
2025-04-04 10:33:18,902 - Quantum Trading Bot - INFO - Performance metrics saved: 40/72 winning trades
2025-04-04 10:33:18,902 - Quantum Trading Bot - INFO - Quantum prediction accuracy: 0.00
2025-04-04 10:33:18,902 - Quantum Trading Bot - INFO - Sleeping for 60 seconds
2025-04-04 10:34:14,954 - Trading System - INFO - Trading Bot is alive: True
2025-04-04 10:34:14,955 - Trading System - INFO - Monitor Bot is alive: True
2025-04-04 10:34:14,956 - Trading System - INFO - Improvement Bot is alive: True
2025-04-04 10:34:18,907 - Quantum Trading Bot - INFO - Starting trading cycle
2025-04-04 10:34:18,907 - Quantum Trading Bot - INFO - Processing AAPL
2025-04-04 10:34:18,907 - Quantum Trading Bot - INFO - Mock halal compliance check for AAPL: COMPLIANT
2025-04-04 10:34:18,928 - Quantum Trading Bot - INFO - Quantum device error rate: 0.0345
2025-04-04 10:34:18,932 - Quantum Trading Bot - INFO - Quantum prediction for AAPL: 0.2880 (confidence: 0.9655)
2025-04-04 10:34:18,932 - Quantum Trading Bot - INFO - Trading signal for AAPL: 0.2880 (source: quantum)
2025-04-04 10:34:18,932 - Quantum Trading Bot - INFO - SELL signal for AAPL (score: 0.2880, source: quantum)
2025-04-04 10:34:18,933 - Quantum Trading Bot - WARNING - Cannot sell AAPL - no position
2025-04-04 10:34:18,934 - Quantum Trading Bot - INFO - Processing MSFT
2025-04-04 10:34:18,934 - Quantum Trading Bot - INFO - Mock halal compliance check for MSFT: COMPLIANT
2025-04-04 10:34:18,944 - Quantum Trading Bot - INFO - Quantum device error rate: 0.0306
2025-04-04 10:34:18,947 - Quantum Trading Bot - INFO - Quantum prediction for MSFT: 0.2050 (confidence: 0.9694)
2025-04-04 10:34:18,947 - Quantum Trading Bot - INFO - Trading signal for MSFT: 0.2050 (source: quantum)
2025-04-04 10:34:18,947 - Quantum Trading Bot - INFO - SELL signal for MSFT (score: 0.2050, source: quantum)
2025-04-04 10:34:18,947 - Quantum Trading Bot - WARNING - Cannot sell MSFT - no position
2025-04-04 10:34:18,948 - Quantum Trading Bot - INFO - Processing NVDA
2025-04-04 10:34:18,948 - Quantum Trading Bot - INFO - Mock halal compliance check for NVDA: COMPLIANT
2025-04-04 10:34:18,957 - Quantum Trading Bot - INFO - Quantum device error rate: 0.0324
2025-04-04 10:34:18,959 - Quantum Trading Bot - INFO - Quantum prediction for NVDA: 0.7810 (confidence: 0.9676)
2025-04-04 10:34:18,959 - Quantum Trading Bot - INFO - Trading signal for NVDA: 0.7810 (source: quantum)
2025-04-04 10:34:18,959 - Quantum Trading Bot - INFO - HOLD signal for NVDA (score: 0.7810, source: quantum)
2025-04-04 10:34:18,966 - Quantum Trading Bot - INFO - Performance metrics saved: 40/72 winning trades
2025-04-04 10:34:18,966 - Quantum Trading Bot - INFO - Quantum prediction accuracy: 0.00
2025-04-04 10:34:18,966 - Quantum Trading Bot - INFO - Sleeping for 60 seconds
2025-04-04 10:35:14,960 - Trading System - INFO - Trading Bot is alive: True
2025-04-04 10:35:14,961 - Trading System - INFO - Monitor Bot is alive: True
2025-04-04 10:35:14,961 - Trading System - INFO - Improvement Bot is alive: True
2025-04-04 10:35:18,970 - Quantum Trading Bot - INFO - Starting trading cycle
2025-04-04 10:35:18,971 - Quantum Trading Bot - INFO - Processing AAPL
2025-04-04 10:35:18,971 - Quantum Trading Bot - INFO - Mock halal compliance check for AAPL: COMPLIANT
2025-04-04 10:35:18,990 - Quantum Trading Bot - INFO - Quantum device error rate: 0.0519
2025-04-04 10:35:19,001 - Quantum Trading Bot - INFO - Quantum prediction for AAPL: 0.3417 (confidence: 0.9481)
2025-04-04 10:35:19,001 - Quantum Trading Bot - INFO - Trading signal for AAPL: 0.3417 (source: quantum)
2025-04-04 10:35:19,001 - Quantum Trading Bot - INFO - HOLD signal for AAPL (score: 0.3417, source: quantum)
2025-04-04 10:35:19,003 - Quantum Trading Bot - INFO - Processing MSFT
2025-04-04 10:35:19,003 - Quantum Trading Bot - INFO - Mock halal compliance check for MSFT: COMPLIANT
2025-04-04 10:35:19,012 - Quantum Trading Bot - INFO - Quantum device error rate: 0.0300
2025-04-04 10:35:19,014 - Quantum Trading Bot - INFO - Quantum prediction for MSFT: 0.3950 (confidence: 0.9700)
2025-04-04 10:35:19,014 - Quantum Trading Bot - INFO - Trading signal for MSFT: 0.3950 (source: quantum)
2025-04-04 10:35:19,014 - Quantum Trading Bot - INFO - HOLD signal for MSFT (score: 0.3950, source: quantum)
2025-04-04 10:35:19,016 - Quantum Trading Bot - INFO - Processing NVDA
2025-04-04 10:35:19,016 - Quantum Trading Bot - INFO - Mock halal compliance check for NVDA: COMPLIANT
2025-04-04 10:35:19,023 - Quantum Trading Bot - INFO - Quantum device error rate: 0.0405
2025-04-04 10:35:19,026 - Quantum Trading Bot - INFO - Quantum prediction for NVDA: 0.3170 (confidence: 0.9595)
2025-04-04 10:35:19,026 - Quantum Trading Bot - INFO - Trading signal for NVDA: 0.3170 (source: quantum)
2025-04-04 10:35:19,026 - Quantum Trading Bot - INFO - HOLD signal for NVDA (score: 0.3170, source: quantum)
2025-04-04 10:35:19,032 - Quantum Trading Bot - INFO - Performance metrics saved: 40/72 winning trades
2025-04-04 10:35:19,032 - Quantum Trading Bot - INFO - Quantum prediction accuracy: 0.00
2025-04-04 10:35:19,032 - Quantum Trading Bot - INFO - Sleeping for 60 seconds
2025-04-04 10:36:14,963 - Trading System - INFO - Trading Bot is alive: True
2025-04-04 10:36:14,964 - Trading System - INFO - Monitor Bot is alive: True
2025-04-04 10:36:14,964 - Trading System - INFO - Improvement Bot is alive: True
2025-04-04 10:36:19,037 - Quantum Trading Bot - INFO - Starting trading cycle
2025-04-04 10:36:19,037 - Quantum Trading Bot - INFO - Processing AAPL
2025-04-04 10:36:19,037 - Quantum Trading Bot - INFO - Mock halal compliance check for AAPL: COMPLIANT
2025-04-04 10:36:19,063 - Quantum Trading Bot - INFO - Quantum device error rate: 0.0453
2025-04-04 10:36:19,068 - Quantum Trading Bot - INFO - Quantum prediction for AAPL: 0.1730 (confidence: 0.9547)
2025-04-04 10:36:19,068 - Quantum Trading Bot - INFO - Trading signal for AAPL: 0.1730 (source: quantum)
2025-04-04 10:36:19,068 - Quantum Trading Bot - INFO - SELL signal for AAPL (score: 0.1730, source: quantum)
2025-04-04 10:36:19,069 - Quantum Trading Bot - WARNING - Cannot sell AAPL - no position
2025-04-04 10:36:19,071 - Quantum Trading Bot - INFO - Processing MSFT
2025-04-04 10:36:19,071 - Quantum Trading Bot - INFO - Mock halal compliance check for MSFT: COMPLIANT
2025-04-04 10:36:19,082 - Quantum Trading Bot - INFO - Quantum device error rate: 0.0543
2025-04-04 10:36:19,091 - Quantum Trading Bot - INFO - Quantum prediction for MSFT: 0.2670 (confidence: 0.9457)
2025-04-04 10:36:19,091 - Quantum Trading Bot - INFO - Trading signal for MSFT: 0.2670 (source: quantum)
2025-04-04 10:36:19,091 - Quantum Trading Bot - INFO - SELL signal for MSFT (score: 0.2670, source: quantum)
2025-04-04 10:36:19,092 - Quantum Trading Bot - WARNING - Cannot sell MSFT - no position
2025-04-04 10:36:19,093 - Quantum Trading Bot - INFO - Processing NVDA
2025-04-04 10:36:19,093 - Quantum Trading Bot - INFO - Mock halal compliance check for NVDA: COMPLIANT
2025-04-04 10:36:19,101 - Quantum Trading Bot - INFO - Quantum device error rate: 0.0357
2025-04-04 10:36:19,103 - Quantum Trading Bot - INFO - Quantum prediction for NVDA: 0.3860 (confidence: 0.9643)
2025-04-04 10:36:19,103 - Quantum Trading Bot - INFO - Trading signal for NVDA: 0.3860 (source: quantum)
2025-04-04 10:36:19,103 - Quantum Trading Bot - INFO - HOLD signal for NVDA (score: 0.3860, source: quantum)
2025-04-04 10:36:19,110 - Quantum Trading Bot - INFO - Performance metrics saved: 40/72 winning trades
2025-04-04 10:36:19,110 - Quantum Trading Bot - INFO - Quantum prediction accuracy: 0.00
2025-04-04 10:36:19,110 - Quantum Trading Bot - INFO - Sleeping for 60 seconds
2025-04-04 10:37:14,967 - Trading System - INFO - Trading Bot is alive: True
2025-04-04 10:37:14,968 - Trading System - INFO - Monitor Bot is alive: True
2025-04-04 10:37:14,969 - Trading System - INFO - Improvement Bot is alive: True
2025-04-04 10:37:19,115 - Quantum Trading Bot - INFO - Starting trading cycle
2025-04-04 10:37:19,115 - Quantum Trading Bot - INFO - Processing AAPL
2025-04-04 10:37:19,115 - Quantum Trading Bot - INFO - Mock halal compliance check for AAPL: COMPLIANT
2025-04-04 10:37:19,138 - Quantum Trading Bot - INFO - Quantum device error rate: 0.0288
2025-04-04 10:37:19,142 - Quantum Trading Bot - INFO - Quantum prediction for AAPL: 0.2530 (confidence: 0.9712)
2025-04-04 10:37:19,142 - Quantum Trading Bot - INFO - Trading signal for AAPL: 0.2530 (source: quantum)
2025-04-04 10:37:19,142 - Quantum Trading Bot - INFO - SELL signal for AAPL (score: 0.2530, source: quantum)
2025-04-04 10:37:19,143 - Quantum Trading Bot - WARNING - Cannot sell AAPL - no position
2025-04-04 10:37:19,145 - Quantum Trading Bot - INFO - Processing MSFT
2025-04-04 10:37:19,145 - Quantum Trading Bot - INFO - Mock halal compliance check for MSFT: COMPLIANT
2025-04-04 10:37:19,155 - Quantum Trading Bot - INFO - Quantum device error rate: 0.0315
2025-04-04 10:37:19,158 - Quantum Trading Bot - INFO - Quantum prediction for MSFT: 0.6460 (confidence: 0.9685)
2025-04-04 10:37:19,158 - Quantum Trading Bot - INFO - Trading signal for MSFT: 0.6460 (source: quantum)
2025-04-04 10:37:19,158 - Quantum Trading Bot - INFO - HOLD signal for MSFT (score: 0.6460, source: quantum)
2025-04-04 10:37:19,159 - Quantum Trading Bot - INFO - Processing NVDA
2025-04-04 10:37:19,159 - Quantum Trading Bot - INFO - Mock halal compliance check for NVDA: COMPLIANT
2025-04-04 10:37:19,168 - Quantum Trading Bot - INFO - Quantum device error rate: 0.0333
2025-04-04 10:37:19,170 - Quantum Trading Bot - INFO - Quantum prediction for NVDA: 0.5910 (confidence: 0.7734)
2025-04-04 10:37:19,170 - Quantum Trading Bot - INFO - Trading signal for NVDA: 0.5910 (source: quantum)
2025-04-04 10:37:19,170 - Quantum Trading Bot - INFO - HOLD signal for NVDA (score: 0.5910, source: quantum)
2025-04-04 10:37:19,177 - Quantum Trading Bot - INFO - Performance metrics saved: 40/72 winning trades
2025-04-04 10:37:19,177 - Quantum Trading Bot - INFO - Quantum prediction accuracy: 0.00
2025-04-04 10:37:19,177 - Quantum Trading Bot - INFO - Sleeping for 60 seconds
2025-04-04 10:38:14,969 - Trading System - INFO - Trading Bot is alive: True
2025-04-04 10:38:14,969 - Trading System - INFO - Monitor Bot is alive: True
2025-04-04 10:38:14,970 - Trading System - INFO - Improvement Bot is alive: True
2025-04-04 10:38:19,182 - Quantum Trading Bot - INFO - Starting trading cycle
2025-04-04 10:38:19,182 - Quantum Trading Bot - INFO - Processing AAPL
2025-04-04 10:38:19,182 - Quantum Trading Bot - INFO - Mock halal compliance check for AAPL: COMPLIANT
2025-04-04 10:38:19,207 - Quantum Trading Bot - INFO - Quantum device error rate: 0.0330
2025-04-04 10:38:19,212 - Quantum Trading Bot - INFO - Quantum prediction for AAPL: 0.6900 (confidence: 0.9670)
2025-04-04 10:38:19,212 - Quantum Trading Bot - INFO - Trading signal for AAPL: 0.6900 (source: quantum)
2025-04-04 10:38:19,212 - Quantum Trading Bot - INFO - HOLD signal for AAPL (score: 0.6900, source: quantum)
2025-04-04 10:38:19,214 - Quantum Trading Bot - INFO - Processing MSFT
2025-04-04 10:38:19,214 - Quantum Trading Bot - INFO - Mock halal compliance check for MSFT: COMPLIANT
2025-04-04 10:38:19,225 - Quantum Trading Bot - INFO - Quantum device error rate: 0.0336
2025-04-04 10:38:19,228 - Quantum Trading Bot - INFO - Quantum prediction for MSFT: 0.7960 (confidence: 0.9664)
2025-04-04 10:38:19,228 - Quantum Trading Bot - INFO - Trading signal for MSFT: 0.7960 (source: quantum)
2025-04-04 10:38:19,228 - Quantum Trading Bot - INFO - HOLD signal for MSFT (score: 0.7960, source: quantum)
2025-04-04 10:38:19,229 - Quantum Trading Bot - INFO - Processing NVDA
2025-04-04 10:38:19,229 - Quantum Trading Bot - INFO - Mock halal compliance check for NVDA: COMPLIANT
2025-04-04 10:38:19,238 - Quantum Trading Bot - INFO - Quantum device error rate: 0.0393
2025-04-04 10:38:19,241 - Quantum Trading Bot - INFO - Quantum prediction for NVDA: 0.7470 (confidence: 0.9607)
2025-04-04 10:38:19,241 - Quantum Trading Bot - INFO - Trading signal for NVDA: 0.7470 (source: quantum)
2025-04-04 10:38:19,241 - Quantum Trading Bot - INFO - HOLD signal for NVDA (score: 0.7470, source: quantum)
2025-04-04 10:38:19,248 - Quantum Trading Bot - INFO - Performance metrics saved: 40/72 winning trades
2025-04-04 10:38:19,248 - Quantum Trading Bot - INFO - Quantum prediction accuracy: 0.00
2025-04-04 10:38:19,248 - Quantum Trading Bot - INFO - Sleeping for 60 seconds
2025-04-04 10:39:14,972 - Trading System - INFO - Trading Bot is alive: True
2025-04-04 10:39:14,973 - Trading System - INFO - Monitor Bot is alive: True
2025-04-04 10:39:14,974 - Trading System - INFO - Improvement Bot is alive: True
2025-04-04 10:39:19,252 - Quantum Trading Bot - INFO - Starting trading cycle
2025-04-04 10:39:19,253 - Quantum Trading Bot - INFO - Processing AAPL
2025-04-04 10:39:19,253 - Quantum Trading Bot - INFO - Mock halal compliance check for AAPL: COMPLIANT
2025-04-04 10:39:19,277 - Quantum Trading Bot - INFO - Quantum device error rate: 0.0339
2025-04-04 10:39:19,281 - Quantum Trading Bot - INFO - Quantum prediction for AAPL: 0.1550 (confidence: 0.9661)
2025-04-04 10:39:19,282 - Quantum Trading Bot - INFO - Trading signal for AAPL: 0.1550 (source: quantum)
2025-04-04 10:39:19,282 - Quantum Trading Bot - INFO - SELL signal for AAPL (score: 0.1550, source: quantum)
2025-04-04 10:39:19,283 - Quantum Trading Bot - WARNING - Cannot sell AAPL - no position
2025-04-04 10:39:19,285 - Quantum Trading Bot - INFO - Processing MSFT
2025-04-04 10:39:19,285 - Quantum Trading Bot - INFO - Mock halal compliance check for MSFT: COMPLIANT
2025-04-04 10:39:19,295 - Quantum Trading Bot - INFO - Quantum device error rate: 0.0369
2025-04-04 10:39:19,298 - Quantum Trading Bot - INFO - Quantum prediction for MSFT: 0.7960 (confidence: 0.9631)
2025-04-04 10:39:19,298 - Quantum Trading Bot - INFO - Trading signal for MSFT: 0.7960 (source: quantum)
2025-04-04 10:39:19,298 - Quantum Trading Bot - INFO - HOLD signal for MSFT (score: 0.7960, source: quantum)
2025-04-04 10:39:19,299 - Quantum Trading Bot - INFO - Processing NVDA
2025-04-04 10:39:19,300 - Quantum Trading Bot - INFO - Mock halal compliance check for NVDA: COMPLIANT
2025-04-04 10:39:19,308 - Quantum Trading Bot - INFO - Quantum device error rate: 0.0336
2025-04-04 10:39:19,310 - Quantum Trading Bot - INFO - Quantum prediction for NVDA: 0.5140 (confidence: 0.7731)
2025-04-04 10:39:19,310 - Quantum Trading Bot - INFO - Trading signal for NVDA: 0.5140 (source: quantum)
2025-04-04 10:39:19,310 - Quantum Trading Bot - INFO - HOLD signal for NVDA (score: 0.5140, source: quantum)
2025-04-04 10:39:19,317 - Quantum Trading Bot - INFO - Performance metrics saved: 40/72 winning trades
2025-04-04 10:39:19,317 - Quantum Trading Bot - INFO - Quantum prediction accuracy: 0.00
2025-04-04 10:39:19,317 - Quantum Trading Bot - INFO - Sleeping for 60 seconds
2025-04-04 10:40:14,975 - Trading System - INFO - Trading Bot is alive: True
2025-04-04 10:40:14,977 - Trading System - INFO - Monitor Bot is alive: True
2025-04-04 10:40:14,977 - Trading System - INFO - Improvement Bot is alive: True
2025-04-04 10:40:19,321 - Quantum Trading Bot - INFO - Starting trading cycle
2025-04-04 10:40:19,322 - Quantum Trading Bot - INFO - Processing AAPL
2025-04-04 10:40:19,322 - Quantum Trading Bot - INFO - Mock halal compliance check for AAPL: COMPLIANT
2025-04-04 10:40:19,353 - Quantum Trading Bot - INFO - Quantum device error rate: 0.0429
2025-04-04 10:40:19,358 - Quantum Trading Bot - INFO - Quantum prediction for AAPL: 0.6360 (confidence: 0.9571)
2025-04-04 10:40:19,358 - Quantum Trading Bot - INFO - Trading signal for AAPL: 0.6360 (source: quantum)
2025-04-04 10:40:19,358 - Quantum Trading Bot - INFO - HOLD signal for AAPL (score: 0.6360, source: quantum)
2025-04-04 10:40:19,360 - Quantum Trading Bot - INFO - Processing MSFT
2025-04-04 10:40:19,360 - Quantum Trading Bot - INFO - Mock halal compliance check for MSFT: COMPLIANT
2025-04-04 10:40:19,372 - Quantum Trading Bot - INFO - Quantum device error rate: 0.0525
2025-04-04 10:40:19,381 - Quantum Trading Bot - INFO - Quantum prediction for MSFT: 0.4771 (confidence: 0.7580)
2025-04-04 10:40:19,381 - Quantum Trading Bot - INFO - Trading signal for MSFT: 0.4771 (source: quantum)
2025-04-04 10:40:19,381 - Quantum Trading Bot - INFO - HOLD signal for MSFT (score: 0.4771, source: quantum)
2025-04-04 10:40:19,382 - Quantum Trading Bot - INFO - Processing NVDA
2025-04-04 10:40:19,382 - Quantum Trading Bot - INFO - Mock halal compliance check for NVDA: COMPLIANT
2025-04-04 10:40:19,390 - Quantum Trading Bot - INFO - Quantum device error rate: 0.0312
2025-04-04 10:40:19,393 - Quantum Trading Bot - INFO - Quantum prediction for NVDA: 0.4580 (confidence: 0.7750)
2025-04-04 10:40:19,393 - Quantum Trading Bot - INFO - Trading signal for NVDA: 0.4580 (source: quantum)
2025-04-04 10:40:19,393 - Quantum Trading Bot - INFO - HOLD signal for NVDA (score: 0.4580, source: quantum)
2025-04-04 10:40:19,399 - Quantum Trading Bot - INFO - Performance metrics saved: 40/72 winning trades
2025-04-04 10:40:19,400 - Quantum Trading Bot - INFO - Quantum prediction accuracy: 0.00
2025-04-04 10:40:19,400 - Quantum Trading Bot - INFO - Sleeping for 60 seconds
2025-04-04 10:41:14,981 - Trading System - INFO - Trading Bot is alive: True
2025-04-04 10:41:14,982 - Trading System - INFO - Monitor Bot is alive: True
2025-04-04 10:41:14,983 - Trading System - INFO - Improvement Bot is alive: True
2025-04-04 10:41:19,404 - Quantum Trading Bot - INFO - Starting trading cycle
2025-04-04 10:41:19,404 - Quantum Trading Bot - INFO - Processing AAPL
2025-04-04 10:41:19,405 - Quantum Trading Bot - INFO - Mock halal compliance check for AAPL: COMPLIANT
2025-04-04 10:41:19,424 - Quantum Trading Bot - INFO - Quantum device error rate: 0.0540
2025-04-04 10:41:19,435 - Quantum Trading Bot - INFO - Quantum prediction for AAPL: 0.3356 (confidence: 0.9460)
2025-04-04 10:41:19,435 - Quantum Trading Bot - INFO - Trading signal for AAPL: 0.3356 (source: quantum)
2025-04-04 10:41:19,435 - Quantum Trading Bot - INFO - HOLD signal for AAPL (score: 0.3356, source: quantum)
2025-04-04 10:41:19,436 - Quantum Trading Bot - INFO - Processing MSFT
2025-04-04 10:41:19,436 - Quantum Trading Bot - INFO - Mock halal compliance check for MSFT: COMPLIANT
2025-04-04 10:41:19,445 - Quantum Trading Bot - INFO - Quantum device error rate: 0.0243
2025-04-04 10:41:19,448 - Quantum Trading Bot - INFO - Quantum prediction for MSFT: 0.7460 (confidence: 0.9757)
2025-04-04 10:41:19,448 - Quantum Trading Bot - INFO - Trading signal for MSFT: 0.7460 (source: quantum)
2025-04-04 10:41:19,448 - Quantum Trading Bot - INFO - HOLD signal for MSFT (score: 0.7460, source: quantum)
2025-04-04 10:41:19,449 - Quantum Trading Bot - INFO - Processing NVDA
2025-04-04 10:41:19,449 - Quantum Trading Bot - INFO - Mock halal compliance check for NVDA: COMPLIANT
2025-04-04 10:41:19,457 - Quantum Trading Bot - INFO - Quantum device error rate: 0.0453
2025-04-04 10:41:19,459 - Quantum Trading Bot - INFO - Quantum prediction for NVDA: 0.5380 (confidence: 0.7638)
2025-04-04 10:41:19,459 - Quantum Trading Bot - INFO - Trading signal for NVDA: 0.5380 (source: quantum)
2025-04-04 10:41:19,459 - Quantum Trading Bot - INFO - HOLD signal for NVDA (score: 0.5380, source: quantum)
2025-04-04 10:41:19,466 - Quantum Trading Bot - INFO - Performance metrics saved: 40/72 winning trades
2025-04-04 10:41:19,466 - Quantum Trading Bot - INFO - Quantum prediction accuracy: 0.00
2025-04-04 10:41:19,466 - Quantum Trading Bot - INFO - Sleeping for 60 seconds
2025-04-04 10:42:14,983 - Trading System - INFO - Trading Bot is alive: True
2025-04-04 10:42:14,984 - Trading System - INFO - Monitor Bot is alive: True
2025-04-04 10:42:14,984 - Trading System - INFO - Improvement Bot is alive: True
2025-04-04 10:42:19,471 - Quantum Trading Bot - INFO - Starting trading cycle
2025-04-04 10:42:19,471 - Quantum Trading Bot - INFO - Processing AAPL
2025-04-04 10:42:19,471 - Quantum Trading Bot - INFO - Mock halal compliance check for AAPL: COMPLIANT
2025-04-04 10:42:19,493 - Quantum Trading Bot - INFO - Quantum device error rate: 0.0234
2025-04-04 10:42:19,498 - Quantum Trading Bot - INFO - Quantum prediction for AAPL: 0.7980 (confidence: 0.9766)
2025-04-04 10:42:19,498 - Quantum Trading Bot - INFO - Trading signal for AAPL: 0.7980 (source: quantum)
2025-04-04 10:42:19,498 - Quantum Trading Bot - INFO - HOLD signal for AAPL (score: 0.7980, source: quantum)
2025-04-04 10:42:19,500 - Quantum Trading Bot - INFO - Processing MSFT
2025-04-04 10:42:19,500 - Quantum Trading Bot - INFO - Mock halal compliance check for MSFT: COMPLIANT
2025-04-04 10:42:19,510 - Quantum Trading Bot - INFO - Quantum device error rate: 0.0486
2025-04-04 10:42:19,513 - Quantum Trading Bot - INFO - Quantum prediction for MSFT: 0.4820 (confidence: 0.7611)
2025-04-04 10:42:19,513 - Quantum Trading Bot - INFO - Trading signal for MSFT: 0.4820 (source: quantum)
2025-04-04 10:42:19,513 - Quantum Trading Bot - INFO - HOLD signal for MSFT (score: 0.4820, source: quantum)
2025-04-04 10:42:19,515 - Quantum Trading Bot - INFO - Processing NVDA
2025-04-04 10:42:19,515 - Quantum Trading Bot - INFO - Mock halal compliance check for NVDA: COMPLIANT
2025-04-04 10:42:19,523 - Quantum Trading Bot - INFO - Quantum device error rate: 0.0321
2025-04-04 10:42:19,526 - Quantum Trading Bot - INFO - Quantum prediction for NVDA: 0.5350 (confidence: 0.7743)
2025-04-04 10:42:19,526 - Quantum Trading Bot - INFO - Trading signal for NVDA: 0.5350 (source: quantum)
2025-04-04 10:42:19,526 - Quantum Trading Bot - INFO - HOLD signal for NVDA (score: 0.5350, source: quantum)
2025-04-04 10:42:19,533 - Quantum Trading Bot - INFO - Performance metrics saved: 40/72 winning trades
2025-04-04 10:42:19,533 - Quantum Trading Bot - INFO - Quantum prediction accuracy: 0.00
2025-04-04 10:42:19,533 - Quantum Trading Bot - INFO - Sleeping for 60 seconds
2025-04-04 10:43:14,989 - Trading System - INFO - Trading Bot is alive: True
2025-04-04 10:43:14,989 - Trading System - INFO - Monitor Bot is alive: True
2025-04-04 10:43:14,989 - Trading System - INFO - Improvement Bot is alive: True
2025-04-04 10:43:19,537 - Quantum Trading Bot - INFO - Starting trading cycle
2025-04-04 10:43:19,538 - Quantum Trading Bot - INFO - Processing AAPL
2025-04-04 10:43:19,538 - Quantum Trading Bot - INFO - Mock halal compliance check for AAPL: COMPLIANT
2025-04-04 10:43:19,557 - Quantum Trading Bot - INFO - Quantum device error rate: 0.0612
2025-04-04 10:43:19,569 - Quantum Trading Bot - INFO - Quantum prediction for AAPL: 0.5182 (confidence: 0.7510)
2025-04-04 10:43:19,569 - Quantum Trading Bot - INFO - Trading signal for AAPL: 0.5182 (source: quantum)
2025-04-04 10:43:19,569 - Quantum Trading Bot - INFO - HOLD signal for AAPL (score: 0.5182, source: quantum)
2025-04-04 10:43:19,570 - Quantum Trading Bot - INFO - Processing MSFT
2025-04-04 10:43:19,570 - Quantum Trading Bot - INFO - Mock halal compliance check for MSFT: COMPLIANT
2025-04-04 10:43:19,580 - Quantum Trading Bot - INFO - Quantum device error rate: 0.0504
2025-04-04 10:43:19,588 - Quantum Trading Bot - INFO - Quantum prediction for MSFT: 0.1697 (confidence: 0.9496)
2025-04-04 10:43:19,588 - Quantum Trading Bot - INFO - Trading signal for MSFT: 0.1697 (source: quantum)
2025-04-04 10:43:19,588 - Quantum Trading Bot - INFO - SELL signal for MSFT (score: 0.1697, source: quantum)
2025-04-04 10:43:19,589 - Quantum Trading Bot - WARNING - Cannot sell MSFT - no position
2025-04-04 10:43:19,590 - Quantum Trading Bot - INFO - Processing NVDA
2025-04-04 10:43:19,590 - Quantum Trading Bot - INFO - Mock halal compliance check for NVDA: COMPLIANT
2025-04-04 10:43:19,598 - Quantum Trading Bot - INFO - Quantum device error rate: 0.0297
2025-04-04 10:43:19,600 - Quantum Trading Bot - INFO - Quantum prediction for NVDA: 0.9320 (confidence: 0.9703)
2025-04-04 10:43:19,600 - Quantum Trading Bot - INFO - Trading signal for NVDA: 0.9320 (source: quantum)
2025-04-04 10:43:19,600 - Quantum Trading Bot - INFO - HOLD signal for NVDA (score: 0.9320, source: quantum)
2025-04-04 10:43:19,606 - Quantum Trading Bot - INFO - Performance metrics saved: 40/72 winning trades
2025-04-04 10:43:19,606 - Quantum Trading Bot - INFO - Quantum prediction accuracy: 0.00
2025-04-04 10:43:19,607 - Quantum Trading Bot - INFO - Sleeping for 60 seconds
2025-04-04 10:44:14,991 - Trading System - INFO - Trading Bot is alive: True
2025-04-04 10:44:14,991 - Trading System - INFO - Monitor Bot is alive: True
2025-04-04 10:44:14,991 - Trading System - INFO - Improvement Bot is alive: True
2025-04-04 10:44:19,611 - Quantum Trading Bot - INFO - Starting trading cycle
2025-04-04 10:44:19,611 - Quantum Trading Bot - INFO - Processing AAPL
2025-04-04 10:44:19,612 - Quantum Trading Bot - INFO - Mock halal compliance check for AAPL: COMPLIANT
2025-04-04 10:44:19,636 - Quantum Trading Bot - INFO - Quantum device error rate: 0.0399
2025-04-04 10:44:19,641 - Quantum Trading Bot - INFO - Quantum prediction for AAPL: 0.3500 (confidence: 0.9601)
2025-04-04 10:44:19,641 - Quantum Trading Bot - INFO - Trading signal for AAPL: 0.3500 (source: quantum)
2025-04-04 10:44:19,641 - Quantum Trading Bot - INFO - HOLD signal for AAPL (score: 0.3500, source: quantum)
2025-04-04 10:44:19,643 - Quantum Trading Bot - INFO - Processing MSFT
2025-04-04 10:44:19,643 - Quantum Trading Bot - INFO - Mock halal compliance check for MSFT: COMPLIANT
2025-04-04 10:44:19,654 - Quantum Trading Bot - INFO - Quantum device error rate: 0.0408
2025-04-04 10:44:19,657 - Quantum Trading Bot - INFO - Quantum prediction for MSFT: 0.9400 (confidence: 0.9592)
2025-04-04 10:44:19,657 - Quantum Trading Bot - INFO - Trading signal for MSFT: 0.9400 (source: quantum)
2025-04-04 10:44:19,657 - Quantum Trading Bot - INFO - HOLD signal for MSFT (score: 0.9400, source: quantum)
2025-04-04 10:44:19,658 - Quantum Trading Bot - INFO - Processing NVDA
2025-04-04 10:44:19,658 - Quantum Trading Bot - INFO - Mock halal compliance check for NVDA: COMPLIANT
2025-04-04 10:44:19,667 - Quantum Trading Bot - INFO - Quantum device error rate: 0.0363
2025-04-04 10:44:19,670 - Quantum Trading Bot - INFO - Quantum prediction for NVDA: 0.4900 (confidence: 0.7710)
2025-04-04 10:44:19,670 - Quantum Trading Bot - INFO - Trading signal for NVDA: 0.4900 (source: quantum)
2025-04-04 10:44:19,670 - Quantum Trading Bot - INFO - HOLD signal for NVDA (score: 0.4900, source: quantum)
2025-04-04 10:44:19,677 - Quantum Trading Bot - INFO - Performance metrics saved: 40/72 winning trades
2025-04-04 10:44:19,677 - Quantum Trading Bot - INFO - Quantum prediction accuracy: 0.00
2025-04-04 10:44:19,677 - Quantum Trading Bot - INFO - Sleeping for 60 seconds
2025-04-04 10:45:14,996 - Trading System - INFO - Trading Bot is alive: True
2025-04-04 10:45:14,997 - Trading System - INFO - Monitor Bot is alive: True
2025-04-04 10:45:14,997 - Trading System - INFO - Improvement Bot is alive: True
2025-04-04 10:45:19,681 - Quantum Trading Bot - INFO - Starting trading cycle
2025-04-04 10:45:19,682 - Quantum Trading Bot - INFO - Processing AAPL
2025-04-04 10:45:19,682 - Quantum Trading Bot - INFO - Mock halal compliance check for AAPL: COMPLIANT
2025-04-04 10:45:19,706 - Quantum Trading Bot - INFO - Quantum device error rate: 0.0327
2025-04-04 10:45:19,711 - Quantum Trading Bot - INFO - Quantum prediction for AAPL: 0.7160 (confidence: 0.9673)
2025-04-04 10:45:19,711 - Quantum Trading Bot - INFO - Trading signal for AAPL: 0.7160 (source: quantum)
2025-04-04 10:45:19,711 - Quantum Trading Bot - INFO - HOLD signal for AAPL (score: 0.7160, source: quantum)
2025-04-04 10:45:19,713 - Quantum Trading Bot - INFO - Processing MSFT
2025-04-04 10:45:19,713 - Quantum Trading Bot - INFO - Mock halal compliance check for MSFT: COMPLIANT
2025-04-04 10:45:19,724 - Quantum Trading Bot - INFO - Quantum device error rate: 0.0336
2025-04-04 10:45:19,727 - Quantum Trading Bot - INFO - Quantum prediction for MSFT: 0.4970 (confidence: 0.7731)
2025-04-04 10:45:19,727 - Quantum Trading Bot - INFO - Trading signal for MSFT: 0.4970 (source: quantum)
2025-04-04 10:45:19,727 - Quantum Trading Bot - INFO - HOLD signal for MSFT (score: 0.4970, source: quantum)
2025-04-04 10:45:19,728 - Quantum Trading Bot - INFO - Processing NVDA
2025-04-04 10:45:19,728 - Quantum Trading Bot - INFO - Mock halal compliance check for NVDA: COMPLIANT
2025-04-04 10:45:19,737 - Quantum Trading Bot - INFO - Quantum device error rate: 0.0375
2025-04-04 10:45:19,740 - Quantum Trading Bot - INFO - Quantum prediction for NVDA: 0.3350 (confidence: 0.9625)
2025-04-04 10:45:19,740 - Quantum Trading Bot - INFO - Trading signal for NVDA: 0.3350 (source: quantum)
2025-04-04 10:45:19,740 - Quantum Trading Bot - INFO - HOLD signal for NVDA (score: 0.3350, source: quantum)
2025-04-04 10:45:19,747 - Quantum Trading Bot - INFO - Performance metrics saved: 40/72 winning trades
2025-04-04 10:45:19,747 - Quantum Trading Bot - INFO - Quantum prediction accuracy: 0.00
2025-04-04 10:45:19,747 - Quantum Trading Bot - INFO - Sleeping for 60 seconds
2025-04-04 10:46:14,998 - Trading System - INFO - Trading Bot is alive: True
2025-04-04 10:46:14,998 - Trading System - INFO - Monitor Bot is alive: True
2025-04-04 10:46:14,999 - Trading System - INFO - Improvement Bot is alive: True
2025-04-04 10:46:19,751 - Quantum Trading Bot - INFO - Starting trading cycle
2025-04-04 10:46:19,752 - Quantum Trading Bot - INFO - Processing AAPL
2025-04-04 10:46:19,752 - Quantum Trading Bot - INFO - Mock halal compliance check for AAPL: COMPLIANT
2025-04-04 10:46:19,775 - Quantum Trading Bot - INFO - Quantum device error rate: 0.0360
2025-04-04 10:46:19,780 - Quantum Trading Bot - INFO - Quantum prediction for AAPL: 0.5640 (confidence: 0.7712)
2025-04-04 10:46:19,780 - Quantum Trading Bot - INFO - Trading signal for AAPL: 0.5640 (source: quantum)
2025-04-04 10:46:19,780 - Quantum Trading Bot - INFO - HOLD signal for AAPL (score: 0.5640, source: quantum)
2025-04-04 10:46:19,782 - Quantum Trading Bot - INFO - Processing MSFT
2025-04-04 10:46:19,782 - Quantum Trading Bot - INFO - Mock halal compliance check for MSFT: COMPLIANT
2025-04-04 10:46:19,792 - Quantum Trading Bot - INFO - Quantum device error rate: 0.0477
2025-04-04 10:46:19,795 - Quantum Trading Bot - INFO - Quantum prediction for MSFT: 0.3210 (confidence: 0.9523)
2025-04-04 10:46:19,795 - Quantum Trading Bot - INFO - Trading signal for MSFT: 0.3210 (source: quantum)
2025-04-04 10:46:19,795 - Quantum Trading Bot - INFO - HOLD signal for MSFT (score: 0.3210, source: quantum)
2025-04-04 10:46:19,797 - Quantum Trading Bot - INFO - Processing NVDA
2025-04-04 10:46:19,797 - Quantum Trading Bot - INFO - Mock halal compliance check for NVDA: COMPLIANT
2025-04-04 10:46:19,805 - Quantum Trading Bot - INFO - Quantum device error rate: 0.0552
2025-04-04 10:46:19,813 - Quantum Trading Bot - INFO - Quantum prediction for NVDA: 0.6032 (confidence: 0.9448)
2025-04-04 10:46:19,813 - Quantum Trading Bot - INFO - Trading signal for NVDA: 0.6032 (source: quantum)
2025-04-04 10:46:19,813 - Quantum Trading Bot - INFO - HOLD signal for NVDA (score: 0.6032, source: quantum)
2025-04-04 10:46:19,820 - Quantum Trading Bot - INFO - Performance metrics saved: 40/72 winning trades
2025-04-04 10:46:19,820 - Quantum Trading Bot - INFO - Quantum prediction accuracy: 0.00
2025-04-04 10:46:19,820 - Quantum Trading Bot - INFO - Sleeping for 60 seconds
2025-04-04 10:47:15,003 - Trading System - INFO - Trading Bot is alive: True
2025-04-04 10:47:15,004 - Trading System - INFO - Monitor Bot is alive: True
2025-04-04 10:47:15,005 - Trading System - INFO - Improvement Bot is alive: True
2025-04-04 10:47:19,824 - Quantum Trading Bot - INFO - Starting trading cycle
2025-04-04 10:47:19,824 - Quantum Trading Bot - INFO - Processing AAPL
2025-04-04 10:47:19,825 - Quantum Trading Bot - INFO - Mock halal compliance check for AAPL: COMPLIANT
2025-04-04 10:47:19,845 - Quantum Trading Bot - INFO - Quantum device error rate: 0.0492
2025-04-04 10:47:19,849 - Quantum Trading Bot - INFO - Quantum prediction for AAPL: 0.7120 (confidence: 0.9508)
2025-04-04 10:47:19,849 - Quantum Trading Bot - INFO - Trading signal for AAPL: 0.7120 (source: quantum)
2025-04-04 10:47:19,849 - Quantum Trading Bot - INFO - HOLD signal for AAPL (score: 0.7120, source: quantum)
2025-04-04 10:47:19,851 - Quantum Trading Bot - INFO - Processing MSFT
2025-04-04 10:47:19,851 - Quantum Trading Bot - INFO - Mock halal compliance check for MSFT: COMPLIANT
2025-04-04 10:47:19,861 - Quantum Trading Bot - INFO - Quantum device error rate: 0.0507
2025-04-04 10:47:19,870 - Quantum Trading Bot - INFO - Quantum prediction for MSFT: 0.7635 (confidence: 0.9493)
2025-04-04 10:47:19,870 - Quantum Trading Bot - INFO - Trading signal for MSFT: 0.7635 (source: quantum)
2025-04-04 10:47:19,870 - Quantum Trading Bot - INFO - HOLD signal for MSFT (score: 0.7635, source: quantum)
2025-04-04 10:47:19,871 - Quantum Trading Bot - INFO - Processing NVDA
2025-04-04 10:47:19,871 - Quantum Trading Bot - INFO - Mock halal compliance check for NVDA: COMPLIANT
2025-04-04 10:47:19,879 - Quantum Trading Bot - INFO - Quantum device error rate: 0.0480
2025-04-04 10:47:19,882 - Quantum Trading Bot - INFO - Quantum prediction for NVDA: 0.6090 (confidence: 0.9520)
2025-04-04 10:47:19,882 - Quantum Trading Bot - INFO - Trading signal for NVDA: 0.6090 (source: quantum)
2025-04-04 10:47:19,882 - Quantum Trading Bot - INFO - HOLD signal for NVDA (score: 0.6090, source: quantum)
2025-04-04 10:47:19,888 - Quantum Trading Bot - INFO - Performance metrics saved: 40/72 winning trades
2025-04-04 10:47:19,888 - Quantum Trading Bot - INFO - Quantum prediction accuracy: 0.00
2025-04-04 10:47:19,889 - Quantum Trading Bot - INFO - Sleeping for 60 seconds
2025-04-04 10:48:15,005 - Trading System - INFO - Trading Bot is alive: True
2025-04-04 10:48:15,006 - Trading System - INFO - Monitor Bot is alive: True
2025-04-04 10:48:15,006 - Trading System - INFO - Improvement Bot is alive: True
2025-04-04 10:48:19,898 - Quantum Trading Bot - INFO - Starting trading cycle
2025-04-04 10:48:19,898 - Quantum Trading Bot - INFO - Processing AAPL
2025-04-04 10:48:19,899 - Quantum Trading Bot - INFO - Mock halal compliance check for AAPL: COMPLIANT
2025-04-04 10:48:19,923 - Quantum Trading Bot - INFO - Quantum device error rate: 0.0345
2025-04-04 10:48:19,928 - Quantum Trading Bot - INFO - Quantum prediction for AAPL: 0.8120 (confidence: 0.9655)
2025-04-04 10:48:19,928 - Quantum Trading Bot - INFO - Trading signal for AAPL: 0.8120 (source: quantum)
2025-04-04 10:48:19,928 - Quantum Trading Bot - INFO - HOLD signal for AAPL (score: 0.8120, source: quantum)
2025-04-04 10:48:19,930 - Quantum Trading Bot - INFO - Processing MSFT
2025-04-04 10:48:19,930 - Quantum Trading Bot - INFO - Mock halal compliance check for MSFT: COMPLIANT
2025-04-04 10:48:19,942 - Quantum Trading Bot - INFO - Quantum device error rate: 0.0495
2025-04-04 10:48:19,945 - Quantum Trading Bot - INFO - Quantum prediction for MSFT: 0.5000 (confidence: 0.7604)
2025-04-04 10:48:19,945 - Quantum Trading Bot - INFO - Trading signal for MSFT: 0.5000 (source: quantum)
2025-04-04 10:48:19,945 - Quantum Trading Bot - INFO - HOLD signal for MSFT (score: 0.5000, source: quantum)
2025-04-04 10:48:19,947 - Quantum Trading Bot - INFO - Processing NVDA
2025-04-04 10:48:19,947 - Quantum Trading Bot - INFO - Mock halal compliance check for NVDA: COMPLIANT
2025-04-04 10:48:19,955 - Quantum Trading Bot - INFO - Quantum device error rate: 0.0327
2025-04-04 10:48:19,958 - Quantum Trading Bot - INFO - Quantum prediction for NVDA: 0.4430 (confidence: 0.7738)
2025-04-04 10:48:19,958 - Quantum Trading Bot - INFO - Trading signal for NVDA: 0.4430 (source: quantum)
2025-04-04 10:48:19,958 - Quantum Trading Bot - INFO - HOLD signal for NVDA (score: 0.4430, source: quantum)
2025-04-04 10:48:19,965 - Quantum Trading Bot - INFO - Performance metrics saved: 40/72 winning trades
2025-04-04 10:48:19,965 - Quantum Trading Bot - INFO - Quantum prediction accuracy: 0.00
2025-04-04 10:48:19,965 - Quantum Trading Bot - INFO - Sleeping for 60 seconds
2025-04-04 10:49:15,009 - Trading System - INFO - Trading Bot is alive: True
2025-04-04 10:49:15,010 - Trading System - INFO - Monitor Bot is alive: True
2025-04-04 10:49:15,010 - Trading System - INFO - Improvement Bot is alive: True
2025-04-04 10:49:19,975 - Quantum Trading Bot - INFO - Starting trading cycle
2025-04-04 10:49:19,975 - Quantum Trading Bot - INFO - Processing AAPL
2025-04-04 10:49:19,975 - Quantum Trading Bot - INFO - Mock halal compliance check for AAPL: COMPLIANT
2025-04-04 10:49:19,995 - Quantum Trading Bot - INFO - Quantum device error rate: 0.0516
2025-04-04 10:49:20,006 - Quantum Trading Bot - INFO - Quantum prediction for AAPL: 0.5620 (confidence: 0.7587)
2025-04-04 10:49:20,006 - Quantum Trading Bot - INFO - Trading signal for AAPL: 0.5620 (source: quantum)
2025-04-04 10:49:20,006 - Quantum Trading Bot - INFO - HOLD signal for AAPL (score: 0.5620, source: quantum)
2025-04-04 10:49:20,008 - Quantum Trading Bot - INFO - Processing MSFT
2025-04-04 10:49:20,008 - Quantum Trading Bot - INFO - Mock halal compliance check for MSFT: COMPLIANT
2025-04-04 10:49:20,017 - Quantum Trading Bot - INFO - Quantum device error rate: 0.0300
2025-04-04 10:49:20,020 - Quantum Trading Bot - INFO - Quantum prediction for MSFT: 0.1500 (confidence: 0.9700)
2025-04-04 10:49:20,020 - Quantum Trading Bot - INFO - Trading signal for MSFT: 0.1500 (source: quantum)
2025-04-04 10:49:20,020 - Quantum Trading Bot - INFO - SELL signal for MSFT (score: 0.1500, source: quantum)
2025-04-04 10:49:20,021 - Quantum Trading Bot - WARNING - Cannot sell MSFT - no position
2025-04-04 10:49:20,022 - Quantum Trading Bot - INFO - Processing NVDA
2025-04-04 10:49:20,022 - Quantum Trading Bot - INFO - Mock halal compliance check for NVDA: COMPLIANT
2025-04-04 10:49:20,030 - Quantum Trading Bot - INFO - Quantum device error rate: 0.0468
2025-04-04 10:49:20,032 - Quantum Trading Bot - INFO - Quantum prediction for NVDA: 0.8300 (confidence: 0.9532)
2025-04-04 10:49:20,032 - Quantum Trading Bot - INFO - Trading signal for NVDA: 0.8300 (source: quantum)
2025-04-04 10:49:20,032 - Quantum Trading Bot - INFO - HOLD signal for NVDA (score: 0.8300, source: quantum)
2025-04-04 10:49:20,039 - Quantum Trading Bot - INFO - Performance metrics saved: 40/72 winning trades
2025-04-04 10:49:20,039 - Quantum Trading Bot - INFO - Quantum prediction accuracy: 0.00
2025-04-04 10:49:20,039 - Quantum Trading Bot - INFO - Sleeping for 60 seconds
2025-04-04 10:50:15,019 - Trading System - INFO - Trading Bot is alive: True
2025-04-04 10:50:15,021 - Trading System - INFO - Monitor Bot is alive: True
2025-04-04 10:50:15,021 - Trading System - INFO - Improvement Bot is alive: True
2025-04-04 10:50:20,048 - Quantum Trading Bot - INFO - Starting trading cycle
2025-04-04 10:50:20,049 - Quantum Trading Bot - INFO - Processing AAPL
2025-04-04 10:50:20,049 - Quantum Trading Bot - INFO - Mock halal compliance check for AAPL: COMPLIANT
2025-04-04 10:50:20,071 - Quantum Trading Bot - INFO - Quantum device error rate: 0.0387
2025-04-04 10:50:20,076 - Quantum Trading Bot - INFO - Quantum prediction for AAPL: 0.2510 (confidence: 0.9613)
2025-04-04 10:50:20,076 - Quantum Trading Bot - INFO - Trading signal for AAPL: 0.2510 (source: quantum)
2025-04-04 10:50:20,076 - Quantum Trading Bot - INFO - SELL signal for AAPL (score: 0.2510, source: quantum)
2025-04-04 10:50:20,077 - Quantum Trading Bot - WARNING - Cannot sell AAPL - no position
2025-04-04 10:50:20,079 - Quantum Trading Bot - INFO - Processing MSFT
2025-04-04 10:50:20,080 - Quantum Trading Bot - INFO - Mock halal compliance check for MSFT: COMPLIANT
2025-04-04 10:50:20,090 - Quantum Trading Bot - INFO - Quantum device error rate: 0.0231
2025-04-04 10:50:20,093 - Quantum Trading Bot - INFO - Quantum prediction for MSFT: 0.0420 (confidence: 0.9769)
2025-04-04 10:50:20,093 - Quantum Trading Bot - INFO - Trading signal for MSFT: 0.0420 (source: quantum)
2025-04-04 10:50:20,093 - Quantum Trading Bot - INFO - SELL signal for MSFT (score: 0.0420, source: quantum)
2025-04-04 10:50:20,094 - Quantum Trading Bot - WARNING - Cannot sell MSFT - no position
2025-04-04 10:50:20,095 - Quantum Trading Bot - INFO - Processing NVDA
2025-04-04 10:50:20,095 - Quantum Trading Bot - INFO - Mock halal compliance check for NVDA: COMPLIANT
2025-04-04 10:50:20,104 - Quantum Trading Bot - INFO - Quantum device error rate: 0.0489
2025-04-04 10:50:20,106 - Quantum Trading Bot - INFO - Quantum prediction for NVDA: 0.8470 (confidence: 0.9511)
2025-04-04 10:50:20,106 - Quantum Trading Bot - INFO - Trading signal for NVDA: 0.8470 (source: quantum)
2025-04-04 10:50:20,106 - Quantum Trading Bot - INFO - HOLD signal for NVDA (score: 0.8470, source: quantum)
2025-04-04 10:50:20,113 - Quantum Trading Bot - INFO - Performance metrics saved: 40/72 winning trades
2025-04-04 10:50:20,113 - Quantum Trading Bot - INFO - Quantum prediction accuracy: 0.00
2025-04-04 10:50:20,113 - Quantum Trading Bot - INFO - Sleeping for 60 seconds
2025-04-04 10:51:15,021 - Trading System - INFO - Trading Bot is alive: True
2025-04-04 10:51:15,022 - Trading System - INFO - Monitor Bot is alive: True
2025-04-04 10:51:15,022 - Trading System - INFO - Improvement Bot is alive: True
2025-04-04 10:51:20,123 - Quantum Trading Bot - INFO - Starting trading cycle
2025-04-04 10:51:20,123 - Quantum Trading Bot - INFO - Processing AAPL
2025-04-04 10:51:20,123 - Quantum Trading Bot - INFO - Mock halal compliance check for AAPL: COMPLIANT
2025-04-04 10:51:20,147 - Quantum Trading Bot - INFO - Quantum device error rate: 0.0243
2025-04-04 10:51:20,153 - Quantum Trading Bot - INFO - Quantum prediction for AAPL: 0.6220 (confidence: 0.9757)
2025-04-04 10:51:20,153 - Quantum Trading Bot - INFO - Trading signal for AAPL: 0.6220 (source: quantum)
2025-04-04 10:51:20,153 - Quantum Trading Bot - INFO - HOLD signal for AAPL (score: 0.6220, source: quantum)
2025-04-04 10:51:20,155 - Quantum Trading Bot - INFO - Processing MSFT
2025-04-04 10:51:20,155 - Quantum Trading Bot - INFO - Mock halal compliance check for MSFT: COMPLIANT
2025-04-04 10:51:20,166 - Quantum Trading Bot - INFO - Quantum device error rate: 0.0480
2025-04-04 10:51:20,169 - Quantum Trading Bot - INFO - Quantum prediction for MSFT: 0.7530 (confidence: 0.9520)
2025-04-04 10:51:20,169 - Quantum Trading Bot - INFO - Trading signal for MSFT: 0.7530 (source: quantum)
2025-04-04 10:51:20,169 - Quantum Trading Bot - INFO - HOLD signal for MSFT (score: 0.7530, source: quantum)
2025-04-04 10:51:20,171 - Quantum Trading Bot - INFO - Processing NVDA
2025-04-04 10:51:20,171 - Quantum Trading Bot - INFO - Mock halal compliance check for NVDA: COMPLIANT
2025-04-04 10:51:20,180 - Quantum Trading Bot - INFO - Quantum device error rate: 0.0336
2025-04-04 10:51:20,182 - Quantum Trading Bot - INFO - Quantum prediction for NVDA: 0.4540 (confidence: 0.7731)
2025-04-04 10:51:20,182 - Quantum Trading Bot - INFO - Trading signal for NVDA: 0.4540 (source: quantum)
2025-04-04 10:51:20,182 - Quantum Trading Bot - INFO - HOLD signal for NVDA (score: 0.4540, source: quantum)
2025-04-04 10:51:20,189 - Quantum Trading Bot - INFO - Performance metrics saved: 40/72 winning trades
2025-04-04 10:51:20,189 - Quantum Trading Bot - INFO - Quantum prediction accuracy: 0.00
2025-04-04 10:51:20,189 - Quantum Trading Bot - INFO - Sleeping for 60 seconds
2025-04-04 10:52:15,030 - Trading System - INFO - Trading Bot is alive: True
2025-04-04 10:52:15,031 - Trading System - INFO - Monitor Bot is alive: True
2025-04-04 10:52:15,032 - Trading System - INFO - Improvement Bot is alive: True
2025-04-04 10:52:20,201 - Quantum Trading Bot - INFO - Starting trading cycle
2025-04-04 10:52:20,202 - Quantum Trading Bot - INFO - Processing AAPL
2025-04-04 10:52:20,202 - Quantum Trading Bot - INFO - Mock halal compliance check for AAPL: COMPLIANT
2025-04-04 10:52:20,228 - Quantum Trading Bot - INFO - Quantum device error rate: 0.0519
2025-04-04 10:52:20,239 - Quantum Trading Bot - INFO - Quantum prediction for AAPL: 0.4704 (confidence: 0.7585)
2025-04-04 10:52:20,239 - Quantum Trading Bot - INFO - Trading signal for AAPL: 0.4704 (source: quantum)
2025-04-04 10:52:20,239 - Quantum Trading Bot - INFO - HOLD signal for AAPL (score: 0.4704, source: quantum)
2025-04-04 10:52:20,241 - Quantum Trading Bot - INFO - Processing MSFT
2025-04-04 10:52:20,241 - Quantum Trading Bot - INFO - Mock halal compliance check for MSFT: COMPLIANT
2025-04-04 10:52:20,249 - Quantum Trading Bot - INFO - Quantum device error rate: 0.0267
2025-04-04 10:52:20,252 - Quantum Trading Bot - INFO - Quantum prediction for MSFT: 0.2990 (confidence: 0.9733)
2025-04-04 10:52:20,252 - Quantum Trading Bot - INFO - Trading signal for MSFT: 0.2990 (source: quantum)
2025-04-04 10:52:20,252 - Quantum Trading Bot - INFO - SELL signal for MSFT (score: 0.2990, source: quantum)
2025-04-04 10:52:20,253 - Quantum Trading Bot - WARNING - Cannot sell MSFT - no position
2025-04-04 10:52:20,254 - Quantum Trading Bot - INFO - Processing NVDA
2025-04-04 10:52:20,254 - Quantum Trading Bot - INFO - Mock halal compliance check for NVDA: COMPLIANT
2025-04-04 10:52:20,262 - Quantum Trading Bot - INFO - Quantum device error rate: 0.0441
2025-04-04 10:52:20,264 - Quantum Trading Bot - INFO - Quantum prediction for NVDA: 0.1630 (confidence: 0.9559)
2025-04-04 10:52:20,264 - Quantum Trading Bot - INFO - Trading signal for NVDA: 0.1630 (source: quantum)
2025-04-04 10:52:20,264 - Quantum Trading Bot - INFO - SELL signal for NVDA (score: 0.1630, source: quantum)
2025-04-04 10:52:20,265 - Quantum Trading Bot - WARNING - Cannot sell NVDA - no position
2025-04-04 10:52:20,271 - Quantum Trading Bot - INFO - Performance metrics saved: 40/72 winning trades
2025-04-04 10:52:20,272 - Quantum Trading Bot - INFO - Quantum prediction accuracy: 0.00
2025-04-04 10:52:20,282 - Quantum Trading Bot - INFO - Quantum device error rate: 0.0456
2025-04-04 10:52:20,283 - Quantum Trading Bot - INFO - Quantum portfolio optimization complete: {'AAPL': np.float64(0.3362474781439139), 'MSFT': np.float64(0.32616005379959645), 'NVDA': np.float64(0.33759246805648957)}
2025-04-04 10:52:20,284 - Quantum Trading Bot - INFO - Optimal portfolio weights: {'AAPL': np.float64(0.3362474781439139), 'MSFT': np.float64(0.32616005379959645), 'NVDA': np.float64(0.33759246805648957)}
2025-04-04 10:52:20,284 - Quantum Trading Bot - INFO - Sleeping for 60 seconds
2025-04-04 10:54:04,206 - Trading System - INFO - Trading Bot is alive: True
2025-04-04 10:54:04,208 - Trading System - INFO - Monitor Bot is alive: True
2025-04-04 10:54:04,208 - Trading System - INFO - Improvement Bot is alive: True
2025-04-04 10:54:09,450 - Quantum Trading Bot - INFO - Starting trading cycle
2025-04-04 10:54:09,450 - Quantum Trading Bot - INFO - Processing AAPL
2025-04-04 10:54:09,450 - Quantum Trading Bot - INFO - Mock halal compliance check for AAPL: COMPLIANT
2025-04-04 10:54:09,474 - Quantum Trading Bot - INFO - Quantum device error rate: 0.0366
2025-04-04 10:54:09,478 - Quantum Trading Bot - INFO - Quantum prediction for AAPL: 0.4720 (confidence: 0.7707)
2025-04-04 10:54:09,478 - Quantum Trading Bot - INFO - Trading signal for AAPL: 0.4720 (source: quantum)
2025-04-04 10:54:09,478 - Quantum Trading Bot - INFO - HOLD signal for AAPL (score: 0.4720, source: quantum)
2025-04-04 10:54:09,481 - Quantum Trading Bot - INFO - Processing MSFT
2025-04-04 10:54:09,481 - Quantum Trading Bot - INFO - Mock halal compliance check for MSFT: COMPLIANT
2025-04-04 10:54:09,494 - Quantum Trading Bot - INFO - Quantum device error rate: 0.0243
2025-04-04 10:54:09,497 - Quantum Trading Bot - INFO - Quantum prediction for MSFT: 0.8040 (confidence: 0.9757)
2025-04-04 10:54:09,497 - Quantum Trading Bot - INFO - Trading signal for MSFT: 0.8040 (source: quantum)
2025-04-04 10:54:09,497 - Quantum Trading Bot - INFO - HOLD signal for MSFT (score: 0.8040, source: quantum)
2025-04-04 10:54:09,499 - Quantum Trading Bot - INFO - Processing NVDA
2025-04-04 10:54:09,499 - Quantum Trading Bot - INFO - Mock halal compliance check for NVDA: COMPLIANT
2025-04-04 10:54:09,509 - Quantum Trading Bot - INFO - Quantum device error rate: 0.0426
2025-04-04 10:54:09,512 - Quantum Trading Bot - INFO - Quantum prediction for NVDA: 0.4020 (confidence: 0.7659)
2025-04-04 10:54:09,512 - Quantum Trading Bot - INFO - Trading signal for NVDA: 0.4020 (source: quantum)
2025-04-04 10:54:09,512 - Quantum Trading Bot - INFO - HOLD signal for NVDA (score: 0.4020, source: quantum)
2025-04-04 10:54:09,520 - Quantum Trading Bot - INFO - Performance metrics saved: 40/72 winning trades
2025-04-04 10:54:09,520 - Quantum Trading Bot - INFO - Quantum prediction accuracy: 0.00
2025-04-04 10:54:09,520 - Quantum Trading Bot - INFO - Sleeping for 60 seconds
2025-04-04 10:55:04,210 - Trading System - INFO - Trading Bot is alive: True
2025-04-04 10:55:04,211 - Trading System - INFO - Monitor Bot is alive: True
2025-04-04 10:55:04,211 - Trading System - INFO - Improvement Bot is alive: True
2025-04-04 10:55:09,525 - Quantum Trading Bot - INFO - Starting trading cycle
2025-04-04 10:55:09,525 - Quantum Trading Bot - INFO - Processing AAPL
2025-04-04 10:55:09,526 - Quantum Trading Bot - INFO - Mock halal compliance check for AAPL: COMPLIANT
2025-04-04 10:55:09,545 - Quantum Trading Bot - INFO - Quantum device error rate: 0.0315
2025-04-04 10:55:09,550 - Quantum Trading Bot - INFO - Quantum prediction for AAPL: 0.5260 (confidence: 0.7748)
2025-04-04 10:55:09,550 - Quantum Trading Bot - INFO - Trading signal for AAPL: 0.5260 (source: quantum)
2025-04-04 10:55:09,550 - Quantum Trading Bot - INFO - HOLD signal for AAPL (score: 0.5260, source: quantum)
2025-04-04 10:55:09,552 - Quantum Trading Bot - INFO - Processing MSFT
2025-04-04 10:55:09,552 - Quantum Trading Bot - INFO - Mock halal compliance check for MSFT: COMPLIANT
2025-04-04 10:55:09,562 - Quantum Trading Bot - INFO - Quantum device error rate: 0.0351
2025-04-04 10:55:09,565 - Quantum Trading Bot - INFO - Quantum prediction for MSFT: 0.8750 (confidence: 0.9649)
2025-04-04 10:55:09,565 - Quantum Trading Bot - INFO - Trading signal for MSFT: 0.8750 (source: quantum)
2025-04-04 10:55:09,565 - Quantum Trading Bot - INFO - HOLD signal for MSFT (score: 0.8750, source: quantum)
2025-04-04 10:55:09,567 - Quantum Trading Bot - INFO - Processing NVDA
2025-04-04 10:55:09,567 - Quantum Trading Bot - INFO - Mock halal compliance check for NVDA: COMPLIANT
2025-04-04 10:55:09,575 - Quantum Trading Bot - INFO - Quantum device error rate: 0.0468
2025-04-04 10:55:09,577 - Quantum Trading Bot - INFO - Quantum prediction for NVDA: 0.3410 (confidence: 0.9532)
2025-04-04 10:55:09,577 - Quantum Trading Bot - INFO - Trading signal for NVDA: 0.3410 (source: quantum)
2025-04-04 10:55:09,577 - Quantum Trading Bot - INFO - HOLD signal for NVDA (score: 0.3410, source: quantum)
2025-04-04 10:55:09,584 - Quantum Trading Bot - INFO - Performance metrics saved: 40/72 winning trades
2025-04-04 10:55:09,584 - Quantum Trading Bot - INFO - Quantum prediction accuracy: 0.00
2025-04-04 10:55:09,584 - Quantum Trading Bot - INFO - Sleeping for 60 seconds
2025-04-04 10:56:04,215 - Trading System - INFO - Trading Bot is alive: True
2025-04-04 10:56:04,216 - Trading System - INFO - Monitor Bot is alive: True
2025-04-04 10:56:04,216 - Trading System - INFO - Improvement Bot is alive: True
2025-04-04 10:56:09,589 - Quantum Trading Bot - INFO - Starting trading cycle
2025-04-04 10:56:09,589 - Quantum Trading Bot - INFO - Processing AAPL
2025-04-04 10:56:09,590 - Quantum Trading Bot - INFO - Mock halal compliance check for AAPL: COMPLIANT
2025-04-04 10:56:09,609 - Quantum Trading Bot - INFO - Quantum device error rate: 0.0372
2025-04-04 10:56:09,613 - Quantum Trading Bot - INFO - Quantum prediction for AAPL: 0.4330 (confidence: 0.7702)
2025-04-04 10:56:09,613 - Quantum Trading Bot - INFO - Trading signal for AAPL: 0.4330 (source: quantum)
2025-04-04 10:56:09,613 - Quantum Trading Bot - INFO - HOLD signal for AAPL (score: 0.4330, source: quantum)
2025-04-04 10:56:09,615 - Quantum Trading Bot - INFO - Processing MSFT
2025-04-04 10:56:09,615 - Quantum Trading Bot - INFO - Mock halal compliance check for MSFT: COMPLIANT
2025-04-04 10:56:09,625 - Quantum Trading Bot - INFO - Quantum device error rate: 0.0393
2025-04-04 10:56:09,628 - Quantum Trading Bot - INFO - Quantum prediction for MSFT: 0.5190 (confidence: 0.7686)
2025-04-04 10:56:09,628 - Quantum Trading Bot - INFO - Trading signal for MSFT: 0.5190 (source: quantum)
2025-04-04 10:56:09,628 - Quantum Trading Bot - INFO - HOLD signal for MSFT (score: 0.5190, source: quantum)
2025-04-04 10:56:09,629 - Quantum Trading Bot - INFO - Processing NVDA
2025-04-04 10:56:09,629 - Quantum Trading Bot - INFO - Mock halal compliance check for NVDA: COMPLIANT
2025-04-04 10:56:09,638 - Quantum Trading Bot - INFO - Quantum device error rate: 0.0438
2025-04-04 10:56:09,640 - Quantum Trading Bot - INFO - Quantum prediction for NVDA: 0.7450 (confidence: 0.9562)
2025-04-04 10:56:09,640 - Quantum Trading Bot - INFO - Trading signal for NVDA: 0.7450 (source: quantum)
2025-04-04 10:56:09,640 - Quantum Trading Bot - INFO - HOLD signal for NVDA (score: 0.7450, source: quantum)
2025-04-04 10:56:09,647 - Quantum Trading Bot - INFO - Performance metrics saved: 40/72 winning trades
2025-04-04 10:56:09,647 - Quantum Trading Bot - INFO - Quantum prediction accuracy: 0.00
2025-04-04 10:56:09,647 - Quantum Trading Bot - INFO - Sleeping for 60 seconds
2025-04-04 10:57:04,216 - Trading System - INFO - Trading Bot is alive: True
2025-04-04 10:57:04,217 - Trading System - INFO - Monitor Bot is alive: True
2025-04-04 10:57:04,217 - Trading System - INFO - Improvement Bot is alive: True
2025-04-04 10:57:09,652 - Quantum Trading Bot - INFO - Starting trading cycle
2025-04-04 10:57:09,652 - Quantum Trading Bot - INFO - Processing AAPL
2025-04-04 10:57:09,653 - Quantum Trading Bot - INFO - Mock halal compliance check for AAPL: COMPLIANT
2025-04-04 10:57:09,672 - Quantum Trading Bot - INFO - Quantum device error rate: 0.0267
2025-04-04 10:57:09,677 - Quantum Trading Bot - INFO - Quantum prediction for AAPL: 0.2790 (confidence: 0.9733)
2025-04-04 10:57:09,677 - Quantum Trading Bot - INFO - Trading signal for AAPL: 0.2790 (source: quantum)
2025-04-04 10:57:09,677 - Quantum Trading Bot - INFO - SELL signal for AAPL (score: 0.2790, source: quantum)
2025-04-04 10:57:09,679 - Quantum Trading Bot - WARNING - Cannot sell AAPL - no position
2025-04-04 10:57:09,681 - Quantum Trading Bot - INFO - Processing MSFT
2025-04-04 10:57:09,681 - Quantum Trading Bot - INFO - Mock halal compliance check for MSFT: COMPLIANT
2025-04-04 10:57:09,691 - Quantum Trading Bot - INFO - Quantum device error rate: 0.0249
2025-04-04 10:57:09,694 - Quantum Trading Bot - INFO - Quantum prediction for MSFT: 0.4220 (confidence: 0.7801)
2025-04-04 10:57:09,694 - Quantum Trading Bot - INFO - Trading signal for MSFT: 0.4220 (source: quantum)
2025-04-04 10:57:09,694 - Quantum Trading Bot - INFO - HOLD signal for MSFT (score: 0.4220, source: quantum)
2025-04-04 10:57:09,695 - Quantum Trading Bot - INFO - Processing NVDA
2025-04-04 10:57:09,696 - Quantum Trading Bot - INFO - Mock halal compliance check for NVDA: COMPLIANT
2025-04-04 10:57:09,704 - Quantum Trading Bot - INFO - Quantum device error rate: 0.0474
2025-04-04 10:57:09,706 - Quantum Trading Bot - INFO - Quantum prediction for NVDA: 0.3850 (confidence: 0.9526)
2025-04-04 10:57:09,706 - Quantum Trading Bot - INFO - Trading signal for NVDA: 0.3850 (source: quantum)
2025-04-04 10:57:09,706 - Quantum Trading Bot - INFO - HOLD signal for NVDA (score: 0.3850, source: quantum)
2025-04-04 10:57:09,714 - Quantum Trading Bot - INFO - Performance metrics saved: 40/72 winning trades
2025-04-04 10:57:09,714 - Quantum Trading Bot - INFO - Quantum prediction accuracy: 0.00
2025-04-04 10:57:09,714 - Quantum Trading Bot - INFO - Sleeping for 60 seconds
2025-04-04 10:58:04,220 - Trading System - INFO - Trading Bot is alive: True
2025-04-04 10:58:04,222 - Trading System - INFO - Monitor Bot is alive: True
2025-04-04 10:58:04,222 - Trading System - INFO - Improvement Bot is alive: True
2025-04-04 10:58:09,718 - Quantum Trading Bot - INFO - Starting trading cycle
2025-04-04 10:58:09,719 - Quantum Trading Bot - INFO - Processing AAPL
2025-04-04 10:58:09,719 - Quantum Trading Bot - INFO - Mock halal compliance check for AAPL: COMPLIANT
2025-04-04 10:58:09,738 - Quantum Trading Bot - INFO - Quantum device error rate: 0.0396
2025-04-04 10:58:09,742 - Quantum Trading Bot - INFO - Quantum prediction for AAPL: 0.4520 (confidence: 0.7683)
2025-04-04 10:58:09,743 - Quantum Trading Bot - INFO - Trading signal for AAPL: 0.4520 (source: quantum)
2025-04-04 10:58:09,743 - Quantum Trading Bot - INFO - HOLD signal for AAPL (score: 0.4520, source: quantum)
2025-04-04 10:58:09,744 - Quantum Trading Bot - INFO - Processing MSFT
2025-04-04 10:58:09,745 - Quantum Trading Bot - INFO - Mock halal compliance check for MSFT: COMPLIANT
2025-04-04 10:58:09,754 - Quantum Trading Bot - INFO - Quantum device error rate: 0.0372
2025-04-04 10:58:09,757 - Quantum Trading Bot - INFO - Quantum prediction for MSFT: 0.7050 (confidence: 0.9628)
2025-04-04 10:58:09,757 - Quantum Trading Bot - INFO - Trading signal for MSFT: 0.7050 (source: quantum)
2025-04-04 10:58:09,757 - Quantum Trading Bot - INFO - HOLD signal for MSFT (score: 0.7050, source: quantum)
2025-04-04 10:58:09,759 - Quantum Trading Bot - INFO - Processing NVDA
2025-04-04 10:58:09,759 - Quantum Trading Bot - INFO - Mock halal compliance check for NVDA: COMPLIANT
2025-04-04 10:58:09,767 - Quantum Trading Bot - INFO - Quantum device error rate: 0.0237
2025-04-04 10:58:09,770 - Quantum Trading Bot - INFO - Quantum prediction for NVDA: 0.6610 (confidence: 0.9763)
2025-04-04 10:58:09,770 - Quantum Trading Bot - INFO - Trading signal for NVDA: 0.6610 (source: quantum)
2025-04-04 10:58:09,770 - Quantum Trading Bot - INFO - HOLD signal for NVDA (score: 0.6610, source: quantum)
2025-04-04 10:58:09,777 - Quantum Trading Bot - INFO - Performance metrics saved: 40/72 winning trades
2025-04-04 10:58:09,777 - Quantum Trading Bot - INFO - Quantum prediction accuracy: 0.00
2025-04-04 10:58:09,777 - Quantum Trading Bot - INFO - Sleeping for 60 seconds
2025-04-04 10:59:04,225 - Trading System - INFO - Trading Bot is alive: True
2025-04-04 10:59:04,227 - Trading System - INFO - Monitor Bot is alive: True
2025-04-04 10:59:04,228 - Trading System - INFO - Improvement Bot is alive: True
2025-04-04 10:59:09,782 - Quantum Trading Bot - INFO - Starting trading cycle
2025-04-04 10:59:09,782 - Quantum Trading Bot - INFO - Processing AAPL
2025-04-04 10:59:09,783 - Quantum Trading Bot - INFO - Mock halal compliance check for AAPL: COMPLIANT
2025-04-04 10:59:09,812 - Quantum Trading Bot - INFO - Quantum device error rate: 0.0249
2025-04-04 10:59:09,817 - Quantum Trading Bot - INFO - Quantum prediction for AAPL: 0.8990 (confidence: 0.9751)
2025-04-04 10:59:09,818 - Quantum Trading Bot - INFO - Trading signal for AAPL: 0.8990 (source: quantum)
2025-04-04 10:59:09,818 - Quantum Trading Bot - INFO - HOLD signal for AAPL (score: 0.8990, source: quantum)
2025-04-04 10:59:09,820 - Quantum Trading Bot - INFO - Processing MSFT
2025-04-04 10:59:09,820 - Quantum Trading Bot - INFO - Mock halal compliance check for MSFT: COMPLIANT
2025-04-04 10:59:09,831 - Quantum Trading Bot - INFO - Quantum device error rate: 0.0540
2025-04-04 10:59:09,840 - Quantum Trading Bot - INFO - Quantum prediction for MSFT: 0.7219 (confidence: 0.9460)
2025-04-04 10:59:09,840 - Quantum Trading Bot - INFO - Trading signal for MSFT: 0.7219 (source: quantum)
2025-04-04 10:59:09,840 - Quantum Trading Bot - INFO - HOLD signal for MSFT (score: 0.7219, source: quantum)
2025-04-04 10:59:09,841 - Quantum Trading Bot - INFO - Processing NVDA
2025-04-04 10:59:09,841 - Quantum Trading Bot - INFO - Mock halal compliance check for NVDA: COMPLIANT
2025-04-04 10:59:09,849 - Quantum Trading Bot - INFO - Quantum device error rate: 0.0294
2025-04-04 10:59:09,852 - Quantum Trading Bot - INFO - Quantum prediction for NVDA: 0.3800 (confidence: 0.9706)
2025-04-04 10:59:09,852 - Quantum Trading Bot - INFO - Trading signal for NVDA: 0.3800 (source: quantum)
2025-04-04 10:59:09,852 - Quantum Trading Bot - INFO - HOLD signal for NVDA (score: 0.3800, source: quantum)
2025-04-04 10:59:09,859 - Quantum Trading Bot - INFO - Performance metrics saved: 40/72 winning trades
2025-04-04 10:59:09,859 - Quantum Trading Bot - INFO - Quantum prediction accuracy: 0.00
2025-04-04 10:59:09,859 - Quantum Trading Bot - INFO - Sleeping for 60 seconds
2025-04-04 11:00:04,232 - Trading System - INFO - Trading Bot is alive: True
2025-04-04 11:00:04,234 - Trading System - INFO - Monitor Bot is alive: True
2025-04-04 11:00:04,234 - Trading System - INFO - Improvement Bot is alive: True
2025-04-04 11:00:09,864 - Quantum Trading Bot - INFO - Starting trading cycle
2025-04-04 11:00:09,864 - Quantum Trading Bot - INFO - Processing AAPL
2025-04-04 11:00:09,865 - Quantum Trading Bot - INFO - Mock halal compliance check for AAPL: COMPLIANT
2025-04-04 11:00:09,888 - Quantum Trading Bot - INFO - Quantum device error rate: 0.0309
2025-04-04 11:00:09,893 - Quantum Trading Bot - INFO - Quantum prediction for AAPL: 0.4590 (confidence: 0.7753)
2025-04-04 11:00:09,893 - Quantum Trading Bot - INFO - Trading signal for AAPL: 0.4590 (source: quantum)
2025-04-04 11:00:09,893 - Quantum Trading Bot - INFO - HOLD signal for AAPL (score: 0.4590, source: quantum)
2025-04-04 11:00:09,896 - Quantum Trading Bot - INFO - Processing MSFT
2025-04-04 11:00:09,896 - Quantum Trading Bot - INFO - Mock halal compliance check for MSFT: COMPLIANT
2025-04-04 11:00:09,906 - Quantum Trading Bot - INFO - Quantum device error rate: 0.0537
2025-04-04 11:00:09,915 - Quantum Trading Bot - INFO - Quantum prediction for MSFT: 0.7341 (confidence: 0.9463)
2025-04-04 11:00:09,915 - Quantum Trading Bot - INFO - Trading signal for MSFT: 0.7341 (source: quantum)
2025-04-04 11:00:09,915 - Quantum Trading Bot - INFO - HOLD signal for MSFT (score: 0.7341, source: quantum)
2025-04-04 11:00:09,917 - Quantum Trading Bot - INFO - Processing NVDA
2025-04-04 11:00:09,917 - Quantum Trading Bot - INFO - Mock halal compliance check for NVDA: COMPLIANT
2025-04-04 11:00:09,925 - Quantum Trading Bot - INFO - Quantum device error rate: 0.0312
2025-04-04 11:00:09,927 - Quantum Trading Bot - INFO - Quantum prediction for NVDA: 0.3840 (confidence: 0.9688)
2025-04-04 11:00:09,927 - Quantum Trading Bot - INFO - Trading signal for NVDA: 0.3840 (source: quantum)
2025-04-04 11:00:09,927 - Quantum Trading Bot - INFO - HOLD signal for NVDA (score: 0.3840, source: quantum)
2025-04-04 11:00:09,934 - Quantum Trading Bot - INFO - Performance metrics saved: 40/72 winning trades
2025-04-04 11:00:09,934 - Quantum Trading Bot - INFO - Quantum prediction accuracy: 0.00
2025-04-04 11:00:09,934 - Quantum Trading Bot - INFO - Sleeping for 60 seconds
2025-04-04 11:01:04,239 - Trading System - INFO - Trading Bot is alive: True
2025-04-04 11:01:04,241 - Trading System - INFO - Monitor Bot is alive: True
2025-04-04 11:01:04,241 - Trading System - INFO - Improvement Bot is alive: True
2025-04-04 11:01:09,939 - Quantum Trading Bot - INFO - Starting trading cycle
2025-04-04 11:01:09,940 - Quantum Trading Bot - INFO - Processing AAPL
2025-04-04 11:01:09,940 - Quantum Trading Bot - INFO - Mock halal compliance check for AAPL: COMPLIANT
2025-04-04 11:01:09,966 - Quantum Trading Bot - INFO - Quantum device error rate: 0.0417
2025-04-04 11:01:09,972 - Quantum Trading Bot - INFO - Quantum prediction for AAPL: 0.4670 (confidence: 0.7666)
2025-04-04 11:01:09,972 - Quantum Trading Bot - INFO - Trading signal for AAPL: 0.4670 (source: quantum)
2025-04-04 11:01:09,972 - Quantum Trading Bot - INFO - HOLD signal for AAPL (score: 0.4670, source: quantum)
2025-04-04 11:01:09,975 - Quantum Trading Bot - INFO - Processing MSFT
2025-04-04 11:01:09,975 - Quantum Trading Bot - INFO - Mock halal compliance check for MSFT: COMPLIANT
2025-04-04 11:01:09,986 - Quantum Trading Bot - INFO - Quantum device error rate: 0.0291
2025-04-04 11:01:09,990 - Quantum Trading Bot - INFO - Quantum prediction for MSFT: 0.2820 (confidence: 0.9709)
2025-04-04 11:01:09,990 - Quantum Trading Bot - INFO - Trading signal for MSFT: 0.2820 (source: quantum)
2025-04-04 11:01:09,990 - Quantum Trading Bot - INFO - SELL signal for MSFT (score: 0.2820, source: quantum)
2025-04-04 11:01:09,991 - Quantum Trading Bot - WARNING - Cannot sell MSFT - no position
2025-04-04 11:01:09,992 - Quantum Trading Bot - INFO - Processing NVDA
2025-04-04 11:01:09,992 - Quantum Trading Bot - INFO - Mock halal compliance check for NVDA: COMPLIANT
2025-04-04 11:01:10,001 - Quantum Trading Bot - INFO - Quantum device error rate: 0.0453
2025-04-04 11:01:10,004 - Quantum Trading Bot - INFO - Quantum prediction for NVDA: 0.3030 (confidence: 0.9547)
2025-04-04 11:01:10,004 - Quantum Trading Bot - INFO - Trading signal for NVDA: 0.3030 (source: quantum)
2025-04-04 11:01:10,004 - Quantum Trading Bot - INFO - HOLD signal for NVDA (score: 0.3030, source: quantum)
2025-04-04 11:01:10,012 - Quantum Trading Bot - INFO - Performance metrics saved: 40/72 winning trades
2025-04-04 11:01:10,012 - Quantum Trading Bot - INFO - Quantum prediction accuracy: 0.00
2025-04-04 11:01:10,012 - Quantum Trading Bot - INFO - Sleeping for 60 seconds
2025-04-04 11:02:04,244 - Trading System - INFO - Trading Bot is alive: True
2025-04-04 11:02:04,245 - Trading System - INFO - Monitor Bot is alive: True
2025-04-04 11:02:04,245 - Trading System - INFO - Improvement Bot is alive: True
2025-04-04 11:02:10,016 - Quantum Trading Bot - INFO - Starting trading cycle
2025-04-04 11:02:10,017 - Quantum Trading Bot - INFO - Processing AAPL
2025-04-04 11:02:10,017 - Quantum Trading Bot - INFO - Mock halal compliance check for AAPL: COMPLIANT
2025-04-04 11:02:10,040 - Quantum Trading Bot - INFO - Quantum device error rate: 0.0435
2025-04-04 11:02:10,045 - Quantum Trading Bot - INFO - Quantum prediction for AAPL: 0.3480 (confidence: 0.9565)
2025-04-04 11:02:10,045 - Quantum Trading Bot - INFO - Trading signal for AAPL: 0.3480 (source: quantum)
2025-04-04 11:02:10,045 - Quantum Trading Bot - INFO - HOLD signal for AAPL (score: 0.3480, source: quantum)
2025-04-04 11:02:10,047 - Quantum Trading Bot - INFO - Processing MSFT
2025-04-04 11:02:10,047 - Quantum Trading Bot - INFO - Mock halal compliance check for MSFT: COMPLIANT
2025-04-04 11:02:10,058 - Quantum Trading Bot - INFO - Quantum device error rate: 0.0372
2025-04-04 11:02:10,061 - Quantum Trading Bot - INFO - Quantum prediction for MSFT: 0.0170 (confidence: 0.9628)
2025-04-04 11:02:10,061 - Quantum Trading Bot - INFO - Trading signal for MSFT: 0.0170 (source: quantum)
2025-04-04 11:02:10,061 - Quantum Trading Bot - INFO - SELL signal for MSFT (score: 0.0170, source: quantum)
2025-04-04 11:02:10,062 - Quantum Trading Bot - WARNING - Cannot sell MSFT - no position
2025-04-04 11:02:10,063 - Quantum Trading Bot - INFO - Processing NVDA
2025-04-04 11:02:10,063 - Quantum Trading Bot - INFO - Mock halal compliance check for NVDA: COMPLIANT
2025-04-04 11:02:10,072 - Quantum Trading Bot - INFO - Quantum device error rate: 0.0363
2025-04-04 11:02:10,075 - Quantum Trading Bot - INFO - Quantum prediction for NVDA: 0.5280 (confidence: 0.7710)
2025-04-04 11:02:10,075 - Quantum Trading Bot - INFO - Trading signal for NVDA: 0.5280 (source: quantum)
2025-04-04 11:02:10,075 - Quantum Trading Bot - INFO - HOLD signal for NVDA (score: 0.5280, source: quantum)
2025-04-04 11:02:10,082 - Quantum Trading Bot - INFO - Performance metrics saved: 40/72 winning trades
2025-04-04 11:02:10,082 - Quantum Trading Bot - INFO - Quantum prediction accuracy: 0.00
2025-04-04 11:02:10,082 - Quantum Trading Bot - INFO - Sleeping for 60 seconds
2025-04-04 11:03:04,250 - Trading System - INFO - Trading Bot is alive: True
2025-04-04 11:03:04,252 - Trading System - INFO - Monitor Bot is alive: True
2025-04-04 11:03:04,252 - Trading System - INFO - Improvement Bot is alive: True
2025-04-04 11:03:10,087 - Quantum Trading Bot - INFO - Starting trading cycle
2025-04-04 11:03:10,088 - Quantum Trading Bot - INFO - Processing AAPL
2025-04-04 11:03:10,088 - Quantum Trading Bot - INFO - Mock halal compliance check for AAPL: COMPLIANT
2025-04-04 11:03:10,106 - Quantum Trading Bot - INFO - Quantum device error rate: 0.0177
2025-04-04 11:03:10,111 - Quantum Trading Bot - INFO - Quantum prediction for AAPL: 0.8730 (confidence: 0.9823)
2025-04-04 11:03:10,111 - Quantum Trading Bot - INFO - Trading signal for AAPL: 0.8730 (source: quantum)
2025-04-04 11:03:10,111 - Quantum Trading Bot - INFO - HOLD signal for AAPL (score: 0.8730, source: quantum)
2025-04-04 11:03:10,113 - Quantum Trading Bot - INFO - Processing MSFT
2025-04-04 11:03:10,113 - Quantum Trading Bot - INFO - Mock halal compliance check for MSFT: COMPLIANT
2025-04-04 11:03:10,122 - Quantum Trading Bot - INFO - Quantum device error rate: 0.0399
2025-04-04 11:03:10,125 - Quantum Trading Bot - INFO - Quantum prediction for MSFT: 0.2950 (confidence: 0.9601)
2025-04-04 11:03:10,125 - Quantum Trading Bot - INFO - Trading signal for MSFT: 0.2950 (source: quantum)
2025-04-04 11:03:10,125 - Quantum Trading Bot - INFO - SELL signal for MSFT (score: 0.2950, source: quantum)
2025-04-04 11:03:10,126 - Quantum Trading Bot - WARNING - Cannot sell MSFT - no position
2025-04-04 11:03:10,128 - Quantum Trading Bot - INFO - Processing NVDA
2025-04-04 11:03:10,128 - Quantum Trading Bot - INFO - Mock halal compliance check for NVDA: COMPLIANT
2025-04-04 11:03:10,136 - Quantum Trading Bot - INFO - Quantum device error rate: 0.0369
2025-04-04 11:03:10,138 - Quantum Trading Bot - INFO - Quantum prediction for NVDA: 0.1330 (confidence: 0.9631)
2025-04-04 11:03:10,138 - Quantum Trading Bot - INFO - Trading signal for NVDA: 0.1330 (source: quantum)
2025-04-04 11:03:10,138 - Quantum Trading Bot - INFO - SELL signal for NVDA (score: 0.1330, source: quantum)
2025-04-04 11:03:10,139 - Quantum Trading Bot - WARNING - Cannot sell NVDA - no position
2025-04-04 11:03:10,146 - Quantum Trading Bot - INFO - Performance metrics saved: 40/72 winning trades
2025-04-04 11:03:10,146 - Quantum Trading Bot - INFO - Quantum prediction accuracy: 0.00
2025-04-04 11:03:10,146 - Quantum Trading Bot - INFO - Sleeping for 60 seconds
2025-04-04 11:04:04,253 - Trading System - INFO - Trading Bot is alive: True
2025-04-04 11:04:04,254 - Trading System - INFO - Monitor Bot is alive: True
2025-04-04 11:04:04,255 - Trading System - INFO - Improvement Bot is alive: True
2025-04-04 11:04:10,151 - Quantum Trading Bot - INFO - Starting trading cycle
2025-04-04 11:04:10,152 - Quantum Trading Bot - INFO - Processing AAPL
2025-04-04 11:04:10,152 - Quantum Trading Bot - INFO - Mock halal compliance check for AAPL: COMPLIANT
2025-04-04 11:04:10,171 - Quantum Trading Bot - INFO - Quantum device error rate: 0.0393
2025-04-04 11:04:10,177 - Quantum Trading Bot - INFO - Quantum prediction for AAPL: 0.5600 (confidence: 0.7686)
2025-04-04 11:04:10,177 - Quantum Trading Bot - INFO - Trading signal for AAPL: 0.5600 (source: quantum)
2025-04-04 11:04:10,177 - Quantum Trading Bot - INFO - HOLD signal for AAPL (score: 0.5600, source: quantum)
2025-04-04 11:04:10,179 - Quantum Trading Bot - INFO - Processing MSFT
2025-04-04 11:04:10,180 - Quantum Trading Bot - INFO - Mock halal compliance check for MSFT: COMPLIANT
2025-04-04 11:04:10,190 - Quantum Trading Bot - INFO - Quantum device error rate: 0.0333
2025-04-04 11:04:10,193 - Quantum Trading Bot - INFO - Quantum prediction for MSFT: 0.5650 (confidence: 0.7734)
2025-04-04 11:04:10,193 - Quantum Trading Bot - INFO - Trading signal for MSFT: 0.5650 (source: quantum)
2025-04-04 11:04:10,193 - Quantum Trading Bot - INFO - HOLD signal for MSFT (score: 0.5650, source: quantum)
2025-04-04 11:04:10,195 - Quantum Trading Bot - INFO - Processing NVDA
2025-04-04 11:04:10,195 - Quantum Trading Bot - INFO - Mock halal compliance check for NVDA: COMPLIANT
2025-04-04 11:04:10,203 - Quantum Trading Bot - INFO - Quantum device error rate: 0.0477
2025-04-04 11:04:10,205 - Quantum Trading Bot - INFO - Quantum prediction for NVDA: 0.1680 (confidence: 0.9523)
2025-04-04 11:04:10,205 - Quantum Trading Bot - INFO - Trading signal for NVDA: 0.1680 (source: quantum)
2025-04-04 11:04:10,206 - Quantum Trading Bot - INFO - SELL signal for NVDA (score: 0.1680, source: quantum)
2025-04-04 11:04:10,206 - Quantum Trading Bot - WARNING - Cannot sell NVDA - no position
2025-04-04 11:04:10,214 - Quantum Trading Bot - INFO - Performance metrics saved: 40/72 winning trades
2025-04-04 11:04:10,214 - Quantum Trading Bot - INFO - Quantum prediction accuracy: 0.00
2025-04-04 11:04:10,214 - Quantum Trading Bot - INFO - Sleeping for 60 seconds
2025-04-04 11:05:04,256 - Trading System - INFO - Trading Bot is alive: True
2025-04-04 11:05:04,256 - Trading System - INFO - Monitor Bot is alive: True
2025-04-04 11:05:04,256 - Trading System - INFO - Improvement Bot is alive: True
2025-04-04 11:05:10,219 - Quantum Trading Bot - INFO - Starting trading cycle
2025-04-04 11:05:10,219 - Quantum Trading Bot - INFO - Processing AAPL
2025-04-04 11:05:10,219 - Quantum Trading Bot - INFO - Mock halal compliance check for AAPL: COMPLIANT
2025-04-04 11:05:10,243 - Quantum Trading Bot - INFO - Quantum device error rate: 0.0357
2025-04-04 11:05:10,249 - Quantum Trading Bot - INFO - Quantum prediction for AAPL: 0.4610 (confidence: 0.7714)
2025-04-04 11:05:10,249 - Quantum Trading Bot - INFO - Trading signal for AAPL: 0.4610 (source: quantum)
2025-04-04 11:05:10,249 - Quantum Trading Bot - INFO - HOLD signal for AAPL (score: 0.4610, source: quantum)
2025-04-04 11:05:10,251 - Quantum Trading Bot - INFO - Processing MSFT
2025-04-04 11:05:10,251 - Quantum Trading Bot - INFO - Mock halal compliance check for MSFT: COMPLIANT
2025-04-04 11:05:10,262 - Quantum Trading Bot - INFO - Quantum device error rate: 0.0339
2025-04-04 11:05:10,266 - Quantum Trading Bot - INFO - Quantum prediction for MSFT: 0.5290 (confidence: 0.7729)
2025-04-04 11:05:10,266 - Quantum Trading Bot - INFO - Trading signal for MSFT: 0.5290 (source: quantum)
2025-04-04 11:05:10,266 - Quantum Trading Bot - INFO - HOLD signal for MSFT (score: 0.5290, source: quantum)
2025-04-04 11:05:10,268 - Quantum Trading Bot - INFO - Processing NVDA
2025-04-04 11:05:10,268 - Quantum Trading Bot - INFO - Mock halal compliance check for NVDA: COMPLIANT
2025-04-04 11:05:10,277 - Quantum Trading Bot - INFO - Quantum device error rate: 0.0393
2025-04-04 11:05:10,280 - Quantum Trading Bot - INFO - Quantum prediction for NVDA: 0.5790 (confidence: 0.7686)
2025-04-04 11:05:10,280 - Quantum Trading Bot - INFO - Trading signal for NVDA: 0.5790 (source: quantum)
2025-04-04 11:05:10,280 - Quantum Trading Bot - INFO - HOLD signal for NVDA (score: 0.5790, source: quantum)
2025-04-04 11:05:10,287 - Quantum Trading Bot - INFO - Performance metrics saved: 40/72 winning trades
2025-04-04 11:05:10,287 - Quantum Trading Bot - INFO - Quantum prediction accuracy: 0.00
2025-04-04 11:05:10,287 - Quantum Trading Bot - INFO - Sleeping for 60 seconds
2025-04-04 11:06:04,260 - Trading System - INFO - Trading Bot is alive: True
2025-04-04 11:06:04,261 - Trading System - INFO - Monitor Bot is alive: True
2025-04-04 11:06:04,261 - Trading System - INFO - Improvement Bot is alive: True
2025-04-04 11:06:10,292 - Quantum Trading Bot - INFO - Starting trading cycle
2025-04-04 11:06:10,293 - Quantum Trading Bot - INFO - Processing AAPL
2025-04-04 11:06:10,293 - Quantum Trading Bot - INFO - Mock halal compliance check for AAPL: COMPLIANT
2025-04-04 11:06:10,312 - Quantum Trading Bot - INFO - Quantum device error rate: 0.0501
2025-04-04 11:06:10,321 - Quantum Trading Bot - INFO - Quantum prediction for AAPL: 0.8273 (confidence: 0.9499)
2025-04-04 11:06:10,322 - Quantum Trading Bot - INFO - Trading signal for AAPL: 0.8273 (source: quantum)
2025-04-04 11:06:10,322 - Quantum Trading Bot - INFO - HOLD signal for AAPL (score: 0.8273, source: quantum)
2025-04-04 11:06:10,324 - Quantum Trading Bot - INFO - Processing MSFT
2025-04-04 11:06:10,324 - Quantum Trading Bot - INFO - Mock halal compliance check for MSFT: COMPLIANT
2025-04-04 11:06:10,333 - Quantum Trading Bot - INFO - Quantum device error rate: 0.0411
2025-04-04 11:06:10,336 - Quantum Trading Bot - INFO - Quantum prediction for MSFT: 0.8780 (confidence: 0.9589)
2025-04-04 11:06:10,336 - Quantum Trading Bot - INFO - Trading signal for MSFT: 0.8780 (source: quantum)
2025-04-04 11:06:10,336 - Quantum Trading Bot - INFO - HOLD signal for MSFT (score: 0.8780, source: quantum)
2025-04-04 11:06:10,338 - Quantum Trading Bot - INFO - Processing NVDA
2025-04-04 11:06:10,338 - Quantum Trading Bot - INFO - Mock halal compliance check for NVDA: COMPLIANT
2025-04-04 11:06:10,347 - Quantum Trading Bot - INFO - Quantum device error rate: 0.0318
2025-04-04 11:06:10,350 - Quantum Trading Bot - INFO - Quantum prediction for NVDA: 0.4250 (confidence: 0.7746)
2025-04-04 11:06:10,350 - Quantum Trading Bot - INFO - Trading signal for NVDA: 0.4250 (source: quantum)
2025-04-04 11:06:10,350 - Quantum Trading Bot - INFO - HOLD signal for NVDA (score: 0.4250, source: quantum)
2025-04-04 11:06:10,358 - Quantum Trading Bot - INFO - Performance metrics saved: 40/72 winning trades
2025-04-04 11:06:10,358 - Quantum Trading Bot - INFO - Quantum prediction accuracy: 0.00
2025-04-04 11:06:10,359 - Quantum Trading Bot - INFO - Sleeping for 60 seconds
2025-04-04 11:07:04,266 - Trading System - INFO - Trading Bot is alive: True
2025-04-04 11:07:04,266 - Trading System - INFO - Monitor Bot is alive: True
2025-04-04 11:07:04,266 - Trading System - INFO - Improvement Bot is alive: True
2025-04-04 11:07:10,363 - Quantum Trading Bot - INFO - Starting trading cycle
2025-04-04 11:07:10,364 - Quantum Trading Bot - INFO - Processing AAPL
2025-04-04 11:07:10,364 - Quantum Trading Bot - INFO - Mock halal compliance check for AAPL: COMPLIANT
2025-04-04 11:07:10,388 - Quantum Trading Bot - INFO - Quantum device error rate: 0.0375
2025-04-04 11:07:10,394 - Quantum Trading Bot - INFO - Quantum prediction for AAPL: 0.2040 (confidence: 0.9625)
2025-04-04 11:07:10,394 - Quantum Trading Bot - INFO - Trading signal for AAPL: 0.2040 (source: quantum)
2025-04-04 11:07:10,394 - Quantum Trading Bot - INFO - SELL signal for AAPL (score: 0.2040, source: quantum)
2025-04-04 11:07:10,395 - Quantum Trading Bot - WARNING - Cannot sell AAPL - no position
2025-04-04 11:07:10,398 - Quantum Trading Bot - INFO - Processing MSFT
2025-04-04 11:07:10,398 - Quantum Trading Bot - INFO - Mock halal compliance check for MSFT: COMPLIANT
2025-04-04 11:07:10,409 - Quantum Trading Bot - INFO - Quantum device error rate: 0.0309
2025-04-04 11:07:10,412 - Quantum Trading Bot - INFO - Quantum prediction for MSFT: 0.7450 (confidence: 0.9691)
2025-04-04 11:07:10,412 - Quantum Trading Bot - INFO - Trading signal for MSFT: 0.7450 (source: quantum)
2025-04-04 11:07:10,412 - Quantum Trading Bot - INFO - HOLD signal for MSFT (score: 0.7450, source: quantum)
2025-04-04 11:07:10,414 - Quantum Trading Bot - INFO - Processing NVDA
2025-04-04 11:07:10,414 - Quantum Trading Bot - INFO - Mock halal compliance check for NVDA: COMPLIANT
2025-04-04 11:07:10,422 - Quantum Trading Bot - INFO - Quantum device error rate: 0.0333
2025-04-04 11:07:10,425 - Quantum Trading Bot - INFO - Quantum prediction for NVDA: 0.1370 (confidence: 0.9667)
2025-04-04 11:07:10,425 - Quantum Trading Bot - INFO - Trading signal for NVDA: 0.1370 (source: quantum)
2025-04-04 11:07:10,425 - Quantum Trading Bot - INFO - SELL signal for NVDA (score: 0.1370, source: quantum)
2025-04-04 11:07:10,425 - Quantum Trading Bot - WARNING - Cannot sell NVDA - no position
2025-04-04 11:07:10,433 - Quantum Trading Bot - INFO - Performance metrics saved: 40/72 winning trades
2025-04-04 11:07:10,433 - Quantum Trading Bot - INFO - Quantum prediction accuracy: 0.00
2025-04-04 11:07:10,433 - Quantum Trading Bot - INFO - Sleeping for 60 seconds
2025-04-04 11:08:04,267 - Trading System - INFO - Trading Bot is alive: True
2025-04-04 11:08:04,269 - Trading System - INFO - Monitor Bot is alive: True
2025-04-04 11:08:04,269 - Trading System - INFO - Improvement Bot is alive: True
2025-04-04 11:08:10,438 - Quantum Trading Bot - INFO - Starting trading cycle
2025-04-04 11:08:10,439 - Quantum Trading Bot - INFO - Processing AAPL
2025-04-04 11:08:10,439 - Quantum Trading Bot - INFO - Mock halal compliance check for AAPL: COMPLIANT
2025-04-04 11:08:10,462 - Quantum Trading Bot - INFO - Quantum device error rate: 0.0555
2025-04-04 11:08:10,475 - Quantum Trading Bot - INFO - Quantum prediction for AAPL: 0.2474 (confidence: 0.9445)
2025-04-04 11:08:10,475 - Quantum Trading Bot - INFO - Trading signal for AAPL: 0.2474 (source: quantum)
2025-04-04 11:08:10,475 - Quantum Trading Bot - INFO - SELL signal for AAPL (score: 0.2474, source: quantum)
2025-04-04 11:08:10,477 - Quantum Trading Bot - WARNING - Cannot sell AAPL - no position
2025-04-04 11:08:10,479 - Quantum Trading Bot - INFO - Processing MSFT
2025-04-04 11:08:10,479 - Quantum Trading Bot - INFO - Mock halal compliance check for MSFT: COMPLIANT
2025-04-04 11:08:10,489 - Quantum Trading Bot - INFO - Quantum device error rate: 0.0525
2025-04-04 11:08:10,497 - Quantum Trading Bot - INFO - Quantum prediction for MSFT: 0.3080 (confidence: 0.9475)
2025-04-04 11:08:10,497 - Quantum Trading Bot - INFO - Trading signal for MSFT: 0.3080 (source: quantum)
2025-04-04 11:08:10,497 - Quantum Trading Bot - INFO - HOLD signal for MSFT (score: 0.3080, source: quantum)
2025-04-04 11:08:10,499 - Quantum Trading Bot - INFO - Processing NVDA
2025-04-04 11:08:10,499 - Quantum Trading Bot - INFO - Mock halal compliance check for NVDA: COMPLIANT
2025-04-04 11:08:10,507 - Quantum Trading Bot - INFO - Quantum device error rate: 0.0303
2025-04-04 11:08:10,509 - Quantum Trading Bot - INFO - Quantum prediction for NVDA: 0.7360 (confidence: 0.9697)
2025-04-04 11:08:10,509 - Quantum Trading Bot - INFO - Trading signal for NVDA: 0.7360 (source: quantum)
2025-04-04 11:08:10,509 - Quantum Trading Bot - INFO - HOLD signal for NVDA (score: 0.7360, source: quantum)
2025-04-04 11:08:10,517 - Quantum Trading Bot - INFO - Performance metrics saved: 40/72 winning trades
2025-04-04 11:08:10,517 - Quantum Trading Bot - INFO - Quantum prediction accuracy: 0.00
2025-04-04 11:08:10,517 - Quantum Trading Bot - INFO - Sleeping for 60 seconds
2025-04-04 11:09:04,269 - Trading System - INFO - Trading Bot is alive: True
2025-04-04 11:09:04,270 - Trading System - INFO - Monitor Bot is alive: True
2025-04-04 11:09:04,270 - Trading System - INFO - Improvement Bot is alive: True
2025-04-04 11:09:10,521 - Quantum Trading Bot - INFO - Starting trading cycle
2025-04-04 11:09:10,522 - Quantum Trading Bot - INFO - Processing AAPL
2025-04-04 11:09:10,522 - Quantum Trading Bot - INFO - Mock halal compliance check for AAPL: COMPLIANT
2025-04-04 11:09:10,546 - Quantum Trading Bot - INFO - Quantum device error rate: 0.0615
2025-04-04 11:09:10,560 - Quantum Trading Bot - INFO - Quantum prediction for AAPL: 0.5377 (confidence: 0.7508)
2025-04-04 11:09:10,560 - Quantum Trading Bot - INFO - Trading signal for AAPL: 0.5377 (source: quantum)
2025-04-04 11:09:10,560 - Quantum Trading Bot - INFO - HOLD signal for AAPL (score: 0.5377, source: quantum)
2025-04-04 11:09:10,562 - Quantum Trading Bot - INFO - Processing MSFT
2025-04-04 11:09:10,562 - Quantum Trading Bot - INFO - Mock halal compliance check for MSFT: COMPLIANT
2025-04-04 11:09:10,572 - Quantum Trading Bot - INFO - Quantum device error rate: 0.0495
2025-04-04 11:09:10,575 - Quantum Trading Bot - INFO - Quantum prediction for MSFT: 0.5770 (confidence: 0.7604)
2025-04-04 11:09:10,575 - Quantum Trading Bot - INFO - Trading signal for MSFT: 0.5770 (source: quantum)
2025-04-04 11:09:10,575 - Quantum Trading Bot - INFO - HOLD signal for MSFT (score: 0.5770, source: quantum)
2025-04-04 11:09:10,576 - Quantum Trading Bot - INFO - Processing NVDA
2025-04-04 11:09:10,576 - Quantum Trading Bot - INFO - Mock halal compliance check for NVDA: COMPLIANT
2025-04-04 11:09:10,584 - Quantum Trading Bot - INFO - Quantum device error rate: 0.0372
2025-04-04 11:09:10,587 - Quantum Trading Bot - INFO - Quantum prediction for NVDA: 0.5620 (confidence: 0.7702)
2025-04-04 11:09:10,587 - Quantum Trading Bot - INFO - Trading signal for NVDA: 0.5620 (source: quantum)
2025-04-04 11:09:10,587 - Quantum Trading Bot - INFO - HOLD signal for NVDA (score: 0.5620, source: quantum)
2025-04-04 11:09:10,594 - Quantum Trading Bot - INFO - Performance metrics saved: 40/72 winning trades
2025-04-04 11:09:10,594 - Quantum Trading Bot - INFO - Quantum prediction accuracy: 0.00
2025-04-04 11:09:10,594 - Quantum Trading Bot - INFO - Sleeping for 60 seconds
2025-04-04 11:10:04,274 - Trading System - INFO - Trading Bot is alive: True
2025-04-04 11:10:04,276 - Trading System - INFO - Monitor Bot is alive: True
2025-04-04 11:10:04,276 - Trading System - INFO - Improvement Bot is alive: True
2025-04-04 11:10:10,599 - Quantum Trading Bot - INFO - Starting trading cycle
2025-04-04 11:10:10,599 - Quantum Trading Bot - INFO - Processing AAPL
2025-04-04 11:10:10,600 - Quantum Trading Bot - INFO - Mock halal compliance check for AAPL: COMPLIANT
2025-04-04 11:10:10,629 - Quantum Trading Bot - INFO - Quantum device error rate: 0.0324
2025-04-04 11:10:10,636 - Quantum Trading Bot - INFO - Quantum prediction for AAPL: 0.6700 (confidence: 0.9676)
2025-04-04 11:10:10,636 - Quantum Trading Bot - INFO - Trading signal for AAPL: 0.6700 (source: quantum)
2025-04-04 11:10:10,636 - Quantum Trading Bot - INFO - HOLD signal for AAPL (score: 0.6700, source: quantum)
2025-04-04 11:10:10,639 - Quantum Trading Bot - INFO - Processing MSFT
2025-04-04 11:10:10,639 - Quantum Trading Bot - INFO - Mock halal compliance check for MSFT: COMPLIANT
2025-04-04 11:10:10,649 - Quantum Trading Bot - INFO - Quantum device error rate: 0.0351
2025-04-04 11:10:10,652 - Quantum Trading Bot - INFO - Quantum prediction for MSFT: 0.2860 (confidence: 0.9649)
2025-04-04 11:10:10,652 - Quantum Trading Bot - INFO - Trading signal for MSFT: 0.2860 (source: quantum)
2025-04-04 11:10:10,653 - Quantum Trading Bot - INFO - SELL signal for MSFT (score: 0.2860, source: quantum)
2025-04-04 11:10:10,653 - Quantum Trading Bot - WARNING - Cannot sell MSFT - no position
2025-04-04 11:10:10,655 - Quantum Trading Bot - INFO - Processing NVDA
2025-04-04 11:10:10,655 - Quantum Trading Bot - INFO - Mock halal compliance check for NVDA: COMPLIANT
2025-04-04 11:10:10,664 - Quantum Trading Bot - INFO - Quantum device error rate: 0.0375
2025-04-04 11:10:10,666 - Quantum Trading Bot - INFO - Quantum prediction for NVDA: 0.5920 (confidence: 0.7700)
2025-04-04 11:10:10,666 - Quantum Trading Bot - INFO - Trading signal for NVDA: 0.5920 (source: quantum)
2025-04-04 11:10:10,666 - Quantum Trading Bot - INFO - HOLD signal for NVDA (score: 0.5920, source: quantum)
2025-04-04 11:10:10,674 - Quantum Trading Bot - INFO - Performance metrics saved: 40/72 winning trades
2025-04-04 11:10:10,674 - Quantum Trading Bot - INFO - Quantum prediction accuracy: 0.00
2025-04-04 11:10:10,674 - Quantum Trading Bot - INFO - Sleeping for 60 seconds
2025-04-04 11:11:04,276 - Trading System - INFO - Trading Bot is alive: True
2025-04-04 11:11:04,278 - Trading System - INFO - Monitor Bot is alive: True
2025-04-04 11:11:04,278 - Trading System - INFO - Improvement Bot is alive: True
2025-04-04 11:11:10,679 - Quantum Trading Bot - INFO - Starting trading cycle
2025-04-04 11:11:10,679 - Quantum Trading Bot - INFO - Processing AAPL
2025-04-04 11:11:10,679 - Quantum Trading Bot - INFO - Mock halal compliance check for AAPL: COMPLIANT
2025-04-04 11:11:10,719 - Quantum Trading Bot - INFO - Quantum device error rate: 0.0474
2025-04-04 11:11:10,727 - Quantum Trading Bot - INFO - Quantum prediction for AAPL: 0.5490 (confidence: 0.7621)
2025-04-04 11:11:10,727 - Quantum Trading Bot - INFO - Trading signal for AAPL: 0.5490 (source: quantum)
2025-04-04 11:11:10,727 - Quantum Trading Bot - INFO - HOLD signal for AAPL (score: 0.5490, source: quantum)
2025-04-04 11:11:10,730 - Quantum Trading Bot - INFO - Processing MSFT
2025-04-04 11:11:10,730 - Quantum Trading Bot - INFO - Mock halal compliance check for MSFT: COMPLIANT
2025-04-04 11:11:10,742 - Quantum Trading Bot - INFO - Quantum device error rate: 0.0342
2025-04-04 11:11:10,745 - Quantum Trading Bot - INFO - Quantum prediction for MSFT: 0.2410 (confidence: 0.9658)
2025-04-04 11:11:10,745 - Quantum Trading Bot - INFO - Trading signal for MSFT: 0.2410 (source: quantum)
2025-04-04 11:11:10,745 - Quantum Trading Bot - INFO - SELL signal for MSFT (score: 0.2410, source: quantum)
2025-04-04 11:11:10,746 - Quantum Trading Bot - WARNING - Cannot sell MSFT - no position
2025-04-04 11:11:10,748 - Quantum Trading Bot - INFO - Processing NVDA
2025-04-04 11:11:10,748 - Quantum Trading Bot - INFO - Mock halal compliance check for NVDA: COMPLIANT
2025-04-04 11:11:10,756 - Quantum Trading Bot - INFO - Quantum device error rate: 0.0360
2025-04-04 11:11:10,758 - Quantum Trading Bot - INFO - Quantum prediction for NVDA: 0.1990 (confidence: 0.9640)
2025-04-04 11:11:10,758 - Quantum Trading Bot - INFO - Trading signal for NVDA: 0.1990 (source: quantum)
2025-04-04 11:11:10,758 - Quantum Trading Bot - INFO - SELL signal for NVDA (score: 0.1990, source: quantum)
2025-04-04 11:11:10,759 - Quantum Trading Bot - WARNING - Cannot sell NVDA - no position
2025-04-04 11:11:10,767 - Quantum Trading Bot - INFO - Performance metrics saved: 40/72 winning trades
2025-04-04 11:11:10,767 - Quantum Trading Bot - INFO - Quantum prediction accuracy: 0.00
2025-04-04 11:11:10,767 - Quantum Trading Bot - INFO - Sleeping for 60 seconds
2025-04-04 11:12:04,279 - Trading System - INFO - Trading Bot is alive: True
2025-04-04 11:12:04,282 - Trading System - INFO - Monitor Bot is alive: True
2025-04-04 11:12:04,282 - Trading System - INFO - Improvement Bot is alive: True
2025-04-04 11:12:10,772 - Quantum Trading Bot - INFO - Starting trading cycle
2025-04-04 11:12:10,772 - Quantum Trading Bot - INFO - Processing AAPL
2025-04-04 11:12:10,772 - Quantum Trading Bot - INFO - Mock halal compliance check for AAPL: COMPLIANT
2025-04-04 11:12:10,800 - Quantum Trading Bot - INFO - Quantum device error rate: 0.0489
2025-04-04 11:12:10,807 - Quantum Trading Bot - INFO - Quantum prediction for AAPL: 0.3000 (confidence: 0.9511)
2025-04-04 11:12:10,807 - Quantum Trading Bot - INFO - Trading signal for AAPL: 0.3000 (source: quantum)
2025-04-04 11:12:10,807 - Quantum Trading Bot - INFO - HOLD signal for AAPL (score: 0.3000, source: quantum)
2025-04-04 11:12:10,809 - Quantum Trading Bot - INFO - Processing MSFT
2025-04-04 11:12:10,809 - Quantum Trading Bot - INFO - Mock halal compliance check for MSFT: COMPLIANT
2025-04-04 11:12:10,820 - Quantum Trading Bot - INFO - Quantum device error rate: 0.0387
2025-04-04 11:12:10,824 - Quantum Trading Bot - INFO - Quantum prediction for MSFT: 0.2980 (confidence: 0.9613)
2025-04-04 11:12:10,824 - Quantum Trading Bot - INFO - Trading signal for MSFT: 0.2980 (source: quantum)
2025-04-04 11:12:10,824 - Quantum Trading Bot - INFO - SELL signal for MSFT (score: 0.2980, source: quantum)
2025-04-04 11:12:10,824 - Quantum Trading Bot - WARNING - Cannot sell MSFT - no position
2025-04-04 11:12:10,826 - Quantum Trading Bot - INFO - Processing NVDA
2025-04-04 11:12:10,826 - Quantum Trading Bot - INFO - Mock halal compliance check for NVDA: COMPLIANT
2025-04-04 11:12:10,835 - Quantum Trading Bot - INFO - Quantum device error rate: 0.0585
2025-04-04 11:12:10,843 - Quantum Trading Bot - INFO - Quantum prediction for NVDA: 0.2844 (confidence: 0.9415)
2025-04-04 11:12:10,843 - Quantum Trading Bot - INFO - Trading signal for NVDA: 0.2844 (source: quantum)
2025-04-04 11:12:10,843 - Quantum Trading Bot - INFO - SELL signal for NVDA (score: 0.2844, source: quantum)
2025-04-04 11:12:10,843 - Quantum Trading Bot - WARNING - Cannot sell NVDA - no position
2025-04-04 11:12:10,851 - Quantum Trading Bot - INFO - Performance metrics saved: 40/72 winning trades
2025-04-04 11:12:10,851 - Quantum Trading Bot - INFO - Quantum prediction accuracy: 0.00
2025-04-04 11:12:10,851 - Quantum Trading Bot - INFO - Sleeping for 60 seconds
2025-04-04 11:13:04,284 - Trading System - INFO - Trading Bot is alive: True
2025-04-04 11:13:04,287 - Trading System - INFO - Monitor Bot is alive: True
2025-04-04 11:13:04,287 - Trading System - INFO - Improvement Bot is alive: True
2025-04-04 11:13:10,856 - Quantum Trading Bot - INFO - Starting trading cycle
2025-04-04 11:13:10,856 - Quantum Trading Bot - INFO - Processing AAPL
2025-04-04 11:13:10,857 - Quantum Trading Bot - INFO - Mock halal compliance check for AAPL: COMPLIANT
2025-04-04 11:13:10,878 - Quantum Trading Bot - INFO - Quantum device error rate: 0.0399
2025-04-04 11:13:10,885 - Quantum Trading Bot - INFO - Quantum prediction for AAPL: 0.8100 (confidence: 0.9601)
2025-04-04 11:13:10,885 - Quantum Trading Bot - INFO - Trading signal for AAPL: 0.8100 (source: quantum)
2025-04-04 11:13:10,885 - Quantum Trading Bot - INFO - HOLD signal for AAPL (score: 0.8100, source: quantum)
2025-04-04 11:13:10,887 - Quantum Trading Bot - INFO - Processing MSFT
2025-04-04 11:13:10,887 - Quantum Trading Bot - INFO - Mock halal compliance check for MSFT: COMPLIANT
2025-04-04 11:13:10,897 - Quantum Trading Bot - INFO - Quantum device error rate: 0.0444
2025-04-04 11:13:10,900 - Quantum Trading Bot - INFO - Quantum prediction for MSFT: 0.5000 (confidence: 0.7645)
2025-04-04 11:13:10,900 - Quantum Trading Bot - INFO - Trading signal for MSFT: 0.5000 (source: quantum)
2025-04-04 11:13:10,900 - Quantum Trading Bot - INFO - HOLD signal for MSFT (score: 0.5000, source: quantum)
2025-04-04 11:13:10,902 - Quantum Trading Bot - INFO - Processing NVDA
2025-04-04 11:13:10,902 - Quantum Trading Bot - INFO - Mock halal compliance check for NVDA: COMPLIANT
2025-04-04 11:13:10,911 - Quantum Trading Bot - INFO - Quantum device error rate: 0.0369
2025-04-04 11:13:10,913 - Quantum Trading Bot - INFO - Quantum prediction for NVDA: 0.2480 (confidence: 0.9631)
2025-04-04 11:13:10,913 - Quantum Trading Bot - INFO - Trading signal for NVDA: 0.2480 (source: quantum)
2025-04-04 11:13:10,913 - Quantum Trading Bot - INFO - SELL signal for NVDA (score: 0.2480, source: quantum)
2025-04-04 11:13:10,914 - Quantum Trading Bot - WARNING - Cannot sell NVDA - no position
2025-04-04 11:13:10,922 - Quantum Trading Bot - INFO - Performance metrics saved: 40/72 winning trades
2025-04-04 11:13:10,922 - Quantum Trading Bot - INFO - Quantum prediction accuracy: 0.00
2025-04-04 11:13:10,932 - Quantum Trading Bot - INFO - Quantum device error rate: 0.0384
2025-04-04 11:13:10,934 - Quantum Trading Bot - INFO - Quantum portfolio optimization complete: {'AAPL': np.float64(0.31691078561917446), 'MSFT': np.float64(0.3495339547270307), 'NVDA': np.float64(0.333555259653795)}
2025-04-04 11:13:10,934 - Quantum Trading Bot - INFO - Optimal portfolio weights: {'AAPL': np.float64(0.31691078561917446), 'MSFT': np.float64(0.3495339547270307), 'NVDA': np.float64(0.333555259653795)}
2025-04-04 11:13:10,935 - Quantum Trading Bot - INFO - Sleeping for 60 seconds
2025-04-04 11:14:04,287 - Trading System - INFO - Trading Bot is alive: True
2025-04-04 11:14:04,289 - Trading System - INFO - Monitor Bot is alive: True
2025-04-04 11:14:04,289 - Trading System - INFO - Improvement Bot is alive: True
2025-04-04 11:14:10,939 - Quantum Trading Bot - INFO - Starting trading cycle
2025-04-04 11:14:10,940 - Quantum Trading Bot - INFO - Processing AAPL
2025-04-04 11:14:10,940 - Quantum Trading Bot - INFO - Mock halal compliance check for AAPL: COMPLIANT
2025-04-04 11:14:10,965 - Quantum Trading Bot - INFO - Quantum device error rate: 0.0438
2025-04-04 11:14:10,972 - Quantum Trading Bot - INFO - Quantum prediction for AAPL: 0.8620 (confidence: 0.9562)
2025-04-04 11:14:10,972 - Quantum Trading Bot - INFO - Trading signal for AAPL: 0.8620 (source: quantum)
2025-04-04 11:14:10,972 - Quantum Trading Bot - INFO - HOLD signal for AAPL (score: 0.8620, source: quantum)
2025-04-04 11:14:10,974 - Quantum Trading Bot - INFO - Processing MSFT
2025-04-04 11:14:10,974 - Quantum Trading Bot - INFO - Mock halal compliance check for MSFT: COMPLIANT
2025-04-04 11:14:10,985 - Quantum Trading Bot - INFO - Quantum device error rate: 0.0471
2025-04-04 11:14:10,988 - Quantum Trading Bot - INFO - Quantum prediction for MSFT: 0.0810 (confidence: 0.9529)
2025-04-04 11:14:10,988 - Quantum Trading Bot - INFO - Trading signal for MSFT: 0.0810 (source: quantum)
2025-04-04 11:14:10,988 - Quantum Trading Bot - INFO - SELL signal for MSFT (score: 0.0810, source: quantum)
2025-04-04 11:14:10,989 - Quantum Trading Bot - WARNING - Cannot sell MSFT - no position
2025-04-04 11:14:10,991 - Quantum Trading Bot - INFO - Processing NVDA
2025-04-04 11:14:10,991 - Quantum Trading Bot - INFO - Mock halal compliance check for NVDA: COMPLIANT
2025-04-04 11:14:11,001 - Quantum Trading Bot - INFO - Quantum device error rate: 0.0495
2025-04-04 11:14:11,004 - Quantum Trading Bot - INFO - Quantum prediction for NVDA: 0.6270 (confidence: 0.9505)
2025-04-04 11:14:11,004 - Quantum Trading Bot - INFO - Trading signal for NVDA: 0.6270 (source: quantum)
2025-04-04 11:14:11,004 - Quantum Trading Bot - INFO - HOLD signal for NVDA (score: 0.6270, source: quantum)
2025-04-04 11:14:11,011 - Quantum Trading Bot - INFO - Performance metrics saved: 40/72 winning trades
2025-04-04 11:14:11,011 - Quantum Trading Bot - INFO - Quantum prediction accuracy: 0.00
2025-04-04 11:14:11,011 - Quantum Trading Bot - INFO - Sleeping for 60 seconds
2025-04-04 11:15:04,292 - Trading System - INFO - Trading Bot is alive: True
2025-04-04 11:15:04,294 - Trading System - INFO - Monitor Bot is alive: True
2025-04-04 11:15:04,295 - Trading System - INFO - Improvement Bot is alive: True
2025-04-04 11:15:11,016 - Quantum Trading Bot - INFO - Starting trading cycle
2025-04-04 11:15:11,017 - Quantum Trading Bot - INFO - Processing AAPL
2025-04-04 11:15:11,017 - Quantum Trading Bot - INFO - Mock halal compliance check for AAPL: COMPLIANT
2025-04-04 11:15:11,038 - Quantum Trading Bot - INFO - Quantum device error rate: 0.0414
2025-04-04 11:15:11,045 - Quantum Trading Bot - INFO - Quantum prediction for AAPL: 0.1350 (confidence: 0.9586)
2025-04-04 11:15:11,045 - Quantum Trading Bot - INFO - Trading signal for AAPL: 0.1350 (source: quantum)
2025-04-04 11:15:11,045 - Quantum Trading Bot - INFO - SELL signal for AAPL (score: 0.1350, source: quantum)
2025-04-04 11:15:11,047 - Quantum Trading Bot - WARNING - Cannot sell AAPL - no position
2025-04-04 11:15:11,049 - Quantum Trading Bot - INFO - Processing MSFT
2025-04-04 11:15:11,049 - Quantum Trading Bot - INFO - Mock halal compliance check for MSFT: COMPLIANT
2025-04-04 11:15:11,059 - Quantum Trading Bot - INFO - Quantum device error rate: 0.0411
2025-04-04 11:15:11,062 - Quantum Trading Bot - INFO - Quantum prediction for MSFT: 0.3890 (confidence: 0.9589)
2025-04-04 11:15:11,062 - Quantum Trading Bot - INFO - Trading signal for MSFT: 0.3890 (source: quantum)
2025-04-04 11:15:11,062 - Quantum Trading Bot - INFO - HOLD signal for MSFT (score: 0.3890, source: quantum)
2025-04-04 11:15:11,064 - Quantum Trading Bot - INFO - Processing NVDA
2025-04-04 11:15:11,064 - Quantum Trading Bot - INFO - Mock halal compliance check for NVDA: COMPLIANT
2025-04-04 11:15:11,073 - Quantum Trading Bot - INFO - Quantum device error rate: 0.0357
2025-04-04 11:15:11,075 - Quantum Trading Bot - INFO - Quantum prediction for NVDA: 0.4380 (confidence: 0.7714)
2025-04-04 11:15:11,075 - Quantum Trading Bot - INFO - Trading signal for NVDA: 0.4380 (source: quantum)
2025-04-04 11:15:11,075 - Quantum Trading Bot - INFO - HOLD signal for NVDA (score: 0.4380, source: quantum)
2025-04-04 11:15:11,083 - Quantum Trading Bot - INFO - Performance metrics saved: 40/72 winning trades
2025-04-04 11:15:11,083 - Quantum Trading Bot - INFO - Quantum prediction accuracy: 0.00
2025-04-04 11:15:11,083 - Quantum Trading Bot - INFO - Sleeping for 60 seconds
2025-04-04 11:16:04,299 - Trading System - INFO - Trading Bot is alive: True
2025-04-04 11:16:04,300 - Trading System - INFO - Monitor Bot is alive: True
2025-04-04 11:16:04,300 - Trading System - INFO - Improvement Bot is alive: True
2025-04-04 11:16:11,088 - Quantum Trading Bot - INFO - Starting trading cycle
2025-04-04 11:16:11,089 - Quantum Trading Bot - INFO - Processing AAPL
2025-04-04 11:16:11,089 - Quantum Trading Bot - INFO - Mock halal compliance check for AAPL: COMPLIANT
2025-04-04 11:16:11,116 - Quantum Trading Bot - INFO - Quantum device error rate: 0.0126
2025-04-04 11:16:11,121 - Quantum Trading Bot - INFO - Quantum prediction for AAPL: 0.7390 (confidence: 0.9874)
2025-04-04 11:16:11,121 - Quantum Trading Bot - INFO - Trading signal for AAPL: 0.7390 (source: quantum)
2025-04-04 11:16:11,121 - Quantum Trading Bot - INFO - HOLD signal for AAPL (score: 0.7390, source: quantum)
2025-04-04 11:16:11,124 - Quantum Trading Bot - INFO - Processing MSFT
2025-04-04 11:16:11,124 - Quantum Trading Bot - INFO - Mock halal compliance check for MSFT: COMPLIANT
2025-04-04 11:16:11,134 - Quantum Trading Bot - INFO - Quantum device error rate: 0.0327
2025-04-04 11:16:11,137 - Quantum Trading Bot - INFO - Quantum prediction for MSFT: 0.3670 (confidence: 0.9673)
2025-04-04 11:16:11,137 - Quantum Trading Bot - INFO - Trading signal for MSFT: 0.3670 (source: quantum)
2025-04-04 11:16:11,137 - Quantum Trading Bot - INFO - HOLD signal for MSFT (score: 0.3670, source: quantum)
2025-04-04 11:16:11,139 - Quantum Trading Bot - INFO - Processing NVDA
2025-04-04 11:16:11,139 - Quantum Trading Bot - INFO - Mock halal compliance check for NVDA: COMPLIANT
2025-04-04 11:16:11,147 - Quantum Trading Bot - INFO - Quantum device error rate: 0.0363
2025-04-04 11:16:11,150 - Quantum Trading Bot - INFO - Quantum prediction for NVDA: 0.6100 (confidence: 0.9637)
2025-04-04 11:16:11,150 - Quantum Trading Bot - INFO - Trading signal for NVDA: 0.6100 (source: quantum)
2025-04-04 11:16:11,150 - Quantum Trading Bot - INFO - HOLD signal for NVDA (score: 0.6100, source: quantum)
2025-04-04 11:16:11,158 - Quantum Trading Bot - INFO - Performance metrics saved: 40/72 winning trades
2025-04-04 11:16:11,158 - Quantum Trading Bot - INFO - Quantum prediction accuracy: 0.00
2025-04-04 11:16:11,158 - Quantum Trading Bot - INFO - Sleeping for 60 seconds
2025-04-04 11:17:04,302 - Trading System - INFO - Trading Bot is alive: True
2025-04-04 11:17:04,304 - Trading System - INFO - Monitor Bot is alive: True
2025-04-04 11:17:04,304 - Trading System - INFO - Improvement Bot is alive: True
2025-04-04 11:17:11,163 - Quantum Trading Bot - INFO - Starting trading cycle
2025-04-04 11:17:11,163 - Quantum Trading Bot - INFO - Processing AAPL
2025-04-04 11:17:11,163 - Quantum Trading Bot - INFO - Mock halal compliance check for AAPL: COMPLIANT
2025-04-04 11:17:11,183 - Quantum Trading Bot - INFO - Quantum device error rate: 0.0300
2025-04-04 11:17:11,188 - Quantum Trading Bot - INFO - Quantum prediction for AAPL: 0.5720 (confidence: 0.7760)
2025-04-04 11:17:11,188 - Quantum Trading Bot - INFO - Trading signal for AAPL: 0.5720 (source: quantum)
2025-04-04 11:17:11,188 - Quantum Trading Bot - INFO - HOLD signal for AAPL (score: 0.5720, source: quantum)
2025-04-04 11:17:11,190 - Quantum Trading Bot - INFO - Processing MSFT
2025-04-04 11:17:11,190 - Quantum Trading Bot - INFO - Mock halal compliance check for MSFT: COMPLIANT
2025-04-04 11:17:11,200 - Quantum Trading Bot - INFO - Quantum device error rate: 0.0234
2025-04-04 11:17:11,203 - Quantum Trading Bot - INFO - Quantum prediction for MSFT: 0.4420 (confidence: 0.7813)
2025-04-04 11:17:11,203 - Quantum Trading Bot - INFO - Trading signal for MSFT: 0.4420 (source: quantum)
2025-04-04 11:17:11,203 - Quantum Trading Bot - INFO - HOLD signal for MSFT (score: 0.4420, source: quantum)
2025-04-04 11:17:11,205 - Quantum Trading Bot - INFO - Processing NVDA
2025-04-04 11:17:11,205 - Quantum Trading Bot - INFO - Mock halal compliance check for NVDA: COMPLIANT
2025-04-04 11:17:11,213 - Quantum Trading Bot - INFO - Quantum device error rate: 0.0378
2025-04-04 11:17:11,215 - Quantum Trading Bot - INFO - Quantum prediction for NVDA: 0.5880 (confidence: 0.7698)
2025-04-04 11:17:11,215 - Quantum Trading Bot - INFO - Trading signal for NVDA: 0.5880 (source: quantum)
2025-04-04 11:17:11,215 - Quantum Trading Bot - INFO - HOLD signal for NVDA (score: 0.5880, source: quantum)
2025-04-04 11:17:11,223 - Quantum Trading Bot - INFO - Performance metrics saved: 40/72 winning trades
2025-04-04 11:17:11,223 - Quantum Trading Bot - INFO - Quantum prediction accuracy: 0.00
2025-04-04 11:17:11,223 - Quantum Trading Bot - INFO - Sleeping for 60 seconds
2025-04-04 11:18:04,308 - Trading System - INFO - Trading Bot is alive: True
2025-04-04 11:18:04,309 - Trading System - INFO - Monitor Bot is alive: True
2025-04-04 11:18:04,309 - Trading System - INFO - Improvement Bot is alive: True
2025-04-04 11:18:11,227 - Quantum Trading Bot - INFO - Starting trading cycle
2025-04-04 11:18:11,228 - Quantum Trading Bot - INFO - Processing AAPL
2025-04-04 11:18:11,228 - Quantum Trading Bot - INFO - Mock halal compliance check for AAPL: COMPLIANT
2025-04-04 11:18:11,248 - Quantum Trading Bot - INFO - Quantum device error rate: 0.0489
2025-04-04 11:18:11,252 - Quantum Trading Bot - INFO - Quantum prediction for AAPL: 0.6140 (confidence: 0.9511)
2025-04-04 11:18:11,252 - Quantum Trading Bot - INFO - Trading signal for AAPL: 0.6140 (source: quantum)
2025-04-04 11:18:11,252 - Quantum Trading Bot - INFO - HOLD signal for AAPL (score: 0.6140, source: quantum)
2025-04-04 11:18:11,254 - Quantum Trading Bot - INFO - Processing MSFT
2025-04-04 11:18:11,254 - Quantum Trading Bot - INFO - Mock halal compliance check for MSFT: COMPLIANT
2025-04-04 11:18:11,262 - Quantum Trading Bot - INFO - Quantum device error rate: 0.0405
2025-04-04 11:18:11,265 - Quantum Trading Bot - INFO - Quantum prediction for MSFT: 0.3230 (confidence: 0.9595)
2025-04-04 11:18:11,265 - Quantum Trading Bot - INFO - Trading signal for MSFT: 0.3230 (source: quantum)
2025-04-04 11:18:11,265 - Quantum Trading Bot - INFO - HOLD signal for MSFT (score: 0.3230, source: quantum)
2025-04-04 11:18:11,267 - Quantum Trading Bot - INFO - Processing NVDA
2025-04-04 11:18:11,267 - Quantum Trading Bot - INFO - Mock halal compliance check for NVDA: COMPLIANT
2025-04-04 11:18:11,277 - Quantum Trading Bot - INFO - Quantum device error rate: 0.0600
2025-04-04 11:18:11,285 - Quantum Trading Bot - INFO - Quantum prediction for NVDA: 0.5863 (confidence: 0.7520)
2025-04-04 11:18:11,285 - Quantum Trading Bot - INFO - Trading signal for NVDA: 0.5863 (source: quantum)
2025-04-04 11:18:11,285 - Quantum Trading Bot - INFO - HOLD signal for NVDA (score: 0.5863, source: quantum)
2025-04-04 11:18:11,293 - Quantum Trading Bot - INFO - Performance metrics saved: 40/72 winning trades
2025-04-04 11:18:11,293 - Quantum Trading Bot - INFO - Quantum prediction accuracy: 0.00
2025-04-04 11:18:11,293 - Quantum Trading Bot - INFO - Sleeping for 60 seconds
2025-04-04 11:19:04,314 - Trading System - INFO - Trading Bot is alive: True
2025-04-04 11:19:04,315 - Trading System - INFO - Monitor Bot is alive: True
2025-04-04 11:19:04,315 - Trading System - INFO - Improvement Bot is alive: True
2025-04-04 11:19:11,298 - Quantum Trading Bot - INFO - Starting trading cycle
2025-04-04 11:19:11,298 - Quantum Trading Bot - INFO - Processing AAPL
2025-04-04 11:19:11,299 - Quantum Trading Bot - INFO - Mock halal compliance check for AAPL: COMPLIANT
2025-04-04 11:19:11,322 - Quantum Trading Bot - INFO - Quantum device error rate: 0.0342
2025-04-04 11:19:11,328 - Quantum Trading Bot - INFO - Quantum prediction for AAPL: 0.3800 (confidence: 0.9658)
2025-04-04 11:19:11,328 - Quantum Trading Bot - INFO - Trading signal for AAPL: 0.3800 (source: quantum)
2025-04-04 11:19:11,328 - Quantum Trading Bot - INFO - HOLD signal for AAPL (score: 0.3800, source: quantum)
2025-04-04 11:19:11,331 - Quantum Trading Bot - INFO - Processing MSFT
2025-04-04 11:19:11,331 - Quantum Trading Bot - INFO - Mock halal compliance check for MSFT: COMPLIANT
2025-04-04 11:19:11,341 - Quantum Trading Bot - INFO - Quantum device error rate: 0.0378
2025-04-04 11:19:11,345 - Quantum Trading Bot - INFO - Quantum prediction for MSFT: 0.5420 (confidence: 0.7698)
2025-04-04 11:19:11,345 - Quantum Trading Bot - INFO - Trading signal for MSFT: 0.5420 (source: quantum)
2025-04-04 11:19:11,345 - Quantum Trading Bot - INFO - HOLD signal for MSFT (score: 0.5420, source: quantum)
2025-04-04 11:19:11,347 - Quantum Trading Bot - INFO - Processing NVDA
2025-04-04 11:19:11,347 - Quantum Trading Bot - INFO - Mock halal compliance check for NVDA: COMPLIANT
2025-04-04 11:19:11,355 - Quantum Trading Bot - INFO - Quantum device error rate: 0.0471
2025-04-04 11:19:11,358 - Quantum Trading Bot - INFO - Quantum prediction for NVDA: 0.7100 (confidence: 0.9529)
2025-04-04 11:19:11,358 - Quantum Trading Bot - INFO - Trading signal for NVDA: 0.7100 (source: quantum)
2025-04-04 11:19:11,358 - Quantum Trading Bot - INFO - HOLD signal for NVDA (score: 0.7100, source: quantum)
2025-04-04 11:19:11,366 - Quantum Trading Bot - INFO - Performance metrics saved: 40/72 winning trades
2025-04-04 11:19:11,366 - Quantum Trading Bot - INFO - Quantum prediction accuracy: 0.00
2025-04-04 11:19:11,366 - Quantum Trading Bot - INFO - Sleeping for 60 seconds
2025-04-04 11:20:04,301 - Trading System - INFO - Trading Bot is alive: True
2025-04-04 11:20:04,301 - Trading System - INFO - Monitor Bot is alive: True
2025-04-04 11:20:04,301 - Trading System - INFO - Improvement Bot is alive: True
2025-04-04 11:20:11,350 - Quantum Trading Bot - INFO - Starting trading cycle
2025-04-04 11:20:11,351 - Quantum Trading Bot - INFO - Processing AAPL
2025-04-04 11:20:11,351 - Quantum Trading Bot - INFO - Mock halal compliance check for AAPL: COMPLIANT
2025-04-04 11:20:11,374 - Quantum Trading Bot - INFO - Quantum device error rate: 0.0195
2025-04-04 11:20:11,381 - Quantum Trading Bot - INFO - Quantum prediction for AAPL: 0.6700 (confidence: 0.9805)
2025-04-04 11:20:11,381 - Quantum Trading Bot - INFO - Trading signal for AAPL: 0.6700 (source: quantum)
2025-04-04 11:20:11,381 - Quantum Trading Bot - INFO - HOLD signal for AAPL (score: 0.6700, source: quantum)
2025-04-04 11:20:11,383 - Quantum Trading Bot - INFO - Processing MSFT
2025-04-04 11:20:11,384 - Quantum Trading Bot - INFO - Mock halal compliance check for MSFT: COMPLIANT
2025-04-04 11:20:11,395 - Quantum Trading Bot - INFO - Quantum device error rate: 0.0627
2025-04-04 11:20:11,405 - Quantum Trading Bot - INFO - Quantum prediction for MSFT: 0.7804 (confidence: 0.9373)
2025-04-04 11:20:11,405 - Quantum Trading Bot - INFO - Trading signal for MSFT: 0.7804 (source: quantum)
2025-04-04 11:20:11,405 - Quantum Trading Bot - INFO - HOLD signal for MSFT (score: 0.7804, source: quantum)
2025-04-04 11:20:11,406 - Quantum Trading Bot - INFO - Processing NVDA
2025-04-04 11:20:11,406 - Quantum Trading Bot - INFO - Mock halal compliance check for NVDA: COMPLIANT
2025-04-04 11:20:11,415 - Quantum Trading Bot - INFO - Quantum device error rate: 0.0426
2025-04-04 11:20:11,417 - Quantum Trading Bot - INFO - Quantum prediction for NVDA: 0.3790 (confidence: 0.9574)
2025-04-04 11:20:11,418 - Quantum Trading Bot - INFO - Trading signal for NVDA: 0.3790 (source: quantum)
2025-04-04 11:20:11,418 - Quantum Trading Bot - INFO - HOLD signal for NVDA (score: 0.3790, source: quantum)
2025-04-04 11:20:11,425 - Quantum Trading Bot - INFO - Performance metrics saved: 40/72 winning trades
2025-04-04 11:20:11,425 - Quantum Trading Bot - INFO - Quantum prediction accuracy: 0.00
2025-04-04 11:20:11,425 - Quantum Trading Bot - INFO - Sleeping for 60 seconds
2025-04-04 11:21:04,302 - Trading System - INFO - Trading Bot is alive: True
2025-04-04 11:21:04,302 - Trading System - INFO - Monitor Bot is alive: True
2025-04-04 11:21:04,302 - Trading System - INFO - Improvement Bot is alive: True
2025-04-04 11:21:11,427 - Quantum Trading Bot - INFO - Starting trading cycle
2025-04-04 11:21:11,428 - Quantum Trading Bot - INFO - Processing AAPL
2025-04-04 11:21:11,428 - Quantum Trading Bot - INFO - Mock halal compliance check for AAPL: COMPLIANT
2025-04-04 11:21:11,450 - Quantum Trading Bot - INFO - Quantum device error rate: 0.0294
2025-04-04 11:21:11,455 - Quantum Trading Bot - INFO - Quantum prediction for AAPL: 0.7020 (confidence: 0.9706)
2025-04-04 11:21:11,455 - Quantum Trading Bot - INFO - Trading signal for AAPL: 0.7020 (source: quantum)
2025-04-04 11:21:11,455 - Quantum Trading Bot - INFO - HOLD signal for AAPL (score: 0.7020, source: quantum)
2025-04-04 11:21:11,458 - Quantum Trading Bot - INFO - Processing MSFT
2025-04-04 11:21:11,458 - Quantum Trading Bot - INFO - Mock halal compliance check for MSFT: COMPLIANT
2025-04-04 11:21:11,468 - Quantum Trading Bot - INFO - Quantum device error rate: 0.0510
2025-04-04 11:21:11,477 - Quantum Trading Bot - INFO - Quantum prediction for MSFT: 0.5896 (confidence: 0.7592)
2025-04-04 11:21:11,477 - Quantum Trading Bot - INFO - Trading signal for MSFT: 0.5896 (source: quantum)
2025-04-04 11:21:11,478 - Quantum Trading Bot - INFO - HOLD signal for MSFT (score: 0.5896, source: quantum)
2025-04-04 11:21:11,479 - Quantum Trading Bot - INFO - Processing NVDA
2025-04-04 11:21:11,479 - Quantum Trading Bot - INFO - Mock halal compliance check for NVDA: COMPLIANT
2025-04-04 11:21:11,487 - Quantum Trading Bot - INFO - Quantum device error rate: 0.0387
2025-04-04 11:21:11,490 - Quantum Trading Bot - INFO - Quantum prediction for NVDA: 0.2020 (confidence: 0.9613)
2025-04-04 11:21:11,490 - Quantum Trading Bot - INFO - Trading signal for NVDA: 0.2020 (source: quantum)
2025-04-04 11:21:11,490 - Quantum Trading Bot - INFO - SELL signal for NVDA (score: 0.2020, source: quantum)
2025-04-04 11:21:11,491 - Quantum Trading Bot - WARNING - Cannot sell NVDA - no position
2025-04-04 11:21:11,498 - Quantum Trading Bot - INFO - Performance metrics saved: 40/72 winning trades
2025-04-04 11:21:11,498 - Quantum Trading Bot - INFO - Quantum prediction accuracy: 0.00
2025-04-04 11:21:11,498 - Quantum Trading Bot - INFO - Sleeping for 60 seconds
2025-04-04 11:22:04,303 - Trading System - INFO - Trading Bot is alive: True
2025-04-04 11:22:04,303 - Trading System - INFO - Monitor Bot is alive: True
2025-04-04 11:22:04,304 - Trading System - INFO - Improvement Bot is alive: True
2025-04-04 11:22:11,502 - Quantum Trading Bot - INFO - Starting trading cycle
2025-04-04 11:22:11,503 - Quantum Trading Bot - INFO - Processing AAPL
2025-04-04 11:22:11,503 - Quantum Trading Bot - INFO - Mock halal compliance check for AAPL: COMPLIANT
2025-04-04 11:22:11,527 - Quantum Trading Bot - INFO - Quantum device error rate: 0.0345
2025-04-04 11:22:11,533 - Quantum Trading Bot - INFO - Quantum prediction for AAPL: 0.0940 (confidence: 0.9655)
2025-04-04 11:22:11,533 - Quantum Trading Bot - INFO - Trading signal for AAPL: 0.0940 (source: quantum)
2025-04-04 11:22:11,533 - Quantum Trading Bot - INFO - SELL signal for AAPL (score: 0.0940, source: quantum)
2025-04-04 11:22:11,534 - Quantum Trading Bot - WARNING - Cannot sell AAPL - no position
2025-04-04 11:22:11,537 - Quantum Trading Bot - INFO - Processing MSFT
2025-04-04 11:22:11,537 - Quantum Trading Bot - INFO - Mock halal compliance check for MSFT: COMPLIANT
2025-04-04 11:22:11,547 - Quantum Trading Bot - INFO - Quantum device error rate: 0.0282
2025-04-04 11:22:11,551 - Quantum Trading Bot - INFO - Quantum prediction for MSFT: 0.5860 (confidence: 0.7774)
2025-04-04 11:22:11,551 - Quantum Trading Bot - INFO - Trading signal for MSFT: 0.5860 (source: quantum)
2025-04-04 11:22:11,551 - Quantum Trading Bot - INFO - HOLD signal for MSFT (score: 0.5860, source: quantum)
2025-04-04 11:22:11,553 - Quantum Trading Bot - INFO - Processing NVDA
2025-04-04 11:22:11,553 - Quantum Trading Bot - INFO - Mock halal compliance check for NVDA: COMPLIANT
2025-04-04 11:22:11,561 - Quantum Trading Bot - INFO - Quantum device error rate: 0.0309
2025-04-04 11:22:11,564 - Quantum Trading Bot - INFO - Quantum prediction for NVDA: 0.6960 (confidence: 0.9691)
2025-04-04 11:22:11,564 - Quantum Trading Bot - INFO - Trading signal for NVDA: 0.6960 (source: quantum)
2025-04-04 11:22:11,564 - Quantum Trading Bot - INFO - HOLD signal for NVDA (score: 0.6960, source: quantum)
2025-04-04 11:22:11,572 - Quantum Trading Bot - INFO - Performance metrics saved: 40/72 winning trades
2025-04-04 11:22:11,572 - Quantum Trading Bot - INFO - Quantum prediction accuracy: 0.00
2025-04-04 11:22:11,572 - Quantum Trading Bot - INFO - Sleeping for 60 seconds
2025-04-04 11:23:04,305 - Trading System - INFO - Trading Bot is alive: True
2025-04-04 11:23:04,307 - Trading System - INFO - Monitor Bot is alive: True
2025-04-04 11:23:04,307 - Trading System - INFO - Improvement Bot is alive: True
2025-04-04 11:23:11,576 - Quantum Trading Bot - INFO - Starting trading cycle
2025-04-04 11:23:11,576 - Quantum Trading Bot - INFO - Processing AAPL
2025-04-04 11:23:11,577 - Quantum Trading Bot - INFO - Mock halal compliance check for AAPL: COMPLIANT
2025-04-04 11:23:11,597 - Quantum Trading Bot - INFO - Quantum device error rate: 0.0432
2025-04-04 11:23:11,602 - Quantum Trading Bot - INFO - Quantum prediction for AAPL: 0.5930 (confidence: 0.7654)
2025-04-04 11:23:11,602 - Quantum Trading Bot - INFO - Trading signal for AAPL: 0.5930 (source: quantum)
2025-04-04 11:23:11,602 - Quantum Trading Bot - INFO - HOLD signal for AAPL (score: 0.5930, source: quantum)
2025-04-04 11:23:11,605 - Quantum Trading Bot - INFO - Processing MSFT
2025-04-04 11:23:11,605 - Quantum Trading Bot - INFO - Mock halal compliance check for MSFT: COMPLIANT
2025-04-04 11:23:11,615 - Quantum Trading Bot - INFO - Quantum device error rate: 0.0270
2025-04-04 11:23:11,618 - Quantum Trading Bot - INFO - Quantum prediction for MSFT: 0.4670 (confidence: 0.7784)
2025-04-04 11:23:11,618 - Quantum Trading Bot - INFO - Trading signal for MSFT: 0.4670 (source: quantum)
2025-04-04 11:23:11,618 - Quantum Trading Bot - INFO - HOLD signal for MSFT (score: 0.4670, source: quantum)
2025-04-04 11:23:11,620 - Quantum Trading Bot - INFO - Processing NVDA
2025-04-04 11:23:11,620 - Quantum Trading Bot - INFO - Mock halal compliance check for NVDA: COMPLIANT
2025-04-04 11:23:11,628 - Quantum Trading Bot - INFO - Quantum device error rate: 0.0402
2025-04-04 11:23:11,631 - Quantum Trading Bot - INFO - Quantum prediction for NVDA: 0.4680 (confidence: 0.7678)
2025-04-04 11:23:11,631 - Quantum Trading Bot - INFO - Trading signal for NVDA: 0.4680 (source: quantum)
2025-04-04 11:23:11,631 - Quantum Trading Bot - INFO - HOLD signal for NVDA (score: 0.4680, source: quantum)
2025-04-04 11:23:11,639 - Quantum Trading Bot - INFO - Performance metrics saved: 40/72 winning trades
2025-04-04 11:23:11,639 - Quantum Trading Bot - INFO - Quantum prediction accuracy: 0.00
2025-04-04 11:23:11,639 - Quantum Trading Bot - INFO - Sleeping for 60 seconds
2025-04-04 11:24:04,311 - Trading System - INFO - Trading Bot is alive: True
2025-04-04 11:24:04,313 - Trading System - INFO - Monitor Bot is alive: True
2025-04-04 11:24:04,313 - Trading System - INFO - Improvement Bot is alive: True
2025-04-04 11:24:11,643 - Quantum Trading Bot - INFO - Starting trading cycle
2025-04-04 11:24:11,644 - Quantum Trading Bot - INFO - Processing AAPL
2025-04-04 11:24:11,644 - Quantum Trading Bot - INFO - Mock halal compliance check for AAPL: COMPLIANT
2025-04-04 11:24:11,671 - Quantum Trading Bot - INFO - Quantum device error rate: 0.0402
2025-04-04 11:24:11,678 - Quantum Trading Bot - INFO - Quantum prediction for AAPL: 0.6240 (confidence: 0.9598)
2025-04-04 11:24:11,678 - Quantum Trading Bot - INFO - Trading signal for AAPL: 0.6240 (source: quantum)
2025-04-04 11:24:11,678 - Quantum Trading Bot - INFO - HOLD signal for AAPL (score: 0.6240, source: quantum)
2025-04-04 11:24:11,681 - Quantum Trading Bot - INFO - Processing MSFT
2025-04-04 11:24:11,681 - Quantum Trading Bot - INFO - Mock halal compliance check for MSFT: COMPLIANT
2025-04-04 11:24:11,692 - Quantum Trading Bot - INFO - Quantum device error rate: 0.0549
2025-04-04 11:24:11,701 - Quantum Trading Bot - INFO - Quantum prediction for MSFT: 0.6321 (confidence: 0.9451)
2025-04-04 11:24:11,701 - Quantum Trading Bot - INFO - Trading signal for MSFT: 0.6321 (source: quantum)
2025-04-04 11:24:11,701 - Quantum Trading Bot - INFO - HOLD signal for MSFT (score: 0.6321, source: quantum)
2025-04-04 11:24:11,703 - Quantum Trading Bot - INFO - Processing NVDA
2025-04-04 11:24:11,703 - Quantum Trading Bot - INFO - Mock halal compliance check for NVDA: COMPLIANT
2025-04-04 11:24:11,711 - Quantum Trading Bot - INFO - Quantum device error rate: 0.0450
2025-04-04 11:24:11,714 - Quantum Trading Bot - INFO - Quantum prediction for NVDA: 0.3710 (confidence: 0.9550)
2025-04-04 11:24:11,714 - Quantum Trading Bot - INFO - Trading signal for NVDA: 0.3710 (source: quantum)
2025-04-04 11:24:11,714 - Quantum Trading Bot - INFO - HOLD signal for NVDA (score: 0.3710, source: quantum)
2025-04-04 11:24:11,722 - Quantum Trading Bot - INFO - Performance metrics saved: 40/72 winning trades
2025-04-04 11:24:11,722 - Quantum Trading Bot - INFO - Quantum prediction accuracy: 0.00
2025-04-04 11:24:11,722 - Quantum Trading Bot - INFO - Sleeping for 60 seconds
2025-04-04 11:25:04,315 - Trading System - INFO - Trading Bot is alive: True
2025-04-04 11:25:04,316 - Trading System - INFO - Monitor Bot is alive: True
2025-04-04 11:25:04,317 - Trading System - INFO - Improvement Bot is alive: True
2025-04-04 11:25:11,731 - Quantum Trading Bot - INFO - Starting trading cycle
2025-04-04 11:25:11,731 - Quantum Trading Bot - INFO - Processing AAPL
2025-04-04 11:25:11,732 - Quantum Trading Bot - INFO - Mock halal compliance check for AAPL: COMPLIANT
2025-04-04 11:25:11,758 - Quantum Trading Bot - INFO - Quantum device error rate: 0.0384
2025-04-04 11:25:11,763 - Quantum Trading Bot - INFO - Quantum prediction for AAPL: 0.8320 (confidence: 0.9616)
2025-04-04 11:25:11,764 - Quantum Trading Bot - INFO - Trading signal for AAPL: 0.8320 (source: quantum)
2025-04-04 11:25:11,764 - Quantum Trading Bot - INFO - HOLD signal for AAPL (score: 0.8320, source: quantum)
2025-04-04 11:25:11,766 - Quantum Trading Bot - INFO - Processing MSFT
2025-04-04 11:25:11,766 - Quantum Trading Bot - INFO - Mock halal compliance check for MSFT: COMPLIANT
2025-04-04 11:25:11,778 - Quantum Trading Bot - INFO - Quantum device error rate: 0.0399
2025-04-04 11:25:11,781 - Quantum Trading Bot - INFO - Quantum prediction for MSFT: 0.8680 (confidence: 0.9601)
2025-04-04 11:25:11,781 - Quantum Trading Bot - INFO - Trading signal for MSFT: 0.8680 (source: quantum)
2025-04-04 11:25:11,781 - Quantum Trading Bot - INFO - HOLD signal for MSFT (score: 0.8680, source: quantum)
2025-04-04 11:25:11,783 - Quantum Trading Bot - INFO - Processing NVDA
2025-04-04 11:25:11,783 - Quantum Trading Bot - INFO - Mock halal compliance check for NVDA: COMPLIANT
2025-04-04 11:25:11,792 - Quantum Trading Bot - INFO - Quantum device error rate: 0.0408
2025-04-04 11:25:11,794 - Quantum Trading Bot - INFO - Quantum prediction for NVDA: 0.4020 (confidence: 0.7674)
2025-04-04 11:25:11,794 - Quantum Trading Bot - INFO - Trading signal for NVDA: 0.4020 (source: quantum)
2025-04-04 11:25:11,794 - Quantum Trading Bot - INFO - HOLD signal for NVDA (score: 0.4020, source: quantum)
2025-04-04 11:25:11,802 - Quantum Trading Bot - INFO - Performance metrics saved: 40/72 winning trades
2025-04-04 11:25:11,802 - Quantum Trading Bot - INFO - Quantum prediction accuracy: 0.00
2025-04-04 11:25:11,802 - Quantum Trading Bot - INFO - Sleeping for 60 seconds
2025-04-04 11:26:04,320 - Trading System - INFO - Trading Bot is alive: True
2025-04-04 11:26:04,320 - Trading System - INFO - Monitor Bot is alive: True
2025-04-04 11:26:04,321 - Trading System - INFO - Improvement Bot is alive: True
2025-04-04 11:26:11,807 - Quantum Trading Bot - INFO - Starting trading cycle
2025-04-04 11:26:11,807 - Quantum Trading Bot - INFO - Processing AAPL
2025-04-04 11:26:11,807 - Quantum Trading Bot - INFO - Mock halal compliance check for AAPL: COMPLIANT
2025-04-04 11:26:11,827 - Quantum Trading Bot - INFO - Quantum device error rate: 0.0300
2025-04-04 11:26:11,832 - Quantum Trading Bot - INFO - Quantum prediction for AAPL: 0.7150 (confidence: 0.9700)
2025-04-04 11:26:11,832 - Quantum Trading Bot - INFO - Trading signal for AAPL: 0.7150 (source: quantum)
2025-04-04 11:26:11,832 - Quantum Trading Bot - INFO - HOLD signal for AAPL (score: 0.7150, source: quantum)
2025-04-04 11:26:11,835 - Quantum Trading Bot - INFO - Processing MSFT
2025-04-04 11:26:11,835 - Quantum Trading Bot - INFO - Mock halal compliance check for MSFT: COMPLIANT
2025-04-04 11:26:11,845 - Quantum Trading Bot - INFO - Quantum device error rate: 0.0381
2025-04-04 11:26:11,848 - Quantum Trading Bot - INFO - Quantum prediction for MSFT: 0.8180 (confidence: 0.9619)
2025-04-04 11:26:11,848 - Quantum Trading Bot - INFO - Trading signal for MSFT: 0.8180 (source: quantum)
2025-04-04 11:26:11,849 - Quantum Trading Bot - INFO - HOLD signal for MSFT (score: 0.8180, source: quantum)
2025-04-04 11:26:11,850 - Quantum Trading Bot - INFO - Processing NVDA
2025-04-04 11:26:11,850 - Quantum Trading Bot - INFO - Mock halal compliance check for NVDA: COMPLIANT
2025-04-04 11:26:11,859 - Quantum Trading Bot - INFO - Quantum device error rate: 0.0270
2025-04-04 11:26:11,861 - Quantum Trading Bot - INFO - Quantum prediction for NVDA: 0.4280 (confidence: 0.7784)
2025-04-04 11:26:11,862 - Quantum Trading Bot - INFO - Trading signal for NVDA: 0.4280 (source: quantum)
2025-04-04 11:26:11,862 - Quantum Trading Bot - INFO - HOLD signal for NVDA (score: 0.4280, source: quantum)
2025-04-04 11:26:11,869 - Quantum Trading Bot - INFO - Performance metrics saved: 40/72 winning trades
2025-04-04 11:26:11,870 - Quantum Trading Bot - INFO - Quantum prediction accuracy: 0.00
2025-04-04 11:26:11,870 - Quantum Trading Bot - INFO - Sleeping for 60 seconds
2025-04-04 11:27:04,325 - Trading System - INFO - Trading Bot is alive: True
2025-04-04 11:27:04,325 - Trading System - INFO - Monitor Bot is alive: True
2025-04-04 11:27:04,326 - Trading System - INFO - Improvement Bot is alive: True
2025-04-04 11:27:05,441 - Monitor Bot - INFO - Running scheduled task: Performance Metrics
2025-04-04 11:27:05,447 - Monitor Bot - INFO - === Performance Metrics ===
2025-04-04 11:27:05,447 - Monitor Bot - INFO - Date: 2025-04-04T11:26:11.863837
2025-04-04 11:27:05,447 - Monitor Bot - INFO - Total Trades: 72
2025-04-04 11:27:05,447 - Monitor Bot - INFO - Win Rate: 55.56%
2025-04-04 11:27:05,447 - Monitor Bot - INFO - Total Profit: $18.27
2025-04-04 11:27:05,447 - Monitor Bot - INFO - Average Profit per Trade: $0.25
2025-04-04 11:27:05,447 - Monitor Bot - INFO - Average Profit Percentage: 0.09%
2025-04-04 11:27:05,447 - Monitor Bot - INFO - Maximum Drawdown: 0.10%
2025-04-04 11:27:05,447 - Monitor Bot - INFO - Quantum Prediction Accuracy: 0.00%
2025-04-04 11:27:05,447 - Monitor Bot - INFO - ============================
2025-04-04 11:27:05,454 - Monitor Bot - INFO - Task Performance Metrics completed successfully
2025-04-04 11:27:11,874 - Quantum Trading Bot - INFO - Starting trading cycle
2025-04-04 11:27:11,874 - Quantum Trading Bot - INFO - Processing AAPL
2025-04-04 11:27:11,875 - Quantum Trading Bot - INFO - Mock halal compliance check for AAPL: COMPLIANT
2025-04-04 11:27:11,895 - Quantum Trading Bot - INFO - Quantum device error rate: 0.0312
2025-04-04 11:27:11,899 - Quantum Trading Bot - INFO - Quantum prediction for AAPL: 0.5490 (confidence: 0.7750)
2025-04-04 11:27:11,899 - Quantum Trading Bot - INFO - Trading signal for AAPL: 0.5490 (source: quantum)
2025-04-04 11:27:11,899 - Quantum Trading Bot - INFO - HOLD signal for AAPL (score: 0.5490, source: quantum)
2025-04-04 11:27:11,902 - Quantum Trading Bot - INFO - Processing MSFT
2025-04-04 11:27:11,902 - Quantum Trading Bot - INFO - Mock halal compliance check for MSFT: COMPLIANT
2025-04-04 11:27:11,911 - Quantum Trading Bot - INFO - Quantum device error rate: 0.0426
2025-04-04 11:27:11,914 - Quantum Trading Bot - INFO - Quantum prediction for MSFT: 0.2760 (confidence: 0.9574)
2025-04-04 11:27:11,914 - Quantum Trading Bot - INFO - Trading signal for MSFT: 0.2760 (source: quantum)
2025-04-04 11:27:11,914 - Quantum Trading Bot - INFO - SELL signal for MSFT (score: 0.2760, source: quantum)
2025-04-04 11:27:11,915 - Quantum Trading Bot - WARNING - Cannot sell MSFT - no position
2025-04-04 11:27:11,917 - Quantum Trading Bot - INFO - Processing NVDA
2025-04-04 11:27:11,917 - Quantum Trading Bot - INFO - Mock halal compliance check for NVDA: COMPLIANT
2025-04-04 11:27:11,925 - Quantum Trading Bot - INFO - Quantum device error rate: 0.0342
2025-04-04 11:27:11,927 - Quantum Trading Bot - INFO - Quantum prediction for NVDA: 0.4450 (confidence: 0.7726)
2025-04-04 11:27:11,927 - Quantum Trading Bot - INFO - Trading signal for NVDA: 0.4450 (source: quantum)
2025-04-04 11:27:11,927 - Quantum Trading Bot - INFO - HOLD signal for NVDA (score: 0.4450, source: quantum)
2025-04-04 11:27:11,935 - Quantum Trading Bot - INFO - Performance metrics saved: 40/72 winning trades
2025-04-04 11:27:11,935 - Quantum Trading Bot - INFO - Quantum prediction accuracy: 0.00
2025-04-04 11:27:11,935 - Quantum Trading Bot - INFO - Sleeping for 60 seconds
2025-04-04 11:28:04,328 - Trading System - INFO - Trading Bot is alive: True
2025-04-04 11:28:04,330 - Trading System - INFO - Monitor Bot is alive: True
2025-04-04 11:28:04,331 - Trading System - INFO - Improvement Bot is alive: True
2025-04-04 11:28:11,939 - Quantum Trading Bot - INFO - Starting trading cycle
2025-04-04 11:28:11,939 - Quantum Trading Bot - INFO - Processing AAPL
2025-04-04 11:28:11,940 - Quantum Trading Bot - INFO - Mock halal compliance check for AAPL: COMPLIANT
2025-04-04 11:28:11,963 - Quantum Trading Bot - INFO - Quantum device error rate: 0.0417
2025-04-04 11:28:11,969 - Quantum Trading Bot - INFO - Quantum prediction for AAPL: 0.8050 (confidence: 0.9583)
2025-04-04 11:28:11,969 - Quantum Trading Bot - INFO - Trading signal for AAPL: 0.8050 (source: quantum)
2025-04-04 11:28:11,969 - Quantum Trading Bot - INFO - HOLD signal for AAPL (score: 0.8050, source: quantum)
2025-04-04 11:28:11,972 - Quantum Trading Bot - INFO - Processing MSFT
2025-04-04 11:28:11,972 - Quantum Trading Bot - INFO - Mock halal compliance check for MSFT: COMPLIANT
2025-04-04 11:28:11,983 - Quantum Trading Bot - INFO - Quantum device error rate: 0.0231
2025-04-04 11:28:11,986 - Quantum Trading Bot - INFO - Quantum prediction for MSFT: 0.2790 (confidence: 0.9769)
2025-04-04 11:28:11,986 - Quantum Trading Bot - INFO - Trading signal for MSFT: 0.2790 (source: quantum)
2025-04-04 11:28:11,986 - Quantum Trading Bot - INFO - SELL signal for MSFT (score: 0.2790, source: quantum)
2025-04-04 11:28:11,987 - Quantum Trading Bot - WARNING - Cannot sell MSFT - no position
2025-04-04 11:28:11,989 - Quantum Trading Bot - INFO - Processing NVDA
2025-04-04 11:28:11,989 - Quantum Trading Bot - INFO - Mock halal compliance check for NVDA: COMPLIANT
2025-04-04 11:28:11,998 - Quantum Trading Bot - INFO - Quantum device error rate: 0.0297
2025-04-04 11:28:12,001 - Quantum Trading Bot - INFO - Quantum prediction for NVDA: 0.5650 (confidence: 0.7762)
2025-04-04 11:28:12,001 - Quantum Trading Bot - INFO - Trading signal for NVDA: 0.5650 (source: quantum)
2025-04-04 11:28:12,001 - Quantum Trading Bot - INFO - HOLD signal for NVDA (score: 0.5650, source: quantum)
2025-04-04 11:28:12,009 - Quantum Trading Bot - INFO - Performance metrics saved: 40/72 winning trades
2025-04-04 11:28:12,009 - Quantum Trading Bot - INFO - Quantum prediction accuracy: 0.00
2025-04-04 11:28:12,009 - Quantum Trading Bot - INFO - Sleeping for 60 seconds
2025-04-04 11:29:04,334 - Trading System - INFO - Trading Bot is alive: True
2025-04-04 11:29:04,336 - Trading System - INFO - Monitor Bot is alive: True
2025-04-04 11:29:04,336 - Trading System - INFO - Improvement Bot is alive: True
2025-04-04 11:29:12,014 - Quantum Trading Bot - INFO - Starting trading cycle
2025-04-04 11:29:12,014 - Quantum Trading Bot - INFO - Processing AAPL
2025-04-04 11:29:12,014 - Quantum Trading Bot - INFO - Mock halal compliance check for AAPL: COMPLIANT
2025-04-04 11:29:12,038 - Quantum Trading Bot - INFO - Quantum device error rate: 0.0543
2025-04-04 11:29:12,053 - Quantum Trading Bot - INFO - Quantum prediction for AAPL: 0.2849 (confidence: 0.9457)
2025-04-04 11:29:12,053 - Quantum Trading Bot - INFO - Trading signal for AAPL: 0.2849 (source: quantum)
2025-04-04 11:29:12,053 - Quantum Trading Bot - INFO - SELL signal for AAPL (score: 0.2849, source: quantum)
2025-04-04 11:29:12,054 - Quantum Trading Bot - WARNING - Cannot sell AAPL - no position
2025-04-04 11:29:12,057 - Quantum Trading Bot - INFO - Processing MSFT
2025-04-04 11:29:12,057 - Quantum Trading Bot - INFO - Mock halal compliance check for MSFT: COMPLIANT
2025-04-04 11:29:12,066 - Quantum Trading Bot - INFO - Quantum device error rate: 0.0372
2025-04-04 11:29:12,070 - Quantum Trading Bot - INFO - Quantum prediction for MSFT: 0.3410 (confidence: 0.9628)
2025-04-04 11:29:12,070 - Quantum Trading Bot - INFO - Trading signal for MSFT: 0.3410 (source: quantum)
2025-04-04 11:29:12,070 - Quantum Trading Bot - INFO - HOLD signal for MSFT (score: 0.3410, source: quantum)
2025-04-04 11:29:12,072 - Quantum Trading Bot - INFO - Processing NVDA
2025-04-04 11:29:12,072 - Quantum Trading Bot - INFO - Mock halal compliance check for NVDA: COMPLIANT
2025-04-04 11:29:12,080 - Quantum Trading Bot - INFO - Quantum device error rate: 0.0273
2025-04-04 11:29:12,082 - Quantum Trading Bot - INFO - Quantum prediction for NVDA: 0.1770 (confidence: 0.9727)
2025-04-04 11:29:12,082 - Quantum Trading Bot - INFO - Trading signal for NVDA: 0.1770 (source: quantum)
2025-04-04 11:29:12,083 - Quantum Trading Bot - INFO - SELL signal for NVDA (score: 0.1770, source: quantum)
2025-04-04 11:29:12,083 - Quantum Trading Bot - WARNING - Cannot sell NVDA - no position
2025-04-04 11:29:12,091 - Quantum Trading Bot - INFO - Performance metrics saved: 40/72 winning trades
2025-04-04 11:29:12,091 - Quantum Trading Bot - INFO - Quantum prediction accuracy: 0.00
2025-04-04 11:29:12,091 - Quantum Trading Bot - INFO - Sleeping for 60 seconds
2025-04-04 11:30:04,338 - Trading System - INFO - Trading Bot is alive: True
2025-04-04 11:30:04,340 - Trading System - INFO - Monitor Bot is alive: True
2025-04-04 11:30:04,340 - Trading System - INFO - Improvement Bot is alive: True
2025-04-04 11:30:12,096 - Quantum Trading Bot - INFO - Starting trading cycle
2025-04-04 11:30:12,097 - Quantum Trading Bot - INFO - Processing AAPL
2025-04-04 11:30:12,097 - Quantum Trading Bot - INFO - Mock halal compliance check for AAPL: COMPLIANT
2025-04-04 11:30:12,117 - Quantum Trading Bot - INFO - Quantum device error rate: 0.0390
2025-04-04 11:30:12,123 - Quantum Trading Bot - INFO - Quantum prediction for AAPL: 0.1130 (confidence: 0.9610)
2025-04-04 11:30:12,123 - Quantum Trading Bot - INFO - Trading signal for AAPL: 0.1130 (source: quantum)
2025-04-04 11:30:12,123 - Quantum Trading Bot - INFO - SELL signal for AAPL (score: 0.1130, source: quantum)
2025-04-04 11:30:12,124 - Quantum Trading Bot - WARNING - Cannot sell AAPL - no position
2025-04-04 11:30:12,127 - Quantum Trading Bot - INFO - Processing MSFT
2025-04-04 11:30:12,127 - Quantum Trading Bot - INFO - Mock halal compliance check for MSFT: COMPLIANT
2025-04-04 11:30:12,136 - Quantum Trading Bot - INFO - Quantum device error rate: 0.0495
2025-04-04 11:30:12,139 - Quantum Trading Bot - INFO - Quantum prediction for MSFT: 0.0980 (confidence: 0.9505)
2025-04-04 11:30:12,139 - Quantum Trading Bot - INFO - Trading signal for MSFT: 0.0980 (source: quantum)
2025-04-04 11:30:12,140 - Quantum Trading Bot - INFO - SELL signal for MSFT (score: 0.0980, source: quantum)
2025-04-04 11:30:12,140 - Quantum Trading Bot - WARNING - Cannot sell MSFT - no position
2025-04-04 11:30:12,142 - Quantum Trading Bot - INFO - Processing NVDA
2025-04-04 11:30:12,142 - Quantum Trading Bot - INFO - Mock halal compliance check for NVDA: COMPLIANT
2025-04-04 11:30:12,150 - Quantum Trading Bot - INFO - Quantum device error rate: 0.0354
2025-04-04 11:30:12,153 - Quantum Trading Bot - INFO - Quantum prediction for NVDA: 0.8330 (confidence: 0.9646)
2025-04-04 11:30:12,153 - Quantum Trading Bot - INFO - Trading signal for NVDA: 0.8330 (source: quantum)
2025-04-04 11:30:12,153 - Quantum Trading Bot - INFO - HOLD signal for NVDA (score: 0.8330, source: quantum)
2025-04-04 11:30:12,162 - Quantum Trading Bot - INFO - Performance metrics saved: 40/72 winning trades
2025-04-04 11:30:12,162 - Quantum Trading Bot - INFO - Quantum prediction accuracy: 0.00
2025-04-04 11:30:12,162 - Quantum Trading Bot - INFO - Sleeping for 60 seconds
2025-04-04 11:31:04,348 - Trading System - INFO - Trading Bot is alive: True
2025-04-04 11:31:04,348 - Trading System - INFO - Monitor Bot is alive: True
2025-04-04 11:31:04,348 - Trading System - INFO - Improvement Bot is alive: True
2025-04-04 11:31:12,171 - Quantum Trading Bot - INFO - Starting trading cycle
2025-04-04 11:31:12,171 - Quantum Trading Bot - INFO - Processing AAPL
2025-04-04 11:31:12,172 - Quantum Trading Bot - INFO - Mock halal compliance check for AAPL: COMPLIANT
2025-04-04 11:31:12,198 - Quantum Trading Bot - INFO - Quantum device error rate: 0.0390
2025-04-04 11:31:12,203 - Quantum Trading Bot - INFO - Quantum prediction for AAPL: 0.7500 (confidence: 0.9610)
2025-04-04 11:31:12,204 - Quantum Trading Bot - INFO - Trading signal for AAPL: 0.7500 (source: quantum)
2025-04-04 11:31:12,204 - Quantum Trading Bot - INFO - HOLD signal for AAPL (score: 0.7500, source: quantum)
2025-04-04 11:31:12,206 - Quantum Trading Bot - INFO - Processing MSFT
2025-04-04 11:31:12,206 - Quantum Trading Bot - INFO - Mock halal compliance check for MSFT: COMPLIANT
2025-04-04 11:31:12,217 - Quantum Trading Bot - INFO - Quantum device error rate: 0.0255
2025-04-04 11:31:12,220 - Quantum Trading Bot - INFO - Quantum prediction for MSFT: 0.9140 (confidence: 0.9745)
2025-04-04 11:31:12,221 - Quantum Trading Bot - INFO - Trading signal for MSFT: 0.9140 (source: quantum)
2025-04-04 11:31:12,221 - Quantum Trading Bot - INFO - HOLD signal for MSFT (score: 0.9140, source: quantum)
2025-04-04 11:31:12,223 - Quantum Trading Bot - INFO - Processing NVDA
2025-04-04 11:31:12,223 - Quantum Trading Bot - INFO - Mock halal compliance check for NVDA: COMPLIANT
2025-04-04 11:31:12,231 - Quantum Trading Bot - INFO - Quantum device error rate: 0.0774
2025-04-04 11:31:12,239 - Quantum Trading Bot - INFO - Quantum prediction for NVDA: 0.6842 (confidence: 0.9226)
2025-04-04 11:31:12,239 - Quantum Trading Bot - INFO - Trading signal for NVDA: 0.6842 (source: quantum)
2025-04-04 11:31:12,239 - Quantum Trading Bot - INFO - HOLD signal for NVDA (score: 0.6842, source: quantum)
2025-04-04 11:31:12,247 - Quantum Trading Bot - INFO - Performance metrics saved: 40/72 winning trades
2025-04-04 11:31:12,247 - Quantum Trading Bot - INFO - Quantum prediction accuracy: 0.00
2025-04-04 11:31:12,247 - Quantum Trading Bot - INFO - Sleeping for 60 seconds
2025-04-04 11:32:04,356 - Trading System - INFO - Trading Bot is alive: True
2025-04-04 11:32:04,357 - Trading System - INFO - Monitor Bot is alive: True
2025-04-04 11:32:04,357 - Trading System - INFO - Improvement Bot is alive: True
2025-04-04 11:32:12,256 - Quantum Trading Bot - INFO - Starting trading cycle
2025-04-04 11:32:12,258 - Quantum Trading Bot - INFO - Processing AAPL
2025-04-04 11:32:12,258 - Quantum Trading Bot - INFO - Mock halal compliance check for AAPL: COMPLIANT
2025-04-04 11:32:12,282 - Quantum Trading Bot - INFO - Quantum device error rate: 0.0393
2025-04-04 11:32:12,288 - Quantum Trading Bot - INFO - Quantum prediction for AAPL: 0.7610 (confidence: 0.9607)
2025-04-04 11:32:12,288 - Quantum Trading Bot - INFO - Trading signal for AAPL: 0.7610 (source: quantum)
2025-04-04 11:32:12,288 - Quantum Trading Bot - INFO - HOLD signal for AAPL (score: 0.7610, source: quantum)
2025-04-04 11:32:12,291 - Quantum Trading Bot - INFO - Processing MSFT
2025-04-04 11:32:12,291 - Quantum Trading Bot - INFO - Mock halal compliance check for MSFT: COMPLIANT
2025-04-04 11:32:12,302 - Quantum Trading Bot - INFO - Quantum device error rate: 0.0504
2025-04-04 11:32:12,311 - Quantum Trading Bot - INFO - Quantum prediction for MSFT: 0.2337 (confidence: 0.9496)
2025-04-04 11:32:12,311 - Quantum Trading Bot - INFO - Trading signal for MSFT: 0.2337 (source: quantum)
2025-04-04 11:32:12,311 - Quantum Trading Bot - INFO - SELL signal for MSFT (score: 0.2337, source: quantum)
2025-04-04 11:32:12,312 - Quantum Trading Bot - WARNING - Cannot sell MSFT - no position
2025-04-04 11:32:12,314 - Quantum Trading Bot - INFO - Processing NVDA
2025-04-04 11:32:12,314 - Quantum Trading Bot - INFO - Mock halal compliance check for NVDA: COMPLIANT
2025-04-04 11:32:12,322 - Quantum Trading Bot - INFO - Quantum device error rate: 0.0270
2025-04-04 11:32:12,325 - Quantum Trading Bot - INFO - Quantum prediction for NVDA: 0.4880 (confidence: 0.7784)
2025-04-04 11:32:12,325 - Quantum Trading Bot - INFO - Trading signal for NVDA: 0.4880 (source: quantum)
2025-04-04 11:32:12,325 - Quantum Trading Bot - INFO - HOLD signal for NVDA (score: 0.4880, source: quantum)
2025-04-04 11:32:12,333 - Quantum Trading Bot - INFO - Performance metrics saved: 40/72 winning trades
2025-04-04 11:32:12,333 - Quantum Trading Bot - INFO - Quantum prediction accuracy: 0.00
2025-04-04 11:32:12,333 - Quantum Trading Bot - INFO - Sleeping for 60 seconds
2025-04-04 11:33:04,366 - Trading System - INFO - Trading Bot is alive: True
2025-04-04 11:33:04,368 - Trading System - INFO - Monitor Bot is alive: True
2025-04-04 11:33:04,368 - Trading System - INFO - Improvement Bot is alive: True
2025-04-04 11:33:12,342 - Quantum Trading Bot - INFO - Starting trading cycle
2025-04-04 11:33:12,344 - Quantum Trading Bot - INFO - Processing AAPL
2025-04-04 11:33:12,344 - Quantum Trading Bot - INFO - Mock halal compliance check for AAPL: COMPLIANT
2025-04-04 11:33:12,365 - Quantum Trading Bot - INFO - Quantum device error rate: 0.0378
2025-04-04 11:33:12,371 - Quantum Trading Bot - INFO - Quantum prediction for AAPL: 0.5360 (confidence: 0.7698)
2025-04-04 11:33:12,371 - Quantum Trading Bot - INFO - Trading signal for AAPL: 0.5360 (source: quantum)
2025-04-04 11:33:12,371 - Quantum Trading Bot - INFO - HOLD signal for AAPL (score: 0.5360, source: quantum)
2025-04-04 11:33:12,374 - Quantum Trading Bot - INFO - Processing MSFT
2025-04-04 11:33:12,374 - Quantum Trading Bot - INFO - Mock halal compliance check for MSFT: COMPLIANT
2025-04-04 11:33:12,384 - Quantum Trading Bot - INFO - Quantum device error rate: 0.0507
2025-04-04 11:33:12,394 - Quantum Trading Bot - INFO - Quantum prediction for MSFT: 0.1368 (confidence: 0.9493)
2025-04-04 11:33:12,394 - Quantum Trading Bot - INFO - Trading signal for MSFT: 0.1368 (source: quantum)
2025-04-04 11:33:12,394 - Quantum Trading Bot - INFO - SELL signal for MSFT (score: 0.1368, source: quantum)
2025-04-04 11:33:12,394 - Quantum Trading Bot - WARNING - Cannot sell MSFT - no position
2025-04-04 11:33:12,396 - Quantum Trading Bot - INFO - Processing NVDA
2025-04-04 11:33:12,396 - Quantum Trading Bot - INFO - Mock halal compliance check for NVDA: COMPLIANT
2025-04-04 11:33:12,404 - Quantum Trading Bot - INFO - Quantum device error rate: 0.0351
2025-04-04 11:33:12,407 - Quantum Trading Bot - INFO - Quantum prediction for NVDA: 0.1820 (confidence: 0.9649)
2025-04-04 11:33:12,407 - Quantum Trading Bot - INFO - Trading signal for NVDA: 0.1820 (source: quantum)
2025-04-04 11:33:12,407 - Quantum Trading Bot - INFO - SELL signal for NVDA (score: 0.1820, source: quantum)
2025-04-04 11:33:12,408 - Quantum Trading Bot - WARNING - Cannot sell NVDA - no position
2025-04-04 11:33:12,416 - Quantum Trading Bot - INFO - Performance metrics saved: 40/72 winning trades
2025-04-04 11:33:12,416 - Quantum Trading Bot - INFO - Quantum prediction accuracy: 0.00
2025-04-04 11:33:12,426 - Quantum Trading Bot - INFO - Quantum device error rate: 0.0378
2025-04-04 11:33:12,428 - Quantum Trading Bot - INFO - Quantum portfolio optimization complete: {'AAPL': np.float64(0.3438943894389439), 'MSFT': np.float64(0.3194719471947195), 'NVDA': np.float64(0.33663366336633666)}
2025-04-04 11:33:12,428 - Quantum Trading Bot - INFO - Optimal portfolio weights: {'AAPL': np.float64(0.3438943894389439), 'MSFT': np.float64(0.3194719471947195), 'NVDA': np.float64(0.33663366336633666)}
2025-04-04 11:33:12,429 - Quantum Trading Bot - INFO - Sleeping for 60 seconds
2025-04-04 11:34:03,761 - Improvement Bot - INFO - Running scheduled task: System Health Analysis
2025-04-04 11:34:03,767 - Improvement Bot - INFO - Win rate trend: +0.00%
2025-04-04 11:34:03,767 - Improvement Bot - INFO - Profit trend: +0.00%
2025-04-04 11:34:03,769 - Improvement Bot - INFO - System health analysis completed: healthy
2025-04-04 11:34:03,769 - Improvement Bot - INFO - Task System Health Analysis completed successfully
2025-04-04 11:34:04,370 - Trading System - INFO - Trading Bot is alive: True
2025-04-04 11:34:04,371 - Trading System - INFO - Monitor Bot is alive: True
2025-04-04 11:34:04,371 - Trading System - INFO - Improvement Bot is alive: True
2025-04-04 11:34:12,438 - Quantum Trading Bot - INFO - Starting trading cycle
2025-04-04 11:34:12,438 - Quantum Trading Bot - INFO - Processing AAPL
2025-04-04 11:34:12,439 - Quantum Trading Bot - INFO - Mock halal compliance check for AAPL: COMPLIANT
2025-04-04 11:34:12,458 - Quantum Trading Bot - INFO - Quantum device error rate: 0.0342
2025-04-04 11:34:12,464 - Quantum Trading Bot - INFO - Quantum prediction for AAPL: 0.4800 (confidence: 0.7726)
2025-04-04 11:34:12,464 - Quantum Trading Bot - INFO - Trading signal for AAPL: 0.4800 (source: quantum)
2025-04-04 11:34:12,464 - Quantum Trading Bot - INFO - HOLD signal for AAPL (score: 0.4800, source: quantum)
2025-04-04 11:34:12,467 - Quantum Trading Bot - INFO - Processing MSFT
2025-04-04 11:34:12,467 - Quantum Trading Bot - INFO - Mock halal compliance check for MSFT: COMPLIANT
2025-04-04 11:34:12,477 - Quantum Trading Bot - INFO - Quantum device error rate: 0.0441
2025-04-04 11:34:12,480 - Quantum Trading Bot - INFO - Quantum prediction for MSFT: 0.1050 (confidence: 0.9559)
2025-04-04 11:34:12,480 - Quantum Trading Bot - INFO - Trading signal for MSFT: 0.1050 (source: quantum)
2025-04-04 11:34:12,480 - Quantum Trading Bot - INFO - SELL signal for MSFT (score: 0.1050, source: quantum)
2025-04-04 11:34:12,481 - Quantum Trading Bot - WARNING - Cannot sell MSFT - no position
2025-04-04 11:34:12,483 - Quantum Trading Bot - INFO - Processing NVDA
2025-04-04 11:34:12,483 - Quantum Trading Bot - INFO - Mock halal compliance check for NVDA: COMPLIANT
2025-04-04 11:34:12,491 - Quantum Trading Bot - INFO - Quantum device error rate: 0.0378
2025-04-04 11:34:12,494 - Quantum Trading Bot - INFO - Quantum prediction for NVDA: 0.6190 (confidence: 0.9622)
2025-04-04 11:34:12,494 - Quantum Trading Bot - INFO - Trading signal for NVDA: 0.6190 (source: quantum)
2025-04-04 11:34:12,494 - Quantum Trading Bot - INFO - HOLD signal for NVDA (score: 0.6190, source: quantum)
2025-04-04 11:34:12,502 - Quantum Trading Bot - INFO - Performance metrics saved: 40/72 winning trades
2025-04-04 11:34:12,502 - Quantum Trading Bot - INFO - Quantum prediction accuracy: 0.00
2025-04-04 11:34:12,502 - Quantum Trading Bot - INFO - Sleeping for 60 seconds
2025-04-04 11:35:32,902 - Trading System - INFO - Trading Bot is alive: True
2025-04-04 11:35:32,904 - Trading System - INFO - Monitor Bot is alive: True
2025-04-04 11:35:32,904 - Trading System - INFO - Improvement Bot is alive: True
2025-04-04 11:35:41,031 - Quantum Trading Bot - INFO - Starting trading cycle
2025-04-04 11:35:41,031 - Quantum Trading Bot - INFO - Processing AAPL
2025-04-04 11:35:41,031 - Quantum Trading Bot - INFO - Mock halal compliance check for AAPL: COMPLIANT
2025-04-04 11:35:41,053 - Quantum Trading Bot - INFO - Quantum device error rate: 0.0462
2025-04-04 11:35:41,059 - Quantum Trading Bot - INFO - Quantum prediction for AAPL: 0.3570 (confidence: 0.9538)
2025-04-04 11:35:41,059 - Quantum Trading Bot - INFO - Trading signal for AAPL: 0.3570 (source: quantum)
2025-04-04 11:35:41,059 - Quantum Trading Bot - INFO - HOLD signal for AAPL (score: 0.3570, source: quantum)
2025-04-04 11:35:41,062 - Quantum Trading Bot - INFO - Processing MSFT
2025-04-04 11:35:41,062 - Quantum Trading Bot - INFO - Mock halal compliance check for MSFT: COMPLIANT
2025-04-04 11:35:41,072 - Quantum Trading Bot - INFO - Quantum device error rate: 0.0423
2025-04-04 11:35:41,075 - Quantum Trading Bot - INFO - Quantum prediction for MSFT: 0.7170 (confidence: 0.9577)
2025-04-04 11:35:41,075 - Quantum Trading Bot - INFO - Trading signal for MSFT: 0.7170 (source: quantum)
2025-04-04 11:35:41,075 - Quantum Trading Bot - INFO - HOLD signal for MSFT (score: 0.7170, source: quantum)
2025-04-04 11:35:41,077 - Quantum Trading Bot - INFO - Processing NVDA
2025-04-04 11:35:41,077 - Quantum Trading Bot - INFO - Mock halal compliance check for NVDA: COMPLIANT
2025-04-04 11:35:41,086 - Quantum Trading Bot - INFO - Quantum device error rate: 0.0330
2025-04-04 11:35:41,088 - Quantum Trading Bot - INFO - Quantum prediction for NVDA: 0.7010 (confidence: 0.9670)
2025-04-04 11:35:41,088 - Quantum Trading Bot - INFO - Trading signal for NVDA: 0.7010 (source: quantum)
2025-04-04 11:35:41,088 - Quantum Trading Bot - INFO - HOLD signal for NVDA (score: 0.7010, source: quantum)
2025-04-04 11:35:41,096 - Quantum Trading Bot - INFO - Performance metrics saved: 40/72 winning trades
2025-04-04 11:35:41,097 - Quantum Trading Bot - INFO - Quantum prediction accuracy: 0.00
2025-04-04 11:35:41,097 - Quantum Trading Bot - INFO - Sleeping for 60 seconds
2025-04-04 11:53:13,345 - Trading System - INFO - Trading Bot is alive: True
2025-04-04 11:53:13,347 - Trading System - INFO - Monitor Bot is alive: True
2025-04-04 11:53:13,347 - Trading System - INFO - Improvement Bot is alive: True
2025-04-04 11:53:21,540 - Quantum Trading Bot - INFO - Starting trading cycle
2025-04-04 11:53:21,540 - Quantum Trading Bot - INFO - Processing AAPL
2025-04-04 11:53:21,541 - Quantum Trading Bot - INFO - Mock halal compliance check for AAPL: COMPLIANT
2025-04-04 11:53:21,564 - Quantum Trading Bot - INFO - Quantum device error rate: 0.0330
2025-04-04 11:53:21,570 - Quantum Trading Bot - INFO - Quantum prediction for AAPL: 0.5160 (confidence: 0.7736)
2025-04-04 11:53:21,570 - Quantum Trading Bot - INFO - Trading signal for AAPL: 0.5160 (source: quantum)
2025-04-04 11:53:21,570 - Quantum Trading Bot - INFO - HOLD signal for AAPL (score: 0.5160, source: quantum)
2025-04-04 11:53:21,573 - Quantum Trading Bot - INFO - Processing MSFT
2025-04-04 11:53:21,573 - Quantum Trading Bot - INFO - Mock halal compliance check for MSFT: COMPLIANT
2025-04-04 11:53:21,583 - Quantum Trading Bot - INFO - Quantum device error rate: 0.0342
2025-04-04 11:53:21,587 - Quantum Trading Bot - INFO - Quantum prediction for MSFT: 0.4860 (confidence: 0.7726)
2025-04-04 11:53:21,587 - Quantum Trading Bot - INFO - Trading signal for MSFT: 0.4860 (source: quantum)
2025-04-04 11:53:21,587 - Quantum Trading Bot - INFO - HOLD signal for MSFT (score: 0.4860, source: quantum)
2025-04-04 11:53:21,589 - Quantum Trading Bot - INFO - Processing NVDA
2025-04-04 11:53:21,589 - Quantum Trading Bot - INFO - Mock halal compliance check for NVDA: COMPLIANT
2025-04-04 11:53:21,597 - Quantum Trading Bot - INFO - Quantum device error rate: 0.0417
2025-04-04 11:53:21,600 - Quantum Trading Bot - INFO - Quantum prediction for NVDA: 0.4370 (confidence: 0.7666)
2025-04-04 11:53:21,600 - Quantum Trading Bot - INFO - Trading signal for NVDA: 0.4370 (source: quantum)
2025-04-04 11:53:21,600 - Quantum Trading Bot - INFO - HOLD signal for NVDA (score: 0.4370, source: quantum)
2025-04-04 11:53:21,609 - Quantum Trading Bot - INFO - Performance metrics saved: 40/72 winning trades
2025-04-04 11:53:21,609 - Quantum Trading Bot - INFO - Quantum prediction accuracy: 0.00
2025-04-04 11:53:21,609 - Quantum Trading Bot - INFO - Sleeping for 60 seconds
2025-04-04 12:11:17,545 - Trading System - INFO - Trading Bot is alive: True
2025-04-04 12:11:17,548 - Trading System - INFO - Monitor Bot is alive: True
2025-04-04 12:11:17,548 - Trading System - INFO - Improvement Bot is alive: True
2025-04-04 12:11:25,805 - Quantum Trading Bot - INFO - Starting trading cycle
2025-04-04 12:11:25,805 - Quantum Trading Bot - INFO - Processing AAPL
2025-04-04 12:11:25,805 - Quantum Trading Bot - INFO - Mock halal compliance check for AAPL: COMPLIANT
2025-04-04 12:11:25,828 - Quantum Trading Bot - INFO - Quantum device error rate: 0.0387
2025-04-04 12:11:25,832 - Quantum Trading Bot - INFO - Quantum prediction for AAPL: 0.4370 (confidence: 0.7690)
2025-04-04 12:11:25,833 - Quantum Trading Bot - INFO - Trading signal for AAPL: 0.4370 (source: quantum)
2025-04-04 12:11:25,833 - Quantum Trading Bot - INFO - HOLD signal for AAPL (score: 0.4370, source: quantum)
2025-04-04 12:11:25,835 - Quantum Trading Bot - INFO - Processing MSFT
2025-04-04 12:11:25,835 - Quantum Trading Bot - INFO - Mock halal compliance check for MSFT: COMPLIANT
2025-04-04 12:11:25,845 - Quantum Trading Bot - INFO - Quantum device error rate: 0.0399
2025-04-04 12:11:25,848 - Quantum Trading Bot - INFO - Quantum prediction for MSFT: 0.3200 (confidence: 0.9601)
2025-04-04 12:11:25,848 - Quantum Trading Bot - INFO - Trading signal for MSFT: 0.3200 (source: quantum)
2025-04-04 12:11:25,848 - Quantum Trading Bot - INFO - HOLD signal for MSFT (score: 0.3200, source: quantum)
2025-04-04 12:11:25,850 - Quantum Trading Bot - INFO - Processing NVDA
2025-04-04 12:11:25,850 - Quantum Trading Bot - INFO - Mock halal compliance check for NVDA: COMPLIANT
2025-04-04 12:11:25,858 - Quantum Trading Bot - INFO - Quantum device error rate: 0.0393
2025-04-04 12:11:25,861 - Quantum Trading Bot - INFO - Quantum prediction for NVDA: 0.6380 (confidence: 0.9607)
2025-04-04 12:11:25,861 - Quantum Trading Bot - INFO - Trading signal for NVDA: 0.6380 (source: quantum)
2025-04-04 12:11:25,861 - Quantum Trading Bot - INFO - HOLD signal for NVDA (score: 0.6380, source: quantum)
2025-04-04 12:11:25,869 - Quantum Trading Bot - INFO - Performance metrics saved: 40/72 winning trades
2025-04-04 12:11:25,869 - Quantum Trading Bot - INFO - Quantum prediction accuracy: 0.00
2025-04-04 12:11:25,869 - Quantum Trading Bot - INFO - Sleeping for 60 seconds
2025-04-04 12:27:27,449 - Trading System - INFO - Trading Bot is alive: True
2025-04-04 12:27:27,451 - Trading System - INFO - Monitor Bot is alive: True
2025-04-04 12:27:27,451 - Trading System - INFO - Improvement Bot is alive: True
2025-04-04 12:27:28,568 - Monitor Bot - INFO - Running scheduled task: Quantum System Health Check
2025-04-04 12:27:28,568 - Monitor Bot - INFO - Monitoring quantum system health
2025-04-04 12:27:28,570 - Monitor Bot - INFO - Average quantum error rate: 0.0388
2025-04-04 12:27:28,573 - Monitor Bot - INFO - Task Quantum System Health Check completed successfully
2025-04-04 12:27:28,573 - Monitor Bot - INFO - Running scheduled task: Performance Metrics
2025-04-04 12:27:28,576 - Monitor Bot - INFO - === Performance Metrics ===
2025-04-04 12:27:28,577 - Monitor Bot - INFO - Date: 2025-04-04T12:11:25.863215
2025-04-04 12:27:28,577 - Monitor Bot - INFO - Total Trades: 72
2025-04-04 12:27:28,577 - Monitor Bot - INFO - Win Rate: 55.56%
2025-04-04 12:27:28,577 - Monitor Bot - INFO - Total Profit: $18.27
2025-04-04 12:27:28,577 - Monitor Bot - INFO - Average Profit per Trade: $0.25
2025-04-04 12:27:28,577 - Monitor Bot - INFO - Average Profit Percentage: 0.09%
2025-04-04 12:27:28,577 - Monitor Bot - INFO - Maximum Drawdown: 0.10%
2025-04-04 12:27:28,577 - Monitor Bot - INFO - Quantum Prediction Accuracy: 0.00%
2025-04-04 12:27:28,577 - Monitor Bot - INFO - ============================
2025-04-04 12:27:28,583 - Monitor Bot - INFO - Task Performance Metrics completed successfully
2025-04-04 12:33:36,909 - Quantum Trading Bot - INFO - Starting trading cycle
2025-04-04 12:33:36,910 - Quantum Trading Bot - INFO - Processing AAPL
2025-04-04 12:33:36,910 - Quantum Trading Bot - INFO - Mock halal compliance check for AAPL: COMPLIANT
2025-04-04 12:33:36,935 - Quantum Trading Bot - INFO - Quantum device error rate: 0.0360
2025-04-04 12:33:36,942 - Quantum Trading Bot - INFO - Quantum prediction for AAPL: 0.4790 (confidence: 0.7712)
2025-04-04 12:33:36,942 - Quantum Trading Bot - INFO - Trading signal for AAPL: 0.4790 (source: quantum)
2025-04-04 12:33:36,942 - Quantum Trading Bot - INFO - HOLD signal for AAPL (score: 0.4790, source: quantum)
2025-04-04 12:33:36,946 - Quantum Trading Bot - INFO - Processing MSFT
2025-04-04 12:33:36,946 - Quantum Trading Bot - INFO - Mock halal compliance check for MSFT: COMPLIANT
2025-04-04 12:33:36,957 - Quantum Trading Bot - INFO - Quantum device error rate: 0.0420
2025-04-04 12:33:36,961 - Quantum Trading Bot - INFO - Quantum prediction for MSFT: 0.9180 (confidence: 0.9580)
2025-04-04 12:33:36,961 - Quantum Trading Bot - INFO - Trading signal for MSFT: 0.9180 (source: quantum)
2025-04-04 12:33:36,961 - Quantum Trading Bot - INFO - HOLD signal for MSFT (score: 0.9180, source: quantum)
2025-04-04 12:33:36,963 - Quantum Trading Bot - INFO - Processing NVDA
2025-04-04 12:33:36,963 - Quantum Trading Bot - INFO - Mock halal compliance check for NVDA: COMPLIANT
2025-04-04 12:33:36,972 - Quantum Trading Bot - INFO - Quantum device error rate: 0.0315
2025-04-04 12:33:36,975 - Quantum Trading Bot - INFO - Quantum prediction for NVDA: 0.6610 (confidence: 0.9685)
2025-04-04 12:33:36,975 - Quantum Trading Bot - INFO - Trading signal for NVDA: 0.6610 (source: quantum)
2025-04-04 12:33:36,975 - Quantum Trading Bot - INFO - HOLD signal for NVDA (score: 0.6610, source: quantum)
2025-04-04 12:33:36,985 - Quantum Trading Bot - INFO - Performance metrics saved: 40/72 winning trades
2025-04-04 12:33:36,985 - Quantum Trading Bot - INFO - Quantum prediction accuracy: 0.00
2025-04-04 12:33:36,985 - Quantum Trading Bot - INFO - Sleeping for 60 seconds
2025-04-04 12:34:28,610 - Trading System - INFO - Trading Bot is alive: True
2025-04-04 12:34:28,612 - Trading System - INFO - Monitor Bot is alive: True
2025-04-04 12:34:28,613 - Trading System - INFO - Improvement Bot is alive: True
2025-04-04 12:34:36,992 - Quantum Trading Bot - INFO - Starting trading cycle
2025-04-04 12:34:36,993 - Quantum Trading Bot - INFO - Processing AAPL
2025-04-04 12:34:36,993 - Quantum Trading Bot - INFO - Mock halal compliance check for AAPL: COMPLIANT
2025-04-04 12:34:37,024 - Quantum Trading Bot - INFO - Quantum device error rate: 0.0486
2025-04-04 12:34:37,029 - Quantum Trading Bot - INFO - Quantum prediction for AAPL: 0.2460 (confidence: 0.9514)
2025-04-04 12:34:37,029 - Quantum Trading Bot - INFO - Trading signal for AAPL: 0.2460 (source: quantum)
2025-04-04 12:34:37,029 - Quantum Trading Bot - INFO - SELL signal for AAPL (score: 0.2460, source: quantum)
2025-04-04 12:34:37,031 - Quantum Trading Bot - WARNING - Cannot sell AAPL - no position
2025-04-04 12:34:37,033 - Quantum Trading Bot - INFO - Processing MSFT
2025-04-04 12:34:37,033 - Quantum Trading Bot - INFO - Mock halal compliance check for MSFT: COMPLIANT
2025-04-04 12:34:37,042 - Quantum Trading Bot - INFO - Quantum device error rate: 0.0450
2025-04-04 12:34:37,046 - Quantum Trading Bot - INFO - Quantum prediction for MSFT: 0.3560 (confidence: 0.9550)
2025-04-04 12:34:37,046 - Quantum Trading Bot - INFO - Trading signal for MSFT: 0.3560 (source: quantum)
2025-04-04 12:34:37,046 - Quantum Trading Bot - INFO - HOLD signal for MSFT (score: 0.3560, source: quantum)
2025-04-04 12:34:37,048 - Quantum Trading Bot - INFO - Processing NVDA
2025-04-04 12:34:37,048 - Quantum Trading Bot - INFO - Mock halal compliance check for NVDA: COMPLIANT
2025-04-04 12:34:37,057 - Quantum Trading Bot - INFO - Quantum device error rate: 0.0612
2025-04-04 12:34:37,065 - Quantum Trading Bot - INFO - Quantum prediction for NVDA: 0.4624 (confidence: 0.7510)
2025-04-04 12:34:37,065 - Quantum Trading Bot - INFO - Trading signal for NVDA: 0.4624 (source: quantum)
2025-04-04 12:34:37,065 - Quantum Trading Bot - INFO - HOLD signal for NVDA (score: 0.4624, source: quantum)
2025-04-04 12:34:37,072 - Quantum Trading Bot - INFO - Performance metrics saved: 40/72 winning trades
2025-04-04 12:34:37,072 - Quantum Trading Bot - INFO - Quantum prediction accuracy: 0.00
2025-04-04 12:34:37,072 - Quantum Trading Bot - INFO - Sleeping for 60 seconds
2025-04-04 12:35:28,614 - Trading System - INFO - Trading Bot is alive: True
2025-04-04 12:35:28,616 - Trading System - INFO - Monitor Bot is alive: True
2025-04-04 12:35:28,616 - Trading System - INFO - Improvement Bot is alive: True
2025-04-04 12:35:37,078 - Quantum Trading Bot - INFO - Starting trading cycle
2025-04-04 12:35:37,078 - Quantum Trading Bot - INFO - Processing AAPL
2025-04-04 12:35:37,078 - Quantum Trading Bot - INFO - Mock halal compliance check for AAPL: COMPLIANT
2025-04-04 12:35:37,110 - Quantum Trading Bot - INFO - Quantum device error rate: 0.0351
2025-04-04 12:35:37,113 - Quantum Trading Bot - INFO - Quantum prediction for AAPL: 0.9410 (confidence: 0.9649)
2025-04-04 12:35:37,113 - Quantum Trading Bot - INFO - Trading signal for AAPL: 0.9410 (source: quantum)
2025-04-04 12:35:37,113 - Quantum Trading Bot - INFO - HOLD signal for AAPL (score: 0.9410, source: quantum)
2025-04-04 12:35:37,116 - Quantum Trading Bot - INFO - Processing MSFT
2025-04-04 12:35:37,116 - Quantum Trading Bot - INFO - Mock halal compliance check for MSFT: COMPLIANT
2025-04-04 12:35:37,124 - Quantum Trading Bot - INFO - Quantum device error rate: 0.0474
2025-04-04 12:35:37,129 - Quantum Trading Bot - INFO - Quantum prediction for MSFT: 0.4220 (confidence: 0.7621)
2025-04-04 12:35:37,129 - Quantum Trading Bot - INFO - Trading signal for MSFT: 0.4220 (source: quantum)
2025-04-04 12:35:37,129 - Quantum Trading Bot - INFO - HOLD signal for MSFT (score: 0.4220, source: quantum)
2025-04-04 12:35:37,133 - Quantum Trading Bot - INFO - Processing NVDA
2025-04-04 12:35:37,133 - Quantum Trading Bot - INFO - Mock halal compliance check for NVDA: COMPLIANT
2025-04-04 12:35:37,146 - Quantum Trading Bot - INFO - Quantum device error rate: 0.0255
2025-04-04 12:35:37,149 - Quantum Trading Bot - INFO - Quantum prediction for NVDA: 0.6850 (confidence: 0.9745)
2025-04-04 12:35:37,149 - Quantum Trading Bot - INFO - Trading signal for NVDA: 0.6850 (source: quantum)
2025-04-04 12:35:37,149 - Quantum Trading Bot - INFO - HOLD signal for NVDA (score: 0.6850, source: quantum)
2025-04-04 12:35:37,157 - Quantum Trading Bot - INFO - Performance metrics saved: 40/72 winning trades
2025-04-04 12:35:37,157 - Quantum Trading Bot - INFO - Quantum prediction accuracy: 0.00
2025-04-04 12:35:37,157 - Quantum Trading Bot - INFO - Sleeping for 60 seconds
2025-04-04 12:36:28,617 - Trading System - INFO - Trading Bot is alive: True
2025-04-04 12:36:28,618 - Trading System - INFO - Monitor Bot is alive: True
2025-04-04 12:36:28,618 - Trading System - INFO - Improvement Bot is alive: True
2025-04-04 12:36:37,163 - Quantum Trading Bot - INFO - Starting trading cycle
2025-04-04 12:36:37,164 - Quantum Trading Bot - INFO - Processing AAPL
2025-04-04 12:36:37,164 - Quantum Trading Bot - INFO - Mock halal compliance check for AAPL: COMPLIANT
2025-04-04 12:36:37,184 - Quantum Trading Bot - INFO - Quantum device error rate: 0.0492
2025-04-04 12:36:37,190 - Quantum Trading Bot - INFO - Quantum prediction for AAPL: 0.6200 (confidence: 0.9508)
2025-04-04 12:36:37,190 - Quantum Trading Bot - INFO - Trading signal for AAPL: 0.6200 (source: quantum)
2025-04-04 12:36:37,190 - Quantum Trading Bot - INFO - HOLD signal for AAPL (score: 0.6200, source: quantum)
2025-04-04 12:36:37,193 - Quantum Trading Bot - INFO - Processing MSFT
2025-04-04 12:36:37,193 - Quantum Trading Bot - INFO - Mock halal compliance check for MSFT: COMPLIANT
2025-04-04 12:36:37,203 - Quantum Trading Bot - INFO - Quantum device error rate: 0.0327
2025-04-04 12:36:37,206 - Quantum Trading Bot - INFO - Quantum prediction for MSFT: 0.1590 (confidence: 0.9673)
2025-04-04 12:36:37,206 - Quantum Trading Bot - INFO - Trading signal for MSFT: 0.1590 (source: quantum)
2025-04-04 12:36:37,206 - Quantum Trading Bot - INFO - SELL signal for MSFT (score: 0.1590, source: quantum)
2025-04-04 12:36:37,207 - Quantum Trading Bot - WARNING - Cannot sell MSFT - no position
2025-04-04 12:36:37,209 - Quantum Trading Bot - INFO - Processing NVDA
2025-04-04 12:36:37,209 - Quantum Trading Bot - INFO - Mock halal compliance check for NVDA: COMPLIANT
2025-04-04 12:36:37,217 - Quantum Trading Bot - INFO - Quantum device error rate: 0.0342
2025-04-04 12:36:37,220 - Quantum Trading Bot - INFO - Quantum prediction for NVDA: 0.7350 (confidence: 0.9658)
2025-04-04 12:36:37,220 - Quantum Trading Bot - INFO - Trading signal for NVDA: 0.7350 (source: quantum)
2025-04-04 12:36:37,220 - Quantum Trading Bot - INFO - HOLD signal for NVDA (score: 0.7350, source: quantum)
2025-04-04 12:36:37,229 - Quantum Trading Bot - INFO - Performance metrics saved: 40/72 winning trades
2025-04-04 12:36:37,229 - Quantum Trading Bot - INFO - Quantum prediction accuracy: 0.00
2025-04-04 12:36:37,229 - Quantum Trading Bot - INFO - Sleeping for 60 seconds
2025-04-04 12:37:28,622 - Trading System - INFO - Trading Bot is alive: True
2025-04-04 12:37:28,625 - Trading System - INFO - Monitor Bot is alive: True
2025-04-04 12:37:28,625 - Trading System - INFO - Improvement Bot is alive: True
2025-04-04 12:37:37,234 - Quantum Trading Bot - INFO - Starting trading cycle
2025-04-04 12:37:37,235 - Quantum Trading Bot - INFO - Processing AAPL
2025-04-04 12:37:37,235 - Quantum Trading Bot - INFO - Mock halal compliance check for AAPL: COMPLIANT
2025-04-04 12:37:37,266 - Quantum Trading Bot - INFO - Quantum device error rate: 0.0207
2025-04-04 12:37:37,272 - Quantum Trading Bot - INFO - Quantum prediction for AAPL: 0.1130 (confidence: 0.9793)
2025-04-04 12:37:37,272 - Quantum Trading Bot - INFO - Trading signal for AAPL: 0.1130 (source: quantum)
2025-04-04 12:37:37,272 - Quantum Trading Bot - INFO - SELL signal for AAPL (score: 0.1130, source: quantum)
2025-04-04 12:37:37,274 - Quantum Trading Bot - WARNING - Cannot sell AAPL - no position
2025-04-04 12:37:37,277 - Quantum Trading Bot - INFO - Processing MSFT
2025-04-04 12:37:37,277 - Quantum Trading Bot - INFO - Mock halal compliance check for MSFT: COMPLIANT
2025-04-04 12:37:37,287 - Quantum Trading Bot - INFO - Quantum device error rate: 0.0426
2025-04-04 12:37:37,290 - Quantum Trading Bot - INFO - Quantum prediction for MSFT: 0.0430 (confidence: 0.9574)
2025-04-04 12:37:37,290 - Quantum Trading Bot - INFO - Trading signal for MSFT: 0.0430 (source: quantum)
2025-04-04 12:37:37,290 - Quantum Trading Bot - INFO - SELL signal for MSFT (score: 0.0430, source: quantum)
2025-04-04 12:37:37,291 - Quantum Trading Bot - WARNING - Cannot sell MSFT - no position
2025-04-04 12:37:37,293 - Quantum Trading Bot - INFO - Processing NVDA
2025-04-04 12:37:37,293 - Quantum Trading Bot - INFO - Mock halal compliance check for NVDA: COMPLIANT
2025-04-04 12:37:37,301 - Quantum Trading Bot - INFO - Quantum device error rate: 0.0393
2025-04-04 12:37:37,303 - Quantum Trading Bot - INFO - Quantum prediction for NVDA: 0.6550 (confidence: 0.9607)
2025-04-04 12:37:37,303 - Quantum Trading Bot - INFO - Trading signal for NVDA: 0.6550 (source: quantum)
2025-04-04 12:37:37,303 - Quantum Trading Bot - INFO - HOLD signal for NVDA (score: 0.6550, source: quantum)
2025-04-04 12:37:37,311 - Quantum Trading Bot - INFO - Performance metrics saved: 40/72 winning trades
2025-04-04 12:37:37,311 - Quantum Trading Bot - INFO - Quantum prediction accuracy: 0.00
2025-04-04 12:37:37,311 - Quantum Trading Bot - INFO - Sleeping for 60 seconds
2025-04-04 12:38:28,628 - Trading System - INFO - Trading Bot is alive: True
2025-04-04 12:38:28,630 - Trading System - INFO - Monitor Bot is alive: True
2025-04-04 12:38:28,630 - Trading System - INFO - Improvement Bot is alive: True
2025-04-04 12:38:37,317 - Quantum Trading Bot - INFO - Starting trading cycle
2025-04-04 12:38:37,317 - Quantum Trading Bot - INFO - Processing AAPL
2025-04-04 12:38:37,317 - Quantum Trading Bot - INFO - Mock halal compliance check for AAPL: COMPLIANT
2025-04-04 12:38:37,342 - Quantum Trading Bot - INFO - Quantum device error rate: 0.0489
2025-04-04 12:38:37,348 - Quantum Trading Bot - INFO - Quantum prediction for AAPL: 0.3380 (confidence: 0.9511)
2025-04-04 12:38:37,348 - Quantum Trading Bot - INFO - Trading signal for AAPL: 0.3380 (source: quantum)
2025-04-04 12:38:37,348 - Quantum Trading Bot - INFO - HOLD signal for AAPL (score: 0.3380, source: quantum)
2025-04-04 12:38:37,352 - Quantum Trading Bot - INFO - Processing MSFT
2025-04-04 12:38:37,352 - Quantum Trading Bot - INFO - Mock halal compliance check for MSFT: COMPLIANT
2025-04-04 12:38:37,363 - Quantum Trading Bot - INFO - Quantum device error rate: 0.0360
2025-04-04 12:38:37,366 - Quantum Trading Bot - INFO - Quantum prediction for MSFT: 0.5820 (confidence: 0.7712)
2025-04-04 12:38:37,366 - Quantum Trading Bot - INFO - Trading signal for MSFT: 0.5820 (source: quantum)
2025-04-04 12:38:37,366 - Quantum Trading Bot - INFO - HOLD signal for MSFT (score: 0.5820, source: quantum)
2025-04-04 12:38:37,368 - Quantum Trading Bot - INFO - Processing NVDA
2025-04-04 12:38:37,368 - Quantum Trading Bot - INFO - Mock halal compliance check for NVDA: COMPLIANT
2025-04-04 12:38:37,377 - Quantum Trading Bot - INFO - Quantum device error rate: 0.0219
2025-04-04 12:38:37,380 - Quantum Trading Bot - INFO - Quantum prediction for NVDA: 0.5450 (confidence: 0.7825)
2025-04-04 12:38:37,380 - Quantum Trading Bot - INFO - Trading signal for NVDA: 0.5450 (source: quantum)
2025-04-04 12:38:37,380 - Quantum Trading Bot - INFO - HOLD signal for NVDA (score: 0.5450, source: quantum)
2025-04-04 12:38:37,388 - Quantum Trading Bot - INFO - Performance metrics saved: 40/72 winning trades
2025-04-04 12:38:37,388 - Quantum Trading Bot - INFO - Quantum prediction accuracy: 0.00
2025-04-04 12:38:37,388 - Quantum Trading Bot - INFO - Sleeping for 60 seconds
2025-04-04 12:39:28,636 - Trading System - INFO - Trading Bot is alive: True
2025-04-04 12:39:28,637 - Trading System - INFO - Monitor Bot is alive: True
2025-04-04 12:39:28,637 - Trading System - INFO - Improvement Bot is alive: True
2025-04-04 12:39:37,394 - Quantum Trading Bot - INFO - Starting trading cycle
2025-04-04 12:39:37,394 - Quantum Trading Bot - INFO - Processing AAPL
2025-04-04 12:39:37,394 - Quantum Trading Bot - INFO - Mock halal compliance check for AAPL: COMPLIANT
2025-04-04 12:39:37,421 - Quantum Trading Bot - INFO - Quantum device error rate: 0.0561
2025-04-04 12:39:37,434 - Quantum Trading Bot - INFO - Quantum prediction for AAPL: 0.5925 (confidence: 0.7551)
2025-04-04 12:39:37,434 - Quantum Trading Bot - INFO - Trading signal for AAPL: 0.5925 (source: quantum)
2025-04-04 12:39:37,434 - Quantum Trading Bot - INFO - HOLD signal for AAPL (score: 0.5925, source: quantum)
2025-04-04 12:39:37,437 - Quantum Trading Bot - INFO - Processing MSFT
2025-04-04 12:39:37,437 - Quantum Trading Bot - INFO - Mock halal compliance check for MSFT: COMPLIANT
2025-04-04 12:39:37,447 - Quantum Trading Bot - INFO - Quantum device error rate: 0.0399
2025-04-04 12:39:37,450 - Quantum Trading Bot - INFO - Quantum prediction for MSFT: 0.6480 (confidence: 0.9601)
2025-04-04 12:39:37,450 - Quantum Trading Bot - INFO - Trading signal for MSFT: 0.6480 (source: quantum)
2025-04-04 12:39:37,450 - Quantum Trading Bot - INFO - HOLD signal for MSFT (score: 0.6480, source: quantum)
2025-04-04 12:39:37,452 - Quantum Trading Bot - INFO - Processing NVDA
2025-04-04 12:39:37,452 - Quantum Trading Bot - INFO - Mock halal compliance check for NVDA: COMPLIANT
2025-04-04 12:39:37,460 - Quantum Trading Bot - INFO - Quantum device error rate: 0.0402
2025-04-04 12:39:37,463 - Quantum Trading Bot - INFO - Quantum prediction for NVDA: 0.4920 (confidence: 0.7678)
2025-04-04 12:39:37,463 - Quantum Trading Bot - INFO - Trading signal for NVDA: 0.4920 (source: quantum)
2025-04-04 12:39:37,463 - Quantum Trading Bot - INFO - HOLD signal for NVDA (score: 0.4920, source: quantum)
2025-04-04 12:39:37,471 - Quantum Trading Bot - INFO - Performance metrics saved: 40/72 winning trades
2025-04-04 12:39:37,471 - Quantum Trading Bot - INFO - Quantum prediction accuracy: 0.00
2025-04-04 12:39:37,472 - Quantum Trading Bot - INFO - Sleeping for 60 seconds
2025-04-04 12:40:28,642 - Trading System - INFO - Trading Bot is alive: True
2025-04-04 12:40:28,642 - Trading System - INFO - Monitor Bot is alive: True
2025-04-04 12:40:28,642 - Trading System - INFO - Improvement Bot is alive: True
2025-04-04 12:40:37,477 - Quantum Trading Bot - INFO - Starting trading cycle
2025-04-04 12:40:37,477 - Quantum Trading Bot - INFO - Processing AAPL
2025-04-04 12:40:37,478 - Quantum Trading Bot - INFO - Mock halal compliance check for AAPL: COMPLIANT
2025-04-04 12:40:37,499 - Quantum Trading Bot - INFO - Quantum device error rate: 0.0360
2025-04-04 12:40:37,504 - Quantum Trading Bot - INFO - Quantum prediction for AAPL: 0.5710 (confidence: 0.7712)
2025-04-04 12:40:37,504 - Quantum Trading Bot - INFO - Trading signal for AAPL: 0.5710 (source: quantum)
2025-04-04 12:40:37,504 - Quantum Trading Bot - INFO - HOLD signal for AAPL (score: 0.5710, source: quantum)
2025-04-04 12:40:37,507 - Quantum Trading Bot - INFO - Processing MSFT
2025-04-04 12:40:37,507 - Quantum Trading Bot - INFO - Mock halal compliance check for MSFT: COMPLIANT
2025-04-04 12:40:37,518 - Quantum Trading Bot - INFO - Quantum device error rate: 0.0372
2025-04-04 12:40:37,521 - Quantum Trading Bot - INFO - Quantum prediction for MSFT: 0.5460 (confidence: 0.7702)
2025-04-04 12:40:37,521 - Quantum Trading Bot - INFO - Trading signal for MSFT: 0.5460 (source: quantum)
2025-04-04 12:40:37,521 - Quantum Trading Bot - INFO - HOLD signal for MSFT (score: 0.5460, source: quantum)
2025-04-04 12:40:37,523 - Quantum Trading Bot - INFO - Processing NVDA
2025-04-04 12:40:37,523 - Quantum Trading Bot - INFO - Mock halal compliance check for NVDA: COMPLIANT
2025-04-04 12:40:37,532 - Quantum Trading Bot - INFO - Quantum device error rate: 0.0363
2025-04-04 12:40:37,534 - Quantum Trading Bot - INFO - Quantum prediction for NVDA: 0.4880 (confidence: 0.7710)
2025-04-04 12:40:37,534 - Quantum Trading Bot - INFO - Trading signal for NVDA: 0.4880 (source: quantum)
2025-04-04 12:40:37,534 - Quantum Trading Bot - INFO - HOLD signal for NVDA (score: 0.4880, source: quantum)
2025-04-04 12:40:37,542 - Quantum Trading Bot - INFO - Performance metrics saved: 40/72 winning trades
2025-04-04 12:40:37,542 - Quantum Trading Bot - INFO - Quantum prediction accuracy: 0.00
2025-04-04 12:40:37,542 - Quantum Trading Bot - INFO - Sleeping for 60 seconds
2025-04-04 12:41:28,647 - Trading System - INFO - Trading Bot is alive: True
2025-04-04 12:41:28,647 - Trading System - INFO - Monitor Bot is alive: True
2025-04-04 12:41:28,648 - Trading System - INFO - Improvement Bot is alive: True
2025-04-04 12:41:37,548 - Quantum Trading Bot - INFO - Starting trading cycle
2025-04-04 12:41:37,548 - Quantum Trading Bot - INFO - Processing AAPL
2025-04-04 12:41:37,548 - Quantum Trading Bot - INFO - Mock halal compliance check for AAPL: COMPLIANT
2025-04-04 12:41:37,569 - Quantum Trading Bot - INFO - Quantum device error rate: 0.0465
2025-04-04 12:41:37,574 - Quantum Trading Bot - INFO - Quantum prediction for AAPL: 0.4910 (confidence: 0.7628)
2025-04-04 12:41:37,575 - Quantum Trading Bot - INFO - Trading signal for AAPL: 0.4910 (source: quantum)
2025-04-04 12:41:37,575 - Quantum Trading Bot - INFO - HOLD signal for AAPL (score: 0.4910, source: quantum)
2025-04-04 12:41:37,578 - Quantum Trading Bot - INFO - Processing MSFT
2025-04-04 12:41:37,578 - Quantum Trading Bot - INFO - Mock halal compliance check for MSFT: COMPLIANT
2025-04-04 12:41:37,588 - Quantum Trading Bot - INFO - Quantum device error rate: 0.0246
2025-04-04 12:41:37,591 - Quantum Trading Bot - INFO - Quantum prediction for MSFT: 0.5130 (confidence: 0.7803)
2025-04-04 12:41:37,592 - Quantum Trading Bot - INFO - Trading signal for MSFT: 0.5130 (source: quantum)
2025-04-04 12:41:37,592 - Quantum Trading Bot - INFO - HOLD signal for MSFT (score: 0.5130, source: quantum)
2025-04-04 12:41:37,594 - Quantum Trading Bot - INFO - Processing NVDA
2025-04-04 12:41:37,594 - Quantum Trading Bot - INFO - Mock halal compliance check for NVDA: COMPLIANT
2025-04-04 12:41:37,602 - Quantum Trading Bot - INFO - Quantum device error rate: 0.0465
2025-04-04 12:41:37,605 - Quantum Trading Bot - INFO - Quantum prediction for NVDA: 0.5330 (confidence: 0.7628)
2025-04-04 12:41:37,605 - Quantum Trading Bot - INFO - Trading signal for NVDA: 0.5330 (source: quantum)
2025-04-04 12:41:37,605 - Quantum Trading Bot - INFO - HOLD signal for NVDA (score: 0.5330, source: quantum)
2025-04-04 12:41:37,613 - Quantum Trading Bot - INFO - Performance metrics saved: 40/72 winning trades
2025-04-04 12:41:37,613 - Quantum Trading Bot - INFO - Quantum prediction accuracy: 0.00
2025-04-04 12:41:37,613 - Quantum Trading Bot - INFO - Sleeping for 60 seconds
2025-04-04 12:42:28,653 - Trading System - INFO - Trading Bot is alive: True
2025-04-04 12:42:28,655 - Trading System - INFO - Monitor Bot is alive: True
2025-04-04 12:42:28,655 - Trading System - INFO - Improvement Bot is alive: True
2025-04-04 12:42:37,618 - Quantum Trading Bot - INFO - Starting trading cycle
2025-04-04 12:42:37,619 - Quantum Trading Bot - INFO - Processing AAPL
2025-04-04 12:42:37,619 - Quantum Trading Bot - INFO - Mock halal compliance check for AAPL: COMPLIANT
2025-04-04 12:42:37,642 - Quantum Trading Bot - INFO - Quantum device error rate: 0.0369
2025-04-04 12:42:37,648 - Quantum Trading Bot - INFO - Quantum prediction for AAPL: 0.8300 (confidence: 0.9631)
2025-04-04 12:42:37,648 - Quantum Trading Bot - INFO - Trading signal for AAPL: 0.8300 (source: quantum)
2025-04-04 12:42:37,648 - Quantum Trading Bot - INFO - HOLD signal for AAPL (score: 0.8300, source: quantum)
2025-04-04 12:42:37,651 - Quantum Trading Bot - INFO - Processing MSFT
2025-04-04 12:42:37,651 - Quantum Trading Bot - INFO - Mock halal compliance check for MSFT: COMPLIANT
2025-04-04 12:42:37,662 - Quantum Trading Bot - INFO - Quantum device error rate: 0.0306
2025-04-04 12:42:37,665 - Quantum Trading Bot - INFO - Quantum prediction for MSFT: 0.3130 (confidence: 0.9694)
2025-04-04 12:42:37,665 - Quantum Trading Bot - INFO - Trading signal for MSFT: 0.3130 (source: quantum)
2025-04-04 12:42:37,665 - Quantum Trading Bot - INFO - HOLD signal for MSFT (score: 0.3130, source: quantum)
2025-04-04 12:42:37,668 - Quantum Trading Bot - INFO - Processing NVDA
2025-04-04 12:42:37,668 - Quantum Trading Bot - INFO - Mock halal compliance check for NVDA: COMPLIANT
2025-04-04 12:42:37,676 - Quantum Trading Bot - INFO - Quantum device error rate: 0.0507
2025-04-04 12:42:37,684 - Quantum Trading Bot - INFO - Quantum prediction for NVDA: 0.7799 (confidence: 0.9493)
2025-04-04 12:42:37,684 - Quantum Trading Bot - INFO - Trading signal for NVDA: 0.7799 (source: quantum)
2025-04-04 12:42:37,684 - Quantum Trading Bot - INFO - HOLD signal for NVDA (score: 0.7799, source: quantum)
2025-04-04 12:42:37,693 - Quantum Trading Bot - INFO - Performance metrics saved: 40/72 winning trades
2025-04-04 12:42:37,693 - Quantum Trading Bot - INFO - Quantum prediction accuracy: 0.00
2025-04-04 12:42:37,693 - Quantum Trading Bot - INFO - Sleeping for 60 seconds
2025-04-04 12:43:28,656 - Trading System - INFO - Trading Bot is alive: True
2025-04-04 12:43:28,658 - Trading System - INFO - Monitor Bot is alive: True
2025-04-04 12:43:28,659 - Trading System - INFO - Improvement Bot is alive: True
2025-04-04 12:43:37,698 - Quantum Trading Bot - INFO - Starting trading cycle
2025-04-04 12:43:37,699 - Quantum Trading Bot - INFO - Processing AAPL
2025-04-04 12:43:37,699 - Quantum Trading Bot - INFO - Mock halal compliance check for AAPL: COMPLIANT
2025-04-04 12:43:37,721 - Quantum Trading Bot - INFO - Quantum device error rate: 0.0288
2025-04-04 12:43:37,727 - Quantum Trading Bot - INFO - Quantum prediction for AAPL: 0.4830 (confidence: 0.7770)
2025-04-04 12:43:37,728 - Quantum Trading Bot - INFO - Trading signal for AAPL: 0.4830 (source: quantum)
2025-04-04 12:43:37,728 - Quantum Trading Bot - INFO - HOLD signal for AAPL (score: 0.4830, source: quantum)
2025-04-04 12:43:37,731 - Quantum Trading Bot - INFO - Processing MSFT
2025-04-04 12:43:37,731 - Quantum Trading Bot - INFO - Mock halal compliance check for MSFT: COMPLIANT
2025-04-04 12:43:37,741 - Quantum Trading Bot - INFO - Quantum device error rate: 0.0342
2025-04-04 12:43:37,744 - Quantum Trading Bot - INFO - Quantum prediction for MSFT: 0.6230 (confidence: 0.9658)
2025-04-04 12:43:37,744 - Quantum Trading Bot - INFO - Trading signal for MSFT: 0.6230 (source: quantum)
2025-04-04 12:43:37,744 - Quantum Trading Bot - INFO - HOLD signal for MSFT (score: 0.6230, source: quantum)
2025-04-04 12:43:37,747 - Quantum Trading Bot - INFO - Processing NVDA
2025-04-04 12:43:37,747 - Quantum Trading Bot - INFO - Mock halal compliance check for NVDA: COMPLIANT
2025-04-04 12:43:37,755 - Quantum Trading Bot - INFO - Quantum device error rate: 0.0330
2025-04-04 12:43:37,758 - Quantum Trading Bot - INFO - Quantum prediction for NVDA: 0.0470 (confidence: 0.9670)
2025-04-04 12:43:37,758 - Quantum Trading Bot - INFO - Trading signal for NVDA: 0.0470 (source: quantum)
2025-04-04 12:43:37,758 - Quantum Trading Bot - INFO - SELL signal for NVDA (score: 0.0470, source: quantum)
2025-04-04 12:43:37,758 - Quantum Trading Bot - WARNING - Cannot sell NVDA - no position
2025-04-04 12:43:37,767 - Quantum Trading Bot - INFO - Performance metrics saved: 40/72 winning trades
2025-04-04 12:43:37,767 - Quantum Trading Bot - INFO - Quantum prediction accuracy: 0.00
2025-04-04 12:43:37,767 - Quantum Trading Bot - INFO - Sleeping for 60 seconds
2025-04-04 12:44:28,664 - Trading System - INFO - Trading Bot is alive: True
2025-04-04 12:44:28,665 - Trading System - INFO - Monitor Bot is alive: True
2025-04-04 12:44:28,665 - Trading System - INFO - Improvement Bot is alive: True
2025-04-04 12:44:37,772 - Quantum Trading Bot - INFO - Starting trading cycle
2025-04-04 12:44:37,773 - Quantum Trading Bot - INFO - Processing AAPL
2025-04-04 12:44:37,773 - Quantum Trading Bot - INFO - Mock halal compliance check for AAPL: COMPLIANT
2025-04-04 12:44:37,798 - Quantum Trading Bot - INFO - Quantum device error rate: 0.0378
2025-04-04 12:44:37,804 - Quantum Trading Bot - INFO - Quantum prediction for AAPL: 0.6860 (confidence: 0.9622)
2025-04-04 12:44:37,804 - Quantum Trading Bot - INFO - Trading signal for AAPL: 0.6860 (source: quantum)
2025-04-04 12:44:37,804 - Quantum Trading Bot - INFO - HOLD signal for AAPL (score: 0.6860, source: quantum)
2025-04-04 12:44:37,807 - Quantum Trading Bot - INFO - Processing MSFT
2025-04-04 12:44:37,807 - Quantum Trading Bot - INFO - Mock halal compliance check for MSFT: COMPLIANT
2025-04-04 12:44:37,818 - Quantum Trading Bot - INFO - Quantum device error rate: 0.0570
2025-04-04 12:44:37,827 - Quantum Trading Bot - INFO - Quantum prediction for MSFT: 0.6228 (confidence: 0.9430)
2025-04-04 12:44:37,827 - Quantum Trading Bot - INFO - Trading signal for MSFT: 0.6228 (source: quantum)
2025-04-04 12:44:37,827 - Quantum Trading Bot - INFO - HOLD signal for MSFT (score: 0.6228, source: quantum)
2025-04-04 12:44:37,829 - Quantum Trading Bot - INFO - Processing NVDA
2025-04-04 12:44:37,829 - Quantum Trading Bot - INFO - Mock halal compliance check for NVDA: COMPLIANT
2025-04-04 12:44:37,837 - Quantum Trading Bot - INFO - Quantum device error rate: 0.0456
2025-04-04 12:44:37,840 - Quantum Trading Bot - INFO - Quantum prediction for NVDA: 0.5260 (confidence: 0.7635)
2025-04-04 12:44:37,840 - Quantum Trading Bot - INFO - Trading signal for NVDA: 0.5260 (source: quantum)
2025-04-04 12:44:37,840 - Quantum Trading Bot - INFO - HOLD signal for NVDA (score: 0.5260, source: quantum)
2025-04-04 12:44:37,848 - Quantum Trading Bot - INFO - Performance metrics saved: 40/72 winning trades
2025-04-04 12:44:37,848 - Quantum Trading Bot - INFO - Quantum prediction accuracy: 0.00
2025-04-04 12:44:37,848 - Quantum Trading Bot - INFO - Sleeping for 60 seconds
2025-04-04 12:45:28,670 - Trading System - INFO - Trading Bot is alive: True
2025-04-04 12:45:28,672 - Trading System - INFO - Monitor Bot is alive: True
2025-04-04 12:45:28,672 - Trading System - INFO - Improvement Bot is alive: True
2025-04-04 12:45:37,853 - Quantum Trading Bot - INFO - Starting trading cycle
2025-04-04 12:45:37,855 - Quantum Trading Bot - INFO - Processing AAPL
2025-04-04 12:45:37,855 - Quantum Trading Bot - INFO - Mock halal compliance check for AAPL: COMPLIANT
2025-04-04 12:45:37,876 - Quantum Trading Bot - INFO - Quantum device error rate: 0.0339
2025-04-04 12:45:37,881 - Quantum Trading Bot - INFO - Quantum prediction for AAPL: 0.4470 (confidence: 0.7729)
2025-04-04 12:45:37,881 - Quantum Trading Bot - INFO - Trading signal for AAPL: 0.4470 (source: quantum)
2025-04-04 12:45:37,882 - Quantum Trading Bot - INFO - HOLD signal for AAPL (score: 0.4470, source: quantum)
2025-04-04 12:45:37,885 - Quantum Trading Bot - INFO - Processing MSFT
2025-04-04 12:45:37,885 - Quantum Trading Bot - INFO - Mock halal compliance check for MSFT: COMPLIANT
2025-04-04 12:45:37,895 - Quantum Trading Bot - INFO - Quantum device error rate: 0.0357
2025-04-04 12:45:37,898 - Quantum Trading Bot - INFO - Quantum prediction for MSFT: 0.0530 (confidence: 0.9643)
2025-04-04 12:45:37,898 - Quantum Trading Bot - INFO - Trading signal for MSFT: 0.0530 (source: quantum)
2025-04-04 12:45:37,899 - Quantum Trading Bot - INFO - SELL signal for MSFT (score: 0.0530, source: quantum)
2025-04-04 12:45:37,899 - Quantum Trading Bot - WARNING - Cannot sell MSFT - no position
2025-04-04 12:45:37,902 - Quantum Trading Bot - INFO - Processing NVDA
2025-04-04 12:45:37,902 - Quantum Trading Bot - INFO - Mock halal compliance check for NVDA: COMPLIANT
2025-04-04 12:45:37,910 - Quantum Trading Bot - INFO - Quantum device error rate: 0.0249
2025-04-04 12:45:37,913 - Quantum Trading Bot - INFO - Quantum prediction for NVDA: 0.4040 (confidence: 0.7801)
2025-04-04 12:45:37,913 - Quantum Trading Bot - INFO - Trading signal for NVDA: 0.4040 (source: quantum)
2025-04-04 12:45:37,913 - Quantum Trading Bot - INFO - HOLD signal for NVDA (score: 0.4040, source: quantum)
2025-04-04 12:45:37,921 - Quantum Trading Bot - INFO - Performance metrics saved: 40/72 winning trades
2025-04-04 12:45:37,921 - Quantum Trading Bot - INFO - Quantum prediction accuracy: 0.00
2025-04-04 12:45:37,921 - Quantum Trading Bot - INFO - Sleeping for 60 seconds
2025-04-04 12:46:28,680 - Trading System - INFO - Trading Bot is alive: True
2025-04-04 12:46:28,682 - Trading System - INFO - Monitor Bot is alive: True
2025-04-04 12:46:28,682 - Trading System - INFO - Improvement Bot is alive: True
2025-04-04 12:46:37,932 - Quantum Trading Bot - INFO - Starting trading cycle
2025-04-04 12:46:37,934 - Quantum Trading Bot - INFO - Processing AAPL
2025-04-04 12:46:37,934 - Quantum Trading Bot - INFO - Mock halal compliance check for AAPL: COMPLIANT
2025-04-04 12:46:37,952 - Quantum Trading Bot - INFO - Quantum device error rate: 0.0372
2025-04-04 12:46:37,957 - Quantum Trading Bot - INFO - Quantum prediction for AAPL: 0.1270 (confidence: 0.9628)
2025-04-04 12:46:37,957 - Quantum Trading Bot - INFO - Trading signal for AAPL: 0.1270 (source: quantum)
2025-04-04 12:46:37,957 - Quantum Trading Bot - INFO - SELL signal for AAPL (score: 0.1270, source: quantum)
2025-04-04 12:46:37,958 - Quantum Trading Bot - WARNING - Cannot sell AAPL - no position
2025-04-04 12:46:37,961 - Quantum Trading Bot - INFO - Processing MSFT
2025-04-04 12:46:37,961 - Quantum Trading Bot - INFO - Mock halal compliance check for MSFT: COMPLIANT
2025-04-04 12:46:37,970 - Quantum Trading Bot - INFO - Quantum device error rate: 0.0291
2025-04-04 12:46:37,974 - Quantum Trading Bot - INFO - Quantum prediction for MSFT: 0.5440 (confidence: 0.7767)
2025-04-04 12:46:37,974 - Quantum Trading Bot - INFO - Trading signal for MSFT: 0.5440 (source: quantum)
2025-04-04 12:46:37,974 - Quantum Trading Bot - INFO - HOLD signal for MSFT (score: 0.5440, source: quantum)
2025-04-04 12:46:37,976 - Quantum Trading Bot - INFO - Processing NVDA
2025-04-04 12:46:37,976 - Quantum Trading Bot - INFO - Mock halal compliance check for NVDA: COMPLIANT
2025-04-04 12:46:37,984 - Quantum Trading Bot - INFO - Quantum device error rate: 0.0393
2025-04-04 12:46:37,986 - Quantum Trading Bot - INFO - Quantum prediction for NVDA: 0.3800 (confidence: 0.9607)
2025-04-04 12:46:37,986 - Quantum Trading Bot - INFO - Trading signal for NVDA: 0.3800 (source: quantum)
2025-04-04 12:46:37,986 - Quantum Trading Bot - INFO - HOLD signal for NVDA (score: 0.3800, source: quantum)
2025-04-04 12:46:37,995 - Quantum Trading Bot - INFO - Performance metrics saved: 40/72 winning trades
2025-04-04 12:46:37,995 - Quantum Trading Bot - INFO - Quantum prediction accuracy: 0.00
2025-04-04 12:46:37,995 - Quantum Trading Bot - INFO - Sleeping for 60 seconds
2025-04-04 12:47:28,691 - Trading System - INFO - Trading Bot is alive: True
2025-04-04 12:47:28,693 - Trading System - INFO - Monitor Bot is alive: True
2025-04-04 12:47:28,693 - Trading System - INFO - Improvement Bot is alive: True
2025-04-04 12:47:38,005 - Quantum Trading Bot - INFO - Starting trading cycle
2025-04-04 12:47:38,006 - Quantum Trading Bot - INFO - Processing AAPL
2025-04-04 12:47:38,006 - Quantum Trading Bot - INFO - Mock halal compliance check for AAPL: COMPLIANT
2025-04-04 12:47:38,031 - Quantum Trading Bot - INFO - Quantum device error rate: 0.0585
2025-04-04 12:47:38,045 - Quantum Trading Bot - INFO - Quantum prediction for AAPL: 0.4573 (confidence: 0.7532)
2025-04-04 12:47:38,045 - Quantum Trading Bot - INFO - Trading signal for AAPL: 0.4573 (source: quantum)
2025-04-04 12:47:38,045 - Quantum Trading Bot - INFO - HOLD signal for AAPL (score: 0.4573, source: quantum)
2025-04-04 12:47:38,048 - Quantum Trading Bot - INFO - Processing MSFT
2025-04-04 12:47:38,048 - Quantum Trading Bot - INFO - Mock halal compliance check for MSFT: COMPLIANT
2025-04-04 12:47:38,058 - Quantum Trading Bot - INFO - Quantum device error rate: 0.0372
2025-04-04 12:47:38,061 - Quantum Trading Bot - INFO - Quantum prediction for MSFT: 0.8050 (confidence: 0.9628)
2025-04-04 12:47:38,061 - Quantum Trading Bot - INFO - Trading signal for MSFT: 0.8050 (source: quantum)
2025-04-04 12:47:38,061 - Quantum Trading Bot - INFO - HOLD signal for MSFT (score: 0.8050, source: quantum)
2025-04-04 12:47:38,063 - Quantum Trading Bot - INFO - Processing NVDA
2025-04-04 12:47:38,064 - Quantum Trading Bot - INFO - Mock halal compliance check for NVDA: COMPLIANT
2025-04-04 12:47:38,072 - Quantum Trading Bot - INFO - Quantum device error rate: 0.0387
2025-04-04 12:47:38,074 - Quantum Trading Bot - INFO - Quantum prediction for NVDA: 0.5880 (confidence: 0.7690)
2025-04-04 12:47:38,074 - Quantum Trading Bot - INFO - Trading signal for NVDA: 0.5880 (source: quantum)
2025-04-04 12:47:38,074 - Quantum Trading Bot - INFO - HOLD signal for NVDA (score: 0.5880, source: quantum)
2025-04-04 12:47:38,083 - Quantum Trading Bot - INFO - Performance metrics saved: 40/72 winning trades
2025-04-04 12:47:38,083 - Quantum Trading Bot - INFO - Quantum prediction accuracy: 0.00
2025-04-04 12:47:38,083 - Quantum Trading Bot - INFO - Sleeping for 60 seconds
2025-04-04 12:48:28,701 - Trading System - INFO - Trading Bot is alive: True
2025-04-04 12:48:28,703 - Trading System - INFO - Monitor Bot is alive: True
2025-04-04 12:48:28,703 - Trading System - INFO - Improvement Bot is alive: True
2025-04-04 12:48:38,093 - Quantum Trading Bot - INFO - Starting trading cycle
2025-04-04 12:48:38,095 - Quantum Trading Bot - INFO - Processing AAPL
2025-04-04 12:48:38,095 - Quantum Trading Bot - INFO - Mock halal compliance check for AAPL: COMPLIANT
2025-04-04 12:48:38,113 - Quantum Trading Bot - INFO - Quantum device error rate: 0.0513
2025-04-04 12:48:38,124 - Quantum Trading Bot - INFO - Quantum prediction for AAPL: 0.2230 (confidence: 0.9487)
2025-04-04 12:48:38,124 - Quantum Trading Bot - INFO - Trading signal for AAPL: 0.2230 (source: quantum)
2025-04-04 12:48:38,124 - Quantum Trading Bot - INFO - SELL signal for AAPL (score: 0.2230, source: quantum)
2025-04-04 12:48:38,125 - Quantum Trading Bot - WARNING - Cannot sell AAPL - no position
2025-04-04 12:48:38,128 - Quantum Trading Bot - INFO - Processing MSFT
2025-04-04 12:48:38,128 - Quantum Trading Bot - INFO - Mock halal compliance check for MSFT: COMPLIANT
2025-04-04 12:48:38,136 - Quantum Trading Bot - INFO - Quantum device error rate: 0.0360
2025-04-04 12:48:38,139 - Quantum Trading Bot - INFO - Quantum prediction for MSFT: 0.9290 (confidence: 0.9640)
2025-04-04 12:48:38,139 - Quantum Trading Bot - INFO - Trading signal for MSFT: 0.9290 (source: quantum)
2025-04-04 12:48:38,139 - Quantum Trading Bot - INFO - HOLD signal for MSFT (score: 0.9290, source: quantum)
2025-04-04 12:48:38,142 - Quantum Trading Bot - INFO - Processing NVDA
2025-04-04 12:48:38,142 - Quantum Trading Bot - INFO - Mock halal compliance check for NVDA: COMPLIANT
2025-04-04 12:48:38,149 - Quantum Trading Bot - INFO - Quantum device error rate: 0.0363
2025-04-04 12:48:38,152 - Quantum Trading Bot - INFO - Quantum prediction for NVDA: 0.1770 (confidence: 0.9637)
2025-04-04 12:48:38,152 - Quantum Trading Bot - INFO - Trading signal for NVDA: 0.1770 (source: quantum)
2025-04-04 12:48:38,152 - Quantum Trading Bot - INFO - SELL signal for NVDA (score: 0.1770, source: quantum)
2025-04-04 12:48:38,152 - Quantum Trading Bot - WARNING - Cannot sell NVDA - no position
2025-04-04 12:48:38,160 - Quantum Trading Bot - INFO - Performance metrics saved: 40/72 winning trades
2025-04-04 12:48:38,160 - Quantum Trading Bot - INFO - Quantum prediction accuracy: 0.00
2025-04-04 12:48:38,170 - Quantum Trading Bot - INFO - Quantum device error rate: 0.0447
2025-04-04 12:48:38,172 - Quantum Trading Bot - INFO - Quantum portfolio optimization complete: {'AAPL': np.float64(0.3291223404255319), 'MSFT': np.float64(0.3304521276595745), 'NVDA': np.float64(0.3404255319148936)}
2025-04-04 12:48:38,172 - Quantum Trading Bot - INFO - Optimal portfolio weights: {'AAPL': np.float64(0.3291223404255319), 'MSFT': np.float64(0.3304521276595745), 'NVDA': np.float64(0.3404255319148936)}
2025-04-04 12:48:38,173 - Quantum Trading Bot - INFO - Sleeping for 60 seconds
2025-04-04 12:49:28,710 - Trading System - INFO - Trading Bot is alive: True
2025-04-04 12:49:28,710 - Trading System - INFO - Monitor Bot is alive: True
2025-04-04 12:49:28,710 - Trading System - INFO - Improvement Bot is alive: True
2025-04-04 12:49:38,183 - Quantum Trading Bot - INFO - Starting trading cycle
2025-04-04 12:49:38,183 - Quantum Trading Bot - INFO - Processing AAPL
2025-04-04 12:49:38,184 - Quantum Trading Bot - INFO - Mock halal compliance check for AAPL: COMPLIANT
2025-04-04 12:49:38,209 - Quantum Trading Bot - INFO - Quantum device error rate: 0.0459
2025-04-04 12:49:38,215 - Quantum Trading Bot - INFO - Quantum prediction for AAPL: 0.7000 (confidence: 0.9541)
2025-04-04 12:49:38,215 - Quantum Trading Bot - INFO - Trading signal for AAPL: 0.7000 (source: quantum)
2025-04-04 12:49:38,215 - Quantum Trading Bot - INFO - HOLD signal for AAPL (score: 0.7000, source: quantum)
2025-04-04 12:49:38,218 - Quantum Trading Bot - INFO - Processing MSFT
2025-04-04 12:49:38,218 - Quantum Trading Bot - INFO - Mock halal compliance check for MSFT: COMPLIANT
2025-04-04 12:49:38,229 - Quantum Trading Bot - INFO - Quantum device error rate: 0.0408
2025-04-04 12:49:38,232 - Quantum Trading Bot - INFO - Quantum prediction for MSFT: 0.4990 (confidence: 0.7674)
2025-04-04 12:49:38,232 - Quantum Trading Bot - INFO - Trading signal for MSFT: 0.4990 (source: quantum)
2025-04-04 12:49:38,232 - Quantum Trading Bot - INFO - HOLD signal for MSFT (score: 0.4990, source: quantum)
2025-04-04 12:49:38,235 - Quantum Trading Bot - INFO - Processing NVDA
2025-04-04 12:49:38,235 - Quantum Trading Bot - INFO - Mock halal compliance check for NVDA: COMPLIANT
2025-04-04 12:49:38,243 - Quantum Trading Bot - INFO - Quantum device error rate: 0.0417
2025-04-04 12:49:38,246 - Quantum Trading Bot - INFO - Quantum prediction for NVDA: 0.6780 (confidence: 0.9583)
2025-04-04 12:49:38,246 - Quantum Trading Bot - INFO - Trading signal for NVDA: 0.6780 (source: quantum)
2025-04-04 12:49:38,246 - Quantum Trading Bot - INFO - HOLD signal for NVDA (score: 0.6780, source: quantum)
2025-04-04 12:49:38,254 - Quantum Trading Bot - INFO - Performance metrics saved: 40/72 winning trades
2025-04-04 12:49:38,254 - Quantum Trading Bot - INFO - Quantum prediction accuracy: 0.00
2025-04-04 12:49:38,255 - Quantum Trading Bot - INFO - Sleeping for 60 seconds
2025-04-04 12:50:28,719 - Trading System - INFO - Trading Bot is alive: True
2025-04-04 12:50:28,720 - Trading System - INFO - Monitor Bot is alive: True
2025-04-04 12:50:28,720 - Trading System - INFO - Improvement Bot is alive: True
2025-04-04 12:51:06,673 - Quantum Trading Bot - INFO - Starting trading cycle
2025-04-04 12:51:06,674 - Quantum Trading Bot - INFO - Processing AAPL
2025-04-04 12:51:06,674 - Quantum Trading Bot - INFO - Mock halal compliance check for AAPL: COMPLIANT
2025-04-04 12:51:06,694 - Quantum Trading Bot - INFO - Quantum device error rate: 0.0342
2025-04-04 12:51:06,699 - Quantum Trading Bot - INFO - Quantum prediction for AAPL: 0.6210 (confidence: 0.9658)
2025-04-04 12:51:06,699 - Quantum Trading Bot - INFO - Trading signal for AAPL: 0.6210 (source: quantum)
2025-04-04 12:51:06,699 - Quantum Trading Bot - INFO - HOLD signal for AAPL (score: 0.6210, source: quantum)
2025-04-04 12:51:06,702 - Quantum Trading Bot - INFO - Processing MSFT
2025-04-04 12:51:06,702 - Quantum Trading Bot - INFO - Mock halal compliance check for MSFT: COMPLIANT
2025-04-04 12:51:06,713 - Quantum Trading Bot - INFO - Quantum device error rate: 0.0426
2025-04-04 12:51:06,716 - Quantum Trading Bot - INFO - Quantum prediction for MSFT: 0.5830 (confidence: 0.7659)
2025-04-04 12:51:06,716 - Quantum Trading Bot - INFO - Trading signal for MSFT: 0.5830 (source: quantum)
2025-04-04 12:51:06,716 - Quantum Trading Bot - INFO - HOLD signal for MSFT (score: 0.5830, source: quantum)
2025-04-04 12:51:06,719 - Quantum Trading Bot - INFO - Processing NVDA
2025-04-04 12:51:06,719 - Quantum Trading Bot - INFO - Mock halal compliance check for NVDA: COMPLIANT
2025-04-04 12:51:06,727 - Quantum Trading Bot - INFO - Quantum device error rate: 0.0276
2025-04-04 12:51:06,729 - Quantum Trading Bot - INFO - Quantum prediction for NVDA: 0.5930 (confidence: 0.7779)
2025-04-04 12:51:06,729 - Quantum Trading Bot - INFO - Trading signal for NVDA: 0.5930 (source: quantum)
2025-04-04 12:51:06,729 - Quantum Trading Bot - INFO - HOLD signal for NVDA (score: 0.5930, source: quantum)
2025-04-04 12:51:06,738 - Quantum Trading Bot - INFO - Performance metrics saved: 40/72 winning trades
2025-04-04 12:51:06,738 - Quantum Trading Bot - INFO - Quantum prediction accuracy: 0.00
2025-04-04 12:51:06,738 - Quantum Trading Bot - INFO - Sleeping for 60 seconds
2025-04-04 13:07:10,809 - Trading System - INFO - Trading Bot is alive: True
2025-04-04 13:07:10,810 - Trading System - INFO - Monitor Bot is alive: True
2025-04-04 13:07:10,810 - Trading System - INFO - Improvement Bot is alive: True
2025-04-04 13:07:20,410 - Quantum Trading Bot - INFO - Starting trading cycle
2025-04-04 13:07:20,410 - Quantum Trading Bot - INFO - Processing AAPL
2025-04-04 13:07:20,410 - Quantum Trading Bot - INFO - Mock halal compliance check for AAPL: COMPLIANT
2025-04-04 13:07:20,439 - Quantum Trading Bot - INFO - Quantum device error rate: 0.0366
2025-04-04 13:07:20,446 - Quantum Trading Bot - INFO - Quantum prediction for AAPL: 0.5820 (confidence: 0.7707)
2025-04-04 13:07:20,446 - Quantum Trading Bot - INFO - Trading signal for AAPL: 0.5820 (source: quantum)
2025-04-04 13:07:20,446 - Quantum Trading Bot - INFO - HOLD signal for AAPL (score: 0.5820, source: quantum)
2025-04-04 13:07:20,449 - Quantum Trading Bot - INFO - Processing MSFT
2025-04-04 13:07:20,450 - Quantum Trading Bot - INFO - Mock halal compliance check for MSFT: COMPLIANT
2025-04-04 13:07:20,461 - Quantum Trading Bot - INFO - Quantum device error rate: 0.0384
2025-04-04 13:07:20,465 - Quantum Trading Bot - INFO - Quantum prediction for MSFT: 0.6570 (confidence: 0.9616)
2025-04-04 13:07:20,465 - Quantum Trading Bot - INFO - Trading signal for MSFT: 0.6570 (source: quantum)
2025-04-04 13:07:20,465 - Quantum Trading Bot - INFO - HOLD signal for MSFT (score: 0.6570, source: quantum)
2025-04-04 13:07:20,467 - Quantum Trading Bot - INFO - Processing NVDA
2025-04-04 13:07:20,467 - Quantum Trading Bot - INFO - Mock halal compliance check for NVDA: COMPLIANT
2025-04-04 13:07:20,476 - Quantum Trading Bot - INFO - Quantum device error rate: 0.0240
2025-04-04 13:07:20,479 - Quantum Trading Bot - INFO - Quantum prediction for NVDA: 0.4070 (confidence: 0.7808)
2025-04-04 13:07:20,479 - Quantum Trading Bot - INFO - Trading signal for NVDA: 0.4070 (source: quantum)
2025-04-04 13:07:20,479 - Quantum Trading Bot - INFO - HOLD signal for NVDA (score: 0.4070, source: quantum)
2025-04-04 13:07:20,489 - Quantum Trading Bot - INFO - Performance metrics saved: 40/72 winning trades
2025-04-04 13:07:20,489 - Quantum Trading Bot - INFO - Quantum prediction accuracy: 0.00
2025-04-04 13:07:20,489 - Quantum Trading Bot - INFO - Sleeping for 60 seconds
2025-04-04 13:08:10,877 - Trading System - INFO - Trading Bot is alive: True
2025-04-04 13:08:10,879 - Trading System - INFO - Monitor Bot is alive: True
2025-04-04 13:08:10,879 - Trading System - INFO - Improvement Bot is alive: True
2025-04-04 13:08:20,567 - Quantum Trading Bot - INFO - Starting trading cycle
2025-04-04 13:08:20,567 - Quantum Trading Bot - INFO - Processing AAPL
2025-04-04 13:08:20,567 - Quantum Trading Bot - INFO - Mock halal compliance check for AAPL: COMPLIANT
2025-04-04 13:08:20,587 - Quantum Trading Bot - INFO - Quantum device error rate: 0.0438
2025-04-04 13:08:20,592 - Quantum Trading Bot - INFO - Quantum prediction for AAPL: 0.3330 (confidence: 0.9562)
2025-04-04 13:08:20,592 - Quantum Trading Bot - INFO - Trading signal for AAPL: 0.3330 (source: quantum)
2025-04-04 13:08:20,592 - Quantum Trading Bot - INFO - HOLD signal for AAPL (score: 0.3330, source: quantum)
2025-04-04 13:08:20,595 - Quantum Trading Bot - INFO - Processing MSFT
2025-04-04 13:08:20,595 - Quantum Trading Bot - INFO - Mock halal compliance check for MSFT: COMPLIANT
2025-04-04 13:08:20,605 - Quantum Trading Bot - INFO - Quantum device error rate: 0.0411
2025-04-04 13:08:20,608 - Quantum Trading Bot - INFO - Quantum prediction for MSFT: 0.0960 (confidence: 0.9589)
2025-04-04 13:08:20,608 - Quantum Trading Bot - INFO - Trading signal for MSFT: 0.0960 (source: quantum)
2025-04-04 13:08:20,608 - Quantum Trading Bot - INFO - SELL signal for MSFT (score: 0.0960, source: quantum)
2025-04-04 13:08:20,609 - Quantum Trading Bot - WARNING - Cannot sell MSFT - no position
2025-04-04 13:08:20,612 - Quantum Trading Bot - INFO - Processing NVDA
2025-04-04 13:08:20,612 - Quantum Trading Bot - INFO - Mock halal compliance check for NVDA: COMPLIANT
2025-04-04 13:08:20,620 - Quantum Trading Bot - INFO - Quantum device error rate: 0.0486
2025-04-04 13:08:20,623 - Quantum Trading Bot - INFO - Quantum prediction for NVDA: 0.9270 (confidence: 0.9514)
2025-04-04 13:08:20,623 - Quantum Trading Bot - INFO - Trading signal for NVDA: 0.9270 (source: quantum)
2025-04-04 13:08:20,623 - Quantum Trading Bot - INFO - HOLD signal for NVDA (score: 0.9270, source: quantum)
2025-04-04 13:08:20,631 - Quantum Trading Bot - INFO - Performance metrics saved: 40/72 winning trades
2025-04-04 13:08:20,631 - Quantum Trading Bot - INFO - Quantum prediction accuracy: 0.00
2025-04-04 13:08:20,631 - Quantum Trading Bot - INFO - Sleeping for 60 seconds
2025-04-04 13:25:43,438 - Trading System - INFO - Trading Bot is alive: True
2025-04-04 13:25:43,439 - Trading System - INFO - Monitor Bot is alive: True
2025-04-04 13:25:43,440 - Trading System - INFO - Improvement Bot is alive: True
2025-04-04 13:25:53,190 - Quantum Trading Bot - INFO - Starting trading cycle
2025-04-04 13:25:53,191 - Quantum Trading Bot - INFO - Processing AAPL
2025-04-04 13:25:53,191 - Quantum Trading Bot - INFO - Mock halal compliance check for AAPL: COMPLIANT
2025-04-04 13:25:53,213 - Quantum Trading Bot - INFO - Quantum device error rate: 0.0468
2025-04-04 13:25:53,219 - Quantum Trading Bot - INFO - Quantum prediction for AAPL: 0.5830 (confidence: 0.7626)
2025-04-04 13:25:53,219 - Quantum Trading Bot - INFO - Trading signal for AAPL: 0.5830 (source: quantum)
2025-04-04 13:25:53,219 - Quantum Trading Bot - INFO - HOLD signal for AAPL (score: 0.5830, source: quantum)
2025-04-04 13:25:53,223 - Quantum Trading Bot - INFO - Processing MSFT
2025-04-04 13:25:53,223 - Quantum Trading Bot - INFO - Mock halal compliance check for MSFT: COMPLIANT
2025-04-04 13:25:53,234 - Quantum Trading Bot - INFO - Quantum device error rate: 0.0195
2025-04-04 13:25:53,237 - Quantum Trading Bot - INFO - Quantum prediction for MSFT: 0.8520 (confidence: 0.9805)
2025-04-04 13:25:53,237 - Quantum Trading Bot - INFO - Trading signal for MSFT: 0.8520 (source: quantum)
2025-04-04 13:25:53,237 - Quantum Trading Bot - INFO - HOLD signal for MSFT (score: 0.8520, source: quantum)
2025-04-04 13:25:53,240 - Quantum Trading Bot - INFO - Processing NVDA
2025-04-04 13:25:53,240 - Quantum Trading Bot - INFO - Mock halal compliance check for NVDA: COMPLIANT
2025-04-04 13:25:53,249 - Quantum Trading Bot - INFO - Quantum device error rate: 0.0444
2025-04-04 13:25:53,251 - Quantum Trading Bot - INFO - Quantum prediction for NVDA: 0.0680 (confidence: 0.9556)
2025-04-04 13:25:53,252 - Quantum Trading Bot - INFO - Trading signal for NVDA: 0.0680 (source: quantum)
2025-04-04 13:25:53,252 - Quantum Trading Bot - INFO - SELL signal for NVDA (score: 0.0680, source: quantum)
2025-04-04 13:25:53,252 - Quantum Trading Bot - WARNING - Cannot sell NVDA - no position
2025-04-04 13:25:53,261 - Quantum Trading Bot - INFO - Performance metrics saved: 40/72 winning trades
2025-04-04 13:25:53,261 - Quantum Trading Bot - INFO - Quantum prediction accuracy: 0.00
2025-04-04 13:25:53,261 - Quantum Trading Bot - INFO - Sleeping for 60 seconds
2025-04-04 13:43:30,298 - Trading System - INFO - Trading Bot is alive: True
2025-04-04 13:43:30,299 - Trading System - INFO - Monitor Bot is alive: True
2025-04-04 13:43:30,300 - Trading System - INFO - Improvement Bot is alive: True
2025-04-04 13:43:31,509 - Monitor Bot - INFO - Running scheduled task: Performance Metrics
2025-04-04 13:43:31,514 - Monitor Bot - INFO - === Performance Metrics ===
2025-04-04 13:43:31,514 - Monitor Bot - INFO - Date: 2025-04-04T13:25:53.255000
2025-04-04 13:43:31,514 - Monitor Bot - INFO - Total Trades: 72
2025-04-04 13:43:31,514 - Monitor Bot - INFO - Win Rate: 55.56%
2025-04-04 13:43:31,515 - Monitor Bot - INFO - Total Profit: $18.27
2025-04-04 13:43:31,515 - Monitor Bot - INFO - Average Profit per Trade: $0.25
2025-04-04 13:43:31,515 - Monitor Bot - INFO - Average Profit Percentage: 0.09%
2025-04-04 13:43:31,515 - Monitor Bot - INFO - Maximum Drawdown: 0.10%
2025-04-04 13:43:31,515 - Monitor Bot - INFO - Quantum Prediction Accuracy: 0.00%
2025-04-04 13:43:31,515 - Monitor Bot - INFO - ============================
2025-04-04 13:43:31,521 - Monitor Bot - INFO - Task Performance Metrics completed successfully
2025-04-04 13:43:40,115 - Quantum Trading Bot - INFO - Starting trading cycle
2025-04-04 13:43:40,115 - Quantum Trading Bot - INFO - Processing AAPL
2025-04-04 13:43:40,116 - Quantum Trading Bot - INFO - Mock halal compliance check for AAPL: COMPLIANT
2025-04-04 13:43:40,135 - Quantum Trading Bot - INFO - Quantum device error rate: 0.0429
2025-04-04 13:43:40,140 - Quantum Trading Bot - INFO - Quantum prediction for AAPL: 0.4890 (confidence: 0.7657)
2025-04-04 13:43:40,140 - Quantum Trading Bot - INFO - Trading signal for AAPL: 0.4890 (source: quantum)
2025-04-04 13:43:40,140 - Quantum Trading Bot - INFO - HOLD signal for AAPL (score: 0.4890, source: quantum)
2025-04-04 13:43:40,143 - Quantum Trading Bot - INFO - Processing MSFT
2025-04-04 13:43:40,143 - Quantum Trading Bot - INFO - Mock halal compliance check for MSFT: COMPLIANT
2025-04-04 13:43:40,153 - Quantum Trading Bot - INFO - Quantum device error rate: 0.0423
2025-04-04 13:43:40,157 - Quantum Trading Bot - INFO - Quantum prediction for MSFT: 0.3250 (confidence: 0.9577)
2025-04-04 13:43:40,157 - Quantum Trading Bot - INFO - Trading signal for MSFT: 0.3250 (source: quantum)
2025-04-04 13:43:40,157 - Quantum Trading Bot - INFO - HOLD signal for MSFT (score: 0.3250, source: quantum)
2025-04-04 13:43:40,159 - Quantum Trading Bot - INFO - Processing NVDA
2025-04-04 13:43:40,159 - Quantum Trading Bot - INFO - Mock halal compliance check for NVDA: COMPLIANT
2025-04-04 13:43:40,168 - Quantum Trading Bot - INFO - Quantum device error rate: 0.0468
2025-04-04 13:43:40,170 - Quantum Trading Bot - INFO - Quantum prediction for NVDA: 0.3660 (confidence: 0.9532)
2025-04-04 13:43:40,170 - Quantum Trading Bot - INFO - Trading signal for NVDA: 0.3660 (source: quantum)
2025-04-04 13:43:40,170 - Quantum Trading Bot - INFO - HOLD signal for NVDA (score: 0.3660, source: quantum)
2025-04-04 13:43:40,179 - Quantum Trading Bot - INFO - Performance metrics saved: 40/72 winning trades
2025-04-04 13:43:40,179 - Quantum Trading Bot - INFO - Quantum prediction accuracy: 0.00
2025-04-04 13:43:40,179 - Quantum Trading Bot - INFO - Sleeping for 60 seconds
2025-04-04 14:00:42,265 - Trading System - INFO - Trading Bot is alive: True
2025-04-04 14:00:42,267 - Trading System - INFO - Monitor Bot is alive: True
2025-04-04 14:00:42,267 - Trading System - INFO - Improvement Bot is alive: True
2025-04-04 14:00:52,149 - Quantum Trading Bot - INFO - Starting trading cycle
2025-04-04 14:00:52,149 - Quantum Trading Bot - INFO - Processing AAPL
2025-04-04 14:00:52,150 - Quantum Trading Bot - INFO - Mock halal compliance check for AAPL: COMPLIANT
2025-04-04 14:00:52,172 - Quantum Trading Bot - INFO - Quantum device error rate: 0.0324
2025-04-04 14:00:52,177 - Quantum Trading Bot - INFO - Quantum prediction for AAPL: 0.3560 (confidence: 0.9676)
2025-04-04 14:00:52,177 - Quantum Trading Bot - INFO - Trading signal for AAPL: 0.3560 (source: quantum)
2025-04-04 14:00:52,177 - Quantum Trading Bot - INFO - HOLD signal for AAPL (score: 0.3560, source: quantum)
2025-04-04 14:00:52,181 - Quantum Trading Bot - INFO - Processing MSFT
2025-04-04 14:00:52,181 - Quantum Trading Bot - INFO - Mock halal compliance check for MSFT: COMPLIANT
2025-04-04 14:00:52,191 - Quantum Trading Bot - INFO - Quantum device error rate: 0.0309
2025-04-04 14:00:52,194 - Quantum Trading Bot - INFO - Quantum prediction for MSFT: 0.3010 (confidence: 0.9691)
2025-04-04 14:00:52,194 - Quantum Trading Bot - INFO - Trading signal for MSFT: 0.3010 (source: quantum)
2025-04-04 14:00:52,194 - Quantum Trading Bot - INFO - HOLD signal for MSFT (score: 0.3010, source: quantum)
2025-04-04 14:00:52,197 - Quantum Trading Bot - INFO - Processing NVDA
2025-04-04 14:00:52,197 - Quantum Trading Bot - INFO - Mock halal compliance check for NVDA: COMPLIANT
2025-04-04 14:00:52,205 - Quantum Trading Bot - INFO - Quantum device error rate: 0.0345
2025-04-04 14:00:52,208 - Quantum Trading Bot - INFO - Quantum prediction for NVDA: 0.4150 (confidence: 0.7724)
2025-04-04 14:00:52,208 - Quantum Trading Bot - INFO - Trading signal for NVDA: 0.4150 (source: quantum)
2025-04-04 14:00:52,208 - Quantum Trading Bot - INFO - HOLD signal for NVDA (score: 0.4150, source: quantum)
2025-04-04 14:00:52,216 - Quantum Trading Bot - INFO - Performance metrics saved: 40/72 winning trades
2025-04-04 14:00:52,217 - Quantum Trading Bot - INFO - Quantum prediction accuracy: 0.00
2025-04-04 14:00:52,217 - Quantum Trading Bot - INFO - Sleeping for 60 seconds
2025-04-04 14:32:00,050 - Trading System - INFO - Trading Bot is alive: True
2025-04-04 14:32:00,052 - Trading System - INFO - Monitor Bot is alive: True
2025-04-04 14:32:00,052 - Trading System - INFO - Improvement Bot is alive: True
2025-04-04 14:32:10,004 - Quantum Trading Bot - INFO - Starting trading cycle
2025-04-04 14:32:10,005 - Quantum Trading Bot - INFO - Processing AAPL
2025-04-04 14:32:10,005 - Quantum Trading Bot - INFO - Mock halal compliance check for AAPL: COMPLIANT
2025-04-04 14:32:10,024 - Quantum Trading Bot - INFO - Quantum device error rate: 0.0522
2025-04-04 14:32:10,036 - Quantum Trading Bot - INFO - Quantum prediction for AAPL: 0.5705 (confidence: 0.7582)
2025-04-04 14:32:10,036 - Quantum Trading Bot - INFO - Trading signal for AAPL: 0.5705 (source: quantum)
2025-04-04 14:32:10,036 - Quantum Trading Bot - INFO - HOLD signal for AAPL (score: 0.5705, source: quantum)
2025-04-04 14:32:10,039 - Quantum Trading Bot - INFO - Processing MSFT
2025-04-04 14:32:10,039 - Quantum Trading Bot - INFO - Mock halal compliance check for MSFT: COMPLIANT
2025-04-04 14:32:10,048 - Quantum Trading Bot - INFO - Quantum device error rate: 0.0351
2025-04-04 14:32:10,051 - Quantum Trading Bot - INFO - Quantum prediction for MSFT: 0.3710 (confidence: 0.9649)
2025-04-04 14:32:10,051 - Quantum Trading Bot - INFO - Trading signal for MSFT: 0.3710 (source: quantum)
2025-04-04 14:32:10,051 - Quantum Trading Bot - INFO - HOLD signal for MSFT (score: 0.3710, source: quantum)
2025-04-04 14:32:10,053 - Quantum Trading Bot - INFO - Processing NVDA
2025-04-04 14:32:10,053 - Quantum Trading Bot - INFO - Mock halal compliance check for NVDA: COMPLIANT
2025-04-04 14:32:10,061 - Quantum Trading Bot - INFO - Quantum device error rate: 0.0339
2025-04-04 14:32:10,064 - Quantum Trading Bot - INFO - Quantum prediction for NVDA: 0.4860 (confidence: 0.7729)
2025-04-04 14:32:10,064 - Quantum Trading Bot - INFO - Trading signal for NVDA: 0.4860 (source: quantum)
2025-04-04 14:32:10,064 - Quantum Trading Bot - INFO - HOLD signal for NVDA (score: 0.4860, source: quantum)
2025-04-04 14:32:10,072 - Quantum Trading Bot - INFO - Performance metrics saved: 40/72 winning trades
2025-04-04 14:32:10,072 - Quantum Trading Bot - INFO - Quantum prediction accuracy: 0.00
2025-04-04 14:32:10,072 - Quantum Trading Bot - INFO - Sleeping for 60 seconds
2025-04-04 14:37:36,400 - Trading System - INFO - Trading Bot is alive: True
2025-04-04 14:37:36,402 - Trading System - INFO - Monitor Bot is alive: True
2025-04-04 14:37:36,402 - Trading System - INFO - Improvement Bot is alive: True
2025-04-04 14:37:46,416 - Quantum Trading Bot - INFO - Starting trading cycle
2025-04-04 14:37:46,416 - Quantum Trading Bot - INFO - Processing AAPL
2025-04-04 14:37:46,416 - Quantum Trading Bot - INFO - Mock halal compliance check for AAPL: COMPLIANT
2025-04-04 14:37:46,442 - Quantum Trading Bot - INFO - Quantum device error rate: 0.0219
2025-04-04 14:37:46,447 - Quantum Trading Bot - INFO - Quantum prediction for AAPL: 0.1080 (confidence: 0.9781)
2025-04-04 14:37:46,447 - Quantum Trading Bot - INFO - Trading signal for AAPL: 0.1080 (source: quantum)
2025-04-04 14:37:46,447 - Quantum Trading Bot - INFO - SELL signal for AAPL (score: 0.1080, source: quantum)
2025-04-04 14:37:46,449 - Quantum Trading Bot - WARNING - Cannot sell AAPL - no position
2025-04-04 14:37:46,452 - Quantum Trading Bot - INFO - Processing MSFT
2025-04-04 14:37:46,452 - Quantum Trading Bot - INFO - Mock halal compliance check for MSFT: COMPLIANT
2025-04-04 14:37:46,463 - Quantum Trading Bot - INFO - Quantum device error rate: 0.0261
2025-04-04 14:37:46,466 - Quantum Trading Bot - INFO - Quantum prediction for MSFT: 0.4560 (confidence: 0.7791)
2025-04-04 14:37:46,466 - Quantum Trading Bot - INFO - Trading signal for MSFT: 0.4560 (source: quantum)
2025-04-04 14:37:46,466 - Quantum Trading Bot - INFO - HOLD signal for MSFT (score: 0.4560, source: quantum)
2025-04-04 14:37:46,469 - Quantum Trading Bot - INFO - Processing NVDA
2025-04-04 14:37:46,469 - Quantum Trading Bot - INFO - Mock halal compliance check for NVDA: COMPLIANT
2025-04-04 14:37:46,477 - Quantum Trading Bot - INFO - Quantum device error rate: 0.0399
2025-04-04 14:37:46,480 - Quantum Trading Bot - INFO - Quantum prediction for NVDA: 0.1860 (confidence: 0.9601)
2025-04-04 14:37:46,480 - Quantum Trading Bot - INFO - Trading signal for NVDA: 0.1860 (source: quantum)
2025-04-04 14:37:46,480 - Quantum Trading Bot - INFO - SELL signal for NVDA (score: 0.1860, source: quantum)
2025-04-04 14:37:46,481 - Quantum Trading Bot - WARNING - Cannot sell NVDA - no position
2025-04-04 14:37:46,489 - Quantum Trading Bot - INFO - Performance metrics saved: 40/72 winning trades
2025-04-04 14:37:46,489 - Quantum Trading Bot - INFO - Quantum prediction accuracy: 0.00
2025-04-04 14:37:46,489 - Quantum Trading Bot - INFO - Sleeping for 60 seconds
2025-04-04 14:46:24,691 - Trading System - INFO - Trading Bot is alive: True
2025-04-04 14:46:24,693 - Trading System - INFO - Monitor Bot is alive: True
2025-04-04 14:46:24,693 - Trading System - INFO - Improvement Bot is alive: True
2025-04-04 14:46:25,919 - Monitor Bot - INFO - Running scheduled task: Performance Metrics
2025-04-04 14:46:25,925 - Monitor Bot - INFO - === Performance Metrics ===
2025-04-04 14:46:25,925 - Monitor Bot - INFO - Date: 2025-04-04T14:37:46.483376
2025-04-04 14:46:25,925 - Monitor Bot - INFO - Total Trades: 72
2025-04-04 14:46:25,925 - Monitor Bot - INFO - Win Rate: 55.56%
2025-04-04 14:46:25,925 - Monitor Bot - INFO - Total Profit: $18.27
2025-04-04 14:46:25,925 - Monitor Bot - INFO - Average Profit per Trade: $0.25
2025-04-04 14:46:25,925 - Monitor Bot - INFO - Average Profit Percentage: 0.09%
2025-04-04 14:46:25,925 - Monitor Bot - INFO - Maximum Drawdown: 0.10%
2025-04-04 14:46:25,925 - Monitor Bot - INFO - Quantum Prediction Accuracy: 0.00%
2025-04-04 14:46:25,925 - Monitor Bot - INFO - ============================
2025-04-04 14:46:25,929 - Monitor Bot - INFO - Task Performance Metrics completed successfully
2025-04-04 14:46:34,779 - Quantum Trading Bot - INFO - Starting trading cycle
2025-04-04 14:46:34,779 - Quantum Trading Bot - INFO - Processing AAPL
2025-04-04 14:46:34,779 - Quantum Trading Bot - INFO - Mock halal compliance check for AAPL: COMPLIANT
2025-04-04 14:46:34,804 - Quantum Trading Bot - INFO - Quantum device error rate: 0.0381
2025-04-04 14:46:34,810 - Quantum Trading Bot - INFO - Quantum prediction for AAPL: 0.6150 (confidence: 0.9619)
2025-04-04 14:46:34,810 - Quantum Trading Bot - INFO - Trading signal for AAPL: 0.6150 (source: quantum)
2025-04-04 14:46:34,810 - Quantum Trading Bot - INFO - HOLD signal for AAPL (score: 0.6150, source: quantum)
2025-04-04 14:46:34,814 - Quantum Trading Bot - INFO - Processing MSFT
2025-04-04 14:46:34,814 - Quantum Trading Bot - INFO - Mock halal compliance check for MSFT: COMPLIANT
2025-04-04 14:46:34,824 - Quantum Trading Bot - INFO - Quantum device error rate: 0.0438
2025-04-04 14:46:34,828 - Quantum Trading Bot - INFO - Quantum prediction for MSFT: 0.3360 (confidence: 0.9562)
2025-04-04 14:46:34,828 - Quantum Trading Bot - INFO - Trading signal for MSFT: 0.3360 (source: quantum)
2025-04-04 14:46:34,828 - Quantum Trading Bot - INFO - HOLD signal for MSFT (score: 0.3360, source: quantum)
2025-04-04 14:46:34,831 - Quantum Trading Bot - INFO - Processing NVDA
2025-04-04 14:46:34,831 - Quantum Trading Bot - INFO - Mock halal compliance check for NVDA: COMPLIANT
2025-04-04 14:46:34,839 - Quantum Trading Bot - INFO - Quantum device error rate: 0.0309
2025-04-04 14:46:34,842 - Quantum Trading Bot - INFO - Quantum prediction for NVDA: 0.8710 (confidence: 0.9691)
2025-04-04 14:46:34,842 - Quantum Trading Bot - INFO - Trading signal for NVDA: 0.8710 (source: quantum)
2025-04-04 14:46:34,842 - Quantum Trading Bot - INFO - HOLD signal for NVDA (score: 0.8710, source: quantum)
2025-04-04 14:46:34,851 - Quantum Trading Bot - INFO - Performance metrics saved: 40/72 winning trades
2025-04-04 14:46:34,851 - Quantum Trading Bot - INFO - Quantum prediction accuracy: 0.00
2025-04-04 14:46:34,851 - Quantum Trading Bot - INFO - Sleeping for 60 seconds
2025-04-04 14:51:51,649 - Trading System - INFO - Trading Bot is alive: True
2025-04-04 14:51:51,651 - Trading System - INFO - Monitor Bot is alive: True
2025-04-04 14:51:51,651 - Trading System - INFO - Improvement Bot is alive: True
2025-04-04 14:52:01,807 - Quantum Trading Bot - INFO - Starting trading cycle
2025-04-04 14:52:01,808 - Quantum Trading Bot - INFO - Processing AAPL
2025-04-04 14:52:01,808 - Quantum Trading Bot - INFO - Mock halal compliance check for AAPL: COMPLIANT
2025-04-04 14:52:01,839 - Quantum Trading Bot - INFO - Quantum device error rate: 0.0354
2025-04-04 14:52:01,845 - Quantum Trading Bot - INFO - Quantum prediction for AAPL: 0.8740 (confidence: 0.9646)
2025-04-04 14:52:01,845 - Quantum Trading Bot - INFO - Trading signal for AAPL: 0.8740 (source: quantum)
2025-04-04 14:52:01,845 - Quantum Trading Bot - INFO - HOLD signal for AAPL (score: 0.8740, source: quantum)
2025-04-04 14:52:01,848 - Quantum Trading Bot - INFO - Processing MSFT
2025-04-04 14:52:01,848 - Quantum Trading Bot - INFO - Mock halal compliance check for MSFT: COMPLIANT
2025-04-04 14:52:01,858 - Quantum Trading Bot - INFO - Quantum device error rate: 0.0381
2025-04-04 14:52:01,862 - Quantum Trading Bot - INFO - Quantum prediction for MSFT: 0.0340 (confidence: 0.9619)
2025-04-04 14:52:01,862 - Quantum Trading Bot - INFO - Trading signal for MSFT: 0.0340 (source: quantum)
2025-04-04 14:52:01,862 - Quantum Trading Bot - INFO - SELL signal for MSFT (score: 0.0340, source: quantum)
2025-04-04 14:52:01,863 - Quantum Trading Bot - WARNING - Cannot sell MSFT - no position
2025-04-04 14:52:01,865 - Quantum Trading Bot - INFO - Processing NVDA
2025-04-04 14:52:01,865 - Quantum Trading Bot - INFO - Mock halal compliance check for NVDA: COMPLIANT
2025-04-04 14:52:01,873 - Quantum Trading Bot - INFO - Quantum device error rate: 0.0441
2025-04-04 14:52:01,876 - Quantum Trading Bot - INFO - Quantum prediction for NVDA: 0.1150 (confidence: 0.9559)
2025-04-04 14:52:01,876 - Quantum Trading Bot - INFO - Trading signal for NVDA: 0.1150 (source: quantum)
2025-04-04 14:52:01,876 - Quantum Trading Bot - INFO - SELL signal for NVDA (score: 0.1150, source: quantum)
2025-04-04 14:52:01,877 - Quantum Trading Bot - WARNING - Cannot sell NVDA - no position
2025-04-04 14:52:01,885 - Quantum Trading Bot - INFO - Performance metrics saved: 40/72 winning trades
2025-04-04 14:52:01,885 - Quantum Trading Bot - INFO - Quantum prediction accuracy: 0.00
2025-04-04 14:52:01,886 - Quantum Trading Bot - INFO - Sleeping for 60 seconds
2025-04-04 14:52:51,656 - Trading System - INFO - Trading Bot is alive: True
2025-04-04 14:52:51,658 - Trading System - INFO - Monitor Bot is alive: True
2025-04-04 14:52:51,658 - Trading System - INFO - Improvement Bot is alive: True
2025-04-04 14:53:01,892 - Quantum Trading Bot - INFO - Starting trading cycle
2025-04-04 14:53:01,893 - Quantum Trading Bot - INFO - Processing AAPL
2025-04-04 14:53:01,893 - Quantum Trading Bot - INFO - Mock halal compliance check for AAPL: COMPLIANT
2025-04-04 14:53:01,911 - Quantum Trading Bot - INFO - Quantum device error rate: 0.0402
2025-04-04 14:53:01,916 - Quantum Trading Bot - INFO - Quantum prediction for AAPL: 0.5670 (confidence: 0.7678)
2025-04-04 14:53:01,916 - Quantum Trading Bot - INFO - Trading signal for AAPL: 0.5670 (source: quantum)
2025-04-04 14:53:01,916 - Quantum Trading Bot - INFO - HOLD signal for AAPL (score: 0.5670, source: quantum)
2025-04-04 14:53:01,920 - Quantum Trading Bot - INFO - Processing MSFT
2025-04-04 14:53:01,920 - Quantum Trading Bot - INFO - Mock halal compliance check for MSFT: COMPLIANT
2025-04-04 14:53:01,929 - Quantum Trading Bot - INFO - Quantum device error rate: 0.0360
2025-04-04 14:53:01,932 - Quantum Trading Bot - INFO - Quantum prediction for MSFT: 0.6020 (confidence: 0.9640)
2025-04-04 14:53:01,932 - Quantum Trading Bot - INFO - Trading signal for MSFT: 0.6020 (source: quantum)
2025-04-04 14:53:01,932 - Quantum Trading Bot - INFO - HOLD signal for MSFT (score: 0.6020, source: quantum)
2025-04-04 14:53:01,935 - Quantum Trading Bot - INFO - Processing NVDA
2025-04-04 14:53:01,935 - Quantum Trading Bot - INFO - Mock halal compliance check for NVDA: COMPLIANT
2025-04-04 14:53:01,943 - Quantum Trading Bot - INFO - Quantum device error rate: 0.0315
2025-04-04 14:53:01,946 - Quantum Trading Bot - INFO - Quantum prediction for NVDA: 0.7440 (confidence: 0.9685)
2025-04-04 14:53:01,946 - Quantum Trading Bot - INFO - Trading signal for NVDA: 0.7440 (source: quantum)
2025-04-04 14:53:01,946 - Quantum Trading Bot - INFO - HOLD signal for NVDA (score: 0.7440, source: quantum)
2025-04-04 14:53:01,954 - Quantum Trading Bot - INFO - Performance metrics saved: 40/72 winning trades
2025-04-04 14:53:01,954 - Quantum Trading Bot - INFO - Quantum prediction accuracy: 0.00
2025-04-04 14:53:01,954 - Quantum Trading Bot - INFO - Sleeping for 60 seconds
2025-04-04 14:53:51,660 - Trading System - INFO - Trading Bot is alive: True
2025-04-04 14:53:51,662 - Trading System - INFO - Monitor Bot is alive: True
2025-04-04 14:53:51,662 - Trading System - INFO - Improvement Bot is alive: True
2025-04-04 14:54:01,960 - Quantum Trading Bot - INFO - Starting trading cycle
2025-04-04 14:54:01,960 - Quantum Trading Bot - INFO - Processing AAPL
2025-04-04 14:54:01,961 - Quantum Trading Bot - INFO - Mock halal compliance check for AAPL: COMPLIANT
2025-04-04 14:54:01,985 - Quantum Trading Bot - INFO - Quantum device error rate: 0.0471
2025-04-04 14:54:01,991 - Quantum Trading Bot - INFO - Quantum prediction for AAPL: 0.4550 (confidence: 0.7623)
2025-04-04 14:54:01,991 - Quantum Trading Bot - INFO - Trading signal for AAPL: 0.4550 (source: quantum)
2025-04-04 14:54:01,991 - Quantum Trading Bot - INFO - HOLD signal for AAPL (score: 0.4550, source: quantum)
2025-04-04 14:54:01,995 - Quantum Trading Bot - INFO - Processing MSFT
2025-04-04 14:54:01,995 - Quantum Trading Bot - INFO - Mock halal compliance check for MSFT: COMPLIANT
2025-04-04 14:54:02,006 - Quantum Trading Bot - INFO - Quantum device error rate: 0.0333
2025-04-04 14:54:02,009 - Quantum Trading Bot - INFO - Quantum prediction for MSFT: 0.3180 (confidence: 0.9667)
2025-04-04 14:54:02,010 - Quantum Trading Bot - INFO - Trading signal for MSFT: 0.3180 (source: quantum)
2025-04-04 14:54:02,010 - Quantum Trading Bot - INFO - HOLD signal for MSFT (score: 0.3180, source: quantum)
2025-04-04 14:54:02,012 - Quantum Trading Bot - INFO - Processing NVDA
2025-04-04 14:54:02,012 - Quantum Trading Bot - INFO - Mock halal compliance check for NVDA: COMPLIANT
2025-04-04 14:54:02,021 - Quantum Trading Bot - INFO - Quantum device error rate: 0.0480
2025-04-04 14:54:02,024 - Quantum Trading Bot - INFO - Quantum prediction for NVDA: 0.3850 (confidence: 0.9520)
2025-04-04 14:54:02,024 - Quantum Trading Bot - INFO - Trading signal for NVDA: 0.3850 (source: quantum)
2025-04-04 14:54:02,024 - Quantum Trading Bot - INFO - HOLD signal for NVDA (score: 0.3850, source: quantum)
2025-04-04 14:54:02,033 - Quantum Trading Bot - INFO - Performance metrics saved: 40/72 winning trades
2025-04-04 14:54:02,033 - Quantum Trading Bot - INFO - Quantum prediction accuracy: 0.00
2025-04-04 14:54:02,033 - Quantum Trading Bot - INFO - Sleeping for 60 seconds
2025-04-04 14:54:51,667 - Trading System - INFO - Trading Bot is alive: True
2025-04-04 14:54:51,669 - Trading System - INFO - Monitor Bot is alive: True
2025-04-04 14:54:51,669 - Trading System - INFO - Improvement Bot is alive: True
2025-04-04 14:55:02,037 - Quantum Trading Bot - INFO - Starting trading cycle
2025-04-04 14:55:02,037 - Quantum Trading Bot - INFO - Processing AAPL
2025-04-04 14:55:02,037 - Quantum Trading Bot - INFO - Mock halal compliance check for AAPL: COMPLIANT
2025-04-04 14:55:02,064 - Quantum Trading Bot - INFO - Quantum device error rate: 0.0360
2025-04-04 14:55:02,072 - Quantum Trading Bot - INFO - Quantum prediction for AAPL: 0.7100 (confidence: 0.9640)
2025-04-04 14:55:02,072 - Quantum Trading Bot - INFO - Trading signal for AAPL: 0.7100 (source: quantum)
2025-04-04 14:55:02,072 - Quantum Trading Bot - INFO - HOLD signal for AAPL (score: 0.7100, source: quantum)
2025-04-04 14:55:02,075 - Quantum Trading Bot - INFO - Processing MSFT
2025-04-04 14:55:02,075 - Quantum Trading Bot - INFO - Mock halal compliance check for MSFT: COMPLIANT
2025-04-04 14:55:02,087 - Quantum Trading Bot - INFO - Quantum device error rate: 0.0417
2025-04-04 14:55:02,091 - Quantum Trading Bot - INFO - Quantum prediction for MSFT: 0.4670 (confidence: 0.7666)
2025-04-04 14:55:02,092 - Quantum Trading Bot - INFO - Trading signal for MSFT: 0.4670 (source: quantum)
2025-04-04 14:55:02,092 - Quantum Trading Bot - INFO - HOLD signal for MSFT (score: 0.4670, source: quantum)
2025-04-04 14:55:02,094 - Quantum Trading Bot - INFO - Processing NVDA
2025-04-04 14:55:02,094 - Quantum Trading Bot - INFO - Mock halal compliance check for NVDA: COMPLIANT
2025-04-04 14:55:02,103 - Quantum Trading Bot - INFO - Quantum device error rate: 0.0537
2025-04-04 14:55:02,113 - Quantum Trading Bot - INFO - Quantum prediction for NVDA: 0.5977 (confidence: 0.7570)
2025-04-04 14:55:02,113 - Quantum Trading Bot - INFO - Trading signal for NVDA: 0.5977 (source: quantum)
2025-04-04 14:55:02,113 - Quantum Trading Bot - INFO - HOLD signal for NVDA (score: 0.5977, source: quantum)
2025-04-04 14:55:02,122 - Quantum Trading Bot - INFO - Performance metrics saved: 40/72 winning trades
2025-04-04 14:55:02,122 - Quantum Trading Bot - INFO - Quantum prediction accuracy: 0.00
2025-04-04 14:55:02,122 - Quantum Trading Bot - INFO - Sleeping for 60 seconds
2025-04-04 14:55:51,675 - Trading System - INFO - Trading Bot is alive: True
2025-04-04 14:55:51,677 - Trading System - INFO - Monitor Bot is alive: True
2025-04-04 14:55:51,677 - Trading System - INFO - Improvement Bot is alive: True
2025-04-04 14:56:02,127 - Quantum Trading Bot - INFO - Starting trading cycle
2025-04-04 14:56:02,128 - Quantum Trading Bot - INFO - Processing AAPL
2025-04-04 14:56:02,128 - Quantum Trading Bot - INFO - Mock halal compliance check for AAPL: COMPLIANT
2025-04-04 14:56:02,151 - Quantum Trading Bot - INFO - Quantum device error rate: 0.0342
2025-04-04 14:56:02,157 - Quantum Trading Bot - INFO - Quantum prediction for AAPL: 0.6280 (confidence: 0.9658)
2025-04-04 14:56:02,157 - Quantum Trading Bot - INFO - Trading signal for AAPL: 0.6280 (source: quantum)
2025-04-04 14:56:02,157 - Quantum Trading Bot - INFO - HOLD signal for AAPL (score: 0.6280, source: quantum)
2025-04-04 14:56:02,160 - Quantum Trading Bot - INFO - Processing MSFT
2025-04-04 14:56:02,160 - Quantum Trading Bot - INFO - Mock halal compliance check for MSFT: COMPLIANT
2025-04-04 14:56:02,170 - Quantum Trading Bot - INFO - Quantum device error rate: 0.0411
2025-04-04 14:56:02,174 - Quantum Trading Bot - INFO - Quantum prediction for MSFT: 0.2640 (confidence: 0.9589)
2025-04-04 14:56:02,174 - Quantum Trading Bot - INFO - Trading signal for MSFT: 0.2640 (source: quantum)
2025-04-04 14:56:02,174 - Quantum Trading Bot - INFO - SELL signal for MSFT (score: 0.2640, source: quantum)
2025-04-04 14:56:02,175 - Quantum Trading Bot - WARNING - Cannot sell MSFT - no position
2025-04-04 14:56:02,177 - Quantum Trading Bot - INFO - Processing NVDA
2025-04-04 14:56:02,177 - Quantum Trading Bot - INFO - Mock halal compliance check for NVDA: COMPLIANT
2025-04-04 14:56:02,185 - Quantum Trading Bot - INFO - Quantum device error rate: 0.0255
2025-04-04 14:56:02,188 - Quantum Trading Bot - INFO - Quantum prediction for NVDA: 0.4090 (confidence: 0.7796)
2025-04-04 14:56:02,188 - Quantum Trading Bot - INFO - Trading signal for NVDA: 0.4090 (source: quantum)
2025-04-04 14:56:02,188 - Quantum Trading Bot - INFO - HOLD signal for NVDA (score: 0.4090, source: quantum)
2025-04-04 14:56:02,197 - Quantum Trading Bot - INFO - Performance metrics saved: 40/72 winning trades
2025-04-04 14:56:02,197 - Quantum Trading Bot - INFO - Quantum prediction accuracy: 0.00
2025-04-04 14:56:02,197 - Quantum Trading Bot - INFO - Sleeping for 60 seconds
2025-04-04 14:56:51,678 - Trading System - INFO - Trading Bot is alive: True
2025-04-04 14:56:51,680 - Trading System - INFO - Monitor Bot is alive: True
2025-04-04 14:56:51,680 - Trading System - INFO - Improvement Bot is alive: True
2025-04-04 14:57:02,203 - Quantum Trading Bot - INFO - Starting trading cycle
2025-04-04 14:57:02,203 - Quantum Trading Bot - INFO - Processing AAPL
2025-04-04 14:57:02,204 - Quantum Trading Bot - INFO - Mock halal compliance check for AAPL: COMPLIANT
2025-04-04 14:57:02,228 - Quantum Trading Bot - INFO - Quantum device error rate: 0.0318
2025-04-04 14:57:02,235 - Quantum Trading Bot - INFO - Quantum prediction for AAPL: 0.6260 (confidence: 0.9682)
2025-04-04 14:57:02,235 - Quantum Trading Bot - INFO - Trading signal for AAPL: 0.6260 (source: quantum)
2025-04-04 14:57:02,235 - Quantum Trading Bot - INFO - HOLD signal for AAPL (score: 0.6260, source: quantum)
2025-04-04 14:57:02,239 - Quantum Trading Bot - INFO - Processing MSFT
2025-04-04 14:57:02,239 - Quantum Trading Bot - INFO - Mock halal compliance check for MSFT: COMPLIANT
2025-04-04 14:57:02,250 - Quantum Trading Bot - INFO - Quantum device error rate: 0.0432
2025-04-04 14:57:02,253 - Quantum Trading Bot - INFO - Quantum prediction for MSFT: 0.2480 (confidence: 0.9568)
2025-04-04 14:57:02,253 - Quantum Trading Bot - INFO - Trading signal for MSFT: 0.2480 (source: quantum)
2025-04-04 14:57:02,253 - Quantum Trading Bot - INFO - SELL signal for MSFT (score: 0.2480, source: quantum)
2025-04-04 14:57:02,254 - Quantum Trading Bot - WARNING - Cannot sell MSFT - no position
2025-04-04 14:57:02,257 - Quantum Trading Bot - INFO - Processing NVDA
2025-04-04 14:57:02,257 - Quantum Trading Bot - INFO - Mock halal compliance check for NVDA: COMPLIANT
2025-04-04 14:57:02,265 - Quantum Trading Bot - INFO - Quantum device error rate: 0.0336
2025-04-04 14:57:02,268 - Quantum Trading Bot - INFO - Quantum prediction for NVDA: 0.2240 (confidence: 0.9664)
2025-04-04 14:57:02,268 - Quantum Trading Bot - INFO - Trading signal for NVDA: 0.2240 (source: quantum)
2025-04-04 14:57:02,268 - Quantum Trading Bot - INFO - SELL signal for NVDA (score: 0.2240, source: quantum)
2025-04-04 14:57:02,269 - Quantum Trading Bot - WARNING - Cannot sell NVDA - no position
2025-04-04 14:57:02,278 - Quantum Trading Bot - INFO - Performance metrics saved: 40/72 winning trades
2025-04-04 14:57:02,278 - Quantum Trading Bot - INFO - Quantum prediction accuracy: 0.00
2025-04-04 14:57:02,278 - Quantum Trading Bot - INFO - Sleeping for 60 seconds
2025-04-04 14:57:51,685 - Trading System - INFO - Trading Bot is alive: True
2025-04-04 14:57:51,687 - Trading System - INFO - Monitor Bot is alive: True
2025-04-04 14:57:51,688 - Trading System - INFO - Improvement Bot is alive: True
2025-04-04 14:58:02,283 - Quantum Trading Bot - INFO - Starting trading cycle
2025-04-04 14:58:02,284 - Quantum Trading Bot - INFO - Processing AAPL
2025-04-04 14:58:02,284 - Quantum Trading Bot - INFO - Mock halal compliance check for AAPL: COMPLIANT
2025-04-04 14:58:02,312 - Quantum Trading Bot - INFO - Quantum device error rate: 0.0360
2025-04-04 14:58:02,319 - Quantum Trading Bot - INFO - Quantum prediction for AAPL: 0.2220 (confidence: 0.9640)
2025-04-04 14:58:02,319 - Quantum Trading Bot - INFO - Trading signal for AAPL: 0.2220 (source: quantum)
2025-04-04 14:58:02,319 - Quantum Trading Bot - INFO - SELL signal for AAPL (score: 0.2220, source: quantum)
2025-04-04 14:58:02,320 - Quantum Trading Bot - WARNING - Cannot sell AAPL - no position
2025-04-04 14:58:02,324 - Quantum Trading Bot - INFO - Processing MSFT
2025-04-04 14:58:02,324 - Quantum Trading Bot - INFO - Mock halal compliance check for MSFT: COMPLIANT
2025-04-04 14:58:02,335 - Quantum Trading Bot - INFO - Quantum device error rate: 0.0417
2025-04-04 14:58:02,338 - Quantum Trading Bot - INFO - Quantum prediction for MSFT: 0.4780 (confidence: 0.7666)
2025-04-04 14:58:02,338 - Quantum Trading Bot - INFO - Trading signal for MSFT: 0.4780 (source: quantum)
2025-04-04 14:58:02,338 - Quantum Trading Bot - INFO - HOLD signal for MSFT (score: 0.4780, source: quantum)
2025-04-04 14:58:02,341 - Quantum Trading Bot - INFO - Processing NVDA
2025-04-04 14:58:02,341 - Quantum Trading Bot - INFO - Mock halal compliance check for NVDA: COMPLIANT
2025-04-04 14:58:02,349 - Quantum Trading Bot - INFO - Quantum device error rate: 0.0273
2025-04-04 14:58:02,352 - Quantum Trading Bot - INFO - Quantum prediction for NVDA: 0.6890 (confidence: 0.9727)
2025-04-04 14:58:02,352 - Quantum Trading Bot - INFO - Trading signal for NVDA: 0.6890 (source: quantum)
2025-04-04 14:58:02,352 - Quantum Trading Bot - INFO - HOLD signal for NVDA (score: 0.6890, source: quantum)
2025-04-04 14:58:02,361 - Quantum Trading Bot - INFO - Performance metrics saved: 40/72 winning trades
2025-04-04 14:58:02,361 - Quantum Trading Bot - INFO - Quantum prediction accuracy: 0.00
2025-04-04 14:58:02,361 - Quantum Trading Bot - INFO - Sleeping for 60 seconds
2025-04-04 14:58:51,692 - Trading System - INFO - Trading Bot is alive: True
2025-04-04 14:58:51,693 - Trading System - INFO - Monitor Bot is alive: True
2025-04-04 14:58:51,693 - Trading System - INFO - Improvement Bot is alive: True
2025-04-04 14:59:02,367 - Quantum Trading Bot - INFO - Starting trading cycle
2025-04-04 14:59:02,368 - Quantum Trading Bot - INFO - Processing AAPL
2025-04-04 14:59:02,368 - Quantum Trading Bot - INFO - Mock halal compliance check for AAPL: COMPLIANT
2025-04-04 14:59:02,388 - Quantum Trading Bot - INFO - Quantum device error rate: 0.0300
2025-04-04 14:59:02,394 - Quantum Trading Bot - INFO - Quantum prediction for AAPL: 0.1450 (confidence: 0.9700)
2025-04-04 14:59:02,394 - Quantum Trading Bot - INFO - Trading signal for AAPL: 0.1450 (source: quantum)
2025-04-04 14:59:02,394 - Quantum Trading Bot - INFO - SELL signal for AAPL (score: 0.1450, source: quantum)
2025-04-04 14:59:02,395 - Quantum Trading Bot - WARNING - Cannot sell AAPL - no position
2025-04-04 14:59:02,398 - Quantum Trading Bot - INFO - Processing MSFT
2025-04-04 14:59:02,398 - Quantum Trading Bot - INFO - Mock halal compliance check for MSFT: COMPLIANT
2025-04-04 14:59:02,408 - Quantum Trading Bot - INFO - Quantum device error rate: 0.0456
2025-04-04 14:59:02,411 - Quantum Trading Bot - INFO - Quantum prediction for MSFT: 0.3970 (confidence: 0.9544)
2025-04-04 14:59:02,411 - Quantum Trading Bot - INFO - Trading signal for MSFT: 0.3970 (source: quantum)
2025-04-04 14:59:02,412 - Quantum Trading Bot - INFO - HOLD signal for MSFT (score: 0.3970, source: quantum)
2025-04-04 14:59:02,414 - Quantum Trading Bot - INFO - Processing NVDA
2025-04-04 14:59:02,414 - Quantum Trading Bot - INFO - Mock halal compliance check for NVDA: COMPLIANT
2025-04-04 14:59:02,423 - Quantum Trading Bot - INFO - Quantum device error rate: 0.0360
2025-04-04 14:59:02,426 - Quantum Trading Bot - INFO - Quantum prediction for NVDA: 0.5940 (confidence: 0.7712)
2025-04-04 14:59:02,426 - Quantum Trading Bot - INFO - Trading signal for NVDA: 0.5940 (source: quantum)
2025-04-04 14:59:02,426 - Quantum Trading Bot - INFO - HOLD signal for NVDA (score: 0.5940, source: quantum)
2025-04-04 14:59:02,435 - Quantum Trading Bot - INFO - Performance metrics saved: 40/72 winning trades
2025-04-04 14:59:02,435 - Quantum Trading Bot - INFO - Quantum prediction accuracy: 0.00
2025-04-04 14:59:02,435 - Quantum Trading Bot - INFO - Sleeping for 60 seconds
2025-04-04 14:59:51,699 - Trading System - INFO - Trading Bot is alive: True
2025-04-04 14:59:51,701 - Trading System - INFO - Monitor Bot is alive: True
2025-04-04 14:59:51,701 - Trading System - INFO - Improvement Bot is alive: True
2025-04-04 15:00:02,440 - Quantum Trading Bot - INFO - Starting trading cycle
2025-04-04 15:00:02,441 - Quantum Trading Bot - INFO - Processing AAPL
2025-04-04 15:00:02,441 - Quantum Trading Bot - INFO - Mock halal compliance check for AAPL: COMPLIANT
2025-04-04 15:00:02,462 - Quantum Trading Bot - INFO - Quantum device error rate: 0.0387
2025-04-04 15:00:02,468 - Quantum Trading Bot - INFO - Quantum prediction for AAPL: 0.7070 (confidence: 0.9613)
2025-04-04 15:00:02,469 - Quantum Trading Bot - INFO - Trading signal for AAPL: 0.7070 (source: quantum)
2025-04-04 15:00:02,469 - Quantum Trading Bot - INFO - HOLD signal for AAPL (score: 0.7070, source: quantum)
2025-04-04 15:00:02,472 - Quantum Trading Bot - INFO - Processing MSFT
2025-04-04 15:00:02,472 - Quantum Trading Bot - INFO - Mock halal compliance check for MSFT: COMPLIANT
2025-04-04 15:00:02,482 - Quantum Trading Bot - INFO - Quantum device error rate: 0.0219
2025-04-04 15:00:02,486 - Quantum Trading Bot - INFO - Quantum prediction for MSFT: 0.8180 (confidence: 0.9781)
2025-04-04 15:00:02,486 - Quantum Trading Bot - INFO - Trading signal for MSFT: 0.8180 (source: quantum)
2025-04-04 15:00:02,486 - Quantum Trading Bot - INFO - HOLD signal for MSFT (score: 0.8180, source: quantum)
2025-04-04 15:00:02,489 - Quantum Trading Bot - INFO - Processing NVDA
2025-04-04 15:00:02,489 - Quantum Trading Bot - INFO - Mock halal compliance check for NVDA: COMPLIANT
2025-04-04 15:00:02,498 - Quantum Trading Bot - INFO - Quantum device error rate: 0.0300
2025-04-04 15:00:02,501 - Quantum Trading Bot - INFO - Quantum prediction for NVDA: 0.6300 (confidence: 0.9700)
2025-04-04 15:00:02,501 - Quantum Trading Bot - INFO - Trading signal for NVDA: 0.6300 (source: quantum)
2025-04-04 15:00:02,501 - Quantum Trading Bot - INFO - HOLD signal for NVDA (score: 0.6300, source: quantum)
2025-04-04 15:00:02,510 - Quantum Trading Bot - INFO - Performance metrics saved: 40/72 winning trades
2025-04-04 15:00:02,510 - Quantum Trading Bot - INFO - Quantum prediction accuracy: 0.00
2025-04-04 15:00:02,510 - Quantum Trading Bot - INFO - Sleeping for 60 seconds
2025-04-04 15:00:51,702 - Trading System - INFO - Trading Bot is alive: True
2025-04-04 15:00:51,704 - Trading System - INFO - Monitor Bot is alive: True
2025-04-04 15:00:51,704 - Trading System - INFO - Improvement Bot is alive: True
2025-04-04 15:01:02,516 - Quantum Trading Bot - INFO - Starting trading cycle
2025-04-04 15:01:02,517 - Quantum Trading Bot - INFO - Processing AAPL
2025-04-04 15:01:02,517 - Quantum Trading Bot - INFO - Mock halal compliance check for AAPL: COMPLIANT
2025-04-04 15:01:02,542 - Quantum Trading Bot - INFO - Quantum device error rate: 0.0360
2025-04-04 15:01:02,548 - Quantum Trading Bot - INFO - Quantum prediction for AAPL: 0.4770 (confidence: 0.7712)
2025-04-04 15:01:02,549 - Quantum Trading Bot - INFO - Trading signal for AAPL: 0.4770 (source: quantum)
2025-04-04 15:01:02,549 - Quantum Trading Bot - INFO - HOLD signal for AAPL (score: 0.4770, source: quantum)
2025-04-04 15:01:02,553 - Quantum Trading Bot - INFO - Processing MSFT
2025-04-04 15:01:02,553 - Quantum Trading Bot - INFO - Mock halal compliance check for MSFT: COMPLIANT
2025-04-04 15:01:02,564 - Quantum Trading Bot - INFO - Quantum device error rate: 0.0585
2025-04-04 15:01:02,573 - Quantum Trading Bot - INFO - Quantum prediction for MSFT: 0.5350 (confidence: 0.7532)
2025-04-04 15:01:02,573 - Quantum Trading Bot - INFO - Trading signal for MSFT: 0.5350 (source: quantum)
2025-04-04 15:01:02,573 - Quantum Trading Bot - INFO - HOLD signal for MSFT (score: 0.5350, source: quantum)
2025-04-04 15:01:02,576 - Quantum Trading Bot - INFO - Processing NVDA
2025-04-04 15:01:02,576 - Quantum Trading Bot - INFO - Mock halal compliance check for NVDA: COMPLIANT
2025-04-04 15:01:02,584 - Quantum Trading Bot - INFO - Quantum device error rate: 0.0348
2025-04-04 15:01:02,587 - Quantum Trading Bot - INFO - Quantum prediction for NVDA: 0.0710 (confidence: 0.9652)
2025-04-04 15:01:02,587 - Quantum Trading Bot - INFO - Trading signal for NVDA: 0.0710 (source: quantum)
2025-04-04 15:01:02,587 - Quantum Trading Bot - INFO - SELL signal for NVDA (score: 0.0710, source: quantum)
2025-04-04 15:01:02,588 - Quantum Trading Bot - WARNING - Cannot sell NVDA - no position
2025-04-04 15:01:02,596 - Quantum Trading Bot - INFO - Performance metrics saved: 40/72 winning trades
2025-04-04 15:01:02,597 - Quantum Trading Bot - INFO - Quantum prediction accuracy: 0.00
2025-04-04 15:01:02,607 - Quantum Trading Bot - INFO - Quantum device error rate: 0.0294
2025-04-04 15:01:02,609 - Quantum Trading Bot - INFO - Quantum portfolio optimization complete: {'AAPL': np.float64(0.3313333333333333), 'MSFT': np.float64(0.324), 'NVDA': np.float64(0.3446666666666667)}
2025-04-04 15:01:02,609 - Quantum Trading Bot - INFO - Optimal portfolio weights: {'AAPL': np.float64(0.3313333333333333), 'MSFT': np.float64(0.324), 'NVDA': np.float64(0.3446666666666667)}
2025-04-04 15:01:02,610 - Quantum Trading Bot - INFO - Sleeping for 60 seconds
2025-04-04 15:01:51,707 - Trading System - INFO - Trading Bot is alive: True
2025-04-04 15:01:51,709 - Trading System - INFO - Monitor Bot is alive: True
2025-04-04 15:01:51,709 - Trading System - INFO - Improvement Bot is alive: True
2025-04-04 15:02:02,615 - Quantum Trading Bot - INFO - Starting trading cycle
2025-04-04 15:02:02,615 - Quantum Trading Bot - INFO - Processing AAPL
2025-04-04 15:02:02,615 - Quantum Trading Bot - INFO - Mock halal compliance check for AAPL: COMPLIANT
2025-04-04 15:02:02,635 - Quantum Trading Bot - INFO - Quantum device error rate: 0.0495
2025-04-04 15:02:02,640 - Quantum Trading Bot - INFO - Quantum prediction for AAPL: 0.9200 (confidence: 0.9505)
2025-04-04 15:02:02,640 - Quantum Trading Bot - INFO - Trading signal for AAPL: 0.9200 (source: quantum)
2025-04-04 15:02:02,641 - Quantum Trading Bot - INFO - HOLD signal for AAPL (score: 0.9200, source: quantum)
2025-04-04 15:02:02,644 - Quantum Trading Bot - INFO - Processing MSFT
2025-04-04 15:02:02,644 - Quantum Trading Bot - INFO - Mock halal compliance check for MSFT: COMPLIANT
2025-04-04 15:02:02,654 - Quantum Trading Bot - INFO - Quantum device error rate: 0.0363
2025-04-04 15:02:02,658 - Quantum Trading Bot - INFO - Quantum prediction for MSFT: 0.1970 (confidence: 0.9637)
2025-04-04 15:02:02,658 - Quantum Trading Bot - INFO - Trading signal for MSFT: 0.1970 (source: quantum)
2025-04-04 15:02:02,658 - Quantum Trading Bot - INFO - SELL signal for MSFT (score: 0.1970, source: quantum)
2025-04-04 15:02:02,659 - Quantum Trading Bot - WARNING - Cannot sell MSFT - no position
2025-04-04 15:02:02,661 - Quantum Trading Bot - INFO - Processing NVDA
2025-04-04 15:02:02,661 - Quantum Trading Bot - INFO - Mock halal compliance check for NVDA: COMPLIANT
2025-04-04 15:02:02,669 - Quantum Trading Bot - INFO - Quantum device error rate: 0.0369
2025-04-04 15:02:02,673 - Quantum Trading Bot - INFO - Quantum prediction for NVDA: 0.7410 (confidence: 0.9631)
2025-04-04 15:02:02,673 - Quantum Trading Bot - INFO - Trading signal for NVDA: 0.7410 (source: quantum)
2025-04-04 15:02:02,673 - Quantum Trading Bot - INFO - HOLD signal for NVDA (score: 0.7410, source: quantum)
2025-04-04 15:02:02,682 - Quantum Trading Bot - INFO - Performance metrics saved: 40/72 winning trades
2025-04-04 15:02:02,682 - Quantum Trading Bot - INFO - Quantum prediction accuracy: 0.00
2025-04-04 15:02:02,682 - Quantum Trading Bot - INFO - Sleeping for 60 seconds
2025-04-04 15:02:51,712 - Trading System - INFO - Trading Bot is alive: True
2025-04-04 15:02:51,713 - Trading System - INFO - Monitor Bot is alive: True
2025-04-04 15:02:51,713 - Trading System - INFO - Improvement Bot is alive: True
2025-04-04 15:03:02,687 - Quantum Trading Bot - INFO - Starting trading cycle
2025-04-04 15:03:02,688 - Quantum Trading Bot - INFO - Processing AAPL
2025-04-04 15:03:02,688 - Quantum Trading Bot - INFO - Mock halal compliance check for AAPL: COMPLIANT
2025-04-04 15:03:02,707 - Quantum Trading Bot - INFO - Quantum device error rate: 0.0285
2025-04-04 15:03:02,712 - Quantum Trading Bot - INFO - Quantum prediction for AAPL: 0.4390 (confidence: 0.7772)
2025-04-04 15:03:02,712 - Quantum Trading Bot - INFO - Trading signal for AAPL: 0.4390 (source: quantum)
2025-04-04 15:03:02,712 - Quantum Trading Bot - INFO - HOLD signal for AAPL (score: 0.4390, source: quantum)
2025-04-04 15:03:02,716 - Quantum Trading Bot - INFO - Processing MSFT
2025-04-04 15:03:02,716 - Quantum Trading Bot - INFO - Mock halal compliance check for MSFT: COMPLIANT
2025-04-04 15:03:02,725 - Quantum Trading Bot - INFO - Quantum device error rate: 0.0444
2025-04-04 15:03:02,729 - Quantum Trading Bot - INFO - Quantum prediction for MSFT: 0.5790 (confidence: 0.7645)
2025-04-04 15:03:02,729 - Quantum Trading Bot - INFO - Trading signal for MSFT: 0.5790 (source: quantum)
2025-04-04 15:03:02,729 - Quantum Trading Bot - INFO - HOLD signal for MSFT (score: 0.5790, source: quantum)
2025-04-04 15:03:02,732 - Quantum Trading Bot - INFO - Processing NVDA
2025-04-04 15:03:02,732 - Quantum Trading Bot - INFO - Mock halal compliance check for NVDA: COMPLIANT
2025-04-04 15:03:02,740 - Quantum Trading Bot - INFO - Quantum device error rate: 0.0429
2025-04-04 15:03:02,742 - Quantum Trading Bot - INFO - Quantum prediction for NVDA: 0.5840 (confidence: 0.7657)
2025-04-04 15:03:02,742 - Quantum Trading Bot - INFO - Trading signal for NVDA: 0.5840 (source: quantum)
2025-04-04 15:03:02,742 - Quantum Trading Bot - INFO - HOLD signal for NVDA (score: 0.5840, source: quantum)
2025-04-04 15:03:02,751 - Quantum Trading Bot - INFO - Performance metrics saved: 40/72 winning trades
2025-04-04 15:03:02,751 - Quantum Trading Bot - INFO - Quantum prediction accuracy: 0.00
2025-04-04 15:03:02,751 - Quantum Trading Bot - INFO - Sleeping for 60 seconds
2025-04-04 15:03:51,719 - Trading System - INFO - Trading Bot is alive: True
2025-04-04 15:03:51,721 - Trading System - INFO - Monitor Bot is alive: True
2025-04-04 15:03:51,721 - Trading System - INFO - Improvement Bot is alive: True
2025-04-04 15:04:02,756 - Quantum Trading Bot - INFO - Starting trading cycle
2025-04-04 15:04:02,757 - Quantum Trading Bot - INFO - Processing AAPL
2025-04-04 15:04:02,757 - Quantum Trading Bot - INFO - Mock halal compliance check for AAPL: COMPLIANT
2025-04-04 15:04:02,785 - Quantum Trading Bot - INFO - Quantum device error rate: 0.0339
2025-04-04 15:04:02,792 - Quantum Trading Bot - INFO - Quantum prediction for AAPL: 0.3370 (confidence: 0.9661)
2025-04-04 15:04:02,792 - Quantum Trading Bot - INFO - Trading signal for AAPL: 0.3370 (source: quantum)
2025-04-04 15:04:02,792 - Quantum Trading Bot - INFO - HOLD signal for AAPL (score: 0.3370, source: quantum)
2025-04-04 15:04:02,796 - Quantum Trading Bot - INFO - Processing MSFT
2025-04-04 15:04:02,796 - Quantum Trading Bot - INFO - Mock halal compliance check for MSFT: COMPLIANT
2025-04-04 15:04:02,807 - Quantum Trading Bot - INFO - Quantum device error rate: 0.0378
2025-04-04 15:04:02,811 - Quantum Trading Bot - INFO - Quantum prediction for MSFT: 0.7220 (confidence: 0.9622)
2025-04-04 15:04:02,811 - Quantum Trading Bot - INFO - Trading signal for MSFT: 0.7220 (source: quantum)
2025-04-04 15:04:02,811 - Quantum Trading Bot - INFO - HOLD signal for MSFT (score: 0.7220, source: quantum)
2025-04-04 15:04:02,814 - Quantum Trading Bot - INFO - Processing NVDA
2025-04-04 15:04:02,814 - Quantum Trading Bot - INFO - Mock halal compliance check for NVDA: COMPLIANT
2025-04-04 15:04:02,822 - Quantum Trading Bot - INFO - Quantum device error rate: 0.0291
2025-04-04 15:04:02,825 - Quantum Trading Bot - INFO - Quantum prediction for NVDA: 0.8290 (confidence: 0.9709)
2025-04-04 15:04:02,825 - Quantum Trading Bot - INFO - Trading signal for NVDA: 0.8290 (source: quantum)
2025-04-04 15:04:02,825 - Quantum Trading Bot - INFO - HOLD signal for NVDA (score: 0.8290, source: quantum)
2025-04-04 15:04:02,835 - Quantum Trading Bot - INFO - Performance metrics saved: 40/72 winning trades
2025-04-04 15:04:02,835 - Quantum Trading Bot - INFO - Quantum prediction accuracy: 0.00
2025-04-04 15:04:02,835 - Quantum Trading Bot - INFO - Sleeping for 60 seconds
2025-04-04 15:04:51,725 - Trading System - INFO - Trading Bot is alive: True
2025-04-04 15:04:51,726 - Trading System - INFO - Monitor Bot is alive: True
2025-04-04 15:04:51,727 - Trading System - INFO - Improvement Bot is alive: True
2025-04-04 15:05:02,840 - Quantum Trading Bot - INFO - Starting trading cycle
2025-04-04 15:05:02,841 - Quantum Trading Bot - INFO - Processing AAPL
2025-04-04 15:05:02,841 - Quantum Trading Bot - INFO - Mock halal compliance check for AAPL: COMPLIANT
2025-04-04 15:05:02,859 - Quantum Trading Bot - INFO - Quantum device error rate: 0.0489
2025-04-04 15:05:02,864 - Quantum Trading Bot - INFO - Quantum prediction for AAPL: 0.6190 (confidence: 0.9511)
2025-04-04 15:05:02,864 - Quantum Trading Bot - INFO - Trading signal for AAPL: 0.6190 (source: quantum)
2025-04-04 15:05:02,864 - Quantum Trading Bot - INFO - HOLD signal for AAPL (score: 0.6190, source: quantum)
2025-04-04 15:05:02,868 - Quantum Trading Bot - INFO - Processing MSFT
2025-04-04 15:05:02,868 - Quantum Trading Bot - INFO - Mock halal compliance check for MSFT: COMPLIANT
2025-04-04 15:05:02,877 - Quantum Trading Bot - INFO - Quantum device error rate: 0.0393
2025-04-04 15:05:02,880 - Quantum Trading Bot - INFO - Quantum prediction for MSFT: 0.4580 (confidence: 0.7686)
2025-04-04 15:05:02,881 - Quantum Trading Bot - INFO - Trading signal for MSFT: 0.4580 (source: quantum)
2025-04-04 15:05:02,881 - Quantum Trading Bot - INFO - HOLD signal for MSFT (score: 0.4580, source: quantum)
2025-04-04 15:05:02,883 - Quantum Trading Bot - INFO - Processing NVDA
2025-04-04 15:05:02,883 - Quantum Trading Bot - INFO - Mock halal compliance check for NVDA: COMPLIANT
2025-04-04 15:05:02,891 - Quantum Trading Bot - INFO - Quantum device error rate: 0.0417
2025-04-04 15:05:02,894 - Quantum Trading Bot - INFO - Quantum prediction for NVDA: 0.5650 (confidence: 0.7666)
2025-04-04 15:05:02,894 - Quantum Trading Bot - INFO - Trading signal for NVDA: 0.5650 (source: quantum)
2025-04-04 15:05:02,894 - Quantum Trading Bot - INFO - HOLD signal for NVDA (score: 0.5650, source: quantum)
2025-04-04 15:05:02,903 - Quantum Trading Bot - INFO - Performance metrics saved: 40/72 winning trades
2025-04-04 15:05:02,903 - Quantum Trading Bot - INFO - Quantum prediction accuracy: 0.00
2025-04-04 15:05:02,903 - Quantum Trading Bot - INFO - Sleeping for 60 seconds
2025-04-04 15:05:51,732 - Trading System - INFO - Trading Bot is alive: True
2025-04-04 15:05:51,734 - Trading System - INFO - Monitor Bot is alive: True
2025-04-04 15:05:51,734 - Trading System - INFO - Improvement Bot is alive: True
2025-04-04 15:06:02,908 - Quantum Trading Bot - INFO - Starting trading cycle
2025-04-04 15:06:02,910 - Quantum Trading Bot - INFO - Processing AAPL
2025-04-04 15:06:02,910 - Quantum Trading Bot - INFO - Mock halal compliance check for AAPL: COMPLIANT
2025-04-04 15:06:02,934 - Quantum Trading Bot - INFO - Quantum device error rate: 0.0252
2025-04-04 15:06:02,941 - Quantum Trading Bot - INFO - Quantum prediction for AAPL: 0.3840 (confidence: 0.9748)
2025-04-04 15:06:02,941 - Quantum Trading Bot - INFO - Trading signal for AAPL: 0.3840 (source: quantum)
2025-04-04 15:06:02,941 - Quantum Trading Bot - INFO - HOLD signal for AAPL (score: 0.3840, source: quantum)
2025-04-04 15:06:02,945 - Quantum Trading Bot - INFO - Processing MSFT
2025-04-04 15:06:02,945 - Quantum Trading Bot - INFO - Mock halal compliance check for MSFT: COMPLIANT
2025-04-04 15:06:02,955 - Quantum Trading Bot - INFO - Quantum device error rate: 0.0348
2025-04-04 15:06:02,960 - Quantum Trading Bot - INFO - Quantum prediction for MSFT: 0.3930 (confidence: 0.9652)
2025-04-04 15:06:02,960 - Quantum Trading Bot - INFO - Trading signal for MSFT: 0.3930 (source: quantum)
2025-04-04 15:06:02,960 - Quantum Trading Bot - INFO - HOLD signal for MSFT (score: 0.3930, source: quantum)
2025-04-04 15:06:02,963 - Quantum Trading Bot - INFO - Processing NVDA
2025-04-04 15:06:02,963 - Quantum Trading Bot - INFO - Mock halal compliance check for NVDA: COMPLIANT
2025-04-04 15:06:02,971 - Quantum Trading Bot - INFO - Quantum device error rate: 0.0258
2025-04-04 15:06:02,974 - Quantum Trading Bot - INFO - Quantum prediction for NVDA: 0.4500 (confidence: 0.7794)
2025-04-04 15:06:02,974 - Quantum Trading Bot - INFO - Trading signal for NVDA: 0.4500 (source: quantum)
2025-04-04 15:06:02,974 - Quantum Trading Bot - INFO - HOLD signal for NVDA (score: 0.4500, source: quantum)
2025-04-04 15:06:02,983 - Quantum Trading Bot - INFO - Performance metrics saved: 40/72 winning trades
2025-04-04 15:06:02,983 - Quantum Trading Bot - INFO - Quantum prediction accuracy: 0.00
2025-04-04 15:06:02,983 - Quantum Trading Bot - INFO - Sleeping for 60 seconds
2025-04-04 15:06:51,736 - Trading System - INFO - Trading Bot is alive: True
2025-04-04 15:06:51,739 - Trading System - INFO - Monitor Bot is alive: True
2025-04-04 15:06:51,739 - Trading System - INFO - Improvement Bot is alive: True
2025-04-04 15:07:02,987 - Quantum Trading Bot - INFO - Starting trading cycle
2025-04-04 15:07:02,987 - Quantum Trading Bot - INFO - Processing AAPL
2025-04-04 15:07:02,987 - Quantum Trading Bot - INFO - Mock halal compliance check for AAPL: COMPLIANT
2025-04-04 15:07:03,011 - Quantum Trading Bot - INFO - Quantum device error rate: 0.0180
2025-04-04 15:07:03,019 - Quantum Trading Bot - INFO - Quantum prediction for AAPL: 0.2410 (confidence: 0.9820)
2025-04-04 15:07:03,019 - Quantum Trading Bot - INFO - Trading signal for AAPL: 0.2410 (source: quantum)
2025-04-04 15:07:03,019 - Quantum Trading Bot - INFO - SELL signal for AAPL (score: 0.2410, source: quantum)
2025-04-04 15:07:03,021 - Quantum Trading Bot - WARNING - Cannot sell AAPL - no position
2025-04-04 15:07:03,025 - Quantum Trading Bot - INFO - Processing MSFT
2025-04-04 15:07:03,025 - Quantum Trading Bot - INFO - Mock halal compliance check for MSFT: COMPLIANT
2025-04-04 15:07:03,035 - Quantum Trading Bot - INFO - Quantum device error rate: 0.0498
2025-04-04 15:07:03,039 - Quantum Trading Bot - INFO - Quantum prediction for MSFT: 0.4100 (confidence: 0.7602)
2025-04-04 15:07:03,039 - Quantum Trading Bot - INFO - Trading signal for MSFT: 0.4100 (source: quantum)
2025-04-04 15:07:03,039 - Quantum Trading Bot - INFO - HOLD signal for MSFT (score: 0.4100, source: quantum)
2025-04-04 15:07:03,042 - Quantum Trading Bot - INFO - Processing NVDA
2025-04-04 15:07:03,042 - Quantum Trading Bot - INFO - Mock halal compliance check for NVDA: COMPLIANT
2025-04-04 15:07:03,051 - Quantum Trading Bot - INFO - Quantum device error rate: 0.0504
2025-04-04 15:07:03,059 - Quantum Trading Bot - INFO - Quantum prediction for NVDA: 0.3853 (confidence: 0.9496)
2025-04-04 15:07:03,059 - Quantum Trading Bot - INFO - Trading signal for NVDA: 0.3853 (source: quantum)
2025-04-04 15:07:03,060 - Quantum Trading Bot - INFO - HOLD signal for NVDA (score: 0.3853, source: quantum)
2025-04-04 15:07:03,068 - Quantum Trading Bot - INFO - Performance metrics saved: 40/72 winning trades
2025-04-04 15:07:03,068 - Quantum Trading Bot - INFO - Quantum prediction accuracy: 0.00
2025-04-04 15:07:03,068 - Quantum Trading Bot - INFO - Sleeping for 60 seconds
2025-04-04 15:07:51,744 - Trading System - INFO - Trading Bot is alive: True
2025-04-04 15:07:51,745 - Trading System - INFO - Monitor Bot is alive: True
2025-04-04 15:07:51,745 - Trading System - INFO - Improvement Bot is alive: True
2025-04-04 15:08:03,074 - Quantum Trading Bot - INFO - Starting trading cycle
2025-04-04 15:08:03,074 - Quantum Trading Bot - INFO - Processing AAPL
2025-04-04 15:08:03,075 - Quantum Trading Bot - INFO - Mock halal compliance check for AAPL: COMPLIANT
2025-04-04 15:08:03,094 - Quantum Trading Bot - INFO - Quantum device error rate: 0.0426
2025-04-04 15:08:03,099 - Quantum Trading Bot - INFO - Quantum prediction for AAPL: 0.7180 (confidence: 0.9574)
2025-04-04 15:08:03,099 - Quantum Trading Bot - INFO - Trading signal for AAPL: 0.7180 (source: quantum)
2025-04-04 15:08:03,099 - Quantum Trading Bot - INFO - HOLD signal for AAPL (score: 0.7180, source: quantum)
2025-04-04 15:08:03,102 - Quantum Trading Bot - INFO - Processing MSFT
2025-04-04 15:08:03,102 - Quantum Trading Bot - INFO - Mock halal compliance check for MSFT: COMPLIANT
2025-04-04 15:08:03,111 - Quantum Trading Bot - INFO - Quantum device error rate: 0.0369
2025-04-04 15:08:03,114 - Quantum Trading Bot - INFO - Quantum prediction for MSFT: 0.5400 (confidence: 0.7705)
2025-04-04 15:08:03,114 - Quantum Trading Bot - INFO - Trading signal for MSFT: 0.5400 (source: quantum)
2025-04-04 15:08:03,114 - Quantum Trading Bot - INFO - HOLD signal for MSFT (score: 0.5400, source: quantum)
2025-04-04 15:08:03,116 - Quantum Trading Bot - INFO - Processing NVDA
2025-04-04 15:08:03,117 - Quantum Trading Bot - INFO - Mock halal compliance check for NVDA: COMPLIANT
2025-04-04 15:08:03,124 - Quantum Trading Bot - INFO - Quantum device error rate: 0.0342
2025-04-04 15:08:03,128 - Quantum Trading Bot - INFO - Quantum prediction for NVDA: 0.3870 (confidence: 0.9658)
2025-04-04 15:08:03,128 - Quantum Trading Bot - INFO - Trading signal for NVDA: 0.3870 (source: quantum)
2025-04-04 15:08:03,128 - Quantum Trading Bot - INFO - HOLD signal for NVDA (score: 0.3870, source: quantum)
2025-04-04 15:08:03,136 - Quantum Trading Bot - INFO - Performance metrics saved: 40/72 winning trades
2025-04-04 15:08:03,137 - Quantum Trading Bot - INFO - Quantum prediction accuracy: 0.00
2025-04-04 15:08:03,137 - Quantum Trading Bot - INFO - Sleeping for 60 seconds
2025-04-04 15:08:51,751 - Trading System - INFO - Trading Bot is alive: True
2025-04-04 15:08:51,754 - Trading System - INFO - Monitor Bot is alive: True
2025-04-04 15:08:51,754 - Trading System - INFO - Improvement Bot is alive: True
2025-04-04 15:09:03,142 - Quantum Trading Bot - INFO - Starting trading cycle
2025-04-04 15:09:03,144 - Quantum Trading Bot - INFO - Processing AAPL
2025-04-04 15:09:03,144 - Quantum Trading Bot - INFO - Mock halal compliance check for AAPL: COMPLIANT
2025-04-04 15:09:03,175 - Quantum Trading Bot - INFO - Quantum device error rate: 0.0531
2025-04-04 15:09:03,188 - Quantum Trading Bot - INFO - Quantum prediction for AAPL: 0.4795 (confidence: 0.7575)
2025-04-04 15:09:03,188 - Quantum Trading Bot - INFO - Trading signal for AAPL: 0.4795 (source: quantum)
2025-04-04 15:09:03,188 - Quantum Trading Bot - INFO - HOLD signal for AAPL (score: 0.4795, source: quantum)
2025-04-04 15:09:03,192 - Quantum Trading Bot - INFO - Processing MSFT
2025-04-04 15:09:03,192 - Quantum Trading Bot - INFO - Mock halal compliance check for MSFT: COMPLIANT
2025-04-04 15:09:03,201 - Quantum Trading Bot - INFO - Quantum device error rate: 0.0309
2025-04-04 15:09:03,204 - Quantum Trading Bot - INFO - Quantum prediction for MSFT: 0.8510 (confidence: 0.9691)
2025-04-04 15:09:03,204 - Quantum Trading Bot - INFO - Trading signal for MSFT: 0.8510 (source: quantum)
2025-04-04 15:09:03,204 - Quantum Trading Bot - INFO - HOLD signal for MSFT (score: 0.8510, source: quantum)
2025-04-04 15:09:03,207 - Quantum Trading Bot - INFO - Processing NVDA
2025-04-04 15:09:03,207 - Quantum Trading Bot - INFO - Mock halal compliance check for NVDA: COMPLIANT
2025-04-04 15:09:03,214 - Quantum Trading Bot - INFO - Quantum device error rate: 0.0477
2025-04-04 15:09:03,217 - Quantum Trading Bot - INFO - Quantum prediction for NVDA: 0.2340 (confidence: 0.9523)
2025-04-04 15:09:03,217 - Quantum Trading Bot - INFO - Trading signal for NVDA: 0.2340 (source: quantum)
2025-04-04 15:09:03,217 - Quantum Trading Bot - INFO - SELL signal for NVDA (score: 0.2340, source: quantum)
2025-04-04 15:09:03,218 - Quantum Trading Bot - WARNING - Cannot sell NVDA - no position
2025-04-04 15:09:03,226 - Quantum Trading Bot - INFO - Performance metrics saved: 40/72 winning trades
2025-04-04 15:09:03,226 - Quantum Trading Bot - INFO - Quantum prediction accuracy: 0.00
2025-04-04 15:09:03,226 - Quantum Trading Bot - INFO - Sleeping for 60 seconds
2025-04-04 15:09:51,759 - Trading System - INFO - Trading Bot is alive: True
2025-04-04 15:09:51,761 - Trading System - INFO - Monitor Bot is alive: True
2025-04-04 15:09:51,761 - Trading System - INFO - Improvement Bot is alive: True
2025-04-04 15:10:03,232 - Quantum Trading Bot - INFO - Starting trading cycle
2025-04-04 15:10:03,233 - Quantum Trading Bot - INFO - Processing AAPL
2025-04-04 15:10:03,233 - Quantum Trading Bot - INFO - Mock halal compliance check for AAPL: COMPLIANT
2025-04-04 15:10:03,255 - Quantum Trading Bot - INFO - Quantum device error rate: 0.0318
2025-04-04 15:10:03,262 - Quantum Trading Bot - INFO - Quantum prediction for AAPL: 0.8130 (confidence: 0.9682)
2025-04-04 15:10:03,262 - Quantum Trading Bot - INFO - Trading signal for AAPL: 0.8130 (source: quantum)
2025-04-04 15:10:03,262 - Quantum Trading Bot - INFO - HOLD signal for AAPL (score: 0.8130, source: quantum)
2025-04-04 15:10:03,266 - Quantum Trading Bot - INFO - Processing MSFT
2025-04-04 15:10:03,266 - Quantum Trading Bot - INFO - Mock halal compliance check for MSFT: COMPLIANT
2025-04-04 15:10:03,276 - Quantum Trading Bot - INFO - Quantum device error rate: 0.0234
2025-04-04 15:10:03,279 - Quantum Trading Bot - INFO - Quantum prediction for MSFT: 0.5430 (confidence: 0.7813)
2025-04-04 15:10:03,279 - Quantum Trading Bot - INFO - Trading signal for MSFT: 0.5430 (source: quantum)
2025-04-04 15:10:03,279 - Quantum Trading Bot - INFO - HOLD signal for MSFT (score: 0.5430, source: quantum)
2025-04-04 15:10:03,282 - Quantum Trading Bot - INFO - Processing NVDA
2025-04-04 15:10:03,282 - Quantum Trading Bot - INFO - Mock halal compliance check for NVDA: COMPLIANT
2025-04-04 15:10:03,290 - Quantum Trading Bot - INFO - Quantum device error rate: 0.0423
2025-04-04 15:10:03,293 - Quantum Trading Bot - INFO - Quantum prediction for NVDA: 0.5420 (confidence: 0.7662)
2025-04-04 15:10:03,294 - Quantum Trading Bot - INFO - Trading signal for NVDA: 0.5420 (source: quantum)
2025-04-04 15:10:03,294 - Quantum Trading Bot - INFO - HOLD signal for NVDA (score: 0.5420, source: quantum)
2025-04-04 15:10:03,303 - Quantum Trading Bot - INFO - Performance metrics saved: 40/72 winning trades
2025-04-04 15:10:03,303 - Quantum Trading Bot - INFO - Quantum prediction accuracy: 0.00
2025-04-04 15:10:03,303 - Quantum Trading Bot - INFO - Sleeping for 60 seconds
2025-04-04 15:10:51,765 - Trading System - INFO - Trading Bot is alive: True
2025-04-04 15:10:51,768 - Trading System - INFO - Monitor Bot is alive: True
2025-04-04 15:10:51,768 - Trading System - INFO - Improvement Bot is alive: True
2025-04-04 15:11:03,309 - Quantum Trading Bot - INFO - Starting trading cycle
2025-04-04 15:11:03,309 - Quantum Trading Bot - INFO - Processing AAPL
2025-04-04 15:11:03,309 - Quantum Trading Bot - INFO - Mock halal compliance check for AAPL: COMPLIANT
2025-04-04 15:11:03,338 - Quantum Trading Bot - INFO - Quantum device error rate: 0.0300
2025-04-04 15:11:03,343 - Quantum Trading Bot - INFO - Quantum prediction for AAPL: 0.6420 (confidence: 0.9700)
2025-04-04 15:11:03,343 - Quantum Trading Bot - INFO - Trading signal for AAPL: 0.6420 (source: quantum)
2025-04-04 15:11:03,343 - Quantum Trading Bot - INFO - HOLD signal for AAPL (score: 0.6420, source: quantum)
2025-04-04 15:11:03,347 - Quantum Trading Bot - INFO - Processing MSFT
2025-04-04 15:11:03,347 - Quantum Trading Bot - INFO - Mock halal compliance check for MSFT: COMPLIANT
2025-04-04 15:11:03,356 - Quantum Trading Bot - INFO - Quantum device error rate: 0.0372
2025-04-04 15:11:03,360 - Quantum Trading Bot - INFO - Quantum prediction for MSFT: 0.4200 (confidence: 0.7702)
2025-04-04 15:11:03,360 - Quantum Trading Bot - INFO - Trading signal for MSFT: 0.4200 (source: quantum)
2025-04-04 15:11:03,360 - Quantum Trading Bot - INFO - HOLD signal for MSFT (score: 0.4200, source: quantum)
2025-04-04 15:11:03,362 - Quantum Trading Bot - INFO - Processing NVDA
2025-04-04 15:11:03,362 - Quantum Trading Bot - INFO - Mock halal compliance check for NVDA: COMPLIANT
2025-04-04 15:11:03,370 - Quantum Trading Bot - INFO - Quantum device error rate: 0.0321
2025-04-04 15:11:03,373 - Quantum Trading Bot - INFO - Quantum prediction for NVDA: 0.5110 (confidence: 0.7743)
2025-04-04 15:11:03,373 - Quantum Trading Bot - INFO - Trading signal for NVDA: 0.5110 (source: quantum)
2025-04-04 15:11:03,373 - Quantum Trading Bot - INFO - HOLD signal for NVDA (score: 0.5110, source: quantum)
2025-04-04 15:11:03,382 - Quantum Trading Bot - INFO - Performance metrics saved: 40/72 winning trades
2025-04-04 15:11:03,382 - Quantum Trading Bot - INFO - Quantum prediction accuracy: 0.00
2025-04-04 15:11:03,382 - Quantum Trading Bot - INFO - Sleeping for 60 seconds
2025-04-04 15:11:51,773 - Trading System - INFO - Trading Bot is alive: True
2025-04-04 15:11:51,775 - Trading System - INFO - Monitor Bot is alive: True
2025-04-04 15:11:51,775 - Trading System - INFO - Improvement Bot is alive: True
2025-04-04 15:12:03,388 - Quantum Trading Bot - INFO - Starting trading cycle
2025-04-04 15:12:03,388 - Quantum Trading Bot - INFO - Processing AAPL
2025-04-04 15:12:03,388 - Quantum Trading Bot - INFO - Mock halal compliance check for AAPL: COMPLIANT
2025-04-04 15:12:03,406 - Quantum Trading Bot - INFO - Quantum device error rate: 0.0315
2025-04-04 15:12:03,413 - Quantum Trading Bot - INFO - Quantum prediction for AAPL: 0.3790 (confidence: 0.9685)
2025-04-04 15:12:03,413 - Quantum Trading Bot - INFO - Trading signal for AAPL: 0.3790 (source: quantum)
2025-04-04 15:12:03,413 - Quantum Trading Bot - INFO - HOLD signal for AAPL (score: 0.3790, source: quantum)
2025-04-04 15:12:03,416 - Quantum Trading Bot - INFO - Processing MSFT
2025-04-04 15:12:03,416 - Quantum Trading Bot - INFO - Mock halal compliance check for MSFT: COMPLIANT
2025-04-04 15:12:03,426 - Quantum Trading Bot - INFO - Quantum device error rate: 0.0399
2025-04-04 15:12:03,429 - Quantum Trading Bot - INFO - Quantum prediction for MSFT: 0.1980 (confidence: 0.9601)
2025-04-04 15:12:03,429 - Quantum Trading Bot - INFO - Trading signal for MSFT: 0.1980 (source: quantum)
2025-04-04 15:12:03,429 - Quantum Trading Bot - INFO - SELL signal for MSFT (score: 0.1980, source: quantum)
2025-04-04 15:12:03,430 - Quantum Trading Bot - WARNING - Cannot sell MSFT - no position
2025-04-04 15:12:03,433 - Quantum Trading Bot - INFO - Processing NVDA
2025-04-04 15:12:03,433 - Quantum Trading Bot - INFO - Mock halal compliance check for NVDA: COMPLIANT
2025-04-04 15:12:03,440 - Quantum Trading Bot - INFO - Quantum device error rate: 0.0603
2025-04-04 15:12:03,448 - Quantum Trading Bot - INFO - Quantum prediction for NVDA: 0.1942 (confidence: 0.9397)
2025-04-04 15:12:03,448 - Quantum Trading Bot - INFO - Trading signal for NVDA: 0.1942 (source: quantum)
2025-04-04 15:12:03,448 - Quantum Trading Bot - INFO - SELL signal for NVDA (score: 0.1942, source: quantum)
2025-04-04 15:12:03,449 - Quantum Trading Bot - WARNING - Cannot sell NVDA - no position
2025-04-04 15:12:03,457 - Quantum Trading Bot - INFO - Performance metrics saved: 40/72 winning trades
2025-04-04 15:12:03,457 - Quantum Trading Bot - INFO - Quantum prediction accuracy: 0.00
2025-04-04 15:12:03,457 - Quantum Trading Bot - INFO - Sleeping for 60 seconds
2025-04-04 15:12:51,780 - Trading System - INFO - Trading Bot is alive: True
2025-04-04 15:12:51,782 - Trading System - INFO - Monitor Bot is alive: True
2025-04-04 15:12:51,782 - Trading System - INFO - Improvement Bot is alive: True
2025-04-04 15:13:03,463 - Quantum Trading Bot - INFO - Starting trading cycle
2025-04-04 15:13:03,463 - Quantum Trading Bot - INFO - Processing AAPL
2025-04-04 15:13:03,464 - Quantum Trading Bot - INFO - Mock halal compliance check for AAPL: COMPLIANT
2025-04-04 15:13:03,488 - Quantum Trading Bot - INFO - Quantum device error rate: 0.0285
2025-04-04 15:13:03,496 - Quantum Trading Bot - INFO - Quantum prediction for AAPL: 0.3870 (confidence: 0.9715)
2025-04-04 15:13:03,496 - Quantum Trading Bot - INFO - Trading signal for AAPL: 0.3870 (source: quantum)
2025-04-04 15:13:03,496 - Quantum Trading Bot - INFO - HOLD signal for AAPL (score: 0.3870, source: quantum)
2025-04-04 15:13:03,500 - Quantum Trading Bot - INFO - Processing MSFT
2025-04-04 15:13:03,500 - Quantum Trading Bot - INFO - Mock halal compliance check for MSFT: COMPLIANT
2025-04-04 15:13:03,510 - Quantum Trading Bot - INFO - Quantum device error rate: 0.0273
2025-04-04 15:13:03,514 - Quantum Trading Bot - INFO - Quantum prediction for MSFT: 0.9390 (confidence: 0.9727)
2025-04-04 15:13:03,514 - Quantum Trading Bot - INFO - Trading signal for MSFT: 0.9390 (source: quantum)
2025-04-04 15:13:03,514 - Quantum Trading Bot - INFO - HOLD signal for MSFT (score: 0.9390, source: quantum)
2025-04-04 15:13:03,517 - Quantum Trading Bot - INFO - Processing NVDA
2025-04-04 15:13:03,517 - Quantum Trading Bot - INFO - Mock halal compliance check for NVDA: COMPLIANT
2025-04-04 15:13:03,525 - Quantum Trading Bot - INFO - Quantum device error rate: 0.0393
2025-04-04 15:13:03,528 - Quantum Trading Bot - INFO - Quantum prediction for NVDA: 0.5310 (confidence: 0.7686)
2025-04-04 15:13:03,528 - Quantum Trading Bot - INFO - Trading signal for NVDA: 0.5310 (source: quantum)
2025-04-04 15:13:03,528 - Quantum Trading Bot - INFO - HOLD signal for NVDA (score: 0.5310, source: quantum)
2025-04-04 15:13:03,537 - Quantum Trading Bot - INFO - Performance metrics saved: 40/72 winning trades
2025-04-04 15:13:03,537 - Quantum Trading Bot - INFO - Quantum prediction accuracy: 0.00
2025-04-04 15:13:03,538 - Quantum Trading Bot - INFO - Sleeping for 60 seconds
2025-04-04 15:13:51,786 - Trading System - INFO - Trading Bot is alive: True
2025-04-04 15:13:51,788 - Trading System - INFO - Monitor Bot is alive: True
2025-04-04 15:13:51,788 - Trading System - INFO - Improvement Bot is alive: True
2025-04-04 15:14:03,543 - Quantum Trading Bot - INFO - Starting trading cycle
2025-04-04 15:14:03,544 - Quantum Trading Bot - INFO - Processing AAPL
2025-04-04 15:14:03,544 - Quantum Trading Bot - INFO - Mock halal compliance check for AAPL: COMPLIANT
2025-04-04 15:14:03,570 - Quantum Trading Bot - INFO - Quantum device error rate: 0.0459
2025-04-04 15:14:03,576 - Quantum Trading Bot - INFO - Quantum prediction for AAPL: 0.5470 (confidence: 0.7633)
2025-04-04 15:14:03,576 - Quantum Trading Bot - INFO - Trading signal for AAPL: 0.5470 (source: quantum)
2025-04-04 15:14:03,576 - Quantum Trading Bot - INFO - HOLD signal for AAPL (score: 0.5470, source: quantum)
2025-04-04 15:14:03,580 - Quantum Trading Bot - INFO - Processing MSFT
2025-04-04 15:14:03,580 - Quantum Trading Bot - INFO - Mock halal compliance check for MSFT: COMPLIANT
2025-04-04 15:14:03,591 - Quantum Trading Bot - INFO - Quantum device error rate: 0.0330
2025-04-04 15:14:03,594 - Quantum Trading Bot - INFO - Quantum prediction for MSFT: 0.4070 (confidence: 0.7736)
2025-04-04 15:14:03,594 - Quantum Trading Bot - INFO - Trading signal for MSFT: 0.4070 (source: quantum)
2025-04-04 15:14:03,594 - Quantum Trading Bot - INFO - HOLD signal for MSFT (score: 0.4070, source: quantum)
2025-04-04 15:14:03,597 - Quantum Trading Bot - INFO - Processing NVDA
2025-04-04 15:14:03,597 - Quantum Trading Bot - INFO - Mock halal compliance check for NVDA: COMPLIANT
2025-04-04 15:14:03,606 - Quantum Trading Bot - INFO - Quantum device error rate: 0.0333
2025-04-04 15:14:03,609 - Quantum Trading Bot - INFO - Quantum prediction for NVDA: 0.7740 (confidence: 0.9667)
2025-04-04 15:14:03,609 - Quantum Trading Bot - INFO - Trading signal for NVDA: 0.7740 (source: quantum)
2025-04-04 15:14:03,609 - Quantum Trading Bot - INFO - HOLD signal for NVDA (score: 0.7740, source: quantum)
2025-04-04 15:14:03,619 - Quantum Trading Bot - INFO - Performance metrics saved: 40/72 winning trades
2025-04-04 15:14:03,619 - Quantum Trading Bot - INFO - Quantum prediction accuracy: 0.00
2025-04-04 15:14:03,619 - Quantum Trading Bot - INFO - Sleeping for 60 seconds
2025-04-04 15:14:51,791 - Trading System - INFO - Trading Bot is alive: True
2025-04-04 15:14:51,792 - Trading System - INFO - Monitor Bot is alive: True
2025-04-04 15:14:51,792 - Trading System - INFO - Improvement Bot is alive: True
2025-04-04 15:15:03,624 - Quantum Trading Bot - INFO - Starting trading cycle
2025-04-04 15:15:03,625 - Quantum Trading Bot - INFO - Processing AAPL
2025-04-04 15:15:03,625 - Quantum Trading Bot - INFO - Mock halal compliance check for AAPL: COMPLIANT
2025-04-04 15:15:03,645 - Quantum Trading Bot - INFO - Quantum device error rate: 0.0297
2025-04-04 15:15:03,651 - Quantum Trading Bot - INFO - Quantum prediction for AAPL: 0.7230 (confidence: 0.9703)
2025-04-04 15:15:03,651 - Quantum Trading Bot - INFO - Trading signal for AAPL: 0.7230 (source: quantum)
2025-04-04 15:15:03,651 - Quantum Trading Bot - INFO - HOLD signal for AAPL (score: 0.7230, source: quantum)
2025-04-04 15:15:03,654 - Quantum Trading Bot - INFO - Processing MSFT
2025-04-04 15:15:03,654 - Quantum Trading Bot - INFO - Mock halal compliance check for MSFT: COMPLIANT
2025-04-04 15:15:03,664 - Quantum Trading Bot - INFO - Quantum device error rate: 0.0417
2025-04-04 15:15:03,668 - Quantum Trading Bot - INFO - Quantum prediction for MSFT: 0.4640 (confidence: 0.7666)
2025-04-04 15:15:03,668 - Quantum Trading Bot - INFO - Trading signal for MSFT: 0.4640 (source: quantum)
2025-04-04 15:15:03,668 - Quantum Trading Bot - INFO - HOLD signal for MSFT (score: 0.4640, source: quantum)
2025-04-04 15:15:03,671 - Quantum Trading Bot - INFO - Processing NVDA
2025-04-04 15:15:03,671 - Quantum Trading Bot - INFO - Mock halal compliance check for NVDA: COMPLIANT
2025-04-04 15:15:03,679 - Quantum Trading Bot - INFO - Quantum device error rate: 0.0207
2025-04-04 15:15:03,682 - Quantum Trading Bot - INFO - Quantum prediction for NVDA: 0.5150 (confidence: 0.7834)
2025-04-04 15:15:03,682 - Quantum Trading Bot - INFO - Trading signal for NVDA: 0.5150 (source: quantum)
2025-04-04 15:15:03,682 - Quantum Trading Bot - INFO - HOLD signal for NVDA (score: 0.5150, source: quantum)
2025-04-04 15:15:03,691 - Quantum Trading Bot - INFO - Performance metrics saved: 40/72 winning trades
2025-04-04 15:15:03,691 - Quantum Trading Bot - INFO - Quantum prediction accuracy: 0.00
2025-04-04 15:15:03,691 - Quantum Trading Bot - INFO - Sleeping for 60 seconds
2025-04-04 15:15:51,798 - Trading System - INFO - Trading Bot is alive: True
2025-04-04 15:15:51,799 - Trading System - INFO - Monitor Bot is alive: True
2025-04-04 15:15:51,799 - Trading System - INFO - Improvement Bot is alive: True
2025-04-04 15:16:03,696 - Quantum Trading Bot - INFO - Starting trading cycle
2025-04-04 15:16:03,697 - Quantum Trading Bot - INFO - Processing AAPL
2025-04-04 15:16:03,697 - Quantum Trading Bot - INFO - Mock halal compliance check for AAPL: COMPLIANT
2025-04-04 15:16:03,722 - Quantum Trading Bot - INFO - Quantum device error rate: 0.0318
2025-04-04 15:16:03,730 - Quantum Trading Bot - INFO - Quantum prediction for AAPL: 0.7730 (confidence: 0.9682)
2025-04-04 15:16:03,730 - Quantum Trading Bot - INFO - Trading signal for AAPL: 0.7730 (source: quantum)
2025-04-04 15:16:03,730 - Quantum Trading Bot - INFO - HOLD signal for AAPL (score: 0.7730, source: quantum)
2025-04-04 15:16:03,734 - Quantum Trading Bot - INFO - Processing MSFT
2025-04-04 15:16:03,734 - Quantum Trading Bot - INFO - Mock halal compliance check for MSFT: COMPLIANT
2025-04-04 15:16:03,744 - Quantum Trading Bot - INFO - Quantum device error rate: 0.0369
2025-04-04 15:16:03,748 - Quantum Trading Bot - INFO - Quantum prediction for MSFT: 0.4820 (confidence: 0.7705)
2025-04-04 15:16:03,748 - Quantum Trading Bot - INFO - Trading signal for MSFT: 0.4820 (source: quantum)
2025-04-04 15:16:03,748 - Quantum Trading Bot - INFO - HOLD signal for MSFT (score: 0.4820, source: quantum)
2025-04-04 15:16:03,751 - Quantum Trading Bot - INFO - Processing NVDA
2025-04-04 15:16:03,751 - Quantum Trading Bot - INFO - Mock halal compliance check for NVDA: COMPLIANT
2025-04-04 15:16:03,760 - Quantum Trading Bot - INFO - Quantum device error rate: 0.0450
2025-04-04 15:16:03,763 - Quantum Trading Bot - INFO - Quantum prediction for NVDA: 0.5990 (confidence: 0.7640)
2025-04-04 15:16:03,763 - Quantum Trading Bot - INFO - Trading signal for NVDA: 0.5990 (source: quantum)
2025-04-04 15:16:03,763 - Quantum Trading Bot - INFO - HOLD signal for NVDA (score: 0.5990, source: quantum)
2025-04-04 15:16:03,772 - Quantum Trading Bot - INFO - Performance metrics saved: 40/72 winning trades
2025-04-04 15:16:03,772 - Quantum Trading Bot - INFO - Quantum prediction accuracy: 0.00
2025-04-04 15:16:03,772 - Quantum Trading Bot - INFO - Sleeping for 60 seconds
2025-04-04 15:16:51,801 - Trading System - INFO - Trading Bot is alive: True
2025-04-04 15:16:51,802 - Trading System - INFO - Monitor Bot is alive: True
2025-04-04 15:16:51,802 - Trading System - INFO - Improvement Bot is alive: True
2025-04-04 15:17:03,783 - Quantum Trading Bot - INFO - Starting trading cycle
2025-04-04 15:17:03,785 - Quantum Trading Bot - INFO - Processing AAPL
2025-04-04 15:17:03,785 - Quantum Trading Bot - INFO - Mock halal compliance check for AAPL: COMPLIANT
2025-04-04 15:17:03,809 - Quantum Trading Bot - INFO - Quantum device error rate: 0.0417
2025-04-04 15:17:03,815 - Quantum Trading Bot - INFO - Quantum prediction for AAPL: 0.7300 (confidence: 0.9583)
2025-04-04 15:17:03,816 - Quantum Trading Bot - INFO - Trading signal for AAPL: 0.7300 (source: quantum)
2025-04-04 15:17:03,816 - Quantum Trading Bot - INFO - HOLD signal for AAPL (score: 0.7300, source: quantum)
2025-04-04 15:17:03,820 - Quantum Trading Bot - INFO - Processing MSFT
2025-04-04 15:17:03,820 - Quantum Trading Bot - INFO - Mock halal compliance check for MSFT: COMPLIANT
2025-04-04 15:17:03,830 - Quantum Trading Bot - INFO - Quantum device error rate: 0.0369
2025-04-04 15:17:03,834 - Quantum Trading Bot - INFO - Quantum prediction for MSFT: 0.7590 (confidence: 0.9631)
2025-04-04 15:17:03,834 - Quantum Trading Bot - INFO - Trading signal for MSFT: 0.7590 (source: quantum)
2025-04-04 15:17:03,834 - Quantum Trading Bot - INFO - HOLD signal for MSFT (score: 0.7590, source: quantum)
2025-04-04 15:17:03,837 - Quantum Trading Bot - INFO - Processing NVDA
2025-04-04 15:17:03,837 - Quantum Trading Bot - INFO - Mock halal compliance check for NVDA: COMPLIANT
2025-04-04 15:17:03,846 - Quantum Trading Bot - INFO - Quantum device error rate: 0.0303
2025-04-04 15:17:03,849 - Quantum Trading Bot - INFO - Quantum prediction for NVDA: 0.5850 (confidence: 0.7758)
2025-04-04 15:17:03,849 - Quantum Trading Bot - INFO - Trading signal for NVDA: 0.5850 (source: quantum)
2025-04-04 15:17:03,849 - Quantum Trading Bot - INFO - HOLD signal for NVDA (score: 0.5850, source: quantum)
2025-04-04 15:17:03,858 - Quantum Trading Bot - INFO - Performance metrics saved: 40/72 winning trades
2025-04-04 15:17:03,858 - Quantum Trading Bot - INFO - Quantum prediction accuracy: 0.00
2025-04-04 15:17:03,858 - Quantum Trading Bot - INFO - Sleeping for 60 seconds
2025-04-04 15:17:51,806 - Trading System - INFO - Trading Bot is alive: True
2025-04-04 15:17:51,808 - Trading System - INFO - Monitor Bot is alive: True
2025-04-04 15:17:51,808 - Trading System - INFO - Improvement Bot is alive: True
2025-04-04 15:18:03,869 - Quantum Trading Bot - INFO - Starting trading cycle
2025-04-04 15:18:03,871 - Quantum Trading Bot - INFO - Processing AAPL
2025-04-04 15:18:03,871 - Quantum Trading Bot - INFO - Mock halal compliance check for AAPL: COMPLIANT
2025-04-04 15:18:03,897 - Quantum Trading Bot - INFO - Quantum device error rate: 0.0246
2025-04-04 15:18:03,903 - Quantum Trading Bot - INFO - Quantum prediction for AAPL: 0.7780 (confidence: 0.9754)
2025-04-04 15:18:03,903 - Quantum Trading Bot - INFO - Trading signal for AAPL: 0.7780 (source: quantum)
2025-04-04 15:18:03,903 - Quantum Trading Bot - INFO - HOLD signal for AAPL (score: 0.7780, source: quantum)
2025-04-04 15:18:03,907 - Quantum Trading Bot - INFO - Processing MSFT
2025-04-04 15:18:03,907 - Quantum Trading Bot - INFO - Mock halal compliance check for MSFT: COMPLIANT
2025-04-04 15:18:03,917 - Quantum Trading Bot - INFO - Quantum device error rate: 0.0537
2025-04-04 15:18:03,927 - Quantum Trading Bot - INFO - Quantum prediction for MSFT: 0.4748 (confidence: 0.7570)
2025-04-04 15:18:03,927 - Quantum Trading Bot - INFO - Trading signal for MSFT: 0.4748 (source: quantum)
2025-04-04 15:18:03,927 - Quantum Trading Bot - INFO - HOLD signal for MSFT (score: 0.4748, source: quantum)
2025-04-04 15:18:03,930 - Quantum Trading Bot - INFO - Processing NVDA
2025-04-04 15:18:03,930 - Quantum Trading Bot - INFO - Mock halal compliance check for NVDA: COMPLIANT
2025-04-04 15:18:03,938 - Quantum Trading Bot - INFO - Quantum device error rate: 0.0348
2025-04-04 15:18:03,941 - Quantum Trading Bot - INFO - Quantum prediction for NVDA: 0.4190 (confidence: 0.7722)
2025-04-04 15:18:03,941 - Quantum Trading Bot - INFO - Trading signal for NVDA: 0.4190 (source: quantum)
2025-04-04 15:18:03,941 - Quantum Trading Bot - INFO - HOLD signal for NVDA (score: 0.4190, source: quantum)
2025-04-04 15:18:03,950 - Quantum Trading Bot - INFO - Performance metrics saved: 40/72 winning trades
2025-04-04 15:18:03,950 - Quantum Trading Bot - INFO - Quantum prediction accuracy: 0.00
2025-04-04 15:18:03,950 - Quantum Trading Bot - INFO - Sleeping for 60 seconds
2025-04-04 15:18:51,819 - Trading System - INFO - Trading Bot is alive: True
2025-04-04 15:18:51,821 - Trading System - INFO - Monitor Bot is alive: True
2025-04-04 15:18:51,821 - Trading System - INFO - Improvement Bot is alive: True
2025-04-04 15:19:03,960 - Quantum Trading Bot - INFO - Starting trading cycle
2025-04-04 15:19:03,961 - Quantum Trading Bot - INFO - Processing AAPL
2025-04-04 15:19:03,961 - Quantum Trading Bot - INFO - Mock halal compliance check for AAPL: COMPLIANT
2025-04-04 15:19:03,984 - Quantum Trading Bot - INFO - Quantum device error rate: 0.0492
2025-04-04 15:19:03,992 - Quantum Trading Bot - INFO - Quantum prediction for AAPL: 0.4280 (confidence: 0.7606)
2025-04-04 15:19:03,992 - Quantum Trading Bot - INFO - Trading signal for AAPL: 0.4280 (source: quantum)
2025-04-04 15:19:03,992 - Quantum Trading Bot - INFO - HOLD signal for AAPL (score: 0.4280, source: quantum)
2025-04-04 15:19:03,996 - Quantum Trading Bot - INFO - Processing MSFT
2025-04-04 15:19:03,996 - Quantum Trading Bot - INFO - Mock halal compliance check for MSFT: COMPLIANT
2025-04-04 15:19:04,006 - Quantum Trading Bot - INFO - Quantum device error rate: 0.0504
2025-04-04 15:19:04,016 - Quantum Trading Bot - INFO - Quantum prediction for MSFT: 0.3822 (confidence: 0.9496)
2025-04-04 15:19:04,016 - Quantum Trading Bot - INFO - Trading signal for MSFT: 0.3822 (source: quantum)
2025-04-04 15:19:04,016 - Quantum Trading Bot - INFO - HOLD signal for MSFT (score: 0.3822, source: quantum)
2025-04-04 15:19:04,019 - Quantum Trading Bot - INFO - Processing NVDA
2025-04-04 15:19:04,019 - Quantum Trading Bot - INFO - Mock halal compliance check for NVDA: COMPLIANT
2025-04-04 15:19:04,027 - Quantum Trading Bot - INFO - Quantum device error rate: 0.0330
2025-04-04 15:19:04,030 - Quantum Trading Bot - INFO - Quantum prediction for NVDA: 0.5910 (confidence: 0.7736)
2025-04-04 15:19:04,030 - Quantum Trading Bot - INFO - Trading signal for NVDA: 0.5910 (source: quantum)
2025-04-04 15:19:04,030 - Quantum Trading Bot - INFO - HOLD signal for NVDA (score: 0.5910, source: quantum)
2025-04-04 15:19:04,039 - Quantum Trading Bot - INFO - Performance metrics saved: 40/72 winning trades
2025-04-04 15:19:04,039 - Quantum Trading Bot - INFO - Quantum prediction accuracy: 0.00
2025-04-04 15:19:04,039 - Quantum Trading Bot - INFO - Sleeping for 60 seconds
2025-04-04 15:19:51,830 - Trading System - INFO - Trading Bot is alive: True
2025-04-04 15:19:51,831 - Trading System - INFO - Monitor Bot is alive: True
2025-04-04 15:19:51,831 - Trading System - INFO - Improvement Bot is alive: True
2025-04-04 15:20:04,049 - Quantum Trading Bot - INFO - Starting trading cycle
2025-04-04 15:20:04,050 - Quantum Trading Bot - INFO - Processing AAPL
2025-04-04 15:20:04,050 - Quantum Trading Bot - INFO - Mock halal compliance check for AAPL: COMPLIANT
2025-04-04 15:20:04,071 - Quantum Trading Bot - INFO - Quantum device error rate: 0.0387
2025-04-04 15:20:04,077 - Quantum Trading Bot - INFO - Quantum prediction for AAPL: 0.3090 (confidence: 0.9613)
2025-04-04 15:20:04,077 - Quantum Trading Bot - INFO - Trading signal for AAPL: 0.3090 (source: quantum)
2025-04-04 15:20:04,077 - Quantum Trading Bot - INFO - HOLD signal for AAPL (score: 0.3090, source: quantum)
2025-04-04 15:20:04,081 - Quantum Trading Bot - INFO - Processing MSFT
2025-04-04 15:20:04,081 - Quantum Trading Bot - INFO - Mock halal compliance check for MSFT: COMPLIANT
2025-04-04 15:20:04,091 - Quantum Trading Bot - INFO - Quantum device error rate: 0.0477
2025-04-04 15:20:04,095 - Quantum Trading Bot - INFO - Quantum prediction for MSFT: 0.7480 (confidence: 0.9523)
2025-04-04 15:20:04,095 - Quantum Trading Bot - INFO - Trading signal for MSFT: 0.7480 (source: quantum)
2025-04-04 15:20:04,095 - Quantum Trading Bot - INFO - HOLD signal for MSFT (score: 0.7480, source: quantum)
2025-04-04 15:20:04,098 - Quantum Trading Bot - INFO - Processing NVDA
2025-04-04 15:20:04,098 - Quantum Trading Bot - INFO - Mock halal compliance check for NVDA: COMPLIANT
2025-04-04 15:20:04,106 - Quantum Trading Bot - INFO - Quantum device error rate: 0.0423
2025-04-04 15:20:04,110 - Quantum Trading Bot - INFO - Quantum prediction for NVDA: 0.7280 (confidence: 0.9577)
2025-04-04 15:20:04,110 - Quantum Trading Bot - INFO - Trading signal for NVDA: 0.7280 (source: quantum)
2025-04-04 15:20:04,110 - Quantum Trading Bot - INFO - HOLD signal for NVDA (score: 0.7280, source: quantum)
2025-04-04 15:20:04,119 - Quantum Trading Bot - INFO - Performance metrics saved: 40/72 winning trades
2025-04-04 15:20:04,119 - Quantum Trading Bot - INFO - Quantum prediction accuracy: 0.00
2025-04-04 15:20:04,120 - Quantum Trading Bot - INFO - Sleeping for 60 seconds
2025-04-04 15:20:53,469 - Trading System - INFO - Trading Bot is alive: True
2025-04-04 15:20:53,471 - Trading System - INFO - Monitor Bot is alive: True
2025-04-04 15:20:53,471 - Trading System - INFO - Improvement Bot is alive: True
2025-04-04 15:21:05,755 - Quantum Trading Bot - INFO - Starting trading cycle
2025-04-04 15:21:05,755 - Quantum Trading Bot - INFO - Processing AAPL
2025-04-04 15:21:05,755 - Quantum Trading Bot - INFO - Mock halal compliance check for AAPL: COMPLIANT
2025-04-04 15:21:05,777 - Quantum Trading Bot - INFO - Quantum device error rate: 0.0192
2025-04-04 15:21:05,784 - Quantum Trading Bot - INFO - Quantum prediction for AAPL: 0.2300 (confidence: 0.9808)
2025-04-04 15:21:05,784 - Quantum Trading Bot - INFO - Trading signal for AAPL: 0.2300 (source: quantum)
2025-04-04 15:21:05,784 - Quantum Trading Bot - INFO - SELL signal for AAPL (score: 0.2300, source: quantum)
2025-04-04 15:21:05,785 - Quantum Trading Bot - WARNING - Cannot sell AAPL - no position
2025-04-04 15:21:05,789 - Quantum Trading Bot - INFO - Processing MSFT
2025-04-04 15:21:05,789 - Quantum Trading Bot - INFO - Mock halal compliance check for MSFT: COMPLIANT
2025-04-04 15:21:05,799 - Quantum Trading Bot - INFO - Quantum device error rate: 0.0414
2025-04-04 15:21:05,802 - Quantum Trading Bot - INFO - Quantum prediction for MSFT: 0.5210 (confidence: 0.7669)
2025-04-04 15:21:05,802 - Quantum Trading Bot - INFO - Trading signal for MSFT: 0.5210 (source: quantum)
2025-04-04 15:21:05,802 - Quantum Trading Bot - INFO - HOLD signal for MSFT (score: 0.5210, source: quantum)
2025-04-04 15:21:05,805 - Quantum Trading Bot - INFO - Processing NVDA
2025-04-04 15:21:05,805 - Quantum Trading Bot - INFO - Mock halal compliance check for NVDA: COMPLIANT
2025-04-04 15:21:05,813 - Quantum Trading Bot - INFO - Quantum device error rate: 0.0546
2025-04-04 15:21:05,821 - Quantum Trading Bot - INFO - Quantum prediction for NVDA: 0.5087 (confidence: 0.7563)
2025-04-04 15:21:05,821 - Quantum Trading Bot - INFO - Trading signal for NVDA: 0.5087 (source: quantum)
2025-04-04 15:21:05,821 - Quantum Trading Bot - INFO - HOLD signal for NVDA (score: 0.5087, source: quantum)
2025-04-04 15:21:05,830 - Quantum Trading Bot - INFO - Performance metrics saved: 40/72 winning trades
2025-04-04 15:21:05,830 - Quantum Trading Bot - INFO - Quantum prediction accuracy: 0.00
2025-04-04 15:21:05,841 - Quantum Trading Bot - INFO - Quantum device error rate: 0.0477
2025-04-04 15:21:05,843 - Quantum Trading Bot - INFO - Quantum portfolio optimization complete: {'AAPL': np.float64(0.341796875), 'MSFT': np.float64(0.328125), 'NVDA': np.float64(0.330078125)}
2025-04-04 15:21:05,843 - Quantum Trading Bot - INFO - Optimal portfolio weights: {'AAPL': np.float64(0.341796875), 'MSFT': np.float64(0.328125), 'NVDA': np.float64(0.330078125)}
2025-04-04 15:21:05,843 - Quantum Trading Bot - INFO - Sleeping for 60 seconds
2025-04-04 15:38:20,368 - Improvement Bot - INFO - Running scheduled task: Code Quality Check - Trading Bot
2025-04-04 15:38:20,375 - Improvement Bot - INFO - Found 2 issues in trading_bot
2025-04-04 15:38:20,375 - Improvement Bot - INFO - Task Code Quality Check - Trading Bot completed successfully
2025-04-04 15:38:20,375 - Improvement Bot - INFO - Running scheduled task: Code Quality Check - Monitor Bot
2025-04-04 15:38:20,376 - Improvement Bot - INFO - No issues found in monitor_bot
2025-04-04 15:38:20,376 - Improvement Bot - WARNING - Task Code Quality Check - Monitor Bot completed with warnings
2025-04-04 15:38:20,377 - Improvement Bot - INFO - Running scheduled task: Code Quality Check - Improvement Bot
2025-04-04 15:38:20,379 - Improvement Bot - INFO - Found 6 issues in improvement_bot
2025-04-04 15:38:20,379 - Improvement Bot - INFO - Task Code Quality Check - Improvement Bot completed successfully
2025-04-04 15:38:20,379 - Improvement Bot - INFO - Running scheduled task: System Health Analysis
2025-04-04 15:38:20,383 - Improvement Bot - INFO - Win rate trend: +0.00%
2025-04-04 15:38:20,383 - Improvement Bot - INFO - Profit trend: +0.00%
2025-04-04 15:38:20,384 - Improvement Bot - INFO - System health analysis completed: healthy
2025-04-04 15:38:20,385 - Improvement Bot - INFO - Task System Health Analysis completed successfully
2025-04-04 15:38:21,417 - Trading System - INFO - Trading Bot is alive: True
2025-04-04 15:38:21,418 - Trading System - INFO - Monitor Bot is alive: True
2025-04-04 15:38:21,418 - Trading System - INFO - Improvement Bot is alive: True
2025-04-04 15:38:22,657 - Monitor Bot - INFO - Running scheduled task: Quantum System Health Check
2025-04-04 15:38:22,657 - Monitor Bot - INFO - Monitoring quantum system health
2025-04-04 15:38:22,659 - Monitor Bot - INFO - Average quantum error rate: 0.0410
2025-04-04 15:38:22,661 - Monitor Bot - INFO - Task Quantum System Health Check completed successfully
2025-04-04 15:38:33,790 - Quantum Trading Bot - INFO - Starting trading cycle
2025-04-04 15:38:33,790 - Quantum Trading Bot - INFO - Processing AAPL
2025-04-04 15:38:33,791 - Quantum Trading Bot - INFO - Mock halal compliance check for AAPL: COMPLIANT
2025-04-04 15:38:33,814 - Quantum Trading Bot - INFO - Quantum device error rate: 0.0495
2025-04-04 15:38:33,820 - Quantum Trading Bot - INFO - Quantum prediction for AAPL: 0.4040 (confidence: 0.7604)
2025-04-04 15:38:33,820 - Quantum Trading Bot - INFO - Trading signal for AAPL: 0.4040 (source: quantum)
2025-04-04 15:38:33,820 - Quantum Trading Bot - INFO - HOLD signal for AAPL (score: 0.4040, source: quantum)
2025-04-04 15:38:33,824 - Quantum Trading Bot - INFO - Processing MSFT
2025-04-04 15:38:33,824 - Quantum Trading Bot - INFO - Mock halal compliance check for MSFT: COMPLIANT
2025-04-04 15:38:33,834 - Quantum Trading Bot - INFO - Quantum device error rate: 0.0474
2025-04-04 15:38:33,838 - Quantum Trading Bot - INFO - Quantum prediction for MSFT: 0.5400 (confidence: 0.7621)
2025-04-04 15:38:33,838 - Quantum Trading Bot - INFO - Trading signal for MSFT: 0.5400 (source: quantum)
2025-04-04 15:38:33,838 - Quantum Trading Bot - INFO - HOLD signal for MSFT (score: 0.5400, source: quantum)
2025-04-04 15:38:33,841 - Quantum Trading Bot - INFO - Processing NVDA
2025-04-04 15:38:33,841 - Quantum Trading Bot - INFO - Mock halal compliance check for NVDA: COMPLIANT
2025-04-04 15:38:33,849 - Quantum Trading Bot - INFO - Quantum device error rate: 0.0345
2025-04-04 15:38:33,852 - Quantum Trading Bot - INFO - Quantum prediction for NVDA: 0.4610 (confidence: 0.7724)
2025-04-04 15:38:33,852 - Quantum Trading Bot - INFO - Trading signal for NVDA: 0.4610 (source: quantum)
2025-04-04 15:38:33,852 - Quantum Trading Bot - INFO - HOLD signal for NVDA (score: 0.4610, source: quantum)
2025-04-04 15:38:33,861 - Quantum Trading Bot - INFO - Performance metrics saved: 40/72 winning trades
2025-04-04 15:38:33,861 - Quantum Trading Bot - INFO - Quantum prediction accuracy: 0.00
2025-04-04 15:38:33,861 - Quantum Trading Bot - INFO - Sleeping for 60 seconds
2025-04-04 16:32:54,275 - Trading System - INFO - Trading Bot is alive: True
2025-04-04 16:32:54,277 - Trading System - INFO - Monitor Bot is alive: True
2025-04-04 16:32:54,277 - Trading System - INFO - Improvement Bot is alive: True
2025-04-04 16:32:55,524 - Monitor Bot - INFO - Running scheduled task: Performance Metrics
2025-04-04 16:32:55,530 - Monitor Bot - INFO - === Performance Metrics ===
2025-04-04 16:32:55,530 - Monitor Bot - INFO - Date: 2025-04-04T15:38:33.855534
2025-04-04 16:32:55,530 - Monitor Bot - INFO - Total Trades: 72
2025-04-04 16:32:55,530 - Monitor Bot - INFO - Win Rate: 55.56%
2025-04-04 16:32:55,530 - Monitor Bot - INFO - Total Profit: $18.27
2025-04-04 16:32:55,530 - Monitor Bot - INFO - Average Profit per Trade: $0.25
2025-04-04 16:32:55,530 - Monitor Bot - INFO - Average Profit Percentage: 0.09%
2025-04-04 16:32:55,530 - Monitor Bot - INFO - Maximum Drawdown: 0.10%
2025-04-04 16:32:55,530 - Monitor Bot - INFO - Quantum Prediction Accuracy: 0.00%
2025-04-04 16:32:55,530 - Monitor Bot - INFO - ============================
2025-04-04 16:32:55,537 - Monitor Bot - INFO - Task Performance Metrics completed successfully
2025-04-04 17:04:59,041 - Quantum Trading Bot - INFO - Starting trading cycle
2025-04-04 17:04:59,043 - Quantum Trading Bot - INFO - Market is closed, waiting...
2025-04-04 17:04:59,043 - Quantum Trading Bot - INFO - Sleeping for 60 seconds
2025-04-04 18:44:07,726 - Trading System - INFO - Trading Bot is alive: True
2025-04-04 18:44:07,727 - Trading System - INFO - Monitor Bot is alive: True
2025-04-04 18:44:07,727 - Trading System - INFO - Improvement Bot is alive: True
2025-04-04 18:44:08,986 - Monitor Bot - INFO - Running scheduled task: Performance Metrics
2025-04-04 18:44:08,992 - Monitor Bot - INFO - === Performance Metrics ===
2025-04-04 18:44:08,992 - Monitor Bot - INFO - Date: 2025-04-04T15:38:33.855534
2025-04-04 18:44:08,992 - Monitor Bot - INFO - Total Trades: 72
2025-04-04 18:44:08,992 - Monitor Bot - INFO - Win Rate: 55.56%
2025-04-04 18:44:08,992 - Monitor Bot - INFO - Total Profit: $18.27
2025-04-04 18:44:08,992 - Monitor Bot - INFO - Average Profit per Trade: $0.25
2025-04-04 18:44:08,992 - Monitor Bot - INFO - Average Profit Percentage: 0.09%
2025-04-04 18:44:08,992 - Monitor Bot - INFO - Maximum Drawdown: 0.10%
2025-04-04 18:44:08,993 - Monitor Bot - INFO - Quantum Prediction Accuracy: 0.00%
2025-04-04 18:44:08,993 - Monitor Bot - INFO - ============================
2025-04-04 18:44:08,998 - Monitor Bot - INFO - Task Performance Metrics completed successfully
2025-04-04 18:44:08,998 - Monitor Bot - INFO - Running scheduled task: Quantum System Health Check
2025-04-04 18:44:08,998 - Monitor Bot - INFO - Monitoring quantum system health
2025-04-04 18:44:09,000 - Monitor Bot - INFO - Average quantum error rate: 0.0467
2025-04-04 18:44:09,002 - Monitor Bot - INFO - Task Quantum System Health Check completed successfully
2025-04-04 19:15:15,186 - Quantum Trading Bot - INFO - Starting trading cycle
2025-04-04 19:15:15,188 - Quantum Trading Bot - INFO - Market is closed, waiting...
2025-04-04 19:15:15,188 - Quantum Trading Bot - INFO - Sleeping for 60 seconds
2025-04-04 20:46:08,687 - Trading System - INFO - Trading Bot is alive: True
2025-04-04 20:46:08,688 - Trading System - INFO - Monitor Bot is alive: True
2025-04-04 20:46:08,688 - Trading System - INFO - Improvement Bot is alive: True
2025-04-04 20:46:09,963 - Monitor Bot - INFO - Running scheduled task: Performance Metrics
2025-04-04 20:46:09,969 - Monitor Bot - INFO - === Performance Metrics ===
2025-04-04 20:46:09,969 - Monitor Bot - INFO - Date: 2025-04-04T15:38:33.855534
2025-04-04 20:46:09,969 - Monitor Bot - INFO - Total Trades: 72
2025-04-04 20:46:09,969 - Monitor Bot - INFO - Win Rate: 55.56%
2025-04-04 20:46:09,969 - Monitor Bot - INFO - Total Profit: $18.27
2025-04-04 20:46:09,969 - Monitor Bot - INFO - Average Profit per Trade: $0.25
2025-04-04 20:46:09,970 - Monitor Bot - INFO - Average Profit Percentage: 0.09%
2025-04-04 20:46:09,970 - Monitor Bot - INFO - Maximum Drawdown: 0.10%
2025-04-04 20:46:09,970 - Monitor Bot - INFO - Quantum Prediction Accuracy: 0.00%
2025-04-04 20:46:09,970 - Monitor Bot - INFO - ============================
2025-04-04 20:46:09,973 - Monitor Bot - INFO - Task Performance Metrics completed successfully
2025-04-04 21:17:22,621 - Quantum Trading Bot - INFO - Starting trading cycle
2025-04-04 21:17:22,622 - Quantum Trading Bot - INFO - Market is closed, waiting...
2025-04-04 21:17:22,622 - Quantum Trading Bot - INFO - Sleeping for 60 seconds
2025-04-04 23:03:44,860 - Trading System - INFO - Trading Bot is alive: True
2025-04-04 23:03:44,863 - Trading System - INFO - Monitor Bot is alive: True
2025-04-04 23:03:44,863 - Trading System - INFO - Improvement Bot is alive: True
2025-04-04 23:03:46,145 - Monitor Bot - INFO - Running scheduled task: Quantum System Health Check
2025-04-04 23:03:46,145 - Monitor Bot - INFO - Monitoring quantum system health
2025-04-04 23:03:46,147 - Monitor Bot - INFO - Average quantum error rate: 0.0467
2025-04-04 23:03:46,149 - Monitor Bot - INFO - Task Quantum System Health Check completed successfully
2025-04-04 23:03:46,149 - Monitor Bot - INFO - Running scheduled task: Performance Metrics
2025-04-04 23:03:46,153 - Monitor Bot - INFO - === Performance Metrics ===
2025-04-04 23:03:46,154 - Monitor Bot - INFO - Date: 2025-04-04T15:38:33.855534
2025-04-04 23:03:46,154 - Monitor Bot - INFO - Total Trades: 72
2025-04-04 23:03:46,154 - Monitor Bot - INFO - Win Rate: 55.56%
2025-04-04 23:03:46,154 - Monitor Bot - INFO - Total Profit: $18.27
2025-04-04 23:03:46,154 - Monitor Bot - INFO - Average Profit per Trade: $0.25
2025-04-04 23:03:46,154 - Monitor Bot - INFO - Average Profit Percentage: 0.09%
2025-04-04 23:03:46,154 - Monitor Bot - INFO - Maximum Drawdown: 0.10%
2025-04-04 23:03:46,154 - Monitor Bot - INFO - Quantum Prediction Accuracy: 0.00%
2025-04-04 23:03:46,154 - Monitor Bot - INFO - ============================
2025-04-04 23:03:46,158 - Monitor Bot - INFO - Task Performance Metrics completed successfully
2025-04-04 23:36:22,721 - Quantum Trading Bot - INFO - Starting trading cycle
2025-04-04 23:36:22,721 - Quantum Trading Bot - INFO - Market is closed, waiting...
2025-04-04 23:36:22,722 - Quantum Trading Bot - INFO - Sleeping for 60 seconds
2025-04-05 01:41:29,376 - Trading System - INFO - Trading Bot is alive: True
2025-04-05 01:41:29,378 - Trading System - INFO - Monitor Bot is alive: True
2025-04-05 01:41:29,378 - Trading System - INFO - Improvement Bot is alive: True
2025-04-05 01:41:30,673 - Monitor Bot - INFO - Running scheduled task: Performance Metrics
2025-04-05 01:41:30,678 - Monitor Bot - INFO - === Performance Metrics ===
2025-04-05 01:41:30,679 - Monitor Bot - INFO - Date: 2025-04-04T15:38:33.855534
2025-04-05 01:41:30,679 - Monitor Bot - INFO - Total Trades: 72
2025-04-05 01:41:30,679 - Monitor Bot - INFO - Win Rate: 55.56%
2025-04-05 01:41:30,679 - Monitor Bot - INFO - Total Profit: $18.27
2025-04-05 01:41:30,679 - Monitor Bot - INFO - Average Profit per Trade: $0.25
2025-04-05 01:41:30,679 - Monitor Bot - INFO - Average Profit Percentage: 0.09%
2025-04-05 01:41:30,679 - Monitor Bot - INFO - Maximum Drawdown: 0.10%
2025-04-05 01:41:30,679 - Monitor Bot - INFO - Quantum Prediction Accuracy: 0.00%
2025-04-05 01:41:30,679 - Monitor Bot - INFO - ============================
2025-04-05 01:41:30,686 - Monitor Bot - INFO - Task Performance Metrics completed successfully
2025-04-05 02:15:35,171 - Quantum Trading Bot - INFO - Starting trading cycle
2025-04-05 02:15:35,172 - Quantum Trading Bot - INFO - Market is closed, waiting...
2025-04-05 02:15:35,172 - Quantum Trading Bot - INFO - Sleeping for 60 seconds
2025-04-05 04:40:57,883 - Trading System - INFO - Trading Bot is alive: True
2025-04-05 04:40:57,886 - Trading System - INFO - Monitor Bot is alive: True
2025-04-05 04:40:57,886 - Trading System - INFO - Improvement Bot is alive: True
2025-04-05 04:40:59,198 - Monitor Bot - INFO - Running scheduled task: Quantum System Health Check
2025-04-05 04:40:59,198 - Monitor Bot - INFO - Monitoring quantum system health
2025-04-05 04:40:59,200 - Monitor Bot - INFO - Average quantum error rate: 0.0467
2025-04-05 04:40:59,202 - Monitor Bot - INFO - Task Quantum System Health Check completed successfully
2025-04-05 04:40:59,203 - Monitor Bot - INFO - Running scheduled task: Performance Metrics
2025-04-05 04:40:59,207 - Monitor Bot - INFO - === Performance Metrics ===
2025-04-05 04:40:59,207 - Monitor Bot - INFO - Date: 2025-04-04T15:38:33.855534
2025-04-05 04:40:59,207 - Monitor Bot - INFO - Total Trades: 72
2025-04-05 04:40:59,207 - Monitor Bot - INFO - Win Rate: 55.56%
2025-04-05 04:40:59,207 - Monitor Bot - INFO - Total Profit: $18.27
2025-04-05 04:40:59,207 - Monitor Bot - INFO - Average Profit per Trade: $0.25
2025-04-05 04:40:59,207 - Monitor Bot - INFO - Average Profit Percentage: 0.09%
2025-04-05 04:40:59,207 - Monitor Bot - INFO - Maximum Drawdown: 0.10%
2025-04-05 04:40:59,208 - Monitor Bot - INFO - Quantum Prediction Accuracy: 0.00%
2025-04-05 04:40:59,208 - Monitor Bot - INFO - ============================
2025-04-05 04:40:59,224 - Monitor Bot - INFO - Task Performance Metrics completed successfully
2025-04-05 05:13:28,667 - Quantum Trading Bot - INFO - Starting trading cycle
2025-04-05 05:13:28,668 - Quantum Trading Bot - INFO - Market is closed, waiting...
2025-04-05 05:13:28,669 - Quantum Trading Bot - INFO - Sleeping for 60 seconds
2025-04-05 07:28:45,217 - Trading System - INFO - Trading Bot is alive: True
2025-04-05 07:28:45,218 - Trading System - INFO - Monitor Bot is alive: True
2025-04-05 07:28:45,218 - Trading System - INFO - Improvement Bot is alive: True
2025-04-05 07:28:46,557 - Monitor Bot - INFO - Running scheduled task: Performance Metrics
2025-04-05 07:28:46,563 - Monitor Bot - INFO - === Performance Metrics ===
2025-04-05 07:28:46,563 - Monitor Bot - INFO - Date: 2025-04-04T15:38:33.855534
2025-04-05 07:28:46,563 - Monitor Bot - INFO - Total Trades: 72
2025-04-05 07:28:46,563 - Monitor Bot - INFO - Win Rate: 55.56%
2025-04-05 07:28:46,563 - Monitor Bot - INFO - Total Profit: $18.27
2025-04-05 07:28:46,563 - Monitor Bot - INFO - Average Profit per Trade: $0.25
2025-04-05 07:28:46,563 - Monitor Bot - INFO - Average Profit Percentage: 0.09%
2025-04-05 07:28:46,563 - Monitor Bot - INFO - Maximum Drawdown: 0.10%
2025-04-05 07:28:46,564 - Monitor Bot - INFO - Quantum Prediction Accuracy: 0.00%
2025-04-05 07:28:46,564 - Monitor Bot - INFO - ============================
2025-04-05 07:28:46,568 - Monitor Bot - INFO - Task Performance Metrics completed successfully
2025-04-05 08:00:55,906 - Quantum Trading Bot - INFO - Starting trading cycle
2025-04-05 08:00:55,906 - Quantum Trading Bot - INFO - Market is closed, waiting...
2025-04-05 08:00:55,906 - Quantum Trading Bot - INFO - Sleeping for 60 seconds
2025-04-05 10:01:40,607 - Trading System - INFO - Trading Bot is alive: True
2025-04-05 10:01:40,608 - Trading System - INFO - Monitor Bot is alive: True
2025-04-05 10:01:40,608 - Trading System - INFO - Improvement Bot is alive: True
2025-04-05 10:01:41,955 - Monitor Bot - INFO - Running scheduled task: Quantum System Health Check
2025-04-05 10:01:41,955 - Monitor Bot - INFO - Monitoring quantum system health
2025-04-05 10:01:41,957 - Monitor Bot - INFO - Average quantum error rate: 0.0467
2025-04-05 10:01:41,959 - Monitor Bot - INFO - Task Quantum System Health Check completed successfully
2025-04-05 10:01:41,960 - Monitor Bot - INFO - Running scheduled task: Performance Metrics
2025-04-05 10:01:41,963 - Monitor Bot - INFO - === Performance Metrics ===
2025-04-05 10:01:41,963 - Monitor Bot - INFO - Date: 2025-04-04T15:38:33.855534
2025-04-05 10:01:41,963 - Monitor Bot - INFO - Total Trades: 72
2025-04-05 10:01:41,963 - Monitor Bot - INFO - Win Rate: 55.56%
2025-04-05 10:01:41,963 - Monitor Bot - INFO - Total Profit: $18.27
2025-04-05 10:01:41,963 - Monitor Bot - INFO - Average Profit per Trade: $0.25
2025-04-05 10:01:41,963 - Monitor Bot - INFO - Average Profit Percentage: 0.09%
2025-04-05 10:01:41,963 - Monitor Bot - INFO - Maximum Drawdown: 0.10%
2025-04-05 10:01:41,963 - Monitor Bot - INFO - Quantum Prediction Accuracy: 0.00%
2025-04-05 10:01:41,963 - Monitor Bot - INFO - ============================
2025-04-05 10:01:41,966 - Monitor Bot - INFO - Task Performance Metrics completed successfully
2025-04-05 10:01:41,966 - Monitor Bot - INFO - Running scheduled task: Performance Charts
