2025-04-01 09:31:46,747 - Trading System - INFO - Configuration loaded successfully
2025-04-01 09:31:47,007 - Platform Factory - INFO - Platform factory initialized with trading mode: paper
2025-04-01 09:31:47,007 - Trading System - INFO - Initialized platform factory with new adapters
2025-04-01 09:31:47,007 - Trading System - INFO - Environment variables loaded
2025-04-01 09:31:47,026 - Trading System - INFO - Encryption key loaded
2025-04-01 09:31:47,027 - Trading System - INFO - Fixed syntax error in improvement_bot.py
2025-04-01 09:31:47,462 - Trading System - INFO - scikit-learn is available (version 1.6.1)
2025-04-01 09:31:47,463 - Quantum Trading Bot - INFO - Attempting to import quantum libraries...
2025-04-01 09:31:48,101 - qiskit.passmanager.base_tasks - INFO - Pass: UnrollCustomDefinitions - 0.32997 (ms)
2025-04-01 09:31:48,101 - qiskit.transpiler.passes.basis.basis_translator - INFO - Begin BasisTranslator from source basis {('u3', 1)} to target basis {'u', 'measure', 'x', 'cx', 'p', 'delay', 'store', 'snapshot', 'rx', 'ry', 'z', 'barrier', 'reset', 'rz'}.
2025-04-01 09:31:48,102 - qiskit.transpiler.passes.basis.basis_translator - INFO - Basis translation path search completed in 0.001s.
2025-04-01 09:31:48,103 - qiskit.transpiler.passes.basis.basis_translator - INFO - Basis translation paths composed in 0.001s.
2025-04-01 09:31:48,104 - qiskit.transpiler.passes.basis.basis_translator - INFO - Basis translation instructions replaced in 0.001s.
2025-04-01 09:31:48,104 - qiskit.passmanager.base_tasks - INFO - Pass: BasisTranslator - 2.66099 (ms)
2025-04-01 09:31:48,108 - Quantum Trading Bot - INFO - Quantum libraries successfully imported: PennyLane 0.40.0, Qiskit 1.2.4
2025-04-01 09:31:48,111 - Quantum Trading Bot - INFO - ========== TRADING LOOP FUNCTION ENTERED ==========
2025-04-01 09:31:48,111 - Trading System - INFO - Started Trading Bot
2025-04-01 09:31:48,112 - Monitor Bot - INFO - Starting monitoring loop
2025-04-01 09:31:48,112 - Trading System - INFO - Started Monitor Bot
2025-04-01 09:31:48,112 - Quantum Trading Bot - INFO - Configuration loaded successfully
2025-04-01 09:31:48,112 - Improvement Bot - INFO - Starting improvement bot
2025-04-01 09:31:48,112 - Trading System - INFO - Started Improvement Bot
2025-04-01 09:31:48,112 - Trading System - INFO - Trading Bot is alive: True
2025-04-01 09:31:48,112 - Trading System - INFO - All bots started. Press Ctrl+C to exit.
2025-04-01 09:31:48,112 - Trading System - INFO - Monitor Bot is alive: True
2025-04-01 09:31:48,112 - Trading System - INFO - Improvement Bot is alive: True
2025-04-01 09:31:48,112 - Improvement Bot - INFO - Configuration loaded successfully
2025-04-01 09:31:48,112 - Quantum Trading Bot - INFO - Trade history loaded
2025-04-01 09:31:48,113 - Quantum Trading Bot - INFO - Initialized PennyLane quantum device: default.qubit
2025-04-01 09:31:48,113 - Quantum Trading Bot - INFO - Mock adapter initialized
2025-04-01 09:31:48,115 - Improvement Bot - INFO - Running scheduled task: System Backup
2025-04-01 09:31:48,116 - Quantum Trading Bot - INFO - Starting trading cycle
2025-04-01 09:31:48,116 - Quantum Trading Bot - INFO - Processing AAPL
2025-04-01 09:31:48,116 - Quantum Trading Bot - INFO - Mock halal compliance check for AAPL: COMPLIANT
2025-04-01 09:31:48,124 - Monitor Bot - INFO - Running scheduled task: Initial Performance Metrics
2025-04-01 09:31:48,126 - Monitor Bot - INFO - === Performance Metrics ===
2025-04-01 09:31:48,126 - Monitor Bot - INFO - Date: 2025-03-31T15:52:36.787208
2025-04-01 09:31:48,126 - Monitor Bot - INFO - Total Trades: 72
2025-04-01 09:31:48,126 - Monitor Bot - INFO - Win Rate: 55.56%
2025-04-01 09:31:48,126 - Monitor Bot - INFO - Total Profit: $18.27
2025-04-01 09:31:48,126 - Monitor Bot - INFO - Average Profit per Trade: $0.25
2025-04-01 09:31:48,126 - Monitor Bot - INFO - Average Profit Percentage: 0.09%
2025-04-01 09:31:48,126 - Monitor Bot - INFO - Maximum Drawdown: 0.10%
2025-04-01 09:31:48,126 - Monitor Bot - INFO - Quantum Prediction Accuracy: 0.00%
2025-04-01 09:31:48,126 - Monitor Bot - INFO - ============================
2025-04-01 09:31:48,132 - Monitor Bot - INFO - Task Initial Performance Metrics completed successfully
2025-04-01 09:31:48,132 - Monitor Bot - INFO - Running scheduled task: Initial API Health Check
2025-04-01 09:31:48,132 - WebUll Adapter - INFO - Generated device ID for WebUll: TradingBot-05e9fc221408
2025-04-01 09:31:48,133 - WebUll Adapter - INFO - WebUll Adapter initialized in paper trading mode
2025-04-01 09:31:48,134 - Platform Factory - INFO - Created WebUll adapter in paper mode
2025-04-01 09:31:48,138 - Quantum Trading Bot - INFO - Quantum device error rate: 0.0360
2025-04-01 09:31:48,140 - Improvement Bot - INFO - System snapshot created at backups/snapshot_20250401_093148
2025-04-01 09:31:48,140 - Improvement Bot - INFO - Task System Backup completed successfully
2025-04-01 09:31:48,140 - Improvement Bot - INFO - Running scheduled task: Code Quality Check - Trading Bot
2025-04-01 09:31:48,140 - Quantum Trading Bot - INFO - Quantum prediction for AAPL: 0.6050 (confidence: 0.9640)
2025-04-01 09:31:48,140 - Quantum Trading Bot - INFO - Trading signal for AAPL: 0.6050 (source: quantum)
2025-04-01 09:31:48,140 - Quantum Trading Bot - INFO - HOLD signal for AAPL (score: 0.6050, source: quantum)
2025-04-01 09:31:48,141 - Quantum Trading Bot - INFO - Processing MSFT
2025-04-01 09:31:48,141 - Quantum Trading Bot - INFO - Mock halal compliance check for MSFT: COMPLIANT
2025-04-01 09:31:48,143 - Improvement Bot - INFO - Found 2 issues in trading_bot
2025-04-01 09:31:48,143 - Improvement Bot - INFO - Task Code Quality Check - Trading Bot completed successfully
2025-04-01 09:31:48,143 - Improvement Bot - INFO - Running scheduled task: Code Quality Check - Monitor Bot
2025-04-01 09:31:48,144 - Improvement Bot - INFO - No issues found in monitor_bot
2025-04-01 09:31:48,144 - Improvement Bot - WARNING - Task Code Quality Check - Monitor Bot completed with warnings
2025-04-01 09:31:48,144 - Improvement Bot - INFO - Running scheduled task: Code Quality Check - Improvement Bot
2025-04-01 09:31:48,144 - Improvement Bot - INFO - Found 6 issues in improvement_bot
2025-04-01 09:31:48,144 - Improvement Bot - INFO - Task Code Quality Check - Improvement Bot completed successfully
2025-04-01 09:31:48,144 - Improvement Bot - INFO - Running scheduled task: ML Model Optimization
2025-04-01 09:31:48,145 - Improvement Bot - INFO - No ML models found to optimize
2025-04-01 09:31:48,145 - Improvement Bot - WARNING - Task ML Model Optimization completed with warnings
2025-04-01 09:31:48,145 - Improvement Bot - INFO - Running scheduled task: Quantum Circuit Optimization
2025-04-01 09:31:48,145 - Improvement Bot - INFO - Starting quantum circuit optimization
2025-04-01 09:31:48,145 - Improvement Bot - INFO - No quantum model files found to optimize
2025-04-01 09:31:48,145 - Improvement Bot - WARNING - Task Quantum Circuit Optimization completed with warnings
2025-04-01 09:31:48,145 - Improvement Bot - INFO - Running scheduled task: Quantum Error Analysis
2025-04-01 09:31:48,145 - Improvement Bot - INFO - Analyzing quantum error rates
2025-04-01 09:31:48,146 - Improvement Bot - INFO - Quantum error analysis completed: avg error 0.0360, trend +0.0000
2025-04-01 09:31:48,146 - Improvement Bot - INFO - Task Quantum Error Analysis completed successfully
2025-04-01 09:31:48,146 - Improvement Bot - INFO - Running scheduled task: Quantum Prediction Analysis
2025-04-01 09:31:48,146 - Improvement Bot - INFO - Evaluating quantum prediction accuracy
2025-04-01 09:31:48,146 - Improvement Bot - INFO - No completed quantum predictions found
2025-04-01 09:31:48,146 - Improvement Bot - WARNING - Task Quantum Prediction Analysis completed with warnings
2025-04-01 09:31:48,147 - Improvement Bot - INFO - Running scheduled task: Quantum Weight Optimization
2025-04-01 09:31:48,147 - Improvement Bot - INFO - Generated new quantum-optimized weights
2025-04-01 09:31:48,147 - Improvement Bot - INFO - Task Quantum Weight Optimization completed successfully
2025-04-01 09:31:48,147 - Improvement Bot - INFO - Running scheduled task: System Health Analysis
2025-04-01 09:31:48,148 - Improvement Bot - INFO - Win rate trend: +0.00%
2025-04-01 09:31:48,148 - Improvement Bot - INFO - Profit trend: +0.00%
2025-04-01 09:31:48,149 - Improvement Bot - INFO - System health analysis completed: healthy
2025-04-01 09:31:48,149 - Improvement Bot - INFO - Task System Health Analysis completed successfully
2025-04-01 09:31:48,150 - Quantum Trading Bot - INFO - Quantum device error rate: 0.0357
2025-04-01 09:31:48,152 - Quantum Trading Bot - INFO - Quantum prediction for MSFT: 0.4360 (confidence: 0.7714)
2025-04-01 09:31:48,152 - Quantum Trading Bot - INFO - Trading signal for MSFT: 0.4360 (source: quantum)
2025-04-01 09:31:48,152 - Quantum Trading Bot - INFO - HOLD signal for MSFT (score: 0.4360, source: quantum)
2025-04-01 09:31:48,152 - Quantum Trading Bot - INFO - Processing NVDA
2025-04-01 09:31:48,152 - Quantum Trading Bot - INFO - Mock halal compliance check for NVDA: COMPLIANT
2025-04-01 09:31:48,162 - Quantum Trading Bot - INFO - Quantum device error rate: 0.0456
2025-04-01 09:31:48,164 - Quantum Trading Bot - INFO - Quantum prediction for NVDA: 0.6100 (confidence: 0.9544)
2025-04-01 09:31:48,164 - Quantum Trading Bot - INFO - Trading signal for NVDA: 0.6100 (source: quantum)
2025-04-01 09:31:48,164 - Quantum Trading Bot - INFO - HOLD signal for NVDA (score: 0.6100, source: quantum)
2025-04-01 09:31:48,167 - Quantum Trading Bot - INFO - Performance metrics saved: 40/72 winning trades
2025-04-01 09:31:48,167 - Quantum Trading Bot - INFO - Quantum prediction accuracy: 0.00
2025-04-01 09:31:48,167 - Quantum Trading Bot - INFO - Sleeping for 60 seconds
2025-04-01 09:31:48,593 - WebUll Adapter - INFO - Authentication successful
2025-04-01 09:31:49,131 - Zoya Adapter - INFO - Zoya Adapter initialized in sandbox mode
2025-04-01 09:31:49,132 - Platform Factory - INFO - Created Zoya adapter in sandbox mode
2025-04-01 09:31:49,253 - Monitor Bot - INFO - === API Health Status ===
2025-04-01 09:31:49,253 - Monitor Bot - INFO - WebUll API: OK
2025-04-01 09:31:49,253 - Monitor Bot - INFO - Zoya API: OK
2025-04-01 09:31:49,253 - Monitor Bot - INFO - =======================
2025-04-01 09:31:49,253 - Monitor Bot - INFO - Task Initial API Health Check completed successfully
2025-04-01 09:31:49,253 - Monitor Bot - INFO - Running scheduled task: Initial Legal Compliance Report
2025-04-01 09:31:49,256 - Monitor Bot - INFO - Legal compliance report generated at legal/compliance_reports/compliance_report_20250401.json
2025-04-01 09:31:49,256 - Monitor Bot - INFO - Task Initial Legal Compliance Report completed successfully
2025-04-01 09:31:49,256 - Monitor Bot - INFO - Running scheduled task: Initial Quantum System Health Check
2025-04-01 09:31:49,256 - Monitor Bot - INFO - Monitoring quantum system health
2025-04-01 09:31:49,256 - Monitor Bot - INFO - Average quantum error rate: 0.0391
2025-04-01 09:31:49,257 - Monitor Bot - INFO - Task Initial Quantum System Health Check completed successfully
2025-04-01 09:32:48,114 - Trading System - INFO - Trading Bot is alive: True
2025-04-01 09:32:48,115 - Trading System - INFO - Monitor Bot is alive: True
2025-04-01 09:32:48,115 - Trading System - INFO - Improvement Bot is alive: True
2025-04-01 09:32:48,170 - Quantum Trading Bot - INFO - Starting trading cycle
2025-04-01 09:32:48,170 - Quantum Trading Bot - INFO - Processing AAPL
2025-04-01 09:32:48,170 - Quantum Trading Bot - INFO - Mock halal compliance check for AAPL: COMPLIANT
2025-04-01 09:32:48,195 - Quantum Trading Bot - INFO - Quantum device error rate: 0.0450
2025-04-01 09:32:48,199 - Quantum Trading Bot - INFO - Quantum prediction for AAPL: 0.0810 (confidence: 0.9550)
2025-04-01 09:32:48,199 - Quantum Trading Bot - INFO - Trading signal for AAPL: 0.0810 (source: quantum)
2025-04-01 09:32:48,199 - Quantum Trading Bot - INFO - SELL signal for AAPL (score: 0.0810, source: quantum)
2025-04-01 09:32:48,202 - Quantum Trading Bot - WARNING - Cannot sell AAPL - no position
2025-04-01 09:32:48,202 - Quantum Trading Bot - INFO - Processing MSFT
2025-04-01 09:32:48,202 - Quantum Trading Bot - INFO - Mock halal compliance check for MSFT: COMPLIANT
2025-04-01 09:32:48,213 - Quantum Trading Bot - INFO - Quantum device error rate: 0.0375
2025-04-01 09:32:48,216 - Quantum Trading Bot - INFO - Quantum prediction for MSFT: 0.7840 (confidence: 0.9625)
2025-04-01 09:32:48,216 - Quantum Trading Bot - INFO - Trading signal for MSFT: 0.7840 (source: quantum)
2025-04-01 09:32:48,216 - Quantum Trading Bot - INFO - HOLD signal for MSFT (score: 0.7840, source: quantum)
2025-04-01 09:32:48,216 - Quantum Trading Bot - INFO - Processing NVDA
2025-04-01 09:32:48,216 - Quantum Trading Bot - INFO - Mock halal compliance check for NVDA: COMPLIANT
2025-04-01 09:32:48,225 - Quantum Trading Bot - INFO - Quantum device error rate: 0.0477
2025-04-01 09:32:48,227 - Quantum Trading Bot - INFO - Quantum prediction for NVDA: 0.8230 (confidence: 0.9523)
2025-04-01 09:32:48,227 - Quantum Trading Bot - INFO - Trading signal for NVDA: 0.8230 (source: quantum)
2025-04-01 09:32:48,227 - Quantum Trading Bot - INFO - HOLD signal for NVDA (score: 0.8230, source: quantum)
2025-04-01 09:32:48,231 - Quantum Trading Bot - INFO - Performance metrics saved: 40/72 winning trades
2025-04-01 09:32:48,231 - Quantum Trading Bot - INFO - Quantum prediction accuracy: 0.00
2025-04-01 09:32:48,231 - Quantum Trading Bot - INFO - Sleeping for 60 seconds
2025-04-01 09:33:48,117 - Trading System - INFO - Trading Bot is alive: True
2025-04-01 09:33:48,118 - Trading System - INFO - Monitor Bot is alive: True
2025-04-01 09:33:48,119 - Trading System - INFO - Improvement Bot is alive: True
2025-04-01 09:33:48,233 - Quantum Trading Bot - INFO - Starting trading cycle
2025-04-01 09:33:48,234 - Quantum Trading Bot - INFO - Processing AAPL
2025-04-01 09:33:48,234 - Quantum Trading Bot - INFO - Mock halal compliance check for AAPL: COMPLIANT
2025-04-01 09:33:48,259 - Quantum Trading Bot - INFO - Quantum device error rate: 0.0336
2025-04-01 09:33:48,263 - Quantum Trading Bot - INFO - Quantum prediction for AAPL: 0.3470 (confidence: 0.9664)
2025-04-01 09:33:48,263 - Quantum Trading Bot - INFO - Trading signal for AAPL: 0.3470 (source: quantum)
2025-04-01 09:33:48,263 - Quantum Trading Bot - INFO - HOLD signal for AAPL (score: 0.3470, source: quantum)
2025-04-01 09:33:48,263 - Quantum Trading Bot - INFO - Processing MSFT
2025-04-01 09:33:48,263 - Quantum Trading Bot - INFO - Mock halal compliance check for MSFT: COMPLIANT
2025-04-01 09:33:48,275 - Quantum Trading Bot - INFO - Quantum device error rate: 0.0417
2025-04-01 09:33:48,278 - Quantum Trading Bot - INFO - Quantum prediction for MSFT: 0.3310 (confidence: 0.9583)
2025-04-01 09:33:48,278 - Quantum Trading Bot - INFO - Trading signal for MSFT: 0.3310 (source: quantum)
2025-04-01 09:33:48,278 - Quantum Trading Bot - INFO - HOLD signal for MSFT (score: 0.3310, source: quantum)
2025-04-01 09:33:48,278 - Quantum Trading Bot - INFO - Processing NVDA
2025-04-01 09:33:48,278 - Quantum Trading Bot - INFO - Mock halal compliance check for NVDA: COMPLIANT
2025-04-01 09:33:48,288 - Quantum Trading Bot - INFO - Quantum device error rate: 0.0516
2025-04-01 09:33:48,295 - Quantum Trading Bot - INFO - Quantum prediction for NVDA: 0.4968 (confidence: 0.7587)
2025-04-01 09:33:48,295 - Quantum Trading Bot - INFO - Trading signal for NVDA: 0.4968 (source: quantum)
2025-04-01 09:33:48,295 - Quantum Trading Bot - INFO - HOLD signal for NVDA (score: 0.4968, source: quantum)
2025-04-01 09:33:48,299 - Quantum Trading Bot - INFO - Performance metrics saved: 40/72 winning trades
2025-04-01 09:33:48,299 - Quantum Trading Bot - INFO - Quantum prediction accuracy: 0.00
2025-04-01 09:33:48,299 - Quantum Trading Bot - INFO - Sleeping for 60 seconds
2025-04-01 09:34:48,121 - Trading System - INFO - Trading Bot is alive: True
2025-04-01 09:34:48,122 - Trading System - INFO - Monitor Bot is alive: True
2025-04-01 09:34:48,122 - Trading System - INFO - Improvement Bot is alive: True
2025-04-01 09:34:48,301 - Quantum Trading Bot - INFO - Starting trading cycle
2025-04-01 09:34:48,302 - Quantum Trading Bot - INFO - Processing AAPL
2025-04-01 09:34:48,302 - Quantum Trading Bot - INFO - Mock halal compliance check for AAPL: COMPLIANT
2025-04-01 09:34:48,329 - Quantum Trading Bot - INFO - Quantum device error rate: 0.0372
2025-04-01 09:34:48,334 - Quantum Trading Bot - INFO - Quantum prediction for AAPL: 0.0370 (confidence: 0.9628)
2025-04-01 09:34:48,334 - Quantum Trading Bot - INFO - Trading signal for AAPL: 0.0370 (source: quantum)
2025-04-01 09:34:48,334 - Quantum Trading Bot - INFO - SELL signal for AAPL (score: 0.0370, source: quantum)
2025-04-01 09:34:48,336 - Quantum Trading Bot - WARNING - Cannot sell AAPL - no position
2025-04-01 09:34:48,336 - Quantum Trading Bot - INFO - Processing MSFT
2025-04-01 09:34:48,336 - Quantum Trading Bot - INFO - Mock halal compliance check for MSFT: COMPLIANT
2025-04-01 09:34:48,348 - Quantum Trading Bot - INFO - Quantum device error rate: 0.0459
2025-04-01 09:34:48,351 - Quantum Trading Bot - INFO - Quantum prediction for MSFT: 0.4890 (confidence: 0.7633)
2025-04-01 09:34:48,351 - Quantum Trading Bot - INFO - Trading signal for MSFT: 0.4890 (source: quantum)
2025-04-01 09:34:48,351 - Quantum Trading Bot - INFO - HOLD signal for MSFT (score: 0.4890, source: quantum)
2025-04-01 09:34:48,352 - Quantum Trading Bot - INFO - Processing NVDA
2025-04-01 09:34:48,352 - Quantum Trading Bot - INFO - Mock halal compliance check for NVDA: COMPLIANT
2025-04-01 09:34:48,361 - Quantum Trading Bot - INFO - Quantum device error rate: 0.0240
2025-04-01 09:34:48,364 - Quantum Trading Bot - INFO - Quantum prediction for NVDA: 0.5520 (confidence: 0.7808)
2025-04-01 09:34:48,364 - Quantum Trading Bot - INFO - Trading signal for NVDA: 0.5520 (source: quantum)
2025-04-01 09:34:48,364 - Quantum Trading Bot - INFO - HOLD signal for NVDA (score: 0.5520, source: quantum)
2025-04-01 09:34:48,368 - Quantum Trading Bot - INFO - Performance metrics saved: 40/72 winning trades
2025-04-01 09:34:48,368 - Quantum Trading Bot - INFO - Quantum prediction accuracy: 0.00
2025-04-01 09:34:48,368 - Quantum Trading Bot - INFO - Sleeping for 60 seconds
2025-04-01 09:35:48,121 - Trading System - INFO - Trading Bot is alive: True
2025-04-01 09:35:48,122 - Trading System - INFO - Monitor Bot is alive: True
2025-04-01 09:35:48,122 - Trading System - INFO - Improvement Bot is alive: True
2025-04-01 09:35:48,370 - Quantum Trading Bot - INFO - Starting trading cycle
2025-04-01 09:35:48,370 - Quantum Trading Bot - INFO - Processing AAPL
2025-04-01 09:35:48,370 - Quantum Trading Bot - INFO - Mock halal compliance check for AAPL: COMPLIANT
2025-04-01 09:35:48,381 - Quantum Trading Bot - INFO - Quantum device error rate: 0.0456
2025-04-01 09:35:48,384 - Quantum Trading Bot - INFO - Quantum prediction for AAPL: 0.3760 (confidence: 0.9544)
2025-04-01 09:35:48,384 - Quantum Trading Bot - INFO - Trading signal for AAPL: 0.3760 (source: quantum)
2025-04-01 09:35:48,384 - Quantum Trading Bot - INFO - HOLD signal for AAPL (score: 0.3760, source: quantum)
2025-04-01 09:35:48,385 - Quantum Trading Bot - INFO - Processing MSFT
2025-04-01 09:35:48,385 - Quantum Trading Bot - INFO - Mock halal compliance check for MSFT: COMPLIANT
2025-04-01 09:35:48,393 - Quantum Trading Bot - INFO - Quantum device error rate: 0.0300
2025-04-01 09:35:48,396 - Quantum Trading Bot - INFO - Quantum prediction for MSFT: 0.2310 (confidence: 0.9700)
2025-04-01 09:35:48,396 - Quantum Trading Bot - INFO - Trading signal for MSFT: 0.2310 (source: quantum)
2025-04-01 09:35:48,396 - Quantum Trading Bot - INFO - SELL signal for MSFT (score: 0.2310, source: quantum)
2025-04-01 09:35:48,396 - Quantum Trading Bot - WARNING - Cannot sell MSFT - no position
2025-04-01 09:35:48,396 - Quantum Trading Bot - INFO - Processing NVDA
2025-04-01 09:35:48,397 - Quantum Trading Bot - INFO - Mock halal compliance check for NVDA: COMPLIANT
2025-04-01 09:35:48,404 - Quantum Trading Bot - INFO - Quantum device error rate: 0.0327
2025-04-01 09:35:48,406 - Quantum Trading Bot - INFO - Quantum prediction for NVDA: 0.1870 (confidence: 0.9673)
2025-04-01 09:35:48,406 - Quantum Trading Bot - INFO - Trading signal for NVDA: 0.1870 (source: quantum)
2025-04-01 09:35:48,406 - Quantum Trading Bot - INFO - SELL signal for NVDA (score: 0.1870, source: quantum)
2025-04-01 09:35:48,407 - Quantum Trading Bot - WARNING - Cannot sell NVDA - no position
2025-04-01 09:35:48,410 - Quantum Trading Bot - INFO - Performance metrics saved: 40/72 winning trades
2025-04-01 09:35:48,410 - Quantum Trading Bot - INFO - Quantum prediction accuracy: 0.00
2025-04-01 09:35:48,410 - Quantum Trading Bot - INFO - Sleeping for 60 seconds
2025-04-01 09:36:48,122 - Trading System - INFO - Trading Bot is alive: True
2025-04-01 09:36:48,123 - Trading System - INFO - Monitor Bot is alive: True
2025-04-01 09:36:48,123 - Trading System - INFO - Improvement Bot is alive: True
2025-04-01 09:36:48,411 - Quantum Trading Bot - INFO - Starting trading cycle
2025-04-01 09:36:48,411 - Quantum Trading Bot - INFO - Processing AAPL
2025-04-01 09:36:48,411 - Quantum Trading Bot - INFO - Mock halal compliance check for AAPL: COMPLIANT
2025-04-01 09:36:48,437 - Quantum Trading Bot - INFO - Quantum device error rate: 0.0399
2025-04-01 09:36:48,441 - Quantum Trading Bot - INFO - Quantum prediction for AAPL: 0.7000 (confidence: 0.9601)
2025-04-01 09:36:48,442 - Quantum Trading Bot - INFO - Trading signal for AAPL: 0.7000 (source: quantum)
2025-04-01 09:36:48,442 - Quantum Trading Bot - INFO - HOLD signal for AAPL (score: 0.7000, source: quantum)
2025-04-01 09:36:48,442 - Quantum Trading Bot - INFO - Processing MSFT
2025-04-01 09:36:48,442 - Quantum Trading Bot - INFO - Mock halal compliance check for MSFT: COMPLIANT
2025-04-01 09:36:48,453 - Quantum Trading Bot - INFO - Quantum device error rate: 0.0297
2025-04-01 09:36:48,456 - Quantum Trading Bot - INFO - Quantum prediction for MSFT: 0.5040 (confidence: 0.7762)
2025-04-01 09:36:48,456 - Quantum Trading Bot - INFO - Trading signal for MSFT: 0.5040 (source: quantum)
2025-04-01 09:36:48,456 - Quantum Trading Bot - INFO - HOLD signal for MSFT (score: 0.5040, source: quantum)
2025-04-01 09:36:48,457 - Quantum Trading Bot - INFO - Processing NVDA
2025-04-01 09:36:48,457 - Quantum Trading Bot - INFO - Mock halal compliance check for NVDA: COMPLIANT
2025-04-01 09:36:48,466 - Quantum Trading Bot - INFO - Quantum device error rate: 0.0357
2025-04-01 09:36:48,468 - Quantum Trading Bot - INFO - Quantum prediction for NVDA: 0.3700 (confidence: 0.9643)
2025-04-01 09:36:48,468 - Quantum Trading Bot - INFO - Trading signal for NVDA: 0.3700 (source: quantum)
2025-04-01 09:36:48,468 - Quantum Trading Bot - INFO - HOLD signal for NVDA (score: 0.3700, source: quantum)
2025-04-01 09:36:48,473 - Quantum Trading Bot - INFO - Performance metrics saved: 40/72 winning trades
2025-04-01 09:36:48,473 - Quantum Trading Bot - INFO - Quantum prediction accuracy: 0.00
2025-04-01 09:36:48,473 - Quantum Trading Bot - INFO - Sleeping for 60 seconds
2025-04-01 09:37:48,126 - Trading System - INFO - Trading Bot is alive: True
2025-04-01 09:37:48,127 - Trading System - INFO - Monitor Bot is alive: True
2025-04-01 09:37:48,127 - Trading System - INFO - Improvement Bot is alive: True
2025-04-01 09:37:48,475 - Quantum Trading Bot - INFO - Starting trading cycle
2025-04-01 09:37:48,475 - Quantum Trading Bot - INFO - Processing AAPL
2025-04-01 09:37:48,475 - Quantum Trading Bot - INFO - Mock halal compliance check for AAPL: COMPLIANT
2025-04-01 09:37:48,501 - Quantum Trading Bot - INFO - Quantum device error rate: 0.0366
2025-04-01 09:37:48,505 - Quantum Trading Bot - INFO - Quantum prediction for AAPL: 0.6360 (confidence: 0.9634)
2025-04-01 09:37:48,505 - Quantum Trading Bot - INFO - Trading signal for AAPL: 0.6360 (source: quantum)
2025-04-01 09:37:48,506 - Quantum Trading Bot - INFO - HOLD signal for AAPL (score: 0.6360, source: quantum)
2025-04-01 09:37:48,506 - Quantum Trading Bot - INFO - Processing MSFT
2025-04-01 09:37:48,506 - Quantum Trading Bot - INFO - Mock halal compliance check for MSFT: COMPLIANT
2025-04-01 09:37:48,517 - Quantum Trading Bot - INFO - Quantum device error rate: 0.0423
2025-04-01 09:37:48,520 - Quantum Trading Bot - INFO - Quantum prediction for MSFT: 0.5930 (confidence: 0.7662)
2025-04-01 09:37:48,520 - Quantum Trading Bot - INFO - Trading signal for MSFT: 0.5930 (source: quantum)
2025-04-01 09:37:48,520 - Quantum Trading Bot - INFO - HOLD signal for MSFT (score: 0.5930, source: quantum)
2025-04-01 09:37:48,520 - Quantum Trading Bot - INFO - Processing NVDA
2025-04-01 09:37:48,520 - Quantum Trading Bot - INFO - Mock halal compliance check for NVDA: COMPLIANT
2025-04-01 09:37:48,529 - Quantum Trading Bot - INFO - Quantum device error rate: 0.0258
2025-04-01 09:37:48,532 - Quantum Trading Bot - INFO - Quantum prediction for NVDA: 0.6860 (confidence: 0.9742)
2025-04-01 09:37:48,532 - Quantum Trading Bot - INFO - Trading signal for NVDA: 0.6860 (source: quantum)
2025-04-01 09:37:48,532 - Quantum Trading Bot - INFO - HOLD signal for NVDA (score: 0.6860, source: quantum)
2025-04-01 09:37:48,536 - Quantum Trading Bot - INFO - Performance metrics saved: 40/72 winning trades
2025-04-01 09:37:48,536 - Quantum Trading Bot - INFO - Quantum prediction accuracy: 0.00
2025-04-01 09:37:48,536 - Quantum Trading Bot - INFO - Sleeping for 60 seconds
2025-04-01 09:38:23,309 - Trading System - INFO - Main process interrupted, shutting down...
2025-04-01 09:38:23,309 - Trading System - INFO - Trading system shutdown complete
2025-04-01 09:39:08,495 - Trading System - INFO - Configuration loaded successfully
2025-04-01 09:39:08,636 - Platform Factory - INFO - Platform factory initialized with trading mode: paper
2025-04-01 09:39:08,637 - Trading System - INFO - Initialized platform factory with new adapters
2025-04-01 09:39:08,637 - Trading System - INFO - Environment variables loaded
2025-04-01 09:39:08,642 - Trading System - INFO - Encryption key loaded
2025-04-01 09:39:08,643 - Trading System - INFO - Fixed syntax error in improvement_bot.py
2025-04-01 09:39:08,907 - Trading System - INFO - scikit-learn is available (version 1.6.1)
2025-04-01 09:39:08,912 - Quantum Trading Bot - INFO - Attempting to import quantum libraries...
2025-04-01 09:39:09,215 - qiskit.passmanager.base_tasks - INFO - Pass: UnrollCustomDefinitions - 0.04411 (ms)
2025-04-01 09:39:09,215 - qiskit.transpiler.passes.basis.basis_translator - INFO - Begin BasisTranslator from source basis {('u3', 1)} to target basis {'ry', 'rz', 'measure', 'p', 'u', 'barrier', 'x', 'store', 'cx', 'delay', 'rx', 'reset', 'z', 'snapshot'}.
2025-04-01 09:39:09,216 - qiskit.transpiler.passes.basis.basis_translator - INFO - Basis translation path search completed in 0.000s.
2025-04-01 09:39:09,216 - qiskit.transpiler.passes.basis.basis_translator - INFO - Basis translation paths composed in 0.000s.
2025-04-01 09:39:09,216 - qiskit.transpiler.passes.basis.basis_translator - INFO - Basis translation instructions replaced in 0.000s.
2025-04-01 09:39:09,216 - qiskit.passmanager.base_tasks - INFO - Pass: BasisTranslator - 0.51093 (ms)
2025-04-01 09:39:09,217 - Quantum Trading Bot - INFO - Quantum libraries successfully imported: PennyLane 0.40.0, Qiskit 1.2.4
2025-04-01 09:39:09,221 - Quantum Trading Bot - INFO - ========== TRADING LOOP FUNCTION ENTERED ==========
2025-04-01 09:39:09,221 - Trading System - INFO - Started Trading Bot
2025-04-01 09:39:09,221 - Monitor Bot - INFO - Starting monitoring loop
2025-04-01 09:39:09,221 - Trading System - INFO - Started Monitor Bot
2025-04-01 09:39:09,221 - Quantum Trading Bot - INFO - Configuration loaded successfully
2025-04-01 09:39:09,222 - Improvement Bot - INFO - Starting improvement bot
2025-04-01 09:39:09,222 - Trading System - INFO - Started Improvement Bot
2025-04-01 09:39:09,222 - Trading System - INFO - Trading Bot is alive: True
2025-04-01 09:39:09,222 - Quantum Trading Bot - INFO - Trade history loaded
2025-04-01 09:39:09,222 - Trading System - INFO - Monitor Bot is alive: True
2025-04-01 09:39:09,222 - Trading System - INFO - All bots started. Press Ctrl+C to exit.
2025-04-01 09:39:09,222 - Quantum Trading Bot - INFO - Initialized PennyLane quantum device: default.qubit
2025-04-01 09:39:09,222 - Trading System - INFO - Improvement Bot is alive: True
2025-04-01 09:39:09,222 - Improvement Bot - INFO - Configuration loaded successfully
2025-04-01 09:39:09,222 - Quantum Trading Bot - INFO - Mock adapter initialized
2025-04-01 09:39:09,223 - Improvement Bot - INFO - Running scheduled task: System Backup
2025-04-01 09:39:09,224 - Quantum Trading Bot - INFO - Starting trading cycle
2025-04-01 09:39:09,224 - Quantum Trading Bot - INFO - Processing AAPL
2025-04-01 09:39:09,224 - Quantum Trading Bot - INFO - Mock halal compliance check for AAPL: COMPLIANT
2025-04-01 09:39:09,231 - Monitor Bot - INFO - Running scheduled task: Initial Performance Metrics
2025-04-01 09:39:09,232 - Monitor Bot - INFO - === Performance Metrics ===
2025-04-01 09:39:09,232 - Monitor Bot - INFO - Date: 2025-04-01T09:39:00.147574
2025-04-01 09:39:09,232 - Monitor Bot - INFO - Total Trades: 72
2025-04-01 09:39:09,232 - Monitor Bot - INFO - Win Rate: 55.56%
2025-04-01 09:39:09,232 - Monitor Bot - INFO - Total Profit: $18.27
2025-04-01 09:39:09,232 - Monitor Bot - INFO - Average Profit per Trade: $0.25
2025-04-01 09:39:09,232 - Monitor Bot - INFO - Average Profit Percentage: 0.09%
2025-04-01 09:39:09,232 - Monitor Bot - INFO - Maximum Drawdown: 0.10%
2025-04-01 09:39:09,233 - Monitor Bot - INFO - Quantum Prediction Accuracy: 0.00%
2025-04-01 09:39:09,233 - Monitor Bot - INFO - ============================
2025-04-01 09:39:09,239 - Monitor Bot - INFO - Task Initial Performance Metrics completed successfully
2025-04-01 09:39:09,239 - Monitor Bot - INFO - Running scheduled task: Initial API Health Check
2025-04-01 09:39:09,240 - WebUll Adapter - INFO - Generated device ID for WebUll: TradingBot-05e9fc221408
2025-04-01 09:39:09,240 - WebUll Adapter - INFO - WebUll Adapter initialized in paper trading mode
2025-04-01 09:39:09,240 - Platform Factory - INFO - Created WebUll adapter in paper mode
2025-04-01 09:39:09,244 - Quantum Trading Bot - INFO - Quantum device error rate: 0.0432
2025-04-01 09:39:09,246 - Improvement Bot - INFO - System snapshot created at backups/snapshot_20250401_093909
2025-04-01 09:39:09,246 - Improvement Bot - INFO - Task System Backup completed successfully
2025-04-01 09:39:09,246 - Improvement Bot - INFO - Running scheduled task: Code Quality Check - Trading Bot
2025-04-01 09:39:09,246 - Quantum Trading Bot - INFO - Quantum prediction for AAPL: 0.4000 (confidence: 0.7654)
2025-04-01 09:39:09,246 - Quantum Trading Bot - INFO - Trading signal for AAPL: 0.4000 (source: quantum)
2025-04-01 09:39:09,246 - Quantum Trading Bot - INFO - HOLD signal for AAPL (score: 0.4000, source: quantum)
2025-04-01 09:39:09,247 - Quantum Trading Bot - INFO - Processing MSFT
2025-04-01 09:39:09,247 - Quantum Trading Bot - INFO - Mock halal compliance check for MSFT: COMPLIANT
2025-04-01 09:39:09,249 - Improvement Bot - INFO - Found 2 issues in trading_bot
2025-04-01 09:39:09,249 - Improvement Bot - INFO - Task Code Quality Check - Trading Bot completed successfully
2025-04-01 09:39:09,249 - Improvement Bot - INFO - Running scheduled task: Code Quality Check - Monitor Bot
2025-04-01 09:39:09,250 - Improvement Bot - INFO - No issues found in monitor_bot
2025-04-01 09:39:09,250 - Improvement Bot - WARNING - Task Code Quality Check - Monitor Bot completed with warnings
2025-04-01 09:39:09,250 - Improvement Bot - INFO - Running scheduled task: Code Quality Check - Improvement Bot
2025-04-01 09:39:09,251 - Improvement Bot - INFO - Found 6 issues in improvement_bot
2025-04-01 09:39:09,251 - Improvement Bot - INFO - Task Code Quality Check - Improvement Bot completed successfully
2025-04-01 09:39:09,251 - Improvement Bot - INFO - Running scheduled task: ML Model Optimization
2025-04-01 09:39:09,251 - Improvement Bot - INFO - No ML models found to optimize
2025-04-01 09:39:09,251 - Improvement Bot - WARNING - Task ML Model Optimization completed with warnings
2025-04-01 09:39:09,251 - Improvement Bot - INFO - Running scheduled task: Quantum Circuit Optimization
2025-04-01 09:39:09,251 - Improvement Bot - INFO - Starting quantum circuit optimization
2025-04-01 09:39:09,251 - Improvement Bot - INFO - No quantum model files found to optimize
2025-04-01 09:39:09,252 - Improvement Bot - WARNING - Task Quantum Circuit Optimization completed with warnings
2025-04-01 09:39:09,252 - Improvement Bot - INFO - Running scheduled task: Quantum Error Analysis
2025-04-01 09:39:09,252 - Improvement Bot - INFO - Analyzing quantum error rates
2025-04-01 09:39:09,253 - Improvement Bot - INFO - Quantum error analysis completed: avg error 0.0432, trend +0.0000
2025-04-01 09:39:09,253 - Improvement Bot - INFO - Task Quantum Error Analysis completed successfully
2025-04-01 09:39:09,253 - Improvement Bot - INFO - Running scheduled task: Quantum Prediction Analysis
2025-04-01 09:39:09,253 - Improvement Bot - INFO - Evaluating quantum prediction accuracy
2025-04-01 09:39:09,253 - Improvement Bot - INFO - No completed quantum predictions found
2025-04-01 09:39:09,253 - Improvement Bot - WARNING - Task Quantum Prediction Analysis completed with warnings
2025-04-01 09:39:09,253 - Improvement Bot - INFO - Running scheduled task: Quantum Weight Optimization
2025-04-01 09:39:09,254 - Improvement Bot - INFO - Generated new quantum-optimized weights
2025-04-01 09:39:09,254 - Improvement Bot - INFO - Task Quantum Weight Optimization completed successfully
2025-04-01 09:39:09,254 - Improvement Bot - INFO - Running scheduled task: System Health Analysis
2025-04-01 09:39:09,255 - Improvement Bot - INFO - Win rate trend: +0.00%
2025-04-01 09:39:09,255 - Improvement Bot - INFO - Profit trend: +0.00%
2025-04-01 09:39:09,255 - Improvement Bot - INFO - System health analysis completed: healthy
2025-04-01 09:39:09,255 - Improvement Bot - INFO - Task System Health Analysis completed successfully
2025-04-01 09:39:09,256 - Quantum Trading Bot - INFO - Quantum device error rate: 0.0399
2025-04-01 09:39:09,258 - Quantum Trading Bot - INFO - Quantum prediction for MSFT: 0.4400 (confidence: 0.7681)
2025-04-01 09:39:09,258 - Quantum Trading Bot - INFO - Trading signal for MSFT: 0.4400 (source: quantum)
2025-04-01 09:39:09,258 - Quantum Trading Bot - INFO - HOLD signal for MSFT (score: 0.4400, source: quantum)
2025-04-01 09:39:09,258 - Quantum Trading Bot - INFO - Processing NVDA
2025-04-01 09:39:09,258 - Quantum Trading Bot - INFO - Mock halal compliance check for NVDA: COMPLIANT
2025-04-01 09:39:09,265 - Quantum Trading Bot - INFO - Quantum device error rate: 0.0504
2025-04-01 09:39:09,274 - Quantum Trading Bot - INFO - Quantum prediction for NVDA: 0.3433 (confidence: 0.9496)
2025-04-01 09:39:09,274 - Quantum Trading Bot - INFO - Trading signal for NVDA: 0.3433 (source: quantum)
2025-04-01 09:39:09,274 - Quantum Trading Bot - INFO - HOLD signal for NVDA (score: 0.3433, source: quantum)
2025-04-01 09:39:09,278 - Quantum Trading Bot - INFO - Performance metrics saved: 40/72 winning trades
2025-04-01 09:39:09,278 - Quantum Trading Bot - INFO - Quantum prediction accuracy: 0.00
2025-04-01 09:39:09,278 - Quantum Trading Bot - INFO - Sleeping for 60 seconds
2025-04-01 09:39:09,455 - WebUll Adapter - INFO - Authentication successful
2025-04-01 09:39:09,782 - Zoya Adapter - INFO - Zoya Adapter initialized in sandbox mode
2025-04-01 09:39:09,782 - Platform Factory - INFO - Created Zoya adapter in sandbox mode
2025-04-01 09:39:09,907 - Monitor Bot - INFO - === API Health Status ===
2025-04-01 09:39:09,908 - Monitor Bot - INFO - WebUll API: OK
2025-04-01 09:39:09,908 - Monitor Bot - INFO - Zoya API: OK
2025-04-01 09:39:09,908 - Monitor Bot - INFO - =======================
2025-04-01 09:39:09,908 - Monitor Bot - INFO - Task Initial API Health Check completed successfully
2025-04-01 09:39:09,908 - Monitor Bot - INFO - Running scheduled task: Initial Legal Compliance Report
2025-04-01 09:39:09,910 - Monitor Bot - INFO - Legal compliance report generated at legal/compliance_reports/compliance_report_20250401.json
2025-04-01 09:39:09,910 - Monitor Bot - INFO - Task Initial Legal Compliance Report completed successfully
2025-04-01 09:39:09,910 - Monitor Bot - INFO - Running scheduled task: Initial Quantum System Health Check
2025-04-01 09:39:09,910 - Monitor Bot - INFO - Monitoring quantum system health
2025-04-01 09:39:09,910 - Monitor Bot - INFO - Average quantum error rate: 0.0445
2025-04-01 09:39:09,911 - Monitor Bot - INFO - Task Initial Quantum System Health Check completed successfully
2025-04-01 09:40:09,225 - Trading System - INFO - Trading Bot is alive: True
2025-04-01 09:40:09,226 - Trading System - INFO - Monitor Bot is alive: True
2025-04-01 09:40:09,226 - Trading System - INFO - Improvement Bot is alive: True
2025-04-01 09:40:09,280 - Quantum Trading Bot - INFO - Starting trading cycle
2025-04-01 09:40:09,280 - Quantum Trading Bot - INFO - Processing AAPL
2025-04-01 09:40:09,280 - Quantum Trading Bot - INFO - Mock halal compliance check for AAPL: COMPLIANT
2025-04-01 09:40:09,305 - Quantum Trading Bot - INFO - Quantum device error rate: 0.0366
2025-04-01 09:40:09,310 - Quantum Trading Bot - INFO - Quantum prediction for AAPL: 0.5740 (confidence: 0.7707)
2025-04-01 09:40:09,310 - Quantum Trading Bot - INFO - Trading signal for AAPL: 0.5740 (source: quantum)
2025-04-01 09:40:09,310 - Quantum Trading Bot - INFO - HOLD signal for AAPL (score: 0.5740, source: quantum)
2025-04-01 09:40:09,310 - Quantum Trading Bot - INFO - Processing MSFT
2025-04-01 09:40:09,310 - Quantum Trading Bot - INFO - Mock halal compliance check for MSFT: COMPLIANT
2025-04-01 09:40:09,322 - Quantum Trading Bot - INFO - Quantum device error rate: 0.0552
2025-04-01 09:40:09,331 - Quantum Trading Bot - INFO - Quantum prediction for MSFT: 0.4911 (confidence: 0.7558)
2025-04-01 09:40:09,331 - Quantum Trading Bot - INFO - Trading signal for MSFT: 0.4911 (source: quantum)
2025-04-01 09:40:09,331 - Quantum Trading Bot - INFO - HOLD signal for MSFT (score: 0.4911, source: quantum)
2025-04-01 09:40:09,331 - Quantum Trading Bot - INFO - Processing NVDA
2025-04-01 09:40:09,331 - Quantum Trading Bot - INFO - Mock halal compliance check for NVDA: COMPLIANT
2025-04-01 09:40:09,339 - Quantum Trading Bot - INFO - Quantum device error rate: 0.0597
2025-04-01 09:40:09,347 - Quantum Trading Bot - INFO - Quantum prediction for NVDA: 0.6292 (confidence: 0.9403)
2025-04-01 09:40:09,347 - Quantum Trading Bot - INFO - Trading signal for NVDA: 0.6292 (source: quantum)
2025-04-01 09:40:09,347 - Quantum Trading Bot - INFO - HOLD signal for NVDA (score: 0.6292, source: quantum)
2025-04-01 09:40:09,351 - Quantum Trading Bot - INFO - Performance metrics saved: 40/72 winning trades
2025-04-01 09:40:09,351 - Quantum Trading Bot - INFO - Quantum prediction accuracy: 0.00
2025-04-01 09:40:09,351 - Quantum Trading Bot - INFO - Sleeping for 60 seconds
2025-04-01 09:41:09,228 - Trading System - INFO - Trading Bot is alive: True
2025-04-01 09:41:09,230 - Trading System - INFO - Monitor Bot is alive: True
2025-04-01 09:41:09,230 - Trading System - INFO - Improvement Bot is alive: True
2025-04-01 09:41:09,353 - Quantum Trading Bot - INFO - Starting trading cycle
2025-04-01 09:41:09,353 - Quantum Trading Bot - INFO - Processing AAPL
2025-04-01 09:41:09,354 - Quantum Trading Bot - INFO - Mock halal compliance check for AAPL: COMPLIANT
2025-04-01 09:41:09,374 - Quantum Trading Bot - INFO - Quantum device error rate: 0.0453
2025-04-01 09:41:09,378 - Quantum Trading Bot - INFO - Quantum prediction for AAPL: 0.2560 (confidence: 0.9547)
2025-04-01 09:41:09,378 - Quantum Trading Bot - INFO - Trading signal for AAPL: 0.2560 (source: quantum)
2025-04-01 09:41:09,378 - Quantum Trading Bot - INFO - SELL signal for AAPL (score: 0.2560, source: quantum)
2025-04-01 09:41:09,379 - Quantum Trading Bot - WARNING - Cannot sell AAPL - no position
2025-04-01 09:41:09,380 - Quantum Trading Bot - INFO - Processing MSFT
2025-04-01 09:41:09,380 - Quantum Trading Bot - INFO - Mock halal compliance check for MSFT: COMPLIANT
2025-04-01 09:41:09,390 - Quantum Trading Bot - INFO - Quantum device error rate: 0.0327
2025-04-01 09:41:09,392 - Quantum Trading Bot - INFO - Quantum prediction for MSFT: 0.2760 (confidence: 0.9673)
2025-04-01 09:41:09,392 - Quantum Trading Bot - INFO - Trading signal for MSFT: 0.2760 (source: quantum)
2025-04-01 09:41:09,393 - Quantum Trading Bot - INFO - SELL signal for MSFT (score: 0.2760, source: quantum)
2025-04-01 09:41:09,393 - Quantum Trading Bot - WARNING - Cannot sell MSFT - no position
2025-04-01 09:41:09,393 - Quantum Trading Bot - INFO - Processing NVDA
2025-04-01 09:41:09,393 - Quantum Trading Bot - INFO - Mock halal compliance check for NVDA: COMPLIANT
2025-04-01 09:41:09,402 - Quantum Trading Bot - INFO - Quantum device error rate: 0.0321
2025-04-01 09:41:09,404 - Quantum Trading Bot - INFO - Quantum prediction for NVDA: 0.5900 (confidence: 0.7743)
2025-04-01 09:41:09,404 - Quantum Trading Bot - INFO - Trading signal for NVDA: 0.5900 (source: quantum)
2025-04-01 09:41:09,404 - Quantum Trading Bot - INFO - HOLD signal for NVDA (score: 0.5900, source: quantum)
2025-04-01 09:41:09,408 - Quantum Trading Bot - INFO - Performance metrics saved: 40/72 winning trades
2025-04-01 09:41:09,408 - Quantum Trading Bot - INFO - Quantum prediction accuracy: 0.00
2025-04-01 09:41:09,408 - Quantum Trading Bot - INFO - Sleeping for 60 seconds
2025-04-01 09:42:09,229 - Trading System - INFO - Trading Bot is alive: True
2025-04-01 09:42:09,231 - Trading System - INFO - Monitor Bot is alive: True
2025-04-01 09:42:09,231 - Trading System - INFO - Improvement Bot is alive: True
2025-04-01 09:42:09,410 - Quantum Trading Bot - INFO - Starting trading cycle
2025-04-01 09:42:09,411 - Quantum Trading Bot - INFO - Processing AAPL
2025-04-01 09:42:09,411 - Quantum Trading Bot - INFO - Mock halal compliance check for AAPL: COMPLIANT
2025-04-01 09:42:09,430 - Quantum Trading Bot - INFO - Quantum device error rate: 0.0261
2025-04-01 09:42:09,434 - Quantum Trading Bot - INFO - Quantum prediction for AAPL: 0.3600 (confidence: 0.9739)
2025-04-01 09:42:09,434 - Quantum Trading Bot - INFO - Trading signal for AAPL: 0.3600 (source: quantum)
2025-04-01 09:42:09,434 - Quantum Trading Bot - INFO - HOLD signal for AAPL (score: 0.3600, source: quantum)
2025-04-01 09:42:09,434 - Quantum Trading Bot - INFO - Processing MSFT
2025-04-01 09:42:09,434 - Quantum Trading Bot - INFO - Mock halal compliance check for MSFT: COMPLIANT
2025-04-01 09:42:09,444 - Quantum Trading Bot - INFO - Quantum device error rate: 0.0369
2025-04-01 09:42:09,447 - Quantum Trading Bot - INFO - Quantum prediction for MSFT: 0.3480 (confidence: 0.9631)
2025-04-01 09:42:09,447 - Quantum Trading Bot - INFO - Trading signal for MSFT: 0.3480 (source: quantum)
2025-04-01 09:42:09,447 - Quantum Trading Bot - INFO - HOLD signal for MSFT (score: 0.3480, source: quantum)
2025-04-01 09:42:09,447 - Quantum Trading Bot - INFO - Processing NVDA
2025-04-01 09:42:09,447 - Quantum Trading Bot - INFO - Mock halal compliance check for NVDA: COMPLIANT
2025-04-01 09:42:09,455 - Quantum Trading Bot - INFO - Quantum device error rate: 0.0366
2025-04-01 09:42:09,457 - Quantum Trading Bot - INFO - Quantum prediction for NVDA: 0.3720 (confidence: 0.9634)
2025-04-01 09:42:09,457 - Quantum Trading Bot - INFO - Trading signal for NVDA: 0.3720 (source: quantum)
2025-04-01 09:42:09,457 - Quantum Trading Bot - INFO - HOLD signal for NVDA (score: 0.3720, source: quantum)
2025-04-01 09:42:09,462 - Quantum Trading Bot - INFO - Performance metrics saved: 40/72 winning trades
2025-04-01 09:42:09,462 - Quantum Trading Bot - INFO - Quantum prediction accuracy: 0.00
2025-04-01 09:42:09,462 - Quantum Trading Bot - INFO - Sleeping for 60 seconds
2025-04-01 09:43:09,231 - Trading System - INFO - Trading Bot is alive: True
2025-04-01 09:43:09,233 - Trading System - INFO - Monitor Bot is alive: True
2025-04-01 09:43:09,233 - Trading System - INFO - Improvement Bot is alive: True
2025-04-01 09:43:09,464 - Quantum Trading Bot - INFO - Starting trading cycle
2025-04-01 09:43:09,464 - Quantum Trading Bot - INFO - Processing AAPL
2025-04-01 09:43:09,464 - Quantum Trading Bot - INFO - Mock halal compliance check for AAPL: COMPLIANT
2025-04-01 09:43:09,489 - Quantum Trading Bot - INFO - Quantum device error rate: 0.0432
2025-04-01 09:43:09,493 - Quantum Trading Bot - INFO - Quantum prediction for AAPL: 0.2620 (confidence: 0.9568)
2025-04-01 09:43:09,493 - Quantum Trading Bot - INFO - Trading signal for AAPL: 0.2620 (source: quantum)
2025-04-01 09:43:09,493 - Quantum Trading Bot - INFO - SELL signal for AAPL (score: 0.2620, source: quantum)
2025-04-01 09:43:09,495 - Quantum Trading Bot - WARNING - Cannot sell AAPL - no position
2025-04-01 09:43:09,495 - Quantum Trading Bot - INFO - Processing MSFT
2025-04-01 09:43:09,495 - Quantum Trading Bot - INFO - Mock halal compliance check for MSFT: COMPLIANT
2025-04-01 09:43:09,506 - Quantum Trading Bot - INFO - Quantum device error rate: 0.0396
2025-04-01 09:43:09,509 - Quantum Trading Bot - INFO - Quantum prediction for MSFT: 0.3210 (confidence: 0.9604)
2025-04-01 09:43:09,509 - Quantum Trading Bot - INFO - Trading signal for MSFT: 0.3210 (source: quantum)
2025-04-01 09:43:09,509 - Quantum Trading Bot - INFO - HOLD signal for MSFT (score: 0.3210, source: quantum)
2025-04-01 09:43:09,509 - Quantum Trading Bot - INFO - Processing NVDA
2025-04-01 09:43:09,509 - Quantum Trading Bot - INFO - Mock halal compliance check for NVDA: COMPLIANT
2025-04-01 09:43:09,518 - Quantum Trading Bot - INFO - Quantum device error rate: 0.0459
2025-04-01 09:43:09,520 - Quantum Trading Bot - INFO - Quantum prediction for NVDA: 0.8120 (confidence: 0.9541)
2025-04-01 09:43:09,520 - Quantum Trading Bot - INFO - Trading signal for NVDA: 0.8120 (source: quantum)
2025-04-01 09:43:09,520 - Quantum Trading Bot - INFO - HOLD signal for NVDA (score: 0.8120, source: quantum)
2025-04-01 09:43:09,524 - Quantum Trading Bot - INFO - Performance metrics saved: 40/72 winning trades
2025-04-01 09:43:09,524 - Quantum Trading Bot - INFO - Quantum prediction accuracy: 0.00
2025-04-01 09:43:09,524 - Quantum Trading Bot - INFO - Sleeping for 60 seconds
2025-04-01 09:44:09,231 - Trading System - INFO - Trading Bot is alive: True
2025-04-01 09:44:09,232 - Trading System - INFO - Monitor Bot is alive: True
2025-04-01 09:44:09,232 - Trading System - INFO - Improvement Bot is alive: True
2025-04-01 09:44:09,526 - Quantum Trading Bot - INFO - Starting trading cycle
2025-04-01 09:44:09,527 - Quantum Trading Bot - INFO - Processing AAPL
2025-04-01 09:44:09,527 - Quantum Trading Bot - INFO - Mock halal compliance check for AAPL: COMPLIANT
2025-04-01 09:44:09,551 - Quantum Trading Bot - INFO - Quantum device error rate: 0.0411
2025-04-01 09:44:09,556 - Quantum Trading Bot - INFO - Quantum prediction for AAPL: 0.3090 (confidence: 0.9589)
2025-04-01 09:44:09,556 - Quantum Trading Bot - INFO - Trading signal for AAPL: 0.3090 (source: quantum)
2025-04-01 09:44:09,556 - Quantum Trading Bot - INFO - HOLD signal for AAPL (score: 0.3090, source: quantum)
2025-04-01 09:44:09,557 - Quantum Trading Bot - INFO - Processing MSFT
2025-04-01 09:44:09,557 - Quantum Trading Bot - INFO - Mock halal compliance check for MSFT: COMPLIANT
2025-04-01 09:44:09,568 - Quantum Trading Bot - INFO - Quantum device error rate: 0.0345
2025-04-01 09:44:09,571 - Quantum Trading Bot - INFO - Quantum prediction for MSFT: 0.5970 (confidence: 0.7724)
2025-04-01 09:44:09,571 - Quantum Trading Bot - INFO - Trading signal for MSFT: 0.5970 (source: quantum)
2025-04-01 09:44:09,571 - Quantum Trading Bot - INFO - HOLD signal for MSFT (score: 0.5970, source: quantum)
2025-04-01 09:44:09,571 - Quantum Trading Bot - INFO - Processing NVDA
2025-04-01 09:44:09,571 - Quantum Trading Bot - INFO - Mock halal compliance check for NVDA: COMPLIANT
2025-04-01 09:44:09,580 - Quantum Trading Bot - INFO - Quantum device error rate: 0.0249
2025-04-01 09:44:09,582 - Quantum Trading Bot - INFO - Quantum prediction for NVDA: 0.8160 (confidence: 0.9751)
2025-04-01 09:44:09,582 - Quantum Trading Bot - INFO - Trading signal for NVDA: 0.8160 (source: quantum)
2025-04-01 09:44:09,582 - Quantum Trading Bot - INFO - HOLD signal for NVDA (score: 0.8160, source: quantum)
2025-04-01 09:44:09,587 - Quantum Trading Bot - INFO - Performance metrics saved: 40/72 winning trades
2025-04-01 09:44:09,587 - Quantum Trading Bot - INFO - Quantum prediction accuracy: 0.00
2025-04-01 09:44:09,587 - Quantum Trading Bot - INFO - Sleeping for 60 seconds
2025-04-01 09:45:09,232 - Trading System - INFO - Trading Bot is alive: True
2025-04-01 09:45:09,232 - Trading System - INFO - Monitor Bot is alive: True
2025-04-01 09:45:09,232 - Trading System - INFO - Improvement Bot is alive: True
2025-04-01 09:45:09,589 - Quantum Trading Bot - INFO - Starting trading cycle
2025-04-01 09:45:09,589 - Quantum Trading Bot - INFO - Processing AAPL
2025-04-01 09:45:09,589 - Quantum Trading Bot - INFO - Mock halal compliance check for AAPL: COMPLIANT
2025-04-01 09:45:09,611 - Quantum Trading Bot - INFO - Quantum device error rate: 0.0336
2025-04-01 09:45:09,615 - Quantum Trading Bot - INFO - Quantum prediction for AAPL: 0.4180 (confidence: 0.7731)
2025-04-01 09:45:09,615 - Quantum Trading Bot - INFO - Trading signal for AAPL: 0.4180 (source: quantum)
2025-04-01 09:45:09,615 - Quantum Trading Bot - INFO - HOLD signal for AAPL (score: 0.4180, source: quantum)
2025-04-01 09:45:09,616 - Quantum Trading Bot - INFO - Processing MSFT
2025-04-01 09:45:09,616 - Quantum Trading Bot - INFO - Mock halal compliance check for MSFT: COMPLIANT
2025-04-01 09:45:09,627 - Quantum Trading Bot - INFO - Quantum device error rate: 0.0300
2025-04-01 09:45:09,629 - Quantum Trading Bot - INFO - Quantum prediction for MSFT: 0.2950 (confidence: 0.9700)
2025-04-01 09:45:09,629 - Quantum Trading Bot - INFO - Trading signal for MSFT: 0.2950 (source: quantum)
2025-04-01 09:45:09,629 - Quantum Trading Bot - INFO - SELL signal for MSFT (score: 0.2950, source: quantum)
2025-04-01 09:45:09,630 - Quantum Trading Bot - WARNING - Cannot sell MSFT - no position
2025-04-01 09:45:09,630 - Quantum Trading Bot - INFO - Processing NVDA
2025-04-01 09:45:09,630 - Quantum Trading Bot - INFO - Mock halal compliance check for NVDA: COMPLIANT
2025-04-01 09:45:09,639 - Quantum Trading Bot - INFO - Quantum device error rate: 0.0399
2025-04-01 09:45:09,641 - Quantum Trading Bot - INFO - Quantum prediction for NVDA: 0.4840 (confidence: 0.7681)
2025-04-01 09:45:09,641 - Quantum Trading Bot - INFO - Trading signal for NVDA: 0.4840 (source: quantum)
2025-04-01 09:45:09,641 - Quantum Trading Bot - INFO - HOLD signal for NVDA (score: 0.4840, source: quantum)
2025-04-01 09:45:09,645 - Quantum Trading Bot - INFO - Performance metrics saved: 40/72 winning trades
2025-04-01 09:45:09,645 - Quantum Trading Bot - INFO - Quantum prediction accuracy: 0.00
2025-04-01 09:45:09,645 - Quantum Trading Bot - INFO - Sleeping for 60 seconds
2025-04-01 09:46:09,234 - Trading System - INFO - Trading Bot is alive: True
2025-04-01 09:46:09,235 - Trading System - INFO - Monitor Bot is alive: True
2025-04-01 09:46:09,235 - Trading System - INFO - Improvement Bot is alive: True
2025-04-01 09:46:09,647 - Quantum Trading Bot - INFO - Starting trading cycle
2025-04-01 09:46:09,648 - Quantum Trading Bot - INFO - Processing AAPL
2025-04-01 09:46:09,648 - Quantum Trading Bot - INFO - Mock halal compliance check for AAPL: COMPLIANT
2025-04-01 09:46:09,673 - Quantum Trading Bot - INFO - Quantum device error rate: 0.0531
2025-04-01 09:46:09,685 - Quantum Trading Bot - INFO - Quantum prediction for AAPL: 0.1478 (confidence: 0.9469)
2025-04-01 09:46:09,686 - Quantum Trading Bot - INFO - Trading signal for AAPL: 0.1478 (source: quantum)
2025-04-01 09:46:09,686 - Quantum Trading Bot - INFO - SELL signal for AAPL (score: 0.1478, source: quantum)
2025-04-01 09:46:09,687 - Quantum Trading Bot - WARNING - Cannot sell AAPL - no position
2025-04-01 09:46:09,687 - Quantum Trading Bot - INFO - Processing MSFT
2025-04-01 09:46:09,687 - Quantum Trading Bot - INFO - Mock halal compliance check for MSFT: COMPLIANT
2025-04-01 09:46:09,697 - Quantum Trading Bot - INFO - Quantum device error rate: 0.0285
2025-04-01 09:46:09,699 - Quantum Trading Bot - INFO - Quantum prediction for MSFT: 0.5290 (confidence: 0.7772)
2025-04-01 09:46:09,699 - Quantum Trading Bot - INFO - Trading signal for MSFT: 0.5290 (source: quantum)
2025-04-01 09:46:09,699 - Quantum Trading Bot - INFO - HOLD signal for MSFT (score: 0.5290, source: quantum)
2025-04-01 09:46:09,700 - Quantum Trading Bot - INFO - Processing NVDA
2025-04-01 09:46:09,700 - Quantum Trading Bot - INFO - Mock halal compliance check for NVDA: COMPLIANT
2025-04-01 09:46:09,708 - Quantum Trading Bot - INFO - Quantum device error rate: 0.0357
2025-04-01 09:46:09,710 - Quantum Trading Bot - INFO - Quantum prediction for NVDA: 0.3820 (confidence: 0.9643)
2025-04-01 09:46:09,710 - Quantum Trading Bot - INFO - Trading signal for NVDA: 0.3820 (source: quantum)
2025-04-01 09:46:09,710 - Quantum Trading Bot - INFO - HOLD signal for NVDA (score: 0.3820, source: quantum)
2025-04-01 09:46:09,714 - Quantum Trading Bot - INFO - Performance metrics saved: 40/72 winning trades
2025-04-01 09:46:09,714 - Quantum Trading Bot - INFO - Quantum prediction accuracy: 0.00
2025-04-01 09:46:09,714 - Quantum Trading Bot - INFO - Sleeping for 60 seconds
2025-04-01 09:47:09,233 - Trading System - INFO - Trading Bot is alive: True
2025-04-01 09:47:09,235 - Trading System - INFO - Monitor Bot is alive: True
2025-04-01 09:47:09,235 - Trading System - INFO - Improvement Bot is alive: True
2025-04-01 09:47:09,717 - Quantum Trading Bot - INFO - Starting trading cycle
2025-04-01 09:47:09,717 - Quantum Trading Bot - INFO - Processing AAPL
2025-04-01 09:47:09,717 - Quantum Trading Bot - INFO - Mock halal compliance check for AAPL: COMPLIANT
2025-04-01 09:47:09,739 - Quantum Trading Bot - INFO - Quantum device error rate: 0.0312
2025-04-01 09:47:09,743 - Quantum Trading Bot - INFO - Quantum prediction for AAPL: 0.6190 (confidence: 0.9688)
2025-04-01 09:47:09,743 - Quantum Trading Bot - INFO - Trading signal for AAPL: 0.6190 (source: quantum)
2025-04-01 09:47:09,743 - Quantum Trading Bot - INFO - HOLD signal for AAPL (score: 0.6190, source: quantum)
2025-04-01 09:47:09,743 - Quantum Trading Bot - INFO - Processing MSFT
2025-04-01 09:47:09,743 - Quantum Trading Bot - INFO - Mock halal compliance check for MSFT: COMPLIANT
2025-04-01 09:47:09,753 - Quantum Trading Bot - INFO - Quantum device error rate: 0.0318
2025-04-01 09:47:09,756 - Quantum Trading Bot - INFO - Quantum prediction for MSFT: 0.3960 (confidence: 0.9682)
2025-04-01 09:47:09,756 - Quantum Trading Bot - INFO - Trading signal for MSFT: 0.3960 (source: quantum)
2025-04-01 09:47:09,756 - Quantum Trading Bot - INFO - HOLD signal for MSFT (score: 0.3960, source: quantum)
2025-04-01 09:47:09,756 - Quantum Trading Bot - INFO - Processing NVDA
2025-04-01 09:47:09,756 - Quantum Trading Bot - INFO - Mock halal compliance check for NVDA: COMPLIANT
2025-04-01 09:47:09,765 - Quantum Trading Bot - INFO - Quantum device error rate: 0.0456
2025-04-01 09:47:09,767 - Quantum Trading Bot - INFO - Quantum prediction for NVDA: 0.5750 (confidence: 0.7635)
2025-04-01 09:47:09,767 - Quantum Trading Bot - INFO - Trading signal for NVDA: 0.5750 (source: quantum)
2025-04-01 09:47:09,767 - Quantum Trading Bot - INFO - HOLD signal for NVDA (score: 0.5750, source: quantum)
2025-04-01 09:47:09,771 - Quantum Trading Bot - INFO - Performance metrics saved: 40/72 winning trades
2025-04-01 09:47:09,771 - Quantum Trading Bot - INFO - Quantum prediction accuracy: 0.00
2025-04-01 09:47:09,771 - Quantum Trading Bot - INFO - Sleeping for 60 seconds
2025-04-01 09:48:09,235 - Trading System - INFO - Trading Bot is alive: True
2025-04-01 09:48:09,237 - Trading System - INFO - Monitor Bot is alive: True
2025-04-01 09:48:09,237 - Trading System - INFO - Improvement Bot is alive: True
2025-04-01 09:48:09,778 - Quantum Trading Bot - INFO - Starting trading cycle
2025-04-01 09:48:09,778 - Quantum Trading Bot - INFO - Processing AAPL
2025-04-01 09:48:09,779 - Quantum Trading Bot - INFO - Mock halal compliance check for AAPL: COMPLIANT
2025-04-01 09:48:09,799 - Quantum Trading Bot - INFO - Quantum device error rate: 0.0330
2025-04-01 09:48:09,802 - Quantum Trading Bot - INFO - Quantum prediction for AAPL: 0.2570 (confidence: 0.9670)
2025-04-01 09:48:09,803 - Quantum Trading Bot - INFO - Trading signal for AAPL: 0.2570 (source: quantum)
2025-04-01 09:48:09,803 - Quantum Trading Bot - INFO - SELL signal for AAPL (score: 0.2570, source: quantum)
2025-04-01 09:48:09,804 - Quantum Trading Bot - WARNING - Cannot sell AAPL - no position
2025-04-01 09:48:09,804 - Quantum Trading Bot - INFO - Processing MSFT
2025-04-01 09:48:09,804 - Quantum Trading Bot - INFO - Mock halal compliance check for MSFT: COMPLIANT
2025-04-01 09:48:09,815 - Quantum Trading Bot - INFO - Quantum device error rate: 0.0273
2025-04-01 09:48:09,817 - Quantum Trading Bot - INFO - Quantum prediction for MSFT: 0.3670 (confidence: 0.9727)
2025-04-01 09:48:09,817 - Quantum Trading Bot - INFO - Trading signal for MSFT: 0.3670 (source: quantum)
2025-04-01 09:48:09,817 - Quantum Trading Bot - INFO - HOLD signal for MSFT (score: 0.3670, source: quantum)
2025-04-01 09:48:09,818 - Quantum Trading Bot - INFO - Processing NVDA
2025-04-01 09:48:09,818 - Quantum Trading Bot - INFO - Mock halal compliance check for NVDA: COMPLIANT
2025-04-01 09:48:09,826 - Quantum Trading Bot - INFO - Quantum device error rate: 0.0360
2025-04-01 09:48:09,828 - Quantum Trading Bot - INFO - Quantum prediction for NVDA: 0.5430 (confidence: 0.7712)
2025-04-01 09:48:09,828 - Quantum Trading Bot - INFO - Trading signal for NVDA: 0.5430 (source: quantum)
2025-04-01 09:48:09,828 - Quantum Trading Bot - INFO - HOLD signal for NVDA (score: 0.5430, source: quantum)
2025-04-01 09:48:09,832 - Quantum Trading Bot - INFO - Performance metrics saved: 40/72 winning trades
2025-04-01 09:48:09,832 - Quantum Trading Bot - INFO - Quantum prediction accuracy: 0.00
2025-04-01 09:48:09,832 - Quantum Trading Bot - ERROR - Error updating quantum model: name 'update_quantum_model' is not defined
2025-04-01 09:48:09,832 - Quantum Trading Bot - INFO - Sleeping for 60 seconds
2025-04-01 09:49:09,242 - Trading System - INFO - Trading Bot is alive: True
2025-04-01 09:49:09,243 - Trading System - INFO - Monitor Bot is alive: True
2025-04-01 09:49:09,244 - Trading System - INFO - Improvement Bot is alive: True
2025-04-01 09:49:09,840 - Quantum Trading Bot - INFO - Starting trading cycle
2025-04-01 09:49:09,840 - Quantum Trading Bot - INFO - Processing AAPL
2025-04-01 09:49:09,840 - Quantum Trading Bot - INFO - Mock halal compliance check for AAPL: COMPLIANT
2025-04-01 09:49:09,861 - Quantum Trading Bot - INFO - Quantum device error rate: 0.0432
2025-04-01 09:49:09,866 - Quantum Trading Bot - INFO - Quantum prediction for AAPL: 0.0620 (confidence: 0.9568)
2025-04-01 09:49:09,866 - Quantum Trading Bot - INFO - Trading signal for AAPL: 0.0620 (source: quantum)
2025-04-01 09:49:09,866 - Quantum Trading Bot - INFO - SELL signal for AAPL (score: 0.0620, source: quantum)
2025-04-01 09:49:09,867 - Quantum Trading Bot - WARNING - Cannot sell AAPL - no position
2025-04-01 09:49:09,868 - Quantum Trading Bot - INFO - Processing MSFT
2025-04-01 09:49:09,868 - Quantum Trading Bot - INFO - Mock halal compliance check for MSFT: COMPLIANT
2025-04-01 09:49:09,878 - Quantum Trading Bot - INFO - Quantum device error rate: 0.0540
2025-04-01 09:49:09,887 - Quantum Trading Bot - INFO - Quantum prediction for MSFT: 0.4803 (confidence: 0.7568)
2025-04-01 09:49:09,887 - Quantum Trading Bot - INFO - Trading signal for MSFT: 0.4803 (source: quantum)
2025-04-01 09:49:09,887 - Quantum Trading Bot - INFO - HOLD signal for MSFT (score: 0.4803, source: quantum)
2025-04-01 09:49:09,888 - Quantum Trading Bot - INFO - Processing NVDA
2025-04-01 09:49:09,888 - Quantum Trading Bot - INFO - Mock halal compliance check for NVDA: COMPLIANT
2025-04-01 09:49:09,896 - Quantum Trading Bot - INFO - Quantum device error rate: 0.0381
2025-04-01 09:49:09,898 - Quantum Trading Bot - INFO - Quantum prediction for NVDA: 0.2970 (confidence: 0.9619)
2025-04-01 09:49:09,898 - Quantum Trading Bot - INFO - Trading signal for NVDA: 0.2970 (source: quantum)
2025-04-01 09:49:09,898 - Quantum Trading Bot - INFO - SELL signal for NVDA (score: 0.2970, source: quantum)
2025-04-01 09:49:09,898 - Quantum Trading Bot - WARNING - Cannot sell NVDA - no position
2025-04-01 09:49:09,902 - Quantum Trading Bot - INFO - Performance metrics saved: 40/72 winning trades
2025-04-01 09:49:09,902 - Quantum Trading Bot - INFO - Quantum prediction accuracy: 0.00
2025-04-01 09:49:09,903 - Quantum Trading Bot - INFO - Sleeping for 60 seconds
2025-04-01 09:50:09,251 - Trading System - INFO - Trading Bot is alive: True
2025-04-01 09:50:09,251 - Trading System - INFO - Monitor Bot is alive: True
2025-04-01 09:50:09,251 - Trading System - INFO - Improvement Bot is alive: True
2025-04-01 09:50:09,910 - Quantum Trading Bot - INFO - Starting trading cycle
2025-04-01 09:50:09,910 - Quantum Trading Bot - INFO - Processing AAPL
2025-04-01 09:50:09,910 - Quantum Trading Bot - INFO - Mock halal compliance check for AAPL: COMPLIANT
2025-04-01 09:50:09,935 - Quantum Trading Bot - INFO - Quantum device error rate: 0.0474
2025-04-01 09:50:09,940 - Quantum Trading Bot - INFO - Quantum prediction for AAPL: 0.0390 (confidence: 0.9526)
2025-04-01 09:50:09,940 - Quantum Trading Bot - INFO - Trading signal for AAPL: 0.0390 (source: quantum)
2025-04-01 09:50:09,940 - Quantum Trading Bot - INFO - SELL signal for AAPL (score: 0.0390, source: quantum)
2025-04-01 09:50:09,941 - Quantum Trading Bot - WARNING - Cannot sell AAPL - no position
2025-04-01 09:50:09,942 - Quantum Trading Bot - INFO - Processing MSFT
2025-04-01 09:50:09,942 - Quantum Trading Bot - INFO - Mock halal compliance check for MSFT: COMPLIANT
2025-04-01 09:50:09,954 - Quantum Trading Bot - INFO - Quantum device error rate: 0.0324
2025-04-01 09:50:09,957 - Quantum Trading Bot - INFO - Quantum prediction for MSFT: 0.5560 (confidence: 0.7741)
2025-04-01 09:50:09,957 - Quantum Trading Bot - INFO - Trading signal for MSFT: 0.5560 (source: quantum)
2025-04-01 09:50:09,957 - Quantum Trading Bot - INFO - HOLD signal for MSFT (score: 0.5560, source: quantum)
2025-04-01 09:50:09,958 - Quantum Trading Bot - INFO - Processing NVDA
2025-04-01 09:50:09,958 - Quantum Trading Bot - INFO - Mock halal compliance check for NVDA: COMPLIANT
2025-04-01 09:50:09,967 - Quantum Trading Bot - INFO - Quantum device error rate: 0.0534
2025-04-01 09:50:09,975 - Quantum Trading Bot - INFO - Quantum prediction for NVDA: 0.6181 (confidence: 0.9466)
2025-04-01 09:50:09,975 - Quantum Trading Bot - INFO - Trading signal for NVDA: 0.6181 (source: quantum)
2025-04-01 09:50:09,975 - Quantum Trading Bot - INFO - HOLD signal for NVDA (score: 0.6181, source: quantum)
2025-04-01 09:50:09,979 - Quantum Trading Bot - INFO - Performance metrics saved: 40/72 winning trades
2025-04-01 09:50:09,979 - Quantum Trading Bot - INFO - Quantum prediction accuracy: 0.00
2025-04-01 09:50:09,979 - Quantum Trading Bot - INFO - Sleeping for 60 seconds
2025-04-01 09:51:09,253 - Trading System - INFO - Trading Bot is alive: True
2025-04-01 09:51:09,253 - Trading System - INFO - Monitor Bot is alive: True
2025-04-01 09:51:09,253 - Trading System - INFO - Improvement Bot is alive: True
2025-04-01 09:51:09,986 - Quantum Trading Bot - INFO - Starting trading cycle
2025-04-01 09:51:09,986 - Quantum Trading Bot - INFO - Processing AAPL
2025-04-01 09:51:09,986 - Quantum Trading Bot - INFO - Mock halal compliance check for AAPL: COMPLIANT
2025-04-01 09:51:10,011 - Quantum Trading Bot - INFO - Quantum device error rate: 0.0333
2025-04-01 09:51:10,015 - Quantum Trading Bot - INFO - Quantum prediction for AAPL: 0.3960 (confidence: 0.9667)
2025-04-01 09:51:10,016 - Quantum Trading Bot - INFO - Trading signal for AAPL: 0.3960 (source: quantum)
2025-04-01 09:51:10,016 - Quantum Trading Bot - INFO - HOLD signal for AAPL (score: 0.3960, source: quantum)
2025-04-01 09:51:10,016 - Quantum Trading Bot - INFO - Processing MSFT
2025-04-01 09:51:10,016 - Quantum Trading Bot - INFO - Mock halal compliance check for MSFT: COMPLIANT
2025-04-01 09:51:10,027 - Quantum Trading Bot - INFO - Quantum device error rate: 0.0315
2025-04-01 09:51:10,030 - Quantum Trading Bot - INFO - Quantum prediction for MSFT: 0.8530 (confidence: 0.9685)
2025-04-01 09:51:10,030 - Quantum Trading Bot - INFO - Trading signal for MSFT: 0.8530 (source: quantum)
2025-04-01 09:51:10,030 - Quantum Trading Bot - INFO - HOLD signal for MSFT (score: 0.8530, source: quantum)
2025-04-01 09:51:10,030 - Quantum Trading Bot - INFO - Processing NVDA
2025-04-01 09:51:10,030 - Quantum Trading Bot - INFO - Mock halal compliance check for NVDA: COMPLIANT
2025-04-01 09:51:10,039 - Quantum Trading Bot - INFO - Quantum device error rate: 0.0333
2025-04-01 09:51:10,042 - Quantum Trading Bot - INFO - Quantum prediction for NVDA: 0.4800 (confidence: 0.7734)
2025-04-01 09:51:10,042 - Quantum Trading Bot - INFO - Trading signal for NVDA: 0.4800 (source: quantum)
2025-04-01 09:51:10,042 - Quantum Trading Bot - INFO - HOLD signal for NVDA (score: 0.4800, source: quantum)
2025-04-01 09:51:10,046 - Quantum Trading Bot - INFO - Performance metrics saved: 40/72 winning trades
2025-04-01 09:51:10,046 - Quantum Trading Bot - INFO - Quantum prediction accuracy: 0.00
2025-04-01 09:51:10,046 - Quantum Trading Bot - INFO - Sleeping for 60 seconds
2025-04-01 09:52:09,269 - Trading System - INFO - Trading Bot is alive: True
2025-04-01 09:52:09,270 - Trading System - INFO - Monitor Bot is alive: True
2025-04-01 09:52:09,270 - Trading System - INFO - Improvement Bot is alive: True
2025-04-01 09:52:10,063 - Quantum Trading Bot - INFO - Starting trading cycle
2025-04-01 09:52:10,063 - Quantum Trading Bot - INFO - Processing AAPL
2025-04-01 09:52:10,063 - Quantum Trading Bot - INFO - Mock halal compliance check for AAPL: COMPLIANT
2025-04-01 09:52:10,087 - Quantum Trading Bot - INFO - Quantum device error rate: 0.0429
2025-04-01 09:52:10,091 - Quantum Trading Bot - INFO - Quantum prediction for AAPL: 0.5530 (confidence: 0.7657)
2025-04-01 09:52:10,091 - Quantum Trading Bot - INFO - Trading signal for AAPL: 0.5530 (source: quantum)
2025-04-01 09:52:10,091 - Quantum Trading Bot - INFO - HOLD signal for AAPL (score: 0.5530, source: quantum)
2025-04-01 09:52:10,092 - Quantum Trading Bot - INFO - Processing MSFT
2025-04-01 09:52:10,092 - Quantum Trading Bot - INFO - Mock halal compliance check for MSFT: COMPLIANT
2025-04-01 09:52:10,104 - Quantum Trading Bot - INFO - Quantum device error rate: 0.0291
2025-04-01 09:52:10,106 - Quantum Trading Bot - INFO - Quantum prediction for MSFT: 0.3900 (confidence: 0.9709)
2025-04-01 09:52:10,106 - Quantum Trading Bot - INFO - Trading signal for MSFT: 0.3900 (source: quantum)
2025-04-01 09:52:10,106 - Quantum Trading Bot - INFO - HOLD signal for MSFT (score: 0.3900, source: quantum)
2025-04-01 09:52:10,107 - Quantum Trading Bot - INFO - Processing NVDA
2025-04-01 09:52:10,107 - Quantum Trading Bot - INFO - Mock halal compliance check for NVDA: COMPLIANT
2025-04-01 09:52:10,116 - Quantum Trading Bot - INFO - Quantum device error rate: 0.0522
2025-04-01 09:52:10,124 - Quantum Trading Bot - INFO - Quantum prediction for NVDA: 0.2585 (confidence: 0.9478)
2025-04-01 09:52:10,124 - Quantum Trading Bot - INFO - Trading signal for NVDA: 0.2585 (source: quantum)
2025-04-01 09:52:10,124 - Quantum Trading Bot - INFO - SELL signal for NVDA (score: 0.2585, source: quantum)
2025-04-01 09:52:10,125 - Quantum Trading Bot - WARNING - Cannot sell NVDA - no position
2025-04-01 09:52:10,129 - Quantum Trading Bot - INFO - Performance metrics saved: 40/72 winning trades
2025-04-01 09:52:10,129 - Quantum Trading Bot - INFO - Quantum prediction accuracy: 0.00
2025-04-01 09:52:10,129 - Quantum Trading Bot - INFO - Sleeping for 60 seconds
2025-04-01 10:07:22,023 - Trading System - INFO - Trading Bot is alive: True
2025-04-01 10:07:22,025 - Trading System - INFO - Monitor Bot is alive: True
2025-04-01 10:07:22,025 - Trading System - INFO - Improvement Bot is alive: True
2025-04-01 10:07:22,878 - Quantum Trading Bot - INFO - Starting trading cycle
2025-04-01 10:07:22,878 - Quantum Trading Bot - INFO - Processing AAPL
2025-04-01 10:07:22,879 - Quantum Trading Bot - INFO - Mock halal compliance check for AAPL: COMPLIANT
2025-04-01 10:07:22,910 - Quantum Trading Bot - INFO - Quantum device error rate: 0.0528
2025-04-01 10:07:22,922 - Quantum Trading Bot - INFO - Quantum prediction for AAPL: 0.3477 (confidence: 0.9472)
2025-04-01 10:07:22,922 - Quantum Trading Bot - INFO - Trading signal for AAPL: 0.3477 (source: quantum)
2025-04-01 10:07:22,922 - Quantum Trading Bot - INFO - HOLD signal for AAPL (score: 0.3477, source: quantum)
2025-04-01 10:07:22,923 - Quantum Trading Bot - INFO - Processing MSFT
2025-04-01 10:07:22,923 - Quantum Trading Bot - INFO - Mock halal compliance check for MSFT: COMPLIANT
2025-04-01 10:07:22,932 - Quantum Trading Bot - INFO - Quantum device error rate: 0.0570
2025-04-01 10:07:22,940 - Quantum Trading Bot - INFO - Quantum prediction for MSFT: 0.3420 (confidence: 0.9430)
2025-04-01 10:07:22,940 - Quantum Trading Bot - INFO - Trading signal for MSFT: 0.3420 (source: quantum)
2025-04-01 10:07:22,940 - Quantum Trading Bot - INFO - HOLD signal for MSFT (score: 0.3420, source: quantum)
2025-04-01 10:07:22,940 - Quantum Trading Bot - INFO - Processing NVDA
2025-04-01 10:07:22,940 - Quantum Trading Bot - INFO - Mock halal compliance check for NVDA: COMPLIANT
2025-04-01 10:07:22,948 - Quantum Trading Bot - INFO - Quantum device error rate: 0.0483
2025-04-01 10:07:22,950 - Quantum Trading Bot - INFO - Quantum prediction for NVDA: 0.4450 (confidence: 0.7614)
2025-04-01 10:07:22,950 - Quantum Trading Bot - INFO - Trading signal for NVDA: 0.4450 (source: quantum)
2025-04-01 10:07:22,950 - Quantum Trading Bot - INFO - HOLD signal for NVDA (score: 0.4450, source: quantum)
2025-04-01 10:07:22,954 - Quantum Trading Bot - INFO - Performance metrics saved: 40/72 winning trades
2025-04-01 10:07:22,954 - Quantum Trading Bot - INFO - Quantum prediction accuracy: 0.00
2025-04-01 10:07:22,954 - Quantum Trading Bot - INFO - Sleeping for 60 seconds
2025-04-01 10:08:21,999 - Trading System - INFO - Trading Bot is alive: True
2025-04-01 10:08:22,000 - Trading System - INFO - Monitor Bot is alive: True
2025-04-01 10:08:22,001 - Trading System - INFO - Improvement Bot is alive: True
2025-04-01 10:08:22,932 - Quantum Trading Bot - INFO - Starting trading cycle
2025-04-01 10:08:22,932 - Quantum Trading Bot - INFO - Processing AAPL
2025-04-01 10:08:22,933 - Quantum Trading Bot - INFO - Mock halal compliance check for AAPL: COMPLIANT
2025-04-01 10:08:22,957 - Quantum Trading Bot - INFO - Quantum device error rate: 0.0564
2025-04-01 10:08:22,970 - Quantum Trading Bot - INFO - Quantum prediction for AAPL: 0.2747 (confidence: 0.9436)
2025-04-01 10:08:22,970 - Quantum Trading Bot - INFO - Trading signal for AAPL: 0.2747 (source: quantum)
2025-04-01 10:08:22,970 - Quantum Trading Bot - INFO - SELL signal for AAPL (score: 0.2747, source: quantum)
2025-04-01 10:08:22,972 - Quantum Trading Bot - WARNING - Cannot sell AAPL - no position
2025-04-01 10:08:22,972 - Quantum Trading Bot - INFO - Processing MSFT
2025-04-01 10:08:22,972 - Quantum Trading Bot - INFO - Mock halal compliance check for MSFT: COMPLIANT
2025-04-01 10:08:22,982 - Quantum Trading Bot - INFO - Quantum device error rate: 0.0303
2025-04-01 10:08:22,985 - Quantum Trading Bot - INFO - Quantum prediction for MSFT: 0.8560 (confidence: 0.9697)
2025-04-01 10:08:22,985 - Quantum Trading Bot - INFO - Trading signal for MSFT: 0.8560 (source: quantum)
2025-04-01 10:08:22,985 - Quantum Trading Bot - INFO - HOLD signal for MSFT (score: 0.8560, source: quantum)
2025-04-01 10:08:22,985 - Quantum Trading Bot - INFO - Processing NVDA
2025-04-01 10:08:22,985 - Quantum Trading Bot - INFO - Mock halal compliance check for NVDA: COMPLIANT
2025-04-01 10:08:22,994 - Quantum Trading Bot - INFO - Quantum device error rate: 0.0453
2025-04-01 10:08:22,996 - Quantum Trading Bot - INFO - Quantum prediction for NVDA: 0.4820 (confidence: 0.7638)
2025-04-01 10:08:22,996 - Quantum Trading Bot - INFO - Trading signal for NVDA: 0.4820 (source: quantum)
2025-04-01 10:08:22,996 - Quantum Trading Bot - INFO - HOLD signal for NVDA (score: 0.4820, source: quantum)
2025-04-01 10:08:23,000 - Quantum Trading Bot - INFO - Performance metrics saved: 40/72 winning trades
2025-04-01 10:08:23,000 - Quantum Trading Bot - INFO - Quantum prediction accuracy: 0.00
2025-04-01 10:08:23,000 - Quantum Trading Bot - INFO - Sleeping for 60 seconds
2025-04-01 10:09:21,999 - Trading System - INFO - Trading Bot is alive: True
2025-04-01 10:09:22,001 - Trading System - INFO - Monitor Bot is alive: True
2025-04-01 10:09:22,001 - Trading System - INFO - Improvement Bot is alive: True
2025-04-01 10:09:23,002 - Quantum Trading Bot - INFO - Starting trading cycle
2025-04-01 10:09:23,002 - Quantum Trading Bot - INFO - Processing AAPL
2025-04-01 10:09:23,003 - Quantum Trading Bot - INFO - Mock halal compliance check for AAPL: COMPLIANT
2025-04-01 10:09:23,022 - Quantum Trading Bot - INFO - Quantum device error rate: 0.0294
2025-04-01 10:09:23,027 - Quantum Trading Bot - INFO - Quantum prediction for AAPL: 0.4610 (confidence: 0.7765)
2025-04-01 10:09:23,027 - Quantum Trading Bot - INFO - Trading signal for AAPL: 0.4610 (source: quantum)
2025-04-01 10:09:23,027 - Quantum Trading Bot - INFO - HOLD signal for AAPL (score: 0.4610, source: quantum)
2025-04-01 10:09:23,028 - Quantum Trading Bot - INFO - Processing MSFT
2025-04-01 10:09:23,028 - Quantum Trading Bot - INFO - Mock halal compliance check for MSFT: COMPLIANT
2025-04-01 10:09:23,038 - Quantum Trading Bot - INFO - Quantum device error rate: 0.0327
2025-04-01 10:09:23,041 - Quantum Trading Bot - INFO - Quantum prediction for MSFT: 0.2340 (confidence: 0.9673)
2025-04-01 10:09:23,042 - Quantum Trading Bot - INFO - Trading signal for MSFT: 0.2340 (source: quantum)
2025-04-01 10:09:23,042 - Quantum Trading Bot - INFO - SELL signal for MSFT (score: 0.2340, source: quantum)
2025-04-01 10:09:23,042 - Quantum Trading Bot - WARNING - Cannot sell MSFT - no position
2025-04-01 10:09:23,043 - Quantum Trading Bot - INFO - Processing NVDA
2025-04-01 10:09:23,043 - Quantum Trading Bot - INFO - Mock halal compliance check for NVDA: COMPLIANT
2025-04-01 10:09:23,052 - Quantum Trading Bot - INFO - Quantum device error rate: 0.0354
2025-04-01 10:09:23,054 - Quantum Trading Bot - INFO - Quantum prediction for NVDA: 0.6640 (confidence: 0.9646)
2025-04-01 10:09:23,054 - Quantum Trading Bot - INFO - Trading signal for NVDA: 0.6640 (source: quantum)
2025-04-01 10:09:23,054 - Quantum Trading Bot - INFO - HOLD signal for NVDA (score: 0.6640, source: quantum)
2025-04-01 10:09:23,059 - Quantum Trading Bot - INFO - Performance metrics saved: 40/72 winning trades
2025-04-01 10:09:23,059 - Quantum Trading Bot - INFO - Quantum prediction accuracy: 0.00
2025-04-01 10:09:23,059 - Quantum Trading Bot - INFO - Sleeping for 60 seconds
2025-04-01 10:10:21,999 - Trading System - INFO - Trading Bot is alive: True
2025-04-01 10:10:22,000 - Trading System - INFO - Monitor Bot is alive: True
2025-04-01 10:10:22,000 - Trading System - INFO - Improvement Bot is alive: True
2025-04-01 10:10:23,061 - Quantum Trading Bot - INFO - Starting trading cycle
2025-04-01 10:10:23,061 - Quantum Trading Bot - INFO - Processing AAPL
2025-04-01 10:10:23,061 - Quantum Trading Bot - INFO - Mock halal compliance check for AAPL: COMPLIANT
2025-04-01 10:10:23,082 - Quantum Trading Bot - INFO - Quantum device error rate: 0.0459
2025-04-01 10:10:23,087 - Quantum Trading Bot - INFO - Quantum prediction for AAPL: 0.8360 (confidence: 0.9541)
2025-04-01 10:10:23,087 - Quantum Trading Bot - INFO - Trading signal for AAPL: 0.8360 (source: quantum)
2025-04-01 10:10:23,087 - Quantum Trading Bot - INFO - HOLD signal for AAPL (score: 0.8360, source: quantum)
2025-04-01 10:10:23,087 - Quantum Trading Bot - INFO - Processing MSFT
2025-04-01 10:10:23,087 - Quantum Trading Bot - INFO - Mock halal compliance check for MSFT: COMPLIANT
2025-04-01 10:10:23,098 - Quantum Trading Bot - INFO - Quantum device error rate: 0.0510
2025-04-01 10:10:23,107 - Quantum Trading Bot - INFO - Quantum prediction for MSFT: 0.7352 (confidence: 0.9490)
2025-04-01 10:10:23,107 - Quantum Trading Bot - INFO - Trading signal for MSFT: 0.7352 (source: quantum)
2025-04-01 10:10:23,107 - Quantum Trading Bot - INFO - HOLD signal for MSFT (score: 0.7352, source: quantum)
2025-04-01 10:10:23,108 - Quantum Trading Bot - INFO - Processing NVDA
2025-04-01 10:10:23,108 - Quantum Trading Bot - INFO - Mock halal compliance check for NVDA: COMPLIANT
2025-04-01 10:10:23,116 - Quantum Trading Bot - INFO - Quantum device error rate: 0.0282
2025-04-01 10:10:23,118 - Quantum Trading Bot - INFO - Quantum prediction for NVDA: 0.3130 (confidence: 0.9718)
2025-04-01 10:10:23,118 - Quantum Trading Bot - INFO - Trading signal for NVDA: 0.3130 (source: quantum)
2025-04-01 10:10:23,118 - Quantum Trading Bot - INFO - HOLD signal for NVDA (score: 0.3130, source: quantum)
2025-04-01 10:10:23,122 - Quantum Trading Bot - INFO - Performance metrics saved: 40/72 winning trades
2025-04-01 10:10:23,122 - Quantum Trading Bot - INFO - Quantum prediction accuracy: 0.00
2025-04-01 10:10:23,122 - Quantum Trading Bot - INFO - Sleeping for 60 seconds
2025-04-01 10:11:22,001 - Trading System - INFO - Trading Bot is alive: True
2025-04-01 10:11:22,002 - Trading System - INFO - Monitor Bot is alive: True
2025-04-01 10:11:22,002 - Trading System - INFO - Improvement Bot is alive: True
2025-04-01 10:11:23,125 - Quantum Trading Bot - INFO - Starting trading cycle
2025-04-01 10:11:23,125 - Quantum Trading Bot - INFO - Processing AAPL
2025-04-01 10:11:23,125 - Quantum Trading Bot - INFO - Mock halal compliance check for AAPL: COMPLIANT
2025-04-01 10:11:23,150 - Quantum Trading Bot - INFO - Quantum device error rate: 0.0390
2025-04-01 10:11:23,155 - Quantum Trading Bot - INFO - Quantum prediction for AAPL: 0.3290 (confidence: 0.9610)
2025-04-01 10:11:23,155 - Quantum Trading Bot - INFO - Trading signal for AAPL: 0.3290 (source: quantum)
2025-04-01 10:11:23,155 - Quantum Trading Bot - INFO - HOLD signal for AAPL (score: 0.3290, source: quantum)
2025-04-01 10:11:23,156 - Quantum Trading Bot - INFO - Processing MSFT
2025-04-01 10:11:23,156 - Quantum Trading Bot - INFO - Mock halal compliance check for MSFT: COMPLIANT
2025-04-01 10:11:23,167 - Quantum Trading Bot - INFO - Quantum device error rate: 0.0357
2025-04-01 10:11:23,170 - Quantum Trading Bot - INFO - Quantum prediction for MSFT: 0.2970 (confidence: 0.9643)
2025-04-01 10:11:23,170 - Quantum Trading Bot - INFO - Trading signal for MSFT: 0.2970 (source: quantum)
2025-04-01 10:11:23,170 - Quantum Trading Bot - INFO - SELL signal for MSFT (score: 0.2970, source: quantum)
2025-04-01 10:11:23,171 - Quantum Trading Bot - WARNING - Cannot sell MSFT - no position
2025-04-01 10:11:23,171 - Quantum Trading Bot - INFO - Processing NVDA
2025-04-01 10:11:23,171 - Quantum Trading Bot - INFO - Mock halal compliance check for NVDA: COMPLIANT
2025-04-01 10:11:23,180 - Quantum Trading Bot - INFO - Quantum device error rate: 0.0633
2025-04-01 10:11:23,188 - Quantum Trading Bot - INFO - Quantum prediction for NVDA: 0.3183 (confidence: 0.9367)
2025-04-01 10:11:23,188 - Quantum Trading Bot - INFO - Trading signal for NVDA: 0.3183 (source: quantum)
2025-04-01 10:11:23,188 - Quantum Trading Bot - INFO - HOLD signal for NVDA (score: 0.3183, source: quantum)
2025-04-01 10:11:23,192 - Quantum Trading Bot - INFO - Performance metrics saved: 40/72 winning trades
2025-04-01 10:11:23,192 - Quantum Trading Bot - INFO - Quantum prediction accuracy: 0.00
2025-04-01 10:11:23,192 - Quantum Trading Bot - INFO - Sleeping for 60 seconds
2025-04-01 10:12:22,001 - Trading System - INFO - Trading Bot is alive: True
2025-04-01 10:12:22,002 - Trading System - INFO - Monitor Bot is alive: True
2025-04-01 10:12:22,002 - Trading System - INFO - Improvement Bot is alive: True
2025-04-01 10:12:23,194 - Quantum Trading Bot - INFO - Starting trading cycle
2025-04-01 10:12:23,195 - Quantum Trading Bot - INFO - Processing AAPL
2025-04-01 10:12:23,195 - Quantum Trading Bot - INFO - Mock halal compliance check for AAPL: COMPLIANT
2025-04-01 10:12:23,220 - Quantum Trading Bot - INFO - Quantum device error rate: 0.0378
2025-04-01 10:12:23,225 - Quantum Trading Bot - INFO - Quantum prediction for AAPL: 0.8360 (confidence: 0.9622)
2025-04-01 10:12:23,225 - Quantum Trading Bot - INFO - Trading signal for AAPL: 0.8360 (source: quantum)
2025-04-01 10:12:23,225 - Quantum Trading Bot - INFO - HOLD signal for AAPL (score: 0.8360, source: quantum)
2025-04-01 10:12:23,226 - Quantum Trading Bot - INFO - Processing MSFT
2025-04-01 10:12:23,226 - Quantum Trading Bot - INFO - Mock halal compliance check for MSFT: COMPLIANT
2025-04-01 10:12:23,237 - Quantum Trading Bot - INFO - Quantum device error rate: 0.0288
2025-04-01 10:12:23,240 - Quantum Trading Bot - INFO - Quantum prediction for MSFT: 0.9010 (confidence: 0.9712)
2025-04-01 10:12:23,240 - Quantum Trading Bot - INFO - Trading signal for MSFT: 0.9010 (source: quantum)
2025-04-01 10:12:23,240 - Quantum Trading Bot - INFO - HOLD signal for MSFT (score: 0.9010, source: quantum)
2025-04-01 10:12:23,241 - Quantum Trading Bot - INFO - Processing NVDA
2025-04-01 10:12:23,241 - Quantum Trading Bot - INFO - Mock halal compliance check for NVDA: COMPLIANT
2025-04-01 10:12:23,249 - Quantum Trading Bot - INFO - Quantum device error rate: 0.0306
2025-04-01 10:12:23,252 - Quantum Trading Bot - INFO - Quantum prediction for NVDA: 0.8900 (confidence: 0.9694)
2025-04-01 10:12:23,252 - Quantum Trading Bot - INFO - Trading signal for NVDA: 0.8900 (source: quantum)
2025-04-01 10:12:23,252 - Quantum Trading Bot - INFO - HOLD signal for NVDA (score: 0.8900, source: quantum)
2025-04-01 10:12:23,256 - Quantum Trading Bot - INFO - Performance metrics saved: 40/72 winning trades
2025-04-01 10:12:23,256 - Quantum Trading Bot - INFO - Quantum prediction accuracy: 0.00
2025-04-01 10:12:23,256 - Quantum Trading Bot - ERROR - Error updating quantum model: name 'update_quantum_model' is not defined
2025-04-01 10:12:23,268 - Quantum Trading Bot - INFO - Quantum device error rate: 0.0258
2025-04-01 10:12:23,268 - Quantum Trading Bot - ERROR - Error in portfolio optimization: name 'quantum_portfolio_optimization' is not defined
2025-04-01 10:12:23,268 - Quantum Trading Bot - INFO - Sleeping for 60 seconds
2025-04-01 10:13:22,004 - Trading System - INFO - Trading Bot is alive: True
2025-04-01 10:13:22,005 - Trading System - INFO - Monitor Bot is alive: True
2025-04-01 10:13:22,006 - Trading System - INFO - Improvement Bot is alive: True
2025-04-01 10:13:23,270 - Quantum Trading Bot - INFO - Starting trading cycle
2025-04-01 10:13:23,271 - Quantum Trading Bot - INFO - Processing AAPL
2025-04-01 10:13:23,271 - Quantum Trading Bot - INFO - Mock halal compliance check for AAPL: COMPLIANT
2025-04-01 10:13:23,298 - Quantum Trading Bot - INFO - Quantum device error rate: 0.0288
2025-04-01 10:13:23,303 - Quantum Trading Bot - INFO - Quantum prediction for AAPL: 0.5000 (confidence: 0.7770)
2025-04-01 10:13:23,303 - Quantum Trading Bot - INFO - Trading signal for AAPL: 0.5000 (source: quantum)
2025-04-01 10:13:23,303 - Quantum Trading Bot - INFO - HOLD signal for AAPL (score: 0.5000, source: quantum)
2025-04-01 10:13:23,304 - Quantum Trading Bot - INFO - Processing MSFT
2025-04-01 10:13:23,304 - Quantum Trading Bot - INFO - Mock halal compliance check for MSFT: COMPLIANT
2025-04-01 10:13:23,316 - Quantum Trading Bot - INFO - Quantum device error rate: 0.0582
2025-04-01 10:13:23,325 - Quantum Trading Bot - INFO - Quantum prediction for MSFT: 0.4992 (confidence: 0.7534)
2025-04-01 10:13:23,325 - Quantum Trading Bot - INFO - Trading signal for MSFT: 0.4992 (source: quantum)
2025-04-01 10:13:23,325 - Quantum Trading Bot - INFO - HOLD signal for MSFT (score: 0.4992, source: quantum)
2025-04-01 10:13:23,325 - Quantum Trading Bot - INFO - Processing NVDA
2025-04-01 10:13:23,325 - Quantum Trading Bot - INFO - Mock halal compliance check for NVDA: COMPLIANT
2025-04-01 10:13:23,333 - Quantum Trading Bot - INFO - Quantum device error rate: 0.0312
2025-04-01 10:13:23,335 - Quantum Trading Bot - INFO - Quantum prediction for NVDA: 0.6350 (confidence: 0.9688)
2025-04-01 10:13:23,336 - Quantum Trading Bot - INFO - Trading signal for NVDA: 0.6350 (source: quantum)
2025-04-01 10:13:23,336 - Quantum Trading Bot - INFO - HOLD signal for NVDA (score: 0.6350, source: quantum)
2025-04-01 10:13:23,340 - Quantum Trading Bot - INFO - Performance metrics saved: 40/72 winning trades
2025-04-01 10:13:23,340 - Quantum Trading Bot - INFO - Quantum prediction accuracy: 0.00
2025-04-01 10:13:23,340 - Quantum Trading Bot - INFO - Sleeping for 60 seconds
2025-04-01 10:14:22,005 - Trading System - INFO - Trading Bot is alive: True
2025-04-01 10:14:22,005 - Trading System - INFO - Monitor Bot is alive: True
2025-04-01 10:14:22,005 - Trading System - INFO - Improvement Bot is alive: True
2025-04-01 10:14:23,342 - Quantum Trading Bot - INFO - Starting trading cycle
2025-04-01 10:14:23,343 - Quantum Trading Bot - INFO - Processing AAPL
2025-04-01 10:14:23,343 - Quantum Trading Bot - INFO - Mock halal compliance check for AAPL: COMPLIANT
2025-04-01 10:14:23,363 - Quantum Trading Bot - INFO - Quantum device error rate: 0.0324
2025-04-01 10:14:23,367 - Quantum Trading Bot - INFO - Quantum prediction for AAPL: 0.2640 (confidence: 0.9676)
2025-04-01 10:14:23,367 - Quantum Trading Bot - INFO - Trading signal for AAPL: 0.2640 (source: quantum)
2025-04-01 10:14:23,367 - Quantum Trading Bot - INFO - SELL signal for AAPL (score: 0.2640, source: quantum)
2025-04-01 10:14:23,368 - Quantum Trading Bot - WARNING - Cannot sell AAPL - no position
2025-04-01 10:14:23,369 - Quantum Trading Bot - INFO - Processing MSFT
2025-04-01 10:14:23,369 - Quantum Trading Bot - INFO - Mock halal compliance check for MSFT: COMPLIANT
2025-04-01 10:14:23,380 - Quantum Trading Bot - INFO - Quantum device error rate: 0.0231
2025-04-01 10:14:23,383 - Quantum Trading Bot - INFO - Quantum prediction for MSFT: 0.4960 (confidence: 0.7815)
2025-04-01 10:14:23,383 - Quantum Trading Bot - INFO - Trading signal for MSFT: 0.4960 (source: quantum)
2025-04-01 10:14:23,383 - Quantum Trading Bot - INFO - HOLD signal for MSFT (score: 0.4960, source: quantum)
2025-04-01 10:14:23,383 - Quantum Trading Bot - INFO - Processing NVDA
2025-04-01 10:14:23,383 - Quantum Trading Bot - INFO - Mock halal compliance check for NVDA: COMPLIANT
2025-04-01 10:14:23,392 - Quantum Trading Bot - INFO - Quantum device error rate: 0.0336
2025-04-01 10:14:23,394 - Quantum Trading Bot - INFO - Quantum prediction for NVDA: 0.3700 (confidence: 0.9664)
2025-04-01 10:14:23,394 - Quantum Trading Bot - INFO - Trading signal for NVDA: 0.3700 (source: quantum)
2025-04-01 10:14:23,394 - Quantum Trading Bot - INFO - HOLD signal for NVDA (score: 0.3700, source: quantum)
2025-04-01 10:14:23,398 - Quantum Trading Bot - INFO - Performance metrics saved: 40/72 winning trades
2025-04-01 10:14:23,398 - Quantum Trading Bot - INFO - Quantum prediction accuracy: 0.00
2025-04-01 10:14:23,398 - Quantum Trading Bot - INFO - Sleeping for 60 seconds
2025-04-01 10:15:22,005 - Trading System - INFO - Trading Bot is alive: True
2025-04-01 10:15:22,006 - Trading System - INFO - Monitor Bot is alive: True
2025-04-01 10:15:22,006 - Trading System - INFO - Improvement Bot is alive: True
2025-04-01 10:15:23,400 - Quantum Trading Bot - INFO - Starting trading cycle
2025-04-01 10:15:23,400 - Quantum Trading Bot - INFO - Processing AAPL
2025-04-01 10:15:23,400 - Quantum Trading Bot - INFO - Mock halal compliance check for AAPL: COMPLIANT
2025-04-01 10:15:23,425 - Quantum Trading Bot - INFO - Quantum device error rate: 0.0408
2025-04-01 10:15:23,430 - Quantum Trading Bot - INFO - Quantum prediction for AAPL: 0.5130 (confidence: 0.7674)
2025-04-01 10:15:23,430 - Quantum Trading Bot - INFO - Trading signal for AAPL: 0.5130 (source: quantum)
2025-04-01 10:15:23,430 - Quantum Trading Bot - INFO - HOLD signal for AAPL (score: 0.5130, source: quantum)
2025-04-01 10:15:23,431 - Quantum Trading Bot - INFO - Processing MSFT
2025-04-01 10:15:23,431 - Quantum Trading Bot - INFO - Mock halal compliance check for MSFT: COMPLIANT
2025-04-01 10:15:23,442 - Quantum Trading Bot - INFO - Quantum device error rate: 0.0267
2025-04-01 10:15:23,445 - Quantum Trading Bot - INFO - Quantum prediction for MSFT: 0.8540 (confidence: 0.9733)
2025-04-01 10:15:23,445 - Quantum Trading Bot - INFO - Trading signal for MSFT: 0.8540 (source: quantum)
2025-04-01 10:15:23,445 - Quantum Trading Bot - INFO - HOLD signal for MSFT (score: 0.8540, source: quantum)
2025-04-01 10:15:23,446 - Quantum Trading Bot - INFO - Processing NVDA
2025-04-01 10:15:23,446 - Quantum Trading Bot - INFO - Mock halal compliance check for NVDA: COMPLIANT
2025-04-01 10:15:23,455 - Quantum Trading Bot - INFO - Quantum device error rate: 0.0336
2025-04-01 10:15:23,457 - Quantum Trading Bot - INFO - Quantum prediction for NVDA: 0.7610 (confidence: 0.9664)
2025-04-01 10:15:23,457 - Quantum Trading Bot - INFO - Trading signal for NVDA: 0.7610 (source: quantum)
2025-04-01 10:15:23,457 - Quantum Trading Bot - INFO - HOLD signal for NVDA (score: 0.7610, source: quantum)
2025-04-01 10:15:23,461 - Quantum Trading Bot - INFO - Performance metrics saved: 40/72 winning trades
2025-04-01 10:15:23,461 - Quantum Trading Bot - INFO - Quantum prediction accuracy: 0.00
2025-04-01 10:15:23,461 - Quantum Trading Bot - INFO - Sleeping for 60 seconds
2025-04-01 10:16:22,003 - Trading System - INFO - Trading Bot is alive: True
2025-04-01 10:16:22,004 - Trading System - INFO - Monitor Bot is alive: True
2025-04-01 10:16:22,004 - Trading System - INFO - Improvement Bot is alive: True
2025-04-01 10:16:23,463 - Quantum Trading Bot - INFO - Starting trading cycle
2025-04-01 10:16:23,463 - Quantum Trading Bot - INFO - Processing AAPL
2025-04-01 10:16:23,463 - Quantum Trading Bot - INFO - Mock halal compliance check for AAPL: COMPLIANT
2025-04-01 10:16:23,479 - Quantum Trading Bot - INFO - Quantum device error rate: 0.0252
2025-04-01 10:16:23,483 - Quantum Trading Bot - INFO - Quantum prediction for AAPL: 0.6880 (confidence: 0.9748)
2025-04-01 10:16:23,483 - Quantum Trading Bot - INFO - Trading signal for AAPL: 0.6880 (source: quantum)
2025-04-01 10:16:23,483 - Quantum Trading Bot - INFO - HOLD signal for AAPL (score: 0.6880, source: quantum)
2025-04-01 10:16:23,484 - Quantum Trading Bot - INFO - Processing MSFT
2025-04-01 10:16:23,484 - Quantum Trading Bot - INFO - Mock halal compliance check for MSFT: COMPLIANT
2025-04-01 10:16:23,494 - Quantum Trading Bot - INFO - Quantum device error rate: 0.0411
2025-04-01 10:16:23,497 - Quantum Trading Bot - INFO - Quantum prediction for MSFT: 0.4270 (confidence: 0.7671)
2025-04-01 10:16:23,497 - Quantum Trading Bot - INFO - Trading signal for MSFT: 0.4270 (source: quantum)
2025-04-01 10:16:23,497 - Quantum Trading Bot - INFO - HOLD signal for MSFT (score: 0.4270, source: quantum)
2025-04-01 10:16:23,497 - Quantum Trading Bot - INFO - Processing NVDA
2025-04-01 10:16:23,497 - Quantum Trading Bot - INFO - Mock halal compliance check for NVDA: COMPLIANT
2025-04-01 10:16:23,506 - Quantum Trading Bot - INFO - Quantum device error rate: 0.0378
2025-04-01 10:16:23,508 - Quantum Trading Bot - INFO - Quantum prediction for NVDA: 0.1770 (confidence: 0.9622)
2025-04-01 10:16:23,508 - Quantum Trading Bot - INFO - Trading signal for NVDA: 0.1770 (source: quantum)
2025-04-01 10:16:23,508 - Quantum Trading Bot - INFO - SELL signal for NVDA (score: 0.1770, source: quantum)
2025-04-01 10:16:23,509 - Quantum Trading Bot - WARNING - Cannot sell NVDA - no position
2025-04-01 10:16:23,513 - Quantum Trading Bot - INFO - Performance metrics saved: 40/72 winning trades
2025-04-01 10:16:23,513 - Quantum Trading Bot - INFO - Quantum prediction accuracy: 0.00
2025-04-01 10:16:23,513 - Quantum Trading Bot - INFO - Sleeping for 60 seconds
2025-04-01 10:17:22,006 - Trading System - INFO - Trading Bot is alive: True
2025-04-01 10:17:22,008 - Trading System - INFO - Monitor Bot is alive: True
2025-04-01 10:17:22,008 - Trading System - INFO - Improvement Bot is alive: True
2025-04-01 10:17:23,516 - Quantum Trading Bot - INFO - Starting trading cycle
2025-04-01 10:17:23,516 - Quantum Trading Bot - INFO - Processing AAPL
2025-04-01 10:17:23,516 - Quantum Trading Bot - INFO - Mock halal compliance check for AAPL: COMPLIANT
2025-04-01 10:17:23,541 - Quantum Trading Bot - INFO - Quantum device error rate: 0.0324
2025-04-01 10:17:23,547 - Quantum Trading Bot - INFO - Quantum prediction for AAPL: 0.5460 (confidence: 0.7741)
2025-04-01 10:17:23,547 - Quantum Trading Bot - INFO - Trading signal for AAPL: 0.5460 (source: quantum)
2025-04-01 10:17:23,547 - Quantum Trading Bot - INFO - HOLD signal for AAPL (score: 0.5460, source: quantum)
2025-04-01 10:17:23,548 - Quantum Trading Bot - INFO - Processing MSFT
2025-04-01 10:17:23,548 - Quantum Trading Bot - INFO - Mock halal compliance check for MSFT: COMPLIANT
2025-04-01 10:17:23,559 - Quantum Trading Bot - INFO - Quantum device error rate: 0.0432
2025-04-01 10:17:23,562 - Quantum Trading Bot - INFO - Quantum prediction for MSFT: 0.8110 (confidence: 0.9568)
2025-04-01 10:17:23,562 - Quantum Trading Bot - INFO - Trading signal for MSFT: 0.8110 (source: quantum)
2025-04-01 10:17:23,562 - Quantum Trading Bot - INFO - HOLD signal for MSFT (score: 0.8110, source: quantum)
2025-04-01 10:17:23,562 - Quantum Trading Bot - INFO - Processing NVDA
2025-04-01 10:17:23,562 - Quantum Trading Bot - INFO - Mock halal compliance check for NVDA: COMPLIANT
2025-04-01 10:17:23,572 - Quantum Trading Bot - INFO - Quantum device error rate: 0.0348
2025-04-01 10:17:23,574 - Quantum Trading Bot - INFO - Quantum prediction for NVDA: 0.4760 (confidence: 0.7722)
2025-04-01 10:17:23,574 - Quantum Trading Bot - INFO - Trading signal for NVDA: 0.4760 (source: quantum)
2025-04-01 10:17:23,574 - Quantum Trading Bot - INFO - HOLD signal for NVDA (score: 0.4760, source: quantum)
2025-04-01 10:17:23,579 - Quantum Trading Bot - INFO - Performance metrics saved: 40/72 winning trades
2025-04-01 10:17:23,579 - Quantum Trading Bot - INFO - Quantum prediction accuracy: 0.00
2025-04-01 10:17:23,579 - Quantum Trading Bot - INFO - Sleeping for 60 seconds
2025-04-01 10:18:22,010 - Trading System - INFO - Trading Bot is alive: True
2025-04-01 10:18:22,012 - Trading System - INFO - Monitor Bot is alive: True
2025-04-01 10:18:22,012 - Trading System - INFO - Improvement Bot is alive: True
2025-04-01 10:18:23,580 - Quantum Trading Bot - INFO - Starting trading cycle
2025-04-01 10:18:23,580 - Quantum Trading Bot - INFO - Processing AAPL
2025-04-01 10:18:23,580 - Quantum Trading Bot - INFO - Mock halal compliance check for AAPL: COMPLIANT
2025-04-01 10:18:23,598 - Quantum Trading Bot - INFO - Quantum device error rate: 0.0429
2025-04-01 10:18:23,602 - Quantum Trading Bot - INFO - Quantum prediction for AAPL: 0.3540 (confidence: 0.9571)
2025-04-01 10:18:23,603 - Quantum Trading Bot - INFO - Trading signal for AAPL: 0.3540 (source: quantum)
2025-04-01 10:18:23,603 - Quantum Trading Bot - INFO - HOLD signal for AAPL (score: 0.3540, source: quantum)
2025-04-01 10:18:23,603 - Quantum Trading Bot - INFO - Processing MSFT
2025-04-01 10:18:23,603 - Quantum Trading Bot - INFO - Mock halal compliance check for MSFT: COMPLIANT
2025-04-01 10:18:23,617 - Quantum Trading Bot - INFO - Quantum device error rate: 0.0216
2025-04-01 10:18:23,622 - Quantum Trading Bot - INFO - Quantum prediction for MSFT: 0.4560 (confidence: 0.7827)
2025-04-01 10:18:23,622 - Quantum Trading Bot - INFO - Trading signal for MSFT: 0.4560 (source: quantum)
2025-04-01 10:18:23,622 - Quantum Trading Bot - INFO - HOLD signal for MSFT (score: 0.4560, source: quantum)
2025-04-01 10:18:23,623 - Quantum Trading Bot - INFO - Processing NVDA
2025-04-01 10:18:23,623 - Quantum Trading Bot - INFO - Mock halal compliance check for NVDA: COMPLIANT
2025-04-01 10:18:23,631 - Quantum Trading Bot - INFO - Quantum device error rate: 0.0351
2025-04-01 10:18:23,635 - Quantum Trading Bot - INFO - Quantum prediction for NVDA: 0.8180 (confidence: 0.9649)
2025-04-01 10:18:23,635 - Quantum Trading Bot - INFO - Trading signal for NVDA: 0.8180 (source: quantum)
2025-04-01 10:18:23,635 - Quantum Trading Bot - INFO - HOLD signal for NVDA (score: 0.8180, source: quantum)
2025-04-01 10:18:23,639 - Quantum Trading Bot - INFO - Performance metrics saved: 40/72 winning trades
2025-04-01 10:18:23,640 - Quantum Trading Bot - INFO - Quantum prediction accuracy: 0.00
2025-04-01 10:18:23,640 - Quantum Trading Bot - INFO - Sleeping for 60 seconds
2025-04-01 10:19:22,013 - Trading System - INFO - Trading Bot is alive: True
2025-04-01 10:19:22,013 - Trading System - INFO - Monitor Bot is alive: True
2025-04-01 10:19:22,013 - Trading System - INFO - Improvement Bot is alive: True
2025-04-01 10:19:23,641 - Quantum Trading Bot - INFO - Starting trading cycle
2025-04-01 10:19:23,641 - Quantum Trading Bot - INFO - Processing AAPL
2025-04-01 10:19:23,641 - Quantum Trading Bot - INFO - Mock halal compliance check for AAPL: COMPLIANT
2025-04-01 10:19:23,667 - Quantum Trading Bot - INFO - Quantum device error rate: 0.0288
2025-04-01 10:19:23,672 - Quantum Trading Bot - INFO - Quantum prediction for AAPL: 0.9260 (confidence: 0.9712)
2025-04-01 10:19:23,672 - Quantum Trading Bot - INFO - Trading signal for AAPL: 0.9260 (source: quantum)
2025-04-01 10:19:23,672 - Quantum Trading Bot - INFO - HOLD signal for AAPL (score: 0.9260, source: quantum)
2025-04-01 10:19:23,673 - Quantum Trading Bot - INFO - Processing MSFT
2025-04-01 10:19:23,673 - Quantum Trading Bot - INFO - Mock halal compliance check for MSFT: COMPLIANT
2025-04-01 10:19:23,685 - Quantum Trading Bot - INFO - Quantum device error rate: 0.0549
2025-04-01 10:19:23,694 - Quantum Trading Bot - INFO - Quantum prediction for MSFT: 0.2736 (confidence: 0.9451)
2025-04-01 10:19:23,694 - Quantum Trading Bot - INFO - Trading signal for MSFT: 0.2736 (source: quantum)
2025-04-01 10:19:23,694 - Quantum Trading Bot - INFO - SELL signal for MSFT (score: 0.2736, source: quantum)
2025-04-01 10:19:23,695 - Quantum Trading Bot - WARNING - Cannot sell MSFT - no position
2025-04-01 10:19:23,696 - Quantum Trading Bot - INFO - Processing NVDA
2025-04-01 10:19:23,696 - Quantum Trading Bot - INFO - Mock halal compliance check for NVDA: COMPLIANT
2025-04-01 10:19:23,704 - Quantum Trading Bot - INFO - Quantum device error rate: 0.0303
2025-04-01 10:19:23,706 - Quantum Trading Bot - INFO - Quantum prediction for NVDA: 0.3750 (confidence: 0.9697)
2025-04-01 10:19:23,706 - Quantum Trading Bot - INFO - Trading signal for NVDA: 0.3750 (source: quantum)
2025-04-01 10:19:23,706 - Quantum Trading Bot - INFO - HOLD signal for NVDA (score: 0.3750, source: quantum)
2025-04-01 10:19:23,711 - Quantum Trading Bot - INFO - Performance metrics saved: 40/72 winning trades
2025-04-01 10:19:23,711 - Quantum Trading Bot - INFO - Quantum prediction accuracy: 0.00
2025-04-01 10:19:23,711 - Quantum Trading Bot - INFO - Sleeping for 60 seconds
2025-04-01 10:20:22,016 - Trading System - INFO - Trading Bot is alive: True
2025-04-01 10:20:22,017 - Trading System - INFO - Monitor Bot is alive: True
2025-04-01 10:20:22,017 - Trading System - INFO - Improvement Bot is alive: True
2025-04-01 10:20:23,713 - Quantum Trading Bot - INFO - Starting trading cycle
2025-04-01 10:20:23,713 - Quantum Trading Bot - INFO - Processing AAPL
2025-04-01 10:20:23,713 - Quantum Trading Bot - INFO - Mock halal compliance check for AAPL: COMPLIANT
2025-04-01 10:20:23,739 - Quantum Trading Bot - INFO - Quantum device error rate: 0.0360
2025-04-01 10:20:23,745 - Quantum Trading Bot - INFO - Quantum prediction for AAPL: 0.6430 (confidence: 0.9640)
2025-04-01 10:20:23,745 - Quantum Trading Bot - INFO - Trading signal for AAPL: 0.6430 (source: quantum)
2025-04-01 10:20:23,745 - Quantum Trading Bot - INFO - HOLD signal for AAPL (score: 0.6430, source: quantum)
2025-04-01 10:20:23,746 - Quantum Trading Bot - INFO - Processing MSFT
2025-04-01 10:20:23,746 - Quantum Trading Bot - INFO - Mock halal compliance check for MSFT: COMPLIANT
2025-04-01 10:20:23,759 - Quantum Trading Bot - INFO - Quantum device error rate: 0.0495
2025-04-01 10:20:23,762 - Quantum Trading Bot - INFO - Quantum prediction for MSFT: 0.5580 (confidence: 0.7604)
2025-04-01 10:20:23,762 - Quantum Trading Bot - INFO - Trading signal for MSFT: 0.5580 (source: quantum)
2025-04-01 10:20:23,762 - Quantum Trading Bot - INFO - HOLD signal for MSFT (score: 0.5580, source: quantum)
2025-04-01 10:20:23,762 - Quantum Trading Bot - INFO - Processing NVDA
2025-04-01 10:20:23,762 - Quantum Trading Bot - INFO - Mock halal compliance check for NVDA: COMPLIANT
2025-04-01 10:20:23,771 - Quantum Trading Bot - INFO - Quantum device error rate: 0.0333
2025-04-01 10:20:23,774 - Quantum Trading Bot - INFO - Quantum prediction for NVDA: 0.4780 (confidence: 0.7734)
2025-04-01 10:20:23,774 - Quantum Trading Bot - INFO - Trading signal for NVDA: 0.4780 (source: quantum)
2025-04-01 10:20:23,774 - Quantum Trading Bot - INFO - HOLD signal for NVDA (score: 0.4780, source: quantum)
2025-04-01 10:20:23,779 - Quantum Trading Bot - INFO - Performance metrics saved: 40/72 winning trades
2025-04-01 10:20:23,779 - Quantum Trading Bot - INFO - Quantum prediction accuracy: 0.00
2025-04-01 10:20:23,779 - Quantum Trading Bot - INFO - Sleeping for 60 seconds
2025-04-01 10:21:22,018 - Trading System - INFO - Trading Bot is alive: True
2025-04-01 10:21:22,021 - Trading System - INFO - Monitor Bot is alive: True
2025-04-01 10:21:22,021 - Trading System - INFO - Improvement Bot is alive: True
2025-04-01 10:21:23,778 - Quantum Trading Bot - INFO - Starting trading cycle
2025-04-01 10:21:23,778 - Quantum Trading Bot - INFO - Processing AAPL
2025-04-01 10:21:23,778 - Quantum Trading Bot - INFO - Mock halal compliance check for AAPL: COMPLIANT
2025-04-01 10:21:23,794 - Quantum Trading Bot - INFO - Quantum device error rate: 0.0339
2025-04-01 10:21:23,798 - Quantum Trading Bot - INFO - Quantum prediction for AAPL: 0.6530 (confidence: 0.9661)
2025-04-01 10:21:23,798 - Quantum Trading Bot - INFO - Trading signal for AAPL: 0.6530 (source: quantum)
2025-04-01 10:21:23,798 - Quantum Trading Bot - INFO - HOLD signal for AAPL (score: 0.6530, source: quantum)
2025-04-01 10:21:23,799 - Quantum Trading Bot - INFO - Processing MSFT
2025-04-01 10:21:23,799 - Quantum Trading Bot - INFO - Mock halal compliance check for MSFT: COMPLIANT
2025-04-01 10:21:23,807 - Quantum Trading Bot - INFO - Quantum device error rate: 0.0582
2025-04-01 10:21:23,814 - Quantum Trading Bot - INFO - Quantum prediction for MSFT: 0.3382 (confidence: 0.9418)
2025-04-01 10:21:23,814 - Quantum Trading Bot - INFO - Trading signal for MSFT: 0.3382 (source: quantum)
2025-04-01 10:21:23,814 - Quantum Trading Bot - INFO - HOLD signal for MSFT (score: 0.3382, source: quantum)
2025-04-01 10:21:23,815 - Quantum Trading Bot - INFO - Processing NVDA
2025-04-01 10:21:23,815 - Quantum Trading Bot - INFO - Mock halal compliance check for NVDA: COMPLIANT
2025-04-01 10:21:23,831 - Quantum Trading Bot - INFO - Quantum device error rate: 0.0423
2025-04-01 10:21:23,834 - Quantum Trading Bot - INFO - Quantum prediction for NVDA: 0.2920 (confidence: 0.9577)
2025-04-01 10:21:23,834 - Quantum Trading Bot - INFO - Trading signal for NVDA: 0.2920 (source: quantum)
2025-04-01 10:21:23,834 - Quantum Trading Bot - INFO - SELL signal for NVDA (score: 0.2920, source: quantum)
2025-04-01 10:21:23,835 - Quantum Trading Bot - WARNING - Cannot sell NVDA - no position
2025-04-01 10:21:23,839 - Quantum Trading Bot - INFO - Performance metrics saved: 40/72 winning trades
2025-04-01 10:21:23,839 - Quantum Trading Bot - INFO - Quantum prediction accuracy: 0.00
2025-04-01 10:21:23,839 - Quantum Trading Bot - INFO - Sleeping for 60 seconds
2025-04-01 10:22:22,021 - Trading System - INFO - Trading Bot is alive: True
2025-04-01 10:22:22,023 - Trading System - INFO - Monitor Bot is alive: True
2025-04-01 10:22:22,023 - Trading System - INFO - Improvement Bot is alive: True
2025-04-01 10:22:23,841 - Quantum Trading Bot - INFO - Starting trading cycle
2025-04-01 10:22:23,841 - Quantum Trading Bot - INFO - Processing AAPL
2025-04-01 10:22:23,841 - Quantum Trading Bot - INFO - Mock halal compliance check for AAPL: COMPLIANT
2025-04-01 10:22:23,856 - Quantum Trading Bot - INFO - Quantum device error rate: 0.0480
2025-04-01 10:22:23,859 - Quantum Trading Bot - INFO - Quantum prediction for AAPL: 0.7980 (confidence: 0.9520)
2025-04-01 10:22:23,859 - Quantum Trading Bot - INFO - Trading signal for AAPL: 0.7980 (source: quantum)
2025-04-01 10:22:23,859 - Quantum Trading Bot - INFO - HOLD signal for AAPL (score: 0.7980, source: quantum)
2025-04-01 10:22:23,860 - Quantum Trading Bot - INFO - Processing MSFT
2025-04-01 10:22:23,860 - Quantum Trading Bot - INFO - Mock halal compliance check for MSFT: COMPLIANT
2025-04-01 10:22:23,868 - Quantum Trading Bot - INFO - Quantum device error rate: 0.0240
2025-04-01 10:22:23,870 - Quantum Trading Bot - INFO - Quantum prediction for MSFT: 0.2210 (confidence: 0.9760)
2025-04-01 10:22:23,870 - Quantum Trading Bot - INFO - Trading signal for MSFT: 0.2210 (source: quantum)
2025-04-01 10:22:23,870 - Quantum Trading Bot - INFO - SELL signal for MSFT (score: 0.2210, source: quantum)
2025-04-01 10:22:23,871 - Quantum Trading Bot - WARNING - Cannot sell MSFT - no position
2025-04-01 10:22:23,871 - Quantum Trading Bot - INFO - Processing NVDA
2025-04-01 10:22:23,871 - Quantum Trading Bot - INFO - Mock halal compliance check for NVDA: COMPLIANT
2025-04-01 10:22:23,879 - Quantum Trading Bot - INFO - Quantum device error rate: 0.0303
2025-04-01 10:22:23,881 - Quantum Trading Bot - INFO - Quantum prediction for NVDA: 0.6630 (confidence: 0.9697)
2025-04-01 10:22:23,881 - Quantum Trading Bot - INFO - Trading signal for NVDA: 0.6630 (source: quantum)
2025-04-01 10:22:23,881 - Quantum Trading Bot - INFO - HOLD signal for NVDA (score: 0.6630, source: quantum)
2025-04-01 10:22:23,885 - Quantum Trading Bot - INFO - Performance metrics saved: 40/72 winning trades
2025-04-01 10:22:23,885 - Quantum Trading Bot - INFO - Quantum prediction accuracy: 0.00
2025-04-01 10:22:23,885 - Quantum Trading Bot - ERROR - Error updating quantum model: name 'update_quantum_model' is not defined
2025-04-01 10:22:23,885 - Quantum Trading Bot - INFO - Sleeping for 60 seconds
2025-04-01 10:23:22,026 - Trading System - INFO - Trading Bot is alive: True
2025-04-01 10:23:22,026 - Trading System - INFO - Monitor Bot is alive: True
2025-04-01 10:23:22,027 - Trading System - INFO - Improvement Bot is alive: True
2025-04-01 10:23:23,887 - Quantum Trading Bot - INFO - Starting trading cycle
2025-04-01 10:23:23,888 - Quantum Trading Bot - INFO - Processing AAPL
2025-04-01 10:23:23,888 - Quantum Trading Bot - INFO - Mock halal compliance check for AAPL: COMPLIANT
2025-04-01 10:23:23,913 - Quantum Trading Bot - INFO - Quantum device error rate: 0.0609
2025-04-01 10:23:23,926 - Quantum Trading Bot - INFO - Quantum prediction for AAPL: 0.7147 (confidence: 0.9391)
2025-04-01 10:23:23,926 - Quantum Trading Bot - INFO - Trading signal for AAPL: 0.7147 (source: quantum)
2025-04-01 10:23:23,927 - Quantum Trading Bot - INFO - HOLD signal for AAPL (score: 0.7147, source: quantum)
2025-04-01 10:23:23,928 - Quantum Trading Bot - INFO - Processing MSFT
2025-04-01 10:23:23,928 - Quantum Trading Bot - INFO - Mock halal compliance check for MSFT: COMPLIANT
2025-04-01 10:23:23,938 - Quantum Trading Bot - INFO - Quantum device error rate: 0.0228
2025-04-01 10:23:23,940 - Quantum Trading Bot - INFO - Quantum prediction for MSFT: 0.3640 (confidence: 0.9772)
2025-04-01 10:23:23,940 - Quantum Trading Bot - INFO - Trading signal for MSFT: 0.3640 (source: quantum)
2025-04-01 10:23:23,940 - Quantum Trading Bot - INFO - HOLD signal for MSFT (score: 0.3640, source: quantum)
2025-04-01 10:23:23,941 - Quantum Trading Bot - INFO - Processing NVDA
2025-04-01 10:23:23,941 - Quantum Trading Bot - INFO - Mock halal compliance check for NVDA: COMPLIANT
2025-04-01 10:23:23,949 - Quantum Trading Bot - INFO - Quantum device error rate: 0.0231
2025-04-01 10:23:23,951 - Quantum Trading Bot - INFO - Quantum prediction for NVDA: 0.6630 (confidence: 0.9769)
2025-04-01 10:23:23,952 - Quantum Trading Bot - INFO - Trading signal for NVDA: 0.6630 (source: quantum)
2025-04-01 10:23:23,952 - Quantum Trading Bot - INFO - HOLD signal for NVDA (score: 0.6630, source: quantum)
2025-04-01 10:23:23,957 - Quantum Trading Bot - INFO - Performance metrics saved: 40/72 winning trades
2025-04-01 10:23:23,957 - Quantum Trading Bot - INFO - Quantum prediction accuracy: 0.00
2025-04-01 10:23:23,957 - Quantum Trading Bot - INFO - Sleeping for 60 seconds
2025-04-01 10:24:22,027 - Trading System - INFO - Trading Bot is alive: True
2025-04-01 10:24:22,029 - Trading System - INFO - Monitor Bot is alive: True
2025-04-01 10:24:22,029 - Trading System - INFO - Improvement Bot is alive: True
2025-04-01 10:24:23,959 - Quantum Trading Bot - INFO - Starting trading cycle
2025-04-01 10:24:23,959 - Quantum Trading Bot - INFO - Processing AAPL
2025-04-01 10:24:23,959 - Quantum Trading Bot - INFO - Mock halal compliance check for AAPL: COMPLIANT
2025-04-01 10:24:23,984 - Quantum Trading Bot - INFO - Quantum device error rate: 0.0462
2025-04-01 10:24:23,989 - Quantum Trading Bot - INFO - Quantum prediction for AAPL: 0.2940 (confidence: 0.9538)
2025-04-01 10:24:23,989 - Quantum Trading Bot - INFO - Trading signal for AAPL: 0.2940 (source: quantum)
2025-04-01 10:24:23,989 - Quantum Trading Bot - INFO - SELL signal for AAPL (score: 0.2940, source: quantum)
2025-04-01 10:24:23,990 - Quantum Trading Bot - WARNING - Cannot sell AAPL - no position
2025-04-01 10:24:23,991 - Quantum Trading Bot - INFO - Processing MSFT
2025-04-01 10:24:23,991 - Quantum Trading Bot - INFO - Mock halal compliance check for MSFT: COMPLIANT
2025-04-01 10:24:24,003 - Quantum Trading Bot - INFO - Quantum device error rate: 0.0333
2025-04-01 10:24:24,006 - Quantum Trading Bot - INFO - Quantum prediction for MSFT: 0.3520 (confidence: 0.9667)
2025-04-01 10:24:24,006 - Quantum Trading Bot - INFO - Trading signal for MSFT: 0.3520 (source: quantum)
2025-04-01 10:24:24,006 - Quantum Trading Bot - INFO - HOLD signal for MSFT (score: 0.3520, source: quantum)
2025-04-01 10:24:24,007 - Quantum Trading Bot - INFO - Processing NVDA
2025-04-01 10:24:24,007 - Quantum Trading Bot - INFO - Mock halal compliance check for NVDA: COMPLIANT
2025-04-01 10:24:24,016 - Quantum Trading Bot - INFO - Quantum device error rate: 0.0378
2025-04-01 10:24:24,018 - Quantum Trading Bot - INFO - Quantum prediction for NVDA: 0.5000 (confidence: 0.7698)
2025-04-01 10:24:24,018 - Quantum Trading Bot - INFO - Trading signal for NVDA: 0.5000 (source: quantum)
2025-04-01 10:24:24,018 - Quantum Trading Bot - INFO - HOLD signal for NVDA (score: 0.5000, source: quantum)
2025-04-01 10:24:24,023 - Quantum Trading Bot - INFO - Performance metrics saved: 40/72 winning trades
2025-04-01 10:24:24,023 - Quantum Trading Bot - INFO - Quantum prediction accuracy: 0.00
2025-04-01 10:24:24,023 - Quantum Trading Bot - INFO - Sleeping for 60 seconds
2025-04-01 10:25:22,027 - Trading System - INFO - Trading Bot is alive: True
2025-04-01 10:25:22,028 - Trading System - INFO - Monitor Bot is alive: True
2025-04-01 10:25:22,029 - Trading System - INFO - Improvement Bot is alive: True
2025-04-01 10:25:24,025 - Quantum Trading Bot - INFO - Starting trading cycle
2025-04-01 10:25:24,026 - Quantum Trading Bot - INFO - Processing AAPL
2025-04-01 10:25:24,026 - Quantum Trading Bot - INFO - Mock halal compliance check for AAPL: COMPLIANT
2025-04-01 10:25:24,052 - Quantum Trading Bot - INFO - Quantum device error rate: 0.0378
2025-04-01 10:25:24,057 - Quantum Trading Bot - INFO - Quantum prediction for AAPL: 0.1340 (confidence: 0.9622)
2025-04-01 10:25:24,058 - Quantum Trading Bot - INFO - Trading signal for AAPL: 0.1340 (source: quantum)
2025-04-01 10:25:24,058 - Quantum Trading Bot - INFO - SELL signal for AAPL (score: 0.1340, source: quantum)
2025-04-01 10:25:24,059 - Quantum Trading Bot - WARNING - Cannot sell AAPL - no position
2025-04-01 10:25:24,060 - Quantum Trading Bot - INFO - Processing MSFT
2025-04-01 10:25:24,060 - Quantum Trading Bot - INFO - Mock halal compliance check for MSFT: COMPLIANT
2025-04-01 10:25:24,071 - Quantum Trading Bot - INFO - Quantum device error rate: 0.0384
2025-04-01 10:25:24,073 - Quantum Trading Bot - INFO - Quantum prediction for MSFT: 0.2600 (confidence: 0.9616)
2025-04-01 10:25:24,073 - Quantum Trading Bot - INFO - Trading signal for MSFT: 0.2600 (source: quantum)
2025-04-01 10:25:24,073 - Quantum Trading Bot - INFO - SELL signal for MSFT (score: 0.2600, source: quantum)
2025-04-01 10:25:24,074 - Quantum Trading Bot - WARNING - Cannot sell MSFT - no position
2025-04-01 10:25:24,075 - Quantum Trading Bot - INFO - Processing NVDA
2025-04-01 10:25:24,075 - Quantum Trading Bot - INFO - Mock halal compliance check for NVDA: COMPLIANT
2025-04-01 10:25:24,084 - Quantum Trading Bot - INFO - Quantum device error rate: 0.0402
2025-04-01 10:25:24,086 - Quantum Trading Bot - INFO - Quantum prediction for NVDA: 0.4730 (confidence: 0.7678)
2025-04-01 10:25:24,086 - Quantum Trading Bot - INFO - Trading signal for NVDA: 0.4730 (source: quantum)
2025-04-01 10:25:24,086 - Quantum Trading Bot - INFO - HOLD signal for NVDA (score: 0.4730, source: quantum)
2025-04-01 10:25:24,091 - Quantum Trading Bot - INFO - Performance metrics saved: 40/72 winning trades
2025-04-01 10:25:24,091 - Quantum Trading Bot - INFO - Quantum prediction accuracy: 0.00
2025-04-01 10:25:24,091 - Quantum Trading Bot - INFO - Sleeping for 60 seconds
2025-04-01 10:26:22,028 - Trading System - INFO - Trading Bot is alive: True
2025-04-01 10:26:22,030 - Trading System - INFO - Monitor Bot is alive: True
2025-04-01 10:26:22,031 - Trading System - INFO - Improvement Bot is alive: True
2025-04-01 10:26:24,093 - Quantum Trading Bot - INFO - Starting trading cycle
2025-04-01 10:26:24,093 - Quantum Trading Bot - INFO - Processing AAPL
2025-04-01 10:26:24,093 - Quantum Trading Bot - INFO - Mock halal compliance check for AAPL: COMPLIANT
2025-04-01 10:26:24,107 - Quantum Trading Bot - INFO - Quantum device error rate: 0.0360
2025-04-01 10:26:24,111 - Quantum Trading Bot - INFO - Quantum prediction for AAPL: 0.3380 (confidence: 0.9640)
2025-04-01 10:26:24,111 - Quantum Trading Bot - INFO - Trading signal for AAPL: 0.3380 (source: quantum)
2025-04-01 10:26:24,111 - Quantum Trading Bot - INFO - HOLD signal for AAPL (score: 0.3380, source: quantum)
2025-04-01 10:26:24,111 - Quantum Trading Bot - INFO - Processing MSFT
2025-04-01 10:26:24,111 - Quantum Trading Bot - INFO - Mock halal compliance check for MSFT: COMPLIANT
2025-04-01 10:26:24,119 - Quantum Trading Bot - INFO - Quantum device error rate: 0.0339
2025-04-01 10:26:24,122 - Quantum Trading Bot - INFO - Quantum prediction for MSFT: 0.2900 (confidence: 0.9661)
2025-04-01 10:26:24,122 - Quantum Trading Bot - INFO - Trading signal for MSFT: 0.2900 (source: quantum)
2025-04-01 10:26:24,122 - Quantum Trading Bot - INFO - SELL signal for MSFT (score: 0.2900, source: quantum)
2025-04-01 10:26:24,123 - Quantum Trading Bot - WARNING - Cannot sell MSFT - no position
2025-04-01 10:26:24,123 - Quantum Trading Bot - INFO - Processing NVDA
2025-04-01 10:26:24,123 - Quantum Trading Bot - INFO - Mock halal compliance check for NVDA: COMPLIANT
2025-04-01 10:26:24,131 - Quantum Trading Bot - INFO - Quantum device error rate: 0.0567
2025-04-01 10:26:24,139 - Quantum Trading Bot - INFO - Quantum prediction for NVDA: 0.7892 (confidence: 0.9433)
2025-04-01 10:26:24,139 - Quantum Trading Bot - INFO - Trading signal for NVDA: 0.7892 (source: quantum)
2025-04-01 10:26:24,139 - Quantum Trading Bot - INFO - HOLD signal for NVDA (score: 0.7892, source: quantum)
2025-04-01 10:26:24,143 - Quantum Trading Bot - INFO - Performance metrics saved: 40/72 winning trades
2025-04-01 10:26:24,143 - Quantum Trading Bot - INFO - Quantum prediction accuracy: 0.00
2025-04-01 10:26:24,143 - Quantum Trading Bot - INFO - Sleeping for 60 seconds
2025-04-01 10:27:22,030 - Trading System - INFO - Trading Bot is alive: True
2025-04-01 10:27:22,033 - Trading System - INFO - Monitor Bot is alive: True
2025-04-01 10:27:22,033 - Trading System - INFO - Improvement Bot is alive: True
2025-04-01 10:27:24,145 - Quantum Trading Bot - INFO - Starting trading cycle
2025-04-01 10:27:24,146 - Quantum Trading Bot - INFO - Processing AAPL
2025-04-01 10:27:24,147 - Quantum Trading Bot - INFO - Mock halal compliance check for AAPL: COMPLIANT
2025-04-01 10:27:24,159 - Quantum Trading Bot - INFO - Quantum device error rate: 0.0534
2025-04-01 10:27:24,169 - Quantum Trading Bot - INFO - Quantum prediction for AAPL: 0.2677 (confidence: 0.9466)
2025-04-01 10:27:24,169 - Quantum Trading Bot - INFO - Trading signal for AAPL: 0.2677 (source: quantum)
2025-04-01 10:27:24,169 - Quantum Trading Bot - INFO - SELL signal for AAPL (score: 0.2677, source: quantum)
2025-04-01 10:27:24,170 - Quantum Trading Bot - WARNING - Cannot sell AAPL - no position
2025-04-01 10:27:24,171 - Quantum Trading Bot - INFO - Processing MSFT
2025-04-01 10:27:24,171 - Quantum Trading Bot - INFO - Mock halal compliance check for MSFT: COMPLIANT
2025-04-01 10:27:24,178 - Quantum Trading Bot - INFO - Quantum device error rate: 0.0246
2025-04-01 10:27:24,181 - Quantum Trading Bot - INFO - Quantum prediction for MSFT: 0.1960 (confidence: 0.9754)
2025-04-01 10:27:24,181 - Quantum Trading Bot - INFO - Trading signal for MSFT: 0.1960 (source: quantum)
2025-04-01 10:27:24,181 - Quantum Trading Bot - INFO - SELL signal for MSFT (score: 0.1960, source: quantum)
2025-04-01 10:27:24,182 - Quantum Trading Bot - WARNING - Cannot sell MSFT - no position
2025-04-01 10:27:24,183 - Quantum Trading Bot - INFO - Processing NVDA
2025-04-01 10:27:24,183 - Quantum Trading Bot - INFO - Mock halal compliance check for NVDA: COMPLIANT
2025-04-01 10:27:24,191 - Quantum Trading Bot - INFO - Quantum device error rate: 0.0303
2025-04-01 10:27:24,193 - Quantum Trading Bot - INFO - Quantum prediction for NVDA: 0.4750 (confidence: 0.7758)
2025-04-01 10:27:24,193 - Quantum Trading Bot - INFO - Trading signal for NVDA: 0.4750 (source: quantum)
2025-04-01 10:27:24,193 - Quantum Trading Bot - INFO - HOLD signal for NVDA (score: 0.4750, source: quantum)
2025-04-01 10:27:24,198 - Quantum Trading Bot - INFO - Performance metrics saved: 40/72 winning trades
2025-04-01 10:27:24,198 - Quantum Trading Bot - INFO - Quantum prediction accuracy: 0.00
2025-04-01 10:27:24,198 - Quantum Trading Bot - INFO - Sleeping for 60 seconds
2025-04-01 10:28:22,035 - Trading System - INFO - Trading Bot is alive: True
2025-04-01 10:28:22,037 - Trading System - INFO - Monitor Bot is alive: True
2025-04-01 10:28:22,037 - Trading System - INFO - Improvement Bot is alive: True
2025-04-01 10:28:24,200 - Quantum Trading Bot - INFO - Starting trading cycle
2025-04-01 10:28:24,200 - Quantum Trading Bot - INFO - Processing AAPL
2025-04-01 10:28:24,200 - Quantum Trading Bot - INFO - Mock halal compliance check for AAPL: COMPLIANT
2025-04-01 10:28:24,208 - Quantum Trading Bot - INFO - Quantum device error rate: 0.0222
2025-04-01 10:28:24,211 - Quantum Trading Bot - INFO - Quantum prediction for AAPL: 0.7000 (confidence: 0.9778)
2025-04-01 10:28:24,211 - Quantum Trading Bot - INFO - Trading signal for AAPL: 0.7000 (source: quantum)
2025-04-01 10:28:24,211 - Quantum Trading Bot - INFO - HOLD signal for AAPL (score: 0.7000, source: quantum)
2025-04-01 10:28:24,212 - Quantum Trading Bot - INFO - Processing MSFT
2025-04-01 10:28:24,212 - Quantum Trading Bot - INFO - Mock halal compliance check for MSFT: COMPLIANT
2025-04-01 10:28:24,220 - Quantum Trading Bot - INFO - Quantum device error rate: 0.0294
2025-04-01 10:28:24,222 - Quantum Trading Bot - INFO - Quantum prediction for MSFT: 0.4600 (confidence: 0.7765)
2025-04-01 10:28:24,222 - Quantum Trading Bot - INFO - Trading signal for MSFT: 0.4600 (source: quantum)
2025-04-01 10:28:24,222 - Quantum Trading Bot - INFO - HOLD signal for MSFT (score: 0.4600, source: quantum)
2025-04-01 10:28:24,223 - Quantum Trading Bot - INFO - Processing NVDA
2025-04-01 10:28:24,223 - Quantum Trading Bot - INFO - Mock halal compliance check for NVDA: COMPLIANT
2025-04-01 10:28:24,230 - Quantum Trading Bot - INFO - Quantum device error rate: 0.0411
2025-04-01 10:28:24,233 - Quantum Trading Bot - INFO - Quantum prediction for NVDA: 0.5720 (confidence: 0.7671)
2025-04-01 10:28:24,233 - Quantum Trading Bot - INFO - Trading signal for NVDA: 0.5720 (source: quantum)
2025-04-01 10:28:24,233 - Quantum Trading Bot - INFO - HOLD signal for NVDA (score: 0.5720, source: quantum)
2025-04-01 10:28:24,237 - Quantum Trading Bot - INFO - Performance metrics saved: 40/72 winning trades
2025-04-01 10:28:24,237 - Quantum Trading Bot - INFO - Quantum prediction accuracy: 0.00
2025-04-01 10:28:24,237 - Quantum Trading Bot - INFO - Sleeping for 60 seconds
2025-04-01 10:29:22,038 - Trading System - INFO - Trading Bot is alive: True
2025-04-01 10:29:22,040 - Trading System - INFO - Monitor Bot is alive: True
2025-04-01 10:29:22,040 - Trading System - INFO - Improvement Bot is alive: True
2025-04-01 10:29:24,239 - Quantum Trading Bot - INFO - Starting trading cycle
2025-04-01 10:29:24,240 - Quantum Trading Bot - INFO - Processing AAPL
2025-04-01 10:29:24,240 - Quantum Trading Bot - INFO - Mock halal compliance check for AAPL: COMPLIANT
2025-04-01 10:29:24,248 - Quantum Trading Bot - INFO - Quantum device error rate: 0.0351
2025-04-01 10:29:24,252 - Quantum Trading Bot - INFO - Quantum prediction for AAPL: 0.7570 (confidence: 0.9649)
2025-04-01 10:29:24,252 - Quantum Trading Bot - INFO - Trading signal for AAPL: 0.7570 (source: quantum)
2025-04-01 10:29:24,252 - Quantum Trading Bot - INFO - HOLD signal for AAPL (score: 0.7570, source: quantum)
2025-04-01 10:29:24,253 - Quantum Trading Bot - INFO - Processing MSFT
2025-04-01 10:29:24,253 - Quantum Trading Bot - INFO - Mock halal compliance check for MSFT: COMPLIANT
2025-04-01 10:29:24,260 - Quantum Trading Bot - INFO - Quantum device error rate: 0.0474
2025-04-01 10:29:24,263 - Quantum Trading Bot - INFO - Quantum prediction for MSFT: 0.0780 (confidence: 0.9526)
2025-04-01 10:29:24,263 - Quantum Trading Bot - INFO - Trading signal for MSFT: 0.0780 (source: quantum)
2025-04-01 10:29:24,263 - Quantum Trading Bot - INFO - SELL signal for MSFT (score: 0.0780, source: quantum)
2025-04-01 10:29:24,263 - Quantum Trading Bot - WARNING - Cannot sell MSFT - no position
2025-04-01 10:29:24,264 - Quantum Trading Bot - INFO - Processing NVDA
2025-04-01 10:29:24,264 - Quantum Trading Bot - INFO - Mock halal compliance check for NVDA: COMPLIANT
2025-04-01 10:29:24,271 - Quantum Trading Bot - INFO - Quantum device error rate: 0.0567
2025-04-01 10:29:24,279 - Quantum Trading Bot - INFO - Quantum prediction for NVDA: 0.2159 (confidence: 0.9433)
2025-04-01 10:29:24,279 - Quantum Trading Bot - INFO - Trading signal for NVDA: 0.2159 (source: quantum)
2025-04-01 10:29:24,279 - Quantum Trading Bot - INFO - SELL signal for NVDA (score: 0.2159, source: quantum)
2025-04-01 10:29:24,279 - Quantum Trading Bot - WARNING - Cannot sell NVDA - no position
2025-04-01 10:29:24,284 - Quantum Trading Bot - INFO - Performance metrics saved: 40/72 winning trades
2025-04-01 10:29:24,284 - Quantum Trading Bot - INFO - Quantum prediction accuracy: 0.00
2025-04-01 10:29:24,284 - Quantum Trading Bot - INFO - Sleeping for 60 seconds
2025-04-01 10:30:22,041 - Trading System - INFO - Trading Bot is alive: True
2025-04-01 10:30:22,042 - Trading System - INFO - Monitor Bot is alive: True
2025-04-01 10:30:22,042 - Trading System - INFO - Improvement Bot is alive: True
2025-04-01 10:30:24,286 - Quantum Trading Bot - INFO - Starting trading cycle
2025-04-01 10:30:24,286 - Quantum Trading Bot - INFO - Processing AAPL
2025-04-01 10:30:24,287 - Quantum Trading Bot - INFO - Mock halal compliance check for AAPL: COMPLIANT
2025-04-01 10:30:24,313 - Quantum Trading Bot - INFO - Quantum device error rate: 0.0483
2025-04-01 10:30:24,319 - Quantum Trading Bot - INFO - Quantum prediction for AAPL: 0.0400 (confidence: 0.9517)
2025-04-01 10:30:24,319 - Quantum Trading Bot - INFO - Trading signal for AAPL: 0.0400 (source: quantum)
2025-04-01 10:30:24,319 - Quantum Trading Bot - INFO - SELL signal for AAPL (score: 0.0400, source: quantum)
2025-04-01 10:30:24,320 - Quantum Trading Bot - WARNING - Cannot sell AAPL - no position
2025-04-01 10:30:24,321 - Quantum Trading Bot - INFO - Processing MSFT
2025-04-01 10:30:24,321 - Quantum Trading Bot - INFO - Mock halal compliance check for MSFT: COMPLIANT
2025-04-01 10:30:24,332 - Quantum Trading Bot - INFO - Quantum device error rate: 0.0294
2025-04-01 10:30:24,335 - Quantum Trading Bot - INFO - Quantum prediction for MSFT: 0.3400 (confidence: 0.9706)
2025-04-01 10:30:24,335 - Quantum Trading Bot - INFO - Trading signal for MSFT: 0.3400 (source: quantum)
2025-04-01 10:30:24,335 - Quantum Trading Bot - INFO - HOLD signal for MSFT (score: 0.3400, source: quantum)
2025-04-01 10:30:24,335 - Quantum Trading Bot - INFO - Processing NVDA
2025-04-01 10:30:24,335 - Quantum Trading Bot - INFO - Mock halal compliance check for NVDA: COMPLIANT
2025-04-01 10:30:24,344 - Quantum Trading Bot - INFO - Quantum device error rate: 0.0378
2025-04-01 10:30:24,346 - Quantum Trading Bot - INFO - Quantum prediction for NVDA: 0.8820 (confidence: 0.9622)
2025-04-01 10:30:24,346 - Quantum Trading Bot - INFO - Trading signal for NVDA: 0.8820 (source: quantum)
2025-04-01 10:30:24,346 - Quantum Trading Bot - INFO - HOLD signal for NVDA (score: 0.8820, source: quantum)
2025-04-01 10:30:24,351 - Quantum Trading Bot - INFO - Performance metrics saved: 40/72 winning trades
2025-04-01 10:30:24,351 - Quantum Trading Bot - INFO - Quantum prediction accuracy: 0.00
2025-04-01 10:30:24,351 - Quantum Trading Bot - INFO - Sleeping for 60 seconds
2025-04-01 10:31:22,042 - Trading System - INFO - Trading Bot is alive: True
2025-04-01 10:31:22,044 - Trading System - INFO - Monitor Bot is alive: True
2025-04-01 10:31:22,044 - Trading System - INFO - Improvement Bot is alive: True
2025-04-01 10:31:24,354 - Quantum Trading Bot - INFO - Starting trading cycle
2025-04-01 10:31:24,354 - Quantum Trading Bot - INFO - Processing AAPL
2025-04-01 10:31:24,354 - Quantum Trading Bot - INFO - Mock halal compliance check for AAPL: COMPLIANT
2025-04-01 10:31:24,381 - Quantum Trading Bot - INFO - Quantum device error rate: 0.0285
2025-04-01 10:31:24,387 - Quantum Trading Bot - INFO - Quantum prediction for AAPL: 0.9010 (confidence: 0.9715)
2025-04-01 10:31:24,387 - Quantum Trading Bot - INFO - Trading signal for AAPL: 0.9010 (source: quantum)
2025-04-01 10:31:24,387 - Quantum Trading Bot - INFO - HOLD signal for AAPL (score: 0.9010, source: quantum)
2025-04-01 10:31:24,388 - Quantum Trading Bot - INFO - Processing MSFT
2025-04-01 10:31:24,388 - Quantum Trading Bot - INFO - Mock halal compliance check for MSFT: COMPLIANT
2025-04-01 10:31:24,399 - Quantum Trading Bot - INFO - Quantum device error rate: 0.0450
2025-04-01 10:31:24,402 - Quantum Trading Bot - INFO - Quantum prediction for MSFT: 0.5720 (confidence: 0.7640)
2025-04-01 10:31:24,402 - Quantum Trading Bot - INFO - Trading signal for MSFT: 0.5720 (source: quantum)
2025-04-01 10:31:24,402 - Quantum Trading Bot - INFO - HOLD signal for MSFT (score: 0.5720, source: quantum)
2025-04-01 10:31:24,403 - Quantum Trading Bot - INFO - Processing NVDA
2025-04-01 10:31:24,403 - Quantum Trading Bot - INFO - Mock halal compliance check for NVDA: COMPLIANT
2025-04-01 10:31:24,411 - Quantum Trading Bot - INFO - Quantum device error rate: 0.0465
2025-04-01 10:31:24,414 - Quantum Trading Bot - INFO - Quantum prediction for NVDA: 0.9380 (confidence: 0.9535)
2025-04-01 10:31:24,414 - Quantum Trading Bot - INFO - Trading signal for NVDA: 0.9380 (source: quantum)
2025-04-01 10:31:24,414 - Quantum Trading Bot - INFO - HOLD signal for NVDA (score: 0.9380, source: quantum)
2025-04-01 10:31:24,419 - Quantum Trading Bot - INFO - Performance metrics saved: 40/72 winning trades
2025-04-01 10:31:24,419 - Quantum Trading Bot - INFO - Quantum prediction accuracy: 0.00
2025-04-01 10:31:24,419 - Quantum Trading Bot - INFO - Sleeping for 60 seconds
2025-04-01 10:32:22,044 - Trading System - INFO - Trading Bot is alive: True
2025-04-01 10:32:22,046 - Trading System - INFO - Monitor Bot is alive: True
2025-04-01 10:32:22,047 - Trading System - INFO - Improvement Bot is alive: True
2025-04-01 10:32:24,420 - Quantum Trading Bot - INFO - Starting trading cycle
2025-04-01 10:32:24,420 - Quantum Trading Bot - INFO - Processing AAPL
2025-04-01 10:32:24,420 - Quantum Trading Bot - INFO - Mock halal compliance check for AAPL: COMPLIANT
2025-04-01 10:32:24,428 - Quantum Trading Bot - INFO - Quantum device error rate: 0.0444
2025-04-01 10:32:24,432 - Quantum Trading Bot - INFO - Quantum prediction for AAPL: 0.4930 (confidence: 0.7645)
2025-04-01 10:32:24,432 - Quantum Trading Bot - INFO - Trading signal for AAPL: 0.4930 (source: quantum)
2025-04-01 10:32:24,432 - Quantum Trading Bot - INFO - HOLD signal for AAPL (score: 0.4930, source: quantum)
2025-04-01 10:32:24,433 - Quantum Trading Bot - INFO - Processing MSFT
2025-04-01 10:32:24,433 - Quantum Trading Bot - INFO - Mock halal compliance check for MSFT: COMPLIANT
2025-04-01 10:32:24,440 - Quantum Trading Bot - INFO - Quantum device error rate: 0.0303
2025-04-01 10:32:24,443 - Quantum Trading Bot - INFO - Quantum prediction for MSFT: 0.5260 (confidence: 0.7758)
2025-04-01 10:32:24,443 - Quantum Trading Bot - INFO - Trading signal for MSFT: 0.5260 (source: quantum)
2025-04-01 10:32:24,443 - Quantum Trading Bot - INFO - HOLD signal for MSFT (score: 0.5260, source: quantum)
2025-04-01 10:32:24,443 - Quantum Trading Bot - INFO - Processing NVDA
2025-04-01 10:32:24,443 - Quantum Trading Bot - INFO - Mock halal compliance check for NVDA: COMPLIANT
2025-04-01 10:32:24,450 - Quantum Trading Bot - INFO - Quantum device error rate: 0.0495
2025-04-01 10:32:24,453 - Quantum Trading Bot - INFO - Quantum prediction for NVDA: 0.7250 (confidence: 0.9505)
2025-04-01 10:32:24,453 - Quantum Trading Bot - INFO - Trading signal for NVDA: 0.7250 (source: quantum)
2025-04-01 10:32:24,453 - Quantum Trading Bot - INFO - HOLD signal for NVDA (score: 0.7250, source: quantum)
2025-04-01 10:32:24,458 - Quantum Trading Bot - INFO - Performance metrics saved: 40/72 winning trades
2025-04-01 10:32:24,458 - Quantum Trading Bot - INFO - Quantum prediction accuracy: 0.00
2025-04-01 10:32:24,458 - Quantum Trading Bot - ERROR - Error updating quantum model: name 'update_quantum_model' is not defined
2025-04-01 10:32:24,470 - Quantum Trading Bot - INFO - Quantum device error rate: 0.0384
2025-04-01 10:32:24,471 - Quantum Trading Bot - ERROR - Error in portfolio optimization: name 'quantum_portfolio_optimization' is not defined
2025-04-01 10:32:24,471 - Quantum Trading Bot - INFO - Sleeping for 60 seconds
2025-04-01 10:33:22,045 - Trading System - INFO - Trading Bot is alive: True
2025-04-01 10:33:22,046 - Trading System - INFO - Monitor Bot is alive: True
2025-04-01 10:33:22,046 - Trading System - INFO - Improvement Bot is alive: True
2025-04-01 10:33:24,471 - Quantum Trading Bot - INFO - Starting trading cycle
2025-04-01 10:33:24,471 - Quantum Trading Bot - INFO - Processing AAPL
2025-04-01 10:33:24,471 - Quantum Trading Bot - INFO - Mock halal compliance check for AAPL: COMPLIANT
2025-04-01 10:33:24,492 - Quantum Trading Bot - INFO - Quantum device error rate: 0.0261
2025-04-01 10:33:24,502 - Quantum Trading Bot - INFO - Quantum prediction for AAPL: 0.3970 (confidence: 0.9739)
2025-04-01 10:33:24,502 - Quantum Trading Bot - INFO - Trading signal for AAPL: 0.3970 (source: quantum)
2025-04-01 10:33:24,502 - Quantum Trading Bot - INFO - HOLD signal for AAPL (score: 0.3970, source: quantum)
2025-04-01 10:33:24,503 - Quantum Trading Bot - INFO - Processing MSFT
2025-04-01 10:33:24,503 - Quantum Trading Bot - INFO - Mock halal compliance check for MSFT: COMPLIANT
2025-04-01 10:33:24,577 - Quantum Trading Bot - INFO - Quantum device error rate: 0.0435
2025-04-01 10:33:24,580 - Quantum Trading Bot - INFO - Quantum prediction for MSFT: 0.4490 (confidence: 0.7652)
2025-04-01 10:33:24,580 - Quantum Trading Bot - INFO - Trading signal for MSFT: 0.4490 (source: quantum)
2025-04-01 10:33:24,581 - Quantum Trading Bot - INFO - HOLD signal for MSFT (score: 0.4490, source: quantum)
2025-04-01 10:33:24,582 - Quantum Trading Bot - INFO - Processing NVDA
2025-04-01 10:33:24,582 - Quantum Trading Bot - INFO - Mock halal compliance check for NVDA: COMPLIANT
2025-04-01 10:33:24,592 - Quantum Trading Bot - INFO - Quantum device error rate: 0.0408
2025-04-01 10:33:24,596 - Quantum Trading Bot - INFO - Quantum prediction for NVDA: 0.5040 (confidence: 0.7674)
2025-04-01 10:33:24,596 - Quantum Trading Bot - INFO - Trading signal for NVDA: 0.5040 (source: quantum)
2025-04-01 10:33:24,596 - Quantum Trading Bot - INFO - HOLD signal for NVDA (score: 0.5040, source: quantum)
2025-04-01 10:33:24,603 - Quantum Trading Bot - INFO - Performance metrics saved: 40/72 winning trades
2025-04-01 10:33:24,603 - Quantum Trading Bot - INFO - Quantum prediction accuracy: 0.00
2025-04-01 10:33:24,603 - Quantum Trading Bot - INFO - Sleeping for 60 seconds
2025-04-01 10:34:22,047 - Trading System - INFO - Trading Bot is alive: True
2025-04-01 10:34:22,048 - Trading System - INFO - Monitor Bot is alive: True
2025-04-01 10:34:22,049 - Trading System - INFO - Improvement Bot is alive: True
2025-04-01 10:34:24,603 - Quantum Trading Bot - INFO - Starting trading cycle
2025-04-01 10:34:24,604 - Quantum Trading Bot - INFO - Processing AAPL
2025-04-01 10:34:24,604 - Quantum Trading Bot - INFO - Mock halal compliance check for AAPL: COMPLIANT
2025-04-01 10:34:24,612 - Quantum Trading Bot - INFO - Quantum device error rate: 0.0372
2025-04-01 10:34:24,615 - Quantum Trading Bot - INFO - Quantum prediction for AAPL: 0.2340 (confidence: 0.9628)
2025-04-01 10:34:24,616 - Quantum Trading Bot - INFO - Trading signal for AAPL: 0.2340 (source: quantum)
2025-04-01 10:34:24,616 - Quantum Trading Bot - INFO - SELL signal for AAPL (score: 0.2340, source: quantum)
2025-04-01 10:34:24,617 - Quantum Trading Bot - WARNING - Cannot sell AAPL - no position
2025-04-01 10:34:24,618 - Quantum Trading Bot - INFO - Processing MSFT
2025-04-01 10:34:24,618 - Quantum Trading Bot - INFO - Mock halal compliance check for MSFT: COMPLIANT
2025-04-01 10:34:24,625 - Quantum Trading Bot - INFO - Quantum device error rate: 0.0447
2025-04-01 10:34:24,628 - Quantum Trading Bot - INFO - Quantum prediction for MSFT: 0.1470 (confidence: 0.9553)
2025-04-01 10:34:24,628 - Quantum Trading Bot - INFO - Trading signal for MSFT: 0.1470 (source: quantum)
2025-04-01 10:34:24,628 - Quantum Trading Bot - INFO - SELL signal for MSFT (score: 0.1470, source: quantum)
2025-04-01 10:34:24,628 - Quantum Trading Bot - WARNING - Cannot sell MSFT - no position
2025-04-01 10:34:24,629 - Quantum Trading Bot - INFO - Processing NVDA
2025-04-01 10:34:24,629 - Quantum Trading Bot - INFO - Mock halal compliance check for NVDA: COMPLIANT
2025-04-01 10:34:24,636 - Quantum Trading Bot - INFO - Quantum device error rate: 0.0462
2025-04-01 10:34:24,644 - Quantum Trading Bot - INFO - Quantum prediction for NVDA: 0.8420 (confidence: 0.9538)
2025-04-01 10:34:24,645 - Quantum Trading Bot - INFO - Trading signal for NVDA: 0.8420 (source: quantum)
2025-04-01 10:34:24,645 - Quantum Trading Bot - INFO - HOLD signal for NVDA (score: 0.8420, source: quantum)
2025-04-01 10:34:24,649 - Quantum Trading Bot - INFO - Performance metrics saved: 40/72 winning trades
2025-04-01 10:34:24,649 - Quantum Trading Bot - INFO - Quantum prediction accuracy: 0.00
2025-04-01 10:34:24,649 - Quantum Trading Bot - INFO - Sleeping for 60 seconds
2025-04-01 10:35:22,048 - Trading System - INFO - Trading Bot is alive: True
2025-04-01 10:35:22,049 - Trading System - INFO - Monitor Bot is alive: True
2025-04-01 10:35:22,049 - Trading System - INFO - Improvement Bot is alive: True
2025-04-01 10:35:24,651 - Quantum Trading Bot - INFO - Starting trading cycle
2025-04-01 10:35:24,651 - Quantum Trading Bot - INFO - Processing AAPL
2025-04-01 10:35:24,651 - Quantum Trading Bot - INFO - Mock halal compliance check for AAPL: COMPLIANT
2025-04-01 10:35:24,659 - Quantum Trading Bot - INFO - Quantum device error rate: 0.0555
2025-04-01 10:35:24,667 - Quantum Trading Bot - INFO - Quantum prediction for AAPL: 0.1366 (confidence: 0.9445)
2025-04-01 10:35:24,667 - Quantum Trading Bot - INFO - Trading signal for AAPL: 0.1366 (source: quantum)
2025-04-01 10:35:24,667 - Quantum Trading Bot - INFO - SELL signal for AAPL (score: 0.1366, source: quantum)
2025-04-01 10:35:24,667 - Quantum Trading Bot - WARNING - Cannot sell AAPL - no position
2025-04-01 10:35:24,668 - Quantum Trading Bot - INFO - Processing MSFT
2025-04-01 10:35:24,668 - Quantum Trading Bot - INFO - Mock halal compliance check for MSFT: COMPLIANT
2025-04-01 10:35:24,675 - Quantum Trading Bot - INFO - Quantum device error rate: 0.0330
2025-04-01 10:35:24,677 - Quantum Trading Bot - INFO - Quantum prediction for MSFT: 0.2280 (confidence: 0.9670)
2025-04-01 10:35:24,677 - Quantum Trading Bot - INFO - Trading signal for MSFT: 0.2280 (source: quantum)
2025-04-01 10:35:24,677 - Quantum Trading Bot - INFO - SELL signal for MSFT (score: 0.2280, source: quantum)
2025-04-01 10:35:24,678 - Quantum Trading Bot - WARNING - Cannot sell MSFT - no position
2025-04-01 10:35:24,679 - Quantum Trading Bot - INFO - Processing NVDA
2025-04-01 10:35:24,679 - Quantum Trading Bot - INFO - Mock halal compliance check for NVDA: COMPLIANT
2025-04-01 10:35:24,685 - Quantum Trading Bot - INFO - Quantum device error rate: 0.0387
2025-04-01 10:35:24,687 - Quantum Trading Bot - INFO - Quantum prediction for NVDA: 0.2950 (confidence: 0.9613)
2025-04-01 10:35:24,688 - Quantum Trading Bot - INFO - Trading signal for NVDA: 0.2950 (source: quantum)
2025-04-01 10:35:24,688 - Quantum Trading Bot - INFO - SELL signal for NVDA (score: 0.2950, source: quantum)
2025-04-01 10:35:24,688 - Quantum Trading Bot - WARNING - Cannot sell NVDA - no position
2025-04-01 10:35:24,692 - Quantum Trading Bot - INFO - Performance metrics saved: 40/72 winning trades
2025-04-01 10:35:24,692 - Quantum Trading Bot - INFO - Quantum prediction accuracy: 0.00
2025-04-01 10:35:24,692 - Quantum Trading Bot - INFO - Sleeping for 60 seconds
2025-04-01 10:36:22,050 - Trading System - INFO - Trading Bot is alive: True
2025-04-01 10:36:22,050 - Trading System - INFO - Monitor Bot is alive: True
2025-04-01 10:36:22,050 - Trading System - INFO - Improvement Bot is alive: True
2025-04-01 10:36:24,694 - Quantum Trading Bot - INFO - Starting trading cycle
2025-04-01 10:36:24,694 - Quantum Trading Bot - INFO - Processing AAPL
2025-04-01 10:36:24,694 - Quantum Trading Bot - INFO - Mock halal compliance check for AAPL: COMPLIANT
2025-04-01 10:36:24,702 - Quantum Trading Bot - INFO - Quantum device error rate: 0.0438
2025-04-01 10:36:24,705 - Quantum Trading Bot - INFO - Quantum prediction for AAPL: 0.3870 (confidence: 0.9562)
2025-04-01 10:36:24,705 - Quantum Trading Bot - INFO - Trading signal for AAPL: 0.3870 (source: quantum)
2025-04-01 10:36:24,705 - Quantum Trading Bot - INFO - HOLD signal for AAPL (score: 0.3870, source: quantum)
2025-04-01 10:36:24,705 - Quantum Trading Bot - INFO - Processing MSFT
2025-04-01 10:36:24,705 - Quantum Trading Bot - INFO - Mock halal compliance check for MSFT: COMPLIANT
2025-04-01 10:36:24,712 - Quantum Trading Bot - INFO - Quantum device error rate: 0.0441
2025-04-01 10:36:24,714 - Quantum Trading Bot - INFO - Quantum prediction for MSFT: 0.3690 (confidence: 0.9559)
2025-04-01 10:36:24,714 - Quantum Trading Bot - INFO - Trading signal for MSFT: 0.3690 (source: quantum)
2025-04-01 10:36:24,714 - Quantum Trading Bot - INFO - HOLD signal for MSFT (score: 0.3690, source: quantum)
2025-04-01 10:36:24,715 - Quantum Trading Bot - INFO - Processing NVDA
2025-04-01 10:36:24,715 - Quantum Trading Bot - INFO - Mock halal compliance check for NVDA: COMPLIANT
2025-04-01 10:36:24,722 - Quantum Trading Bot - INFO - Quantum device error rate: 0.0414
2025-04-01 10:36:24,724 - Quantum Trading Bot - INFO - Quantum prediction for NVDA: 0.3900 (confidence: 0.9586)
2025-04-01 10:36:24,724 - Quantum Trading Bot - INFO - Trading signal for NVDA: 0.3900 (source: quantum)
2025-04-01 10:36:24,724 - Quantum Trading Bot - INFO - HOLD signal for NVDA (score: 0.3900, source: quantum)
2025-04-01 10:36:24,728 - Quantum Trading Bot - INFO - Performance metrics saved: 40/72 winning trades
2025-04-01 10:36:24,728 - Quantum Trading Bot - INFO - Quantum prediction accuracy: 0.00
2025-04-01 10:36:24,728 - Quantum Trading Bot - INFO - Sleeping for 60 seconds
2025-04-01 10:37:22,048 - Trading System - INFO - Trading Bot is alive: True
2025-04-01 10:37:22,049 - Trading System - INFO - Monitor Bot is alive: True
2025-04-01 10:37:22,049 - Trading System - INFO - Improvement Bot is alive: True
2025-04-01 10:37:24,730 - Quantum Trading Bot - INFO - Starting trading cycle
2025-04-01 10:37:24,730 - Quantum Trading Bot - INFO - Processing AAPL
2025-04-01 10:37:24,730 - Quantum Trading Bot - INFO - Mock halal compliance check for AAPL: COMPLIANT
2025-04-01 10:37:24,738 - Quantum Trading Bot - INFO - Quantum device error rate: 0.0240
2025-04-01 10:37:24,740 - Quantum Trading Bot - INFO - Quantum prediction for AAPL: 0.0450 (confidence: 0.9760)
2025-04-01 10:37:24,740 - Quantum Trading Bot - INFO - Trading signal for AAPL: 0.0450 (source: quantum)
2025-04-01 10:37:24,740 - Quantum Trading Bot - INFO - SELL signal for AAPL (score: 0.0450, source: quantum)
2025-04-01 10:37:24,741 - Quantum Trading Bot - WARNING - Cannot sell AAPL - no position
2025-04-01 10:37:24,742 - Quantum Trading Bot - INFO - Processing MSFT
2025-04-01 10:37:24,742 - Quantum Trading Bot - INFO - Mock halal compliance check for MSFT: COMPLIANT
2025-04-01 10:37:24,749 - Quantum Trading Bot - INFO - Quantum device error rate: 0.0510
2025-04-01 10:37:24,756 - Quantum Trading Bot - INFO - Quantum prediction for MSFT: 0.6684 (confidence: 0.9490)
2025-04-01 10:37:24,756 - Quantum Trading Bot - INFO - Trading signal for MSFT: 0.6684 (source: quantum)
2025-04-01 10:37:24,756 - Quantum Trading Bot - INFO - HOLD signal for MSFT (score: 0.6684, source: quantum)
2025-04-01 10:37:24,756 - Quantum Trading Bot - INFO - Processing NVDA
2025-04-01 10:37:24,756 - Quantum Trading Bot - INFO - Mock halal compliance check for NVDA: COMPLIANT
2025-04-01 10:37:24,763 - Quantum Trading Bot - INFO - Quantum device error rate: 0.0507
2025-04-01 10:37:24,770 - Quantum Trading Bot - INFO - Quantum prediction for NVDA: 0.4186 (confidence: 0.7594)
2025-04-01 10:37:24,770 - Quantum Trading Bot - INFO - Trading signal for NVDA: 0.4186 (source: quantum)
2025-04-01 10:37:24,770 - Quantum Trading Bot - INFO - HOLD signal for NVDA (score: 0.4186, source: quantum)
2025-04-01 10:37:24,774 - Quantum Trading Bot - INFO - Performance metrics saved: 40/72 winning trades
2025-04-01 10:37:24,774 - Quantum Trading Bot - INFO - Quantum prediction accuracy: 0.00
2025-04-01 10:37:24,774 - Quantum Trading Bot - INFO - Sleeping for 60 seconds
2025-04-01 10:38:22,051 - Trading System - INFO - Trading Bot is alive: True
2025-04-01 10:38:22,052 - Trading System - INFO - Monitor Bot is alive: True
2025-04-01 10:38:22,052 - Trading System - INFO - Improvement Bot is alive: True
2025-04-01 10:38:24,773 - Quantum Trading Bot - INFO - Starting trading cycle
2025-04-01 10:38:24,773 - Quantum Trading Bot - INFO - Processing AAPL
2025-04-01 10:38:24,773 - Quantum Trading Bot - INFO - Mock halal compliance check for AAPL: COMPLIANT
2025-04-01 10:38:24,781 - Quantum Trading Bot - INFO - Quantum device error rate: 0.0342
2025-04-01 10:38:24,783 - Quantum Trading Bot - INFO - Quantum prediction for AAPL: 0.4690 (confidence: 0.7726)
2025-04-01 10:38:24,783 - Quantum Trading Bot - INFO - Trading signal for AAPL: 0.4690 (source: quantum)
2025-04-01 10:38:24,783 - Quantum Trading Bot - INFO - HOLD signal for AAPL (score: 0.4690, source: quantum)
2025-04-01 10:38:24,784 - Quantum Trading Bot - INFO - Processing MSFT
2025-04-01 10:38:24,784 - Quantum Trading Bot - INFO - Mock halal compliance check for MSFT: COMPLIANT
2025-04-01 10:38:24,791 - Quantum Trading Bot - INFO - Quantum device error rate: 0.0291
2025-04-01 10:38:24,793 - Quantum Trading Bot - INFO - Quantum prediction for MSFT: 0.6100 (confidence: 0.9709)
2025-04-01 10:38:24,793 - Quantum Trading Bot - INFO - Trading signal for MSFT: 0.6100 (source: quantum)
2025-04-01 10:38:24,793 - Quantum Trading Bot - INFO - HOLD signal for MSFT (score: 0.6100, source: quantum)
2025-04-01 10:38:24,794 - Quantum Trading Bot - INFO - Processing NVDA
2025-04-01 10:38:24,794 - Quantum Trading Bot - INFO - Mock halal compliance check for NVDA: COMPLIANT
2025-04-01 10:38:24,801 - Quantum Trading Bot - INFO - Quantum device error rate: 0.0408
2025-04-01 10:38:24,803 - Quantum Trading Bot - INFO - Quantum prediction for NVDA: 0.4560 (confidence: 0.7674)
2025-04-01 10:38:24,803 - Quantum Trading Bot - INFO - Trading signal for NVDA: 0.4560 (source: quantum)
2025-04-01 10:38:24,803 - Quantum Trading Bot - INFO - HOLD signal for NVDA (score: 0.4560, source: quantum)
2025-04-01 10:38:24,807 - Quantum Trading Bot - INFO - Performance metrics saved: 40/72 winning trades
2025-04-01 10:38:24,807 - Quantum Trading Bot - INFO - Quantum prediction accuracy: 0.00
2025-04-01 10:38:24,807 - Quantum Trading Bot - INFO - Sleeping for 60 seconds
2025-04-01 10:39:22,054 - Trading System - INFO - Trading Bot is alive: True
2025-04-01 10:39:22,054 - Trading System - INFO - Monitor Bot is alive: True
2025-04-01 10:39:22,054 - Trading System - INFO - Improvement Bot is alive: True
2025-04-01 10:39:22,767 - Monitor Bot - INFO - Running scheduled task: Performance Metrics
2025-04-01 10:39:22,771 - Monitor Bot - INFO - === Performance Metrics ===
2025-04-01 10:39:22,771 - Monitor Bot - INFO - Date: 2025-04-01T10:38:24.804475
2025-04-01 10:39:22,772 - Monitor Bot - INFO - Total Trades: 72
2025-04-01 10:39:22,772 - Monitor Bot - INFO - Win Rate: 55.56%
2025-04-01 10:39:22,772 - Monitor Bot - INFO - Total Profit: $18.27
2025-04-01 10:39:22,772 - Monitor Bot - INFO - Average Profit per Trade: $0.25
2025-04-01 10:39:22,772 - Monitor Bot - INFO - Average Profit Percentage: 0.09%
2025-04-01 10:39:22,772 - Monitor Bot - INFO - Maximum Drawdown: 0.10%
2025-04-01 10:39:22,772 - Monitor Bot - INFO - Quantum Prediction Accuracy: 0.00%
2025-04-01 10:39:22,772 - Monitor Bot - INFO - ============================
2025-04-01 10:39:22,782 - Monitor Bot - INFO - Task Performance Metrics completed successfully
2025-04-01 10:39:24,809 - Quantum Trading Bot - INFO - Starting trading cycle
2025-04-01 10:39:24,810 - Quantum Trading Bot - INFO - Processing AAPL
2025-04-01 10:39:24,810 - Quantum Trading Bot - INFO - Mock halal compliance check for AAPL: COMPLIANT
2025-04-01 10:39:24,817 - Quantum Trading Bot - INFO - Quantum device error rate: 0.0465
2025-04-01 10:39:24,820 - Quantum Trading Bot - INFO - Quantum prediction for AAPL: 0.3300 (confidence: 0.9535)
2025-04-01 10:39:24,820 - Quantum Trading Bot - INFO - Trading signal for AAPL: 0.3300 (source: quantum)
2025-04-01 10:39:24,820 - Quantum Trading Bot - INFO - HOLD signal for AAPL (score: 0.3300, source: quantum)
2025-04-01 10:39:24,821 - Quantum Trading Bot - INFO - Processing MSFT
2025-04-01 10:39:24,821 - Quantum Trading Bot - INFO - Mock halal compliance check for MSFT: COMPLIANT
2025-04-01 10:39:24,829 - Quantum Trading Bot - INFO - Quantum device error rate: 0.0405
2025-04-01 10:39:24,831 - Quantum Trading Bot - INFO - Quantum prediction for MSFT: 0.5920 (confidence: 0.7676)
2025-04-01 10:39:24,831 - Quantum Trading Bot - INFO - Trading signal for MSFT: 0.5920 (source: quantum)
2025-04-01 10:39:24,831 - Quantum Trading Bot - INFO - HOLD signal for MSFT (score: 0.5920, source: quantum)
2025-04-01 10:39:24,832 - Quantum Trading Bot - INFO - Processing NVDA
2025-04-01 10:39:24,832 - Quantum Trading Bot - INFO - Mock halal compliance check for NVDA: COMPLIANT
2025-04-01 10:39:24,839 - Quantum Trading Bot - INFO - Quantum device error rate: 0.0489
2025-04-01 10:39:24,841 - Quantum Trading Bot - INFO - Quantum prediction for NVDA: 0.6900 (confidence: 0.9511)
2025-04-01 10:39:24,841 - Quantum Trading Bot - INFO - Trading signal for NVDA: 0.6900 (source: quantum)
2025-04-01 10:39:24,841 - Quantum Trading Bot - INFO - HOLD signal for NVDA (score: 0.6900, source: quantum)
2025-04-01 10:39:24,845 - Quantum Trading Bot - INFO - Performance metrics saved: 40/72 winning trades
2025-04-01 10:39:24,845 - Quantum Trading Bot - INFO - Quantum prediction accuracy: 0.00
2025-04-01 10:39:24,845 - Quantum Trading Bot - INFO - Sleeping for 60 seconds
2025-04-01 10:40:22,057 - Trading System - INFO - Trading Bot is alive: True
2025-04-01 10:40:22,057 - Trading System - INFO - Monitor Bot is alive: True
2025-04-01 10:40:22,057 - Trading System - INFO - Improvement Bot is alive: True
2025-04-01 10:40:24,847 - Quantum Trading Bot - INFO - Starting trading cycle
2025-04-01 10:40:24,848 - Quantum Trading Bot - INFO - Processing AAPL
2025-04-01 10:40:24,848 - Quantum Trading Bot - INFO - Mock halal compliance check for AAPL: COMPLIANT
2025-04-01 10:40:24,856 - Quantum Trading Bot - INFO - Quantum device error rate: 0.0351
2025-04-01 10:40:24,858 - Quantum Trading Bot - INFO - Quantum prediction for AAPL: 0.1650 (confidence: 0.9649)
2025-04-01 10:40:24,858 - Quantum Trading Bot - INFO - Trading signal for AAPL: 0.1650 (source: quantum)
2025-04-01 10:40:24,858 - Quantum Trading Bot - INFO - SELL signal for AAPL (score: 0.1650, source: quantum)
2025-04-01 10:40:24,859 - Quantum Trading Bot - WARNING - Cannot sell AAPL - no position
2025-04-01 10:40:24,860 - Quantum Trading Bot - INFO - Processing MSFT
2025-04-01 10:40:24,860 - Quantum Trading Bot - INFO - Mock halal compliance check for MSFT: COMPLIANT
2025-04-01 10:40:24,867 - Quantum Trading Bot - INFO - Quantum device error rate: 0.0309
2025-04-01 10:40:24,869 - Quantum Trading Bot - INFO - Quantum prediction for MSFT: 0.6260 (confidence: 0.9691)
2025-04-01 10:40:24,869 - Quantum Trading Bot - INFO - Trading signal for MSFT: 0.6260 (source: quantum)
2025-04-01 10:40:24,869 - Quantum Trading Bot - INFO - HOLD signal for MSFT (score: 0.6260, source: quantum)
2025-04-01 10:40:24,870 - Quantum Trading Bot - INFO - Processing NVDA
2025-04-01 10:40:24,870 - Quantum Trading Bot - INFO - Mock halal compliance check for NVDA: COMPLIANT
2025-04-01 10:40:24,877 - Quantum Trading Bot - INFO - Quantum device error rate: 0.0429
2025-04-01 10:40:24,879 - Quantum Trading Bot - INFO - Quantum prediction for NVDA: 0.8400 (confidence: 0.9571)
2025-04-01 10:40:24,879 - Quantum Trading Bot - INFO - Trading signal for NVDA: 0.8400 (source: quantum)
2025-04-01 10:40:24,879 - Quantum Trading Bot - INFO - HOLD signal for NVDA (score: 0.8400, source: quantum)
2025-04-01 10:40:24,883 - Quantum Trading Bot - INFO - Performance metrics saved: 40/72 winning trades
2025-04-01 10:40:24,883 - Quantum Trading Bot - INFO - Quantum prediction accuracy: 0.00
2025-04-01 10:40:24,883 - Quantum Trading Bot - INFO - Sleeping for 60 seconds
2025-04-01 10:41:22,059 - Trading System - INFO - Trading Bot is alive: True
2025-04-01 10:41:22,060 - Trading System - INFO - Monitor Bot is alive: True
2025-04-01 10:41:22,060 - Trading System - INFO - Improvement Bot is alive: True
2025-04-01 10:41:24,885 - Quantum Trading Bot - INFO - Starting trading cycle
2025-04-01 10:41:24,885 - Quantum Trading Bot - INFO - Processing AAPL
2025-04-01 10:41:24,885 - Quantum Trading Bot - INFO - Mock halal compliance check for AAPL: COMPLIANT
2025-04-01 10:41:24,894 - Quantum Trading Bot - INFO - Quantum device error rate: 0.0348
2025-04-01 10:41:24,896 - Quantum Trading Bot - INFO - Quantum prediction for AAPL: 0.5680 (confidence: 0.7722)
2025-04-01 10:41:24,896 - Quantum Trading Bot - INFO - Trading signal for AAPL: 0.5680 (source: quantum)
2025-04-01 10:41:24,896 - Quantum Trading Bot - INFO - HOLD signal for AAPL (score: 0.5680, source: quantum)
2025-04-01 10:41:24,897 - Quantum Trading Bot - INFO - Processing MSFT
2025-04-01 10:41:24,897 - Quantum Trading Bot - INFO - Mock halal compliance check for MSFT: COMPLIANT
2025-04-01 10:41:24,904 - Quantum Trading Bot - INFO - Quantum device error rate: 0.0438
2025-04-01 10:41:24,906 - Quantum Trading Bot - INFO - Quantum prediction for MSFT: 0.5010 (confidence: 0.7650)
2025-04-01 10:41:24,906 - Quantum Trading Bot - INFO - Trading signal for MSFT: 0.5010 (source: quantum)
2025-04-01 10:41:24,906 - Quantum Trading Bot - INFO - HOLD signal for MSFT (score: 0.5010, source: quantum)
2025-04-01 10:41:24,907 - Quantum Trading Bot - INFO - Processing NVDA
2025-04-01 10:41:24,907 - Quantum Trading Bot - INFO - Mock halal compliance check for NVDA: COMPLIANT
2025-04-01 10:41:24,914 - Quantum Trading Bot - INFO - Quantum device error rate: 0.0324
2025-04-01 10:41:24,916 - Quantum Trading Bot - INFO - Quantum prediction for NVDA: 0.5770 (confidence: 0.7741)
2025-04-01 10:41:24,916 - Quantum Trading Bot - INFO - Trading signal for NVDA: 0.5770 (source: quantum)
2025-04-01 10:41:24,916 - Quantum Trading Bot - INFO - HOLD signal for NVDA (score: 0.5770, source: quantum)
2025-04-01 10:41:24,920 - Quantum Trading Bot - INFO - Performance metrics saved: 40/72 winning trades
2025-04-01 10:41:24,920 - Quantum Trading Bot - INFO - Quantum prediction accuracy: 0.00
2025-04-01 10:41:24,920 - Quantum Trading Bot - INFO - Sleeping for 60 seconds
2025-04-01 10:42:22,062 - Trading System - INFO - Trading Bot is alive: True
2025-04-01 10:42:22,064 - Trading System - INFO - Monitor Bot is alive: True
2025-04-01 10:42:22,064 - Trading System - INFO - Improvement Bot is alive: True
2025-04-01 10:42:24,918 - Quantum Trading Bot - INFO - Starting trading cycle
2025-04-01 10:42:24,919 - Quantum Trading Bot - INFO - Processing AAPL
2025-04-01 10:42:24,919 - Quantum Trading Bot - INFO - Mock halal compliance check for AAPL: COMPLIANT
2025-04-01 10:42:24,927 - Quantum Trading Bot - INFO - Quantum device error rate: 0.0450
2025-04-01 10:42:24,930 - Quantum Trading Bot - INFO - Quantum prediction for AAPL: 0.2620 (confidence: 0.9550)
2025-04-01 10:42:24,930 - Quantum Trading Bot - INFO - Trading signal for AAPL: 0.2620 (source: quantum)
2025-04-01 10:42:24,930 - Quantum Trading Bot - INFO - SELL signal for AAPL (score: 0.2620, source: quantum)
2025-04-01 10:42:24,931 - Quantum Trading Bot - WARNING - Cannot sell AAPL - no position
2025-04-01 10:42:24,932 - Quantum Trading Bot - INFO - Processing MSFT
2025-04-01 10:42:24,932 - Quantum Trading Bot - INFO - Mock halal compliance check for MSFT: COMPLIANT
2025-04-01 10:42:24,939 - Quantum Trading Bot - INFO - Quantum device error rate: 0.0390
2025-04-01 10:42:24,942 - Quantum Trading Bot - INFO - Quantum prediction for MSFT: 0.2900 (confidence: 0.9610)
2025-04-01 10:42:24,942 - Quantum Trading Bot - INFO - Trading signal for MSFT: 0.2900 (source: quantum)
2025-04-01 10:42:24,942 - Quantum Trading Bot - INFO - SELL signal for MSFT (score: 0.2900, source: quantum)
2025-04-01 10:42:24,943 - Quantum Trading Bot - WARNING - Cannot sell MSFT - no position
2025-04-01 10:42:24,943 - Quantum Trading Bot - INFO - Processing NVDA
2025-04-01 10:42:24,943 - Quantum Trading Bot - INFO - Mock halal compliance check for NVDA: COMPLIANT
2025-04-01 10:42:24,951 - Quantum Trading Bot - INFO - Quantum device error rate: 0.0558
2025-04-01 10:42:24,958 - Quantum Trading Bot - INFO - Quantum prediction for NVDA: 0.5247 (confidence: 0.7554)
2025-04-01 10:42:24,958 - Quantum Trading Bot - INFO - Trading signal for NVDA: 0.5247 (source: quantum)
2025-04-01 10:42:24,958 - Quantum Trading Bot - INFO - HOLD signal for NVDA (score: 0.5247, source: quantum)
2025-04-01 10:42:24,963 - Quantum Trading Bot - INFO - Performance metrics saved: 40/72 winning trades
2025-04-01 10:42:24,963 - Quantum Trading Bot - INFO - Quantum prediction accuracy: 0.00
2025-04-01 10:42:24,963 - Quantum Trading Bot - ERROR - Error updating quantum model: name 'update_quantum_model' is not defined
2025-04-01 10:42:24,963 - Quantum Trading Bot - INFO - Sleeping for 60 seconds
2025-04-01 10:43:22,063 - Trading System - INFO - Trading Bot is alive: True
2025-04-01 10:43:22,063 - Trading System - INFO - Monitor Bot is alive: True
2025-04-01 10:43:22,063 - Trading System - INFO - Improvement Bot is alive: True
2025-04-01 10:43:24,960 - Quantum Trading Bot - INFO - Starting trading cycle
2025-04-01 10:43:24,960 - Quantum Trading Bot - INFO - Processing AAPL
2025-04-01 10:43:24,960 - Quantum Trading Bot - INFO - Mock halal compliance check for AAPL: COMPLIANT
2025-04-01 10:43:24,969 - Quantum Trading Bot - INFO - Quantum device error rate: 0.0414
2025-04-01 10:43:24,971 - Quantum Trading Bot - INFO - Quantum prediction for AAPL: 0.5210 (confidence: 0.7669)
2025-04-01 10:43:24,971 - Quantum Trading Bot - INFO - Trading signal for AAPL: 0.5210 (source: quantum)
2025-04-01 10:43:24,971 - Quantum Trading Bot - INFO - HOLD signal for AAPL (score: 0.5210, source: quantum)
2025-04-01 10:43:24,972 - Quantum Trading Bot - INFO - Processing MSFT
2025-04-01 10:43:24,972 - Quantum Trading Bot - INFO - Mock halal compliance check for MSFT: COMPLIANT
2025-04-01 10:43:24,979 - Quantum Trading Bot - INFO - Quantum device error rate: 0.0450
2025-04-01 10:43:24,982 - Quantum Trading Bot - INFO - Quantum prediction for MSFT: 0.1010 (confidence: 0.9550)
2025-04-01 10:43:24,982 - Quantum Trading Bot - INFO - Trading signal for MSFT: 0.1010 (source: quantum)
2025-04-01 10:43:24,982 - Quantum Trading Bot - INFO - SELL signal for MSFT (score: 0.1010, source: quantum)
2025-04-01 10:43:24,983 - Quantum Trading Bot - WARNING - Cannot sell MSFT - no position
2025-04-01 10:43:24,983 - Quantum Trading Bot - INFO - Processing NVDA
2025-04-01 10:43:24,983 - Quantum Trading Bot - INFO - Mock halal compliance check for NVDA: COMPLIANT
2025-04-01 10:43:24,991 - Quantum Trading Bot - INFO - Quantum device error rate: 0.0336
2025-04-01 10:43:24,993 - Quantum Trading Bot - INFO - Quantum prediction for NVDA: 0.5780 (confidence: 0.7731)
2025-04-01 10:43:24,993 - Quantum Trading Bot - INFO - Trading signal for NVDA: 0.5780 (source: quantum)
2025-04-01 10:43:24,993 - Quantum Trading Bot - INFO - HOLD signal for NVDA (score: 0.5780, source: quantum)
2025-04-01 10:43:25,003 - Quantum Trading Bot - INFO - Performance metrics saved: 40/72 winning trades
2025-04-01 10:43:25,003 - Quantum Trading Bot - INFO - Quantum prediction accuracy: 0.00
2025-04-01 10:43:25,003 - Quantum Trading Bot - INFO - Sleeping for 60 seconds
2025-04-01 10:44:22,070 - Trading System - INFO - Trading Bot is alive: True
2025-04-01 10:44:22,071 - Trading System - INFO - Monitor Bot is alive: True
2025-04-01 10:44:22,071 - Trading System - INFO - Improvement Bot is alive: True
2025-04-01 10:44:25,004 - Quantum Trading Bot - INFO - Starting trading cycle
2025-04-01 10:44:25,005 - Quantum Trading Bot - INFO - Processing AAPL
2025-04-01 10:44:25,005 - Quantum Trading Bot - INFO - Mock halal compliance check for AAPL: COMPLIANT
2025-04-01 10:44:25,014 - Quantum Trading Bot - INFO - Quantum device error rate: 0.0411
2025-04-01 10:44:25,016 - Quantum Trading Bot - INFO - Quantum prediction for AAPL: 0.6740 (confidence: 0.9589)
2025-04-01 10:44:25,016 - Quantum Trading Bot - INFO - Trading signal for AAPL: 0.6740 (source: quantum)
2025-04-01 10:44:25,016 - Quantum Trading Bot - INFO - HOLD signal for AAPL (score: 0.6740, source: quantum)
2025-04-01 10:44:25,017 - Quantum Trading Bot - INFO - Processing MSFT
2025-04-01 10:44:25,017 - Quantum Trading Bot - INFO - Mock halal compliance check for MSFT: COMPLIANT
2025-04-01 10:44:25,025 - Quantum Trading Bot - INFO - Quantum device error rate: 0.0417
2025-04-01 10:44:25,027 - Quantum Trading Bot - INFO - Quantum prediction for MSFT: 0.5350 (confidence: 0.7666)
2025-04-01 10:44:25,027 - Quantum Trading Bot - INFO - Trading signal for MSFT: 0.5350 (source: quantum)
2025-04-01 10:44:25,027 - Quantum Trading Bot - INFO - HOLD signal for MSFT (score: 0.5350, source: quantum)
2025-04-01 10:44:25,028 - Quantum Trading Bot - INFO - Processing NVDA
2025-04-01 10:44:25,028 - Quantum Trading Bot - INFO - Mock halal compliance check for NVDA: COMPLIANT
2025-04-01 10:44:25,036 - Quantum Trading Bot - INFO - Quantum device error rate: 0.0360
2025-04-01 10:44:25,038 - Quantum Trading Bot - INFO - Quantum prediction for NVDA: 0.3900 (confidence: 0.9640)
2025-04-01 10:44:25,038 - Quantum Trading Bot - INFO - Trading signal for NVDA: 0.3900 (source: quantum)
2025-04-01 10:44:25,038 - Quantum Trading Bot - INFO - HOLD signal for NVDA (score: 0.3900, source: quantum)
2025-04-01 10:44:25,042 - Quantum Trading Bot - INFO - Performance metrics saved: 40/72 winning trades
2025-04-01 10:44:25,042 - Quantum Trading Bot - INFO - Quantum prediction accuracy: 0.00
2025-04-01 10:44:25,043 - Quantum Trading Bot - INFO - Sleeping for 60 seconds
2025-04-01 10:45:22,070 - Trading System - INFO - Trading Bot is alive: True
2025-04-01 10:45:22,071 - Trading System - INFO - Monitor Bot is alive: True
2025-04-01 10:45:22,071 - Trading System - INFO - Improvement Bot is alive: True
2025-04-01 10:45:25,050 - Quantum Trading Bot - INFO - Starting trading cycle
2025-04-01 10:45:25,050 - Quantum Trading Bot - INFO - Processing AAPL
2025-04-01 10:45:25,050 - Quantum Trading Bot - INFO - Mock halal compliance check for AAPL: COMPLIANT
2025-04-01 10:45:25,058 - Quantum Trading Bot - INFO - Quantum device error rate: 0.0396
2025-04-01 10:45:25,060 - Quantum Trading Bot - INFO - Quantum prediction for AAPL: 0.2390 (confidence: 0.9604)
2025-04-01 10:45:25,060 - Quantum Trading Bot - INFO - Trading signal for AAPL: 0.2390 (source: quantum)
2025-04-01 10:45:25,060 - Quantum Trading Bot - INFO - SELL signal for AAPL (score: 0.2390, source: quantum)
2025-04-01 10:45:25,061 - Quantum Trading Bot - WARNING - Cannot sell AAPL - no position
2025-04-01 10:45:25,062 - Quantum Trading Bot - INFO - Processing MSFT
2025-04-01 10:45:25,062 - Quantum Trading Bot - INFO - Mock halal compliance check for MSFT: COMPLIANT
2025-04-01 10:45:25,069 - Quantum Trading Bot - INFO - Quantum device error rate: 0.0348
2025-04-01 10:45:25,071 - Quantum Trading Bot - INFO - Quantum prediction for MSFT: 0.3820 (confidence: 0.9652)
2025-04-01 10:45:25,071 - Quantum Trading Bot - INFO - Trading signal for MSFT: 0.3820 (source: quantum)
2025-04-01 10:45:25,071 - Quantum Trading Bot - INFO - HOLD signal for MSFT (score: 0.3820, source: quantum)
2025-04-01 10:45:25,072 - Quantum Trading Bot - INFO - Processing NVDA
2025-04-01 10:45:25,072 - Quantum Trading Bot - INFO - Mock halal compliance check for NVDA: COMPLIANT
2025-04-01 10:45:25,079 - Quantum Trading Bot - INFO - Quantum device error rate: 0.0549
2025-04-01 10:45:25,087 - Quantum Trading Bot - INFO - Quantum prediction for NVDA: 0.6548 (confidence: 0.9451)
2025-04-01 10:45:25,087 - Quantum Trading Bot - INFO - Trading signal for NVDA: 0.6548 (source: quantum)
2025-04-01 10:45:25,087 - Quantum Trading Bot - INFO - HOLD signal for NVDA (score: 0.6548, source: quantum)
2025-04-01 10:45:25,091 - Quantum Trading Bot - INFO - Performance metrics saved: 40/72 winning trades
2025-04-01 10:45:25,091 - Quantum Trading Bot - INFO - Quantum prediction accuracy: 0.00
2025-04-01 10:45:25,091 - Quantum Trading Bot - INFO - Sleeping for 60 seconds
2025-04-01 10:46:22,078 - Trading System - INFO - Trading Bot is alive: True
2025-04-01 10:46:22,078 - Trading System - INFO - Monitor Bot is alive: True
2025-04-01 10:46:22,078 - Trading System - INFO - Improvement Bot is alive: True
2025-04-01 10:46:25,092 - Quantum Trading Bot - INFO - Starting trading cycle
2025-04-01 10:46:25,092 - Quantum Trading Bot - INFO - Processing AAPL
2025-04-01 10:46:25,092 - Quantum Trading Bot - INFO - Mock halal compliance check for AAPL: COMPLIANT
2025-04-01 10:46:25,100 - Quantum Trading Bot - INFO - Quantum device error rate: 0.0276
2025-04-01 10:46:25,102 - Quantum Trading Bot - INFO - Quantum prediction for AAPL: 0.5710 (confidence: 0.7779)
2025-04-01 10:46:25,102 - Quantum Trading Bot - INFO - Trading signal for AAPL: 0.5710 (source: quantum)
2025-04-01 10:46:25,102 - Quantum Trading Bot - INFO - HOLD signal for AAPL (score: 0.5710, source: quantum)
2025-04-01 10:46:25,103 - Quantum Trading Bot - INFO - Processing MSFT
2025-04-01 10:46:25,103 - Quantum Trading Bot - INFO - Mock halal compliance check for MSFT: COMPLIANT
2025-04-01 10:46:25,111 - Quantum Trading Bot - INFO - Quantum device error rate: 0.0276
2025-04-01 10:46:25,113 - Quantum Trading Bot - INFO - Quantum prediction for MSFT: 0.6370 (confidence: 0.9724)
2025-04-01 10:46:25,114 - Quantum Trading Bot - INFO - Trading signal for MSFT: 0.6370 (source: quantum)
2025-04-01 10:46:25,114 - Quantum Trading Bot - INFO - HOLD signal for MSFT (score: 0.6370, source: quantum)
2025-04-01 10:46:25,114 - Quantum Trading Bot - INFO - Processing NVDA
2025-04-01 10:46:25,114 - Quantum Trading Bot - INFO - Mock halal compliance check for NVDA: COMPLIANT
2025-04-01 10:46:25,122 - Quantum Trading Bot - INFO - Quantum device error rate: 0.0396
2025-04-01 10:46:25,124 - Quantum Trading Bot - INFO - Quantum prediction for NVDA: 0.4310 (confidence: 0.7683)
2025-04-01 10:46:25,124 - Quantum Trading Bot - INFO - Trading signal for NVDA: 0.4310 (source: quantum)
2025-04-01 10:46:25,124 - Quantum Trading Bot - INFO - HOLD signal for NVDA (score: 0.4310, source: quantum)
2025-04-01 10:46:25,129 - Quantum Trading Bot - INFO - Performance metrics saved: 40/72 winning trades
2025-04-01 10:46:25,129 - Quantum Trading Bot - INFO - Quantum prediction accuracy: 0.00
2025-04-01 10:46:25,129 - Quantum Trading Bot - INFO - Sleeping for 60 seconds
2025-04-01 10:47:50,648 - Trading System - INFO - Trading Bot is alive: True
2025-04-01 10:47:50,649 - Trading System - INFO - Monitor Bot is alive: True
2025-04-01 10:47:50,650 - Trading System - INFO - Improvement Bot is alive: True
2025-04-01 10:47:53,698 - Quantum Trading Bot - INFO - Starting trading cycle
2025-04-01 10:47:53,698 - Quantum Trading Bot - INFO - Processing AAPL
2025-04-01 10:47:53,698 - Quantum Trading Bot - INFO - Mock halal compliance check for AAPL: COMPLIANT
2025-04-01 10:47:53,706 - Quantum Trading Bot - INFO - Quantum device error rate: 0.0318
2025-04-01 10:47:53,709 - Quantum Trading Bot - INFO - Quantum prediction for AAPL: 0.1170 (confidence: 0.9682)
2025-04-01 10:47:53,709 - Quantum Trading Bot - INFO - Trading signal for AAPL: 0.1170 (source: quantum)
2025-04-01 10:47:53,709 - Quantum Trading Bot - INFO - SELL signal for AAPL (score: 0.1170, source: quantum)
2025-04-01 10:47:53,710 - Quantum Trading Bot - WARNING - Cannot sell AAPL - no position
2025-04-01 10:47:53,711 - Quantum Trading Bot - INFO - Processing MSFT
2025-04-01 10:47:53,711 - Quantum Trading Bot - INFO - Mock halal compliance check for MSFT: COMPLIANT
2025-04-01 10:47:53,718 - Quantum Trading Bot - INFO - Quantum device error rate: 0.0456
2025-04-01 10:47:53,720 - Quantum Trading Bot - INFO - Quantum prediction for MSFT: 0.7900 (confidence: 0.9544)
2025-04-01 10:47:53,720 - Quantum Trading Bot - INFO - Trading signal for MSFT: 0.7900 (source: quantum)
2025-04-01 10:47:53,720 - Quantum Trading Bot - INFO - HOLD signal for MSFT (score: 0.7900, source: quantum)
2025-04-01 10:47:53,721 - Quantum Trading Bot - INFO - Processing NVDA
2025-04-01 10:47:53,721 - Quantum Trading Bot - INFO - Mock halal compliance check for NVDA: COMPLIANT
2025-04-01 10:47:53,728 - Quantum Trading Bot - INFO - Quantum device error rate: 0.0276
2025-04-01 10:47:53,730 - Quantum Trading Bot - INFO - Quantum prediction for NVDA: 0.1210 (confidence: 0.9724)
2025-04-01 10:47:53,730 - Quantum Trading Bot - INFO - Trading signal for NVDA: 0.1210 (source: quantum)
2025-04-01 10:47:53,730 - Quantum Trading Bot - INFO - SELL signal for NVDA (score: 0.1210, source: quantum)
2025-04-01 10:47:53,731 - Quantum Trading Bot - WARNING - Cannot sell NVDA - no position
2025-04-01 10:47:53,736 - Quantum Trading Bot - INFO - Performance metrics saved: 40/72 winning trades
2025-04-01 10:47:53,736 - Quantum Trading Bot - INFO - Quantum prediction accuracy: 0.00
2025-04-01 10:47:53,736 - Quantum Trading Bot - INFO - Sleeping for 60 seconds
2025-04-01 11:02:47,000 - Trading System - INFO - Trading Bot is alive: True
2025-04-01 11:02:47,001 - Trading System - INFO - Monitor Bot is alive: True
2025-04-01 11:02:47,001 - Trading System - INFO - Improvement Bot is alive: True
2025-04-01 11:02:50,086 - Quantum Trading Bot - INFO - Starting trading cycle
2025-04-01 11:02:50,086 - Quantum Trading Bot - INFO - Processing AAPL
2025-04-01 11:02:50,086 - Quantum Trading Bot - INFO - Mock halal compliance check for AAPL: COMPLIANT
2025-04-01 11:02:50,094 - Quantum Trading Bot - INFO - Quantum device error rate: 0.0405
2025-04-01 11:02:50,096 - Quantum Trading Bot - INFO - Quantum prediction for AAPL: 0.5610 (confidence: 0.7676)
2025-04-01 11:02:50,097 - Quantum Trading Bot - INFO - Trading signal for AAPL: 0.5610 (source: quantum)
2025-04-01 11:02:50,097 - Quantum Trading Bot - INFO - HOLD signal for AAPL (score: 0.5610, source: quantum)
2025-04-01 11:02:50,097 - Quantum Trading Bot - INFO - Processing MSFT
2025-04-01 11:02:50,097 - Quantum Trading Bot - INFO - Mock halal compliance check for MSFT: COMPLIANT
2025-04-01 11:02:50,105 - Quantum Trading Bot - INFO - Quantum device error rate: 0.0498
2025-04-01 11:02:50,107 - Quantum Trading Bot - INFO - Quantum prediction for MSFT: 0.1940 (confidence: 0.9502)
2025-04-01 11:02:50,107 - Quantum Trading Bot - INFO - Trading signal for MSFT: 0.1940 (source: quantum)
2025-04-01 11:02:50,107 - Quantum Trading Bot - INFO - SELL signal for MSFT (score: 0.1940, source: quantum)
2025-04-01 11:02:50,107 - Quantum Trading Bot - WARNING - Cannot sell MSFT - no position
2025-04-01 11:02:50,108 - Quantum Trading Bot - INFO - Processing NVDA
2025-04-01 11:02:50,108 - Quantum Trading Bot - INFO - Mock halal compliance check for NVDA: COMPLIANT
2025-04-01 11:02:50,116 - Quantum Trading Bot - INFO - Quantum device error rate: 0.0204
2025-04-01 11:02:50,118 - Quantum Trading Bot - INFO - Quantum prediction for NVDA: 0.4090 (confidence: 0.7837)
2025-04-01 11:02:50,118 - Quantum Trading Bot - INFO - Trading signal for NVDA: 0.4090 (source: quantum)
2025-04-01 11:02:50,118 - Quantum Trading Bot - INFO - HOLD signal for NVDA (score: 0.4090, source: quantum)
2025-04-01 11:02:50,123 - Quantum Trading Bot - INFO - Performance metrics saved: 40/72 winning trades
2025-04-01 11:02:50,123 - Quantum Trading Bot - INFO - Quantum prediction accuracy: 0.00
2025-04-01 11:02:50,123 - Quantum Trading Bot - INFO - Sleeping for 60 seconds
2025-04-01 11:20:41,860 - Trading System - INFO - Trading Bot is alive: True
2025-04-01 11:20:41,862 - Trading System - INFO - Monitor Bot is alive: True
2025-04-01 11:20:41,862 - Trading System - INFO - Improvement Bot is alive: True
2025-04-01 11:20:44,977 - Quantum Trading Bot - INFO - Starting trading cycle
2025-04-01 11:20:44,978 - Quantum Trading Bot - INFO - Processing AAPL
2025-04-01 11:20:44,978 - Quantum Trading Bot - INFO - Mock halal compliance check for AAPL: COMPLIANT
2025-04-01 11:20:44,986 - Quantum Trading Bot - INFO - Quantum device error rate: 0.0414
2025-04-01 11:20:44,988 - Quantum Trading Bot - INFO - Quantum prediction for AAPL: 0.5820 (confidence: 0.7669)
2025-04-01 11:20:44,988 - Quantum Trading Bot - INFO - Trading signal for AAPL: 0.5820 (source: quantum)
2025-04-01 11:20:44,988 - Quantum Trading Bot - INFO - HOLD signal for AAPL (score: 0.5820, source: quantum)
2025-04-01 11:20:44,989 - Quantum Trading Bot - INFO - Processing MSFT
2025-04-01 11:20:44,989 - Quantum Trading Bot - INFO - Mock halal compliance check for MSFT: COMPLIANT
2025-04-01 11:20:44,996 - Quantum Trading Bot - INFO - Quantum device error rate: 0.0351
2025-04-01 11:20:44,999 - Quantum Trading Bot - INFO - Quantum prediction for MSFT: 0.2630 (confidence: 0.9649)
2025-04-01 11:20:44,999 - Quantum Trading Bot - INFO - Trading signal for MSFT: 0.2630 (source: quantum)
2025-04-01 11:20:44,999 - Quantum Trading Bot - INFO - SELL signal for MSFT (score: 0.2630, source: quantum)
2025-04-01 11:20:44,999 - Quantum Trading Bot - WARNING - Cannot sell MSFT - no position
2025-04-01 11:20:45,000 - Quantum Trading Bot - INFO - Processing NVDA
2025-04-01 11:20:45,000 - Quantum Trading Bot - INFO - Mock halal compliance check for NVDA: COMPLIANT
2025-04-01 11:20:45,007 - Quantum Trading Bot - INFO - Quantum device error rate: 0.0462
2025-04-01 11:20:45,010 - Quantum Trading Bot - INFO - Quantum prediction for NVDA: 0.8110 (confidence: 0.9538)
2025-04-01 11:20:45,010 - Quantum Trading Bot - INFO - Trading signal for NVDA: 0.8110 (source: quantum)
2025-04-01 11:20:45,010 - Quantum Trading Bot - INFO - HOLD signal for NVDA (score: 0.8110, source: quantum)
2025-04-01 11:20:45,014 - Quantum Trading Bot - INFO - Performance metrics saved: 40/72 winning trades
2025-04-01 11:20:45,014 - Quantum Trading Bot - INFO - Quantum prediction accuracy: 0.00
2025-04-01 11:20:45,014 - Quantum Trading Bot - INFO - Sleeping for 60 seconds
2025-04-01 11:36:55,110 - Trading System - INFO - Trading Bot is alive: True
2025-04-01 11:36:55,111 - Trading System - INFO - Monitor Bot is alive: True
2025-04-01 11:36:55,111 - Trading System - INFO - Improvement Bot is alive: True
2025-04-01 11:36:58,261 - Quantum Trading Bot - INFO - Starting trading cycle
2025-04-01 11:36:58,261 - Quantum Trading Bot - INFO - Processing AAPL
2025-04-01 11:36:58,261 - Quantum Trading Bot - INFO - Mock halal compliance check for AAPL: COMPLIANT
2025-04-01 11:36:58,274 - Quantum Trading Bot - INFO - Quantum device error rate: 0.0438
2025-04-01 11:36:58,277 - Quantum Trading Bot - INFO - Quantum prediction for AAPL: 0.6860 (confidence: 0.9562)
2025-04-01 11:36:58,277 - Quantum Trading Bot - INFO - Trading signal for AAPL: 0.6860 (source: quantum)
2025-04-01 11:36:58,277 - Quantum Trading Bot - INFO - HOLD signal for AAPL (score: 0.6860, source: quantum)
2025-04-01 11:36:58,278 - Quantum Trading Bot - INFO - Processing MSFT
2025-04-01 11:36:58,278 - Quantum Trading Bot - INFO - Mock halal compliance check for MSFT: COMPLIANT
2025-04-01 11:36:58,285 - Quantum Trading Bot - INFO - Quantum device error rate: 0.0438
2025-04-01 11:36:58,288 - Quantum Trading Bot - INFO - Quantum prediction for MSFT: 0.3710 (confidence: 0.9562)
2025-04-01 11:36:58,288 - Quantum Trading Bot - INFO - Trading signal for MSFT: 0.3710 (source: quantum)
2025-04-01 11:36:58,288 - Quantum Trading Bot - INFO - HOLD signal for MSFT (score: 0.3710, source: quantum)
2025-04-01 11:36:58,289 - Quantum Trading Bot - INFO - Processing NVDA
2025-04-01 11:36:58,289 - Quantum Trading Bot - INFO - Mock halal compliance check for NVDA: COMPLIANT
2025-04-01 11:36:58,296 - Quantum Trading Bot - INFO - Quantum device error rate: 0.0267
2025-04-01 11:36:58,299 - Quantum Trading Bot - INFO - Quantum prediction for NVDA: 0.1780 (confidence: 0.9733)
2025-04-01 11:36:58,299 - Quantum Trading Bot - INFO - Trading signal for NVDA: 0.1780 (source: quantum)
2025-04-01 11:36:58,299 - Quantum Trading Bot - INFO - SELL signal for NVDA (score: 0.1780, source: quantum)
2025-04-01 11:36:58,299 - Quantum Trading Bot - WARNING - Cannot sell NVDA - no position
2025-04-01 11:36:58,304 - Quantum Trading Bot - INFO - Performance metrics saved: 40/72 winning trades
2025-04-01 11:36:58,304 - Quantum Trading Bot - INFO - Quantum prediction accuracy: 0.00
2025-04-01 11:36:58,304 - Quantum Trading Bot - INFO - Sleeping for 60 seconds
2025-04-01 11:53:56,123 - Trading System - INFO - Trading Bot is alive: True
2025-04-01 11:53:56,123 - Trading System - INFO - Monitor Bot is alive: True
2025-04-01 11:53:56,123 - Trading System - INFO - Improvement Bot is alive: True
2025-04-01 11:53:56,851 - Monitor Bot - INFO - Running scheduled task: Performance Metrics
2025-04-01 11:53:56,855 - Monitor Bot - INFO - === Performance Metrics ===
2025-04-01 11:53:56,856 - Monitor Bot - INFO - Date: 2025-04-01T11:36:58.300755
2025-04-01 11:53:56,856 - Monitor Bot - INFO - Total Trades: 72
2025-04-01 11:53:56,856 - Monitor Bot - INFO - Win Rate: 55.56%
2025-04-01 11:53:56,856 - Monitor Bot - INFO - Total Profit: $18.27
2025-04-01 11:53:56,856 - Monitor Bot - INFO - Average Profit per Trade: $0.25
2025-04-01 11:53:56,856 - Monitor Bot - INFO - Average Profit Percentage: 0.09%
2025-04-01 11:53:56,856 - Monitor Bot - INFO - Maximum Drawdown: 0.10%
2025-04-01 11:53:56,856 - Monitor Bot - INFO - Quantum Prediction Accuracy: 0.00%
2025-04-01 11:53:56,856 - Monitor Bot - INFO - ============================
2025-04-01 11:53:56,865 - Monitor Bot - INFO - Task Performance Metrics completed successfully
2025-04-01 11:53:59,313 - Quantum Trading Bot - INFO - Starting trading cycle
2025-04-01 11:53:59,313 - Quantum Trading Bot - INFO - Processing AAPL
2025-04-01 11:53:59,313 - Quantum Trading Bot - INFO - Mock halal compliance check for AAPL: COMPLIANT
2025-04-01 11:53:59,321 - Quantum Trading Bot - INFO - Quantum device error rate: 0.0327
2025-04-01 11:53:59,324 - Quantum Trading Bot - INFO - Quantum prediction for AAPL: 0.3690 (confidence: 0.9673)
2025-04-01 11:53:59,324 - Quantum Trading Bot - INFO - Trading signal for AAPL: 0.3690 (source: quantum)
2025-04-01 11:53:59,324 - Quantum Trading Bot - INFO - HOLD signal for AAPL (score: 0.3690, source: quantum)
2025-04-01 11:53:59,325 - Quantum Trading Bot - INFO - Processing MSFT
2025-04-01 11:53:59,325 - Quantum Trading Bot - INFO - Mock halal compliance check for MSFT: COMPLIANT
2025-04-01 11:53:59,332 - Quantum Trading Bot - INFO - Quantum device error rate: 0.0279
2025-04-01 11:53:59,334 - Quantum Trading Bot - INFO - Quantum prediction for MSFT: 0.4190 (confidence: 0.7777)
2025-04-01 11:53:59,334 - Quantum Trading Bot - INFO - Trading signal for MSFT: 0.4190 (source: quantum)
2025-04-01 11:53:59,334 - Quantum Trading Bot - INFO - HOLD signal for MSFT (score: 0.4190, source: quantum)
2025-04-01 11:53:59,335 - Quantum Trading Bot - INFO - Processing NVDA
2025-04-01 11:53:59,335 - Quantum Trading Bot - INFO - Mock halal compliance check for NVDA: COMPLIANT
2025-04-01 11:53:59,342 - Quantum Trading Bot - INFO - Quantum device error rate: 0.0213
2025-04-01 11:53:59,345 - Quantum Trading Bot - INFO - Quantum prediction for NVDA: 0.4970 (confidence: 0.7830)
2025-04-01 11:53:59,345 - Quantum Trading Bot - INFO - Trading signal for NVDA: 0.4970 (source: quantum)
2025-04-01 11:53:59,345 - Quantum Trading Bot - INFO - HOLD signal for NVDA (score: 0.4970, source: quantum)
2025-04-01 11:53:59,349 - Quantum Trading Bot - INFO - Performance metrics saved: 40/72 winning trades
2025-04-01 11:53:59,349 - Quantum Trading Bot - INFO - Quantum prediction accuracy: 0.00
2025-04-01 11:53:59,349 - Quantum Trading Bot - INFO - Sleeping for 60 seconds
2025-04-01 12:11:08,063 - Trading System - INFO - Trading Bot is alive: True
2025-04-01 12:11:08,065 - Trading System - INFO - Monitor Bot is alive: True
2025-04-01 12:11:08,065 - Trading System - INFO - Improvement Bot is alive: True
2025-04-01 12:11:11,291 - Quantum Trading Bot - INFO - Starting trading cycle
2025-04-01 12:11:11,291 - Quantum Trading Bot - INFO - Processing AAPL
2025-04-01 12:11:11,292 - Quantum Trading Bot - INFO - Mock halal compliance check for AAPL: COMPLIANT
2025-04-01 12:11:11,305 - Quantum Trading Bot - INFO - Quantum device error rate: 0.0555
2025-04-01 12:11:11,313 - Quantum Trading Bot - INFO - Quantum prediction for AAPL: 0.6118 (confidence: 0.9445)
2025-04-01 12:11:11,313 - Quantum Trading Bot - INFO - Trading signal for AAPL: 0.6118 (source: quantum)
2025-04-01 12:11:11,313 - Quantum Trading Bot - INFO - HOLD signal for AAPL (score: 0.6118, source: quantum)
2025-04-01 12:11:11,314 - Quantum Trading Bot - INFO - Processing MSFT
2025-04-01 12:11:11,314 - Quantum Trading Bot - INFO - Mock halal compliance check for MSFT: COMPLIANT
2025-04-01 12:11:11,321 - Quantum Trading Bot - INFO - Quantum device error rate: 0.0222
2025-04-01 12:11:11,324 - Quantum Trading Bot - INFO - Quantum prediction for MSFT: 0.3840 (confidence: 0.9778)
2025-04-01 12:11:11,324 - Quantum Trading Bot - INFO - Trading signal for MSFT: 0.3840 (source: quantum)
2025-04-01 12:11:11,324 - Quantum Trading Bot - INFO - HOLD signal for MSFT (score: 0.3840, source: quantum)
2025-04-01 12:11:11,325 - Quantum Trading Bot - INFO - Processing NVDA
2025-04-01 12:11:11,325 - Quantum Trading Bot - INFO - Mock halal compliance check for NVDA: COMPLIANT
2025-04-01 12:11:11,332 - Quantum Trading Bot - INFO - Quantum device error rate: 0.0384
2025-04-01 12:11:11,334 - Quantum Trading Bot - INFO - Quantum prediction for NVDA: 0.6860 (confidence: 0.9616)
2025-04-01 12:11:11,334 - Quantum Trading Bot - INFO - Trading signal for NVDA: 0.6860 (source: quantum)
2025-04-01 12:11:11,334 - Quantum Trading Bot - INFO - HOLD signal for NVDA (score: 0.6860, source: quantum)
2025-04-01 12:11:11,339 - Quantum Trading Bot - INFO - Performance metrics saved: 40/72 winning trades
2025-04-01 12:11:11,339 - Quantum Trading Bot - INFO - Quantum prediction accuracy: 0.00
2025-04-01 12:11:11,340 - Quantum Trading Bot - ERROR - Error updating quantum model: name 'update_quantum_model' is not defined
2025-04-01 12:11:11,351 - Quantum Trading Bot - INFO - Quantum device error rate: 0.0432
2025-04-01 12:11:11,352 - Quantum Trading Bot - ERROR - Error in portfolio optimization: name 'quantum_portfolio_optimization' is not defined
2025-04-01 12:11:11,352 - Quantum Trading Bot - INFO - Sleeping for 60 seconds
2025-04-01 12:27:09,649 - Improvement Bot - INFO - Running scheduled task: System Health Analysis
2025-04-01 12:27:09,652 - Improvement Bot - INFO - Win rate trend: +0.00%
2025-04-01 12:27:09,652 - Improvement Bot - INFO - Profit trend: +0.00%
2025-04-01 12:27:09,653 - Improvement Bot - INFO - System health analysis completed: healthy
2025-04-01 12:27:09,653 - Improvement Bot - INFO - Task System Health Analysis completed successfully
2025-04-01 12:27:09,979 - Trading System - INFO - Trading Bot is alive: True
2025-04-01 12:27:09,979 - Trading System - INFO - Monitor Bot is alive: True
2025-04-01 12:27:09,979 - Trading System - INFO - Improvement Bot is alive: True
2025-04-01 12:27:13,266 - Quantum Trading Bot - INFO - Starting trading cycle
2025-04-01 12:27:13,266 - Quantum Trading Bot - INFO - Processing AAPL
2025-04-01 12:27:13,266 - Quantum Trading Bot - INFO - Mock halal compliance check for AAPL: COMPLIANT
2025-04-01 12:27:13,280 - Quantum Trading Bot - INFO - Quantum device error rate: 0.0390
2025-04-01 12:27:13,282 - Quantum Trading Bot - INFO - Quantum prediction for AAPL: 0.1380 (confidence: 0.9610)
2025-04-01 12:27:13,282 - Quantum Trading Bot - INFO - Trading signal for AAPL: 0.1380 (source: quantum)
2025-04-01 12:27:13,282 - Quantum Trading Bot - INFO - SELL signal for AAPL (score: 0.1380, source: quantum)
2025-04-01 12:27:13,283 - Quantum Trading Bot - WARNING - Cannot sell AAPL - no position
2025-04-01 12:27:13,284 - Quantum Trading Bot - INFO - Processing MSFT
2025-04-01 12:27:13,284 - Quantum Trading Bot - INFO - Mock halal compliance check for MSFT: COMPLIANT
2025-04-01 12:27:13,291 - Quantum Trading Bot - INFO - Quantum device error rate: 0.0426
2025-04-01 12:27:13,293 - Quantum Trading Bot - INFO - Quantum prediction for MSFT: 0.3090 (confidence: 0.9574)
2025-04-01 12:27:13,293 - Quantum Trading Bot - INFO - Trading signal for MSFT: 0.3090 (source: quantum)
2025-04-01 12:27:13,293 - Quantum Trading Bot - INFO - HOLD signal for MSFT (score: 0.3090, source: quantum)
2025-04-01 12:27:13,294 - Quantum Trading Bot - INFO - Processing NVDA
2025-04-01 12:27:13,294 - Quantum Trading Bot - INFO - Mock halal compliance check for NVDA: COMPLIANT
2025-04-01 12:27:13,301 - Quantum Trading Bot - INFO - Quantum device error rate: 0.0219
2025-04-01 12:27:13,304 - Quantum Trading Bot - INFO - Quantum prediction for NVDA: 0.7640 (confidence: 0.9781)
2025-04-01 12:27:13,304 - Quantum Trading Bot - INFO - Trading signal for NVDA: 0.7640 (source: quantum)
2025-04-01 12:27:13,304 - Quantum Trading Bot - INFO - HOLD signal for NVDA (score: 0.7640, source: quantum)
2025-04-01 12:27:13,308 - Quantum Trading Bot - INFO - Performance metrics saved: 40/72 winning trades
2025-04-01 12:27:13,308 - Quantum Trading Bot - INFO - Quantum prediction accuracy: 0.00
2025-04-01 12:27:13,308 - Quantum Trading Bot - INFO - Sleeping for 60 seconds
2025-04-01 12:28:09,984 - Trading System - INFO - Trading Bot is alive: True
2025-04-01 12:28:09,985 - Trading System - INFO - Monitor Bot is alive: True
2025-04-01 12:28:09,985 - Trading System - INFO - Improvement Bot is alive: True
2025-04-01 12:28:13,315 - Quantum Trading Bot - INFO - Starting trading cycle
2025-04-01 12:28:13,315 - Quantum Trading Bot - INFO - Processing AAPL
2025-04-01 12:28:13,315 - Quantum Trading Bot - INFO - Mock halal compliance check for AAPL: COMPLIANT
2025-04-01 12:28:13,326 - Quantum Trading Bot - INFO - Quantum device error rate: 0.0384
2025-04-01 12:28:13,330 - Quantum Trading Bot - INFO - Quantum prediction for AAPL: 0.5530 (confidence: 0.7693)
2025-04-01 12:28:13,330 - Quantum Trading Bot - INFO - Trading signal for AAPL: 0.5530 (source: quantum)
2025-04-01 12:28:13,330 - Quantum Trading Bot - INFO - HOLD signal for AAPL (score: 0.5530, source: quantum)
2025-04-01 12:28:13,331 - Quantum Trading Bot - INFO - Processing MSFT
2025-04-01 12:28:13,331 - Quantum Trading Bot - INFO - Mock halal compliance check for MSFT: COMPLIANT
2025-04-01 12:28:13,341 - Quantum Trading Bot - INFO - Quantum device error rate: 0.0519
2025-04-01 12:28:13,350 - Quantum Trading Bot - INFO - Quantum prediction for MSFT: 0.4069 (confidence: 0.7585)
2025-04-01 12:28:13,350 - Quantum Trading Bot - INFO - Trading signal for MSFT: 0.4069 (source: quantum)
2025-04-01 12:28:13,350 - Quantum Trading Bot - INFO - HOLD signal for MSFT (score: 0.4069, source: quantum)
2025-04-01 12:28:13,352 - Quantum Trading Bot - INFO - Processing NVDA
2025-04-01 12:28:13,352 - Quantum Trading Bot - INFO - Mock halal compliance check for NVDA: COMPLIANT
2025-04-01 12:28:13,361 - Quantum Trading Bot - INFO - Quantum device error rate: 0.0246
2025-04-01 12:28:13,364 - Quantum Trading Bot - INFO - Quantum prediction for NVDA: 0.5690 (confidence: 0.7803)
2025-04-01 12:28:13,364 - Quantum Trading Bot - INFO - Trading signal for NVDA: 0.5690 (source: quantum)
2025-04-01 12:28:13,364 - Quantum Trading Bot - INFO - HOLD signal for NVDA (score: 0.5690, source: quantum)
2025-04-01 12:28:13,370 - Quantum Trading Bot - INFO - Performance metrics saved: 40/72 winning trades
2025-04-01 12:28:13,370 - Quantum Trading Bot - INFO - Quantum prediction accuracy: 0.00
2025-04-01 12:28:13,371 - Quantum Trading Bot - INFO - Sleeping for 60 seconds
2025-04-01 12:29:09,994 - Trading System - INFO - Trading Bot is alive: True
2025-04-01 12:29:09,994 - Trading System - INFO - Monitor Bot is alive: True
2025-04-01 12:29:09,994 - Trading System - INFO - Improvement Bot is alive: True
2025-04-01 12:29:13,376 - Quantum Trading Bot - INFO - Starting trading cycle
2025-04-01 12:29:13,377 - Quantum Trading Bot - INFO - Processing AAPL
2025-04-01 12:29:13,377 - Quantum Trading Bot - INFO - Mock halal compliance check for AAPL: COMPLIANT
2025-04-01 12:29:13,385 - Quantum Trading Bot - INFO - Quantum device error rate: 0.0381
2025-04-01 12:29:13,387 - Quantum Trading Bot - INFO - Quantum prediction for AAPL: 0.5610 (confidence: 0.7695)
2025-04-01 12:29:13,387 - Quantum Trading Bot - INFO - Trading signal for AAPL: 0.5610 (source: quantum)
2025-04-01 12:29:13,387 - Quantum Trading Bot - INFO - HOLD signal for AAPL (score: 0.5610, source: quantum)
2025-04-01 12:29:13,388 - Quantum Trading Bot - INFO - Processing MSFT
2025-04-01 12:29:13,388 - Quantum Trading Bot - INFO - Mock halal compliance check for MSFT: COMPLIANT
2025-04-01 12:29:13,396 - Quantum Trading Bot - INFO - Quantum device error rate: 0.0366
2025-04-01 12:29:13,398 - Quantum Trading Bot - INFO - Quantum prediction for MSFT: 0.7610 (confidence: 0.9634)
2025-04-01 12:29:13,398 - Quantum Trading Bot - INFO - Trading signal for MSFT: 0.7610 (source: quantum)
2025-04-01 12:29:13,398 - Quantum Trading Bot - INFO - HOLD signal for MSFT (score: 0.7610, source: quantum)
2025-04-01 12:29:13,399 - Quantum Trading Bot - INFO - Processing NVDA
2025-04-01 12:29:13,399 - Quantum Trading Bot - INFO - Mock halal compliance check for NVDA: COMPLIANT
2025-04-01 12:29:13,406 - Quantum Trading Bot - INFO - Quantum device error rate: 0.0342
2025-04-01 12:29:13,409 - Quantum Trading Bot - INFO - Quantum prediction for NVDA: 0.5910 (confidence: 0.7726)
2025-04-01 12:29:13,409 - Quantum Trading Bot - INFO - Trading signal for NVDA: 0.5910 (source: quantum)
2025-04-01 12:29:13,409 - Quantum Trading Bot - INFO - HOLD signal for NVDA (score: 0.5910, source: quantum)
2025-04-01 12:29:13,413 - Quantum Trading Bot - INFO - Performance metrics saved: 40/72 winning trades
2025-04-01 12:29:13,414 - Quantum Trading Bot - INFO - Quantum prediction accuracy: 0.00
2025-04-01 12:29:13,414 - Quantum Trading Bot - INFO - Sleeping for 60 seconds
2025-04-01 12:42:43,394 - Trading System - INFO - Trading Bot is alive: True
2025-04-01 12:42:43,395 - Trading System - INFO - Monitor Bot is alive: True
2025-04-01 12:42:43,396 - Trading System - INFO - Improvement Bot is alive: True
2025-04-01 12:42:44,139 - Monitor Bot - INFO - Running scheduled task: Quantum System Health Check
2025-04-01 12:42:44,139 - Monitor Bot - INFO - Monitoring quantum system health
2025-04-01 12:42:44,141 - Monitor Bot - INFO - Average quantum error rate: 0.0371
2025-04-01 12:42:44,142 - Monitor Bot - INFO - Task Quantum System Health Check completed successfully
2025-04-01 12:42:46,808 - Quantum Trading Bot - INFO - Starting trading cycle
2025-04-01 12:42:46,808 - Quantum Trading Bot - INFO - Processing AAPL
2025-04-01 12:42:46,808 - Quantum Trading Bot - INFO - Mock halal compliance check for AAPL: COMPLIANT
2025-04-01 12:42:46,822 - Quantum Trading Bot - INFO - Quantum device error rate: 0.0333
2025-04-01 12:42:46,825 - Quantum Trading Bot - INFO - Quantum prediction for AAPL: 0.6340 (confidence: 0.9667)
2025-04-01 12:42:46,825 - Quantum Trading Bot - INFO - Trading signal for AAPL: 0.6340 (source: quantum)
2025-04-01 12:42:46,825 - Quantum Trading Bot - INFO - HOLD signal for AAPL (score: 0.6340, source: quantum)
2025-04-01 12:42:46,826 - Quantum Trading Bot - INFO - Processing MSFT
2025-04-01 12:42:46,826 - Quantum Trading Bot - INFO - Mock halal compliance check for MSFT: COMPLIANT
2025-04-01 12:42:46,833 - Quantum Trading Bot - INFO - Quantum device error rate: 0.0411
2025-04-01 12:42:46,835 - Quantum Trading Bot - INFO - Quantum prediction for MSFT: 0.6470 (confidence: 0.9589)
2025-04-01 12:42:46,835 - Quantum Trading Bot - INFO - Trading signal for MSFT: 0.6470 (source: quantum)
2025-04-01 12:42:46,835 - Quantum Trading Bot - INFO - HOLD signal for MSFT (score: 0.6470, source: quantum)
2025-04-01 12:42:46,836 - Quantum Trading Bot - INFO - Processing NVDA
2025-04-01 12:42:46,836 - Quantum Trading Bot - INFO - Mock halal compliance check for NVDA: COMPLIANT
2025-04-01 12:42:46,843 - Quantum Trading Bot - INFO - Quantum device error rate: 0.0606
2025-04-01 12:42:46,850 - Quantum Trading Bot - INFO - Quantum prediction for NVDA: 0.1158 (confidence: 0.9394)
2025-04-01 12:42:46,850 - Quantum Trading Bot - INFO - Trading signal for NVDA: 0.1158 (source: quantum)
2025-04-01 12:42:46,851 - Quantum Trading Bot - INFO - SELL signal for NVDA (score: 0.1158, source: quantum)
2025-04-01 12:42:46,851 - Quantum Trading Bot - WARNING - Cannot sell NVDA - no position
2025-04-01 12:42:46,856 - Quantum Trading Bot - INFO - Performance metrics saved: 40/72 winning trades
2025-04-01 12:42:46,856 - Quantum Trading Bot - INFO - Quantum prediction accuracy: 0.00
2025-04-01 12:42:46,856 - Quantum Trading Bot - INFO - Sleeping for 60 seconds
2025-04-01 12:49:07,778 - Trading System - INFO - Trading Bot is alive: True
2025-04-01 12:49:07,779 - Trading System - INFO - Monitor Bot is alive: True
2025-04-01 12:49:07,779 - Trading System - INFO - Improvement Bot is alive: True
2025-04-01 12:49:11,236 - Quantum Trading Bot - INFO - Starting trading cycle
2025-04-01 12:49:11,236 - Quantum Trading Bot - INFO - Processing AAPL
2025-04-01 12:49:11,236 - Quantum Trading Bot - INFO - Mock halal compliance check for AAPL: COMPLIANT
2025-04-01 12:49:11,247 - Quantum Trading Bot - INFO - Quantum device error rate: 0.0258
2025-04-01 12:49:11,250 - Quantum Trading Bot - INFO - Quantum prediction for AAPL: 0.5110 (confidence: 0.7794)
2025-04-01 12:49:11,250 - Quantum Trading Bot - INFO - Trading signal for AAPL: 0.5110 (source: quantum)
2025-04-01 12:49:11,250 - Quantum Trading Bot - INFO - HOLD signal for AAPL (score: 0.5110, source: quantum)
2025-04-01 12:49:11,251 - Quantum Trading Bot - INFO - Processing MSFT
2025-04-01 12:49:11,251 - Quantum Trading Bot - INFO - Mock halal compliance check for MSFT: COMPLIANT
2025-04-01 12:49:11,258 - Quantum Trading Bot - INFO - Quantum device error rate: 0.0303
2025-04-01 12:49:11,261 - Quantum Trading Bot - INFO - Quantum prediction for MSFT: 0.2350 (confidence: 0.9697)
2025-04-01 12:49:11,261 - Quantum Trading Bot - INFO - Trading signal for MSFT: 0.2350 (source: quantum)
2025-04-01 12:49:11,261 - Quantum Trading Bot - INFO - SELL signal for MSFT (score: 0.2350, source: quantum)
2025-04-01 12:49:11,261 - Quantum Trading Bot - WARNING - Cannot sell MSFT - no position
2025-04-01 12:49:11,262 - Quantum Trading Bot - INFO - Processing NVDA
2025-04-01 12:49:11,262 - Quantum Trading Bot - INFO - Mock halal compliance check for NVDA: COMPLIANT
2025-04-01 12:49:11,270 - Quantum Trading Bot - INFO - Quantum device error rate: 0.0417
2025-04-01 12:49:11,272 - Quantum Trading Bot - INFO - Quantum prediction for NVDA: 0.8070 (confidence: 0.9583)
2025-04-01 12:49:11,272 - Quantum Trading Bot - INFO - Trading signal for NVDA: 0.8070 (source: quantum)
2025-04-01 12:49:11,272 - Quantum Trading Bot - INFO - HOLD signal for NVDA (score: 0.8070, source: quantum)
2025-04-01 12:49:11,277 - Quantum Trading Bot - INFO - Performance metrics saved: 40/72 winning trades
2025-04-01 12:49:11,277 - Quantum Trading Bot - INFO - Quantum prediction accuracy: 0.00
2025-04-01 12:49:11,277 - Quantum Trading Bot - INFO - Sleeping for 60 seconds
2025-04-01 13:07:06,405 - Trading System - INFO - Trading Bot is alive: True
2025-04-01 13:07:06,407 - Trading System - INFO - Monitor Bot is alive: True
2025-04-01 13:07:06,407 - Trading System - INFO - Improvement Bot is alive: True
2025-04-01 13:07:07,154 - Monitor Bot - INFO - Running scheduled task: Performance Metrics
2025-04-01 13:07:07,159 - Monitor Bot - INFO - === Performance Metrics ===
2025-04-01 13:07:07,159 - Monitor Bot - INFO - Date: 2025-04-01T12:49:11.273638
2025-04-01 13:07:07,159 - Monitor Bot - INFO - Total Trades: 72
2025-04-01 13:07:07,159 - Monitor Bot - INFO - Win Rate: 55.56%
2025-04-01 13:07:07,160 - Monitor Bot - INFO - Total Profit: $18.27
2025-04-01 13:07:07,160 - Monitor Bot - INFO - Average Profit per Trade: $0.25
2025-04-01 13:07:07,160 - Monitor Bot - INFO - Average Profit Percentage: 0.09%
2025-04-01 13:07:07,160 - Monitor Bot - INFO - Maximum Drawdown: 0.10%
2025-04-01 13:07:07,160 - Monitor Bot - INFO - Quantum Prediction Accuracy: 0.00%
2025-04-01 13:07:07,160 - Monitor Bot - INFO - ============================
2025-04-01 13:07:07,170 - Monitor Bot - INFO - Task Performance Metrics completed successfully
2025-04-01 13:07:09,896 - Quantum Trading Bot - INFO - Starting trading cycle
2025-04-01 13:07:09,897 - Quantum Trading Bot - INFO - Processing AAPL
2025-04-01 13:07:09,897 - Quantum Trading Bot - INFO - Mock halal compliance check for AAPL: COMPLIANT
2025-04-01 13:07:09,906 - Quantum Trading Bot - INFO - Quantum device error rate: 0.0519
2025-04-01 13:07:09,913 - Quantum Trading Bot - INFO - Quantum prediction for AAPL: 0.5675 (confidence: 0.7585)
2025-04-01 13:07:09,914 - Quantum Trading Bot - INFO - Trading signal for AAPL: 0.5675 (source: quantum)
2025-04-01 13:07:09,914 - Quantum Trading Bot - INFO - HOLD signal for AAPL (score: 0.5675, source: quantum)
2025-04-01 13:07:09,915 - Quantum Trading Bot - INFO - Processing MSFT
2025-04-01 13:07:09,915 - Quantum Trading Bot - INFO - Mock halal compliance check for MSFT: COMPLIANT
2025-04-01 13:07:09,922 - Quantum Trading Bot - INFO - Quantum device error rate: 0.0306
2025-04-01 13:07:09,925 - Quantum Trading Bot - INFO - Quantum prediction for MSFT: 0.4240 (confidence: 0.7755)
2025-04-01 13:07:09,925 - Quantum Trading Bot - INFO - Trading signal for MSFT: 0.4240 (source: quantum)
2025-04-01 13:07:09,925 - Quantum Trading Bot - INFO - HOLD signal for MSFT (score: 0.4240, source: quantum)
2025-04-01 13:07:09,926 - Quantum Trading Bot - INFO - Processing NVDA
2025-04-01 13:07:09,926 - Quantum Trading Bot - INFO - Mock halal compliance check for NVDA: COMPLIANT
2025-04-01 13:07:09,933 - Quantum Trading Bot - INFO - Quantum device error rate: 0.0360
2025-04-01 13:07:09,935 - Quantum Trading Bot - INFO - Quantum prediction for NVDA: 0.5450 (confidence: 0.7712)
2025-04-01 13:07:09,935 - Quantum Trading Bot - INFO - Trading signal for NVDA: 0.5450 (source: quantum)
2025-04-01 13:07:09,935 - Quantum Trading Bot - INFO - HOLD signal for NVDA (score: 0.5450, source: quantum)
2025-04-01 13:07:09,940 - Quantum Trading Bot - INFO - Performance metrics saved: 40/72 winning trades
2025-04-01 13:07:09,940 - Quantum Trading Bot - INFO - Quantum prediction accuracy: 0.00
2025-04-01 13:07:09,940 - Quantum Trading Bot - INFO - Sleeping for 60 seconds
2025-04-01 13:23:08,553 - Trading System - INFO - Trading Bot is alive: True
2025-04-01 13:23:08,553 - Trading System - INFO - Monitor Bot is alive: True
2025-04-01 13:23:08,554 - Trading System - INFO - Improvement Bot is alive: True
2025-04-01 13:23:12,089 - Quantum Trading Bot - INFO - Starting trading cycle
2025-04-01 13:23:12,090 - Quantum Trading Bot - INFO - Processing AAPL
2025-04-01 13:23:12,090 - Quantum Trading Bot - INFO - Mock halal compliance check for AAPL: COMPLIANT
2025-04-01 13:23:12,103 - Quantum Trading Bot - INFO - Quantum device error rate: 0.0276
2025-04-01 13:23:12,106 - Quantum Trading Bot - INFO - Quantum prediction for AAPL: 0.6540 (confidence: 0.9724)
2025-04-01 13:23:12,106 - Quantum Trading Bot - INFO - Trading signal for AAPL: 0.6540 (source: quantum)
2025-04-01 13:23:12,106 - Quantum Trading Bot - INFO - HOLD signal for AAPL (score: 0.6540, source: quantum)
2025-04-01 13:23:12,107 - Quantum Trading Bot - INFO - Processing MSFT
2025-04-01 13:23:12,107 - Quantum Trading Bot - INFO - Mock halal compliance check for MSFT: COMPLIANT
2025-04-01 13:23:12,114 - Quantum Trading Bot - INFO - Quantum device error rate: 0.0348
2025-04-01 13:23:12,117 - Quantum Trading Bot - INFO - Quantum prediction for MSFT: 0.4980 (confidence: 0.7722)
2025-04-01 13:23:12,117 - Quantum Trading Bot - INFO - Trading signal for MSFT: 0.4980 (source: quantum)
2025-04-01 13:23:12,117 - Quantum Trading Bot - INFO - HOLD signal for MSFT (score: 0.4980, source: quantum)
2025-04-01 13:23:12,118 - Quantum Trading Bot - INFO - Processing NVDA
2025-04-01 13:23:12,118 - Quantum Trading Bot - INFO - Mock halal compliance check for NVDA: COMPLIANT
2025-04-01 13:23:12,125 - Quantum Trading Bot - INFO - Quantum device error rate: 0.0450
2025-04-01 13:23:12,127 - Quantum Trading Bot - INFO - Quantum prediction for NVDA: 0.0110 (confidence: 0.9550)
2025-04-01 13:23:12,127 - Quantum Trading Bot - INFO - Trading signal for NVDA: 0.0110 (source: quantum)
2025-04-01 13:23:12,127 - Quantum Trading Bot - INFO - SELL signal for NVDA (score: 0.0110, source: quantum)
2025-04-01 13:23:12,128 - Quantum Trading Bot - WARNING - Cannot sell NVDA - no position
2025-04-01 13:23:12,132 - Quantum Trading Bot - INFO - Performance metrics saved: 40/72 winning trades
2025-04-01 13:23:12,132 - Quantum Trading Bot - INFO - Quantum prediction accuracy: 0.00
2025-04-01 13:23:12,133 - Quantum Trading Bot - INFO - Sleeping for 60 seconds
2025-04-01 13:39:51,486 - Trading System - INFO - Trading Bot is alive: True
2025-04-01 13:39:51,488 - Trading System - INFO - Monitor Bot is alive: True
2025-04-01 13:39:51,488 - Trading System - INFO - Improvement Bot is alive: True
2025-04-01 13:39:55,065 - Quantum Trading Bot - INFO - Starting trading cycle
2025-04-01 13:39:55,065 - Quantum Trading Bot - INFO - Processing AAPL
2025-04-01 13:39:55,065 - Quantum Trading Bot - INFO - Mock halal compliance check for AAPL: COMPLIANT
2025-04-01 13:39:55,076 - Quantum Trading Bot - INFO - Quantum device error rate: 0.0348
2025-04-01 13:39:55,078 - Quantum Trading Bot - INFO - Quantum prediction for AAPL: 0.3900 (confidence: 0.9652)
2025-04-01 13:39:55,078 - Quantum Trading Bot - INFO - Trading signal for AAPL: 0.3900 (source: quantum)
2025-04-01 13:39:55,078 - Quantum Trading Bot - INFO - HOLD signal for AAPL (score: 0.3900, source: quantum)
2025-04-01 13:39:55,079 - Quantum Trading Bot - INFO - Processing MSFT
2025-04-01 13:39:55,079 - Quantum Trading Bot - INFO - Mock halal compliance check for MSFT: COMPLIANT
2025-04-01 13:39:55,087 - Quantum Trading Bot - INFO - Quantum device error rate: 0.0444
2025-04-01 13:39:55,089 - Quantum Trading Bot - INFO - Quantum prediction for MSFT: 0.1980 (confidence: 0.9556)
2025-04-01 13:39:55,089 - Quantum Trading Bot - INFO - Trading signal for MSFT: 0.1980 (source: quantum)
2025-04-01 13:39:55,089 - Quantum Trading Bot - INFO - SELL signal for MSFT (score: 0.1980, source: quantum)
2025-04-01 13:39:55,090 - Quantum Trading Bot - WARNING - Cannot sell MSFT - no position
2025-04-01 13:39:55,091 - Quantum Trading Bot - INFO - Processing NVDA
2025-04-01 13:39:55,091 - Quantum Trading Bot - INFO - Mock halal compliance check for NVDA: COMPLIANT
2025-04-01 13:39:55,098 - Quantum Trading Bot - INFO - Quantum device error rate: 0.0285
2025-04-01 13:39:55,100 - Quantum Trading Bot - INFO - Quantum prediction for NVDA: 0.4350 (confidence: 0.7772)
2025-04-01 13:39:55,100 - Quantum Trading Bot - INFO - Trading signal for NVDA: 0.4350 (source: quantum)
2025-04-01 13:39:55,100 - Quantum Trading Bot - INFO - HOLD signal for NVDA (score: 0.4350, source: quantum)
2025-04-01 13:39:55,105 - Quantum Trading Bot - INFO - Performance metrics saved: 40/72 winning trades
2025-04-01 13:39:55,105 - Quantum Trading Bot - INFO - Quantum prediction accuracy: 0.00
2025-04-01 13:39:55,105 - Quantum Trading Bot - INFO - Sleeping for 60 seconds
2025-04-01 13:43:52,739 - Trading System - INFO - Trading Bot is alive: True
2025-04-01 13:43:52,740 - Trading System - INFO - Monitor Bot is alive: True
2025-04-01 13:43:52,741 - Trading System - INFO - Improvement Bot is alive: True
2025-04-01 13:43:56,356 - Quantum Trading Bot - INFO - Starting trading cycle
2025-04-01 13:43:56,357 - Quantum Trading Bot - INFO - Processing AAPL
2025-04-01 13:43:56,357 - Quantum Trading Bot - INFO - Mock halal compliance check for AAPL: COMPLIANT
2025-04-01 13:43:56,370 - Quantum Trading Bot - INFO - Quantum device error rate: 0.0492
2025-04-01 13:43:56,373 - Quantum Trading Bot - INFO - Quantum prediction for AAPL: 0.6380 (confidence: 0.9508)
2025-04-01 13:43:56,373 - Quantum Trading Bot - INFO - Trading signal for AAPL: 0.6380 (source: quantum)
2025-04-01 13:43:56,373 - Quantum Trading Bot - INFO - HOLD signal for AAPL (score: 0.6380, source: quantum)
2025-04-01 13:43:56,374 - Quantum Trading Bot - INFO - Processing MSFT
2025-04-01 13:43:56,374 - Quantum Trading Bot - INFO - Mock halal compliance check for MSFT: COMPLIANT
2025-04-01 13:43:56,381 - Quantum Trading Bot - INFO - Quantum device error rate: 0.0393
2025-04-01 13:43:56,383 - Quantum Trading Bot - INFO - Quantum prediction for MSFT: 0.8590 (confidence: 0.9607)
2025-04-01 13:43:56,383 - Quantum Trading Bot - INFO - Trading signal for MSFT: 0.8590 (source: quantum)
2025-04-01 13:43:56,383 - Quantum Trading Bot - INFO - HOLD signal for MSFT (score: 0.8590, source: quantum)
2025-04-01 13:43:56,384 - Quantum Trading Bot - INFO - Processing NVDA
2025-04-01 13:43:56,384 - Quantum Trading Bot - INFO - Mock halal compliance check for NVDA: COMPLIANT
2025-04-01 13:43:56,391 - Quantum Trading Bot - INFO - Quantum device error rate: 0.0468
2025-04-01 13:43:56,393 - Quantum Trading Bot - INFO - Quantum prediction for NVDA: 0.4920 (confidence: 0.7626)
2025-04-01 13:43:56,393 - Quantum Trading Bot - INFO - Trading signal for NVDA: 0.4920 (source: quantum)
2025-04-01 13:43:56,393 - Quantum Trading Bot - INFO - HOLD signal for NVDA (score: 0.4920, source: quantum)
2025-04-01 13:43:56,398 - Quantum Trading Bot - INFO - Performance metrics saved: 40/72 winning trades
2025-04-01 13:43:56,398 - Quantum Trading Bot - INFO - Quantum prediction accuracy: 0.00
2025-04-01 13:43:56,398 - Quantum Trading Bot - INFO - Sleeping for 60 seconds
2025-04-01 14:01:12,649 - Trading System - INFO - Trading Bot is alive: True
2025-04-01 14:01:12,651 - Trading System - INFO - Monitor Bot is alive: True
2025-04-01 14:01:12,651 - Trading System - INFO - Improvement Bot is alive: True
2025-04-01 14:01:16,298 - Quantum Trading Bot - INFO - Starting trading cycle
2025-04-01 14:01:16,298 - Quantum Trading Bot - INFO - Processing AAPL
2025-04-01 14:01:16,298 - Quantum Trading Bot - INFO - Mock halal compliance check for AAPL: COMPLIANT
2025-04-01 14:01:16,312 - Quantum Trading Bot - INFO - Quantum device error rate: 0.0345
2025-04-01 14:01:16,315 - Quantum Trading Bot - INFO - Quantum prediction for AAPL: 0.9350 (confidence: 0.9655)
2025-04-01 14:01:16,315 - Quantum Trading Bot - INFO - Trading signal for AAPL: 0.9350 (source: quantum)
2025-04-01 14:01:16,315 - Quantum Trading Bot - INFO - HOLD signal for AAPL (score: 0.9350, source: quantum)
2025-04-01 14:01:16,316 - Quantum Trading Bot - INFO - Processing MSFT
2025-04-01 14:01:16,316 - Quantum Trading Bot - INFO - Mock halal compliance check for MSFT: COMPLIANT
2025-04-01 14:01:16,324 - Quantum Trading Bot - INFO - Quantum device error rate: 0.0453
2025-04-01 14:01:16,326 - Quantum Trading Bot - INFO - Quantum prediction for MSFT: 0.3690 (confidence: 0.9547)
2025-04-01 14:01:16,326 - Quantum Trading Bot - INFO - Trading signal for MSFT: 0.3690 (source: quantum)
2025-04-01 14:01:16,326 - Quantum Trading Bot - INFO - HOLD signal for MSFT (score: 0.3690, source: quantum)
2025-04-01 14:01:16,327 - Quantum Trading Bot - INFO - Processing NVDA
2025-04-01 14:01:16,327 - Quantum Trading Bot - INFO - Mock halal compliance check for NVDA: COMPLIANT
2025-04-01 14:01:16,334 - Quantum Trading Bot - INFO - Quantum device error rate: 0.0450
2025-04-01 14:01:16,337 - Quantum Trading Bot - INFO - Quantum prediction for NVDA: 0.5500 (confidence: 0.7640)
2025-04-01 14:01:16,337 - Quantum Trading Bot - INFO - Trading signal for NVDA: 0.5500 (source: quantum)
2025-04-01 14:01:16,337 - Quantum Trading Bot - INFO - HOLD signal for NVDA (score: 0.5500, source: quantum)
2025-04-01 14:01:16,342 - Quantum Trading Bot - INFO - Performance metrics saved: 40/72 winning trades
2025-04-01 14:01:16,342 - Quantum Trading Bot - INFO - Quantum prediction accuracy: 0.00
2025-04-01 14:01:16,342 - Quantum Trading Bot - ERROR - Error updating quantum model: name 'update_quantum_model' is not defined
2025-04-01 14:01:16,342 - Quantum Trading Bot - INFO - Sleeping for 60 seconds
2025-04-01 14:17:22,708 - Trading System - INFO - Trading Bot is alive: True
2025-04-01 14:17:22,708 - Trading System - INFO - Monitor Bot is alive: True
2025-04-01 14:17:22,708 - Trading System - INFO - Improvement Bot is alive: True
2025-04-01 14:17:23,471 - Monitor Bot - INFO - Running scheduled task: Performance Metrics
2025-04-01 14:17:23,474 - Monitor Bot - INFO - === Performance Metrics ===
2025-04-01 14:17:23,474 - Monitor Bot - INFO - Date: 2025-04-01T14:01:16.338278
2025-04-01 14:17:23,474 - Monitor Bot - INFO - Total Trades: 72
2025-04-01 14:17:23,474 - Monitor Bot - INFO - Win Rate: 55.56%
2025-04-01 14:17:23,474 - Monitor Bot - INFO - Total Profit: $18.27
2025-04-01 14:17:23,474 - Monitor Bot - INFO - Average Profit per Trade: $0.25
2025-04-01 14:17:23,474 - Monitor Bot - INFO - Average Profit Percentage: 0.09%
2025-04-01 14:17:23,475 - Monitor Bot - INFO - Maximum Drawdown: 0.10%
2025-04-01 14:17:23,475 - Monitor Bot - INFO - Quantum Prediction Accuracy: 0.00%
2025-04-01 14:17:23,475 - Monitor Bot - INFO - ============================
2025-04-01 14:17:23,482 - Monitor Bot - INFO - Task Performance Metrics completed successfully
2025-04-01 14:17:26,398 - Quantum Trading Bot - INFO - Starting trading cycle
2025-04-01 14:17:26,399 - Quantum Trading Bot - INFO - Processing AAPL
2025-04-01 14:17:26,399 - Quantum Trading Bot - INFO - Mock halal compliance check for AAPL: COMPLIANT
2025-04-01 14:17:26,406 - Quantum Trading Bot - INFO - Quantum device error rate: 0.0417
2025-04-01 14:17:26,409 - Quantum Trading Bot - INFO - Quantum prediction for AAPL: 0.4660 (confidence: 0.7666)
2025-04-01 14:17:26,409 - Quantum Trading Bot - INFO - Trading signal for AAPL: 0.4660 (source: quantum)
2025-04-01 14:17:26,409 - Quantum Trading Bot - INFO - HOLD signal for AAPL (score: 0.4660, source: quantum)
2025-04-01 14:17:26,410 - Quantum Trading Bot - INFO - Processing MSFT
2025-04-01 14:17:26,410 - Quantum Trading Bot - INFO - Mock halal compliance check for MSFT: COMPLIANT
2025-04-01 14:17:26,418 - Quantum Trading Bot - INFO - Quantum device error rate: 0.0429
2025-04-01 14:17:26,420 - Quantum Trading Bot - INFO - Quantum prediction for MSFT: 0.7600 (confidence: 0.9571)
2025-04-01 14:17:26,420 - Quantum Trading Bot - INFO - Trading signal for MSFT: 0.7600 (source: quantum)
2025-04-01 14:17:26,420 - Quantum Trading Bot - INFO - HOLD signal for MSFT (score: 0.7600, source: quantum)
2025-04-01 14:17:26,421 - Quantum Trading Bot - INFO - Processing NVDA
2025-04-01 14:17:26,421 - Quantum Trading Bot - INFO - Mock halal compliance check for NVDA: COMPLIANT
2025-04-01 14:17:26,429 - Quantum Trading Bot - INFO - Quantum device error rate: 0.0447
2025-04-01 14:17:26,431 - Quantum Trading Bot - INFO - Quantum prediction for NVDA: 0.8650 (confidence: 0.9553)
2025-04-01 14:17:26,431 - Quantum Trading Bot - INFO - Trading signal for NVDA: 0.8650 (source: quantum)
2025-04-01 14:17:26,431 - Quantum Trading Bot - INFO - HOLD signal for NVDA (score: 0.8650, source: quantum)
2025-04-01 14:17:26,436 - Quantum Trading Bot - INFO - Performance metrics saved: 40/72 winning trades
2025-04-01 14:17:26,436 - Quantum Trading Bot - INFO - Quantum prediction accuracy: 0.00
2025-04-01 14:17:26,436 - Quantum Trading Bot - INFO - Sleeping for 60 seconds
2025-04-01 14:34:54,607 - Trading System - INFO - Trading Bot is alive: True
2025-04-01 14:34:54,608 - Trading System - INFO - Monitor Bot is alive: True
2025-04-01 14:34:54,609 - Trading System - INFO - Improvement Bot is alive: True
2025-04-01 14:34:58,334 - Quantum Trading Bot - INFO - Starting trading cycle
2025-04-01 14:34:58,335 - Quantum Trading Bot - INFO - Processing AAPL
2025-04-01 14:34:58,335 - Quantum Trading Bot - INFO - Mock halal compliance check for AAPL: COMPLIANT
2025-04-01 14:34:58,344 - Quantum Trading Bot - INFO - Quantum device error rate: 0.0351
2025-04-01 14:34:58,347 - Quantum Trading Bot - INFO - Quantum prediction for AAPL: 0.3590 (confidence: 0.9649)
2025-04-01 14:34:58,347 - Quantum Trading Bot - INFO - Trading signal for AAPL: 0.3590 (source: quantum)
2025-04-01 14:34:58,347 - Quantum Trading Bot - INFO - HOLD signal for AAPL (score: 0.3590, source: quantum)
2025-04-01 14:34:58,348 - Quantum Trading Bot - INFO - Processing MSFT
2025-04-01 14:34:58,348 - Quantum Trading Bot - INFO - Mock halal compliance check for MSFT: COMPLIANT
2025-04-01 14:34:58,355 - Quantum Trading Bot - INFO - Quantum device error rate: 0.0393
2025-04-01 14:34:58,358 - Quantum Trading Bot - INFO - Quantum prediction for MSFT: 0.4870 (confidence: 0.7686)
2025-04-01 14:34:58,358 - Quantum Trading Bot - INFO - Trading signal for MSFT: 0.4870 (source: quantum)
2025-04-01 14:34:58,358 - Quantum Trading Bot - INFO - HOLD signal for MSFT (score: 0.4870, source: quantum)
2025-04-01 14:34:58,359 - Quantum Trading Bot - INFO - Processing NVDA
2025-04-01 14:34:58,359 - Quantum Trading Bot - INFO - Mock halal compliance check for NVDA: COMPLIANT
2025-04-01 14:34:58,366 - Quantum Trading Bot - INFO - Quantum device error rate: 0.0510
2025-04-01 14:34:58,373 - Quantum Trading Bot - INFO - Quantum prediction for NVDA: 0.6171 (confidence: 0.9490)
2025-04-01 14:34:58,373 - Quantum Trading Bot - INFO - Trading signal for NVDA: 0.6171 (source: quantum)
2025-04-01 14:34:58,373 - Quantum Trading Bot - INFO - HOLD signal for NVDA (score: 0.6171, source: quantum)
2025-04-01 14:34:58,377 - Quantum Trading Bot - INFO - Performance metrics saved: 40/72 winning trades
2025-04-01 14:34:58,377 - Quantum Trading Bot - INFO - Quantum prediction accuracy: 0.00
2025-04-01 14:34:58,378 - Quantum Trading Bot - INFO - Sleeping for 60 seconds
2025-04-01 14:44:05,487 - Trading System - INFO - Trading Bot is alive: True
2025-04-01 14:44:05,489 - Trading System - INFO - Monitor Bot is alive: True
2025-04-01 14:44:05,489 - Trading System - INFO - Improvement Bot is alive: True
2025-04-01 14:44:09,260 - Quantum Trading Bot - INFO - Starting trading cycle
2025-04-01 14:44:09,260 - Quantum Trading Bot - INFO - Processing AAPL
2025-04-01 14:44:09,260 - Quantum Trading Bot - INFO - Mock halal compliance check for AAPL: COMPLIANT
2025-04-01 14:44:09,269 - Quantum Trading Bot - INFO - Quantum device error rate: 0.0387
2025-04-01 14:44:09,272 - Quantum Trading Bot - INFO - Quantum prediction for AAPL: 0.6240 (confidence: 0.9613)
2025-04-01 14:44:09,272 - Quantum Trading Bot - INFO - Trading signal for AAPL: 0.6240 (source: quantum)
2025-04-01 14:44:09,272 - Quantum Trading Bot - INFO - HOLD signal for AAPL (score: 0.6240, source: quantum)
2025-04-01 14:44:09,273 - Quantum Trading Bot - INFO - Processing MSFT
2025-04-01 14:44:09,273 - Quantum Trading Bot - INFO - Mock halal compliance check for MSFT: COMPLIANT
2025-04-01 14:44:09,281 - Quantum Trading Bot - INFO - Quantum device error rate: 0.0591
2025-04-01 14:44:09,288 - Quantum Trading Bot - INFO - Quantum prediction for MSFT: 0.4505 (confidence: 0.7527)
2025-04-01 14:44:09,288 - Quantum Trading Bot - INFO - Trading signal for MSFT: 0.4505 (source: quantum)
2025-04-01 14:44:09,288 - Quantum Trading Bot - INFO - HOLD signal for MSFT (score: 0.4505, source: quantum)
2025-04-01 14:44:09,290 - Quantum Trading Bot - INFO - Processing NVDA
2025-04-01 14:44:09,290 - Quantum Trading Bot - INFO - Mock halal compliance check for NVDA: COMPLIANT
2025-04-01 14:44:09,297 - Quantum Trading Bot - INFO - Quantum device error rate: 0.0417
2025-04-01 14:44:09,299 - Quantum Trading Bot - INFO - Quantum prediction for NVDA: 0.5410 (confidence: 0.7666)
2025-04-01 14:44:09,299 - Quantum Trading Bot - INFO - Trading signal for NVDA: 0.5410 (source: quantum)
2025-04-01 14:44:09,299 - Quantum Trading Bot - INFO - HOLD signal for NVDA (score: 0.5410, source: quantum)
2025-04-01 14:44:09,305 - Quantum Trading Bot - INFO - Performance metrics saved: 40/72 winning trades
2025-04-01 14:44:09,305 - Quantum Trading Bot - INFO - Quantum prediction accuracy: 0.00
2025-04-01 14:44:09,305 - Quantum Trading Bot - INFO - Sleeping for 60 seconds
2025-04-01 14:45:05,492 - Trading System - INFO - Trading Bot is alive: True
2025-04-01 14:45:05,493 - Trading System - INFO - Monitor Bot is alive: True
2025-04-01 14:45:05,493 - Trading System - INFO - Improvement Bot is alive: True
2025-04-01 14:45:09,310 - Quantum Trading Bot - INFO - Starting trading cycle
2025-04-01 14:45:09,310 - Quantum Trading Bot - INFO - Processing AAPL
2025-04-01 14:45:09,310 - Quantum Trading Bot - INFO - Mock halal compliance check for AAPL: COMPLIANT
2025-04-01 14:45:09,324 - Quantum Trading Bot - INFO - Quantum device error rate: 0.0291
2025-04-01 14:45:09,327 - Quantum Trading Bot - INFO - Quantum prediction for AAPL: 0.5520 (confidence: 0.7767)
2025-04-01 14:45:09,327 - Quantum Trading Bot - INFO - Trading signal for AAPL: 0.5520 (source: quantum)
2025-04-01 14:45:09,327 - Quantum Trading Bot - INFO - HOLD signal for AAPL (score: 0.5520, source: quantum)
2025-04-01 14:45:09,329 - Quantum Trading Bot - INFO - Processing MSFT
2025-04-01 14:45:09,329 - Quantum Trading Bot - INFO - Mock halal compliance check for MSFT: COMPLIANT
2025-04-01 14:45:09,336 - Quantum Trading Bot - INFO - Quantum device error rate: 0.0336
2025-04-01 14:45:09,339 - Quantum Trading Bot - INFO - Quantum prediction for MSFT: 0.0980 (confidence: 0.9664)
2025-04-01 14:45:09,339 - Quantum Trading Bot - INFO - Trading signal for MSFT: 0.0980 (source: quantum)
2025-04-01 14:45:09,339 - Quantum Trading Bot - INFO - SELL signal for MSFT (score: 0.0980, source: quantum)
2025-04-01 14:45:09,340 - Quantum Trading Bot - WARNING - Cannot sell MSFT - no position
2025-04-01 14:45:09,342 - Quantum Trading Bot - INFO - Processing NVDA
2025-04-01 14:45:09,342 - Quantum Trading Bot - INFO - Mock halal compliance check for NVDA: COMPLIANT
2025-04-01 14:45:09,349 - Quantum Trading Bot - INFO - Quantum device error rate: 0.0339
2025-04-01 14:45:09,352 - Quantum Trading Bot - INFO - Quantum prediction for NVDA: 0.1370 (confidence: 0.9661)
2025-04-01 14:45:09,352 - Quantum Trading Bot - INFO - Trading signal for NVDA: 0.1370 (source: quantum)
2025-04-01 14:45:09,352 - Quantum Trading Bot - INFO - SELL signal for NVDA (score: 0.1370, source: quantum)
2025-04-01 14:45:09,352 - Quantum Trading Bot - WARNING - Cannot sell NVDA - no position
2025-04-01 14:45:09,357 - Quantum Trading Bot - INFO - Performance metrics saved: 40/72 winning trades
2025-04-01 14:45:09,357 - Quantum Trading Bot - INFO - Quantum prediction accuracy: 0.00
2025-04-01 14:45:09,357 - Quantum Trading Bot - INFO - Sleeping for 60 seconds
2025-04-01 14:46:05,497 - Trading System - INFO - Trading Bot is alive: True
2025-04-01 14:46:05,497 - Trading System - INFO - Monitor Bot is alive: True
2025-04-01 14:46:05,498 - Trading System - INFO - Improvement Bot is alive: True
2025-04-01 14:46:09,362 - Quantum Trading Bot - INFO - Starting trading cycle
2025-04-01 14:46:09,362 - Quantum Trading Bot - INFO - Processing AAPL
2025-04-01 14:46:09,362 - Quantum Trading Bot - INFO - Mock halal compliance check for AAPL: COMPLIANT
2025-04-01 14:46:09,377 - Quantum Trading Bot - INFO - Quantum device error rate: 0.0246
2025-04-01 14:46:09,379 - Quantum Trading Bot - INFO - Quantum prediction for AAPL: 0.6360 (confidence: 0.9754)
2025-04-01 14:46:09,379 - Quantum Trading Bot - INFO - Trading signal for AAPL: 0.6360 (source: quantum)
2025-04-01 14:46:09,379 - Quantum Trading Bot - INFO - HOLD signal for AAPL (score: 0.6360, source: quantum)
2025-04-01 14:46:09,381 - Quantum Trading Bot - INFO - Processing MSFT
2025-04-01 14:46:09,381 - Quantum Trading Bot - INFO - Mock halal compliance check for MSFT: COMPLIANT
2025-04-01 14:46:09,388 - Quantum Trading Bot - INFO - Quantum device error rate: 0.0390
2025-04-01 14:46:09,390 - Quantum Trading Bot - INFO - Quantum prediction for MSFT: 0.1850 (confidence: 0.9610)
2025-04-01 14:46:09,390 - Quantum Trading Bot - INFO - Trading signal for MSFT: 0.1850 (source: quantum)
2025-04-01 14:46:09,391 - Quantum Trading Bot - INFO - SELL signal for MSFT (score: 0.1850, source: quantum)
2025-04-01 14:46:09,391 - Quantum Trading Bot - WARNING - Cannot sell MSFT - no position
2025-04-01 14:46:09,392 - Quantum Trading Bot - INFO - Processing NVDA
2025-04-01 14:46:09,392 - Quantum Trading Bot - INFO - Mock halal compliance check for NVDA: COMPLIANT
2025-04-01 14:46:09,399 - Quantum Trading Bot - INFO - Quantum device error rate: 0.0396
2025-04-01 14:46:09,402 - Quantum Trading Bot - INFO - Quantum prediction for NVDA: 0.0680 (confidence: 0.9604)
2025-04-01 14:46:09,402 - Quantum Trading Bot - INFO - Trading signal for NVDA: 0.0680 (source: quantum)
2025-04-01 14:46:09,402 - Quantum Trading Bot - INFO - SELL signal for NVDA (score: 0.0680, source: quantum)
2025-04-01 14:46:09,403 - Quantum Trading Bot - WARNING - Cannot sell NVDA - no position
2025-04-01 14:46:09,407 - Quantum Trading Bot - INFO - Performance metrics saved: 40/72 winning trades
2025-04-01 14:46:09,407 - Quantum Trading Bot - INFO - Quantum prediction accuracy: 0.00
2025-04-01 14:46:09,407 - Quantum Trading Bot - INFO - Sleeping for 60 seconds
2025-04-01 14:47:05,503 - Trading System - INFO - Trading Bot is alive: True
2025-04-01 14:47:05,503 - Trading System - INFO - Monitor Bot is alive: True
2025-04-01 14:47:05,503 - Trading System - INFO - Improvement Bot is alive: True
2025-04-01 14:47:09,412 - Quantum Trading Bot - INFO - Starting trading cycle
2025-04-01 14:47:09,413 - Quantum Trading Bot - INFO - Processing AAPL
2025-04-01 14:47:09,413 - Quantum Trading Bot - INFO - Mock halal compliance check for AAPL: COMPLIANT
2025-04-01 14:47:09,424 - Quantum Trading Bot - INFO - Quantum device error rate: 0.0549
2025-04-01 14:47:09,432 - Quantum Trading Bot - INFO - Quantum prediction for AAPL: 0.4469 (confidence: 0.7561)
2025-04-01 14:47:09,432 - Quantum Trading Bot - INFO - Trading signal for AAPL: 0.4469 (source: quantum)
2025-04-01 14:47:09,432 - Quantum Trading Bot - INFO - HOLD signal for AAPL (score: 0.4469, source: quantum)
2025-04-01 14:47:09,435 - Quantum Trading Bot - INFO - Processing MSFT
2025-04-01 14:47:09,435 - Quantum Trading Bot - INFO - Mock halal compliance check for MSFT: COMPLIANT
2025-04-01 14:47:09,443 - Quantum Trading Bot - INFO - Quantum device error rate: 0.0246
2025-04-01 14:47:09,450 - Quantum Trading Bot - INFO - Quantum prediction for MSFT: 0.3890 (confidence: 0.9754)
2025-04-01 14:47:09,451 - Quantum Trading Bot - INFO - Trading signal for MSFT: 0.3890 (source: quantum)
2025-04-01 14:47:09,451 - Quantum Trading Bot - INFO - HOLD signal for MSFT (score: 0.3890, source: quantum)
2025-04-01 14:47:09,452 - Quantum Trading Bot - INFO - Processing NVDA
2025-04-01 14:47:09,452 - Quantum Trading Bot - INFO - Mock halal compliance check for NVDA: COMPLIANT
2025-04-01 14:47:09,460 - Quantum Trading Bot - INFO - Quantum device error rate: 0.0312
2025-04-01 14:47:09,463 - Quantum Trading Bot - INFO - Quantum prediction for NVDA: 0.6270 (confidence: 0.9688)
2025-04-01 14:47:09,463 - Quantum Trading Bot - INFO - Trading signal for NVDA: 0.6270 (source: quantum)
2025-04-01 14:47:09,463 - Quantum Trading Bot - INFO - HOLD signal for NVDA (score: 0.6270, source: quantum)
2025-04-01 14:47:09,468 - Quantum Trading Bot - INFO - Performance metrics saved: 40/72 winning trades
2025-04-01 14:47:09,468 - Quantum Trading Bot - INFO - Quantum prediction accuracy: 0.00
2025-04-01 14:47:09,468 - Quantum Trading Bot - INFO - Sleeping for 60 seconds
2025-04-01 14:48:05,509 - Trading System - INFO - Trading Bot is alive: True
2025-04-01 14:48:05,510 - Trading System - INFO - Monitor Bot is alive: True
2025-04-01 14:48:05,510 - Trading System - INFO - Improvement Bot is alive: True
2025-04-01 14:48:09,473 - Quantum Trading Bot - INFO - Starting trading cycle
2025-04-01 14:48:09,473 - Quantum Trading Bot - INFO - Processing AAPL
2025-04-01 14:48:09,473 - Quantum Trading Bot - INFO - Mock halal compliance check for AAPL: COMPLIANT
2025-04-01 14:48:09,487 - Quantum Trading Bot - INFO - Quantum device error rate: 0.0375
2025-04-01 14:48:09,490 - Quantum Trading Bot - INFO - Quantum prediction for AAPL: 0.4150 (confidence: 0.7700)
2025-04-01 14:48:09,490 - Quantum Trading Bot - INFO - Trading signal for AAPL: 0.4150 (source: quantum)
2025-04-01 14:48:09,490 - Quantum Trading Bot - INFO - HOLD signal for AAPL (score: 0.4150, source: quantum)
2025-04-01 14:48:09,491 - Quantum Trading Bot - INFO - Processing MSFT
2025-04-01 14:48:09,491 - Quantum Trading Bot - INFO - Mock halal compliance check for MSFT: COMPLIANT
2025-04-01 14:48:09,499 - Quantum Trading Bot - INFO - Quantum device error rate: 0.0321
2025-04-01 14:48:09,501 - Quantum Trading Bot - INFO - Quantum prediction for MSFT: 0.2270 (confidence: 0.9679)
2025-04-01 14:48:09,501 - Quantum Trading Bot - INFO - Trading signal for MSFT: 0.2270 (source: quantum)
2025-04-01 14:48:09,501 - Quantum Trading Bot - INFO - SELL signal for MSFT (score: 0.2270, source: quantum)
2025-04-01 14:48:09,502 - Quantum Trading Bot - WARNING - Cannot sell MSFT - no position
2025-04-01 14:48:09,503 - Quantum Trading Bot - INFO - Processing NVDA
2025-04-01 14:48:09,503 - Quantum Trading Bot - INFO - Mock halal compliance check for NVDA: COMPLIANT
2025-04-01 14:48:09,511 - Quantum Trading Bot - INFO - Quantum device error rate: 0.0186
2025-04-01 14:48:09,513 - Quantum Trading Bot - INFO - Quantum prediction for NVDA: 0.3560 (confidence: 0.9814)
2025-04-01 14:48:09,513 - Quantum Trading Bot - INFO - Trading signal for NVDA: 0.3560 (source: quantum)
2025-04-01 14:48:09,513 - Quantum Trading Bot - INFO - HOLD signal for NVDA (score: 0.3560, source: quantum)
2025-04-01 14:48:09,518 - Quantum Trading Bot - INFO - Performance metrics saved: 40/72 winning trades
2025-04-01 14:48:09,518 - Quantum Trading Bot - INFO - Quantum prediction accuracy: 0.00
2025-04-01 14:48:09,518 - Quantum Trading Bot - INFO - Sleeping for 60 seconds
2025-04-01 14:49:05,515 - Trading System - INFO - Trading Bot is alive: True
2025-04-01 14:49:05,517 - Trading System - INFO - Monitor Bot is alive: True
2025-04-01 14:49:05,517 - Trading System - INFO - Improvement Bot is alive: True
2025-04-01 14:49:09,523 - Quantum Trading Bot - INFO - Starting trading cycle
2025-04-01 14:49:09,524 - Quantum Trading Bot - INFO - Processing AAPL
2025-04-01 14:49:09,524 - Quantum Trading Bot - INFO - Mock halal compliance check for AAPL: COMPLIANT
2025-04-01 14:49:09,552 - Quantum Trading Bot - INFO - Quantum device error rate: 0.0288
2025-04-01 14:49:09,557 - Quantum Trading Bot - INFO - Quantum prediction for AAPL: 0.7690 (confidence: 0.9712)
2025-04-01 14:49:09,557 - Quantum Trading Bot - INFO - Trading signal for AAPL: 0.7690 (source: quantum)
2025-04-01 14:49:09,557 - Quantum Trading Bot - INFO - HOLD signal for AAPL (score: 0.7690, source: quantum)
2025-04-01 14:49:09,559 - Quantum Trading Bot - INFO - Processing MSFT
2025-04-01 14:49:09,559 - Quantum Trading Bot - INFO - Mock halal compliance check for MSFT: COMPLIANT
2025-04-01 14:49:09,570 - Quantum Trading Bot - INFO - Quantum device error rate: 0.0342
2025-04-01 14:49:09,573 - Quantum Trading Bot - INFO - Quantum prediction for MSFT: 0.3520 (confidence: 0.9658)
2025-04-01 14:49:09,573 - Quantum Trading Bot - INFO - Trading signal for MSFT: 0.3520 (source: quantum)
2025-04-01 14:49:09,573 - Quantum Trading Bot - INFO - HOLD signal for MSFT (score: 0.3520, source: quantum)
2025-04-01 14:49:09,575 - Quantum Trading Bot - INFO - Processing NVDA
2025-04-01 14:49:09,575 - Quantum Trading Bot - INFO - Mock halal compliance check for NVDA: COMPLIANT
2025-04-01 14:49:09,583 - Quantum Trading Bot - INFO - Quantum device error rate: 0.0363
2025-04-01 14:49:09,586 - Quantum Trading Bot - INFO - Quantum prediction for NVDA: 0.7830 (confidence: 0.9637)
2025-04-01 14:49:09,586 - Quantum Trading Bot - INFO - Trading signal for NVDA: 0.7830 (source: quantum)
2025-04-01 14:49:09,586 - Quantum Trading Bot - INFO - HOLD signal for NVDA (score: 0.7830, source: quantum)
2025-04-01 14:49:09,591 - Quantum Trading Bot - INFO - Performance metrics saved: 40/72 winning trades
2025-04-01 14:49:09,591 - Quantum Trading Bot - INFO - Quantum prediction accuracy: 0.00
2025-04-01 14:49:09,591 - Quantum Trading Bot - INFO - Sleeping for 60 seconds
2025-04-01 14:50:05,522 - Trading System - INFO - Trading Bot is alive: True
2025-04-01 14:50:05,523 - Trading System - INFO - Monitor Bot is alive: True
2025-04-01 14:50:05,523 - Trading System - INFO - Improvement Bot is alive: True
2025-04-01 14:50:09,596 - Quantum Trading Bot - INFO - Starting trading cycle
2025-04-01 14:50:09,597 - Quantum Trading Bot - INFO - Processing AAPL
2025-04-01 14:50:09,597 - Quantum Trading Bot - INFO - Mock halal compliance check for AAPL: COMPLIANT
2025-04-01 14:50:09,621 - Quantum Trading Bot - INFO - Quantum device error rate: 0.0378
2025-04-01 14:50:09,625 - Quantum Trading Bot - INFO - Quantum prediction for AAPL: 0.3370 (confidence: 0.9622)
2025-04-01 14:50:09,625 - Quantum Trading Bot - INFO - Trading signal for AAPL: 0.3370 (source: quantum)
2025-04-01 14:50:09,625 - Quantum Trading Bot - INFO - HOLD signal for AAPL (score: 0.3370, source: quantum)
2025-04-01 14:50:09,627 - Quantum Trading Bot - INFO - Processing MSFT
2025-04-01 14:50:09,627 - Quantum Trading Bot - INFO - Mock halal compliance check for MSFT: COMPLIANT
2025-04-01 14:50:09,638 - Quantum Trading Bot - INFO - Quantum device error rate: 0.0300
2025-04-01 14:50:09,642 - Quantum Trading Bot - INFO - Quantum prediction for MSFT: 0.7630 (confidence: 0.9700)
2025-04-01 14:50:09,642 - Quantum Trading Bot - INFO - Trading signal for MSFT: 0.7630 (source: quantum)
2025-04-01 14:50:09,642 - Quantum Trading Bot - INFO - HOLD signal for MSFT (score: 0.7630, source: quantum)
2025-04-01 14:50:09,643 - Quantum Trading Bot - INFO - Processing NVDA
2025-04-01 14:50:09,643 - Quantum Trading Bot - INFO - Mock halal compliance check for NVDA: COMPLIANT
2025-04-01 14:50:09,652 - Quantum Trading Bot - INFO - Quantum device error rate: 0.0324
2025-04-01 14:50:09,654 - Quantum Trading Bot - INFO - Quantum prediction for NVDA: 0.7350 (confidence: 0.9676)
2025-04-01 14:50:09,654 - Quantum Trading Bot - INFO - Trading signal for NVDA: 0.7350 (source: quantum)
2025-04-01 14:50:09,654 - Quantum Trading Bot - INFO - HOLD signal for NVDA (score: 0.7350, source: quantum)
2025-04-01 14:50:09,660 - Quantum Trading Bot - INFO - Performance metrics saved: 40/72 winning trades
2025-04-01 14:50:09,660 - Quantum Trading Bot - INFO - Quantum prediction accuracy: 0.00
2025-04-01 14:50:09,660 - Quantum Trading Bot - INFO - Sleeping for 60 seconds
2025-04-01 14:51:05,524 - Trading System - INFO - Trading Bot is alive: True
2025-04-01 14:51:05,524 - Trading System - INFO - Monitor Bot is alive: True
2025-04-01 14:51:05,524 - Trading System - INFO - Improvement Bot is alive: True
2025-04-01 14:51:09,664 - Quantum Trading Bot - INFO - Starting trading cycle
2025-04-01 14:51:09,664 - Quantum Trading Bot - INFO - Processing AAPL
2025-04-01 14:51:09,664 - Quantum Trading Bot - INFO - Mock halal compliance check for AAPL: COMPLIANT
2025-04-01 14:51:09,689 - Quantum Trading Bot - INFO - Quantum device error rate: 0.0471
2025-04-01 14:51:09,693 - Quantum Trading Bot - INFO - Quantum prediction for AAPL: 0.4540 (confidence: 0.7623)
2025-04-01 14:51:09,693 - Quantum Trading Bot - INFO - Trading signal for AAPL: 0.4540 (source: quantum)
2025-04-01 14:51:09,693 - Quantum Trading Bot - INFO - HOLD signal for AAPL (score: 0.4540, source: quantum)
2025-04-01 14:51:09,695 - Quantum Trading Bot - INFO - Processing MSFT
2025-04-01 14:51:09,695 - Quantum Trading Bot - INFO - Mock halal compliance check for MSFT: COMPLIANT
2025-04-01 14:51:09,707 - Quantum Trading Bot - INFO - Quantum device error rate: 0.0372
2025-04-01 14:51:09,710 - Quantum Trading Bot - INFO - Quantum prediction for MSFT: 0.2760 (confidence: 0.9628)
2025-04-01 14:51:09,710 - Quantum Trading Bot - INFO - Trading signal for MSFT: 0.2760 (source: quantum)
2025-04-01 14:51:09,710 - Quantum Trading Bot - INFO - SELL signal for MSFT (score: 0.2760, source: quantum)
2025-04-01 14:51:09,711 - Quantum Trading Bot - WARNING - Cannot sell MSFT - no position
2025-04-01 14:51:09,713 - Quantum Trading Bot - INFO - Processing NVDA
2025-04-01 14:51:09,713 - Quantum Trading Bot - INFO - Mock halal compliance check for NVDA: COMPLIANT
2025-04-01 14:51:09,722 - Quantum Trading Bot - INFO - Quantum device error rate: 0.0312
2025-04-01 14:51:09,725 - Quantum Trading Bot - INFO - Quantum prediction for NVDA: 0.5030 (confidence: 0.7750)
2025-04-01 14:51:09,725 - Quantum Trading Bot - INFO - Trading signal for NVDA: 0.5030 (source: quantum)
2025-04-01 14:51:09,725 - Quantum Trading Bot - INFO - HOLD signal for NVDA (score: 0.5030, source: quantum)
2025-04-01 14:51:09,730 - Quantum Trading Bot - INFO - Performance metrics saved: 40/72 winning trades
2025-04-01 14:51:09,730 - Quantum Trading Bot - INFO - Quantum prediction accuracy: 0.00
2025-04-01 14:51:09,731 - Quantum Trading Bot - ERROR - Error updating quantum model: name 'update_quantum_model' is not defined
2025-04-01 14:51:09,742 - Quantum Trading Bot - INFO - Quantum device error rate: 0.0435
2025-04-01 14:51:09,743 - Quantum Trading Bot - ERROR - Error in portfolio optimization: name 'quantum_portfolio_optimization' is not defined
2025-04-01 14:51:09,743 - Quantum Trading Bot - INFO - Sleeping for 60 seconds
2025-04-01 14:52:05,526 - Trading System - INFO - Trading Bot is alive: True
2025-04-01 14:52:05,526 - Trading System - INFO - Monitor Bot is alive: True
2025-04-01 14:52:05,527 - Trading System - INFO - Improvement Bot is alive: True
2025-04-01 14:52:09,748 - Quantum Trading Bot - INFO - Starting trading cycle
2025-04-01 14:52:09,749 - Quantum Trading Bot - INFO - Processing AAPL
2025-04-01 14:52:09,749 - Quantum Trading Bot - INFO - Mock halal compliance check for AAPL: COMPLIANT
2025-04-01 14:52:09,778 - Quantum Trading Bot - INFO - Quantum device error rate: 0.0342
2025-04-01 14:52:09,783 - Quantum Trading Bot - INFO - Quantum prediction for AAPL: 0.6960 (confidence: 0.9658)
2025-04-01 14:52:09,783 - Quantum Trading Bot - INFO - Trading signal for AAPL: 0.6960 (source: quantum)
2025-04-01 14:52:09,784 - Quantum Trading Bot - INFO - HOLD signal for AAPL (score: 0.6960, source: quantum)
2025-04-01 14:52:09,786 - Quantum Trading Bot - INFO - Processing MSFT
2025-04-01 14:52:09,786 - Quantum Trading Bot - INFO - Mock halal compliance check for MSFT: COMPLIANT
2025-04-01 14:52:09,796 - Quantum Trading Bot - INFO - Quantum device error rate: 0.0231
2025-04-01 14:52:09,799 - Quantum Trading Bot - INFO - Quantum prediction for MSFT: 0.7200 (confidence: 0.9769)
2025-04-01 14:52:09,799 - Quantum Trading Bot - INFO - Trading signal for MSFT: 0.7200 (source: quantum)
2025-04-01 14:52:09,800 - Quantum Trading Bot - INFO - HOLD signal for MSFT (score: 0.7200, source: quantum)
2025-04-01 14:52:09,801 - Quantum Trading Bot - INFO - Processing NVDA
2025-04-01 14:52:09,801 - Quantum Trading Bot - INFO - Mock halal compliance check for NVDA: COMPLIANT
2025-04-01 14:52:09,810 - Quantum Trading Bot - INFO - Quantum device error rate: 0.0531
2025-04-01 14:52:09,818 - Quantum Trading Bot - INFO - Quantum prediction for NVDA: 0.0678 (confidence: 0.9469)
2025-04-01 14:52:09,818 - Quantum Trading Bot - INFO - Trading signal for NVDA: 0.0678 (source: quantum)
2025-04-01 14:52:09,818 - Quantum Trading Bot - INFO - SELL signal for NVDA (score: 0.0678, source: quantum)
2025-04-01 14:52:09,818 - Quantum Trading Bot - WARNING - Cannot sell NVDA - no position
2025-04-01 14:52:09,824 - Quantum Trading Bot - INFO - Performance metrics saved: 40/72 winning trades
2025-04-01 14:52:09,824 - Quantum Trading Bot - INFO - Quantum prediction accuracy: 0.00
2025-04-01 14:52:09,824 - Quantum Trading Bot - INFO - Sleeping for 60 seconds
2025-04-01 14:53:05,532 - Trading System - INFO - Trading Bot is alive: True
2025-04-01 14:53:05,532 - Trading System - INFO - Monitor Bot is alive: True
2025-04-01 14:53:05,532 - Trading System - INFO - Improvement Bot is alive: True
2025-04-01 14:53:09,829 - Quantum Trading Bot - INFO - Starting trading cycle
2025-04-01 14:53:09,829 - Quantum Trading Bot - INFO - Processing AAPL
2025-04-01 14:53:09,829 - Quantum Trading Bot - INFO - Mock halal compliance check for AAPL: COMPLIANT
2025-04-01 14:53:09,855 - Quantum Trading Bot - INFO - Quantum device error rate: 0.0315
2025-04-01 14:53:09,860 - Quantum Trading Bot - INFO - Quantum prediction for AAPL: 0.2320 (confidence: 0.9685)
2025-04-01 14:53:09,860 - Quantum Trading Bot - INFO - Trading signal for AAPL: 0.2320 (source: quantum)
2025-04-01 14:53:09,860 - Quantum Trading Bot - INFO - SELL signal for AAPL (score: 0.2320, source: quantum)
2025-04-01 14:53:09,861 - Quantum Trading Bot - WARNING - Cannot sell AAPL - no position
2025-04-01 14:53:09,863 - Quantum Trading Bot - INFO - Processing MSFT
2025-04-01 14:53:09,863 - Quantum Trading Bot - INFO - Mock halal compliance check for MSFT: COMPLIANT
2025-04-01 14:53:09,876 - Quantum Trading Bot - INFO - Quantum device error rate: 0.0267
2025-04-01 14:53:09,881 - Quantum Trading Bot - INFO - Quantum prediction for MSFT: 0.4450 (confidence: 0.7786)
2025-04-01 14:53:09,881 - Quantum Trading Bot - INFO - Trading signal for MSFT: 0.4450 (source: quantum)
2025-04-01 14:53:09,881 - Quantum Trading Bot - INFO - HOLD signal for MSFT (score: 0.4450, source: quantum)
2025-04-01 14:53:09,882 - Quantum Trading Bot - INFO - Processing NVDA
2025-04-01 14:53:09,882 - Quantum Trading Bot - INFO - Mock halal compliance check for NVDA: COMPLIANT
2025-04-01 14:53:09,892 - Quantum Trading Bot - INFO - Quantum device error rate: 0.0351
2025-04-01 14:53:09,894 - Quantum Trading Bot - INFO - Quantum prediction for NVDA: 0.5090 (confidence: 0.7719)
2025-04-01 14:53:09,894 - Quantum Trading Bot - INFO - Trading signal for NVDA: 0.5090 (source: quantum)
2025-04-01 14:53:09,894 - Quantum Trading Bot - INFO - HOLD signal for NVDA (score: 0.5090, source: quantum)
2025-04-01 14:53:09,900 - Quantum Trading Bot - INFO - Performance metrics saved: 40/72 winning trades
2025-04-01 14:53:09,900 - Quantum Trading Bot - INFO - Quantum prediction accuracy: 0.00
2025-04-01 14:53:09,900 - Quantum Trading Bot - INFO - Sleeping for 60 seconds
2025-04-01 14:53:43,008 - Trading System - INFO - Main process interrupted, shutting down...
2025-04-01 14:53:43,008 - Trading System - INFO - Trading system shutdown complete
2025-04-01 14:54:05,536 - Trading System - INFO - Trading Bot is alive: True
2025-04-01 14:54:05,536 - Trading System - INFO - Monitor Bot is alive: True
2025-04-01 14:54:05,536 - Trading System - INFO - Improvement Bot is alive: True
2025-04-01 14:54:09,905 - Quantum Trading Bot - INFO - Starting trading cycle
2025-04-01 14:54:09,905 - Quantum Trading Bot - INFO - Processing AAPL
2025-04-01 14:54:09,906 - Quantum Trading Bot - INFO - Mock halal compliance check for AAPL: COMPLIANT
2025-04-01 14:54:09,927 - Quantum Trading Bot - INFO - Quantum device error rate: 0.0327
2025-04-01 14:54:09,931 - Quantum Trading Bot - INFO - Quantum prediction for AAPL: 0.3630 (confidence: 0.9673)
2025-04-01 14:54:09,932 - Quantum Trading Bot - INFO - Trading signal for AAPL: 0.3630 (source: quantum)
2025-04-01 14:54:09,932 - Quantum Trading Bot - INFO - HOLD signal for AAPL (score: 0.3630, source: quantum)
2025-04-01 14:54:09,934 - Quantum Trading Bot - INFO - Processing MSFT
2025-04-01 14:54:09,934 - Quantum Trading Bot - INFO - Mock halal compliance check for MSFT: COMPLIANT
2025-04-01 14:54:09,944 - Quantum Trading Bot - INFO - Quantum device error rate: 0.0366
2025-04-01 14:54:09,947 - Quantum Trading Bot - INFO - Quantum prediction for MSFT: 0.3060 (confidence: 0.9634)
2025-04-01 14:54:09,947 - Quantum Trading Bot - INFO - Trading signal for MSFT: 0.3060 (source: quantum)
2025-04-01 14:54:09,947 - Quantum Trading Bot - INFO - HOLD signal for MSFT (score: 0.3060, source: quantum)
2025-04-01 14:54:09,949 - Quantum Trading Bot - INFO - Processing NVDA
2025-04-01 14:54:09,949 - Quantum Trading Bot - INFO - Mock halal compliance check for NVDA: COMPLIANT
2025-04-01 14:54:09,957 - Quantum Trading Bot - INFO - Quantum device error rate: 0.0303
2025-04-01 14:54:09,960 - Quantum Trading Bot - INFO - Quantum prediction for NVDA: 0.0990 (confidence: 0.9697)
2025-04-01 14:54:09,960 - Quantum Trading Bot - INFO - Trading signal for NVDA: 0.0990 (source: quantum)
2025-04-01 14:54:09,960 - Quantum Trading Bot - INFO - SELL signal for NVDA (score: 0.0990, source: quantum)
2025-04-01 14:54:09,961 - Quantum Trading Bot - WARNING - Cannot sell NVDA - no position
2025-04-01 14:54:09,966 - Quantum Trading Bot - INFO - Performance metrics saved: 40/72 winning trades
2025-04-01 14:54:09,966 - Quantum Trading Bot - INFO - Quantum prediction accuracy: 0.00
2025-04-01 14:54:09,966 - Quantum Trading Bot - INFO - Sleeping for 60 seconds
2025-04-01 14:55:05,540 - Trading System - INFO - Trading Bot is alive: True
2025-04-01 14:55:05,541 - Trading System - INFO - Monitor Bot is alive: True
2025-04-01 14:55:05,541 - Trading System - INFO - Improvement Bot is alive: True
2025-04-01 14:55:09,971 - Quantum Trading Bot - INFO - Starting trading cycle
2025-04-01 14:55:09,972 - Quantum Trading Bot - INFO - Processing AAPL
2025-04-01 14:55:09,972 - Quantum Trading Bot - INFO - Mock halal compliance check for AAPL: COMPLIANT
2025-04-01 14:55:09,991 - Quantum Trading Bot - INFO - Quantum device error rate: 0.0375
2025-04-01 14:55:09,995 - Quantum Trading Bot - INFO - Quantum prediction for AAPL: 0.2490 (confidence: 0.9625)
2025-04-01 14:55:09,995 - Quantum Trading Bot - INFO - Trading signal for AAPL: 0.2490 (source: quantum)
2025-04-01 14:55:09,995 - Quantum Trading Bot - INFO - SELL signal for AAPL (score: 0.2490, source: quantum)
2025-04-01 14:55:09,996 - Quantum Trading Bot - WARNING - Cannot sell AAPL - no position
2025-04-01 14:55:09,998 - Quantum Trading Bot - INFO - Processing MSFT
2025-04-01 14:55:09,998 - Quantum Trading Bot - INFO - Mock halal compliance check for MSFT: COMPLIANT
2025-04-01 14:55:10,008 - Quantum Trading Bot - INFO - Quantum device error rate: 0.0273
2025-04-01 14:55:10,011 - Quantum Trading Bot - INFO - Quantum prediction for MSFT: 0.3800 (confidence: 0.9727)
2025-04-01 14:55:10,011 - Quantum Trading Bot - INFO - Trading signal for MSFT: 0.3800 (source: quantum)
2025-04-01 14:55:10,011 - Quantum Trading Bot - INFO - HOLD signal for MSFT (score: 0.3800, source: quantum)
2025-04-01 14:55:10,013 - Quantum Trading Bot - INFO - Processing NVDA
2025-04-01 14:55:10,013 - Quantum Trading Bot - INFO - Mock halal compliance check for NVDA: COMPLIANT
2025-04-01 14:55:10,021 - Quantum Trading Bot - INFO - Quantum device error rate: 0.0375
2025-04-01 14:55:10,024 - Quantum Trading Bot - INFO - Quantum prediction for NVDA: 0.5340 (confidence: 0.7700)
2025-04-01 14:55:10,024 - Quantum Trading Bot - INFO - Trading signal for NVDA: 0.5340 (source: quantum)
2025-04-01 14:55:10,024 - Quantum Trading Bot - INFO - HOLD signal for NVDA (score: 0.5340, source: quantum)
2025-04-01 14:55:10,030 - Quantum Trading Bot - INFO - Performance metrics saved: 40/72 winning trades
2025-04-01 14:55:10,030 - Quantum Trading Bot - INFO - Quantum prediction accuracy: 0.00
2025-04-01 14:55:10,030 - Quantum Trading Bot - INFO - Sleeping for 60 seconds
2025-04-01 14:56:05,545 - Trading System - INFO - Trading Bot is alive: True
2025-04-01 14:56:05,545 - Trading System - INFO - Monitor Bot is alive: True
2025-04-01 14:56:05,545 - Trading System - INFO - Improvement Bot is alive: True
2025-04-01 14:56:10,035 - Quantum Trading Bot - INFO - Starting trading cycle
2025-04-01 14:56:10,035 - Quantum Trading Bot - INFO - Processing AAPL
2025-04-01 14:56:10,035 - Quantum Trading Bot - INFO - Mock halal compliance check for AAPL: COMPLIANT
2025-04-01 14:56:10,061 - Quantum Trading Bot - INFO - Quantum device error rate: 0.0324
2025-04-01 14:56:10,066 - Quantum Trading Bot - INFO - Quantum prediction for AAPL: 0.4130 (confidence: 0.7741)
2025-04-01 14:56:10,066 - Quantum Trading Bot - INFO - Trading signal for AAPL: 0.4130 (source: quantum)
2025-04-01 14:56:10,066 - Quantum Trading Bot - INFO - HOLD signal for AAPL (score: 0.4130, source: quantum)
2025-04-01 14:56:10,068 - Quantum Trading Bot - INFO - Processing MSFT
2025-04-01 14:56:10,068 - Quantum Trading Bot - INFO - Mock halal compliance check for MSFT: COMPLIANT
2025-04-01 14:56:10,079 - Quantum Trading Bot - INFO - Quantum device error rate: 0.0345
2025-04-01 14:56:10,082 - Quantum Trading Bot - INFO - Quantum prediction for MSFT: 0.6390 (confidence: 0.9655)
2025-04-01 14:56:10,082 - Quantum Trading Bot - INFO - Trading signal for MSFT: 0.6390 (source: quantum)
2025-04-01 14:56:10,082 - Quantum Trading Bot - INFO - HOLD signal for MSFT (score: 0.6390, source: quantum)
2025-04-01 14:56:10,084 - Quantum Trading Bot - INFO - Processing NVDA
2025-04-01 14:56:10,084 - Quantum Trading Bot - INFO - Mock halal compliance check for NVDA: COMPLIANT
2025-04-01 14:56:10,093 - Quantum Trading Bot - INFO - Quantum device error rate: 0.0405
2025-04-01 14:56:10,095 - Quantum Trading Bot - INFO - Quantum prediction for NVDA: 0.5400 (confidence: 0.7676)
2025-04-01 14:56:10,095 - Quantum Trading Bot - INFO - Trading signal for NVDA: 0.5400 (source: quantum)
2025-04-01 14:56:10,095 - Quantum Trading Bot - INFO - HOLD signal for NVDA (score: 0.5400, source: quantum)
2025-04-01 14:56:10,101 - Quantum Trading Bot - INFO - Performance metrics saved: 40/72 winning trades
2025-04-01 14:56:10,101 - Quantum Trading Bot - INFO - Quantum prediction accuracy: 0.00
2025-04-01 14:56:10,101 - Quantum Trading Bot - INFO - Sleeping for 60 seconds
2025-04-01 14:57:05,549 - Trading System - INFO - Trading Bot is alive: True
2025-04-01 14:57:05,550 - Trading System - INFO - Monitor Bot is alive: True
2025-04-01 14:57:05,550 - Trading System - INFO - Improvement Bot is alive: True
2025-04-01 14:57:10,106 - Quantum Trading Bot - INFO - Starting trading cycle
2025-04-01 14:57:10,106 - Quantum Trading Bot - INFO - Processing AAPL
2025-04-01 14:57:10,107 - Quantum Trading Bot - INFO - Mock halal compliance check for AAPL: COMPLIANT
2025-04-01 14:57:10,132 - Quantum Trading Bot - INFO - Quantum device error rate: 0.0444
2025-04-01 14:57:10,137 - Quantum Trading Bot - INFO - Quantum prediction for AAPL: 0.7600 (confidence: 0.9556)
2025-04-01 14:57:10,137 - Quantum Trading Bot - INFO - Trading signal for AAPL: 0.7600 (source: quantum)
2025-04-01 14:57:10,137 - Quantum Trading Bot - INFO - HOLD signal for AAPL (score: 0.7600, source: quantum)
2025-04-01 14:57:10,140 - Quantum Trading Bot - INFO - Processing MSFT
2025-04-01 14:57:10,140 - Quantum Trading Bot - INFO - Mock halal compliance check for MSFT: COMPLIANT
2025-04-01 14:57:10,151 - Quantum Trading Bot - INFO - Quantum device error rate: 0.0288
2025-04-01 14:57:10,154 - Quantum Trading Bot - INFO - Quantum prediction for MSFT: 0.5250 (confidence: 0.7770)
2025-04-01 14:57:10,154 - Quantum Trading Bot - INFO - Trading signal for MSFT: 0.5250 (source: quantum)
2025-04-01 14:57:10,154 - Quantum Trading Bot - INFO - HOLD signal for MSFT (score: 0.5250, source: quantum)
2025-04-01 14:57:10,156 - Quantum Trading Bot - INFO - Processing NVDA
2025-04-01 14:57:10,156 - Quantum Trading Bot - INFO - Mock halal compliance check for NVDA: COMPLIANT
2025-04-01 14:57:10,165 - Quantum Trading Bot - INFO - Quantum device error rate: 0.0366
2025-04-01 14:57:10,167 - Quantum Trading Bot - INFO - Quantum prediction for NVDA: 0.1190 (confidence: 0.9634)
2025-04-01 14:57:10,167 - Quantum Trading Bot - INFO - Trading signal for NVDA: 0.1190 (source: quantum)
2025-04-01 14:57:10,167 - Quantum Trading Bot - INFO - SELL signal for NVDA (score: 0.1190, source: quantum)
2025-04-01 14:57:10,168 - Quantum Trading Bot - WARNING - Cannot sell NVDA - no position
2025-04-01 14:57:10,174 - Quantum Trading Bot - INFO - Performance metrics saved: 40/72 winning trades
2025-04-01 14:57:10,174 - Quantum Trading Bot - INFO - Quantum prediction accuracy: 0.00
2025-04-01 14:57:10,174 - Quantum Trading Bot - INFO - Sleeping for 60 seconds
2025-04-01 14:58:05,555 - Trading System - INFO - Trading Bot is alive: True
2025-04-01 14:58:05,555 - Trading System - INFO - Monitor Bot is alive: True
2025-04-01 14:58:05,555 - Trading System - INFO - Improvement Bot is alive: True
2025-04-01 14:58:10,179 - Quantum Trading Bot - INFO - Starting trading cycle
2025-04-01 14:58:10,179 - Quantum Trading Bot - INFO - Processing AAPL
2025-04-01 14:58:10,179 - Quantum Trading Bot - INFO - Mock halal compliance check for AAPL: COMPLIANT
2025-04-01 14:58:10,205 - Quantum Trading Bot - INFO - Quantum device error rate: 0.0288
2025-04-01 14:58:10,211 - Quantum Trading Bot - INFO - Quantum prediction for AAPL: 0.3630 (confidence: 0.9712)
2025-04-01 14:58:10,211 - Quantum Trading Bot - INFO - Trading signal for AAPL: 0.3630 (source: quantum)
2025-04-01 14:58:10,211 - Quantum Trading Bot - INFO - HOLD signal for AAPL (score: 0.3630, source: quantum)
2025-04-01 14:58:10,213 - Quantum Trading Bot - INFO - Processing MSFT
2025-04-01 14:58:10,213 - Quantum Trading Bot - INFO - Mock halal compliance check for MSFT: COMPLIANT
2025-04-01 14:58:10,224 - Quantum Trading Bot - INFO - Quantum device error rate: 0.0432
2025-04-01 14:58:10,227 - Quantum Trading Bot - INFO - Quantum prediction for MSFT: 0.6070 (confidence: 0.9568)
2025-04-01 14:58:10,228 - Quantum Trading Bot - INFO - Trading signal for MSFT: 0.6070 (source: quantum)
2025-04-01 14:58:10,228 - Quantum Trading Bot - INFO - HOLD signal for MSFT (score: 0.6070, source: quantum)
2025-04-01 14:58:10,229 - Quantum Trading Bot - INFO - Processing NVDA
2025-04-01 14:58:10,229 - Quantum Trading Bot - INFO - Mock halal compliance check for NVDA: COMPLIANT
2025-04-01 14:58:10,238 - Quantum Trading Bot - INFO - Quantum device error rate: 0.0429
2025-04-01 14:58:10,241 - Quantum Trading Bot - INFO - Quantum prediction for NVDA: 0.5360 (confidence: 0.7657)
2025-04-01 14:58:10,241 - Quantum Trading Bot - INFO - Trading signal for NVDA: 0.5360 (source: quantum)
2025-04-01 14:58:10,241 - Quantum Trading Bot - INFO - HOLD signal for NVDA (score: 0.5360, source: quantum)
2025-04-01 14:58:10,246 - Quantum Trading Bot - INFO - Performance metrics saved: 40/72 winning trades
2025-04-01 14:58:10,247 - Quantum Trading Bot - INFO - Quantum prediction accuracy: 0.00
2025-04-01 14:58:10,247 - Quantum Trading Bot - INFO - Sleeping for 60 seconds
2025-04-01 14:59:05,558 - Trading System - INFO - Trading Bot is alive: True
2025-04-01 14:59:05,558 - Trading System - INFO - Monitor Bot is alive: True
2025-04-01 14:59:05,558 - Trading System - INFO - Improvement Bot is alive: True
2025-04-01 14:59:10,252 - Quantum Trading Bot - INFO - Starting trading cycle
2025-04-01 14:59:10,252 - Quantum Trading Bot - INFO - Processing AAPL
2025-04-01 14:59:10,252 - Quantum Trading Bot - INFO - Mock halal compliance check for AAPL: COMPLIANT
2025-04-01 14:59:10,277 - Quantum Trading Bot - INFO - Quantum device error rate: 0.0444
2025-04-01 14:59:10,282 - Quantum Trading Bot - INFO - Quantum prediction for AAPL: 0.1530 (confidence: 0.9556)
2025-04-01 14:59:10,282 - Quantum Trading Bot - INFO - Trading signal for AAPL: 0.1530 (source: quantum)
2025-04-01 14:59:10,282 - Quantum Trading Bot - INFO - SELL signal for AAPL (score: 0.1530, source: quantum)
2025-04-01 14:59:10,284 - Quantum Trading Bot - WARNING - Cannot sell AAPL - no position
2025-04-01 14:59:10,286 - Quantum Trading Bot - INFO - Processing MSFT
2025-04-01 14:59:10,286 - Quantum Trading Bot - INFO - Mock halal compliance check for MSFT: COMPLIANT
2025-04-01 14:59:10,297 - Quantum Trading Bot - INFO - Quantum device error rate: 0.0339
2025-04-01 14:59:10,300 - Quantum Trading Bot - INFO - Quantum prediction for MSFT: 0.7650 (confidence: 0.9661)
2025-04-01 14:59:10,300 - Quantum Trading Bot - INFO - Trading signal for MSFT: 0.7650 (source: quantum)
2025-04-01 14:59:10,300 - Quantum Trading Bot - INFO - HOLD signal for MSFT (score: 0.7650, source: quantum)
2025-04-01 14:59:10,301 - Quantum Trading Bot - INFO - Processing NVDA
2025-04-01 14:59:10,301 - Quantum Trading Bot - INFO - Mock halal compliance check for NVDA: COMPLIANT
2025-04-01 14:59:10,310 - Quantum Trading Bot - INFO - Quantum device error rate: 0.0318
2025-04-01 14:59:10,312 - Quantum Trading Bot - INFO - Quantum prediction for NVDA: 0.5930 (confidence: 0.7746)
2025-04-01 14:59:10,313 - Quantum Trading Bot - INFO - Trading signal for NVDA: 0.5930 (source: quantum)
2025-04-01 14:59:10,313 - Quantum Trading Bot - INFO - HOLD signal for NVDA (score: 0.5930, source: quantum)
2025-04-01 14:59:10,318 - Quantum Trading Bot - INFO - Performance metrics saved: 40/72 winning trades
2025-04-01 14:59:10,318 - Quantum Trading Bot - INFO - Quantum prediction accuracy: 0.00
2025-04-01 14:59:10,318 - Quantum Trading Bot - INFO - Sleeping for 60 seconds
2025-04-01 15:00:05,561 - Trading System - INFO - Trading Bot is alive: True
2025-04-01 15:00:05,562 - Trading System - INFO - Monitor Bot is alive: True
2025-04-01 15:00:05,562 - Trading System - INFO - Improvement Bot is alive: True
2025-04-01 15:00:10,323 - Quantum Trading Bot - INFO - Starting trading cycle
2025-04-01 15:00:10,324 - Quantum Trading Bot - INFO - Processing AAPL
2025-04-01 15:00:10,324 - Quantum Trading Bot - INFO - Mock halal compliance check for AAPL: COMPLIANT
2025-04-01 15:00:10,348 - Quantum Trading Bot - INFO - Quantum device error rate: 0.0519
2025-04-01 15:00:10,360 - Quantum Trading Bot - INFO - Quantum prediction for AAPL: 0.1488 (confidence: 0.9481)
2025-04-01 15:00:10,361 - Quantum Trading Bot - INFO - Trading signal for AAPL: 0.1488 (source: quantum)
2025-04-01 15:00:10,361 - Quantum Trading Bot - INFO - SELL signal for AAPL (score: 0.1488, source: quantum)
2025-04-01 15:00:10,362 - Quantum Trading Bot - WARNING - Cannot sell AAPL - no position
2025-04-01 15:00:10,363 - Quantum Trading Bot - INFO - Processing MSFT
2025-04-01 15:00:10,363 - Quantum Trading Bot - INFO - Mock halal compliance check for MSFT: COMPLIANT
2025-04-01 15:00:10,373 - Quantum Trading Bot - INFO - Quantum device error rate: 0.0273
2025-04-01 15:00:10,376 - Quantum Trading Bot - INFO - Quantum prediction for MSFT: 0.7290 (confidence: 0.9727)
2025-04-01 15:00:10,376 - Quantum Trading Bot - INFO - Trading signal for MSFT: 0.7290 (source: quantum)
2025-04-01 15:00:10,376 - Quantum Trading Bot - INFO - HOLD signal for MSFT (score: 0.7290, source: quantum)
2025-04-01 15:00:10,377 - Quantum Trading Bot - INFO - Processing NVDA
2025-04-01 15:00:10,377 - Quantum Trading Bot - INFO - Mock halal compliance check for NVDA: COMPLIANT
2025-04-01 15:00:10,385 - Quantum Trading Bot - INFO - Quantum device error rate: 0.0441
2025-04-01 15:00:10,388 - Quantum Trading Bot - INFO - Quantum prediction for NVDA: 0.7360 (confidence: 0.9559)
2025-04-01 15:00:10,388 - Quantum Trading Bot - INFO - Trading signal for NVDA: 0.7360 (source: quantum)
2025-04-01 15:00:10,388 - Quantum Trading Bot - INFO - HOLD signal for NVDA (score: 0.7360, source: quantum)
2025-04-01 15:00:10,393 - Quantum Trading Bot - INFO - Performance metrics saved: 40/72 winning trades
2025-04-01 15:00:10,393 - Quantum Trading Bot - INFO - Quantum prediction accuracy: 0.00
2025-04-01 15:00:10,393 - Quantum Trading Bot - INFO - Sleeping for 60 seconds
2025-04-01 15:01:05,570 - Trading System - INFO - Trading Bot is alive: True
2025-04-01 15:01:05,571 - Trading System - INFO - Monitor Bot is alive: True
2025-04-01 15:01:05,571 - Trading System - INFO - Improvement Bot is alive: True
2025-04-01 15:01:10,403 - Quantum Trading Bot - INFO - Starting trading cycle
2025-04-01 15:01:10,404 - Quantum Trading Bot - INFO - Processing AAPL
2025-04-01 15:01:10,404 - Quantum Trading Bot - INFO - Mock halal compliance check for AAPL: COMPLIANT
2025-04-01 15:01:10,431 - Quantum Trading Bot - INFO - Quantum device error rate: 0.0333
2025-04-01 15:01:10,436 - Quantum Trading Bot - INFO - Quantum prediction for AAPL: 0.4900 (confidence: 0.7734)
2025-04-01 15:01:10,436 - Quantum Trading Bot - INFO - Trading signal for AAPL: 0.4900 (source: quantum)
2025-04-01 15:01:10,436 - Quantum Trading Bot - INFO - HOLD signal for AAPL (score: 0.4900, source: quantum)
2025-04-01 15:01:10,439 - Quantum Trading Bot - INFO - Processing MSFT
2025-04-01 15:01:10,439 - Quantum Trading Bot - INFO - Mock halal compliance check for MSFT: COMPLIANT
2025-04-01 15:01:10,449 - Quantum Trading Bot - INFO - Quantum device error rate: 0.0381
2025-04-01 15:01:10,453 - Quantum Trading Bot - INFO - Quantum prediction for MSFT: 0.1830 (confidence: 0.9619)
2025-04-01 15:01:10,453 - Quantum Trading Bot - INFO - Trading signal for MSFT: 0.1830 (source: quantum)
2025-04-01 15:01:10,453 - Quantum Trading Bot - INFO - SELL signal for MSFT (score: 0.1830, source: quantum)
2025-04-01 15:01:10,453 - Quantum Trading Bot - WARNING - Cannot sell MSFT - no position
2025-04-01 15:01:10,455 - Quantum Trading Bot - INFO - Processing NVDA
2025-04-01 15:01:10,455 - Quantum Trading Bot - INFO - Mock halal compliance check for NVDA: COMPLIANT
2025-04-01 15:01:10,464 - Quantum Trading Bot - INFO - Quantum device error rate: 0.0345
2025-04-01 15:01:10,466 - Quantum Trading Bot - INFO - Quantum prediction for NVDA: 0.7230 (confidence: 0.9655)
2025-04-01 15:01:10,466 - Quantum Trading Bot - INFO - Trading signal for NVDA: 0.7230 (source: quantum)
2025-04-01 15:01:10,466 - Quantum Trading Bot - INFO - HOLD signal for NVDA (score: 0.7230, source: quantum)
2025-04-01 15:01:10,472 - Quantum Trading Bot - INFO - Performance metrics saved: 40/72 winning trades
2025-04-01 15:01:10,472 - Quantum Trading Bot - INFO - Quantum prediction accuracy: 0.00
2025-04-01 15:01:10,472 - Quantum Trading Bot - ERROR - Error updating quantum model: name 'update_quantum_model' is not defined
2025-04-01 15:01:10,472 - Quantum Trading Bot - INFO - Sleeping for 60 seconds
2025-04-01 15:02:05,572 - Trading System - INFO - Trading Bot is alive: True
2025-04-01 15:02:05,572 - Trading System - INFO - Monitor Bot is alive: True
2025-04-01 15:02:05,572 - Trading System - INFO - Improvement Bot is alive: True
2025-04-01 15:02:10,482 - Quantum Trading Bot - INFO - Starting trading cycle
2025-04-01 15:02:10,482 - Quantum Trading Bot - INFO - Processing AAPL
2025-04-01 15:02:10,483 - Quantum Trading Bot - INFO - Mock halal compliance check for AAPL: COMPLIANT
2025-04-01 15:02:10,507 - Quantum Trading Bot - INFO - Quantum device error rate: 0.0459
2025-04-01 15:02:10,513 - Quantum Trading Bot - INFO - Quantum prediction for AAPL: 0.3110 (confidence: 0.9541)
2025-04-01 15:02:10,513 - Quantum Trading Bot - INFO - Trading signal for AAPL: 0.3110 (source: quantum)
2025-04-01 15:02:10,513 - Quantum Trading Bot - INFO - HOLD signal for AAPL (score: 0.3110, source: quantum)
2025-04-01 15:02:10,516 - Quantum Trading Bot - INFO - Processing MSFT
2025-04-01 15:02:10,516 - Quantum Trading Bot - INFO - Mock halal compliance check for MSFT: COMPLIANT
2025-04-01 15:02:10,527 - Quantum Trading Bot - INFO - Quantum device error rate: 0.0378
2025-04-01 15:02:10,530 - Quantum Trading Bot - INFO - Quantum prediction for MSFT: 0.8140 (confidence: 0.9622)
2025-04-01 15:02:10,530 - Quantum Trading Bot - INFO - Trading signal for MSFT: 0.8140 (source: quantum)
2025-04-01 15:02:10,530 - Quantum Trading Bot - INFO - HOLD signal for MSFT (score: 0.8140, source: quantum)
2025-04-01 15:02:10,532 - Quantum Trading Bot - INFO - Processing NVDA
2025-04-01 15:02:10,532 - Quantum Trading Bot - INFO - Mock halal compliance check for NVDA: COMPLIANT
2025-04-01 15:02:10,540 - Quantum Trading Bot - INFO - Quantum device error rate: 0.0501
2025-04-01 15:02:10,549 - Quantum Trading Bot - INFO - Quantum prediction for NVDA: 0.5500 (confidence: 0.7599)
2025-04-01 15:02:10,549 - Quantum Trading Bot - INFO - Trading signal for NVDA: 0.5500 (source: quantum)
2025-04-01 15:02:10,549 - Quantum Trading Bot - INFO - HOLD signal for NVDA (score: 0.5500, source: quantum)
2025-04-01 15:02:10,554 - Quantum Trading Bot - INFO - Performance metrics saved: 40/72 winning trades
2025-04-01 15:02:10,554 - Quantum Trading Bot - INFO - Quantum prediction accuracy: 0.00
2025-04-01 15:02:10,554 - Quantum Trading Bot - INFO - Sleeping for 60 seconds
2025-04-01 15:03:05,576 - Trading System - INFO - Trading Bot is alive: True
2025-04-01 15:03:05,577 - Trading System - INFO - Monitor Bot is alive: True
2025-04-01 15:03:05,577 - Trading System - INFO - Improvement Bot is alive: True
2025-04-01 15:03:10,564 - Quantum Trading Bot - INFO - Starting trading cycle
2025-04-01 15:03:10,565 - Quantum Trading Bot - INFO - Processing AAPL
2025-04-01 15:03:10,565 - Quantum Trading Bot - INFO - Mock halal compliance check for AAPL: COMPLIANT
2025-04-01 15:03:10,589 - Quantum Trading Bot - INFO - Quantum device error rate: 0.0309
2025-04-01 15:03:10,595 - Quantum Trading Bot - INFO - Quantum prediction for AAPL: 0.6860 (confidence: 0.9691)
2025-04-01 15:03:10,595 - Quantum Trading Bot - INFO - Trading signal for AAPL: 0.6860 (source: quantum)
2025-04-01 15:03:10,595 - Quantum Trading Bot - INFO - HOLD signal for AAPL (score: 0.6860, source: quantum)
2025-04-01 15:03:10,597 - Quantum Trading Bot - INFO - Processing MSFT
2025-04-01 15:03:10,597 - Quantum Trading Bot - INFO - Mock halal compliance check for MSFT: COMPLIANT
2025-04-01 15:03:10,608 - Quantum Trading Bot - INFO - Quantum device error rate: 0.0258
2025-04-01 15:03:10,611 - Quantum Trading Bot - INFO - Quantum prediction for MSFT: 0.3530 (confidence: 0.9742)
2025-04-01 15:03:10,611 - Quantum Trading Bot - INFO - Trading signal for MSFT: 0.3530 (source: quantum)
2025-04-01 15:03:10,611 - Quantum Trading Bot - INFO - HOLD signal for MSFT (score: 0.3530, source: quantum)
2025-04-01 15:03:10,613 - Quantum Trading Bot - INFO - Processing NVDA
2025-04-01 15:03:10,613 - Quantum Trading Bot - INFO - Mock halal compliance check for NVDA: COMPLIANT
2025-04-01 15:03:10,621 - Quantum Trading Bot - INFO - Quantum device error rate: 0.0429
2025-04-01 15:03:10,624 - Quantum Trading Bot - INFO - Quantum prediction for NVDA: 0.4110 (confidence: 0.7657)
2025-04-01 15:03:10,624 - Quantum Trading Bot - INFO - Trading signal for NVDA: 0.4110 (source: quantum)
2025-04-01 15:03:10,624 - Quantum Trading Bot - INFO - HOLD signal for NVDA (score: 0.4110, source: quantum)
2025-04-01 15:03:10,630 - Quantum Trading Bot - INFO - Performance metrics saved: 40/72 winning trades
2025-04-01 15:03:10,630 - Quantum Trading Bot - INFO - Quantum prediction accuracy: 0.00
2025-04-01 15:03:10,630 - Quantum Trading Bot - INFO - Sleeping for 60 seconds
2025-04-01 15:04:05,569 - Trading System - INFO - Trading Bot is alive: True
2025-04-01 15:04:05,570 - Trading System - INFO - Monitor Bot is alive: True
2025-04-01 15:04:05,570 - Trading System - INFO - Improvement Bot is alive: True
2025-04-01 15:04:10,626 - Quantum Trading Bot - INFO - Starting trading cycle
2025-04-01 15:04:10,626 - Quantum Trading Bot - INFO - Processing AAPL
2025-04-01 15:04:10,626 - Quantum Trading Bot - INFO - Mock halal compliance check for AAPL: COMPLIANT
2025-04-01 15:04:10,649 - Quantum Trading Bot - INFO - Quantum device error rate: 0.0381
2025-04-01 15:04:10,653 - Quantum Trading Bot - INFO - Quantum prediction for AAPL: 0.2760 (confidence: 0.9619)
2025-04-01 15:04:10,653 - Quantum Trading Bot - INFO - Trading signal for AAPL: 0.2760 (source: quantum)
2025-04-01 15:04:10,653 - Quantum Trading Bot - INFO - SELL signal for AAPL (score: 0.2760, source: quantum)
2025-04-01 15:04:10,655 - Quantum Trading Bot - WARNING - Cannot sell AAPL - no position
2025-04-01 15:04:10,657 - Quantum Trading Bot - INFO - Processing MSFT
2025-04-01 15:04:10,657 - Quantum Trading Bot - INFO - Mock halal compliance check for MSFT: COMPLIANT
2025-04-01 15:04:10,667 - Quantum Trading Bot - INFO - Quantum device error rate: 0.0312
2025-04-01 15:04:10,670 - Quantum Trading Bot - INFO - Quantum prediction for MSFT: 0.6080 (confidence: 0.9688)
2025-04-01 15:04:10,670 - Quantum Trading Bot - INFO - Trading signal for MSFT: 0.6080 (source: quantum)
2025-04-01 15:04:10,670 - Quantum Trading Bot - INFO - HOLD signal for MSFT (score: 0.6080, source: quantum)
2025-04-01 15:04:10,672 - Quantum Trading Bot - INFO - Processing NVDA
2025-04-01 15:04:10,672 - Quantum Trading Bot - INFO - Mock halal compliance check for NVDA: COMPLIANT
2025-04-01 15:04:10,680 - Quantum Trading Bot - INFO - Quantum device error rate: 0.0507
2025-04-01 15:04:10,688 - Quantum Trading Bot - INFO - Quantum prediction for NVDA: 0.3052 (confidence: 0.9493)
2025-04-01 15:04:10,688 - Quantum Trading Bot - INFO - Trading signal for NVDA: 0.3052 (source: quantum)
2025-04-01 15:04:10,688 - Quantum Trading Bot - INFO - HOLD signal for NVDA (score: 0.3052, source: quantum)
2025-04-01 15:04:10,693 - Quantum Trading Bot - INFO - Performance metrics saved: 40/72 winning trades
2025-04-01 15:04:10,693 - Quantum Trading Bot - INFO - Quantum prediction accuracy: 0.00
2025-04-01 15:04:10,694 - Quantum Trading Bot - INFO - Sleeping for 60 seconds
2025-04-01 15:05:05,570 - Trading System - INFO - Trading Bot is alive: True
2025-04-01 15:05:05,570 - Trading System - INFO - Monitor Bot is alive: True
2025-04-01 15:05:05,570 - Trading System - INFO - Improvement Bot is alive: True
2025-04-01 15:05:10,697 - Quantum Trading Bot - INFO - Starting trading cycle
2025-04-01 15:05:10,698 - Quantum Trading Bot - INFO - Processing AAPL
2025-04-01 15:05:10,698 - Quantum Trading Bot - INFO - Mock halal compliance check for AAPL: COMPLIANT
2025-04-01 15:05:10,717 - Quantum Trading Bot - INFO - Quantum device error rate: 0.0567
2025-04-01 15:05:10,729 - Quantum Trading Bot - INFO - Quantum prediction for AAPL: 0.5340 (confidence: 0.7546)
2025-04-01 15:05:10,729 - Quantum Trading Bot - INFO - Trading signal for AAPL: 0.5340 (source: quantum)
2025-04-01 15:05:10,729 - Quantum Trading Bot - INFO - HOLD signal for AAPL (score: 0.5340, source: quantum)
2025-04-01 15:05:10,731 - Quantum Trading Bot - INFO - Processing MSFT
2025-04-01 15:05:10,731 - Quantum Trading Bot - INFO - Mock halal compliance check for MSFT: COMPLIANT
2025-04-01 15:05:10,740 - Quantum Trading Bot - INFO - Quantum device error rate: 0.0444
2025-04-01 15:05:10,743 - Quantum Trading Bot - INFO - Quantum prediction for MSFT: 0.5980 (confidence: 0.7645)
2025-04-01 15:05:10,743 - Quantum Trading Bot - INFO - Trading signal for MSFT: 0.5980 (source: quantum)
2025-04-01 15:05:10,743 - Quantum Trading Bot - INFO - HOLD signal for MSFT (score: 0.5980, source: quantum)
2025-04-01 15:05:10,744 - Quantum Trading Bot - INFO - Processing NVDA
2025-04-01 15:05:10,744 - Quantum Trading Bot - INFO - Mock halal compliance check for NVDA: COMPLIANT
2025-04-01 15:05:10,752 - Quantum Trading Bot - INFO - Quantum device error rate: 0.0399
2025-04-01 15:05:10,755 - Quantum Trading Bot - INFO - Quantum prediction for NVDA: 0.4110 (confidence: 0.7681)
2025-04-01 15:05:10,755 - Quantum Trading Bot - INFO - Trading signal for NVDA: 0.4110 (source: quantum)
2025-04-01 15:05:10,755 - Quantum Trading Bot - INFO - HOLD signal for NVDA (score: 0.4110, source: quantum)
2025-04-01 15:05:10,760 - Quantum Trading Bot - INFO - Performance metrics saved: 40/72 winning trades
2025-04-01 15:05:10,760 - Quantum Trading Bot - INFO - Quantum prediction accuracy: 0.00
2025-04-01 15:05:10,760 - Quantum Trading Bot - INFO - Sleeping for 60 seconds
2025-04-01 15:06:05,573 - Trading System - INFO - Trading Bot is alive: True
2025-04-01 15:06:05,573 - Trading System - INFO - Monitor Bot is alive: True
2025-04-01 15:06:05,574 - Trading System - INFO - Improvement Bot is alive: True
2025-04-01 15:06:10,765 - Quantum Trading Bot - INFO - Starting trading cycle
2025-04-01 15:06:10,765 - Quantum Trading Bot - INFO - Processing AAPL
2025-04-01 15:06:10,766 - Quantum Trading Bot - INFO - Mock halal compliance check for AAPL: COMPLIANT
2025-04-01 15:06:10,791 - Quantum Trading Bot - INFO - Quantum device error rate: 0.0453
2025-04-01 15:06:10,796 - Quantum Trading Bot - INFO - Quantum prediction for AAPL: 0.5190 (confidence: 0.7638)
2025-04-01 15:06:10,796 - Quantum Trading Bot - INFO - Trading signal for AAPL: 0.5190 (source: quantum)
2025-04-01 15:06:10,796 - Quantum Trading Bot - INFO - HOLD signal for AAPL (score: 0.5190, source: quantum)
2025-04-01 15:06:10,799 - Quantum Trading Bot - INFO - Processing MSFT
2025-04-01 15:06:10,799 - Quantum Trading Bot - INFO - Mock halal compliance check for MSFT: COMPLIANT
2025-04-01 15:06:10,810 - Quantum Trading Bot - INFO - Quantum device error rate: 0.0360
2025-04-01 15:06:10,813 - Quantum Trading Bot - INFO - Quantum prediction for MSFT: 0.3600 (confidence: 0.9640)
2025-04-01 15:06:10,813 - Quantum Trading Bot - INFO - Trading signal for MSFT: 0.3600 (source: quantum)
2025-04-01 15:06:10,813 - Quantum Trading Bot - INFO - HOLD signal for MSFT (score: 0.3600, source: quantum)
2025-04-01 15:06:10,815 - Quantum Trading Bot - INFO - Processing NVDA
2025-04-01 15:06:10,815 - Quantum Trading Bot - INFO - Mock halal compliance check for NVDA: COMPLIANT
2025-04-01 15:06:10,823 - Quantum Trading Bot - INFO - Quantum device error rate: 0.0414
2025-04-01 15:06:10,826 - Quantum Trading Bot - INFO - Quantum prediction for NVDA: 0.4640 (confidence: 0.7669)
2025-04-01 15:06:10,826 - Quantum Trading Bot - INFO - Trading signal for NVDA: 0.4640 (source: quantum)
2025-04-01 15:06:10,826 - Quantum Trading Bot - INFO - HOLD signal for NVDA (score: 0.4640, source: quantum)
2025-04-01 15:06:10,832 - Quantum Trading Bot - INFO - Performance metrics saved: 40/72 winning trades
2025-04-01 15:06:10,832 - Quantum Trading Bot - INFO - Quantum prediction accuracy: 0.00
2025-04-01 15:06:10,832 - Quantum Trading Bot - INFO - Sleeping for 60 seconds
2025-04-01 15:07:05,578 - Trading System - INFO - Trading Bot is alive: True
2025-04-01 15:07:05,578 - Trading System - INFO - Monitor Bot is alive: True
2025-04-01 15:07:05,579 - Trading System - INFO - Improvement Bot is alive: True
2025-04-01 15:07:10,837 - Quantum Trading Bot - INFO - Starting trading cycle
2025-04-01 15:07:10,837 - Quantum Trading Bot - INFO - Processing AAPL
2025-04-01 15:07:10,837 - Quantum Trading Bot - INFO - Mock halal compliance check for AAPL: COMPLIANT
2025-04-01 15:07:10,864 - Quantum Trading Bot - INFO - Quantum device error rate: 0.0411
2025-04-01 15:07:10,870 - Quantum Trading Bot - INFO - Quantum prediction for AAPL: 0.5770 (confidence: 0.7671)
2025-04-01 15:07:10,870 - Quantum Trading Bot - INFO - Trading signal for AAPL: 0.5770 (source: quantum)
2025-04-01 15:07:10,870 - Quantum Trading Bot - INFO - HOLD signal for AAPL (score: 0.5770, source: quantum)
2025-04-01 15:07:10,872 - Quantum Trading Bot - INFO - Processing MSFT
2025-04-01 15:07:10,872 - Quantum Trading Bot - INFO - Mock halal compliance check for MSFT: COMPLIANT
2025-04-01 15:07:10,884 - Quantum Trading Bot - INFO - Quantum device error rate: 0.0327
2025-04-01 15:07:10,887 - Quantum Trading Bot - INFO - Quantum prediction for MSFT: 0.7250 (confidence: 0.9673)
2025-04-01 15:07:10,887 - Quantum Trading Bot - INFO - Trading signal for MSFT: 0.7250 (source: quantum)
2025-04-01 15:07:10,887 - Quantum Trading Bot - INFO - HOLD signal for MSFT (score: 0.7250, source: quantum)
2025-04-01 15:07:10,891 - Quantum Trading Bot - INFO - Processing NVDA
2025-04-01 15:07:10,891 - Quantum Trading Bot - INFO - Mock halal compliance check for NVDA: COMPLIANT
2025-04-01 15:07:10,900 - Quantum Trading Bot - INFO - Quantum device error rate: 0.0315
2025-04-01 15:07:10,903 - Quantum Trading Bot - INFO - Quantum prediction for NVDA: 0.5260 (confidence: 0.7748)
2025-04-01 15:07:10,903 - Quantum Trading Bot - INFO - Trading signal for NVDA: 0.5260 (source: quantum)
2025-04-01 15:07:10,903 - Quantum Trading Bot - INFO - HOLD signal for NVDA (score: 0.5260, source: quantum)
2025-04-01 15:07:10,909 - Quantum Trading Bot - INFO - Performance metrics saved: 40/72 winning trades
2025-04-01 15:07:10,909 - Quantum Trading Bot - INFO - Quantum prediction accuracy: 0.00
2025-04-01 15:07:10,909 - Quantum Trading Bot - INFO - Sleeping for 60 seconds
2025-04-01 15:08:05,582 - Trading System - INFO - Trading Bot is alive: True
2025-04-01 15:08:05,583 - Trading System - INFO - Monitor Bot is alive: True
2025-04-01 15:08:05,583 - Trading System - INFO - Improvement Bot is alive: True
2025-04-01 15:08:10,913 - Quantum Trading Bot - INFO - Starting trading cycle
2025-04-01 15:08:10,914 - Quantum Trading Bot - INFO - Processing AAPL
2025-04-01 15:08:10,914 - Quantum Trading Bot - INFO - Mock halal compliance check for AAPL: COMPLIANT
2025-04-01 15:08:10,935 - Quantum Trading Bot - INFO - Quantum device error rate: 0.0432
2025-04-01 15:08:10,940 - Quantum Trading Bot - INFO - Quantum prediction for AAPL: 0.4710 (confidence: 0.7654)
2025-04-01 15:08:10,940 - Quantum Trading Bot - INFO - Trading signal for AAPL: 0.4710 (source: quantum)
2025-04-01 15:08:10,940 - Quantum Trading Bot - INFO - HOLD signal for AAPL (score: 0.4710, source: quantum)
2025-04-01 15:08:10,942 - Quantum Trading Bot - INFO - Processing MSFT
2025-04-01 15:08:10,942 - Quantum Trading Bot - INFO - Mock halal compliance check for MSFT: COMPLIANT
2025-04-01 15:08:10,953 - Quantum Trading Bot - INFO - Quantum device error rate: 0.0354
2025-04-01 15:08:10,956 - Quantum Trading Bot - INFO - Quantum prediction for MSFT: 0.8370 (confidence: 0.9646)
2025-04-01 15:08:10,956 - Quantum Trading Bot - INFO - Trading signal for MSFT: 0.8370 (source: quantum)
2025-04-01 15:08:10,956 - Quantum Trading Bot - INFO - HOLD signal for MSFT (score: 0.8370, source: quantum)
2025-04-01 15:08:10,958 - Quantum Trading Bot - INFO - Processing NVDA
2025-04-01 15:08:10,958 - Quantum Trading Bot - INFO - Mock halal compliance check for NVDA: COMPLIANT
2025-04-01 15:08:10,966 - Quantum Trading Bot - INFO - Quantum device error rate: 0.0234
2025-04-01 15:08:10,969 - Quantum Trading Bot - INFO - Quantum prediction for NVDA: 0.5220 (confidence: 0.7813)
2025-04-01 15:08:10,969 - Quantum Trading Bot - INFO - Trading signal for NVDA: 0.5220 (source: quantum)
2025-04-01 15:08:10,969 - Quantum Trading Bot - INFO - HOLD signal for NVDA (score: 0.5220, source: quantum)
2025-04-01 15:08:10,975 - Quantum Trading Bot - INFO - Performance metrics saved: 40/72 winning trades
2025-04-01 15:08:10,975 - Quantum Trading Bot - INFO - Quantum prediction accuracy: 0.00
2025-04-01 15:08:10,975 - Quantum Trading Bot - INFO - Sleeping for 60 seconds
2025-04-01 15:09:05,585 - Trading System - INFO - Trading Bot is alive: True
2025-04-01 15:09:05,586 - Trading System - INFO - Monitor Bot is alive: True
2025-04-01 15:09:05,586 - Trading System - INFO - Improvement Bot is alive: True
2025-04-01 15:09:10,980 - Quantum Trading Bot - INFO - Starting trading cycle
2025-04-01 15:09:10,980 - Quantum Trading Bot - INFO - Processing AAPL
2025-04-01 15:09:10,980 - Quantum Trading Bot - INFO - Mock halal compliance check for AAPL: COMPLIANT
2025-04-01 15:09:11,004 - Quantum Trading Bot - INFO - Quantum device error rate: 0.0486
2025-04-01 15:09:11,010 - Quantum Trading Bot - INFO - Quantum prediction for AAPL: 0.5540 (confidence: 0.7611)
2025-04-01 15:09:11,010 - Quantum Trading Bot - INFO - Trading signal for AAPL: 0.5540 (source: quantum)
2025-04-01 15:09:11,010 - Quantum Trading Bot - INFO - HOLD signal for AAPL (score: 0.5540, source: quantum)
2025-04-01 15:09:11,012 - Quantum Trading Bot - INFO - Processing MSFT
2025-04-01 15:09:11,012 - Quantum Trading Bot - INFO - Mock halal compliance check for MSFT: COMPLIANT
2025-04-01 15:09:11,023 - Quantum Trading Bot - INFO - Quantum device error rate: 0.0168
2025-04-01 15:09:11,027 - Quantum Trading Bot - INFO - Quantum prediction for MSFT: 0.5840 (confidence: 0.7866)
2025-04-01 15:09:11,027 - Quantum Trading Bot - INFO - Trading signal for MSFT: 0.5840 (source: quantum)
2025-04-01 15:09:11,027 - Quantum Trading Bot - INFO - HOLD signal for MSFT (score: 0.5840, source: quantum)
2025-04-01 15:09:11,029 - Quantum Trading Bot - INFO - Processing NVDA
2025-04-01 15:09:11,029 - Quantum Trading Bot - INFO - Mock halal compliance check for NVDA: COMPLIANT
2025-04-01 15:09:11,037 - Quantum Trading Bot - INFO - Quantum device error rate: 0.0357
2025-04-01 15:09:11,040 - Quantum Trading Bot - INFO - Quantum prediction for NVDA: 0.3390 (confidence: 0.9643)
2025-04-01 15:09:11,040 - Quantum Trading Bot - INFO - Trading signal for NVDA: 0.3390 (source: quantum)
2025-04-01 15:09:11,040 - Quantum Trading Bot - INFO - HOLD signal for NVDA (score: 0.3390, source: quantum)
2025-04-01 15:09:11,046 - Quantum Trading Bot - INFO - Performance metrics saved: 40/72 winning trades
2025-04-01 15:09:11,046 - Quantum Trading Bot - INFO - Quantum prediction accuracy: 0.00
2025-04-01 15:09:11,046 - Quantum Trading Bot - INFO - Sleeping for 60 seconds
2025-04-01 15:10:05,587 - Trading System - INFO - Trading Bot is alive: True
2025-04-01 15:10:05,587 - Trading System - INFO - Monitor Bot is alive: True
2025-04-01 15:10:05,587 - Trading System - INFO - Improvement Bot is alive: True
2025-04-01 15:10:11,056 - Quantum Trading Bot - INFO - Starting trading cycle
2025-04-01 15:10:11,056 - Quantum Trading Bot - INFO - Processing AAPL
2025-04-01 15:10:11,056 - Quantum Trading Bot - INFO - Mock halal compliance check for AAPL: COMPLIANT
2025-04-01 15:10:11,076 - Quantum Trading Bot - INFO - Quantum device error rate: 0.0399
2025-04-01 15:10:11,080 - Quantum Trading Bot - INFO - Quantum prediction for AAPL: 0.6510 (confidence: 0.9601)
2025-04-01 15:10:11,080 - Quantum Trading Bot - INFO - Trading signal for AAPL: 0.6510 (source: quantum)
2025-04-01 15:10:11,080 - Quantum Trading Bot - INFO - HOLD signal for AAPL (score: 0.6510, source: quantum)
2025-04-01 15:10:11,082 - Quantum Trading Bot - INFO - Processing MSFT
2025-04-01 15:10:11,082 - Quantum Trading Bot - INFO - Mock halal compliance check for MSFT: COMPLIANT
2025-04-01 15:10:11,091 - Quantum Trading Bot - INFO - Quantum device error rate: 0.0216
2025-04-01 15:10:11,093 - Quantum Trading Bot - INFO - Quantum prediction for MSFT: 0.1090 (confidence: 0.9784)
2025-04-01 15:10:11,093 - Quantum Trading Bot - INFO - Trading signal for MSFT: 0.1090 (source: quantum)
2025-04-01 15:10:11,093 - Quantum Trading Bot - INFO - SELL signal for MSFT (score: 0.1090, source: quantum)
2025-04-01 15:10:11,094 - Quantum Trading Bot - WARNING - Cannot sell MSFT - no position
2025-04-01 15:10:11,096 - Quantum Trading Bot - INFO - Processing NVDA
2025-04-01 15:10:11,096 - Quantum Trading Bot - INFO - Mock halal compliance check for NVDA: COMPLIANT
2025-04-01 15:10:11,104 - Quantum Trading Bot - INFO - Quantum device error rate: 0.0177
2025-04-01 15:10:11,106 - Quantum Trading Bot - INFO - Quantum prediction for NVDA: 0.4870 (confidence: 0.7858)
2025-04-01 15:10:11,106 - Quantum Trading Bot - INFO - Trading signal for NVDA: 0.4870 (source: quantum)
2025-04-01 15:10:11,106 - Quantum Trading Bot - INFO - HOLD signal for NVDA (score: 0.4870, source: quantum)
2025-04-01 15:10:11,112 - Quantum Trading Bot - INFO - Performance metrics saved: 40/72 winning trades
2025-04-01 15:10:11,112 - Quantum Trading Bot - INFO - Quantum prediction accuracy: 0.00
2025-04-01 15:10:11,112 - Quantum Trading Bot - INFO - Sleeping for 60 seconds
2025-04-01 15:11:05,597 - Trading System - INFO - Trading Bot is alive: True
2025-04-01 15:11:05,598 - Trading System - INFO - Monitor Bot is alive: True
2025-04-01 15:11:05,598 - Trading System - INFO - Improvement Bot is alive: True
2025-04-01 15:11:11,122 - Quantum Trading Bot - INFO - Starting trading cycle
2025-04-01 15:11:11,122 - Quantum Trading Bot - INFO - Processing AAPL
2025-04-01 15:11:11,122 - Quantum Trading Bot - INFO - Mock halal compliance check for AAPL: COMPLIANT
2025-04-01 15:11:11,148 - Quantum Trading Bot - INFO - Quantum device error rate: 0.0429
2025-04-01 15:11:11,154 - Quantum Trading Bot - INFO - Quantum prediction for AAPL: 0.8470 (confidence: 0.9571)
2025-04-01 15:11:11,154 - Quantum Trading Bot - INFO - Trading signal for AAPL: 0.8470 (source: quantum)
2025-04-01 15:11:11,154 - Quantum Trading Bot - INFO - HOLD signal for AAPL (score: 0.8470, source: quantum)
2025-04-01 15:11:11,157 - Quantum Trading Bot - INFO - Processing MSFT
2025-04-01 15:11:11,157 - Quantum Trading Bot - INFO - Mock halal compliance check for MSFT: COMPLIANT
2025-04-01 15:11:11,168 - Quantum Trading Bot - INFO - Quantum device error rate: 0.0354
2025-04-01 15:11:11,171 - Quantum Trading Bot - INFO - Quantum prediction for MSFT: 0.7070 (confidence: 0.9646)
2025-04-01 15:11:11,171 - Quantum Trading Bot - INFO - Trading signal for MSFT: 0.7070 (source: quantum)
2025-04-01 15:11:11,171 - Quantum Trading Bot - INFO - HOLD signal for MSFT (score: 0.7070, source: quantum)
2025-04-01 15:11:11,173 - Quantum Trading Bot - INFO - Processing NVDA
2025-04-01 15:11:11,173 - Quantum Trading Bot - INFO - Mock halal compliance check for NVDA: COMPLIANT
2025-04-01 15:11:11,182 - Quantum Trading Bot - INFO - Quantum device error rate: 0.0279
2025-04-01 15:11:11,185 - Quantum Trading Bot - INFO - Quantum prediction for NVDA: 0.4350 (confidence: 0.7777)
2025-04-01 15:11:11,185 - Quantum Trading Bot - INFO - Trading signal for NVDA: 0.4350 (source: quantum)
2025-04-01 15:11:11,185 - Quantum Trading Bot - INFO - HOLD signal for NVDA (score: 0.4350, source: quantum)
2025-04-01 15:11:11,191 - Quantum Trading Bot - INFO - Performance metrics saved: 40/72 winning trades
2025-04-01 15:11:11,191 - Quantum Trading Bot - INFO - Quantum prediction accuracy: 0.00
2025-04-01 15:11:11,191 - Quantum Trading Bot - ERROR - Error updating quantum model: name 'update_quantum_model' is not defined
2025-04-01 15:11:11,202 - Quantum Trading Bot - INFO - Quantum device error rate: 0.0429
2025-04-01 15:11:11,203 - Quantum Trading Bot - ERROR - Error in portfolio optimization: name 'quantum_portfolio_optimization' is not defined
2025-04-01 15:11:11,203 - Quantum Trading Bot - INFO - Sleeping for 60 seconds
2025-04-01 15:12:05,602 - Trading System - INFO - Trading Bot is alive: True
2025-04-01 15:12:05,603 - Trading System - INFO - Monitor Bot is alive: True
2025-04-01 15:12:05,603 - Trading System - INFO - Improvement Bot is alive: True
2025-04-01 15:12:11,213 - Quantum Trading Bot - INFO - Starting trading cycle
2025-04-01 15:12:11,213 - Quantum Trading Bot - INFO - Processing AAPL
2025-04-01 15:12:11,213 - Quantum Trading Bot - INFO - Mock halal compliance check for AAPL: COMPLIANT
2025-04-01 15:12:11,236 - Quantum Trading Bot - INFO - Quantum device error rate: 0.0273
2025-04-01 15:12:11,241 - Quantum Trading Bot - INFO - Quantum prediction for AAPL: 0.0540 (confidence: 0.9727)
2025-04-01 15:12:11,241 - Quantum Trading Bot - INFO - Trading signal for AAPL: 0.0540 (source: quantum)
2025-04-01 15:12:11,241 - Quantum Trading Bot - INFO - SELL signal for AAPL (score: 0.0540, source: quantum)
2025-04-01 15:12:11,242 - Quantum Trading Bot - WARNING - Cannot sell AAPL - no position
2025-04-01 15:12:11,245 - Quantum Trading Bot - INFO - Processing MSFT
2025-04-01 15:12:11,245 - Quantum Trading Bot - INFO - Mock halal compliance check for MSFT: COMPLIANT
2025-04-01 15:12:11,255 - Quantum Trading Bot - INFO - Quantum device error rate: 0.0480
2025-04-01 15:12:11,258 - Quantum Trading Bot - INFO - Quantum prediction for MSFT: 0.3300 (confidence: 0.9520)
2025-04-01 15:12:11,258 - Quantum Trading Bot - INFO - Trading signal for MSFT: 0.3300 (source: quantum)
2025-04-01 15:12:11,258 - Quantum Trading Bot - INFO - HOLD signal for MSFT (score: 0.3300, source: quantum)
2025-04-01 15:12:11,260 - Quantum Trading Bot - INFO - Processing NVDA
2025-04-01 15:12:11,260 - Quantum Trading Bot - INFO - Mock halal compliance check for NVDA: COMPLIANT
2025-04-01 15:12:11,268 - Quantum Trading Bot - INFO - Quantum device error rate: 0.0444
2025-04-01 15:12:11,271 - Quantum Trading Bot - INFO - Quantum prediction for NVDA: 0.9280 (confidence: 0.9556)
2025-04-01 15:12:11,271 - Quantum Trading Bot - INFO - Trading signal for NVDA: 0.9280 (source: quantum)
2025-04-01 15:12:11,271 - Quantum Trading Bot - INFO - HOLD signal for NVDA (score: 0.9280, source: quantum)
2025-04-01 15:12:11,277 - Quantum Trading Bot - INFO - Performance metrics saved: 40/72 winning trades
2025-04-01 15:12:11,277 - Quantum Trading Bot - INFO - Quantum prediction accuracy: 0.00
2025-04-01 15:12:11,277 - Quantum Trading Bot - INFO - Sleeping for 60 seconds
2025-04-01 15:13:05,611 - Trading System - INFO - Trading Bot is alive: True
2025-04-01 15:13:05,611 - Trading System - INFO - Monitor Bot is alive: True
2025-04-01 15:13:05,611 - Trading System - INFO - Improvement Bot is alive: True
2025-04-01 15:13:11,286 - Quantum Trading Bot - INFO - Starting trading cycle
2025-04-01 15:13:11,287 - Quantum Trading Bot - INFO - Processing AAPL
2025-04-01 15:13:11,287 - Quantum Trading Bot - INFO - Mock halal compliance check for AAPL: COMPLIANT
2025-04-01 15:13:11,311 - Quantum Trading Bot - INFO - Quantum device error rate: 0.0372
2025-04-01 15:13:11,317 - Quantum Trading Bot - INFO - Quantum prediction for AAPL: 0.3040 (confidence: 0.9628)
2025-04-01 15:13:11,317 - Quantum Trading Bot - INFO - Trading signal for AAPL: 0.3040 (source: quantum)
2025-04-01 15:13:11,317 - Quantum Trading Bot - INFO - HOLD signal for AAPL (score: 0.3040, source: quantum)
2025-04-01 15:13:11,319 - Quantum Trading Bot - INFO - Processing MSFT
2025-04-01 15:13:11,319 - Quantum Trading Bot - INFO - Mock halal compliance check for MSFT: COMPLIANT
2025-04-01 15:13:11,330 - Quantum Trading Bot - INFO - Quantum device error rate: 0.0405
2025-04-01 15:13:11,334 - Quantum Trading Bot - INFO - Quantum prediction for MSFT: 0.4790 (confidence: 0.7676)
2025-04-01 15:13:11,334 - Quantum Trading Bot - INFO - Trading signal for MSFT: 0.4790 (source: quantum)
2025-04-01 15:13:11,334 - Quantum Trading Bot - INFO - HOLD signal for MSFT (score: 0.4790, source: quantum)
2025-04-01 15:13:11,335 - Quantum Trading Bot - INFO - Processing NVDA
2025-04-01 15:13:11,336 - Quantum Trading Bot - INFO - Mock halal compliance check for NVDA: COMPLIANT
2025-04-01 15:13:11,344 - Quantum Trading Bot - INFO - Quantum device error rate: 0.0354
2025-04-01 15:13:11,347 - Quantum Trading Bot - INFO - Quantum prediction for NVDA: 0.6400 (confidence: 0.9646)
2025-04-01 15:13:11,347 - Quantum Trading Bot - INFO - Trading signal for NVDA: 0.6400 (source: quantum)
2025-04-01 15:13:11,347 - Quantum Trading Bot - INFO - HOLD signal for NVDA (score: 0.6400, source: quantum)
2025-04-01 15:13:11,353 - Quantum Trading Bot - INFO - Performance metrics saved: 40/72 winning trades
2025-04-01 15:13:11,353 - Quantum Trading Bot - INFO - Quantum prediction accuracy: 0.00
2025-04-01 15:13:11,353 - Quantum Trading Bot - INFO - Sleeping for 60 seconds
2025-04-01 15:14:05,617 - Trading System - INFO - Trading Bot is alive: True
2025-04-01 15:14:05,618 - Trading System - INFO - Monitor Bot is alive: True
2025-04-01 15:14:05,618 - Trading System - INFO - Improvement Bot is alive: True
2025-04-01 15:14:11,363 - Quantum Trading Bot - INFO - Starting trading cycle
2025-04-01 15:14:11,363 - Quantum Trading Bot - INFO - Processing AAPL
2025-04-01 15:14:11,363 - Quantum Trading Bot - INFO - Mock halal compliance check for AAPL: COMPLIANT
2025-04-01 15:14:11,387 - Quantum Trading Bot - INFO - Quantum device error rate: 0.0366
2025-04-01 15:14:11,392 - Quantum Trading Bot - INFO - Quantum prediction for AAPL: 0.1520 (confidence: 0.9634)
2025-04-01 15:14:11,393 - Quantum Trading Bot - INFO - Trading signal for AAPL: 0.1520 (source: quantum)
2025-04-01 15:14:11,393 - Quantum Trading Bot - INFO - SELL signal for AAPL (score: 0.1520, source: quantum)
2025-04-01 15:14:11,394 - Quantum Trading Bot - WARNING - Cannot sell AAPL - no position
2025-04-01 15:14:11,396 - Quantum Trading Bot - INFO - Processing MSFT
2025-04-01 15:14:11,396 - Quantum Trading Bot - INFO - Mock halal compliance check for MSFT: COMPLIANT
2025-04-01 15:14:11,407 - Quantum Trading Bot - INFO - Quantum device error rate: 0.0342
2025-04-01 15:14:11,410 - Quantum Trading Bot - INFO - Quantum prediction for MSFT: 0.4990 (confidence: 0.7726)
2025-04-01 15:14:11,410 - Quantum Trading Bot - INFO - Trading signal for MSFT: 0.4990 (source: quantum)
2025-04-01 15:14:11,410 - Quantum Trading Bot - INFO - HOLD signal for MSFT (score: 0.4990, source: quantum)
2025-04-01 15:14:11,412 - Quantum Trading Bot - INFO - Processing NVDA
2025-04-01 15:14:11,412 - Quantum Trading Bot - INFO - Mock halal compliance check for NVDA: COMPLIANT
2025-04-01 15:14:11,421 - Quantum Trading Bot - INFO - Quantum device error rate: 0.0282
2025-04-01 15:14:11,423 - Quantum Trading Bot - INFO - Quantum prediction for NVDA: 0.5520 (confidence: 0.7774)
2025-04-01 15:14:11,423 - Quantum Trading Bot - INFO - Trading signal for NVDA: 0.5520 (source: quantum)
2025-04-01 15:14:11,423 - Quantum Trading Bot - INFO - HOLD signal for NVDA (score: 0.5520, source: quantum)
2025-04-01 15:14:11,429 - Quantum Trading Bot - INFO - Performance metrics saved: 40/72 winning trades
2025-04-01 15:14:11,429 - Quantum Trading Bot - INFO - Quantum prediction accuracy: 0.00
2025-04-01 15:14:11,429 - Quantum Trading Bot - INFO - Sleeping for 60 seconds
2025-04-01 15:15:34,254 - Trading System - INFO - Trading Bot is alive: True
2025-04-01 15:15:34,254 - Trading System - INFO - Monitor Bot is alive: True
2025-04-01 15:15:34,254 - Trading System - INFO - Improvement Bot is alive: True
2025-04-01 15:32:01,431 - Quantum Trading Bot - INFO - Starting trading cycle
2025-04-01 15:32:01,433 - Quantum Trading Bot - INFO - Processing AAPL
2025-04-01 15:32:01,433 - Quantum Trading Bot - INFO - Mock halal compliance check for AAPL: COMPLIANT
2025-04-01 15:32:01,456 - Quantum Trading Bot - INFO - Quantum device error rate: 0.0267
2025-04-01 15:32:01,461 - Quantum Trading Bot - INFO - Quantum prediction for AAPL: 0.5050 (confidence: 0.7786)
2025-04-01 15:32:01,461 - Quantum Trading Bot - INFO - Trading signal for AAPL: 0.5050 (source: quantum)
2025-04-01 15:32:01,461 - Quantum Trading Bot - INFO - HOLD signal for AAPL (score: 0.5050, source: quantum)
2025-04-01 15:32:01,463 - Quantum Trading Bot - INFO - Processing MSFT
2025-04-01 15:32:01,463 - Quantum Trading Bot - INFO - Mock halal compliance check for MSFT: COMPLIANT
2025-04-01 15:32:01,474 - Quantum Trading Bot - INFO - Quantum device error rate: 0.0369
2025-04-01 15:32:01,477 - Quantum Trading Bot - INFO - Quantum prediction for MSFT: 0.6500 (confidence: 0.9631)
2025-04-01 15:32:01,477 - Quantum Trading Bot - INFO - Trading signal for MSFT: 0.6500 (source: quantum)
2025-04-01 15:32:01,477 - Quantum Trading Bot - INFO - HOLD signal for MSFT (score: 0.6500, source: quantum)
2025-04-01 15:32:01,479 - Quantum Trading Bot - INFO - Processing NVDA
2025-04-01 15:32:01,479 - Quantum Trading Bot - INFO - Mock halal compliance check for NVDA: COMPLIANT
2025-04-01 15:32:01,488 - Quantum Trading Bot - INFO - Quantum device error rate: 0.0300
2025-04-01 15:32:01,491 - Quantum Trading Bot - INFO - Quantum prediction for NVDA: 0.6620 (confidence: 0.9700)
2025-04-01 15:32:01,491 - Quantum Trading Bot - INFO - Trading signal for NVDA: 0.6620 (source: quantum)
2025-04-01 15:32:01,491 - Quantum Trading Bot - INFO - HOLD signal for NVDA (score: 0.6620, source: quantum)
2025-04-01 15:32:01,497 - Quantum Trading Bot - INFO - Performance metrics saved: 40/72 winning trades
2025-04-01 15:32:01,497 - Quantum Trading Bot - INFO - Quantum prediction accuracy: 0.00
2025-04-01 15:32:01,497 - Quantum Trading Bot - INFO - Sleeping for 60 seconds
2025-04-01 15:36:31,176 - Trading System - INFO - Trading Bot is alive: True
2025-04-01 15:36:31,178 - Trading System - INFO - Monitor Bot is alive: True
2025-04-01 15:36:31,178 - Trading System - INFO - Improvement Bot is alive: True
2025-04-01 15:36:31,973 - Monitor Bot - INFO - Running scheduled task: Performance Metrics
2025-04-01 15:36:31,978 - Monitor Bot - INFO - === Performance Metrics ===
2025-04-01 15:36:31,978 - Monitor Bot - INFO - Date: 2025-04-01T15:32:01.493027
2025-04-01 15:36:31,978 - Monitor Bot - INFO - Total Trades: 72
2025-04-01 15:36:31,978 - Monitor Bot - INFO - Win Rate: 55.56%
2025-04-01 15:36:31,978 - Monitor Bot - INFO - Total Profit: $18.27
2025-04-01 15:36:31,978 - Monitor Bot - INFO - Average Profit per Trade: $0.25
2025-04-01 15:36:31,978 - Monitor Bot - INFO - Average Profit Percentage: 0.09%
2025-04-01 15:36:31,978 - Monitor Bot - INFO - Maximum Drawdown: 0.10%
2025-04-01 15:36:31,978 - Monitor Bot - INFO - Quantum Prediction Accuracy: 0.00%
2025-04-01 15:36:31,979 - Monitor Bot - INFO - ============================
2025-04-01 15:36:31,995 - Monitor Bot - INFO - Task Performance Metrics completed successfully
2025-04-01 15:36:37,053 - Quantum Trading Bot - INFO - Starting trading cycle
2025-04-01 15:36:37,054 - Quantum Trading Bot - INFO - Processing AAPL
2025-04-01 15:36:37,054 - Quantum Trading Bot - INFO - Mock halal compliance check for AAPL: COMPLIANT
2025-04-01 15:36:37,077 - Quantum Trading Bot - INFO - Quantum device error rate: 0.0309
2025-04-01 15:36:37,083 - Quantum Trading Bot - INFO - Quantum prediction for AAPL: 0.0640 (confidence: 0.9691)
2025-04-01 15:36:37,083 - Quantum Trading Bot - INFO - Trading signal for AAPL: 0.0640 (source: quantum)
2025-04-01 15:36:37,083 - Quantum Trading Bot - INFO - SELL signal for AAPL (score: 0.0640, source: quantum)
2025-04-01 15:36:37,084 - Quantum Trading Bot - WARNING - Cannot sell AAPL - no position
2025-04-01 15:36:37,086 - Quantum Trading Bot - INFO - Processing MSFT
2025-04-01 15:36:37,086 - Quantum Trading Bot - INFO - Mock halal compliance check for MSFT: COMPLIANT
2025-04-01 15:36:37,097 - Quantum Trading Bot - INFO - Quantum device error rate: 0.0399
2025-04-01 15:36:37,100 - Quantum Trading Bot - INFO - Quantum prediction for MSFT: 0.3850 (confidence: 0.9601)
2025-04-01 15:36:37,100 - Quantum Trading Bot - INFO - Trading signal for MSFT: 0.3850 (source: quantum)
2025-04-01 15:36:37,100 - Quantum Trading Bot - INFO - HOLD signal for MSFT (score: 0.3850, source: quantum)
2025-04-01 15:36:37,102 - Quantum Trading Bot - INFO - Processing NVDA
2025-04-01 15:36:37,102 - Quantum Trading Bot - INFO - Mock halal compliance check for NVDA: COMPLIANT
2025-04-01 15:36:37,110 - Quantum Trading Bot - INFO - Quantum device error rate: 0.0222
2025-04-01 15:36:37,113 - Quantum Trading Bot - INFO - Quantum prediction for NVDA: 0.4510 (confidence: 0.7822)
2025-04-01 15:36:37,113 - Quantum Trading Bot - INFO - Trading signal for NVDA: 0.4510 (source: quantum)
2025-04-01 15:36:37,113 - Quantum Trading Bot - INFO - HOLD signal for NVDA (score: 0.4510, source: quantum)
2025-04-01 15:36:37,119 - Quantum Trading Bot - INFO - Performance metrics saved: 40/72 winning trades
2025-04-01 15:36:37,119 - Quantum Trading Bot - INFO - Quantum prediction accuracy: 0.00
2025-04-01 15:36:37,119 - Quantum Trading Bot - INFO - Sleeping for 60 seconds
2025-04-01 15:37:31,182 - Trading System - INFO - Trading Bot is alive: True
2025-04-01 15:37:31,182 - Trading System - INFO - Monitor Bot is alive: True
2025-04-01 15:37:31,183 - Trading System - INFO - Improvement Bot is alive: True
2025-04-01 15:37:37,120 - Quantum Trading Bot - INFO - Starting trading cycle
2025-04-01 15:37:37,121 - Quantum Trading Bot - INFO - Processing AAPL
2025-04-01 15:37:37,121 - Quantum Trading Bot - INFO - Mock halal compliance check for AAPL: COMPLIANT
2025-04-01 15:37:37,144 - Quantum Trading Bot - INFO - Quantum device error rate: 0.0411
2025-04-01 15:37:37,149 - Quantum Trading Bot - INFO - Quantum prediction for AAPL: 0.7280 (confidence: 0.9589)
2025-04-01 15:37:37,149 - Quantum Trading Bot - INFO - Trading signal for AAPL: 0.7280 (source: quantum)
2025-04-01 15:37:37,150 - Quantum Trading Bot - INFO - HOLD signal for AAPL (score: 0.7280, source: quantum)
2025-04-01 15:37:37,152 - Quantum Trading Bot - INFO - Processing MSFT
2025-04-01 15:37:37,152 - Quantum Trading Bot - INFO - Mock halal compliance check for MSFT: COMPLIANT
2025-04-01 15:37:37,164 - Quantum Trading Bot - INFO - Quantum device error rate: 0.0297
2025-04-01 15:37:37,168 - Quantum Trading Bot - INFO - Quantum prediction for MSFT: 0.3190 (confidence: 0.9703)
2025-04-01 15:37:37,168 - Quantum Trading Bot - INFO - Trading signal for MSFT: 0.3190 (source: quantum)
2025-04-01 15:37:37,168 - Quantum Trading Bot - INFO - HOLD signal for MSFT (score: 0.3190, source: quantum)
2025-04-01 15:37:37,170 - Quantum Trading Bot - INFO - Processing NVDA
2025-04-01 15:37:37,170 - Quantum Trading Bot - INFO - Mock halal compliance check for NVDA: COMPLIANT
2025-04-01 15:37:37,179 - Quantum Trading Bot - INFO - Quantum device error rate: 0.0288
2025-04-01 15:37:37,182 - Quantum Trading Bot - INFO - Quantum prediction for NVDA: 0.5570 (confidence: 0.7770)
2025-04-01 15:37:37,182 - Quantum Trading Bot - INFO - Trading signal for NVDA: 0.5570 (source: quantum)
2025-04-01 15:37:37,182 - Quantum Trading Bot - INFO - HOLD signal for NVDA (score: 0.5570, source: quantum)
2025-04-01 15:37:37,188 - Quantum Trading Bot - INFO - Performance metrics saved: 40/72 winning trades
2025-04-01 15:37:37,188 - Quantum Trading Bot - INFO - Quantum prediction accuracy: 0.00
2025-04-01 15:37:37,188 - Quantum Trading Bot - INFO - Sleeping for 60 seconds
2025-04-01 15:38:31,185 - Trading System - INFO - Trading Bot is alive: True
2025-04-01 15:38:31,186 - Trading System - INFO - Monitor Bot is alive: True
2025-04-01 15:38:31,186 - Trading System - INFO - Improvement Bot is alive: True
2025-04-01 15:38:37,192 - Quantum Trading Bot - INFO - Starting trading cycle
2025-04-01 15:38:37,193 - Quantum Trading Bot - INFO - Processing AAPL
2025-04-01 15:38:37,193 - Quantum Trading Bot - INFO - Mock halal compliance check for AAPL: COMPLIANT
2025-04-01 15:38:37,213 - Quantum Trading Bot - INFO - Quantum device error rate: 0.0270
2025-04-01 15:38:37,218 - Quantum Trading Bot - INFO - Quantum prediction for AAPL: 0.2670 (confidence: 0.9730)
2025-04-01 15:38:37,218 - Quantum Trading Bot - INFO - Trading signal for AAPL: 0.2670 (source: quantum)
2025-04-01 15:38:37,218 - Quantum Trading Bot - INFO - SELL signal for AAPL (score: 0.2670, source: quantum)
2025-04-01 15:38:37,219 - Quantum Trading Bot - WARNING - Cannot sell AAPL - no position
2025-04-01 15:38:37,221 - Quantum Trading Bot - INFO - Processing MSFT
2025-04-01 15:38:37,221 - Quantum Trading Bot - INFO - Mock halal compliance check for MSFT: COMPLIANT
2025-04-01 15:38:37,231 - Quantum Trading Bot - INFO - Quantum device error rate: 0.0204
2025-04-01 15:38:37,234 - Quantum Trading Bot - INFO - Quantum prediction for MSFT: 0.9730 (confidence: 0.9796)
2025-04-01 15:38:37,234 - Quantum Trading Bot - INFO - Trading signal for MSFT: 0.9730 (source: quantum)
2025-04-01 15:38:37,234 - Quantum Trading Bot - INFO - HOLD signal for MSFT (score: 0.9730, source: quantum)
2025-04-01 15:38:37,235 - Quantum Trading Bot - INFO - Processing NVDA
2025-04-01 15:38:37,235 - Quantum Trading Bot - INFO - Mock halal compliance check for NVDA: COMPLIANT
2025-04-01 15:38:37,243 - Quantum Trading Bot - INFO - Quantum device error rate: 0.0423
2025-04-01 15:38:37,246 - Quantum Trading Bot - INFO - Quantum prediction for NVDA: 0.4060 (confidence: 0.7662)
2025-04-01 15:38:37,246 - Quantum Trading Bot - INFO - Trading signal for NVDA: 0.4060 (source: quantum)
2025-04-01 15:38:37,246 - Quantum Trading Bot - INFO - HOLD signal for NVDA (score: 0.4060, source: quantum)
2025-04-01 15:38:37,252 - Quantum Trading Bot - INFO - Performance metrics saved: 40/72 winning trades
2025-04-01 15:38:37,252 - Quantum Trading Bot - INFO - Quantum prediction accuracy: 0.00
2025-04-01 15:38:37,252 - Quantum Trading Bot - INFO - Sleeping for 60 seconds
2025-04-01 15:39:31,188 - Trading System - INFO - Trading Bot is alive: True
2025-04-01 15:39:31,188 - Trading System - INFO - Monitor Bot is alive: True
2025-04-01 15:39:31,189 - Trading System - INFO - Improvement Bot is alive: True
2025-04-01 15:39:37,256 - Quantum Trading Bot - INFO - Starting trading cycle
2025-04-01 15:39:37,257 - Quantum Trading Bot - INFO - Processing AAPL
2025-04-01 15:39:37,257 - Quantum Trading Bot - INFO - Mock halal compliance check for AAPL: COMPLIANT
2025-04-01 15:39:37,280 - Quantum Trading Bot - INFO - Quantum device error rate: 0.0273
2025-04-01 15:39:37,286 - Quantum Trading Bot - INFO - Quantum prediction for AAPL: 0.6120 (confidence: 0.9727)
2025-04-01 15:39:37,286 - Quantum Trading Bot - INFO - Trading signal for AAPL: 0.6120 (source: quantum)
2025-04-01 15:39:37,286 - Quantum Trading Bot - INFO - HOLD signal for AAPL (score: 0.6120, source: quantum)
2025-04-01 15:39:37,289 - Quantum Trading Bot - INFO - Processing MSFT
2025-04-01 15:39:37,289 - Quantum Trading Bot - INFO - Mock halal compliance check for MSFT: COMPLIANT
2025-04-01 15:39:37,299 - Quantum Trading Bot - INFO - Quantum device error rate: 0.0351
2025-04-01 15:39:37,303 - Quantum Trading Bot - INFO - Quantum prediction for MSFT: 0.5330 (confidence: 0.7719)
2025-04-01 15:39:37,303 - Quantum Trading Bot - INFO - Trading signal for MSFT: 0.5330 (source: quantum)
2025-04-01 15:39:37,303 - Quantum Trading Bot - INFO - HOLD signal for MSFT (score: 0.5330, source: quantum)
2025-04-01 15:39:37,305 - Quantum Trading Bot - INFO - Processing NVDA
2025-04-01 15:39:37,305 - Quantum Trading Bot - INFO - Mock halal compliance check for NVDA: COMPLIANT
2025-04-01 15:39:37,313 - Quantum Trading Bot - INFO - Quantum device error rate: 0.0405
2025-04-01 15:39:37,316 - Quantum Trading Bot - INFO - Quantum prediction for NVDA: 0.9030 (confidence: 0.9595)
2025-04-01 15:39:37,316 - Quantum Trading Bot - INFO - Trading signal for NVDA: 0.9030 (source: quantum)
2025-04-01 15:39:37,316 - Quantum Trading Bot - INFO - HOLD signal for NVDA (score: 0.9030, source: quantum)
2025-04-01 15:39:37,322 - Quantum Trading Bot - INFO - Performance metrics saved: 40/72 winning trades
2025-04-01 15:39:37,322 - Quantum Trading Bot - INFO - Quantum prediction accuracy: 0.00
2025-04-01 15:39:37,322 - Quantum Trading Bot - INFO - Sleeping for 60 seconds
2025-04-01 15:40:31,193 - Trading System - INFO - Trading Bot is alive: True
2025-04-01 15:40:31,193 - Trading System - INFO - Monitor Bot is alive: True
2025-04-01 15:40:31,193 - Trading System - INFO - Improvement Bot is alive: True
2025-04-01 15:40:37,326 - Quantum Trading Bot - INFO - Starting trading cycle
2025-04-01 15:40:37,327 - Quantum Trading Bot - INFO - Processing AAPL
2025-04-01 15:40:37,327 - Quantum Trading Bot - INFO - Mock halal compliance check for AAPL: COMPLIANT
2025-04-01 15:40:37,356 - Quantum Trading Bot - INFO - Quantum device error rate: 0.0330
2025-04-01 15:40:37,361 - Quantum Trading Bot - INFO - Quantum prediction for AAPL: 0.7740 (confidence: 0.9670)
2025-04-01 15:40:37,361 - Quantum Trading Bot - INFO - Trading signal for AAPL: 0.7740 (source: quantum)
2025-04-01 15:40:37,361 - Quantum Trading Bot - INFO - HOLD signal for AAPL (score: 0.7740, source: quantum)
2025-04-01 15:40:37,364 - Quantum Trading Bot - INFO - Processing MSFT
2025-04-01 15:40:37,364 - Quantum Trading Bot - INFO - Mock halal compliance check for MSFT: COMPLIANT
2025-04-01 15:40:37,375 - Quantum Trading Bot - INFO - Quantum device error rate: 0.0450
2025-04-01 15:40:37,378 - Quantum Trading Bot - INFO - Quantum prediction for MSFT: 0.0920 (confidence: 0.9550)
2025-04-01 15:40:37,378 - Quantum Trading Bot - INFO - Trading signal for MSFT: 0.0920 (source: quantum)
2025-04-01 15:40:37,378 - Quantum Trading Bot - INFO - SELL signal for MSFT (score: 0.0920, source: quantum)
2025-04-01 15:40:37,379 - Quantum Trading Bot - WARNING - Cannot sell MSFT - no position
2025-04-01 15:40:37,381 - Quantum Trading Bot - INFO - Processing NVDA
2025-04-01 15:40:37,381 - Quantum Trading Bot - INFO - Mock halal compliance check for NVDA: COMPLIANT
2025-04-01 15:40:37,389 - Quantum Trading Bot - INFO - Quantum device error rate: 0.0243
2025-04-01 15:40:37,392 - Quantum Trading Bot - INFO - Quantum prediction for NVDA: 0.2650 (confidence: 0.9757)
2025-04-01 15:40:37,392 - Quantum Trading Bot - INFO - Trading signal for NVDA: 0.2650 (source: quantum)
2025-04-01 15:40:37,392 - Quantum Trading Bot - INFO - SELL signal for NVDA (score: 0.2650, source: quantum)
2025-04-01 15:40:37,393 - Quantum Trading Bot - WARNING - Cannot sell NVDA - no position
2025-04-01 15:40:37,399 - Quantum Trading Bot - INFO - Performance metrics saved: 40/72 winning trades
2025-04-01 15:40:37,399 - Quantum Trading Bot - INFO - Quantum prediction accuracy: 0.00
2025-04-01 15:40:37,399 - Quantum Trading Bot - INFO - Sleeping for 60 seconds
2025-04-01 15:41:31,198 - Trading System - INFO - Trading Bot is alive: True
2025-04-01 15:41:31,198 - Trading System - INFO - Monitor Bot is alive: True
2025-04-01 15:41:31,198 - Trading System - INFO - Improvement Bot is alive: True
2025-04-01 15:41:37,403 - Quantum Trading Bot - INFO - Starting trading cycle
2025-04-01 15:41:37,403 - Quantum Trading Bot - INFO - Processing AAPL
2025-04-01 15:41:37,403 - Quantum Trading Bot - INFO - Mock halal compliance check for AAPL: COMPLIANT
2025-04-01 15:41:37,428 - Quantum Trading Bot - INFO - Quantum device error rate: 0.0315
2025-04-01 15:41:37,433 - Quantum Trading Bot - INFO - Quantum prediction for AAPL: 0.3630 (confidence: 0.9685)
2025-04-01 15:41:37,433 - Quantum Trading Bot - INFO - Trading signal for AAPL: 0.3630 (source: quantum)
2025-04-01 15:41:37,433 - Quantum Trading Bot - INFO - HOLD signal for AAPL (score: 0.3630, source: quantum)
2025-04-01 15:41:37,436 - Quantum Trading Bot - INFO - Processing MSFT
2025-04-01 15:41:37,436 - Quantum Trading Bot - INFO - Mock halal compliance check for MSFT: COMPLIANT
2025-04-01 15:41:37,447 - Quantum Trading Bot - INFO - Quantum device error rate: 0.0411
2025-04-01 15:41:37,450 - Quantum Trading Bot - INFO - Quantum prediction for MSFT: 0.1940 (confidence: 0.9589)
2025-04-01 15:41:37,450 - Quantum Trading Bot - INFO - Trading signal for MSFT: 0.1940 (source: quantum)
2025-04-01 15:41:37,450 - Quantum Trading Bot - INFO - SELL signal for MSFT (score: 0.1940, source: quantum)
2025-04-01 15:41:37,451 - Quantum Trading Bot - WARNING - Cannot sell MSFT - no position
2025-04-01 15:41:37,453 - Quantum Trading Bot - INFO - Processing NVDA
2025-04-01 15:41:37,453 - Quantum Trading Bot - INFO - Mock halal compliance check for NVDA: COMPLIANT
2025-04-01 15:41:37,462 - Quantum Trading Bot - INFO - Quantum device error rate: 0.0474
2025-04-01 15:41:37,465 - Quantum Trading Bot - INFO - Quantum prediction for NVDA: 0.6010 (confidence: 0.9526)
2025-04-01 15:41:37,465 - Quantum Trading Bot - INFO - Trading signal for NVDA: 0.6010 (source: quantum)
2025-04-01 15:41:37,465 - Quantum Trading Bot - INFO - HOLD signal for NVDA (score: 0.6010, source: quantum)
2025-04-01 15:41:37,471 - Quantum Trading Bot - INFO - Performance metrics saved: 40/72 winning trades
2025-04-01 15:41:37,471 - Quantum Trading Bot - INFO - Quantum prediction accuracy: 0.00
2025-04-01 15:41:37,471 - Quantum Trading Bot - ERROR - Error updating quantum model: name 'update_quantum_model' is not defined
2025-04-01 15:41:37,471 - Quantum Trading Bot - INFO - Sleeping for 60 seconds
2025-04-01 15:42:31,203 - Trading System - INFO - Trading Bot is alive: True
2025-04-01 15:42:31,203 - Trading System - INFO - Monitor Bot is alive: True
2025-04-01 15:42:31,203 - Trading System - INFO - Improvement Bot is alive: True
2025-04-01 15:42:37,475 - Quantum Trading Bot - INFO - Starting trading cycle
2025-04-01 15:42:37,475 - Quantum Trading Bot - INFO - Processing AAPL
2025-04-01 15:42:37,476 - Quantum Trading Bot - INFO - Mock halal compliance check for AAPL: COMPLIANT
2025-04-01 15:42:37,495 - Quantum Trading Bot - INFO - Quantum device error rate: 0.0288
2025-04-01 15:42:37,500 - Quantum Trading Bot - INFO - Quantum prediction for AAPL: 0.3110 (confidence: 0.9712)
2025-04-01 15:42:37,500 - Quantum Trading Bot - INFO - Trading signal for AAPL: 0.3110 (source: quantum)
2025-04-01 15:42:37,500 - Quantum Trading Bot - INFO - HOLD signal for AAPL (score: 0.3110, source: quantum)
2025-04-01 15:42:37,502 - Quantum Trading Bot - INFO - Processing MSFT
2025-04-01 15:42:37,502 - Quantum Trading Bot - INFO - Mock halal compliance check for MSFT: COMPLIANT
2025-04-01 15:42:37,512 - Quantum Trading Bot - INFO - Quantum device error rate: 0.0345
2025-04-01 15:42:37,515 - Quantum Trading Bot - INFO - Quantum prediction for MSFT: 0.3920 (confidence: 0.9655)
2025-04-01 15:42:37,515 - Quantum Trading Bot - INFO - Trading signal for MSFT: 0.3920 (source: quantum)
2025-04-01 15:42:37,515 - Quantum Trading Bot - INFO - HOLD signal for MSFT (score: 0.3920, source: quantum)
2025-04-01 15:42:37,516 - Quantum Trading Bot - INFO - Processing NVDA
2025-04-01 15:42:37,516 - Quantum Trading Bot - INFO - Mock halal compliance check for NVDA: COMPLIANT
2025-04-01 15:42:37,524 - Quantum Trading Bot - INFO - Quantum device error rate: 0.0390
2025-04-01 15:42:37,527 - Quantum Trading Bot - INFO - Quantum prediction for NVDA: 0.3560 (confidence: 0.9610)
2025-04-01 15:42:37,527 - Quantum Trading Bot - INFO - Trading signal for NVDA: 0.3560 (source: quantum)
2025-04-01 15:42:37,527 - Quantum Trading Bot - INFO - HOLD signal for NVDA (score: 0.3560, source: quantum)
2025-04-01 15:42:37,533 - Quantum Trading Bot - INFO - Performance metrics saved: 40/72 winning trades
2025-04-01 15:42:37,533 - Quantum Trading Bot - INFO - Quantum prediction accuracy: 0.00
2025-04-01 15:42:37,533 - Quantum Trading Bot - INFO - Sleeping for 60 seconds
2025-04-01 15:43:31,206 - Trading System - INFO - Trading Bot is alive: True
2025-04-01 15:43:31,206 - Trading System - INFO - Monitor Bot is alive: True
2025-04-01 15:43:31,207 - Trading System - INFO - Improvement Bot is alive: True
2025-04-01 15:43:32,024 - Monitor Bot - INFO - Running scheduled task: Quantum System Health Check
2025-04-01 15:43:32,025 - Monitor Bot - INFO - Monitoring quantum system health
2025-04-01 15:43:32,026 - Monitor Bot - INFO - Average quantum error rate: 0.0382
2025-04-01 15:43:32,028 - Monitor Bot - INFO - Task Quantum System Health Check completed successfully
2025-04-01 15:43:37,537 - Quantum Trading Bot - INFO - Starting trading cycle
2025-04-01 15:43:37,538 - Quantum Trading Bot - INFO - Processing AAPL
2025-04-01 15:43:37,538 - Quantum Trading Bot - INFO - Mock halal compliance check for AAPL: COMPLIANT
2025-04-01 15:43:37,558 - Quantum Trading Bot - INFO - Quantum device error rate: 0.0357
2025-04-01 15:43:37,562 - Quantum Trading Bot - INFO - Quantum prediction for AAPL: 0.5130 (confidence: 0.7714)
2025-04-01 15:43:37,563 - Quantum Trading Bot - INFO - Trading signal for AAPL: 0.5130 (source: quantum)
2025-04-01 15:43:37,563 - Quantum Trading Bot - INFO - HOLD signal for AAPL (score: 0.5130, source: quantum)
2025-04-01 15:43:37,565 - Quantum Trading Bot - INFO - Processing MSFT
2025-04-01 15:43:37,565 - Quantum Trading Bot - INFO - Mock halal compliance check for MSFT: COMPLIANT
2025-04-01 15:43:37,575 - Quantum Trading Bot - INFO - Quantum device error rate: 0.0285
2025-04-01 15:43:37,578 - Quantum Trading Bot - INFO - Quantum prediction for MSFT: 0.7320 (confidence: 0.9715)
2025-04-01 15:43:37,578 - Quantum Trading Bot - INFO - Trading signal for MSFT: 0.7320 (source: quantum)
2025-04-01 15:43:37,578 - Quantum Trading Bot - INFO - HOLD signal for MSFT (score: 0.7320, source: quantum)
2025-04-01 15:43:37,580 - Quantum Trading Bot - INFO - Processing NVDA
2025-04-01 15:43:37,580 - Quantum Trading Bot - INFO - Mock halal compliance check for NVDA: COMPLIANT
2025-04-01 15:43:37,588 - Quantum Trading Bot - INFO - Quantum device error rate: 0.0381
2025-04-01 15:43:37,591 - Quantum Trading Bot - INFO - Quantum prediction for NVDA: 0.2750 (confidence: 0.9619)
2025-04-01 15:43:37,591 - Quantum Trading Bot - INFO - Trading signal for NVDA: 0.2750 (source: quantum)
2025-04-01 15:43:37,591 - Quantum Trading Bot - INFO - SELL signal for NVDA (score: 0.2750, source: quantum)
2025-04-01 15:43:37,592 - Quantum Trading Bot - WARNING - Cannot sell NVDA - no position
2025-04-01 15:43:37,598 - Quantum Trading Bot - INFO - Performance metrics saved: 40/72 winning trades
2025-04-01 15:43:37,598 - Quantum Trading Bot - INFO - Quantum prediction accuracy: 0.00
2025-04-01 15:43:37,598 - Quantum Trading Bot - INFO - Sleeping for 60 seconds
2025-04-01 15:44:31,209 - Trading System - INFO - Trading Bot is alive: True
2025-04-01 15:44:31,209 - Trading System - INFO - Monitor Bot is alive: True
2025-04-01 15:44:31,209 - Trading System - INFO - Improvement Bot is alive: True
2025-04-01 15:44:37,602 - Quantum Trading Bot - INFO - Starting trading cycle
2025-04-01 15:44:37,602 - Quantum Trading Bot - INFO - Processing AAPL
2025-04-01 15:44:37,603 - Quantum Trading Bot - INFO - Mock halal compliance check for AAPL: COMPLIANT
2025-04-01 15:44:37,627 - Quantum Trading Bot - INFO - Quantum device error rate: 0.0477
2025-04-01 15:44:37,632 - Quantum Trading Bot - INFO - Quantum prediction for AAPL: 0.7960 (confidence: 0.9523)
2025-04-01 15:44:37,632 - Quantum Trading Bot - INFO - Trading signal for AAPL: 0.7960 (source: quantum)
2025-04-01 15:44:37,632 - Quantum Trading Bot - INFO - HOLD signal for AAPL (score: 0.7960, source: quantum)
2025-04-01 15:44:37,635 - Quantum Trading Bot - INFO - Processing MSFT
2025-04-01 15:44:37,635 - Quantum Trading Bot - INFO - Mock halal compliance check for MSFT: COMPLIANT
2025-04-01 15:44:37,646 - Quantum Trading Bot - INFO - Quantum device error rate: 0.0564
2025-04-01 15:44:37,656 - Quantum Trading Bot - INFO - Quantum prediction for MSFT: 0.2235 (confidence: 0.9436)
2025-04-01 15:44:37,656 - Quantum Trading Bot - INFO - Trading signal for MSFT: 0.2235 (source: quantum)
2025-04-01 15:44:37,656 - Quantum Trading Bot - INFO - SELL signal for MSFT (score: 0.2235, source: quantum)
2025-04-01 15:44:37,656 - Quantum Trading Bot - WARNING - Cannot sell MSFT - no position
2025-04-01 15:44:37,658 - Quantum Trading Bot - INFO - Processing NVDA
2025-04-01 15:44:37,658 - Quantum Trading Bot - INFO - Mock halal compliance check for NVDA: COMPLIANT
2025-04-01 15:44:37,667 - Quantum Trading Bot - INFO - Quantum device error rate: 0.0375
2025-04-01 15:44:37,669 - Quantum Trading Bot - INFO - Quantum prediction for NVDA: 0.3560 (confidence: 0.9625)
2025-04-01 15:44:37,669 - Quantum Trading Bot - INFO - Trading signal for NVDA: 0.3560 (source: quantum)
2025-04-01 15:44:37,669 - Quantum Trading Bot - INFO - HOLD signal for NVDA (score: 0.3560, source: quantum)
2025-04-01 15:44:37,675 - Quantum Trading Bot - INFO - Performance metrics saved: 40/72 winning trades
2025-04-01 15:44:37,675 - Quantum Trading Bot - INFO - Quantum prediction accuracy: 0.00
2025-04-01 15:44:37,675 - Quantum Trading Bot - INFO - Sleeping for 60 seconds
2025-04-01 15:45:31,213 - Trading System - INFO - Trading Bot is alive: True
2025-04-01 15:45:31,213 - Trading System - INFO - Monitor Bot is alive: True
2025-04-01 15:45:31,213 - Trading System - INFO - Improvement Bot is alive: True
2025-04-01 15:45:37,679 - Quantum Trading Bot - INFO - Starting trading cycle
2025-04-01 15:45:37,680 - Quantum Trading Bot - INFO - Processing AAPL
2025-04-01 15:45:37,680 - Quantum Trading Bot - INFO - Mock halal compliance check for AAPL: COMPLIANT
2025-04-01 15:45:37,705 - Quantum Trading Bot - INFO - Quantum device error rate: 0.0468
2025-04-01 15:45:37,710 - Quantum Trading Bot - INFO - Quantum prediction for AAPL: 0.1610 (confidence: 0.9532)
2025-04-01 15:45:37,710 - Quantum Trading Bot - INFO - Trading signal for AAPL: 0.1610 (source: quantum)
2025-04-01 15:45:37,710 - Quantum Trading Bot - INFO - SELL signal for AAPL (score: 0.1610, source: quantum)
2025-04-01 15:45:37,711 - Quantum Trading Bot - WARNING - Cannot sell AAPL - no position
2025-04-01 15:45:37,714 - Quantum Trading Bot - INFO - Processing MSFT
2025-04-01 15:45:37,714 - Quantum Trading Bot - INFO - Mock halal compliance check for MSFT: COMPLIANT
2025-04-01 15:45:37,725 - Quantum Trading Bot - INFO - Quantum device error rate: 0.0303
2025-04-01 15:45:37,728 - Quantum Trading Bot - INFO - Quantum prediction for MSFT: 0.7760 (confidence: 0.9697)
2025-04-01 15:45:37,728 - Quantum Trading Bot - INFO - Trading signal for MSFT: 0.7760 (source: quantum)
2025-04-01 15:45:37,728 - Quantum Trading Bot - INFO - HOLD signal for MSFT (score: 0.7760, source: quantum)
2025-04-01 15:45:37,730 - Quantum Trading Bot - INFO - Processing NVDA
2025-04-01 15:45:37,730 - Quantum Trading Bot - INFO - Mock halal compliance check for NVDA: COMPLIANT
2025-04-01 15:45:37,738 - Quantum Trading Bot - INFO - Quantum device error rate: 0.0312
2025-04-01 15:45:37,741 - Quantum Trading Bot - INFO - Quantum prediction for NVDA: 0.6150 (confidence: 0.9688)
2025-04-01 15:45:37,741 - Quantum Trading Bot - INFO - Trading signal for NVDA: 0.6150 (source: quantum)
2025-04-01 15:45:37,741 - Quantum Trading Bot - INFO - HOLD signal for NVDA (score: 0.6150, source: quantum)
2025-04-01 15:45:37,747 - Quantum Trading Bot - INFO - Performance metrics saved: 40/72 winning trades
2025-04-01 15:45:37,747 - Quantum Trading Bot - INFO - Quantum prediction accuracy: 0.00
2025-04-01 15:45:37,747 - Quantum Trading Bot - INFO - Sleeping for 60 seconds
2025-04-01 15:46:31,214 - Trading System - INFO - Trading Bot is alive: True
2025-04-01 15:46:31,215 - Trading System - INFO - Monitor Bot is alive: True
2025-04-01 15:46:31,215 - Trading System - INFO - Improvement Bot is alive: True
2025-04-01 15:46:37,752 - Quantum Trading Bot - INFO - Starting trading cycle
2025-04-01 15:46:37,752 - Quantum Trading Bot - INFO - Processing AAPL
2025-04-01 15:46:37,752 - Quantum Trading Bot - INFO - Mock halal compliance check for AAPL: COMPLIANT
2025-04-01 15:46:37,775 - Quantum Trading Bot - INFO - Quantum device error rate: 0.0696
2025-04-01 15:46:37,788 - Quantum Trading Bot - INFO - Quantum prediction for AAPL: 0.5923 (confidence: 0.7443)
2025-04-01 15:46:37,789 - Quantum Trading Bot - INFO - Trading signal for AAPL: 0.5923 (source: quantum)
2025-04-01 15:46:37,789 - Quantum Trading Bot - INFO - HOLD signal for AAPL (score: 0.5923, source: quantum)
2025-04-01 15:46:37,791 - Quantum Trading Bot - INFO - Processing MSFT
2025-04-01 15:46:37,791 - Quantum Trading Bot - INFO - Mock halal compliance check for MSFT: COMPLIANT
2025-04-01 15:46:37,802 - Quantum Trading Bot - INFO - Quantum device error rate: 0.0294
2025-04-01 15:46:37,805 - Quantum Trading Bot - INFO - Quantum prediction for MSFT: 0.9680 (confidence: 0.9706)
2025-04-01 15:46:37,806 - Quantum Trading Bot - INFO - Trading signal for MSFT: 0.9680 (source: quantum)
2025-04-01 15:46:37,806 - Quantum Trading Bot - INFO - HOLD signal for MSFT (score: 0.9680, source: quantum)
2025-04-01 15:46:37,808 - Quantum Trading Bot - INFO - Processing NVDA
2025-04-01 15:46:37,808 - Quantum Trading Bot - INFO - Mock halal compliance check for NVDA: COMPLIANT
2025-04-01 15:46:37,816 - Quantum Trading Bot - INFO - Quantum device error rate: 0.0540
2025-04-01 15:46:37,824 - Quantum Trading Bot - INFO - Quantum prediction for NVDA: 0.6741 (confidence: 0.9460)
2025-04-01 15:46:37,824 - Quantum Trading Bot - INFO - Trading signal for NVDA: 0.6741 (source: quantum)
2025-04-01 15:46:37,824 - Quantum Trading Bot - INFO - HOLD signal for NVDA (score: 0.6741, source: quantum)
2025-04-01 15:46:37,830 - Quantum Trading Bot - INFO - Performance metrics saved: 40/72 winning trades
2025-04-01 15:46:37,831 - Quantum Trading Bot - INFO - Quantum prediction accuracy: 0.00
2025-04-01 15:46:37,831 - Quantum Trading Bot - INFO - Sleeping for 60 seconds
2025-04-01 15:47:31,217 - Trading System - INFO - Trading Bot is alive: True
2025-04-01 15:47:31,217 - Trading System - INFO - Monitor Bot is alive: True
2025-04-01 15:47:31,218 - Trading System - INFO - Improvement Bot is alive: True
2025-04-01 15:47:37,835 - Quantum Trading Bot - INFO - Starting trading cycle
2025-04-01 15:47:37,835 - Quantum Trading Bot - INFO - Processing AAPL
2025-04-01 15:47:37,835 - Quantum Trading Bot - INFO - Mock halal compliance check for AAPL: COMPLIANT
2025-04-01 15:47:37,854 - Quantum Trading Bot - INFO - Quantum device error rate: 0.0399
2025-04-01 15:47:37,858 - Quantum Trading Bot - INFO - Quantum prediction for AAPL: 0.1800 (confidence: 0.9601)
2025-04-01 15:47:37,859 - Quantum Trading Bot - INFO - Trading signal for AAPL: 0.1800 (source: quantum)
2025-04-01 15:47:37,859 - Quantum Trading Bot - INFO - SELL signal for AAPL (score: 0.1800, source: quantum)
2025-04-01 15:47:37,860 - Quantum Trading Bot - WARNING - Cannot sell AAPL - no position
2025-04-01 15:47:37,862 - Quantum Trading Bot - INFO - Processing MSFT
2025-04-01 15:47:37,862 - Quantum Trading Bot - INFO - Mock halal compliance check for MSFT: COMPLIANT
2025-04-01 15:47:37,872 - Quantum Trading Bot - INFO - Quantum device error rate: 0.0399
2025-04-01 15:47:37,875 - Quantum Trading Bot - INFO - Quantum prediction for MSFT: 0.5810 (confidence: 0.7681)
2025-04-01 15:47:37,875 - Quantum Trading Bot - INFO - Trading signal for MSFT: 0.5810 (source: quantum)
2025-04-01 15:47:37,875 - Quantum Trading Bot - INFO - HOLD signal for MSFT (score: 0.5810, source: quantum)
2025-04-01 15:47:37,877 - Quantum Trading Bot - INFO - Processing NVDA
2025-04-01 15:47:37,877 - Quantum Trading Bot - INFO - Mock halal compliance check for NVDA: COMPLIANT
2025-04-01 15:47:37,885 - Quantum Trading Bot - INFO - Quantum device error rate: 0.0351
2025-04-01 15:47:37,887 - Quantum Trading Bot - INFO - Quantum prediction for NVDA: 0.2600 (confidence: 0.9649)
2025-04-01 15:47:37,887 - Quantum Trading Bot - INFO - Trading signal for NVDA: 0.2600 (source: quantum)
2025-04-01 15:47:37,887 - Quantum Trading Bot - INFO - SELL signal for NVDA (score: 0.2600, source: quantum)
2025-04-01 15:47:37,888 - Quantum Trading Bot - WARNING - Cannot sell NVDA - no position
2025-04-01 15:47:37,894 - Quantum Trading Bot - INFO - Performance metrics saved: 40/72 winning trades
2025-04-01 15:47:37,894 - Quantum Trading Bot - INFO - Quantum prediction accuracy: 0.00
2025-04-01 15:47:37,894 - Quantum Trading Bot - INFO - Sleeping for 60 seconds
2025-04-01 15:48:31,222 - Trading System - INFO - Trading Bot is alive: True
2025-04-01 15:48:31,222 - Trading System - INFO - Monitor Bot is alive: True
2025-04-01 15:48:31,223 - Trading System - INFO - Improvement Bot is alive: True
2025-04-01 15:48:37,898 - Quantum Trading Bot - INFO - Starting trading cycle
2025-04-01 15:48:37,898 - Quantum Trading Bot - INFO - Processing AAPL
2025-04-01 15:48:37,899 - Quantum Trading Bot - INFO - Mock halal compliance check for AAPL: COMPLIANT
2025-04-01 15:48:37,923 - Quantum Trading Bot - INFO - Quantum device error rate: 0.0249
2025-04-01 15:48:37,928 - Quantum Trading Bot - INFO - Quantum prediction for AAPL: 0.3460 (confidence: 0.9751)
2025-04-01 15:48:37,928 - Quantum Trading Bot - INFO - Trading signal for AAPL: 0.3460 (source: quantum)
2025-04-01 15:48:37,928 - Quantum Trading Bot - INFO - HOLD signal for AAPL (score: 0.3460, source: quantum)
2025-04-01 15:48:37,931 - Quantum Trading Bot - INFO - Processing MSFT
2025-04-01 15:48:37,931 - Quantum Trading Bot - INFO - Mock halal compliance check for MSFT: COMPLIANT
2025-04-01 15:48:37,942 - Quantum Trading Bot - INFO - Quantum device error rate: 0.0354
2025-04-01 15:48:37,945 - Quantum Trading Bot - INFO - Quantum prediction for MSFT: 0.6390 (confidence: 0.9646)
2025-04-01 15:48:37,945 - Quantum Trading Bot - INFO - Trading signal for MSFT: 0.6390 (source: quantum)
2025-04-01 15:48:37,946 - Quantum Trading Bot - INFO - HOLD signal for MSFT (score: 0.6390, source: quantum)
2025-04-01 15:48:37,948 - Quantum Trading Bot - INFO - Processing NVDA
2025-04-01 15:48:37,948 - Quantum Trading Bot - INFO - Mock halal compliance check for NVDA: COMPLIANT
2025-04-01 15:48:37,956 - Quantum Trading Bot - INFO - Quantum device error rate: 0.0459
2025-04-01 15:48:37,959 - Quantum Trading Bot - INFO - Quantum prediction for NVDA: 0.1100 (confidence: 0.9541)
2025-04-01 15:48:37,959 - Quantum Trading Bot - INFO - Trading signal for NVDA: 0.1100 (source: quantum)
2025-04-01 15:48:37,959 - Quantum Trading Bot - INFO - SELL signal for NVDA (score: 0.1100, source: quantum)
2025-04-01 15:48:37,960 - Quantum Trading Bot - WARNING - Cannot sell NVDA - no position
2025-04-01 15:48:37,966 - Quantum Trading Bot - INFO - Performance metrics saved: 40/72 winning trades
2025-04-01 15:48:37,966 - Quantum Trading Bot - INFO - Quantum prediction accuracy: 0.00
2025-04-01 15:48:37,966 - Quantum Trading Bot - INFO - Sleeping for 60 seconds
2025-04-01 15:49:31,227 - Trading System - INFO - Trading Bot is alive: True
2025-04-01 15:49:31,227 - Trading System - INFO - Monitor Bot is alive: True
2025-04-01 15:49:31,227 - Trading System - INFO - Improvement Bot is alive: True
2025-04-01 15:49:37,970 - Quantum Trading Bot - INFO - Starting trading cycle
2025-04-01 15:49:37,971 - Quantum Trading Bot - INFO - Processing AAPL
2025-04-01 15:49:37,971 - Quantum Trading Bot - INFO - Mock halal compliance check for AAPL: COMPLIANT
2025-04-01 15:49:37,993 - Quantum Trading Bot - INFO - Quantum device error rate: 0.0411
2025-04-01 15:49:37,999 - Quantum Trading Bot - INFO - Quantum prediction for AAPL: 0.5640 (confidence: 0.7671)
2025-04-01 15:49:37,999 - Quantum Trading Bot - INFO - Trading signal for AAPL: 0.5640 (source: quantum)
2025-04-01 15:49:37,999 - Quantum Trading Bot - INFO - HOLD signal for AAPL (score: 0.5640, source: quantum)
2025-04-01 15:49:38,002 - Quantum Trading Bot - INFO - Processing MSFT
2025-04-01 15:49:38,002 - Quantum Trading Bot - INFO - Mock halal compliance check for MSFT: COMPLIANT
2025-04-01 15:49:38,014 - Quantum Trading Bot - INFO - Quantum device error rate: 0.0297
2025-04-01 15:49:38,018 - Quantum Trading Bot - INFO - Quantum prediction for MSFT: 0.6330 (confidence: 0.9703)
2025-04-01 15:49:38,018 - Quantum Trading Bot - INFO - Trading signal for MSFT: 0.6330 (source: quantum)
2025-04-01 15:49:38,018 - Quantum Trading Bot - INFO - HOLD signal for MSFT (score: 0.6330, source: quantum)
2025-04-01 15:49:38,020 - Quantum Trading Bot - INFO - Processing NVDA
2025-04-01 15:49:38,020 - Quantum Trading Bot - INFO - Mock halal compliance check for NVDA: COMPLIANT
2025-04-01 15:49:38,030 - Quantum Trading Bot - INFO - Quantum device error rate: 0.0435
2025-04-01 15:49:38,033 - Quantum Trading Bot - INFO - Quantum prediction for NVDA: 0.8040 (confidence: 0.9565)
2025-04-01 15:49:38,033 - Quantum Trading Bot - INFO - Trading signal for NVDA: 0.8040 (source: quantum)
2025-04-01 15:49:38,033 - Quantum Trading Bot - INFO - HOLD signal for NVDA (score: 0.8040, source: quantum)
2025-04-01 15:49:38,039 - Quantum Trading Bot - INFO - Performance metrics saved: 40/72 winning trades
2025-04-01 15:49:38,039 - Quantum Trading Bot - INFO - Quantum prediction accuracy: 0.00
2025-04-01 15:49:38,039 - Quantum Trading Bot - INFO - Sleeping for 60 seconds
2025-04-01 15:50:31,230 - Trading System - INFO - Trading Bot is alive: True
2025-04-01 15:50:31,231 - Trading System - INFO - Monitor Bot is alive: True
2025-04-01 15:50:31,231 - Trading System - INFO - Improvement Bot is alive: True
2025-04-01 15:50:38,044 - Quantum Trading Bot - INFO - Starting trading cycle
2025-04-01 15:50:38,045 - Quantum Trading Bot - INFO - Processing AAPL
2025-04-01 15:50:38,045 - Quantum Trading Bot - INFO - Mock halal compliance check for AAPL: COMPLIANT
2025-04-01 15:50:38,067 - Quantum Trading Bot - INFO - Quantum device error rate: 0.0339
2025-04-01 15:50:38,072 - Quantum Trading Bot - INFO - Quantum prediction for AAPL: 0.4490 (confidence: 0.7729)
2025-04-01 15:50:38,072 - Quantum Trading Bot - INFO - Trading signal for AAPL: 0.4490 (source: quantum)
2025-04-01 15:50:38,072 - Quantum Trading Bot - INFO - HOLD signal for AAPL (score: 0.4490, source: quantum)
2025-04-01 15:50:38,075 - Quantum Trading Bot - INFO - Processing MSFT
2025-04-01 15:50:38,075 - Quantum Trading Bot - INFO - Mock halal compliance check for MSFT: COMPLIANT
2025-04-01 15:50:38,086 - Quantum Trading Bot - INFO - Quantum device error rate: 0.0300
2025-04-01 15:50:38,089 - Quantum Trading Bot - INFO - Quantum prediction for MSFT: 0.3850 (confidence: 0.9700)
2025-04-01 15:50:38,089 - Quantum Trading Bot - INFO - Trading signal for MSFT: 0.3850 (source: quantum)
2025-04-01 15:50:38,089 - Quantum Trading Bot - INFO - HOLD signal for MSFT (score: 0.3850, source: quantum)
2025-04-01 15:50:38,091 - Quantum Trading Bot - INFO - Processing NVDA
2025-04-01 15:50:38,091 - Quantum Trading Bot - INFO - Mock halal compliance check for NVDA: COMPLIANT
2025-04-01 15:50:38,099 - Quantum Trading Bot - INFO - Quantum device error rate: 0.0321
2025-04-01 15:50:38,102 - Quantum Trading Bot - INFO - Quantum prediction for NVDA: 0.4570 (confidence: 0.7743)
2025-04-01 15:50:38,102 - Quantum Trading Bot - INFO - Trading signal for NVDA: 0.4570 (source: quantum)
2025-04-01 15:50:38,102 - Quantum Trading Bot - INFO - HOLD signal for NVDA (score: 0.4570, source: quantum)
2025-04-01 15:50:38,109 - Quantum Trading Bot - INFO - Performance metrics saved: 40/72 winning trades
2025-04-01 15:50:38,109 - Quantum Trading Bot - INFO - Quantum prediction accuracy: 0.00
2025-04-01 15:50:38,109 - Quantum Trading Bot - INFO - Sleeping for 60 seconds
2025-04-01 15:51:31,234 - Trading System - INFO - Trading Bot is alive: True
2025-04-01 15:51:31,236 - Trading System - INFO - Monitor Bot is alive: True
2025-04-01 15:51:31,236 - Trading System - INFO - Improvement Bot is alive: True
2025-04-01 15:51:38,113 - Quantum Trading Bot - INFO - Starting trading cycle
2025-04-01 15:51:38,113 - Quantum Trading Bot - INFO - Processing AAPL
2025-04-01 15:51:38,114 - Quantum Trading Bot - INFO - Mock halal compliance check for AAPL: COMPLIANT
2025-04-01 15:51:38,141 - Quantum Trading Bot - INFO - Quantum device error rate: 0.0435
2025-04-01 15:51:38,146 - Quantum Trading Bot - INFO - Quantum prediction for AAPL: 0.4140 (confidence: 0.7652)
2025-04-01 15:51:38,146 - Quantum Trading Bot - INFO - Trading signal for AAPL: 0.4140 (source: quantum)
2025-04-01 15:51:38,146 - Quantum Trading Bot - INFO - HOLD signal for AAPL (score: 0.4140, source: quantum)
2025-04-01 15:51:38,149 - Quantum Trading Bot - INFO - Processing MSFT
2025-04-01 15:51:38,149 - Quantum Trading Bot - INFO - Mock halal compliance check for MSFT: COMPLIANT
2025-04-01 15:51:38,160 - Quantum Trading Bot - INFO - Quantum device error rate: 0.0333
2025-04-01 15:51:38,163 - Quantum Trading Bot - INFO - Quantum prediction for MSFT: 0.6090 (confidence: 0.9667)
2025-04-01 15:51:38,163 - Quantum Trading Bot - INFO - Trading signal for MSFT: 0.6090 (source: quantum)
2025-04-01 15:51:38,163 - Quantum Trading Bot - INFO - HOLD signal for MSFT (score: 0.6090, source: quantum)
2025-04-01 15:51:38,165 - Quantum Trading Bot - INFO - Processing NVDA
2025-04-01 15:51:38,165 - Quantum Trading Bot - INFO - Mock halal compliance check for NVDA: COMPLIANT
2025-04-01 15:51:38,174 - Quantum Trading Bot - INFO - Quantum device error rate: 0.0462
2025-04-01 15:51:38,176 - Quantum Trading Bot - INFO - Quantum prediction for NVDA: 0.4010 (confidence: 0.7630)
2025-04-01 15:51:38,176 - Quantum Trading Bot - INFO - Trading signal for NVDA: 0.4010 (source: quantum)
2025-04-01 15:51:38,176 - Quantum Trading Bot - INFO - HOLD signal for NVDA (score: 0.4010, source: quantum)
2025-04-01 15:51:38,183 - Quantum Trading Bot - INFO - Performance metrics saved: 40/72 winning trades
2025-04-01 15:51:38,183 - Quantum Trading Bot - INFO - Quantum prediction accuracy: 0.00
2025-04-01 15:51:38,183 - Quantum Trading Bot - ERROR - Error updating quantum model: name 'update_quantum_model' is not defined
2025-04-01 15:51:38,195 - Quantum Trading Bot - INFO - Quantum device error rate: 0.0423
2025-04-01 15:51:38,196 - Quantum Trading Bot - ERROR - Error in portfolio optimization: name 'quantum_portfolio_optimization' is not defined
2025-04-01 15:51:38,196 - Quantum Trading Bot - INFO - Sleeping for 60 seconds
2025-04-01 15:52:30,544 - Improvement Bot - INFO - Running scheduled task: Code Quality Check - Trading Bot
2025-04-01 15:52:30,548 - Improvement Bot - INFO - Found 2 issues in trading_bot
2025-04-01 15:52:30,548 - Improvement Bot - INFO - Task Code Quality Check - Trading Bot completed successfully
2025-04-01 15:52:30,548 - Improvement Bot - INFO - Running scheduled task: Code Quality Check - Monitor Bot
2025-04-01 15:52:30,549 - Improvement Bot - INFO - No issues found in monitor_bot
2025-04-01 15:52:30,549 - Improvement Bot - WARNING - Task Code Quality Check - Monitor Bot completed with warnings
2025-04-01 15:52:30,549 - Improvement Bot - INFO - Running scheduled task: Code Quality Check - Improvement Bot
2025-04-01 15:52:30,551 - Improvement Bot - INFO - Found 6 issues in improvement_bot
2025-04-01 15:52:30,552 - Improvement Bot - INFO - Task Code Quality Check - Improvement Bot completed successfully
2025-04-01 15:52:30,552 - Improvement Bot - INFO - Running scheduled task: System Health Analysis
2025-04-01 15:52:30,554 - Improvement Bot - INFO - Win rate trend: +0.00%
2025-04-01 15:52:30,554 - Improvement Bot - INFO - Profit trend: +0.00%
2025-04-01 15:52:30,555 - Improvement Bot - INFO - System health analysis completed: healthy
2025-04-01 15:52:30,556 - Improvement Bot - INFO - Task System Health Analysis completed successfully
2025-04-01 15:52:31,239 - Trading System - INFO - Trading Bot is alive: True
2025-04-01 15:52:31,240 - Trading System - INFO - Monitor Bot is alive: True
2025-04-01 15:52:31,240 - Trading System - INFO - Improvement Bot is alive: True
2025-04-01 15:52:38,200 - Quantum Trading Bot - INFO - Starting trading cycle
2025-04-01 15:52:38,200 - Quantum Trading Bot - INFO - Processing AAPL
2025-04-01 15:52:38,200 - Quantum Trading Bot - INFO - Mock halal compliance check for AAPL: COMPLIANT
2025-04-01 15:52:38,222 - Quantum Trading Bot - INFO - Quantum device error rate: 0.0414
2025-04-01 15:52:38,227 - Quantum Trading Bot - INFO - Quantum prediction for AAPL: 0.1390 (confidence: 0.9586)
2025-04-01 15:52:38,227 - Quantum Trading Bot - INFO - Trading signal for AAPL: 0.1390 (source: quantum)
2025-04-01 15:52:38,227 - Quantum Trading Bot - INFO - SELL signal for AAPL (score: 0.1390, source: quantum)
2025-04-01 15:52:38,228 - Quantum Trading Bot - WARNING - Cannot sell AAPL - no position
2025-04-01 15:52:38,231 - Quantum Trading Bot - INFO - Processing MSFT
2025-04-01 15:52:38,231 - Quantum Trading Bot - INFO - Mock halal compliance check for MSFT: COMPLIANT
2025-04-01 15:52:38,241 - Quantum Trading Bot - INFO - Quantum device error rate: 0.0267
2025-04-01 15:52:38,244 - Quantum Trading Bot - INFO - Quantum prediction for MSFT: 0.7480 (confidence: 0.9733)
2025-04-01 15:52:38,244 - Quantum Trading Bot - INFO - Trading signal for MSFT: 0.7480 (source: quantum)
2025-04-01 15:52:38,244 - Quantum Trading Bot - INFO - HOLD signal for MSFT (score: 0.7480, source: quantum)
2025-04-01 15:52:38,247 - Quantum Trading Bot - INFO - Processing NVDA
2025-04-01 15:52:38,247 - Quantum Trading Bot - INFO - Mock halal compliance check for NVDA: COMPLIANT
2025-04-01 15:52:38,255 - Quantum Trading Bot - INFO - Quantum device error rate: 0.0297
2025-04-01 15:52:38,258 - Quantum Trading Bot - INFO - Quantum prediction for NVDA: 0.5090 (confidence: 0.7762)
2025-04-01 15:52:38,258 - Quantum Trading Bot - INFO - Trading signal for NVDA: 0.5090 (source: quantum)
2025-04-01 15:52:38,258 - Quantum Trading Bot - INFO - HOLD signal for NVDA (score: 0.5090, source: quantum)
2025-04-01 15:52:38,264 - Quantum Trading Bot - INFO - Performance metrics saved: 40/72 winning trades
2025-04-01 15:52:38,264 - Quantum Trading Bot - INFO - Quantum prediction accuracy: 0.00
2025-04-01 15:52:38,264 - Quantum Trading Bot - INFO - Sleeping for 60 seconds
2025-04-01 15:53:31,241 - Trading System - INFO - Trading Bot is alive: True
2025-04-01 15:53:31,242 - Trading System - INFO - Monitor Bot is alive: True
2025-04-01 15:53:31,242 - Trading System - INFO - Improvement Bot is alive: True
2025-04-01 15:53:38,268 - Quantum Trading Bot - INFO - Starting trading cycle
2025-04-01 15:53:38,269 - Quantum Trading Bot - INFO - Processing AAPL
2025-04-01 15:53:38,270 - Quantum Trading Bot - INFO - Mock halal compliance check for AAPL: COMPLIANT
2025-04-01 15:53:38,294 - Quantum Trading Bot - INFO - Quantum device error rate: 0.0360
2025-04-01 15:53:38,301 - Quantum Trading Bot - INFO - Quantum prediction for AAPL: 0.3780 (confidence: 0.9640)
2025-04-01 15:53:38,301 - Quantum Trading Bot - INFO - Trading signal for AAPL: 0.3780 (source: quantum)
2025-04-01 15:53:38,301 - Quantum Trading Bot - INFO - HOLD signal for AAPL (score: 0.3780, source: quantum)
2025-04-01 15:53:38,304 - Quantum Trading Bot - INFO - Processing MSFT
2025-04-01 15:53:38,304 - Quantum Trading Bot - INFO - Mock halal compliance check for MSFT: COMPLIANT
2025-04-01 15:53:38,314 - Quantum Trading Bot - INFO - Quantum device error rate: 0.0216
2025-04-01 15:53:38,318 - Quantum Trading Bot - INFO - Quantum prediction for MSFT: 0.9860 (confidence: 0.9784)
2025-04-01 15:53:38,318 - Quantum Trading Bot - INFO - Trading signal for MSFT: 0.9860 (source: quantum)
2025-04-01 15:53:38,318 - Quantum Trading Bot - INFO - HOLD signal for MSFT (score: 0.9860, source: quantum)
2025-04-01 15:53:38,320 - Quantum Trading Bot - INFO - Processing NVDA
2025-04-01 15:53:38,320 - Quantum Trading Bot - INFO - Mock halal compliance check for NVDA: COMPLIANT
2025-04-01 15:53:38,329 - Quantum Trading Bot - INFO - Quantum device error rate: 0.0507
2025-04-01 15:53:38,337 - Quantum Trading Bot - INFO - Quantum prediction for NVDA: 0.7400 (confidence: 0.9493)
2025-04-01 15:53:38,337 - Quantum Trading Bot - INFO - Trading signal for NVDA: 0.7400 (source: quantum)
2025-04-01 15:53:38,337 - Quantum Trading Bot - INFO - HOLD signal for NVDA (score: 0.7400, source: quantum)
2025-04-01 15:53:38,343 - Quantum Trading Bot - INFO - Performance metrics saved: 40/72 winning trades
2025-04-01 15:53:38,343 - Quantum Trading Bot - INFO - Quantum prediction accuracy: 0.00
2025-04-01 15:53:38,343 - Quantum Trading Bot - INFO - Sleeping for 60 seconds
2025-04-01 15:54:31,247 - Trading System - INFO - Trading Bot is alive: True
2025-04-01 15:54:31,248 - Trading System - INFO - Monitor Bot is alive: True
2025-04-01 15:54:31,248 - Trading System - INFO - Improvement Bot is alive: True
2025-04-01 15:54:38,346 - Quantum Trading Bot - INFO - Starting trading cycle
2025-04-01 15:54:38,346 - Quantum Trading Bot - INFO - Processing AAPL
2025-04-01 15:54:38,346 - Quantum Trading Bot - INFO - Mock halal compliance check for AAPL: COMPLIANT
2025-04-01 15:54:38,370 - Quantum Trading Bot - INFO - Quantum device error rate: 0.0483
2025-04-01 15:54:38,374 - Quantum Trading Bot - INFO - Quantum prediction for AAPL: 0.1400 (confidence: 0.9517)
2025-04-01 15:54:38,374 - Quantum Trading Bot - INFO - Trading signal for AAPL: 0.1400 (source: quantum)
2025-04-01 15:54:38,374 - Quantum Trading Bot - INFO - SELL signal for AAPL (score: 0.1400, source: quantum)
2025-04-01 15:54:38,375 - Quantum Trading Bot - WARNING - Cannot sell AAPL - no position
2025-04-01 15:54:38,377 - Quantum Trading Bot - INFO - Processing MSFT
2025-04-01 15:54:38,377 - Quantum Trading Bot - INFO - Mock halal compliance check for MSFT: COMPLIANT
2025-04-01 15:54:38,386 - Quantum Trading Bot - INFO - Quantum device error rate: 0.0306
2025-04-01 15:54:38,393 - Quantum Trading Bot - INFO - Quantum prediction for MSFT: 0.4370 (confidence: 0.7755)
2025-04-01 15:54:38,393 - Quantum Trading Bot - INFO - Trading signal for MSFT: 0.4370 (source: quantum)
2025-04-01 15:54:38,393 - Quantum Trading Bot - INFO - HOLD signal for MSFT (score: 0.4370, source: quantum)
2025-04-01 15:54:38,395 - Quantum Trading Bot - INFO - Processing NVDA
2025-04-01 15:54:38,395 - Quantum Trading Bot - INFO - Mock halal compliance check for NVDA: COMPLIANT
2025-04-01 15:54:38,404 - Quantum Trading Bot - INFO - Quantum device error rate: 0.0420
2025-04-01 15:54:38,407 - Quantum Trading Bot - INFO - Quantum prediction for NVDA: 0.8370 (confidence: 0.9580)
2025-04-01 15:54:38,407 - Quantum Trading Bot - INFO - Trading signal for NVDA: 0.8370 (source: quantum)
2025-04-01 15:54:38,407 - Quantum Trading Bot - INFO - HOLD signal for NVDA (score: 0.8370, source: quantum)
2025-04-01 15:54:38,413 - Quantum Trading Bot - INFO - Performance metrics saved: 40/72 winning trades
2025-04-01 15:54:38,413 - Quantum Trading Bot - INFO - Quantum prediction accuracy: 0.00
2025-04-01 15:54:38,413 - Quantum Trading Bot - INFO - Sleeping for 60 seconds
2025-04-01 15:55:31,252 - Trading System - INFO - Trading Bot is alive: True
2025-04-01 15:55:31,253 - Trading System - INFO - Monitor Bot is alive: True
2025-04-01 15:55:31,253 - Trading System - INFO - Improvement Bot is alive: True
2025-04-01 15:55:38,418 - Quantum Trading Bot - INFO - Starting trading cycle
2025-04-01 15:55:38,418 - Quantum Trading Bot - INFO - Processing AAPL
2025-04-01 15:55:38,418 - Quantum Trading Bot - INFO - Mock halal compliance check for AAPL: COMPLIANT
2025-04-01 15:55:38,443 - Quantum Trading Bot - INFO - Quantum device error rate: 0.0291
2025-04-01 15:55:38,448 - Quantum Trading Bot - INFO - Quantum prediction for AAPL: 0.2600 (confidence: 0.9709)
2025-04-01 15:55:38,448 - Quantum Trading Bot - INFO - Trading signal for AAPL: 0.2600 (source: quantum)
2025-04-01 15:55:38,448 - Quantum Trading Bot - INFO - SELL signal for AAPL (score: 0.2600, source: quantum)
2025-04-01 15:55:38,450 - Quantum Trading Bot - WARNING - Cannot sell AAPL - no position
2025-04-01 15:55:38,453 - Quantum Trading Bot - INFO - Processing MSFT
2025-04-01 15:55:38,453 - Quantum Trading Bot - INFO - Mock halal compliance check for MSFT: COMPLIANT
2025-04-01 15:55:38,463 - Quantum Trading Bot - INFO - Quantum device error rate: 0.0306
2025-04-01 15:55:38,467 - Quantum Trading Bot - INFO - Quantum prediction for MSFT: 0.7890 (confidence: 0.9694)
2025-04-01 15:55:38,467 - Quantum Trading Bot - INFO - Trading signal for MSFT: 0.7890 (source: quantum)
2025-04-01 15:55:38,467 - Quantum Trading Bot - INFO - HOLD signal for MSFT (score: 0.7890, source: quantum)
2025-04-01 15:55:38,469 - Quantum Trading Bot - INFO - Processing NVDA
2025-04-01 15:55:38,469 - Quantum Trading Bot - INFO - Mock halal compliance check for NVDA: COMPLIANT
2025-04-01 15:55:38,477 - Quantum Trading Bot - INFO - Quantum device error rate: 0.0354
2025-04-01 15:55:38,480 - Quantum Trading Bot - INFO - Quantum prediction for NVDA: 0.7630 (confidence: 0.9646)
2025-04-01 15:55:38,480 - Quantum Trading Bot - INFO - Trading signal for NVDA: 0.7630 (source: quantum)
2025-04-01 15:55:38,480 - Quantum Trading Bot - INFO - HOLD signal for NVDA (score: 0.7630, source: quantum)
2025-04-01 15:55:38,486 - Quantum Trading Bot - INFO - Performance metrics saved: 40/72 winning trades
2025-04-01 15:55:38,486 - Quantum Trading Bot - INFO - Quantum prediction accuracy: 0.00
2025-04-01 15:55:38,486 - Quantum Trading Bot - INFO - Sleeping for 60 seconds
2025-04-01 15:56:31,255 - Trading System - INFO - Trading Bot is alive: True
2025-04-01 15:56:31,255 - Trading System - INFO - Monitor Bot is alive: True
2025-04-01 15:56:31,255 - Trading System - INFO - Improvement Bot is alive: True
2025-04-01 15:56:38,491 - Quantum Trading Bot - INFO - Starting trading cycle
2025-04-01 15:56:38,491 - Quantum Trading Bot - INFO - Processing AAPL
2025-04-01 15:56:38,491 - Quantum Trading Bot - INFO - Mock halal compliance check for AAPL: COMPLIANT
2025-04-01 15:56:38,516 - Quantum Trading Bot - INFO - Quantum device error rate: 0.0234
2025-04-01 15:56:38,521 - Quantum Trading Bot - INFO - Quantum prediction for AAPL: 0.4730 (confidence: 0.7813)
2025-04-01 15:56:38,521 - Quantum Trading Bot - INFO - Trading signal for AAPL: 0.4730 (source: quantum)
2025-04-01 15:56:38,521 - Quantum Trading Bot - INFO - HOLD signal for AAPL (score: 0.4730, source: quantum)
2025-04-01 15:56:38,525 - Quantum Trading Bot - INFO - Processing MSFT
2025-04-01 15:56:38,525 - Quantum Trading Bot - INFO - Mock halal compliance check for MSFT: COMPLIANT
2025-04-01 15:56:38,535 - Quantum Trading Bot - INFO - Quantum device error rate: 0.0300
2025-04-01 15:56:38,539 - Quantum Trading Bot - INFO - Quantum prediction for MSFT: 0.5130 (confidence: 0.7760)
2025-04-01 15:56:38,539 - Quantum Trading Bot - INFO - Trading signal for MSFT: 0.5130 (source: quantum)
2025-04-01 15:56:38,539 - Quantum Trading Bot - INFO - HOLD signal for MSFT (score: 0.5130, source: quantum)
2025-04-01 15:56:38,541 - Quantum Trading Bot - INFO - Processing NVDA
2025-04-01 15:56:38,541 - Quantum Trading Bot - INFO - Mock halal compliance check for NVDA: COMPLIANT
2025-04-01 15:56:38,550 - Quantum Trading Bot - INFO - Quantum device error rate: 0.0318
2025-04-01 15:56:38,553 - Quantum Trading Bot - INFO - Quantum prediction for NVDA: 0.2410 (confidence: 0.9682)
2025-04-01 15:56:38,553 - Quantum Trading Bot - INFO - Trading signal for NVDA: 0.2410 (source: quantum)
2025-04-01 15:56:38,553 - Quantum Trading Bot - INFO - SELL signal for NVDA (score: 0.2410, source: quantum)
2025-04-01 15:56:38,554 - Quantum Trading Bot - WARNING - Cannot sell NVDA - no position
2025-04-01 15:56:38,560 - Quantum Trading Bot - INFO - Performance metrics saved: 40/72 winning trades
2025-04-01 15:56:38,560 - Quantum Trading Bot - INFO - Quantum prediction accuracy: 0.00
2025-04-01 15:56:38,560 - Quantum Trading Bot - INFO - Sleeping for 60 seconds
2025-04-01 15:57:31,258 - Trading System - INFO - Trading Bot is alive: True
2025-04-01 15:57:31,259 - Trading System - INFO - Monitor Bot is alive: True
2025-04-01 15:57:31,259 - Trading System - INFO - Improvement Bot is alive: True
2025-04-01 15:57:38,565 - Quantum Trading Bot - INFO - Starting trading cycle
2025-04-01 15:57:38,565 - Quantum Trading Bot - INFO - Processing AAPL
2025-04-01 15:57:38,565 - Quantum Trading Bot - INFO - Mock halal compliance check for AAPL: COMPLIANT
2025-04-01 15:57:38,590 - Quantum Trading Bot - INFO - Quantum device error rate: 0.0543
2025-04-01 15:57:38,604 - Quantum Trading Bot - INFO - Quantum prediction for AAPL: 0.3956 (confidence: 0.9457)
2025-04-01 15:57:38,604 - Quantum Trading Bot - INFO - Trading signal for AAPL: 0.3956 (source: quantum)
2025-04-01 15:57:38,604 - Quantum Trading Bot - INFO - HOLD signal for AAPL (score: 0.3956, source: quantum)
2025-04-01 15:57:38,606 - Quantum Trading Bot - INFO - Processing MSFT
2025-04-01 15:57:38,606 - Quantum Trading Bot - INFO - Mock halal compliance check for MSFT: COMPLIANT
2025-04-01 15:57:38,616 - Quantum Trading Bot - INFO - Quantum device error rate: 0.0495
2025-04-01 15:57:38,619 - Quantum Trading Bot - INFO - Quantum prediction for MSFT: 0.6020 (confidence: 0.9505)
2025-04-01 15:57:38,619 - Quantum Trading Bot - INFO - Trading signal for MSFT: 0.6020 (source: quantum)
2025-04-01 15:57:38,619 - Quantum Trading Bot - INFO - HOLD signal for MSFT (score: 0.6020, source: quantum)
2025-04-01 15:57:38,621 - Quantum Trading Bot - INFO - Processing NVDA
2025-04-01 15:57:38,621 - Quantum Trading Bot - INFO - Mock halal compliance check for NVDA: COMPLIANT
2025-04-01 15:57:38,629 - Quantum Trading Bot - INFO - Quantum device error rate: 0.0408
2025-04-01 15:57:38,632 - Quantum Trading Bot - INFO - Quantum prediction for NVDA: 0.6560 (confidence: 0.9592)
2025-04-01 15:57:38,632 - Quantum Trading Bot - INFO - Trading signal for NVDA: 0.6560 (source: quantum)
2025-04-01 15:57:38,632 - Quantum Trading Bot - INFO - HOLD signal for NVDA (score: 0.6560, source: quantum)
2025-04-01 15:57:38,638 - Quantum Trading Bot - INFO - Performance metrics saved: 40/72 winning trades
2025-04-01 15:57:38,638 - Quantum Trading Bot - INFO - Quantum prediction accuracy: 0.00
2025-04-01 15:57:38,638 - Quantum Trading Bot - INFO - Sleeping for 60 seconds
2025-04-01 15:58:31,262 - Trading System - INFO - Trading Bot is alive: True
2025-04-01 15:58:31,263 - Trading System - INFO - Monitor Bot is alive: True
2025-04-01 15:58:31,263 - Trading System - INFO - Improvement Bot is alive: True
2025-04-01 15:58:38,642 - Quantum Trading Bot - INFO - Starting trading cycle
2025-04-01 15:58:38,643 - Quantum Trading Bot - INFO - Processing AAPL
2025-04-01 15:58:38,643 - Quantum Trading Bot - INFO - Mock halal compliance check for AAPL: COMPLIANT
2025-04-01 15:58:38,667 - Quantum Trading Bot - INFO - Quantum device error rate: 0.0411
2025-04-01 15:58:38,672 - Quantum Trading Bot - INFO - Quantum prediction for AAPL: 0.3070 (confidence: 0.9589)
2025-04-01 15:58:38,672 - Quantum Trading Bot - INFO - Trading signal for AAPL: 0.3070 (source: quantum)
2025-04-01 15:58:38,672 - Quantum Trading Bot - INFO - HOLD signal for AAPL (score: 0.3070, source: quantum)
2025-04-01 15:58:38,675 - Quantum Trading Bot - INFO - Processing MSFT
2025-04-01 15:58:38,675 - Quantum Trading Bot - INFO - Mock halal compliance check for MSFT: COMPLIANT
2025-04-01 15:58:38,686 - Quantum Trading Bot - INFO - Quantum device error rate: 0.0423
2025-04-01 15:58:38,689 - Quantum Trading Bot - INFO - Quantum prediction for MSFT: 0.4440 (confidence: 0.7662)
2025-04-01 15:58:38,690 - Quantum Trading Bot - INFO - Trading signal for MSFT: 0.4440 (source: quantum)
2025-04-01 15:58:38,690 - Quantum Trading Bot - INFO - HOLD signal for MSFT (score: 0.4440, source: quantum)
2025-04-01 15:58:38,692 - Quantum Trading Bot - INFO - Processing NVDA
2025-04-01 15:58:38,692 - Quantum Trading Bot - INFO - Mock halal compliance check for NVDA: COMPLIANT
2025-04-01 15:58:38,700 - Quantum Trading Bot - INFO - Quantum device error rate: 0.0375
2025-04-01 15:58:38,703 - Quantum Trading Bot - INFO - Quantum prediction for NVDA: 0.0520 (confidence: 0.9625)
2025-04-01 15:58:38,703 - Quantum Trading Bot - INFO - Trading signal for NVDA: 0.0520 (source: quantum)
2025-04-01 15:58:38,703 - Quantum Trading Bot - INFO - SELL signal for NVDA (score: 0.0520, source: quantum)
2025-04-01 15:58:38,704 - Quantum Trading Bot - WARNING - Cannot sell NVDA - no position
2025-04-01 15:58:38,710 - Quantum Trading Bot - INFO - Performance metrics saved: 40/72 winning trades
2025-04-01 15:58:38,710 - Quantum Trading Bot - INFO - Quantum prediction accuracy: 0.00
2025-04-01 15:58:38,710 - Quantum Trading Bot - INFO - Sleeping for 60 seconds
2025-04-01 15:59:31,265 - Trading System - INFO - Trading Bot is alive: True
2025-04-01 15:59:31,266 - Trading System - INFO - Monitor Bot is alive: True
2025-04-01 15:59:31,266 - Trading System - INFO - Improvement Bot is alive: True
2025-04-01 15:59:38,714 - Quantum Trading Bot - INFO - Starting trading cycle
2025-04-01 15:59:38,715 - Quantum Trading Bot - INFO - Processing AAPL
2025-04-01 15:59:38,715 - Quantum Trading Bot - INFO - Mock halal compliance check for AAPL: COMPLIANT
2025-04-01 15:59:38,739 - Quantum Trading Bot - INFO - Quantum device error rate: 0.0282
2025-04-01 15:59:38,745 - Quantum Trading Bot - INFO - Quantum prediction for AAPL: 0.2200 (confidence: 0.9718)
2025-04-01 15:59:38,745 - Quantum Trading Bot - INFO - Trading signal for AAPL: 0.2200 (source: quantum)
2025-04-01 15:59:38,745 - Quantum Trading Bot - INFO - SELL signal for AAPL (score: 0.2200, source: quantum)
2025-04-01 15:59:38,746 - Quantum Trading Bot - WARNING - Cannot sell AAPL - no position
2025-04-01 15:59:38,749 - Quantum Trading Bot - INFO - Processing MSFT
2025-04-01 15:59:38,749 - Quantum Trading Bot - INFO - Mock halal compliance check for MSFT: COMPLIANT
2025-04-01 15:59:38,760 - Quantum Trading Bot - INFO - Quantum device error rate: 0.0252
2025-04-01 15:59:38,763 - Quantum Trading Bot - INFO - Quantum prediction for MSFT: 0.6450 (confidence: 0.9748)
2025-04-01 15:59:38,763 - Quantum Trading Bot - INFO - Trading signal for MSFT: 0.6450 (source: quantum)
2025-04-01 15:59:38,763 - Quantum Trading Bot - INFO - HOLD signal for MSFT (score: 0.6450, source: quantum)
2025-04-01 15:59:38,766 - Quantum Trading Bot - INFO - Processing NVDA
2025-04-01 15:59:38,766 - Quantum Trading Bot - INFO - Mock halal compliance check for NVDA: COMPLIANT
2025-04-01 15:59:38,774 - Quantum Trading Bot - INFO - Quantum device error rate: 0.0396
2025-04-01 15:59:38,777 - Quantum Trading Bot - INFO - Quantum prediction for NVDA: 0.5870 (confidence: 0.7683)
2025-04-01 15:59:38,777 - Quantum Trading Bot - INFO - Trading signal for NVDA: 0.5870 (source: quantum)
2025-04-01 15:59:38,777 - Quantum Trading Bot - INFO - HOLD signal for NVDA (score: 0.5870, source: quantum)
2025-04-01 15:59:38,783 - Quantum Trading Bot - INFO - Performance metrics saved: 40/72 winning trades
2025-04-01 15:59:38,783 - Quantum Trading Bot - INFO - Quantum prediction accuracy: 0.00
2025-04-01 15:59:38,783 - Quantum Trading Bot - INFO - Sleeping for 60 seconds
2025-04-01 16:00:31,266 - Trading System - INFO - Trading Bot is alive: True
2025-04-01 16:00:31,266 - Trading System - INFO - Monitor Bot is alive: True
2025-04-01 16:00:31,266 - Trading System - INFO - Improvement Bot is alive: True
2025-04-01 16:00:38,787 - Quantum Trading Bot - INFO - Starting trading cycle
2025-04-01 16:00:38,788 - Quantum Trading Bot - INFO - Market is closed, waiting...
2025-04-01 16:00:38,788 - Quantum Trading Bot - INFO - Sleeping for 60 seconds
2025-04-01 16:01:31,272 - Trading System - INFO - Trading Bot is alive: True
2025-04-01 16:01:31,274 - Trading System - INFO - Monitor Bot is alive: True
2025-04-01 16:01:31,274 - Trading System - INFO - Improvement Bot is alive: True
2025-04-01 16:01:38,797 - Quantum Trading Bot - INFO - Starting trading cycle
2025-04-01 16:01:38,797 - Quantum Trading Bot - INFO - Market is closed, waiting...
2025-04-01 16:01:38,797 - Quantum Trading Bot - INFO - Sleeping for 60 seconds
2025-04-01 16:02:31,279 - Trading System - INFO - Trading Bot is alive: True
2025-04-01 16:02:31,280 - Trading System - INFO - Monitor Bot is alive: True
2025-04-01 16:02:31,281 - Trading System - INFO - Improvement Bot is alive: True
2025-04-01 16:02:38,806 - Quantum Trading Bot - INFO - Starting trading cycle
2025-04-01 16:02:38,806 - Quantum Trading Bot - INFO - Market is closed, waiting...
2025-04-01 16:02:38,806 - Quantum Trading Bot - INFO - Sleeping for 60 seconds
2025-04-01 16:03:31,288 - Trading System - INFO - Trading Bot is alive: True
2025-04-01 16:03:31,288 - Trading System - INFO - Monitor Bot is alive: True
2025-04-01 16:03:31,288 - Trading System - INFO - Improvement Bot is alive: True
2025-04-01 16:03:38,812 - Quantum Trading Bot - INFO - Starting trading cycle
2025-04-01 16:03:38,813 - Quantum Trading Bot - INFO - Market is closed, waiting...
2025-04-01 16:03:38,813 - Quantum Trading Bot - INFO - Sleeping for 60 seconds
2025-04-01 16:04:31,363 - Trading System - INFO - Trading Bot is alive: True
2025-04-01 16:04:31,363 - Trading System - INFO - Monitor Bot is alive: True
2025-04-01 16:04:31,363 - Trading System - INFO - Improvement Bot is alive: True
2025-04-01 16:04:38,879 - Quantum Trading Bot - INFO - Starting trading cycle
2025-04-01 16:04:38,880 - Quantum Trading Bot - INFO - Market is closed, waiting...
2025-04-01 16:04:38,880 - Quantum Trading Bot - INFO - Sleeping for 60 seconds
2025-04-01 16:05:59,935 - Trading System - INFO - Trading Bot is alive: True
2025-04-01 16:05:59,936 - Trading System - INFO - Monitor Bot is alive: True
2025-04-01 16:05:59,937 - Trading System - INFO - Improvement Bot is alive: True
2025-04-01 16:06:07,452 - Quantum Trading Bot - INFO - Starting trading cycle
2025-04-01 16:06:07,452 - Quantum Trading Bot - INFO - Market is closed, waiting...
2025-04-01 16:06:07,452 - Quantum Trading Bot - INFO - Sleeping for 60 seconds
2025-04-01 16:12:20,584 - Trading System - INFO - Trading Bot is alive: True
2025-04-01 16:12:20,585 - Trading System - INFO - Monitor Bot is alive: True
2025-04-01 16:12:20,585 - Trading System - INFO - Improvement Bot is alive: True
2025-04-01 16:28:17,866 - Quantum Trading Bot - INFO - Starting trading cycle
2025-04-01 16:28:17,867 - Quantum Trading Bot - INFO - Market is closed, waiting...
2025-04-01 16:28:17,867 - Quantum Trading Bot - INFO - Sleeping for 60 seconds
2025-04-01 16:44:43,245 - Trading System - INFO - Trading Bot is alive: True
2025-04-01 16:44:43,246 - Trading System - INFO - Monitor Bot is alive: True
2025-04-01 16:44:43,247 - Trading System - INFO - Improvement Bot is alive: True
2025-04-01 16:44:44,064 - Monitor Bot - INFO - Running scheduled task: Performance Metrics
2025-04-01 16:44:44,067 - Monitor Bot - INFO - === Performance Metrics ===
2025-04-01 16:44:44,068 - Monitor Bot - INFO - Date: 2025-04-01T15:59:38.779389
2025-04-01 16:44:44,068 - Monitor Bot - INFO - Total Trades: 72
2025-04-01 16:44:44,068 - Monitor Bot - INFO - Win Rate: 55.56%
2025-04-01 16:44:44,068 - Monitor Bot - INFO - Total Profit: $18.27
2025-04-01 16:44:44,068 - Monitor Bot - INFO - Average Profit per Trade: $0.25
2025-04-01 16:44:44,068 - Monitor Bot - INFO - Average Profit Percentage: 0.09%
2025-04-01 16:44:44,068 - Monitor Bot - INFO - Maximum Drawdown: 0.10%
2025-04-01 16:44:44,068 - Monitor Bot - INFO - Quantum Prediction Accuracy: 0.00%
2025-04-01 16:44:44,068 - Monitor Bot - INFO - ============================
2025-04-01 16:44:44,079 - Monitor Bot - INFO - Task Performance Metrics completed successfully
2025-04-01 16:44:50,764 - Quantum Trading Bot - INFO - Starting trading cycle
2025-04-01 16:44:50,765 - Quantum Trading Bot - INFO - Market is closed, waiting...
2025-04-01 16:44:50,765 - Quantum Trading Bot - INFO - Sleeping for 60 seconds
2025-04-01 16:57:16,468 - Trading System - INFO - Trading Bot is alive: True
2025-04-01 16:57:16,468 - Trading System - INFO - Monitor Bot is alive: True
2025-04-01 16:57:16,468 - Trading System - INFO - Improvement Bot is alive: True
2025-04-01 16:57:23,986 - Quantum Trading Bot - INFO - Starting trading cycle
2025-04-01 16:57:23,987 - Quantum Trading Bot - INFO - Market is closed, waiting...
2025-04-01 16:57:23,987 - Quantum Trading Bot - INFO - Sleeping for 60 seconds
2025-04-01 17:13:28,617 - Trading System - INFO - Trading Bot is alive: True
2025-04-01 17:13:28,618 - Trading System - INFO - Monitor Bot is alive: True
2025-04-01 17:13:28,618 - Trading System - INFO - Improvement Bot is alive: True
2025-04-01 17:13:36,138 - Quantum Trading Bot - INFO - Starting trading cycle
2025-04-01 17:13:36,138 - Quantum Trading Bot - INFO - Market is closed, waiting...
2025-04-01 17:13:36,138 - Quantum Trading Bot - INFO - Sleeping for 60 seconds
2025-04-01 17:26:50,522 - Trading System - INFO - Trading Bot is alive: True
2025-04-01 17:26:50,522 - Trading System - INFO - Monitor Bot is alive: True
2025-04-01 17:26:50,522 - Trading System - INFO - Improvement Bot is alive: True
2025-04-01 17:26:58,040 - Quantum Trading Bot - INFO - Starting trading cycle
2025-04-01 17:26:58,041 - Quantum Trading Bot - INFO - Market is closed, waiting...
2025-04-01 17:26:58,041 - Quantum Trading Bot - INFO - Sleeping for 60 seconds
2025-04-01 17:43:13,540 - Trading System - INFO - Trading Bot is alive: True
2025-04-01 17:43:13,541 - Trading System - INFO - Monitor Bot is alive: True
2025-04-01 17:43:13,541 - Trading System - INFO - Improvement Bot is alive: True
2025-04-01 17:43:21,058 - Quantum Trading Bot - INFO - Starting trading cycle
2025-04-01 17:43:21,059 - Quantum Trading Bot - INFO - Market is closed, waiting...
2025-04-01 17:43:21,059 - Quantum Trading Bot - INFO - Sleeping for 60 seconds
2025-04-01 17:59:16,980 - Trading System - INFO - Trading Bot is alive: True
2025-04-01 17:59:16,981 - Trading System - INFO - Monitor Bot is alive: True
2025-04-01 17:59:16,981 - Trading System - INFO - Improvement Bot is alive: True
2025-04-01 17:59:17,814 - Monitor Bot - INFO - Running scheduled task: Performance Metrics
2025-04-01 17:59:17,818 - Monitor Bot - INFO - === Performance Metrics ===
2025-04-01 17:59:17,818 - Monitor Bot - INFO - Date: 2025-04-01T15:59:38.779389
2025-04-01 17:59:17,819 - Monitor Bot - INFO - Total Trades: 72
2025-04-01 17:59:17,819 - Monitor Bot - INFO - Win Rate: 55.56%
2025-04-01 17:59:17,819 - Monitor Bot - INFO - Total Profit: $18.27
2025-04-01 17:59:17,819 - Monitor Bot - INFO - Average Profit per Trade: $0.25
2025-04-01 17:59:17,819 - Monitor Bot - INFO - Average Profit Percentage: 0.09%
2025-04-01 17:59:17,819 - Monitor Bot - INFO - Maximum Drawdown: 0.10%
2025-04-01 17:59:17,819 - Monitor Bot - INFO - Quantum Prediction Accuracy: 0.00%
2025-04-01 17:59:17,819 - Monitor Bot - INFO - ============================
2025-04-01 17:59:17,829 - Monitor Bot - INFO - Task Performance Metrics completed successfully
2025-04-01 18:00:45,386 - Quantum Trading Bot - INFO - Starting trading cycle
2025-04-01 18:00:45,386 - Quantum Trading Bot - INFO - Market is closed, waiting...
2025-04-01 18:00:45,386 - Quantum Trading Bot - INFO - Sleeping for 60 seconds
2025-04-01 18:16:37,737 - Trading System - INFO - Trading Bot is alive: True
2025-04-01 18:16:37,739 - Trading System - INFO - Monitor Bot is alive: True
2025-04-01 18:16:37,739 - Trading System - INFO - Improvement Bot is alive: True
2025-04-01 18:16:45,261 - Quantum Trading Bot - INFO - Starting trading cycle
2025-04-01 18:16:45,262 - Quantum Trading Bot - INFO - Market is closed, waiting...
2025-04-01 18:16:45,262 - Quantum Trading Bot - INFO - Sleeping for 60 seconds
2025-04-01 18:23:18,513 - Trading System - INFO - Trading Bot is alive: True
2025-04-01 18:23:18,515 - Trading System - INFO - Monitor Bot is alive: True
2025-04-01 18:23:18,515 - Trading System - INFO - Improvement Bot is alive: True
2025-04-01 18:23:26,030 - Quantum Trading Bot - INFO - Starting trading cycle
2025-04-01 18:23:26,030 - Quantum Trading Bot - INFO - Market is closed, waiting...
2025-04-01 18:23:26,030 - Quantum Trading Bot - INFO - Sleeping for 60 seconds
2025-04-01 18:38:24,831 - Trading System - INFO - Trading Bot is alive: True
2025-04-01 18:38:24,833 - Trading System - INFO - Monitor Bot is alive: True
2025-04-01 18:38:24,833 - Trading System - INFO - Improvement Bot is alive: True
2025-04-01 18:38:32,345 - Quantum Trading Bot - INFO - Starting trading cycle
2025-04-01 18:38:32,345 - Quantum Trading Bot - INFO - Market is closed, waiting...
2025-04-01 18:38:32,345 - Quantum Trading Bot - INFO - Sleeping for 60 seconds
2025-04-01 18:55:09,319 - Trading System - INFO - Trading Bot is alive: True
2025-04-01 18:55:09,320 - Trading System - INFO - Monitor Bot is alive: True
2025-04-01 18:55:09,320 - Trading System - INFO - Improvement Bot is alive: True
2025-04-01 18:55:10,168 - Monitor Bot - INFO - Running scheduled task: Quantum System Health Check
2025-04-01 18:55:10,168 - Monitor Bot - INFO - Monitoring quantum system health
2025-04-01 18:55:10,170 - Monitor Bot - INFO - Average quantum error rate: 0.0346
2025-04-01 18:55:10,172 - Monitor Bot - INFO - Task Quantum System Health Check completed successfully
2025-04-01 19:01:43,661 - Quantum Trading Bot - INFO - Starting trading cycle
2025-04-01 19:01:43,661 - Quantum Trading Bot - INFO - Market is closed, waiting...
2025-04-01 19:01:43,662 - Quantum Trading Bot - INFO - Sleeping for 60 seconds
2025-04-01 19:18:16,097 - Trading System - INFO - Trading Bot is alive: True
2025-04-01 19:18:16,098 - Trading System - INFO - Monitor Bot is alive: True
2025-04-01 19:18:16,098 - Trading System - INFO - Improvement Bot is alive: True
2025-04-01 19:18:16,951 - Monitor Bot - INFO - Running scheduled task: Performance Metrics
2025-04-01 19:18:16,955 - Monitor Bot - INFO - === Performance Metrics ===
2025-04-01 19:18:16,955 - Monitor Bot - INFO - Date: 2025-04-01T15:59:38.779389
2025-04-01 19:18:16,955 - Monitor Bot - INFO - Total Trades: 72
2025-04-01 19:18:16,955 - Monitor Bot - INFO - Win Rate: 55.56%
2025-04-01 19:18:16,955 - Monitor Bot - INFO - Total Profit: $18.27
2025-04-01 19:18:16,955 - Monitor Bot - INFO - Average Profit per Trade: $0.25
2025-04-01 19:18:16,955 - Monitor Bot - INFO - Average Profit Percentage: 0.09%
2025-04-01 19:18:16,955 - Monitor Bot - INFO - Maximum Drawdown: 0.10%
2025-04-01 19:18:16,955 - Monitor Bot - INFO - Quantum Prediction Accuracy: 0.00%
2025-04-01 19:18:16,955 - Monitor Bot - INFO - ============================
2025-04-01 19:18:16,966 - Monitor Bot - INFO - Task Performance Metrics completed successfully
2025-04-01 19:18:23,605 - Quantum Trading Bot - INFO - Starting trading cycle
2025-04-01 19:18:23,605 - Quantum Trading Bot - INFO - Market is closed, waiting...
2025-04-01 19:18:23,605 - Quantum Trading Bot - INFO - Sleeping for 60 seconds
2025-04-01 19:34:34,982 - Trading System - INFO - Trading Bot is alive: True
2025-04-01 19:34:34,983 - Trading System - INFO - Monitor Bot is alive: True
2025-04-01 19:34:34,983 - Trading System - INFO - Improvement Bot is alive: True
2025-04-01 19:34:42,499 - Quantum Trading Bot - INFO - Starting trading cycle
2025-04-01 19:34:42,500 - Quantum Trading Bot - INFO - Market is closed, waiting...
2025-04-01 19:34:42,500 - Quantum Trading Bot - INFO - Sleeping for 60 seconds
2025-04-01 19:50:51,906 - Trading System - INFO - Trading Bot is alive: True
2025-04-01 19:50:51,907 - Trading System - INFO - Monitor Bot is alive: True
2025-04-01 19:50:51,908 - Trading System - INFO - Improvement Bot is alive: True
2025-04-01 19:50:59,421 - Quantum Trading Bot - INFO - Starting trading cycle
2025-04-01 19:50:59,422 - Quantum Trading Bot - INFO - Market is closed, waiting...
2025-04-01 19:50:59,422 - Quantum Trading Bot - INFO - Sleeping for 60 seconds
2025-04-01 20:03:12,410 - Trading System - INFO - Trading Bot is alive: True
2025-04-01 20:03:12,411 - Trading System - INFO - Monitor Bot is alive: True
2025-04-01 20:03:12,411 - Trading System - INFO - Improvement Bot is alive: True
2025-04-01 20:03:19,923 - Quantum Trading Bot - INFO - Starting trading cycle
2025-04-01 20:03:19,923 - Quantum Trading Bot - INFO - Market is closed, waiting...
2025-04-01 20:03:19,923 - Quantum Trading Bot - INFO - Sleeping for 60 seconds
2025-04-01 20:21:06,897 - Trading System - INFO - Trading Bot is alive: True
2025-04-01 20:21:06,898 - Trading System - INFO - Monitor Bot is alive: True
2025-04-01 20:21:06,898 - Trading System - INFO - Improvement Bot is alive: True
2025-04-01 20:21:07,766 - Monitor Bot - INFO - Running scheduled task: Performance Metrics
2025-04-01 20:21:07,771 - Monitor Bot - INFO - === Performance Metrics ===
2025-04-01 20:21:07,771 - Monitor Bot - INFO - Date: 2025-04-01T15:59:38.779389
2025-04-01 20:21:07,771 - Monitor Bot - INFO - Total Trades: 72
2025-04-01 20:21:07,771 - Monitor Bot - INFO - Win Rate: 55.56%
2025-04-01 20:21:07,771 - Monitor Bot - INFO - Total Profit: $18.27
2025-04-01 20:21:07,771 - Monitor Bot - INFO - Average Profit per Trade: $0.25
2025-04-01 20:21:07,771 - Monitor Bot - INFO - Average Profit Percentage: 0.09%
2025-04-01 20:21:07,771 - Monitor Bot - INFO - Maximum Drawdown: 0.10%
2025-04-01 20:21:07,771 - Monitor Bot - INFO - Quantum Prediction Accuracy: 0.00%
2025-04-01 20:21:07,771 - Monitor Bot - INFO - ============================
2025-04-01 20:21:07,779 - Monitor Bot - INFO - Task Performance Metrics completed successfully
2025-04-01 20:21:14,409 - Quantum Trading Bot - INFO - Starting trading cycle
2025-04-01 20:21:14,409 - Quantum Trading Bot - INFO - Market is closed, waiting...
2025-04-01 20:21:14,409 - Quantum Trading Bot - INFO - Sleeping for 60 seconds
2025-04-01 20:37:42,797 - Trading System - INFO - Trading Bot is alive: True
2025-04-01 20:37:42,799 - Trading System - INFO - Monitor Bot is alive: True
2025-04-01 20:37:42,799 - Trading System - INFO - Improvement Bot is alive: True
2025-04-01 20:54:30,198 - Quantum Trading Bot - INFO - Starting trading cycle
2025-04-01 20:54:30,198 - Quantum Trading Bot - INFO - Market is closed, waiting...
2025-04-01 20:54:30,198 - Quantum Trading Bot - INFO - Sleeping for 60 seconds
2025-04-01 21:03:52,544 - Trading System - INFO - Trading Bot is alive: True
2025-04-01 21:03:52,545 - Trading System - INFO - Monitor Bot is alive: True
2025-04-01 21:03:52,545 - Trading System - INFO - Improvement Bot is alive: True
2025-04-01 21:04:00,053 - Quantum Trading Bot - INFO - Starting trading cycle
2025-04-01 21:04:00,054 - Quantum Trading Bot - INFO - Market is closed, waiting...
2025-04-01 21:04:00,054 - Quantum Trading Bot - INFO - Sleeping for 60 seconds
2025-04-01 21:19:57,422 - Trading System - INFO - Trading Bot is alive: True
2025-04-01 21:19:57,422 - Trading System - INFO - Monitor Bot is alive: True
2025-04-01 21:19:57,422 - Trading System - INFO - Improvement Bot is alive: True
2025-04-01 21:20:04,929 - Quantum Trading Bot - INFO - Starting trading cycle
2025-04-01 21:20:04,929 - Quantum Trading Bot - INFO - Market is closed, waiting...
2025-04-01 21:20:04,929 - Quantum Trading Bot - INFO - Sleeping for 60 seconds
2025-04-01 21:37:57,326 - Trading System - INFO - Trading Bot is alive: True
2025-04-01 21:37:57,326 - Trading System - INFO - Monitor Bot is alive: True
2025-04-01 21:37:57,326 - Trading System - INFO - Improvement Bot is alive: True
2025-04-01 21:37:58,207 - Monitor Bot - INFO - Running scheduled task: Performance Metrics
2025-04-01 21:37:58,213 - Monitor Bot - INFO - === Performance Metrics ===
2025-04-01 21:37:58,213 - Monitor Bot - INFO - Date: 2025-04-01T15:59:38.779389
2025-04-01 21:37:58,213 - Monitor Bot - INFO - Total Trades: 72
2025-04-01 21:37:58,214 - Monitor Bot - INFO - Win Rate: 55.56%
2025-04-01 21:37:58,214 - Monitor Bot - INFO - Total Profit: $18.27
2025-04-01 21:37:58,214 - Monitor Bot - INFO - Average Profit per Trade: $0.25
2025-04-01 21:37:58,214 - Monitor Bot - INFO - Average Profit Percentage: 0.09%
2025-04-01 21:37:58,214 - Monitor Bot - INFO - Maximum Drawdown: 0.10%
2025-04-01 21:37:58,214 - Monitor Bot - INFO - Quantum Prediction Accuracy: 0.00%
2025-04-01 21:37:58,214 - Monitor Bot - INFO - ============================
2025-04-01 21:37:58,220 - Monitor Bot - INFO - Task Performance Metrics completed successfully
2025-04-01 21:38:04,836 - Quantum Trading Bot - INFO - Starting trading cycle
2025-04-01 21:38:04,837 - Quantum Trading Bot - INFO - Market is closed, waiting...
2025-04-01 21:38:04,837 - Quantum Trading Bot - INFO - Sleeping for 60 seconds
2025-04-01 21:55:02,617 - Trading System - INFO - Trading Bot is alive: True
2025-04-01 21:55:02,618 - Trading System - INFO - Monitor Bot is alive: True
2025-04-01 21:55:02,618 - Trading System - INFO - Improvement Bot is alive: True
2025-04-01 21:55:10,127 - Quantum Trading Bot - INFO - Starting trading cycle
2025-04-01 21:55:10,127 - Quantum Trading Bot - INFO - Market is closed, waiting...
2025-04-01 21:55:10,127 - Quantum Trading Bot - INFO - Sleeping for 60 seconds
2025-04-01 22:05:28,500 - Trading System - INFO - Trading Bot is alive: True
2025-04-01 22:05:28,501 - Trading System - INFO - Monitor Bot is alive: True
2025-04-01 22:05:28,501 - Trading System - INFO - Improvement Bot is alive: True
2025-04-01 22:21:02,442 - Monitor Bot - INFO - Running scheduled task: Quantum System Health Check
2025-04-01 22:21:02,442 - Monitor Bot - INFO - Monitoring quantum system health
2025-04-01 22:21:02,443 - Monitor Bot - INFO - Average quantum error rate: 0.0346
2025-04-01 22:21:02,443 - Monitor Bot - INFO - Task Quantum System Health Check completed successfully
2025-04-01 22:21:08,951 - Quantum Trading Bot - INFO - Starting trading cycle
2025-04-01 22:21:08,951 - Quantum Trading Bot - INFO - Market is closed, waiting...
2025-04-01 22:21:08,951 - Quantum Trading Bot - INFO - Sleeping for 60 seconds
2025-04-01 22:38:26,342 - Trading System - INFO - Trading Bot is alive: True
2025-04-01 22:38:26,344 - Trading System - INFO - Monitor Bot is alive: True
2025-04-01 22:38:26,344 - Trading System - INFO - Improvement Bot is alive: True
2025-04-01 22:38:27,345 - Monitor Bot - INFO - Running scheduled task: Performance Metrics
2025-04-01 22:38:27,349 - Monitor Bot - INFO - === Performance Metrics ===
2025-04-01 22:38:27,349 - Monitor Bot - INFO - Date: 2025-04-01T15:59:38.779389
2025-04-01 22:38:27,349 - Monitor Bot - INFO - Total Trades: 72
2025-04-01 22:38:27,349 - Monitor Bot - INFO - Win Rate: 55.56%
2025-04-01 22:38:27,349 - Monitor Bot - INFO - Total Profit: $18.27
2025-04-01 22:38:27,349 - Monitor Bot - INFO - Average Profit per Trade: $0.25
2025-04-01 22:38:27,349 - Monitor Bot - INFO - Average Profit Percentage: 0.09%
2025-04-01 22:38:27,349 - Monitor Bot - INFO - Maximum Drawdown: 0.10%
2025-04-01 22:38:27,349 - Monitor Bot - INFO - Quantum Prediction Accuracy: 0.00%
2025-04-01 22:38:27,350 - Monitor Bot - INFO - ============================
2025-04-01 22:38:27,360 - Monitor Bot - INFO - Task Performance Metrics completed successfully
2025-04-01 22:38:33,853 - Quantum Trading Bot - INFO - Starting trading cycle
2025-04-01 22:38:33,854 - Quantum Trading Bot - INFO - Market is closed, waiting...
2025-04-01 22:38:33,854 - Quantum Trading Bot - INFO - Sleeping for 60 seconds
2025-04-01 22:54:58,710 - Trading System - INFO - Trading Bot is alive: True
2025-04-01 22:54:58,711 - Trading System - INFO - Monitor Bot is alive: True
2025-04-01 22:54:58,711 - Trading System - INFO - Improvement Bot is alive: True
2025-04-01 22:55:06,220 - Quantum Trading Bot - INFO - Starting trading cycle
2025-04-01 22:55:06,221 - Quantum Trading Bot - INFO - Market is closed, waiting...
2025-04-01 22:55:06,221 - Quantum Trading Bot - INFO - Sleeping for 60 seconds
2025-04-01 23:06:04,597 - Trading System - INFO - Trading Bot is alive: True
2025-04-01 23:06:04,598 - Trading System - INFO - Monitor Bot is alive: True
2025-04-01 23:06:04,598 - Trading System - INFO - Improvement Bot is alive: True
2025-04-01 23:06:12,106 - Quantum Trading Bot - INFO - Starting trading cycle
2025-04-01 23:06:12,107 - Quantum Trading Bot - INFO - Market is closed, waiting...
2025-04-01 23:06:12,107 - Quantum Trading Bot - INFO - Sleeping for 60 seconds
2025-04-01 23:22:07,470 - Trading System - INFO - Trading Bot is alive: True
2025-04-01 23:22:07,470 - Trading System - INFO - Monitor Bot is alive: True
2025-04-01 23:22:07,470 - Trading System - INFO - Improvement Bot is alive: True
2025-04-01 23:22:14,979 - Quantum Trading Bot - INFO - Starting trading cycle
2025-04-01 23:22:14,979 - Quantum Trading Bot - INFO - Market is closed, waiting...
2025-04-01 23:22:14,980 - Quantum Trading Bot - INFO - Sleeping for 60 seconds
2025-04-01 23:45:24,296 - Trading System - INFO - Trading Bot is alive: True
2025-04-01 23:45:24,297 - Trading System - INFO - Monitor Bot is alive: True
2025-04-01 23:45:24,297 - Trading System - INFO - Improvement Bot is alive: True
2025-04-01 23:45:25,315 - Monitor Bot - INFO - Running scheduled task: Performance Metrics
2025-04-01 23:45:25,320 - Monitor Bot - INFO - === Performance Metrics ===
2025-04-01 23:45:25,320 - Monitor Bot - INFO - Date: 2025-04-01T15:59:38.779389
2025-04-01 23:45:25,320 - Monitor Bot - INFO - Total Trades: 72
2025-04-01 23:45:25,320 - Monitor Bot - INFO - Win Rate: 55.56%
2025-04-01 23:45:25,320 - Monitor Bot - INFO - Total Profit: $18.27
2025-04-01 23:45:25,320 - Monitor Bot - INFO - Average Profit per Trade: $0.25
2025-04-01 23:45:25,320 - Monitor Bot - INFO - Average Profit Percentage: 0.09%
2025-04-01 23:45:25,320 - Monitor Bot - INFO - Maximum Drawdown: 0.10%
2025-04-01 23:45:25,320 - Monitor Bot - INFO - Quantum Prediction Accuracy: 0.00%
2025-04-01 23:45:25,320 - Monitor Bot - INFO - ============================
2025-04-01 23:45:25,326 - Monitor Bot - INFO - Task Performance Metrics completed successfully
2025-04-01 23:45:31,805 - Quantum Trading Bot - INFO - Starting trading cycle
2025-04-01 23:45:31,806 - Quantum Trading Bot - INFO - Market is closed, waiting...
2025-04-01 23:45:31,806 - Quantum Trading Bot - INFO - Sleeping for 60 seconds
2025-04-01 23:46:24,308 - Trading System - INFO - Trading Bot is alive: True
2025-04-01 23:46:24,309 - Trading System - INFO - Monitor Bot is alive: True
2025-04-01 23:46:24,309 - Trading System - INFO - Improvement Bot is alive: True
2025-04-01 23:51:52,284 - Quantum Trading Bot - INFO - Starting trading cycle
2025-04-01 23:51:52,285 - Quantum Trading Bot - INFO - Market is closed, waiting...
2025-04-01 23:51:52,285 - Quantum Trading Bot - INFO - Sleeping for 60 seconds
2025-04-02 00:06:53,594 - Trading System - INFO - Trading Bot is alive: True
2025-04-02 00:06:53,595 - Trading System - INFO - Monitor Bot is alive: True
2025-04-02 00:06:53,596 - Trading System - INFO - Improvement Bot is alive: True
2025-04-02 00:07:01,092 - Quantum Trading Bot - INFO - Starting trading cycle
2025-04-02 00:07:01,093 - Quantum Trading Bot - INFO - Market is closed, waiting...
2025-04-02 00:07:01,093 - Quantum Trading Bot - INFO - Sleeping for 60 seconds
2025-04-02 00:24:12,460 - Trading System - INFO - Trading Bot is alive: True
2025-04-02 00:24:12,460 - Trading System - INFO - Monitor Bot is alive: True
2025-04-02 00:24:12,461 - Trading System - INFO - Improvement Bot is alive: True
2025-04-02 00:24:19,965 - Quantum Trading Bot - INFO - Starting trading cycle
2025-04-02 00:24:19,966 - Quantum Trading Bot - INFO - Market is closed, waiting...
2025-04-02 00:24:19,966 - Quantum Trading Bot - INFO - Sleeping for 60 seconds
2025-04-02 00:41:30,390 - Trading System - INFO - Trading Bot is alive: True
2025-04-02 00:41:30,391 - Trading System - INFO - Monitor Bot is alive: True
2025-04-02 00:41:30,391 - Trading System - INFO - Improvement Bot is alive: True
2025-04-02 00:41:37,899 - Quantum Trading Bot - INFO - Starting trading cycle
2025-04-02 00:41:37,899 - Quantum Trading Bot - INFO - Market is closed, waiting...
2025-04-02 00:41:37,899 - Quantum Trading Bot - INFO - Sleeping for 60 seconds
2025-04-02 00:59:50,193 - Trading System - INFO - Trading Bot is alive: True
2025-04-02 00:59:50,194 - Trading System - INFO - Monitor Bot is alive: True
2025-04-02 00:59:50,194 - Trading System - INFO - Improvement Bot is alive: True
2025-04-02 00:59:51,223 - Monitor Bot - INFO - Running scheduled task: Performance Metrics
2025-04-02 00:59:51,226 - Monitor Bot - INFO - === Performance Metrics ===
2025-04-02 00:59:51,227 - Monitor Bot - INFO - Date: 2025-04-01T15:59:38.779389
2025-04-02 00:59:51,227 - Monitor Bot - INFO - Total Trades: 72
2025-04-02 00:59:51,227 - Monitor Bot - INFO - Win Rate: 55.56%
2025-04-02 00:59:51,227 - Monitor Bot - INFO - Total Profit: $18.27
2025-04-02 00:59:51,227 - Monitor Bot - INFO - Average Profit per Trade: $0.25
2025-04-02 00:59:51,227 - Monitor Bot - INFO - Average Profit Percentage: 0.09%
2025-04-02 00:59:51,227 - Monitor Bot - INFO - Maximum Drawdown: 0.10%
2025-04-02 00:59:51,227 - Monitor Bot - INFO - Quantum Prediction Accuracy: 0.00%
2025-04-02 00:59:51,227 - Monitor Bot - INFO - ============================
2025-04-02 00:59:51,237 - Monitor Bot - INFO - Task Performance Metrics completed successfully
2025-04-02 00:59:57,702 - Quantum Trading Bot - INFO - Starting trading cycle
2025-04-02 00:59:57,702 - Quantum Trading Bot - INFO - Market is closed, waiting...
2025-04-02 00:59:57,702 - Quantum Trading Bot - INFO - Sleeping for 60 seconds
2025-04-02 01:16:27,078 - Trading System - INFO - Trading Bot is alive: True
2025-04-02 01:16:27,079 - Trading System - INFO - Monitor Bot is alive: True
2025-04-02 01:16:27,079 - Trading System - INFO - Improvement Bot is alive: True
2025-04-02 01:32:42,031 - Monitor Bot - INFO - Running scheduled task: Quantum System Health Check
2025-04-02 01:32:42,031 - Monitor Bot - INFO - Monitoring quantum system health
2025-04-02 01:32:42,032 - Monitor Bot - INFO - Average quantum error rate: 0.0346
2025-04-02 01:32:42,034 - Monitor Bot - INFO - Task Quantum System Health Check completed successfully
2025-04-02 01:32:48,497 - Quantum Trading Bot - INFO - Starting trading cycle
2025-04-02 01:32:48,498 - Quantum Trading Bot - INFO - Market is closed, waiting...
2025-04-02 01:32:48,498 - Quantum Trading Bot - INFO - Sleeping for 60 seconds
2025-04-02 01:39:30,914 - Trading System - INFO - Trading Bot is alive: True
2025-04-02 01:39:30,914 - Trading System - INFO - Monitor Bot is alive: True
2025-04-02 01:39:30,914 - Trading System - INFO - Improvement Bot is alive: True
2025-04-02 01:39:38,420 - Quantum Trading Bot - INFO - Starting trading cycle
2025-04-02 01:39:38,420 - Quantum Trading Bot - INFO - Market is closed, waiting...
2025-04-02 01:39:38,421 - Quantum Trading Bot - INFO - Sleeping for 60 seconds
2025-04-02 01:56:36,641 - Trading System - INFO - Trading Bot is alive: True
2025-04-02 01:56:36,643 - Trading System - INFO - Monitor Bot is alive: True
2025-04-02 01:56:36,643 - Trading System - INFO - Improvement Bot is alive: True
2025-04-02 01:56:44,146 - Quantum Trading Bot - INFO - Starting trading cycle
2025-04-02 01:56:44,148 - Quantum Trading Bot - INFO - Market is closed, waiting...
2025-04-02 01:56:44,148 - Quantum Trading Bot - INFO - Sleeping for 60 seconds
2025-04-02 01:57:36,650 - Trading System - INFO - Trading Bot is alive: True
2025-04-02 01:57:36,651 - Trading System - INFO - Monitor Bot is alive: True
2025-04-02 01:57:36,652 - Trading System - INFO - Improvement Bot is alive: True
2025-04-02 01:57:44,154 - Quantum Trading Bot - INFO - Starting trading cycle
2025-04-02 01:57:44,155 - Quantum Trading Bot - INFO - Market is closed, waiting...
2025-04-02 01:57:44,155 - Quantum Trading Bot - INFO - Sleeping for 60 seconds
2025-04-02 01:58:36,658 - Trading System - INFO - Trading Bot is alive: True
2025-04-02 01:58:36,660 - Trading System - INFO - Monitor Bot is alive: True
2025-04-02 01:58:36,660 - Trading System - INFO - Improvement Bot is alive: True
2025-04-02 01:58:44,163 - Quantum Trading Bot - INFO - Starting trading cycle
2025-04-02 01:58:44,163 - Quantum Trading Bot - INFO - Market is closed, waiting...
2025-04-02 01:58:44,163 - Quantum Trading Bot - INFO - Sleeping for 60 seconds
2025-04-02 01:59:36,664 - Trading System - INFO - Trading Bot is alive: True
2025-04-02 01:59:36,664 - Trading System - INFO - Monitor Bot is alive: True
2025-04-02 01:59:36,664 - Trading System - INFO - Improvement Bot is alive: True
2025-04-02 01:59:44,163 - Quantum Trading Bot - INFO - Starting trading cycle
2025-04-02 01:59:44,164 - Quantum Trading Bot - INFO - Market is closed, waiting...
2025-04-02 01:59:44,164 - Quantum Trading Bot - INFO - Sleeping for 60 seconds
2025-04-02 02:15:42,140 - Trading System - INFO - Trading Bot is alive: True
2025-04-02 02:15:42,141 - Trading System - INFO - Monitor Bot is alive: True
2025-04-02 02:15:42,141 - Trading System - INFO - Improvement Bot is alive: True
2025-04-02 02:15:43,172 - Monitor Bot - INFO - Running scheduled task: Performance Metrics
2025-04-02 02:15:43,176 - Monitor Bot - INFO - === Performance Metrics ===
2025-04-02 02:15:43,176 - Monitor Bot - INFO - Date: 2025-04-01T15:59:38.779389
2025-04-02 02:15:43,177 - Monitor Bot - INFO - Total Trades: 72
2025-04-02 02:15:43,177 - Monitor Bot - INFO - Win Rate: 55.56%
2025-04-02 02:15:43,177 - Monitor Bot - INFO - Total Profit: $18.27
2025-04-02 02:15:43,177 - Monitor Bot - INFO - Average Profit per Trade: $0.25
2025-04-02 02:15:43,177 - Monitor Bot - INFO - Average Profit Percentage: 0.09%
2025-04-02 02:15:43,177 - Monitor Bot - INFO - Maximum Drawdown: 0.10%
2025-04-02 02:15:43,177 - Monitor Bot - INFO - Quantum Prediction Accuracy: 0.00%
2025-04-02 02:15:43,177 - Monitor Bot - INFO - ============================
2025-04-02 02:15:43,188 - Monitor Bot - INFO - Task Performance Metrics completed successfully
2025-04-02 02:15:49,640 - Quantum Trading Bot - INFO - Starting trading cycle
2025-04-02 02:15:49,640 - Quantum Trading Bot - INFO - Market is closed, waiting...
2025-04-02 02:15:49,640 - Quantum Trading Bot - INFO - Sleeping for 60 seconds
2025-04-02 02:48:37,001 - Trading System - INFO - Trading Bot is alive: True
2025-04-02 02:48:37,002 - Trading System - INFO - Monitor Bot is alive: True
2025-04-02 02:48:37,003 - Trading System - INFO - Improvement Bot is alive: True
2025-04-02 02:48:44,503 - Quantum Trading Bot - INFO - Starting trading cycle
2025-04-02 02:48:44,504 - Quantum Trading Bot - INFO - Market is closed, waiting...
2025-04-02 02:48:44,504 - Quantum Trading Bot - INFO - Sleeping for 60 seconds
2025-04-02 03:04:40,347 - Trading System - INFO - Trading Bot is alive: True
2025-04-02 03:04:40,423 - Trading System - INFO - Monitor Bot is alive: True
2025-04-02 03:04:40,423 - Trading System - INFO - Improvement Bot is alive: True
2025-04-02 03:04:47,824 - Quantum Trading Bot - INFO - Starting trading cycle
2025-04-02 03:04:47,824 - Quantum Trading Bot - INFO - Market is closed, waiting...
2025-04-02 03:04:47,825 - Quantum Trading Bot - INFO - Sleeping for 60 seconds
2025-04-02 03:20:08,726 - Trading System - INFO - Trading Bot is alive: True
2025-04-02 03:20:08,727 - Trading System - INFO - Monitor Bot is alive: True
2025-04-02 03:20:08,728 - Trading System - INFO - Improvement Bot is alive: True
2025-04-02 03:20:09,676 - Monitor Bot - INFO - Running scheduled task: Performance Metrics
2025-04-02 03:20:09,680 - Monitor Bot - INFO - === Performance Metrics ===
2025-04-02 03:20:09,680 - Monitor Bot - INFO - Date: 2025-04-01T15:59:38.779389
2025-04-02 03:20:09,680 - Monitor Bot - INFO - Total Trades: 72
2025-04-02 03:20:09,680 - Monitor Bot - INFO - Win Rate: 55.56%
2025-04-02 03:20:09,680 - Monitor Bot - INFO - Total Profit: $18.27
2025-04-02 03:20:09,680 - Monitor Bot - INFO - Average Profit per Trade: $0.25
2025-04-02 03:20:09,680 - Monitor Bot - INFO - Average Profit Percentage: 0.09%
2025-04-02 03:20:09,680 - Monitor Bot - INFO - Maximum Drawdown: 0.10%
2025-04-02 03:20:09,680 - Monitor Bot - INFO - Quantum Prediction Accuracy: 0.00%
2025-04-02 03:20:09,680 - Monitor Bot - INFO - ============================
2025-04-02 03:20:09,690 - Monitor Bot - INFO - Task Performance Metrics completed successfully
2025-04-02 03:20:16,126 - Quantum Trading Bot - INFO - Starting trading cycle
2025-04-02 03:20:16,127 - Quantum Trading Bot - INFO - Market is closed, waiting...
2025-04-02 03:20:16,127 - Quantum Trading Bot - INFO - Sleeping for 60 seconds
2025-04-02 03:36:44,213 - Trading System - INFO - Trading Bot is alive: True
2025-04-02 03:36:44,214 - Trading System - INFO - Monitor Bot is alive: True
2025-04-02 03:36:44,214 - Trading System - INFO - Improvement Bot is alive: True
2025-04-02 03:36:51,612 - Quantum Trading Bot - INFO - Starting trading cycle
2025-04-02 03:36:51,613 - Quantum Trading Bot - INFO - Market is closed, waiting...
2025-04-02 03:36:51,613 - Quantum Trading Bot - INFO - Sleeping for 60 seconds
2025-04-02 03:54:28,151 - Trading System - INFO - Trading Bot is alive: True
2025-04-02 03:54:28,151 - Trading System - INFO - Monitor Bot is alive: True
2025-04-02 03:54:28,151 - Trading System - INFO - Improvement Bot is alive: True
2025-04-02 03:54:35,550 - Quantum Trading Bot - INFO - Starting trading cycle
2025-04-02 03:54:35,551 - Quantum Trading Bot - INFO - Market is closed, waiting...
2025-04-02 03:54:35,551 - Quantum Trading Bot - INFO - Sleeping for 60 seconds
2025-04-02 04:16:33,992 - Trading System - INFO - Trading Bot is alive: True
2025-04-02 04:16:33,993 - Trading System - INFO - Monitor Bot is alive: True
2025-04-02 04:16:33,994 - Trading System - INFO - Improvement Bot is alive: True
2025-04-02 04:16:41,396 - Quantum Trading Bot - INFO - Starting trading cycle
2025-04-02 04:16:41,397 - Quantum Trading Bot - INFO - Market is closed, waiting...
2025-04-02 04:16:41,397 - Quantum Trading Bot - INFO - Sleeping for 60 seconds
2025-04-02 04:33:03,983 - Trading System - INFO - Trading Bot is alive: True
2025-04-02 04:33:03,983 - Trading System - INFO - Monitor Bot is alive: True
2025-04-02 04:33:03,983 - Trading System - INFO - Improvement Bot is alive: True
2025-04-02 04:33:04,946 - Monitor Bot - INFO - Running scheduled task: Performance Metrics
2025-04-02 04:33:04,950 - Monitor Bot - INFO - === Performance Metrics ===
2025-04-02 04:33:04,950 - Monitor Bot - INFO - Date: 2025-04-01T15:59:38.779389
2025-04-02 04:33:04,950 - Monitor Bot - INFO - Total Trades: 72
2025-04-02 04:33:04,950 - Monitor Bot - INFO - Win Rate: 55.56%
2025-04-02 04:33:04,950 - Monitor Bot - INFO - Total Profit: $18.27
2025-04-02 04:33:04,950 - Monitor Bot - INFO - Average Profit per Trade: $0.25
2025-04-02 04:33:04,950 - Monitor Bot - INFO - Average Profit Percentage: 0.09%
2025-04-02 04:33:04,951 - Monitor Bot - INFO - Maximum Drawdown: 0.10%
2025-04-02 04:33:04,951 - Monitor Bot - INFO - Quantum Prediction Accuracy: 0.00%
2025-04-02 04:33:04,951 - Monitor Bot - INFO - ============================
2025-04-02 04:33:04,961 - Monitor Bot - INFO - Task Performance Metrics completed successfully
2025-04-02 04:33:04,962 - Monitor Bot - INFO - Running scheduled task: Quantum System Health Check
2025-04-02 04:33:04,962 - Monitor Bot - INFO - Monitoring quantum system health
2025-04-02 04:33:04,963 - Monitor Bot - INFO - Average quantum error rate: 0.0346
2025-04-02 04:33:04,964 - Monitor Bot - INFO - Task Quantum System Health Check completed successfully
2025-04-02 04:33:11,383 - Quantum Trading Bot - INFO - Starting trading cycle
2025-04-02 04:33:11,383 - Quantum Trading Bot - INFO - Market is closed, waiting...
2025-04-02 04:33:11,383 - Quantum Trading Bot - INFO - Sleeping for 60 seconds
2025-04-02 04:49:41,534 - Improvement Bot - INFO - Running scheduled task: Code Quality Check - Trading Bot
2025-04-02 04:49:41,539 - Improvement Bot - INFO - Found 2 issues in trading_bot
2025-04-02 04:49:41,539 - Improvement Bot - INFO - Task Code Quality Check - Trading Bot completed successfully
2025-04-02 04:49:41,539 - Improvement Bot - INFO - Running scheduled task: Code Quality Check - Monitor Bot
2025-04-02 04:49:41,540 - Improvement Bot - INFO - No issues found in monitor_bot
2025-04-02 04:49:41,540 - Improvement Bot - WARNING - Task Code Quality Check - Monitor Bot completed with warnings
2025-04-02 04:49:41,540 - Improvement Bot - INFO - Running scheduled task: Code Quality Check - Improvement Bot
2025-04-02 04:49:41,542 - Improvement Bot - INFO - Found 6 issues in improvement_bot
2025-04-02 04:49:41,542 - Improvement Bot - INFO - Task Code Quality Check - Improvement Bot completed successfully
2025-04-02 04:49:41,542 - Improvement Bot - INFO - Running scheduled task: Quantum Error Analysis
2025-04-02 04:49:41,542 - Improvement Bot - INFO - Analyzing quantum error rates
2025-04-02 04:49:41,543 - Improvement Bot - INFO - Quantum error analysis completed: avg error 0.0390, trend +0.0078
2025-04-02 04:49:41,543 - Improvement Bot - INFO - Task Quantum Error Analysis completed successfully
2025-04-02 04:49:41,543 - Improvement Bot - INFO - Running scheduled task: System Health Analysis
2025-04-02 04:49:41,545 - Improvement Bot - INFO - Win rate trend: +0.00%
2025-04-02 04:49:41,545 - Improvement Bot - INFO - Profit trend: +0.00%
2025-04-02 04:49:41,545 - Improvement Bot - INFO - System health analysis completed: healthy
2025-04-02 04:49:41,545 - Improvement Bot - INFO - Task System Health Analysis completed successfully
2025-04-02 04:49:42,908 - Trading System - INFO - Trading Bot is alive: True
2025-04-02 04:49:42,908 - Trading System - INFO - Monitor Bot is alive: True
2025-04-02 04:49:42,908 - Trading System - INFO - Improvement Bot is alive: True
2025-04-02 04:49:50,304 - Quantum Trading Bot - INFO - Starting trading cycle
2025-04-02 04:49:50,305 - Quantum Trading Bot - INFO - Market is closed, waiting...
2025-04-02 04:49:50,305 - Quantum Trading Bot - INFO - Sleeping for 60 seconds
2025-04-02 05:05:52,561 - Trading System - INFO - Trading Bot is alive: True
2025-04-02 05:05:52,562 - Trading System - INFO - Monitor Bot is alive: True
2025-04-02 05:05:52,562 - Trading System - INFO - Improvement Bot is alive: True
2025-04-02 05:05:59,958 - Quantum Trading Bot - INFO - Starting trading cycle
2025-04-02 05:05:59,959 - Quantum Trading Bot - INFO - Market is closed, waiting...
2025-04-02 05:05:59,959 - Quantum Trading Bot - INFO - Sleeping for 60 seconds
2025-04-02 05:23:14,459 - Trading System - INFO - Trading Bot is alive: True
2025-04-02 05:23:14,461 - Trading System - INFO - Monitor Bot is alive: True
2025-04-02 05:23:14,461 - Trading System - INFO - Improvement Bot is alive: True
2025-04-02 05:38:25,780 - Quantum Trading Bot - INFO - Starting trading cycle
2025-04-02 05:38:25,781 - Quantum Trading Bot - INFO - Market is closed, waiting...
2025-04-02 05:38:25,781 - Quantum Trading Bot - INFO - Sleeping for 60 seconds
2025-04-02 05:56:55,265 - Trading System - INFO - Trading Bot is alive: True
2025-04-02 05:56:55,267 - Trading System - INFO - Monitor Bot is alive: True
2025-04-02 05:56:55,267 - Trading System - INFO - Improvement Bot is alive: True
2025-04-02 05:56:56,248 - Monitor Bot - INFO - Running scheduled task: Performance Metrics
2025-04-02 05:56:56,252 - Monitor Bot - INFO - === Performance Metrics ===
2025-04-02 05:56:56,252 - Monitor Bot - INFO - Date: 2025-04-01T15:59:38.779389
2025-04-02 05:56:56,252 - Monitor Bot - INFO - Total Trades: 72
2025-04-02 05:56:56,252 - Monitor Bot - INFO - Win Rate: 55.56%
2025-04-02 05:56:56,252 - Monitor Bot - INFO - Total Profit: $18.27
2025-04-02 05:56:56,252 - Monitor Bot - INFO - Average Profit per Trade: $0.25
2025-04-02 05:56:56,252 - Monitor Bot - INFO - Average Profit Percentage: 0.09%
2025-04-02 05:56:56,252 - Monitor Bot - INFO - Maximum Drawdown: 0.10%
2025-04-02 05:56:56,252 - Monitor Bot - INFO - Quantum Prediction Accuracy: 0.00%
2025-04-02 05:56:56,253 - Monitor Bot - INFO - ============================
2025-04-02 05:56:56,262 - Monitor Bot - INFO - Task Performance Metrics completed successfully
2025-04-02 05:57:02,670 - Quantum Trading Bot - INFO - Starting trading cycle
2025-04-02 05:57:02,670 - Quantum Trading Bot - INFO - Market is closed, waiting...
2025-04-02 05:57:02,670 - Quantum Trading Bot - INFO - Sleeping for 60 seconds
2025-04-02 06:00:09,221 - Trading System - INFO - Trading Bot is alive: True
2025-04-02 06:00:09,222 - Trading System - INFO - Monitor Bot is alive: True
2025-04-02 06:00:09,222 - Trading System - INFO - Improvement Bot is alive: True
2025-04-02 06:00:16,616 - Quantum Trading Bot - INFO - Starting trading cycle
2025-04-02 06:00:16,616 - Quantum Trading Bot - INFO - Market is closed, waiting...
2025-04-02 06:00:16,616 - Quantum Trading Bot - INFO - Sleeping for 60 seconds
2025-04-02 06:16:38,151 - Trading System - INFO - Trading Bot is alive: True
2025-04-02 06:16:38,152 - Trading System - INFO - Monitor Bot is alive: True
2025-04-02 06:16:38,152 - Trading System - INFO - Improvement Bot is alive: True
2025-04-02 06:16:45,546 - Quantum Trading Bot - INFO - Starting trading cycle
2025-04-02 06:16:45,547 - Quantum Trading Bot - INFO - Market is closed, waiting...
2025-04-02 06:16:45,547 - Quantum Trading Bot - INFO - Sleeping for 60 seconds
2025-04-02 06:33:33,105 - Trading System - INFO - Trading Bot is alive: True
2025-04-02 06:33:33,105 - Trading System - INFO - Monitor Bot is alive: True
2025-04-02 06:33:33,105 - Trading System - INFO - Improvement Bot is alive: True
2025-04-02 06:49:22,450 - Quantum Trading Bot - INFO - Starting trading cycle
2025-04-02 06:49:22,451 - Quantum Trading Bot - INFO - Market is closed, waiting...
2025-04-02 06:49:22,451 - Quantum Trading Bot - INFO - Sleeping for 60 seconds
2025-04-02 06:50:15,072 - Trading System - INFO - Trading Bot is alive: True
2025-04-02 06:50:15,072 - Trading System - INFO - Monitor Bot is alive: True
2025-04-02 06:50:15,072 - Trading System - INFO - Improvement Bot is alive: True
2025-04-02 07:00:53,110 - Quantum Trading Bot - INFO - Starting trading cycle
2025-04-02 07:00:53,111 - Quantum Trading Bot - INFO - Market is closed, waiting...
2025-04-02 07:00:53,111 - Quantum Trading Bot - INFO - Sleeping for 60 seconds
2025-04-02 07:17:34,671 - Trading System - INFO - Trading Bot is alive: True
2025-04-02 07:17:34,671 - Trading System - INFO - Monitor Bot is alive: True
2025-04-02 07:17:34,671 - Trading System - INFO - Improvement Bot is alive: True
2025-04-02 07:17:35,665 - Monitor Bot - INFO - Running scheduled task: Performance Metrics
2025-04-02 07:17:35,670 - Monitor Bot - INFO - === Performance Metrics ===
2025-04-02 07:17:35,670 - Monitor Bot - INFO - Date: 2025-04-01T15:59:38.779389
2025-04-02 07:17:35,670 - Monitor Bot - INFO - Total Trades: 72
2025-04-02 07:17:35,670 - Monitor Bot - INFO - Win Rate: 55.56%
2025-04-02 07:17:35,670 - Monitor Bot - INFO - Total Profit: $18.27
2025-04-02 07:17:35,670 - Monitor Bot - INFO - Average Profit per Trade: $0.25
2025-04-02 07:17:35,670 - Monitor Bot - INFO - Average Profit Percentage: 0.09%
2025-04-02 07:17:35,670 - Monitor Bot - INFO - Maximum Drawdown: 0.10%
2025-04-02 07:17:35,670 - Monitor Bot - INFO - Quantum Prediction Accuracy: 0.00%
2025-04-02 07:17:35,670 - Monitor Bot - INFO - ============================
2025-04-02 07:17:35,681 - Monitor Bot - INFO - Task Performance Metrics completed successfully
2025-04-02 07:17:42,055 - Quantum Trading Bot - INFO - Starting trading cycle
2025-04-02 07:17:42,056 - Quantum Trading Bot - INFO - Market is closed, waiting...
2025-04-02 07:17:42,056 - Quantum Trading Bot - INFO - Sleeping for 60 seconds
2025-04-02 07:29:38,252 - Trading System - INFO - Trading Bot is alive: True
2025-04-02 07:29:38,253 - Trading System - INFO - Monitor Bot is alive: True
2025-04-02 07:29:38,253 - Trading System - INFO - Improvement Bot is alive: True
2025-04-02 07:29:45,644 - Quantum Trading Bot - INFO - Starting trading cycle
2025-04-02 07:29:45,645 - Quantum Trading Bot - INFO - Market is closed, waiting...
2025-04-02 07:29:45,645 - Quantum Trading Bot - INFO - Sleeping for 60 seconds
2025-04-02 07:30:38,253 - Trading System - INFO - Trading Bot is alive: True
2025-04-02 07:30:38,254 - Trading System - INFO - Monitor Bot is alive: True
2025-04-02 07:30:38,254 - Trading System - INFO - Improvement Bot is alive: True
2025-04-02 07:30:45,645 - Quantum Trading Bot - INFO - Starting trading cycle
2025-04-02 07:30:45,645 - Quantum Trading Bot - INFO - Market is closed, waiting...
2025-04-02 07:30:45,645 - Quantum Trading Bot - INFO - Sleeping for 60 seconds
2025-04-02 07:31:38,257 - Trading System - INFO - Trading Bot is alive: True
2025-04-02 07:31:38,257 - Trading System - INFO - Monitor Bot is alive: True
2025-04-02 07:31:38,257 - Trading System - INFO - Improvement Bot is alive: True
2025-04-02 07:31:45,649 - Quantum Trading Bot - INFO - Starting trading cycle
2025-04-02 07:31:45,650 - Quantum Trading Bot - INFO - Market is closed, waiting...
2025-04-02 07:31:45,650 - Quantum Trading Bot - INFO - Sleeping for 60 seconds
2025-04-02 07:32:38,262 - Trading System - INFO - Trading Bot is alive: True
2025-04-02 07:32:38,262 - Trading System - INFO - Monitor Bot is alive: True
2025-04-02 07:32:38,262 - Trading System - INFO - Improvement Bot is alive: True
2025-04-02 07:32:45,652 - Quantum Trading Bot - INFO - Starting trading cycle
2025-04-02 07:32:45,652 - Quantum Trading Bot - INFO - Market is closed, waiting...
2025-04-02 07:32:45,653 - Quantum Trading Bot - INFO - Sleeping for 60 seconds
2025-04-02 07:33:38,264 - Trading System - INFO - Trading Bot is alive: True
2025-04-02 07:33:38,264 - Trading System - INFO - Monitor Bot is alive: True
2025-04-02 07:33:38,264 - Trading System - INFO - Improvement Bot is alive: True
2025-04-02 07:33:39,279 - Monitor Bot - INFO - Running scheduled task: Quantum System Health Check
2025-04-02 07:33:39,279 - Monitor Bot - INFO - Monitoring quantum system health
2025-04-02 07:33:39,281 - Monitor Bot - INFO - Average quantum error rate: 0.0346
2025-04-02 07:33:39,283 - Monitor Bot - INFO - Task Quantum System Health Check completed successfully
2025-04-02 07:33:45,657 - Quantum Trading Bot - INFO - Starting trading cycle
2025-04-02 07:33:45,658 - Quantum Trading Bot - INFO - Market is closed, waiting...
2025-04-02 07:33:45,658 - Quantum Trading Bot - INFO - Sleeping for 60 seconds
2025-04-02 07:34:38,264 - Trading System - INFO - Trading Bot is alive: True
2025-04-02 07:34:38,266 - Trading System - INFO - Monitor Bot is alive: True
2025-04-02 07:34:38,266 - Trading System - INFO - Improvement Bot is alive: True
2025-04-02 07:34:45,662 - Quantum Trading Bot - INFO - Starting trading cycle
2025-04-02 07:34:45,662 - Quantum Trading Bot - INFO - Market is closed, waiting...
2025-04-02 07:34:45,662 - Quantum Trading Bot - INFO - Sleeping for 60 seconds
2025-04-02 07:35:38,270 - Trading System - INFO - Trading Bot is alive: True
2025-04-02 07:35:38,271 - Trading System - INFO - Monitor Bot is alive: True
2025-04-02 07:35:38,271 - Trading System - INFO - Improvement Bot is alive: True
2025-04-02 07:35:45,663 - Quantum Trading Bot - INFO - Starting trading cycle
2025-04-02 07:35:45,663 - Quantum Trading Bot - INFO - Market is closed, waiting...
2025-04-02 07:35:45,663 - Quantum Trading Bot - INFO - Sleeping for 60 seconds
2025-04-02 07:36:38,272 - Trading System - INFO - Trading Bot is alive: True
2025-04-02 07:36:38,273 - Trading System - INFO - Monitor Bot is alive: True
2025-04-02 07:36:38,274 - Trading System - INFO - Improvement Bot is alive: True
2025-04-02 07:36:45,666 - Quantum Trading Bot - INFO - Starting trading cycle
2025-04-02 07:36:45,666 - Quantum Trading Bot - INFO - Market is closed, waiting...
2025-04-02 07:36:45,666 - Quantum Trading Bot - INFO - Sleeping for 60 seconds
2025-04-02 07:37:38,276 - Trading System - INFO - Trading Bot is alive: True
2025-04-02 07:37:38,277 - Trading System - INFO - Monitor Bot is alive: True
2025-04-02 07:37:38,277 - Trading System - INFO - Improvement Bot is alive: True
