2025-04-08 01:02:47,729 - Trading System - INFO - Configuration loaded successfully
2025-04-08 01:02:47,945 - Platform Factory - INFO - Platform factory initialized with trading mode: paper
2025-04-08 01:02:47,945 - Trading System - INFO - Initialized platform factory with new adapters
2025-04-08 01:02:47,945 - Trading System - INFO - Environment variables loaded
2025-04-08 01:02:47,954 - Trading System - INFO - Encryption key loaded
2025-04-08 01:02:47,954 - Trading System - INFO - Fixed syntax error in improvement_bot.py
2025-04-08 01:02:48,322 - Trading System - INFO - scikit-learn is available (version 1.6.1)
2025-04-08 01:02:48,323 - Quantum Trading Bot - INFO - Attempting to import quantum libraries...
2025-04-08 01:02:48,876 - qiskit.passmanager.base_tasks - INFO - Pass: UnrollCustomDefinitions - 0.04387 (ms)
2025-04-08 01:02:48,876 - qiskit.transpiler.passes.basis.basis_translator - INFO - Begin BasisTranslator from source basis {('u3', 1)} to target basis {'ry', 'u', 'delay', 'cx', 'store', 'rx', 'x', 'z', 'rz', 'barrier', 'p', 'reset', 'snapshot', 'measure'}.
2025-04-08 01:02:48,876 - qiskit.transpiler.passes.basis.basis_translator - INFO - Basis translation path search completed in 0.000s.
2025-04-08 01:02:48,877 - qiskit.transpiler.passes.basis.basis_translator - INFO - Basis translation paths composed in 0.000s.
2025-04-08 01:02:48,877 - qiskit.transpiler.passes.basis.basis_translator - INFO - Basis translation instructions replaced in 0.000s.
2025-04-08 01:02:48,877 - qiskit.passmanager.base_tasks - INFO - Pass: BasisTranslator - 0.52810 (ms)
2025-04-08 01:02:48,880 - Quantum Trading Bot - INFO - Quantum libraries successfully imported: PennyLane 0.40.0, Qiskit 1.2.4
2025-04-08 01:02:48,884 - Quantum Trading Bot - INFO - ========== TRADING LOOP FUNCTION ENTERED ==========
2025-04-08 01:02:48,884 - Trading System - INFO - Started Trading Bot
2025-04-08 01:02:48,884 - Monitor Bot - INFO - Starting monitoring loop
2025-04-08 01:02:48,884 - Trading System - INFO - Started Monitor Bot
2025-04-08 01:02:48,884 - Quantum Trading Bot - INFO - Configuration loaded successfully
2025-04-08 01:02:48,884 - Improvement Bot - INFO - Starting improvement bot
2025-04-08 01:02:48,884 - Trading System - INFO - Started Improvement Bot
2025-04-08 01:02:48,884 - Trading System - INFO - Trading Bot is alive: True
2025-04-08 01:02:48,884 - Quantum Trading Bot - INFO - Trade history loaded
2025-04-08 01:02:48,885 - Trading System - INFO - All bots started. Press Ctrl+C to exit.
2025-04-08 01:02:48,885 - Trading System - INFO - Monitor Bot is alive: True
2025-04-08 01:02:48,885 - Improvement Bot - INFO - Configuration loaded successfully
2025-04-08 01:02:48,885 - Quantum Trading Bot - INFO - Signal handlers not installed - not in main thread
2025-04-08 01:02:48,885 - Trading System - INFO - Improvement Bot is alive: True
2025-04-08 01:02:48,885 - Quantum Trading Bot - INFO - Initialized PennyLane quantum device: default.qubit
2025-04-08 01:02:48,885 - Quantum Trading Bot - INFO - Mock adapter initialized
2025-04-08 01:02:48,886 - Improvement Bot - INFO - Running scheduled task: System Backup
2025-04-08 01:02:48,886 - Quantum Trading Bot - INFO - Starting trading cycle
2025-04-08 01:02:48,886 - Quantum Trading Bot - INFO - Market is closed, waiting...
2025-04-08 01:02:48,887 - Quantum Trading Bot - INFO - Sleeping for 60 seconds
2025-04-08 01:02:48,890 - Monitor Bot - INFO - Running scheduled task: Initial Performance Metrics
2025-04-08 01:02:48,891 - Monitor Bot - INFO - === Performance Metrics ===
2025-04-08 01:02:48,892 - Monitor Bot - INFO - Date: 2025-04-08T01:02:43.557618
2025-04-08 01:02:48,892 - Monitor Bot - INFO - Total Trades: 72
2025-04-08 01:02:48,892 - Monitor Bot - INFO - Win Rate: 55.56%
2025-04-08 01:02:48,892 - Monitor Bot - INFO - Total Profit: $18.27
2025-04-08 01:02:48,892 - Monitor Bot - INFO - Average Profit per Trade: $0.25
2025-04-08 01:02:48,892 - Monitor Bot - INFO - Average Profit Percentage: 0.09%
2025-04-08 01:02:48,892 - Monitor Bot - INFO - Maximum Drawdown: 0.10%
2025-04-08 01:02:48,892 - Monitor Bot - INFO - ============================
2025-04-08 01:02:48,899 - Monitor Bot - INFO - Task Initial Performance Metrics completed successfully
2025-04-08 01:02:48,899 - Monitor Bot - INFO - Running scheduled task: Initial API Health Check
2025-04-08 01:02:48,899 - WebUll Adapter - INFO - Generated device ID for WebUll: TradingBot-05e9fc221408
2025-04-08 01:02:48,900 - WebUll Adapter - INFO - WebUll Adapter initialized in paper trading mode
2025-04-08 01:02:48,900 - Platform Factory - INFO - Created WebUll adapter in paper mode
2025-04-08 01:02:48,902 - Improvement Bot - INFO - System snapshot created at backups/snapshot_20250408_010248
2025-04-08 01:02:48,902 - Improvement Bot - INFO - Task System Backup completed successfully
2025-04-08 01:02:48,902 - Improvement Bot - INFO - Running scheduled task: Code Quality Check - Trading Bot
2025-04-08 01:02:48,903 - Improvement Bot - INFO - Found 2 issues in trading_bot
2025-04-08 01:02:48,903 - Improvement Bot - INFO - Task Code Quality Check - Trading Bot completed successfully
2025-04-08 01:02:48,903 - Improvement Bot - INFO - Running scheduled task: Code Quality Check - Monitor Bot
2025-04-08 01:02:48,903 - Improvement Bot - INFO - No issues found in monitor_bot
2025-04-08 01:02:48,903 - Improvement Bot - WARNING - Task Code Quality Check - Monitor Bot completed with warnings
2025-04-08 01:02:48,903 - Improvement Bot - INFO - Running scheduled task: Code Quality Check - Improvement Bot
2025-04-08 01:02:48,904 - Improvement Bot - INFO - Found 6 issues in improvement_bot
2025-04-08 01:02:48,904 - Improvement Bot - INFO - Task Code Quality Check - Improvement Bot completed successfully
2025-04-08 01:02:48,904 - Improvement Bot - INFO - Running scheduled task: ML Model Optimization
2025-04-08 01:02:48,904 - Improvement Bot - INFO - No ML models found to optimize
2025-04-08 01:02:48,904 - Improvement Bot - WARNING - Task ML Model Optimization completed with warnings
2025-04-08 01:02:48,904 - Improvement Bot - INFO - Running scheduled task: Quantum Circuit Optimization
2025-04-08 01:02:48,904 - Improvement Bot - INFO - Starting quantum circuit optimization
2025-04-08 01:02:48,904 - Improvement Bot - INFO - No quantum model files found to optimize
2025-04-08 01:02:48,904 - Improvement Bot - WARNING - Task Quantum Circuit Optimization completed with warnings
2025-04-08 01:02:48,904 - Improvement Bot - INFO - Running scheduled task: Quantum Error Analysis
2025-04-08 01:02:48,904 - Improvement Bot - INFO - Analyzing quantum error rates
2025-04-08 01:02:48,905 - Improvement Bot - INFO - Quantum error analysis completed: avg error 0.0423, trend -0.0042
2025-04-08 01:02:48,905 - Improvement Bot - INFO - Task Quantum Error Analysis completed successfully
2025-04-08 01:02:48,905 - Improvement Bot - INFO - Running scheduled task: Quantum Prediction Analysis
2025-04-08 01:02:48,905 - Improvement Bot - INFO - Evaluating quantum prediction accuracy
2025-04-08 01:02:48,906 - Improvement Bot - INFO - No completed quantum predictions found
2025-04-08 01:02:48,906 - Improvement Bot - WARNING - Task Quantum Prediction Analysis completed with warnings
2025-04-08 01:02:48,906 - Improvement Bot - INFO - Running scheduled task: Quantum Weight Optimization
2025-04-08 01:02:48,906 - Improvement Bot - INFO - Generated new quantum-optimized weights
2025-04-08 01:02:48,906 - Improvement Bot - INFO - Task Quantum Weight Optimization completed successfully
2025-04-08 01:02:48,906 - Improvement Bot - INFO - Running scheduled task: System Health Analysis
2025-04-08 01:02:48,907 - Improvement Bot - INFO - Win rate trend: +0.00%
2025-04-08 01:02:48,907 - Improvement Bot - INFO - Profit trend: +0.00%
2025-04-08 01:02:48,907 - Improvement Bot - INFO - System health analysis completed: healthy
2025-04-08 01:02:48,907 - Improvement Bot - INFO - Task System Health Analysis completed successfully
2025-04-08 01:02:49,365 - WebUll Adapter - INFO - Authentication successful
2025-04-08 01:02:50,113 - Zoya Adapter - INFO - Zoya Adapter initialized in sandbox mode
2025-04-08 01:02:50,113 - Platform Factory - INFO - Created Zoya adapter in sandbox mode
2025-04-08 01:02:50,302 - Monitor Bot - INFO - === API Health Status ===
2025-04-08 01:02:50,302 - Monitor Bot - INFO - WebUll API: OK
2025-04-08 01:02:50,302 - Monitor Bot - INFO - Zoya API: OK
2025-04-08 01:02:50,302 - Monitor Bot - INFO - =======================
2025-04-08 01:02:50,302 - Monitor Bot - INFO - Task Initial API Health Check completed successfully
2025-04-08 01:02:50,302 - Monitor Bot - INFO - Running scheduled task: Initial Legal Compliance Report
2025-04-08 01:02:50,303 - Monitor Bot - INFO - Legal compliance report generated at legal/compliance_reports/compliance_report_20250408.json
2025-04-08 01:02:50,303 - Monitor Bot - INFO - Task Initial Legal Compliance Report completed successfully
2025-04-08 01:02:50,303 - Monitor Bot - INFO - Running scheduled task: Initial Quantum System Health Check
2025-04-08 01:02:50,303 - Monitor Bot - INFO - Monitoring quantum system health
2025-04-08 01:02:50,304 - Monitor Bot - INFO - Average quantum error rate: 0.0467
2025-04-08 01:02:50,310 - Monitor Bot - INFO - Task Initial Quantum System Health Check completed successfully
2025-04-08 01:03:48,887 - Quantum Trading Bot - INFO - Starting trading cycle
2025-04-08 01:03:48,889 - Trading System - INFO - Trading Bot is alive: True
2025-04-08 01:03:48,889 - Quantum Trading Bot - INFO - Market is closed, waiting...
2025-04-08 01:03:48,890 - Trading System - INFO - Monitor Bot is alive: True
2025-04-08 01:03:48,890 - Quantum Trading Bot - INFO - Sleeping for 60 seconds
2025-04-08 01:03:48,890 - Trading System - INFO - Improvement Bot is alive: True
2025-04-08 01:04:03,583 - Trading System - INFO - Main process interrupted, shutting down...
2025-04-08 01:04:03,583 - Trading System - INFO - Trading system shutdown complete
2025-04-08 08:47:10,004 - Trading System - INFO - Configuration loaded successfully
2025-04-08 08:47:10,279 - Platform Factory - INFO - Platform factory initialized with trading mode: paper
2025-04-08 08:47:10,279 - Trading System - INFO - Initialized platform factory with new adapters
2025-04-08 08:47:10,279 - Trading System - INFO - Environment variables loaded
2025-04-08 08:47:10,307 - Trading System - INFO - Encryption key loaded
2025-04-08 08:47:10,307 - Trading System - INFO - Fixed syntax error in improvement_bot.py
2025-04-08 08:47:10,785 - Trading System - INFO - scikit-learn is available (version 1.6.1)
2025-04-08 08:47:10,786 - Quantum Trading Bot - INFO - Attempting to import quantum libraries...
2025-04-08 08:47:11,424 - qiskit.passmanager.base_tasks - INFO - Pass: UnrollCustomDefinitions - 0.19097 (ms)
2025-04-08 08:47:11,424 - qiskit.transpiler.passes.basis.basis_translator - INFO - Begin BasisTranslator from source basis {('u3', 1)} to target basis {'u', 'x', 'snapshot', 'store', 'ry', 'rx', 'reset', 'barrier', 'cx', 'z', 'p', 'delay', 'rz', 'measure'}.
2025-04-08 08:47:11,425 - qiskit.transpiler.passes.basis.basis_translator - INFO - Basis translation path search completed in 0.000s.
2025-04-08 08:47:11,426 - qiskit.transpiler.passes.basis.basis_translator - INFO - Basis translation paths composed in 0.000s.
2025-04-08 08:47:11,426 - qiskit.transpiler.passes.basis.basis_translator - INFO - Basis translation instructions replaced in 0.001s.
2025-04-08 08:47:11,426 - qiskit.passmanager.base_tasks - INFO - Pass: BasisTranslator - 1.95813 (ms)
2025-04-08 08:47:11,430 - Quantum Trading Bot - INFO - Quantum libraries successfully imported: PennyLane 0.40.0, Qiskit 1.2.4
2025-04-08 08:47:11,434 - Quantum Trading Bot - INFO - ========== TRADING LOOP FUNCTION ENTERED ==========
2025-04-08 08:47:11,434 - Trading System - INFO - Started Trading Bot
2025-04-08 08:47:11,434 - Monitor Bot - INFO - Starting monitoring loop
2025-04-08 08:47:11,434 - Trading System - INFO - Started Monitor Bot
2025-04-08 08:47:11,434 - Quantum Trading Bot - INFO - Configuration loaded successfully
2025-04-08 08:47:11,434 - Improvement Bot - INFO - Starting improvement bot
2025-04-08 08:47:11,434 - Trading System - INFO - Started Improvement Bot
2025-04-08 08:47:11,434 - Trading System - INFO - Trading Bot is alive: True
2025-04-08 08:47:11,434 - Trading System - INFO - All bots started. Press Ctrl+C to exit.
2025-04-08 08:47:11,434 - Trading System - INFO - Monitor Bot is alive: True
2025-04-08 08:47:11,434 - Trading System - INFO - Improvement Bot is alive: True
2025-04-08 08:47:11,434 - Improvement Bot - INFO - Configuration loaded successfully
2025-04-08 08:47:11,434 - Quantum Trading Bot - INFO - Trade history loaded
2025-04-08 08:47:11,434 - Quantum Trading Bot - INFO - Signal handlers not installed - not in main thread
2025-04-08 08:47:11,435 - Quantum Trading Bot - INFO - Initialized PennyLane quantum device: default.qubit
2025-04-08 08:47:11,435 - Quantum Trading Bot - INFO - Mock adapter initialized
2025-04-08 08:47:11,440 - Improvement Bot - INFO - Running scheduled task: System Backup
2025-04-08 08:47:11,440 - Quantum Trading Bot - INFO - Starting trading cycle
2025-04-08 08:47:11,440 - Quantum Trading Bot - INFO - Market is closed, waiting...
2025-04-08 08:47:11,440 - Quantum Trading Bot - INFO - Sleeping for 60 seconds
2025-04-08 08:47:11,444 - Monitor Bot - INFO - Running scheduled task: Initial Performance Metrics
2025-04-08 08:47:11,445 - Monitor Bot - INFO - === Performance Metrics ===
2025-04-08 08:47:11,445 - Monitor Bot - INFO - Date: 2025-04-08T01:02:43.557618
2025-04-08 08:47:11,445 - Monitor Bot - INFO - Total Trades: 72
2025-04-08 08:47:11,445 - Monitor Bot - INFO - Win Rate: 55.56%
2025-04-08 08:47:11,445 - Monitor Bot - INFO - Total Profit: $18.27
2025-04-08 08:47:11,445 - Monitor Bot - INFO - Average Profit per Trade: $0.25
2025-04-08 08:47:11,445 - Monitor Bot - INFO - Average Profit Percentage: 0.09%
2025-04-08 08:47:11,445 - Monitor Bot - INFO - Maximum Drawdown: 0.10%
2025-04-08 08:47:11,445 - Monitor Bot - INFO - ============================
2025-04-08 08:47:11,450 - Monitor Bot - INFO - Task Initial Performance Metrics completed successfully
2025-04-08 08:47:11,450 - Monitor Bot - INFO - Running scheduled task: Initial API Health Check
2025-04-08 08:47:11,450 - WebUll Adapter - INFO - Generated device ID for WebUll: TradingBot-05e9fc221408
2025-04-08 08:47:11,450 - WebUll Adapter - INFO - WebUll Adapter initialized in paper trading mode
2025-04-08 08:47:11,450 - Platform Factory - INFO - Created WebUll adapter in paper mode
2025-04-08 08:47:11,453 - Improvement Bot - INFO - System snapshot created at backups/snapshot_20250408_084711
2025-04-08 08:47:11,453 - Improvement Bot - INFO - Task System Backup completed successfully
2025-04-08 08:47:11,453 - Improvement Bot - INFO - Running scheduled task: Code Quality Check - Trading Bot
2025-04-08 08:47:11,453 - Improvement Bot - INFO - Found 2 issues in trading_bot
2025-04-08 08:47:11,454 - Improvement Bot - INFO - Task Code Quality Check - Trading Bot completed successfully
2025-04-08 08:47:11,454 - Improvement Bot - INFO - Running scheduled task: Code Quality Check - Monitor Bot
2025-04-08 08:47:11,454 - Improvement Bot - INFO - No issues found in monitor_bot
2025-04-08 08:47:11,454 - Improvement Bot - WARNING - Task Code Quality Check - Monitor Bot completed with warnings
2025-04-08 08:47:11,454 - Improvement Bot - INFO - Running scheduled task: Code Quality Check - Improvement Bot
2025-04-08 08:47:11,454 - Improvement Bot - INFO - Found 6 issues in improvement_bot
2025-04-08 08:47:11,454 - Improvement Bot - INFO - Task Code Quality Check - Improvement Bot completed successfully
2025-04-08 08:47:11,454 - Improvement Bot - INFO - Running scheduled task: ML Model Optimization
2025-04-08 08:47:11,454 - Improvement Bot - INFO - No ML models found to optimize
2025-04-08 08:47:11,454 - Improvement Bot - WARNING - Task ML Model Optimization completed with warnings
2025-04-08 08:47:11,454 - Improvement Bot - INFO - Running scheduled task: Quantum Circuit Optimization
2025-04-08 08:47:11,454 - Improvement Bot - INFO - Starting quantum circuit optimization
2025-04-08 08:47:11,454 - Improvement Bot - INFO - No quantum model files found to optimize
2025-04-08 08:47:11,454 - Improvement Bot - WARNING - Task Quantum Circuit Optimization completed with warnings
2025-04-08 08:47:11,454 - Improvement Bot - INFO - Running scheduled task: Quantum Error Analysis
2025-04-08 08:47:11,454 - Improvement Bot - INFO - Analyzing quantum error rates
2025-04-08 08:47:11,455 - Improvement Bot - INFO - Quantum error analysis completed: avg error 0.0423, trend -0.0042
2025-04-08 08:47:11,455 - Improvement Bot - INFO - Task Quantum Error Analysis completed successfully
2025-04-08 08:47:11,455 - Improvement Bot - INFO - Running scheduled task: Quantum Prediction Analysis
2025-04-08 08:47:11,455 - Improvement Bot - INFO - Evaluating quantum prediction accuracy
2025-04-08 08:47:11,456 - Improvement Bot - INFO - No completed quantum predictions found
2025-04-08 08:47:11,456 - Improvement Bot - WARNING - Task Quantum Prediction Analysis completed with warnings
2025-04-08 08:47:11,456 - Improvement Bot - INFO - Running scheduled task: Quantum Weight Optimization
2025-04-08 08:47:11,456 - Improvement Bot - INFO - Generated new quantum-optimized weights
2025-04-08 08:47:11,456 - Improvement Bot - INFO - Task Quantum Weight Optimization completed successfully
2025-04-08 08:47:11,456 - Improvement Bot - INFO - Running scheduled task: System Health Analysis
2025-04-08 08:47:11,457 - Improvement Bot - INFO - Win rate trend: +0.00%
2025-04-08 08:47:11,457 - Improvement Bot - INFO - Profit trend: +0.00%
2025-04-08 08:47:11,457 - Improvement Bot - INFO - System health analysis completed: healthy
2025-04-08 08:47:11,457 - Improvement Bot - INFO - Task System Health Analysis completed successfully
2025-04-08 08:47:11,758 - WebUll Adapter - INFO - Authentication successful
2025-04-08 08:47:12,241 - Zoya Adapter - INFO - Zoya Adapter initialized in sandbox mode
2025-04-08 08:47:12,241 - Platform Factory - INFO - Created Zoya adapter in sandbox mode
2025-04-08 08:47:12,388 - Monitor Bot - INFO - === API Health Status ===
2025-04-08 08:47:12,388 - Monitor Bot - INFO - WebUll API: OK
2025-04-08 08:47:12,388 - Monitor Bot - INFO - Zoya API: OK
2025-04-08 08:47:12,388 - Monitor Bot - INFO - =======================
2025-04-08 08:47:12,388 - Monitor Bot - INFO - Task Initial API Health Check completed successfully
2025-04-08 08:47:12,389 - Monitor Bot - INFO - Running scheduled task: Initial Legal Compliance Report
2025-04-08 08:47:12,390 - Monitor Bot - INFO - Legal compliance report generated at legal/compliance_reports/compliance_report_20250408.json
2025-04-08 08:47:12,390 - Monitor Bot - INFO - Task Initial Legal Compliance Report completed successfully
2025-04-08 08:47:12,390 - Monitor Bot - INFO - Running scheduled task: Initial Quantum System Health Check
2025-04-08 08:47:12,390 - Monitor Bot - INFO - Monitoring quantum system health
2025-04-08 08:47:12,391 - Monitor Bot - INFO - Average quantum error rate: 0.0467
2025-04-08 08:47:12,402 - Monitor Bot - INFO - Task Initial Quantum System Health Check completed successfully
2025-04-08 08:48:11,440 - Trading System - INFO - Trading Bot is alive: True
2025-04-08 08:48:11,442 - Trading System - INFO - Monitor Bot is alive: True
2025-04-08 08:48:11,442 - Trading System - INFO - Improvement Bot is alive: True
2025-04-08 08:48:11,447 - Quantum Trading Bot - INFO - Starting trading cycle
2025-04-08 08:48:11,447 - Quantum Trading Bot - INFO - Market is closed, waiting...
2025-04-08 08:48:11,447 - Quantum Trading Bot - INFO - Sleeping for 60 seconds
2025-04-08 08:49:11,445 - Trading System - INFO - Trading Bot is alive: True
2025-04-08 08:49:11,446 - Trading System - INFO - Monitor Bot is alive: True
2025-04-08 08:49:11,446 - Trading System - INFO - Improvement Bot is alive: True
2025-04-08 08:49:11,451 - Quantum Trading Bot - INFO - Starting trading cycle
2025-04-08 08:49:11,451 - Quantum Trading Bot - INFO - Market is closed, waiting...
2025-04-08 08:49:11,451 - Quantum Trading Bot - INFO - Sleeping for 60 seconds
2025-04-08 08:50:11,449 - Trading System - INFO - Trading Bot is alive: True
2025-04-08 08:50:11,450 - Trading System - INFO - Monitor Bot is alive: True
2025-04-08 08:50:11,450 - Trading System - INFO - Improvement Bot is alive: True
2025-04-08 08:50:11,457 - Quantum Trading Bot - INFO - Starting trading cycle
2025-04-08 08:50:11,457 - Quantum Trading Bot - INFO - Market is closed, waiting...
2025-04-08 08:50:11,457 - Quantum Trading Bot - INFO - Sleeping for 60 seconds
2025-04-08 08:51:11,456 - Trading System - INFO - Trading Bot is alive: True
2025-04-08 08:51:11,458 - Trading System - INFO - Monitor Bot is alive: True
2025-04-08 08:51:11,458 - Trading System - INFO - Improvement Bot is alive: True
2025-04-08 08:51:11,461 - Quantum Trading Bot - INFO - Starting trading cycle
2025-04-08 08:51:11,462 - Quantum Trading Bot - INFO - Market is closed, waiting...
2025-04-08 08:51:11,462 - Quantum Trading Bot - INFO - Sleeping for 60 seconds
2025-04-08 08:52:11,463 - Quantum Trading Bot - INFO - Starting trading cycle
2025-04-08 08:52:11,464 - Trading System - INFO - Trading Bot is alive: True
2025-04-08 08:52:11,465 - Quantum Trading Bot - INFO - Market is closed, waiting...
2025-04-08 08:52:11,465 - Trading System - INFO - Monitor Bot is alive: True
2025-04-08 08:52:11,465 - Quantum Trading Bot - INFO - Sleeping for 60 seconds
2025-04-08 08:52:11,465 - Trading System - INFO - Improvement Bot is alive: True
2025-04-08 08:53:11,468 - Trading System - INFO - Trading Bot is alive: True
2025-04-08 08:53:11,470 - Trading System - INFO - Monitor Bot is alive: True
2025-04-08 08:53:11,470 - Trading System - INFO - Improvement Bot is alive: True
2025-04-08 08:53:11,471 - Quantum Trading Bot - INFO - Starting trading cycle
2025-04-08 08:53:11,471 - Quantum Trading Bot - INFO - Market is closed, waiting...
2025-04-08 08:53:11,471 - Quantum Trading Bot - INFO - Sleeping for 60 seconds
2025-04-08 08:54:11,473 - Quantum Trading Bot - INFO - Starting trading cycle
2025-04-08 08:54:11,475 - Quantum Trading Bot - INFO - Market is closed, waiting...
2025-04-08 08:54:11,475 - Quantum Trading Bot - INFO - Sleeping for 60 seconds
2025-04-08 08:54:11,480 - Trading System - INFO - Trading Bot is alive: True
2025-04-08 08:54:11,481 - Trading System - INFO - Monitor Bot is alive: True
2025-04-08 08:54:11,481 - Trading System - INFO - Improvement Bot is alive: True
2025-04-08 08:55:11,479 - Quantum Trading Bot - INFO - Starting trading cycle
2025-04-08 08:55:11,481 - Quantum Trading Bot - INFO - Market is closed, waiting...
2025-04-08 08:55:11,481 - Quantum Trading Bot - INFO - Sleeping for 60 seconds
2025-04-08 08:55:11,484 - Trading System - INFO - Trading Bot is alive: True
2025-04-08 08:55:11,484 - Trading System - INFO - Monitor Bot is alive: True
2025-04-08 08:55:11,485 - Trading System - INFO - Improvement Bot is alive: True
2025-04-08 08:56:11,486 - Quantum Trading Bot - INFO - Starting trading cycle
2025-04-08 08:56:11,488 - Quantum Trading Bot - INFO - Market is closed, waiting...
2025-04-08 08:56:11,488 - Quantum Trading Bot - INFO - Sleeping for 60 seconds
2025-04-08 08:56:11,490 - Trading System - INFO - Trading Bot is alive: True
2025-04-08 08:56:11,491 - Trading System - INFO - Monitor Bot is alive: True
2025-04-08 08:56:11,491 - Trading System - INFO - Improvement Bot is alive: True
2025-04-08 08:57:11,495 - Quantum Trading Bot - INFO - Starting trading cycle
2025-04-08 08:57:11,496 - Quantum Trading Bot - INFO - Market is closed, waiting...
2025-04-08 08:57:11,497 - Quantum Trading Bot - INFO - Sleeping for 60 seconds
2025-04-08 08:57:11,501 - Trading System - INFO - Trading Bot is alive: True
2025-04-08 08:57:11,501 - Trading System - INFO - Monitor Bot is alive: True
2025-04-08 08:57:11,502 - Trading System - INFO - Improvement Bot is alive: True
2025-04-08 08:58:39,806 - Trading System - INFO - Trading Bot is alive: True
2025-04-08 08:58:39,807 - Quantum Trading Bot - INFO - Starting trading cycle
2025-04-08 08:58:39,808 - Trading System - INFO - Monitor Bot is alive: True
2025-04-08 08:58:39,809 - Quantum Trading Bot - INFO - Market is closed, waiting...
2025-04-08 08:58:39,809 - Trading System - INFO - Improvement Bot is alive: True
2025-04-08 08:58:39,809 - Quantum Trading Bot - INFO - Sleeping for 60 seconds
2025-04-08 09:02:25,975 - Quantum Trading Bot - INFO - Starting trading cycle
2025-04-08 09:02:25,976 - Trading System - INFO - Trading Bot is alive: True
2025-04-08 09:02:25,977 - Quantum Trading Bot - INFO - Processing AAPL
2025-04-08 09:02:25,977 - Trading System - INFO - Monitor Bot is alive: True
2025-04-08 09:02:25,977 - Quantum Trading Bot - INFO - Mock halal compliance check for AAPL: COMPLIANT
2025-04-08 09:02:25,977 - Trading System - INFO - Improvement Bot is alive: True
2025-04-08 09:02:26,010 - Quantum Trading Bot - INFO - Quantum device error rate: 0.0366
2025-04-08 09:02:26,016 - Quantum Trading Bot - INFO - Quantum prediction for AAPL: 0.7340 (confidence: 0.9634)
2025-04-08 09:02:26,016 - Quantum Trading Bot - INFO - Trading signal for AAPL: 0.7340 (source: quantum)
2025-04-08 09:02:26,016 - Quantum Trading Bot - INFO - HOLD signal for AAPL (score: 0.7340, source: quantum)
2025-04-08 09:02:26,017 - Quantum Trading Bot - INFO - Processing MSFT
2025-04-08 09:02:26,017 - Quantum Trading Bot - INFO - Mock halal compliance check for MSFT: COMPLIANT
2025-04-08 09:02:26,026 - Quantum Trading Bot - INFO - Quantum device error rate: 0.0201
2025-04-08 09:02:26,028 - Quantum Trading Bot - INFO - Quantum prediction for MSFT: 0.8020 (confidence: 0.9799)
2025-04-08 09:02:26,028 - Quantum Trading Bot - INFO - Trading signal for MSFT: 0.8020 (source: quantum)
2025-04-08 09:02:26,028 - Quantum Trading Bot - INFO - HOLD signal for MSFT (score: 0.8020, source: quantum)
2025-04-08 09:02:26,028 - Quantum Trading Bot - INFO - Processing NVDA
2025-04-08 09:02:26,028 - Quantum Trading Bot - INFO - Mock halal compliance check for NVDA: COMPLIANT
2025-04-08 09:02:26,047 - Quantum Trading Bot - INFO - Quantum device error rate: 0.0306
2025-04-08 09:02:26,049 - Quantum Trading Bot - INFO - Quantum prediction for NVDA: 0.0950 (confidence: 0.9694)
2025-04-08 09:02:26,049 - Quantum Trading Bot - INFO - Trading signal for NVDA: 0.0950 (source: quantum)
2025-04-08 09:02:26,049 - Quantum Trading Bot - INFO - SELL signal for NVDA (score: 0.0950, source: quantum)
2025-04-08 09:02:26,051 - Quantum Trading Bot - WARNING - Cannot sell NVDA - no position
2025-04-08 09:02:26,058 - Quantum Trading Bot - INFO - Performance metrics saved: 40/72 winning trades
2025-04-08 09:02:26,058 - Quantum Trading Bot - INFO - Quantum prediction accuracy: 0.00
2025-04-08 09:02:26,058 - Quantum Trading Bot - INFO - Sleeping for 60 seconds
2025-04-08 09:03:26,005 - Trading System - INFO - Trading Bot is alive: True
2025-04-08 09:03:26,006 - Trading System - INFO - Monitor Bot is alive: True
2025-04-08 09:03:26,006 - Trading System - INFO - Improvement Bot is alive: True
2025-04-08 09:03:26,064 - Quantum Trading Bot - INFO - Starting trading cycle
2025-04-08 09:03:26,064 - Quantum Trading Bot - INFO - Processing AAPL
2025-04-08 09:03:26,064 - Quantum Trading Bot - INFO - Mock halal compliance check for AAPL: COMPLIANT
2025-04-08 09:03:26,093 - Quantum Trading Bot - INFO - Quantum device error rate: 0.0348
2025-04-08 09:03:26,099 - Quantum Trading Bot - INFO - Quantum prediction for AAPL: 0.6260 (confidence: 0.9652)
2025-04-08 09:03:26,099 - Quantum Trading Bot - INFO - Trading signal for AAPL: 0.6260 (source: quantum)
2025-04-08 09:03:26,099 - Quantum Trading Bot - INFO - HOLD signal for AAPL (score: 0.6260, source: quantum)
2025-04-08 09:03:26,099 - Quantum Trading Bot - INFO - Processing MSFT
2025-04-08 09:03:26,099 - Quantum Trading Bot - INFO - Mock halal compliance check for MSFT: COMPLIANT
2025-04-08 09:03:26,110 - Quantum Trading Bot - INFO - Quantum device error rate: 0.0348
2025-04-08 09:03:26,113 - Quantum Trading Bot - INFO - Quantum prediction for MSFT: 0.4140 (confidence: 0.7722)
2025-04-08 09:03:26,113 - Quantum Trading Bot - INFO - Trading signal for MSFT: 0.4140 (source: quantum)
2025-04-08 09:03:26,113 - Quantum Trading Bot - INFO - HOLD signal for MSFT (score: 0.4140, source: quantum)
2025-04-08 09:03:26,113 - Quantum Trading Bot - INFO - Processing NVDA
2025-04-08 09:03:26,113 - Quantum Trading Bot - INFO - Mock halal compliance check for NVDA: COMPLIANT
2025-04-08 09:03:26,122 - Quantum Trading Bot - INFO - Quantum device error rate: 0.0345
2025-04-08 09:03:26,124 - Quantum Trading Bot - INFO - Quantum prediction for NVDA: 0.5280 (confidence: 0.7724)
2025-04-08 09:03:26,124 - Quantum Trading Bot - INFO - Trading signal for NVDA: 0.5280 (source: quantum)
2025-04-08 09:03:26,125 - Quantum Trading Bot - INFO - HOLD signal for NVDA (score: 0.5280, source: quantum)
2025-04-08 09:03:26,132 - Quantum Trading Bot - INFO - Performance metrics saved: 40/72 winning trades
2025-04-08 09:03:26,132 - Quantum Trading Bot - INFO - Quantum prediction accuracy: 0.00
2025-04-08 09:03:26,132 - Quantum Trading Bot - INFO - Sleeping for 60 seconds
2025-04-08 09:04:26,007 - Trading System - INFO - Trading Bot is alive: True
2025-04-08 09:04:26,009 - Trading System - INFO - Monitor Bot is alive: True
2025-04-08 09:04:26,009 - Trading System - INFO - Improvement Bot is alive: True
2025-04-08 09:04:26,137 - Quantum Trading Bot - INFO - Starting trading cycle
2025-04-08 09:04:26,137 - Quantum Trading Bot - INFO - Processing AAPL
2025-04-08 09:04:26,137 - Quantum Trading Bot - INFO - Mock halal compliance check for AAPL: COMPLIANT
2025-04-08 09:04:26,162 - Quantum Trading Bot - INFO - Quantum device error rate: 0.0351
2025-04-08 09:04:26,168 - Quantum Trading Bot - INFO - Quantum prediction for AAPL: 0.6240 (confidence: 0.9649)
2025-04-08 09:04:26,168 - Quantum Trading Bot - INFO - Trading signal for AAPL: 0.6240 (source: quantum)
2025-04-08 09:04:26,168 - Quantum Trading Bot - INFO - HOLD signal for AAPL (score: 0.6240, source: quantum)
2025-04-08 09:04:26,168 - Quantum Trading Bot - INFO - Processing MSFT
2025-04-08 09:04:26,168 - Quantum Trading Bot - INFO - Mock halal compliance check for MSFT: COMPLIANT
2025-04-08 09:04:26,179 - Quantum Trading Bot - INFO - Quantum device error rate: 0.0360
2025-04-08 09:04:26,182 - Quantum Trading Bot - INFO - Quantum prediction for MSFT: 0.5460 (confidence: 0.7712)
2025-04-08 09:04:26,182 - Quantum Trading Bot - INFO - Trading signal for MSFT: 0.5460 (source: quantum)
2025-04-08 09:04:26,182 - Quantum Trading Bot - INFO - HOLD signal for MSFT (score: 0.5460, source: quantum)
2025-04-08 09:04:26,182 - Quantum Trading Bot - INFO - Processing NVDA
2025-04-08 09:04:26,182 - Quantum Trading Bot - INFO - Mock halal compliance check for NVDA: COMPLIANT
2025-04-08 09:04:26,191 - Quantum Trading Bot - INFO - Quantum device error rate: 0.0411
2025-04-08 09:04:26,194 - Quantum Trading Bot - INFO - Quantum prediction for NVDA: 0.6980 (confidence: 0.9589)
2025-04-08 09:04:26,194 - Quantum Trading Bot - INFO - Trading signal for NVDA: 0.6980 (source: quantum)
2025-04-08 09:04:26,194 - Quantum Trading Bot - INFO - HOLD signal for NVDA (score: 0.6980, source: quantum)
2025-04-08 09:04:26,202 - Quantum Trading Bot - INFO - Performance metrics saved: 40/72 winning trades
2025-04-08 09:04:26,202 - Quantum Trading Bot - INFO - Quantum prediction accuracy: 0.00
2025-04-08 09:04:26,202 - Quantum Trading Bot - INFO - Sleeping for 60 seconds
2025-04-08 09:05:26,012 - Trading System - INFO - Trading Bot is alive: True
2025-04-08 09:05:26,014 - Trading System - INFO - Monitor Bot is alive: True
2025-04-08 09:05:26,014 - Trading System - INFO - Improvement Bot is alive: True
2025-04-08 09:05:26,207 - Quantum Trading Bot - INFO - Starting trading cycle
2025-04-08 09:05:26,208 - Quantum Trading Bot - INFO - Processing AAPL
2025-04-08 09:05:26,208 - Quantum Trading Bot - INFO - Mock halal compliance check for AAPL: COMPLIANT
2025-04-08 09:05:26,235 - Quantum Trading Bot - INFO - Quantum device error rate: 0.0417
2025-04-08 09:05:26,240 - Quantum Trading Bot - INFO - Quantum prediction for AAPL: 0.5650 (confidence: 0.7666)
2025-04-08 09:05:26,240 - Quantum Trading Bot - INFO - Trading signal for AAPL: 0.5650 (source: quantum)
2025-04-08 09:05:26,240 - Quantum Trading Bot - INFO - HOLD signal for AAPL (score: 0.5650, source: quantum)
2025-04-08 09:05:26,241 - Quantum Trading Bot - INFO - Processing MSFT
2025-04-08 09:05:26,241 - Quantum Trading Bot - INFO - Mock halal compliance check for MSFT: COMPLIANT
2025-04-08 09:05:26,252 - Quantum Trading Bot - INFO - Quantum device error rate: 0.0363
2025-04-08 09:05:26,254 - Quantum Trading Bot - INFO - Quantum prediction for MSFT: 0.6160 (confidence: 0.9637)
2025-04-08 09:05:26,254 - Quantum Trading Bot - INFO - Trading signal for MSFT: 0.6160 (source: quantum)
2025-04-08 09:05:26,254 - Quantum Trading Bot - INFO - HOLD signal for MSFT (score: 0.6160, source: quantum)
2025-04-08 09:05:26,255 - Quantum Trading Bot - INFO - Processing NVDA
2025-04-08 09:05:26,255 - Quantum Trading Bot - INFO - Mock halal compliance check for NVDA: COMPLIANT
2025-04-08 09:05:26,263 - Quantum Trading Bot - INFO - Quantum device error rate: 0.0387
2025-04-08 09:05:26,265 - Quantum Trading Bot - INFO - Quantum prediction for NVDA: 0.1200 (confidence: 0.9613)
2025-04-08 09:05:26,265 - Quantum Trading Bot - INFO - Trading signal for NVDA: 0.1200 (source: quantum)
2025-04-08 09:05:26,266 - Quantum Trading Bot - INFO - SELL signal for NVDA (score: 0.1200, source: quantum)
2025-04-08 09:05:26,267 - Quantum Trading Bot - WARNING - Cannot sell NVDA - no position
2025-04-08 09:05:26,276 - Quantum Trading Bot - INFO - Performance metrics saved: 40/72 winning trades
2025-04-08 09:05:26,276 - Quantum Trading Bot - INFO - Quantum prediction accuracy: 0.00
2025-04-08 09:05:26,276 - Quantum Trading Bot - INFO - Sleeping for 60 seconds
2025-04-08 09:06:26,020 - Trading System - INFO - Trading Bot is alive: True
2025-04-08 09:06:26,022 - Trading System - INFO - Monitor Bot is alive: True
2025-04-08 09:06:26,022 - Trading System - INFO - Improvement Bot is alive: True
2025-04-08 09:06:26,281 - Quantum Trading Bot - INFO - Starting trading cycle
2025-04-08 09:06:26,282 - Quantum Trading Bot - INFO - Processing AAPL
2025-04-08 09:06:26,282 - Quantum Trading Bot - INFO - Mock halal compliance check for AAPL: COMPLIANT
2025-04-08 09:06:26,307 - Quantum Trading Bot - INFO - Quantum device error rate: 0.0351
2025-04-08 09:06:26,313 - Quantum Trading Bot - INFO - Quantum prediction for AAPL: 0.7050 (confidence: 0.9649)
2025-04-08 09:06:26,313 - Quantum Trading Bot - INFO - Trading signal for AAPL: 0.7050 (source: quantum)
2025-04-08 09:06:26,313 - Quantum Trading Bot - INFO - HOLD signal for AAPL (score: 0.7050, source: quantum)
2025-04-08 09:06:26,314 - Quantum Trading Bot - INFO - Processing MSFT
2025-04-08 09:06:26,314 - Quantum Trading Bot - INFO - Mock halal compliance check for MSFT: COMPLIANT
2025-04-08 09:06:26,325 - Quantum Trading Bot - INFO - Quantum device error rate: 0.0108
2025-04-08 09:06:26,327 - Quantum Trading Bot - INFO - Quantum prediction for MSFT: 0.4330 (confidence: 0.7914)
2025-04-08 09:06:26,327 - Quantum Trading Bot - INFO - Trading signal for MSFT: 0.4330 (source: quantum)
2025-04-08 09:06:26,327 - Quantum Trading Bot - INFO - HOLD signal for MSFT (score: 0.4330, source: quantum)
2025-04-08 09:06:26,327 - Quantum Trading Bot - INFO - Processing NVDA
2025-04-08 09:06:26,327 - Quantum Trading Bot - INFO - Mock halal compliance check for NVDA: COMPLIANT
2025-04-08 09:06:26,336 - Quantum Trading Bot - INFO - Quantum device error rate: 0.0471
2025-04-08 09:06:26,338 - Quantum Trading Bot - INFO - Quantum prediction for NVDA: 0.6000 (confidence: 0.7623)
2025-04-08 09:06:26,338 - Quantum Trading Bot - INFO - Trading signal for NVDA: 0.6000 (source: quantum)
2025-04-08 09:06:26,338 - Quantum Trading Bot - INFO - HOLD signal for NVDA (score: 0.6000, source: quantum)
2025-04-08 09:06:26,346 - Quantum Trading Bot - INFO - Performance metrics saved: 40/72 winning trades
2025-04-08 09:06:26,346 - Quantum Trading Bot - INFO - Quantum prediction accuracy: 0.00
2025-04-08 09:06:26,346 - Quantum Trading Bot - INFO - Sleeping for 60 seconds
2025-04-08 09:07:26,023 - Trading System - INFO - Trading Bot is alive: True
2025-04-08 09:07:26,025 - Trading System - INFO - Monitor Bot is alive: True
2025-04-08 09:07:26,025 - Trading System - INFO - Improvement Bot is alive: True
2025-04-08 09:07:26,349 - Quantum Trading Bot - INFO - Starting trading cycle
2025-04-08 09:07:26,350 - Quantum Trading Bot - INFO - Processing AAPL
2025-04-08 09:07:26,350 - Quantum Trading Bot - INFO - Mock halal compliance check for AAPL: COMPLIANT
2025-04-08 09:07:26,375 - Quantum Trading Bot - INFO - Quantum device error rate: 0.0315
2025-04-08 09:07:26,382 - Quantum Trading Bot - INFO - Quantum prediction for AAPL: 0.1760 (confidence: 0.9685)
2025-04-08 09:07:26,382 - Quantum Trading Bot - INFO - Trading signal for AAPL: 0.1760 (source: quantum)
2025-04-08 09:07:26,382 - Quantum Trading Bot - INFO - SELL signal for AAPL (score: 0.1760, source: quantum)
2025-04-08 09:07:26,383 - Quantum Trading Bot - WARNING - Cannot sell AAPL - no position
2025-04-08 09:07:26,384 - Quantum Trading Bot - INFO - Processing MSFT
2025-04-08 09:07:26,384 - Quantum Trading Bot - INFO - Mock halal compliance check for MSFT: COMPLIANT
2025-04-08 09:07:26,395 - Quantum Trading Bot - INFO - Quantum device error rate: 0.0504
2025-04-08 09:07:26,404 - Quantum Trading Bot - INFO - Quantum prediction for MSFT: 0.4932 (confidence: 0.7597)
2025-04-08 09:07:26,404 - Quantum Trading Bot - INFO - Trading signal for MSFT: 0.4932 (source: quantum)
2025-04-08 09:07:26,404 - Quantum Trading Bot - INFO - HOLD signal for MSFT (score: 0.4932, source: quantum)
2025-04-08 09:07:26,404 - Quantum Trading Bot - INFO - Processing NVDA
2025-04-08 09:07:26,404 - Quantum Trading Bot - INFO - Mock halal compliance check for NVDA: COMPLIANT
2025-04-08 09:07:26,413 - Quantum Trading Bot - INFO - Quantum device error rate: 0.0408
2025-04-08 09:07:26,415 - Quantum Trading Bot - INFO - Quantum prediction for NVDA: 0.1130 (confidence: 0.9592)
2025-04-08 09:07:26,415 - Quantum Trading Bot - INFO - Trading signal for NVDA: 0.1130 (source: quantum)
2025-04-08 09:07:26,415 - Quantum Trading Bot - INFO - SELL signal for NVDA (score: 0.1130, source: quantum)
2025-04-08 09:07:26,416 - Quantum Trading Bot - WARNING - Cannot sell NVDA - no position
2025-04-08 09:07:26,423 - Quantum Trading Bot - INFO - Performance metrics saved: 40/72 winning trades
2025-04-08 09:07:26,423 - Quantum Trading Bot - INFO - Quantum prediction accuracy: 0.00
2025-04-08 09:07:26,423 - Quantum Trading Bot - INFO - Sleeping for 60 seconds
2025-04-08 09:08:26,029 - Trading System - INFO - Trading Bot is alive: True
2025-04-08 09:08:26,031 - Trading System - INFO - Monitor Bot is alive: True
2025-04-08 09:08:26,031 - Trading System - INFO - Improvement Bot is alive: True
2025-04-08 09:08:26,429 - Quantum Trading Bot - INFO - Starting trading cycle
2025-04-08 09:08:26,429 - Quantum Trading Bot - INFO - Processing AAPL
2025-04-08 09:08:26,429 - Quantum Trading Bot - INFO - Mock halal compliance check for AAPL: COMPLIANT
2025-04-08 09:08:26,452 - Quantum Trading Bot - INFO - Quantum device error rate: 0.0492
2025-04-08 09:08:26,456 - Quantum Trading Bot - INFO - Quantum prediction for AAPL: 0.6740 (confidence: 0.9508)
2025-04-08 09:08:26,456 - Quantum Trading Bot - INFO - Trading signal for AAPL: 0.6740 (source: quantum)
2025-04-08 09:08:26,456 - Quantum Trading Bot - INFO - HOLD signal for AAPL (score: 0.6740, source: quantum)
2025-04-08 09:08:26,457 - Quantum Trading Bot - INFO - Processing MSFT
2025-04-08 09:08:26,457 - Quantum Trading Bot - INFO - Mock halal compliance check for MSFT: COMPLIANT
2025-04-08 09:08:26,468 - Quantum Trading Bot - INFO - Quantum device error rate: 0.0372
2025-04-08 09:08:26,470 - Quantum Trading Bot - INFO - Quantum prediction for MSFT: 0.5530 (confidence: 0.7702)
2025-04-08 09:08:26,470 - Quantum Trading Bot - INFO - Trading signal for MSFT: 0.5530 (source: quantum)
2025-04-08 09:08:26,470 - Quantum Trading Bot - INFO - HOLD signal for MSFT (score: 0.5530, source: quantum)
2025-04-08 09:08:26,470 - Quantum Trading Bot - INFO - Processing NVDA
2025-04-08 09:08:26,471 - Quantum Trading Bot - INFO - Mock halal compliance check for NVDA: COMPLIANT
2025-04-08 09:08:26,479 - Quantum Trading Bot - INFO - Quantum device error rate: 0.0375
2025-04-08 09:08:26,481 - Quantum Trading Bot - INFO - Quantum prediction for NVDA: 0.2410 (confidence: 0.9625)
2025-04-08 09:08:26,481 - Quantum Trading Bot - INFO - Trading signal for NVDA: 0.2410 (source: quantum)
2025-04-08 09:08:26,481 - Quantum Trading Bot - INFO - SELL signal for NVDA (score: 0.2410, source: quantum)
2025-04-08 09:08:26,482 - Quantum Trading Bot - WARNING - Cannot sell NVDA - no position
2025-04-08 09:08:26,489 - Quantum Trading Bot - INFO - Performance metrics saved: 40/72 winning trades
2025-04-08 09:08:26,489 - Quantum Trading Bot - INFO - Quantum prediction accuracy: 0.00
2025-04-08 09:08:26,489 - Quantum Trading Bot - INFO - Sleeping for 60 seconds
2025-04-08 09:09:26,037 - Trading System - INFO - Trading Bot is alive: True
2025-04-08 09:09:26,038 - Trading System - INFO - Monitor Bot is alive: True
2025-04-08 09:09:26,038 - Trading System - INFO - Improvement Bot is alive: True
2025-04-08 09:09:26,495 - Quantum Trading Bot - INFO - Starting trading cycle
2025-04-08 09:09:26,495 - Quantum Trading Bot - INFO - Processing AAPL
2025-04-08 09:09:26,495 - Quantum Trading Bot - INFO - Mock halal compliance check for AAPL: COMPLIANT
2025-04-08 09:09:26,520 - Quantum Trading Bot - INFO - Quantum device error rate: 0.0468
2025-04-08 09:09:26,526 - Quantum Trading Bot - INFO - Quantum prediction for AAPL: 0.3080 (confidence: 0.9532)
2025-04-08 09:09:26,526 - Quantum Trading Bot - INFO - Trading signal for AAPL: 0.3080 (source: quantum)
2025-04-08 09:09:26,526 - Quantum Trading Bot - INFO - HOLD signal for AAPL (score: 0.3080, source: quantum)
2025-04-08 09:09:26,527 - Quantum Trading Bot - INFO - Processing MSFT
2025-04-08 09:09:26,527 - Quantum Trading Bot - INFO - Mock halal compliance check for MSFT: COMPLIANT
2025-04-08 09:09:26,539 - Quantum Trading Bot - INFO - Quantum device error rate: 0.0414
2025-04-08 09:09:26,542 - Quantum Trading Bot - INFO - Quantum prediction for MSFT: 0.5380 (confidence: 0.7669)
2025-04-08 09:09:26,542 - Quantum Trading Bot - INFO - Trading signal for MSFT: 0.5380 (source: quantum)
2025-04-08 09:09:26,542 - Quantum Trading Bot - INFO - HOLD signal for MSFT (score: 0.5380, source: quantum)
2025-04-08 09:09:26,542 - Quantum Trading Bot - INFO - Processing NVDA
2025-04-08 09:09:26,542 - Quantum Trading Bot - INFO - Mock halal compliance check for NVDA: COMPLIANT
2025-04-08 09:09:26,551 - Quantum Trading Bot - INFO - Quantum device error rate: 0.0504
2025-04-08 09:09:26,559 - Quantum Trading Bot - INFO - Quantum prediction for NVDA: 0.2286 (confidence: 0.9496)
2025-04-08 09:09:26,559 - Quantum Trading Bot - INFO - Trading signal for NVDA: 0.2286 (source: quantum)
2025-04-08 09:09:26,559 - Quantum Trading Bot - INFO - SELL signal for NVDA (score: 0.2286, source: quantum)
2025-04-08 09:09:26,559 - Quantum Trading Bot - WARNING - Cannot sell NVDA - no position
2025-04-08 09:09:26,567 - Quantum Trading Bot - INFO - Performance metrics saved: 40/72 winning trades
2025-04-08 09:09:26,567 - Quantum Trading Bot - INFO - Quantum prediction accuracy: 0.00
2025-04-08 09:09:26,567 - Quantum Trading Bot - INFO - Sleeping for 60 seconds
2025-04-08 09:10:26,044 - Trading System - INFO - Trading Bot is alive: True
2025-04-08 09:10:26,046 - Trading System - INFO - Monitor Bot is alive: True
2025-04-08 09:10:26,046 - Trading System - INFO - Improvement Bot is alive: True
2025-04-08 09:10:26,572 - Quantum Trading Bot - INFO - Starting trading cycle
2025-04-08 09:10:26,573 - Quantum Trading Bot - INFO - Processing AAPL
2025-04-08 09:10:26,573 - Quantum Trading Bot - INFO - Mock halal compliance check for AAPL: COMPLIANT
2025-04-08 09:10:26,601 - Quantum Trading Bot - INFO - Quantum device error rate: 0.0312
2025-04-08 09:10:26,607 - Quantum Trading Bot - INFO - Quantum prediction for AAPL: 0.3550 (confidence: 0.9688)
2025-04-08 09:10:26,607 - Quantum Trading Bot - INFO - Trading signal for AAPL: 0.3550 (source: quantum)
2025-04-08 09:10:26,607 - Quantum Trading Bot - INFO - HOLD signal for AAPL (score: 0.3550, source: quantum)
2025-04-08 09:10:26,607 - Quantum Trading Bot - INFO - Processing MSFT
2025-04-08 09:10:26,607 - Quantum Trading Bot - INFO - Mock halal compliance check for MSFT: COMPLIANT
2025-04-08 09:10:26,618 - Quantum Trading Bot - INFO - Quantum device error rate: 0.0381
2025-04-08 09:10:26,621 - Quantum Trading Bot - INFO - Quantum prediction for MSFT: 0.5630 (confidence: 0.7695)
2025-04-08 09:10:26,621 - Quantum Trading Bot - INFO - Trading signal for MSFT: 0.5630 (source: quantum)
2025-04-08 09:10:26,621 - Quantum Trading Bot - INFO - HOLD signal for MSFT (score: 0.5630, source: quantum)
2025-04-08 09:10:26,622 - Quantum Trading Bot - INFO - Processing NVDA
2025-04-08 09:10:26,622 - Quantum Trading Bot - INFO - Mock halal compliance check for NVDA: COMPLIANT
2025-04-08 09:10:26,631 - Quantum Trading Bot - INFO - Quantum device error rate: 0.0369
2025-04-08 09:10:26,633 - Quantum Trading Bot - INFO - Quantum prediction for NVDA: 0.4980 (confidence: 0.7705)
2025-04-08 09:10:26,633 - Quantum Trading Bot - INFO - Trading signal for NVDA: 0.4980 (source: quantum)
2025-04-08 09:10:26,633 - Quantum Trading Bot - INFO - HOLD signal for NVDA (score: 0.4980, source: quantum)
2025-04-08 09:10:26,641 - Quantum Trading Bot - INFO - Performance metrics saved: 40/72 winning trades
2025-04-08 09:10:26,641 - Quantum Trading Bot - INFO - Quantum prediction accuracy: 0.00
2025-04-08 09:10:26,641 - Quantum Trading Bot - INFO - Sleeping for 60 seconds
2025-04-08 09:11:26,050 - Trading System - INFO - Trading Bot is alive: True
2025-04-08 09:11:26,051 - Trading System - INFO - Monitor Bot is alive: True
2025-04-08 09:11:26,051 - Trading System - INFO - Improvement Bot is alive: True
2025-04-08 09:11:26,647 - Quantum Trading Bot - INFO - Starting trading cycle
2025-04-08 09:11:26,647 - Quantum Trading Bot - INFO - Processing AAPL
2025-04-08 09:11:26,647 - Quantum Trading Bot - INFO - Mock halal compliance check for AAPL: COMPLIANT
2025-04-08 09:11:26,671 - Quantum Trading Bot - INFO - Quantum device error rate: 0.0402
2025-04-08 09:11:26,677 - Quantum Trading Bot - INFO - Quantum prediction for AAPL: 0.3490 (confidence: 0.9598)
2025-04-08 09:11:26,677 - Quantum Trading Bot - INFO - Trading signal for AAPL: 0.3490 (source: quantum)
2025-04-08 09:11:26,677 - Quantum Trading Bot - INFO - HOLD signal for AAPL (score: 0.3490, source: quantum)
2025-04-08 09:11:26,678 - Quantum Trading Bot - INFO - Processing MSFT
2025-04-08 09:11:26,678 - Quantum Trading Bot - INFO - Mock halal compliance check for MSFT: COMPLIANT
2025-04-08 09:11:26,690 - Quantum Trading Bot - INFO - Quantum device error rate: 0.0417
2025-04-08 09:11:26,692 - Quantum Trading Bot - INFO - Quantum prediction for MSFT: 0.5200 (confidence: 0.7666)
2025-04-08 09:11:26,692 - Quantum Trading Bot - INFO - Trading signal for MSFT: 0.5200 (source: quantum)
2025-04-08 09:11:26,692 - Quantum Trading Bot - INFO - HOLD signal for MSFT (score: 0.5200, source: quantum)
2025-04-08 09:11:26,693 - Quantum Trading Bot - INFO - Processing NVDA
2025-04-08 09:11:26,693 - Quantum Trading Bot - INFO - Mock halal compliance check for NVDA: COMPLIANT
2025-04-08 09:11:26,703 - Quantum Trading Bot - INFO - Quantum device error rate: 0.0408
2025-04-08 09:11:26,705 - Quantum Trading Bot - INFO - Quantum prediction for NVDA: 0.1860 (confidence: 0.9592)
2025-04-08 09:11:26,705 - Quantum Trading Bot - INFO - Trading signal for NVDA: 0.1860 (source: quantum)
2025-04-08 09:11:26,705 - Quantum Trading Bot - INFO - SELL signal for NVDA (score: 0.1860, source: quantum)
2025-04-08 09:11:26,706 - Quantum Trading Bot - WARNING - Cannot sell NVDA - no position
2025-04-08 09:11:26,714 - Quantum Trading Bot - INFO - Performance metrics saved: 40/72 winning trades
2025-04-08 09:11:26,714 - Quantum Trading Bot - INFO - Quantum prediction accuracy: 0.00
2025-04-08 09:11:26,714 - Quantum Trading Bot - INFO - Sleeping for 60 seconds
2025-04-08 09:12:26,053 - Trading System - INFO - Trading Bot is alive: True
2025-04-08 09:12:26,055 - Trading System - INFO - Monitor Bot is alive: True
2025-04-08 09:12:26,056 - Trading System - INFO - Improvement Bot is alive: True
2025-04-08 09:12:26,719 - Quantum Trading Bot - INFO - Starting trading cycle
2025-04-08 09:12:26,720 - Quantum Trading Bot - INFO - Processing AAPL
2025-04-08 09:12:26,720 - Quantum Trading Bot - INFO - Mock halal compliance check for AAPL: COMPLIANT
2025-04-08 09:12:26,748 - Quantum Trading Bot - INFO - Quantum device error rate: 0.0363
2025-04-08 09:12:26,753 - Quantum Trading Bot - INFO - Quantum prediction for AAPL: 0.6480 (confidence: 0.9637)
2025-04-08 09:12:26,753 - Quantum Trading Bot - INFO - Trading signal for AAPL: 0.6480 (source: quantum)
2025-04-08 09:12:26,753 - Quantum Trading Bot - INFO - HOLD signal for AAPL (score: 0.6480, source: quantum)
2025-04-08 09:12:26,754 - Quantum Trading Bot - INFO - Processing MSFT
2025-04-08 09:12:26,754 - Quantum Trading Bot - INFO - Mock halal compliance check for MSFT: COMPLIANT
2025-04-08 09:12:26,763 - Quantum Trading Bot - INFO - Quantum device error rate: 0.0546
2025-04-08 09:12:26,771 - Quantum Trading Bot - INFO - Quantum prediction for MSFT: 0.5694 (confidence: 0.7563)
2025-04-08 09:12:26,771 - Quantum Trading Bot - INFO - Trading signal for MSFT: 0.5694 (source: quantum)
2025-04-08 09:12:26,771 - Quantum Trading Bot - INFO - HOLD signal for MSFT (score: 0.5694, source: quantum)
2025-04-08 09:12:26,771 - Quantum Trading Bot - INFO - Processing NVDA
2025-04-08 09:12:26,771 - Quantum Trading Bot - INFO - Mock halal compliance check for NVDA: COMPLIANT
2025-04-08 09:12:26,779 - Quantum Trading Bot - INFO - Quantum device error rate: 0.0162
2025-04-08 09:12:26,781 - Quantum Trading Bot - INFO - Quantum prediction for NVDA: 0.6240 (confidence: 0.9838)
2025-04-08 09:12:26,781 - Quantum Trading Bot - INFO - Trading signal for NVDA: 0.6240 (source: quantum)
2025-04-08 09:12:26,781 - Quantum Trading Bot - INFO - HOLD signal for NVDA (score: 0.6240, source: quantum)
2025-04-08 09:12:26,788 - Quantum Trading Bot - INFO - Performance metrics saved: 40/72 winning trades
2025-04-08 09:12:26,788 - Quantum Trading Bot - INFO - Quantum prediction accuracy: 0.00
2025-04-08 09:12:26,788 - Quantum Trading Bot - INFO - Sleeping for 60 seconds
2025-04-08 09:13:26,061 - Trading System - INFO - Trading Bot is alive: True
2025-04-08 09:13:26,062 - Trading System - INFO - Monitor Bot is alive: True
2025-04-08 09:13:26,063 - Trading System - INFO - Improvement Bot is alive: True
2025-04-08 09:13:26,794 - Quantum Trading Bot - INFO - Starting trading cycle
2025-04-08 09:13:26,794 - Quantum Trading Bot - INFO - Processing AAPL
2025-04-08 09:13:26,794 - Quantum Trading Bot - INFO - Mock halal compliance check for AAPL: COMPLIANT
2025-04-08 09:13:26,818 - Quantum Trading Bot - INFO - Quantum device error rate: 0.0447
2025-04-08 09:13:26,822 - Quantum Trading Bot - INFO - Quantum prediction for AAPL: 0.5130 (confidence: 0.7642)
2025-04-08 09:13:26,822 - Quantum Trading Bot - INFO - Trading signal for AAPL: 0.5130 (source: quantum)
2025-04-08 09:13:26,822 - Quantum Trading Bot - INFO - HOLD signal for AAPL (score: 0.5130, source: quantum)
2025-04-08 09:13:26,823 - Quantum Trading Bot - INFO - Processing MSFT
2025-04-08 09:13:26,823 - Quantum Trading Bot - INFO - Mock halal compliance check for MSFT: COMPLIANT
2025-04-08 09:13:26,834 - Quantum Trading Bot - INFO - Quantum device error rate: 0.0339
2025-04-08 09:13:26,837 - Quantum Trading Bot - INFO - Quantum prediction for MSFT: 0.6490 (confidence: 0.9661)
2025-04-08 09:13:26,837 - Quantum Trading Bot - INFO - Trading signal for MSFT: 0.6490 (source: quantum)
2025-04-08 09:13:26,837 - Quantum Trading Bot - INFO - HOLD signal for MSFT (score: 0.6490, source: quantum)
2025-04-08 09:13:26,837 - Quantum Trading Bot - INFO - Processing NVDA
2025-04-08 09:13:26,837 - Quantum Trading Bot - INFO - Mock halal compliance check for NVDA: COMPLIANT
2025-04-08 09:13:26,846 - Quantum Trading Bot - INFO - Quantum device error rate: 0.0348
2025-04-08 09:13:26,849 - Quantum Trading Bot - INFO - Quantum prediction for NVDA: 0.3080 (confidence: 0.9652)
2025-04-08 09:13:26,849 - Quantum Trading Bot - INFO - Trading signal for NVDA: 0.3080 (source: quantum)
2025-04-08 09:13:26,849 - Quantum Trading Bot - INFO - HOLD signal for NVDA (score: 0.3080, source: quantum)
2025-04-08 09:13:26,857 - Quantum Trading Bot - INFO - Performance metrics saved: 40/72 winning trades
2025-04-08 09:13:26,857 - Quantum Trading Bot - INFO - Quantum prediction accuracy: 0.00
2025-04-08 09:13:26,857 - Quantum Trading Bot - INFO - Sleeping for 60 seconds
2025-04-08 09:14:26,069 - Trading System - INFO - Trading Bot is alive: True
2025-04-08 09:14:26,071 - Trading System - INFO - Monitor Bot is alive: True
2025-04-08 09:14:26,071 - Trading System - INFO - Improvement Bot is alive: True
2025-04-08 09:14:26,863 - Quantum Trading Bot - INFO - Starting trading cycle
2025-04-08 09:14:26,863 - Quantum Trading Bot - INFO - Processing AAPL
2025-04-08 09:14:26,863 - Quantum Trading Bot - INFO - Mock halal compliance check for AAPL: COMPLIANT
2025-04-08 09:14:26,895 - Quantum Trading Bot - INFO - Quantum device error rate: 0.0312
2025-04-08 09:14:26,901 - Quantum Trading Bot - INFO - Quantum prediction for AAPL: 0.9030 (confidence: 0.9688)
2025-04-08 09:14:26,901 - Quantum Trading Bot - INFO - Trading signal for AAPL: 0.9030 (source: quantum)
2025-04-08 09:14:26,901 - Quantum Trading Bot - INFO - HOLD signal for AAPL (score: 0.9030, source: quantum)
2025-04-08 09:14:26,901 - Quantum Trading Bot - INFO - Processing MSFT
2025-04-08 09:14:26,901 - Quantum Trading Bot - INFO - Mock halal compliance check for MSFT: COMPLIANT
2025-04-08 09:14:26,911 - Quantum Trading Bot - INFO - Quantum device error rate: 0.0498
2025-04-08 09:14:26,914 - Quantum Trading Bot - INFO - Quantum prediction for MSFT: 0.5250 (confidence: 0.7602)
2025-04-08 09:14:26,914 - Quantum Trading Bot - INFO - Trading signal for MSFT: 0.5250 (source: quantum)
2025-04-08 09:14:26,914 - Quantum Trading Bot - INFO - HOLD signal for MSFT (score: 0.5250, source: quantum)
2025-04-08 09:14:26,915 - Quantum Trading Bot - INFO - Processing NVDA
2025-04-08 09:14:26,915 - Quantum Trading Bot - INFO - Mock halal compliance check for NVDA: COMPLIANT
2025-04-08 09:14:26,924 - Quantum Trading Bot - INFO - Quantum device error rate: 0.0285
2025-04-08 09:14:26,926 - Quantum Trading Bot - INFO - Quantum prediction for NVDA: 0.4620 (confidence: 0.7772)
2025-04-08 09:14:26,926 - Quantum Trading Bot - INFO - Trading signal for NVDA: 0.4620 (source: quantum)
2025-04-08 09:14:26,926 - Quantum Trading Bot - INFO - HOLD signal for NVDA (score: 0.4620, source: quantum)
2025-04-08 09:14:26,934 - Quantum Trading Bot - INFO - Performance metrics saved: 40/72 winning trades
2025-04-08 09:14:26,934 - Quantum Trading Bot - INFO - Quantum prediction accuracy: 0.00
2025-04-08 09:14:26,934 - Quantum Trading Bot - INFO - Sleeping for 60 seconds
2025-04-08 09:15:26,074 - Trading System - INFO - Trading Bot is alive: True
2025-04-08 09:15:26,076 - Trading System - INFO - Monitor Bot is alive: True
2025-04-08 09:15:26,076 - Trading System - INFO - Improvement Bot is alive: True
2025-04-08 09:15:26,937 - Quantum Trading Bot - INFO - Starting trading cycle
2025-04-08 09:15:26,938 - Quantum Trading Bot - INFO - Processing AAPL
2025-04-08 09:15:26,938 - Quantum Trading Bot - INFO - Mock halal compliance check for AAPL: COMPLIANT
2025-04-08 09:15:26,957 - Quantum Trading Bot - INFO - Quantum device error rate: 0.0252
2025-04-08 09:15:26,962 - Quantum Trading Bot - INFO - Quantum prediction for AAPL: 0.6180 (confidence: 0.9748)
2025-04-08 09:15:26,962 - Quantum Trading Bot - INFO - Trading signal for AAPL: 0.6180 (source: quantum)
2025-04-08 09:15:26,962 - Quantum Trading Bot - INFO - HOLD signal for AAPL (score: 0.6180, source: quantum)
2025-04-08 09:15:26,963 - Quantum Trading Bot - INFO - Processing MSFT
2025-04-08 09:15:26,963 - Quantum Trading Bot - INFO - Mock halal compliance check for MSFT: COMPLIANT
2025-04-08 09:15:26,973 - Quantum Trading Bot - INFO - Quantum device error rate: 0.0219
2025-04-08 09:15:26,976 - Quantum Trading Bot - INFO - Quantum prediction for MSFT: 0.2240 (confidence: 0.9781)
2025-04-08 09:15:26,976 - Quantum Trading Bot - INFO - Trading signal for MSFT: 0.2240 (source: quantum)
2025-04-08 09:15:26,976 - Quantum Trading Bot - INFO - SELL signal for MSFT (score: 0.2240, source: quantum)
2025-04-08 09:15:26,977 - Quantum Trading Bot - WARNING - Cannot sell MSFT - no position
2025-04-08 09:15:26,977 - Quantum Trading Bot - INFO - Processing NVDA
2025-04-08 09:15:26,977 - Quantum Trading Bot - INFO - Mock halal compliance check for NVDA: COMPLIANT
2025-04-08 09:15:26,986 - Quantum Trading Bot - INFO - Quantum device error rate: 0.0381
2025-04-08 09:15:26,988 - Quantum Trading Bot - INFO - Quantum prediction for NVDA: 0.5810 (confidence: 0.7695)
2025-04-08 09:15:26,988 - Quantum Trading Bot - INFO - Trading signal for NVDA: 0.5810 (source: quantum)
2025-04-08 09:15:26,988 - Quantum Trading Bot - INFO - HOLD signal for NVDA (score: 0.5810, source: quantum)
2025-04-08 09:15:26,995 - Quantum Trading Bot - INFO - Performance metrics saved: 40/72 winning trades
2025-04-08 09:15:26,995 - Quantum Trading Bot - INFO - Quantum prediction accuracy: 0.00
2025-04-08 09:15:26,995 - Quantum Trading Bot - INFO - Sleeping for 60 seconds
2025-04-08 09:16:26,081 - Trading System - INFO - Trading Bot is alive: True
2025-04-08 09:16:26,083 - Trading System - INFO - Monitor Bot is alive: True
2025-04-08 09:16:26,083 - Trading System - INFO - Improvement Bot is alive: True
2025-04-08 09:16:27,001 - Quantum Trading Bot - INFO - Starting trading cycle
2025-04-08 09:16:27,001 - Quantum Trading Bot - INFO - Processing AAPL
2025-04-08 09:16:27,001 - Quantum Trading Bot - INFO - Mock halal compliance check for AAPL: COMPLIANT
2025-04-08 09:16:27,029 - Quantum Trading Bot - INFO - Quantum device error rate: 0.0399
2025-04-08 09:16:27,034 - Quantum Trading Bot - INFO - Quantum prediction for AAPL: 0.7000 (confidence: 0.9601)
2025-04-08 09:16:27,034 - Quantum Trading Bot - INFO - Trading signal for AAPL: 0.7000 (source: quantum)
2025-04-08 09:16:27,034 - Quantum Trading Bot - INFO - HOLD signal for AAPL (score: 0.7000, source: quantum)
2025-04-08 09:16:27,035 - Quantum Trading Bot - INFO - Processing MSFT
2025-04-08 09:16:27,035 - Quantum Trading Bot - INFO - Mock halal compliance check for MSFT: COMPLIANT
2025-04-08 09:16:27,046 - Quantum Trading Bot - INFO - Quantum device error rate: 0.0399
2025-04-08 09:16:27,049 - Quantum Trading Bot - INFO - Quantum prediction for MSFT: 0.4390 (confidence: 0.7681)
2025-04-08 09:16:27,049 - Quantum Trading Bot - INFO - Trading signal for MSFT: 0.4390 (source: quantum)
2025-04-08 09:16:27,049 - Quantum Trading Bot - INFO - HOLD signal for MSFT (score: 0.4390, source: quantum)
2025-04-08 09:16:27,049 - Quantum Trading Bot - INFO - Processing NVDA
2025-04-08 09:16:27,049 - Quantum Trading Bot - INFO - Mock halal compliance check for NVDA: COMPLIANT
2025-04-08 09:16:27,058 - Quantum Trading Bot - INFO - Quantum device error rate: 0.0468
2025-04-08 09:16:27,061 - Quantum Trading Bot - INFO - Quantum prediction for NVDA: 0.7520 (confidence: 0.9532)
2025-04-08 09:16:27,061 - Quantum Trading Bot - INFO - Trading signal for NVDA: 0.7520 (source: quantum)
2025-04-08 09:16:27,061 - Quantum Trading Bot - INFO - HOLD signal for NVDA (score: 0.7520, source: quantum)
2025-04-08 09:16:27,069 - Quantum Trading Bot - INFO - Performance metrics saved: 40/72 winning trades
2025-04-08 09:16:27,069 - Quantum Trading Bot - INFO - Quantum prediction accuracy: 0.00
2025-04-08 09:16:27,070 - Quantum Trading Bot - INFO - Sleeping for 60 seconds
2025-04-08 09:17:26,087 - Trading System - INFO - Trading Bot is alive: True
2025-04-08 09:17:26,089 - Trading System - INFO - Monitor Bot is alive: True
2025-04-08 09:17:26,089 - Trading System - INFO - Improvement Bot is alive: True
2025-04-08 09:17:27,073 - Quantum Trading Bot - INFO - Starting trading cycle
2025-04-08 09:17:27,074 - Quantum Trading Bot - INFO - Processing AAPL
2025-04-08 09:17:27,074 - Quantum Trading Bot - INFO - Mock halal compliance check for AAPL: COMPLIANT
2025-04-08 09:17:27,093 - Quantum Trading Bot - INFO - Quantum device error rate: 0.0423
2025-04-08 09:17:27,096 - Quantum Trading Bot - INFO - Quantum prediction for AAPL: 0.1190 (confidence: 0.9577)
2025-04-08 09:17:27,096 - Quantum Trading Bot - INFO - Trading signal for AAPL: 0.1190 (source: quantum)
2025-04-08 09:17:27,096 - Quantum Trading Bot - INFO - SELL signal for AAPL (score: 0.1190, source: quantum)
2025-04-08 09:17:27,096 - Quantum Trading Bot - WARNING - Cannot sell AAPL - no position
2025-04-08 09:17:27,097 - Quantum Trading Bot - INFO - Processing MSFT
2025-04-08 09:17:27,097 - Quantum Trading Bot - INFO - Mock halal compliance check for MSFT: COMPLIANT
2025-04-08 09:17:27,106 - Quantum Trading Bot - INFO - Quantum device error rate: 0.0432
2025-04-08 09:17:27,108 - Quantum Trading Bot - INFO - Quantum prediction for MSFT: 0.0690 (confidence: 0.9568)
2025-04-08 09:17:27,108 - Quantum Trading Bot - INFO - Trading signal for MSFT: 0.0690 (source: quantum)
2025-04-08 09:17:27,108 - Quantum Trading Bot - INFO - SELL signal for MSFT (score: 0.0690, source: quantum)
2025-04-08 09:17:27,109 - Quantum Trading Bot - WARNING - Cannot sell MSFT - no position
2025-04-08 09:17:27,109 - Quantum Trading Bot - INFO - Processing NVDA
2025-04-08 09:17:27,109 - Quantum Trading Bot - INFO - Mock halal compliance check for NVDA: COMPLIANT
2025-04-08 09:17:27,116 - Quantum Trading Bot - INFO - Quantum device error rate: 0.0312
2025-04-08 09:17:27,118 - Quantum Trading Bot - INFO - Quantum prediction for NVDA: 0.7670 (confidence: 0.9688)
2025-04-08 09:17:27,118 - Quantum Trading Bot - INFO - Trading signal for NVDA: 0.7670 (source: quantum)
2025-04-08 09:17:27,118 - Quantum Trading Bot - INFO - HOLD signal for NVDA (score: 0.7670, source: quantum)
2025-04-08 09:17:27,124 - Quantum Trading Bot - INFO - Performance metrics saved: 40/72 winning trades
2025-04-08 09:17:27,124 - Quantum Trading Bot - INFO - Quantum prediction accuracy: 0.00
2025-04-08 09:17:27,124 - Quantum Trading Bot - INFO - Sleeping for 60 seconds
2025-04-08 09:18:26,090 - Trading System - INFO - Trading Bot is alive: True
2025-04-08 09:18:26,092 - Trading System - INFO - Monitor Bot is alive: True
2025-04-08 09:18:26,092 - Trading System - INFO - Improvement Bot is alive: True
2025-04-08 09:18:27,130 - Quantum Trading Bot - INFO - Starting trading cycle
2025-04-08 09:18:27,130 - Quantum Trading Bot - INFO - Processing AAPL
2025-04-08 09:18:27,130 - Quantum Trading Bot - INFO - Mock halal compliance check for AAPL: COMPLIANT
2025-04-08 09:18:27,153 - Quantum Trading Bot - INFO - Quantum device error rate: 0.0270
2025-04-08 09:18:27,159 - Quantum Trading Bot - INFO - Quantum prediction for AAPL: 0.9620 (confidence: 0.9730)
2025-04-08 09:18:27,159 - Quantum Trading Bot - INFO - Trading signal for AAPL: 0.9620 (source: quantum)
2025-04-08 09:18:27,159 - Quantum Trading Bot - INFO - HOLD signal for AAPL (score: 0.9620, source: quantum)
2025-04-08 09:18:27,160 - Quantum Trading Bot - INFO - Processing MSFT
2025-04-08 09:18:27,160 - Quantum Trading Bot - INFO - Mock halal compliance check for MSFT: COMPLIANT
2025-04-08 09:18:27,171 - Quantum Trading Bot - INFO - Quantum device error rate: 0.0339
2025-04-08 09:18:27,174 - Quantum Trading Bot - INFO - Quantum prediction for MSFT: 0.7400 (confidence: 0.9661)
2025-04-08 09:18:27,174 - Quantum Trading Bot - INFO - Trading signal for MSFT: 0.7400 (source: quantum)
2025-04-08 09:18:27,174 - Quantum Trading Bot - INFO - HOLD signal for MSFT (score: 0.7400, source: quantum)
2025-04-08 09:18:27,175 - Quantum Trading Bot - INFO - Processing NVDA
2025-04-08 09:18:27,175 - Quantum Trading Bot - INFO - Mock halal compliance check for NVDA: COMPLIANT
2025-04-08 09:18:27,183 - Quantum Trading Bot - INFO - Quantum device error rate: 0.0510
2025-04-08 09:18:27,191 - Quantum Trading Bot - INFO - Quantum prediction for NVDA: 0.6515 (confidence: 0.9490)
2025-04-08 09:18:27,191 - Quantum Trading Bot - INFO - Trading signal for NVDA: 0.6515 (source: quantum)
2025-04-08 09:18:27,191 - Quantum Trading Bot - INFO - HOLD signal for NVDA (score: 0.6515, source: quantum)
2025-04-08 09:18:27,199 - Quantum Trading Bot - INFO - Performance metrics saved: 40/72 winning trades
2025-04-08 09:18:27,199 - Quantum Trading Bot - INFO - Quantum prediction accuracy: 0.00
2025-04-08 09:18:27,199 - Quantum Trading Bot - INFO - Sleeping for 60 seconds
2025-04-08 09:19:26,061 - Trading System - INFO - Trading Bot is alive: True
2025-04-08 09:19:26,063 - Trading System - INFO - Monitor Bot is alive: True
2025-04-08 09:19:26,063 - Trading System - INFO - Improvement Bot is alive: True
2025-04-08 09:19:27,167 - Quantum Trading Bot - INFO - Starting trading cycle
2025-04-08 09:19:27,167 - Quantum Trading Bot - INFO - Processing AAPL
2025-04-08 09:19:27,167 - Quantum Trading Bot - INFO - Mock halal compliance check for AAPL: COMPLIANT
2025-04-08 09:19:27,195 - Quantum Trading Bot - INFO - Quantum device error rate: 0.0276
2025-04-08 09:19:27,199 - Quantum Trading Bot - INFO - Quantum prediction for AAPL: 0.4650 (confidence: 0.7779)
2025-04-08 09:19:27,199 - Quantum Trading Bot - INFO - Trading signal for AAPL: 0.4650 (source: quantum)
2025-04-08 09:19:27,199 - Quantum Trading Bot - INFO - HOLD signal for AAPL (score: 0.4650, source: quantum)
2025-04-08 09:19:27,200 - Quantum Trading Bot - INFO - Processing MSFT
2025-04-08 09:19:27,200 - Quantum Trading Bot - INFO - Mock halal compliance check for MSFT: COMPLIANT
2025-04-08 09:19:27,210 - Quantum Trading Bot - INFO - Quantum device error rate: 0.0459
2025-04-08 09:19:27,212 - Quantum Trading Bot - INFO - Quantum prediction for MSFT: 0.4290 (confidence: 0.7633)
2025-04-08 09:19:27,212 - Quantum Trading Bot - INFO - Trading signal for MSFT: 0.4290 (source: quantum)
2025-04-08 09:19:27,212 - Quantum Trading Bot - INFO - HOLD signal for MSFT (score: 0.4290, source: quantum)
2025-04-08 09:19:27,213 - Quantum Trading Bot - INFO - Processing NVDA
2025-04-08 09:19:27,213 - Quantum Trading Bot - INFO - Mock halal compliance check for NVDA: COMPLIANT
2025-04-08 09:19:27,221 - Quantum Trading Bot - INFO - Quantum device error rate: 0.0399
2025-04-08 09:19:27,223 - Quantum Trading Bot - INFO - Quantum prediction for NVDA: 0.4130 (confidence: 0.7681)
2025-04-08 09:19:27,223 - Quantum Trading Bot - INFO - Trading signal for NVDA: 0.4130 (source: quantum)
2025-04-08 09:19:27,223 - Quantum Trading Bot - INFO - HOLD signal for NVDA (score: 0.4130, source: quantum)
2025-04-08 09:19:27,230 - Quantum Trading Bot - INFO - Performance metrics saved: 40/72 winning trades
2025-04-08 09:19:27,230 - Quantum Trading Bot - INFO - Quantum prediction accuracy: 0.00
2025-04-08 09:19:27,230 - Quantum Trading Bot - INFO - Sleeping for 60 seconds
2025-04-08 09:20:26,070 - Trading System - INFO - Trading Bot is alive: True
2025-04-08 09:20:26,072 - Trading System - INFO - Monitor Bot is alive: True
2025-04-08 09:20:26,072 - Trading System - INFO - Improvement Bot is alive: True
2025-04-08 09:20:27,238 - Quantum Trading Bot - INFO - Starting trading cycle
2025-04-08 09:20:27,239 - Quantum Trading Bot - INFO - Processing AAPL
2025-04-08 09:20:27,239 - Quantum Trading Bot - INFO - Mock halal compliance check for AAPL: COMPLIANT
2025-04-08 09:20:27,263 - Quantum Trading Bot - INFO - Quantum device error rate: 0.0456
2025-04-08 09:20:27,269 - Quantum Trading Bot - INFO - Quantum prediction for AAPL: 0.3800 (confidence: 0.9544)
2025-04-08 09:20:27,269 - Quantum Trading Bot - INFO - Trading signal for AAPL: 0.3800 (source: quantum)
2025-04-08 09:20:27,269 - Quantum Trading Bot - INFO - HOLD signal for AAPL (score: 0.3800, source: quantum)
2025-04-08 09:20:27,269 - Quantum Trading Bot - INFO - Processing MSFT
2025-04-08 09:20:27,270 - Quantum Trading Bot - INFO - Mock halal compliance check for MSFT: COMPLIANT
2025-04-08 09:20:27,280 - Quantum Trading Bot - INFO - Quantum device error rate: 0.0387
2025-04-08 09:20:27,283 - Quantum Trading Bot - INFO - Quantum prediction for MSFT: 0.0880 (confidence: 0.9613)
2025-04-08 09:20:27,283 - Quantum Trading Bot - INFO - Trading signal for MSFT: 0.0880 (source: quantum)
2025-04-08 09:20:27,284 - Quantum Trading Bot - INFO - SELL signal for MSFT (score: 0.0880, source: quantum)
2025-04-08 09:20:27,284 - Quantum Trading Bot - WARNING - Cannot sell MSFT - no position
2025-04-08 09:20:27,285 - Quantum Trading Bot - INFO - Processing NVDA
2025-04-08 09:20:27,285 - Quantum Trading Bot - INFO - Mock halal compliance check for NVDA: COMPLIANT
2025-04-08 09:20:27,294 - Quantum Trading Bot - INFO - Quantum device error rate: 0.0417
2025-04-08 09:20:27,296 - Quantum Trading Bot - INFO - Quantum prediction for NVDA: 0.4860 (confidence: 0.7666)
2025-04-08 09:20:27,296 - Quantum Trading Bot - INFO - Trading signal for NVDA: 0.4860 (source: quantum)
2025-04-08 09:20:27,296 - Quantum Trading Bot - INFO - HOLD signal for NVDA (score: 0.4860, source: quantum)
2025-04-08 09:20:27,304 - Quantum Trading Bot - INFO - Performance metrics saved: 40/72 winning trades
2025-04-08 09:20:27,304 - Quantum Trading Bot - INFO - Quantum prediction accuracy: 0.00
2025-04-08 09:20:27,304 - Quantum Trading Bot - INFO - Sleeping for 60 seconds
2025-04-08 09:21:26,079 - Trading System - INFO - Trading Bot is alive: True
2025-04-08 09:21:26,080 - Trading System - INFO - Monitor Bot is alive: True
2025-04-08 09:21:26,081 - Trading System - INFO - Improvement Bot is alive: True
2025-04-08 09:21:27,314 - Quantum Trading Bot - INFO - Starting trading cycle
2025-04-08 09:21:27,314 - Quantum Trading Bot - INFO - Processing AAPL
2025-04-08 09:21:27,314 - Quantum Trading Bot - INFO - Mock halal compliance check for AAPL: COMPLIANT
2025-04-08 09:21:27,341 - Quantum Trading Bot - INFO - Quantum device error rate: 0.0426
2025-04-08 09:21:27,347 - Quantum Trading Bot - INFO - Quantum prediction for AAPL: 0.3060 (confidence: 0.9574)
2025-04-08 09:21:27,348 - Quantum Trading Bot - INFO - Trading signal for AAPL: 0.3060 (source: quantum)
2025-04-08 09:21:27,348 - Quantum Trading Bot - INFO - HOLD signal for AAPL (score: 0.3060, source: quantum)
2025-04-08 09:21:27,349 - Quantum Trading Bot - INFO - Processing MSFT
2025-04-08 09:21:27,349 - Quantum Trading Bot - INFO - Mock halal compliance check for MSFT: COMPLIANT
2025-04-08 09:21:27,360 - Quantum Trading Bot - INFO - Quantum device error rate: 0.0468
2025-04-08 09:21:27,363 - Quantum Trading Bot - INFO - Quantum prediction for MSFT: 0.5900 (confidence: 0.7626)
2025-04-08 09:21:27,363 - Quantum Trading Bot - INFO - Trading signal for MSFT: 0.5900 (source: quantum)
2025-04-08 09:21:27,363 - Quantum Trading Bot - INFO - HOLD signal for MSFT (score: 0.5900, source: quantum)
2025-04-08 09:21:27,363 - Quantum Trading Bot - INFO - Processing NVDA
2025-04-08 09:21:27,363 - Quantum Trading Bot - INFO - Mock halal compliance check for NVDA: COMPLIANT
2025-04-08 09:21:27,372 - Quantum Trading Bot - INFO - Quantum device error rate: 0.0366
2025-04-08 09:21:27,374 - Quantum Trading Bot - INFO - Quantum prediction for NVDA: 0.5770 (confidence: 0.7707)
2025-04-08 09:21:27,375 - Quantum Trading Bot - INFO - Trading signal for NVDA: 0.5770 (source: quantum)
2025-04-08 09:21:27,375 - Quantum Trading Bot - INFO - HOLD signal for NVDA (score: 0.5770, source: quantum)
2025-04-08 09:21:27,383 - Quantum Trading Bot - INFO - Performance metrics saved: 40/72 winning trades
2025-04-08 09:21:27,383 - Quantum Trading Bot - INFO - Quantum prediction accuracy: 0.00
2025-04-08 09:21:27,394 - Quantum Trading Bot - INFO - Quantum device error rate: 0.0192
2025-04-08 09:21:27,396 - Quantum Trading Bot - INFO - Quantum portfolio optimization complete: {'AAPL': np.float64(0.3249669749009247), 'MSFT': np.float64(0.3342140026420079), 'NVDA': np.float64(0.34081902245706736)}
2025-04-08 09:21:27,396 - Quantum Trading Bot - INFO - Optimal portfolio weights: {'AAPL': np.float64(0.3249669749009247), 'MSFT': np.float64(0.3342140026420079), 'NVDA': np.float64(0.34081902245706736)}
2025-04-08 09:21:27,397 - Quantum Trading Bot - INFO - Sleeping for 60 seconds
2025-04-08 09:22:26,090 - Trading System - INFO - Trading Bot is alive: True
2025-04-08 09:22:26,091 - Trading System - INFO - Monitor Bot is alive: True
2025-04-08 09:22:26,092 - Trading System - INFO - Improvement Bot is alive: True
2025-04-08 09:22:27,406 - Quantum Trading Bot - INFO - Starting trading cycle
2025-04-08 09:22:27,407 - Quantum Trading Bot - INFO - Processing AAPL
2025-04-08 09:22:27,407 - Quantum Trading Bot - INFO - Mock halal compliance check for AAPL: COMPLIANT
2025-04-08 09:22:27,432 - Quantum Trading Bot - INFO - Quantum device error rate: 0.0417
2025-04-08 09:22:27,437 - Quantum Trading Bot - INFO - Quantum prediction for AAPL: 0.5670 (confidence: 0.7666)
2025-04-08 09:22:27,438 - Quantum Trading Bot - INFO - Trading signal for AAPL: 0.5670 (source: quantum)
2025-04-08 09:22:27,438 - Quantum Trading Bot - INFO - HOLD signal for AAPL (score: 0.5670, source: quantum)
2025-04-08 09:22:27,438 - Quantum Trading Bot - INFO - Processing MSFT
2025-04-08 09:22:27,438 - Quantum Trading Bot - INFO - Mock halal compliance check for MSFT: COMPLIANT
2025-04-08 09:22:27,450 - Quantum Trading Bot - INFO - Quantum device error rate: 0.0183
2025-04-08 09:22:27,453 - Quantum Trading Bot - INFO - Quantum prediction for MSFT: 0.3170 (confidence: 0.9817)
2025-04-08 09:22:27,453 - Quantum Trading Bot - INFO - Trading signal for MSFT: 0.3170 (source: quantum)
2025-04-08 09:22:27,453 - Quantum Trading Bot - INFO - HOLD signal for MSFT (score: 0.3170, source: quantum)
2025-04-08 09:22:27,454 - Quantum Trading Bot - INFO - Processing NVDA
2025-04-08 09:22:27,454 - Quantum Trading Bot - INFO - Mock halal compliance check for NVDA: COMPLIANT
2025-04-08 09:22:27,463 - Quantum Trading Bot - INFO - Quantum device error rate: 0.0354
2025-04-08 09:22:27,465 - Quantum Trading Bot - INFO - Quantum prediction for NVDA: 0.6330 (confidence: 0.9646)
2025-04-08 09:22:27,465 - Quantum Trading Bot - INFO - Trading signal for NVDA: 0.6330 (source: quantum)
2025-04-08 09:22:27,465 - Quantum Trading Bot - INFO - HOLD signal for NVDA (score: 0.6330, source: quantum)
2025-04-08 09:22:27,473 - Quantum Trading Bot - INFO - Performance metrics saved: 40/72 winning trades
2025-04-08 09:22:27,473 - Quantum Trading Bot - INFO - Quantum prediction accuracy: 0.00
2025-04-08 09:22:27,473 - Quantum Trading Bot - INFO - Sleeping for 60 seconds
2025-04-08 09:23:26,099 - Trading System - INFO - Trading Bot is alive: True
2025-04-08 09:23:26,102 - Trading System - INFO - Monitor Bot is alive: True
2025-04-08 09:23:26,102 - Trading System - INFO - Improvement Bot is alive: True
2025-04-08 09:23:27,483 - Quantum Trading Bot - INFO - Starting trading cycle
2025-04-08 09:23:27,484 - Quantum Trading Bot - INFO - Processing AAPL
2025-04-08 09:23:27,484 - Quantum Trading Bot - INFO - Mock halal compliance check for AAPL: COMPLIANT
2025-04-08 09:23:27,518 - Quantum Trading Bot - INFO - Quantum device error rate: 0.0402
2025-04-08 09:23:27,524 - Quantum Trading Bot - INFO - Quantum prediction for AAPL: 0.3950 (confidence: 0.9598)
2025-04-08 09:23:27,524 - Quantum Trading Bot - INFO - Trading signal for AAPL: 0.3950 (source: quantum)
2025-04-08 09:23:27,524 - Quantum Trading Bot - INFO - HOLD signal for AAPL (score: 0.3950, source: quantum)
2025-04-08 09:23:27,525 - Quantum Trading Bot - INFO - Processing MSFT
2025-04-08 09:23:27,525 - Quantum Trading Bot - INFO - Mock halal compliance check for MSFT: COMPLIANT
2025-04-08 09:23:27,535 - Quantum Trading Bot - INFO - Quantum device error rate: 0.0375
2025-04-08 09:23:27,538 - Quantum Trading Bot - INFO - Quantum prediction for MSFT: 0.5100 (confidence: 0.7700)
2025-04-08 09:23:27,538 - Quantum Trading Bot - INFO - Trading signal for MSFT: 0.5100 (source: quantum)
2025-04-08 09:23:27,538 - Quantum Trading Bot - INFO - HOLD signal for MSFT (score: 0.5100, source: quantum)
2025-04-08 09:23:27,538 - Quantum Trading Bot - INFO - Processing NVDA
2025-04-08 09:23:27,538 - Quantum Trading Bot - INFO - Mock halal compliance check for NVDA: COMPLIANT
2025-04-08 09:23:27,547 - Quantum Trading Bot - INFO - Quantum device error rate: 0.0243
2025-04-08 09:23:27,549 - Quantum Trading Bot - INFO - Quantum prediction for NVDA: 0.2280 (confidence: 0.9757)
2025-04-08 09:23:27,549 - Quantum Trading Bot - INFO - Trading signal for NVDA: 0.2280 (source: quantum)
2025-04-08 09:23:27,549 - Quantum Trading Bot - INFO - SELL signal for NVDA (score: 0.2280, source: quantum)
2025-04-08 09:23:27,550 - Quantum Trading Bot - WARNING - Cannot sell NVDA - no position
2025-04-08 09:23:27,558 - Quantum Trading Bot - INFO - Performance metrics saved: 40/72 winning trades
2025-04-08 09:23:27,558 - Quantum Trading Bot - INFO - Quantum prediction accuracy: 0.00
2025-04-08 09:23:27,558 - Quantum Trading Bot - INFO - Sleeping for 60 seconds
2025-04-08 09:41:07,591 - Trading System - INFO - Trading Bot is alive: True
2025-04-08 09:41:07,593 - Trading System - INFO - Monitor Bot is alive: True
2025-04-08 09:41:07,593 - Trading System - INFO - Improvement Bot is alive: True
2025-04-08 09:41:09,047 - Quantum Trading Bot - INFO - Starting trading cycle
2025-04-08 09:41:09,047 - Quantum Trading Bot - INFO - Processing AAPL
2025-04-08 09:41:09,047 - Quantum Trading Bot - INFO - Mock halal compliance check for AAPL: COMPLIANT
2025-04-08 09:41:09,068 - Quantum Trading Bot - INFO - Quantum device error rate: 0.0357
2025-04-08 09:41:09,073 - Quantum Trading Bot - INFO - Quantum prediction for AAPL: 0.6210 (confidence: 0.9643)
2025-04-08 09:41:09,073 - Quantum Trading Bot - INFO - Trading signal for AAPL: 0.6210 (source: quantum)
2025-04-08 09:41:09,073 - Quantum Trading Bot - INFO - HOLD signal for AAPL (score: 0.6210, source: quantum)
2025-04-08 09:41:09,074 - Quantum Trading Bot - INFO - Processing MSFT
2025-04-08 09:41:09,074 - Quantum Trading Bot - INFO - Mock halal compliance check for MSFT: COMPLIANT
2025-04-08 09:41:09,084 - Quantum Trading Bot - INFO - Quantum device error rate: 0.0408
2025-04-08 09:41:09,086 - Quantum Trading Bot - INFO - Quantum prediction for MSFT: 0.4510 (confidence: 0.7674)
2025-04-08 09:41:09,086 - Quantum Trading Bot - INFO - Trading signal for MSFT: 0.4510 (source: quantum)
2025-04-08 09:41:09,086 - Quantum Trading Bot - INFO - HOLD signal for MSFT (score: 0.4510, source: quantum)
2025-04-08 09:41:09,087 - Quantum Trading Bot - INFO - Processing NVDA
2025-04-08 09:41:09,087 - Quantum Trading Bot - INFO - Mock halal compliance check for NVDA: COMPLIANT
2025-04-08 09:41:09,095 - Quantum Trading Bot - INFO - Quantum device error rate: 0.0351
2025-04-08 09:41:09,097 - Quantum Trading Bot - INFO - Quantum prediction for NVDA: 0.5090 (confidence: 0.7719)
2025-04-08 09:41:09,097 - Quantum Trading Bot - INFO - Trading signal for NVDA: 0.5090 (source: quantum)
2025-04-08 09:41:09,097 - Quantum Trading Bot - INFO - HOLD signal for NVDA (score: 0.5090, source: quantum)
2025-04-08 09:41:09,105 - Quantum Trading Bot - INFO - Performance metrics saved: 40/72 winning trades
2025-04-08 09:41:09,105 - Quantum Trading Bot - INFO - Quantum prediction accuracy: 0.00
2025-04-08 09:41:09,105 - Quantum Trading Bot - INFO - Sleeping for 60 seconds
2025-04-08 09:58:14,470 - Trading System - INFO - Trading Bot is alive: True
2025-04-08 09:58:14,472 - Trading System - INFO - Monitor Bot is alive: True
2025-04-08 09:58:14,472 - Trading System - INFO - Improvement Bot is alive: True
2025-04-08 09:58:15,418 - Monitor Bot - INFO - Running scheduled task: Performance Metrics
2025-04-08 09:58:15,424 - Monitor Bot - INFO - === Performance Metrics ===
2025-04-08 09:58:15,424 - Monitor Bot - INFO - Date: 2025-04-08T09:41:09.098116
2025-04-08 09:58:15,424 - Monitor Bot - INFO - Total Trades: 72
2025-04-08 09:58:15,424 - Monitor Bot - INFO - Win Rate: 55.56%
2025-04-08 09:58:15,424 - Monitor Bot - INFO - Total Profit: $18.27
2025-04-08 09:58:15,424 - Monitor Bot - INFO - Average Profit per Trade: $0.25
2025-04-08 09:58:15,424 - Monitor Bot - INFO - Average Profit Percentage: 0.09%
2025-04-08 09:58:15,424 - Monitor Bot - INFO - Maximum Drawdown: 0.10%
2025-04-08 09:58:15,424 - Monitor Bot - INFO - Quantum Prediction Accuracy: 0.00%
2025-04-08 09:58:15,424 - Monitor Bot - INFO - ============================
2025-04-08 09:58:15,432 - Monitor Bot - INFO - Task Performance Metrics completed successfully
2025-04-08 10:15:32,979 - Quantum Trading Bot - INFO - Starting trading cycle
2025-04-08 10:15:32,979 - Quantum Trading Bot - INFO - Processing AAPL
2025-04-08 10:15:32,980 - Quantum Trading Bot - INFO - Mock halal compliance check for AAPL: COMPLIANT
2025-04-08 10:15:32,997 - Quantum Trading Bot - INFO - Quantum device error rate: 0.0366
2025-04-08 10:15:33,060 - Quantum Trading Bot - INFO - Quantum prediction for AAPL: 0.5550 (confidence: 0.7707)
2025-04-08 10:15:33,060 - Quantum Trading Bot - INFO - Trading signal for AAPL: 0.5550 (source: quantum)
2025-04-08 10:15:33,060 - Quantum Trading Bot - INFO - HOLD signal for AAPL (score: 0.5550, source: quantum)
2025-04-08 10:15:33,061 - Quantum Trading Bot - INFO - Processing MSFT
2025-04-08 10:15:33,061 - Quantum Trading Bot - INFO - Mock halal compliance check for MSFT: COMPLIANT
2025-04-08 10:15:33,069 - Quantum Trading Bot - INFO - Quantum device error rate: 0.0363
2025-04-08 10:15:33,070 - Quantum Trading Bot - INFO - Quantum prediction for MSFT: 0.5490 (confidence: 0.7710)
2025-04-08 10:15:33,070 - Quantum Trading Bot - INFO - Trading signal for MSFT: 0.5490 (source: quantum)
2025-04-08 10:15:33,071 - Quantum Trading Bot - INFO - HOLD signal for MSFT (score: 0.5490, source: quantum)
2025-04-08 10:15:33,071 - Quantum Trading Bot - INFO - Processing NVDA
2025-04-08 10:15:33,071 - Quantum Trading Bot - INFO - Mock halal compliance check for NVDA: COMPLIANT
2025-04-08 10:15:33,078 - Quantum Trading Bot - INFO - Quantum device error rate: 0.0570
2025-04-08 10:15:33,085 - Quantum Trading Bot - INFO - Quantum prediction for NVDA: 0.8097 (confidence: 0.9430)
2025-04-08 10:15:33,085 - Quantum Trading Bot - INFO - Trading signal for NVDA: 0.8097 (source: quantum)
2025-04-08 10:15:33,085 - Quantum Trading Bot - INFO - HOLD signal for NVDA (score: 0.8097, source: quantum)
2025-04-08 10:15:33,092 - Quantum Trading Bot - INFO - Performance metrics saved: 40/72 winning trades
2025-04-08 10:15:33,093 - Quantum Trading Bot - INFO - Quantum prediction accuracy: 0.00
2025-04-08 10:15:33,093 - Quantum Trading Bot - INFO - Sleeping for 60 seconds
2025-04-08 10:32:06,271 - Trading System - INFO - Trading Bot is alive: True
2025-04-08 10:32:06,273 - Trading System - INFO - Monitor Bot is alive: True
2025-04-08 10:32:06,273 - Trading System - INFO - Improvement Bot is alive: True
2025-04-08 10:32:07,999 - Quantum Trading Bot - INFO - Starting trading cycle
2025-04-08 10:32:07,999 - Quantum Trading Bot - INFO - Processing AAPL
2025-04-08 10:32:08,000 - Quantum Trading Bot - INFO - Mock halal compliance check for AAPL: COMPLIANT
2025-04-08 10:32:08,026 - Quantum Trading Bot - INFO - Quantum device error rate: 0.0327
2025-04-08 10:32:08,032 - Quantum Trading Bot - INFO - Quantum prediction for AAPL: 0.5400 (confidence: 0.7738)
2025-04-08 10:32:08,032 - Quantum Trading Bot - INFO - Trading signal for AAPL: 0.5400 (source: quantum)
2025-04-08 10:32:08,032 - Quantum Trading Bot - INFO - HOLD signal for AAPL (score: 0.5400, source: quantum)
2025-04-08 10:32:08,033 - Quantum Trading Bot - INFO - Processing MSFT
2025-04-08 10:32:08,033 - Quantum Trading Bot - INFO - Mock halal compliance check for MSFT: COMPLIANT
2025-04-08 10:32:08,044 - Quantum Trading Bot - INFO - Quantum device error rate: 0.0519
2025-04-08 10:32:08,052 - Quantum Trading Bot - INFO - Quantum prediction for MSFT: 0.4702 (confidence: 0.7585)
2025-04-08 10:32:08,052 - Quantum Trading Bot - INFO - Trading signal for MSFT: 0.4702 (source: quantum)
2025-04-08 10:32:08,052 - Quantum Trading Bot - INFO - HOLD signal for MSFT (score: 0.4702, source: quantum)
2025-04-08 10:32:08,053 - Quantum Trading Bot - INFO - Processing NVDA
2025-04-08 10:32:08,053 - Quantum Trading Bot - INFO - Mock halal compliance check for NVDA: COMPLIANT
2025-04-08 10:32:08,061 - Quantum Trading Bot - INFO - Quantum device error rate: 0.0414
2025-04-08 10:32:08,063 - Quantum Trading Bot - INFO - Quantum prediction for NVDA: 0.3690 (confidence: 0.9586)
2025-04-08 10:32:08,063 - Quantum Trading Bot - INFO - Trading signal for NVDA: 0.3690 (source: quantum)
2025-04-08 10:32:08,063 - Quantum Trading Bot - INFO - HOLD signal for NVDA (score: 0.3690, source: quantum)
2025-04-08 10:32:08,071 - Quantum Trading Bot - INFO - Performance metrics saved: 40/72 winning trades
2025-04-08 10:32:08,071 - Quantum Trading Bot - INFO - Quantum prediction accuracy: 0.00
2025-04-08 10:32:08,071 - Quantum Trading Bot - INFO - Sleeping for 60 seconds
2025-04-08 10:49:37,146 - Trading System - INFO - Trading Bot is alive: True
2025-04-08 10:49:37,147 - Trading System - INFO - Monitor Bot is alive: True
2025-04-08 10:49:37,147 - Trading System - INFO - Improvement Bot is alive: True
2025-04-08 10:49:38,943 - Quantum Trading Bot - INFO - Starting trading cycle
2025-04-08 10:49:38,944 - Quantum Trading Bot - INFO - Processing AAPL
2025-04-08 10:49:38,944 - Quantum Trading Bot - INFO - Mock halal compliance check for AAPL: COMPLIANT
2025-04-08 10:49:38,966 - Quantum Trading Bot - INFO - Quantum device error rate: 0.0384
2025-04-08 10:49:38,971 - Quantum Trading Bot - INFO - Quantum prediction for AAPL: 0.3390 (confidence: 0.9616)
2025-04-08 10:49:38,971 - Quantum Trading Bot - INFO - Trading signal for AAPL: 0.3390 (source: quantum)
2025-04-08 10:49:38,971 - Quantum Trading Bot - INFO - HOLD signal for AAPL (score: 0.3390, source: quantum)
2025-04-08 10:49:38,973 - Quantum Trading Bot - INFO - Processing MSFT
2025-04-08 10:49:38,973 - Quantum Trading Bot - INFO - Mock halal compliance check for MSFT: COMPLIANT
2025-04-08 10:49:38,985 - Quantum Trading Bot - INFO - Quantum device error rate: 0.0393
2025-04-08 10:49:38,989 - Quantum Trading Bot - INFO - Quantum prediction for MSFT: 0.5120 (confidence: 0.7686)
2025-04-08 10:49:38,989 - Quantum Trading Bot - INFO - Trading signal for MSFT: 0.5120 (source: quantum)
2025-04-08 10:49:38,989 - Quantum Trading Bot - INFO - HOLD signal for MSFT (score: 0.5120, source: quantum)
2025-04-08 10:49:38,989 - Quantum Trading Bot - INFO - Processing NVDA
2025-04-08 10:49:38,989 - Quantum Trading Bot - INFO - Mock halal compliance check for NVDA: COMPLIANT
2025-04-08 10:49:38,998 - Quantum Trading Bot - INFO - Quantum device error rate: 0.0297
2025-04-08 10:49:39,001 - Quantum Trading Bot - INFO - Quantum prediction for NVDA: 0.3500 (confidence: 0.9703)
2025-04-08 10:49:39,001 - Quantum Trading Bot - INFO - Trading signal for NVDA: 0.3500 (source: quantum)
2025-04-08 10:49:39,001 - Quantum Trading Bot - INFO - HOLD signal for NVDA (score: 0.3500, source: quantum)
2025-04-08 10:49:39,009 - Quantum Trading Bot - INFO - Performance metrics saved: 40/72 winning trades
2025-04-08 10:49:39,009 - Quantum Trading Bot - INFO - Quantum prediction accuracy: 0.00
2025-04-08 10:49:39,009 - Quantum Trading Bot - INFO - Sleeping for 60 seconds
2025-04-08 11:06:18,676 - Trading System - INFO - Trading Bot is alive: True
2025-04-08 11:06:18,678 - Trading System - INFO - Monitor Bot is alive: True
2025-04-08 11:06:18,678 - Trading System - INFO - Improvement Bot is alive: True
2025-04-08 11:06:19,635 - Monitor Bot - INFO - Running scheduled task: Performance Metrics
2025-04-08 11:06:19,641 - Monitor Bot - INFO - === Performance Metrics ===
2025-04-08 11:06:19,641 - Monitor Bot - INFO - Date: 2025-04-08T10:49:39.001924
2025-04-08 11:06:19,641 - Monitor Bot - INFO - Total Trades: 72
2025-04-08 11:06:19,641 - Monitor Bot - INFO - Win Rate: 55.56%
2025-04-08 11:06:19,641 - Monitor Bot - INFO - Total Profit: $18.27
2025-04-08 11:06:19,641 - Monitor Bot - INFO - Average Profit per Trade: $0.25
2025-04-08 11:06:19,642 - Monitor Bot - INFO - Average Profit Percentage: 0.09%
2025-04-08 11:06:19,642 - Monitor Bot - INFO - Maximum Drawdown: 0.10%
2025-04-08 11:06:19,642 - Monitor Bot - INFO - Quantum Prediction Accuracy: 0.00%
2025-04-08 11:06:19,642 - Monitor Bot - INFO - ============================
2025-04-08 11:06:19,647 - Monitor Bot - INFO - Task Performance Metrics completed successfully
2025-04-08 11:06:20,537 - Quantum Trading Bot - INFO - Starting trading cycle
2025-04-08 11:06:20,538 - Quantum Trading Bot - INFO - Processing AAPL
2025-04-08 11:06:20,538 - Quantum Trading Bot - INFO - Mock halal compliance check for AAPL: COMPLIANT
2025-04-08 11:06:20,560 - Quantum Trading Bot - INFO - Quantum device error rate: 0.0312
2025-04-08 11:06:20,564 - Quantum Trading Bot - INFO - Quantum prediction for AAPL: 0.2970 (confidence: 0.9688)
2025-04-08 11:06:20,564 - Quantum Trading Bot - INFO - Trading signal for AAPL: 0.2970 (source: quantum)
2025-04-08 11:06:20,564 - Quantum Trading Bot - INFO - SELL signal for AAPL (score: 0.2970, source: quantum)
2025-04-08 11:06:20,566 - Quantum Trading Bot - WARNING - Cannot sell AAPL - no position
2025-04-08 11:06:20,566 - Quantum Trading Bot - INFO - Processing MSFT
2025-04-08 11:06:20,566 - Quantum Trading Bot - INFO - Mock halal compliance check for MSFT: COMPLIANT
2025-04-08 11:06:20,577 - Quantum Trading Bot - INFO - Quantum device error rate: 0.0276
2025-04-08 11:06:20,580 - Quantum Trading Bot - INFO - Quantum prediction for MSFT: 0.4590 (confidence: 0.7779)
2025-04-08 11:06:20,580 - Quantum Trading Bot - INFO - Trading signal for MSFT: 0.4590 (source: quantum)
2025-04-08 11:06:20,580 - Quantum Trading Bot - INFO - HOLD signal for MSFT (score: 0.4590, source: quantum)
2025-04-08 11:06:20,581 - Quantum Trading Bot - INFO - Processing NVDA
2025-04-08 11:06:20,581 - Quantum Trading Bot - INFO - Mock halal compliance check for NVDA: COMPLIANT
2025-04-08 11:06:20,589 - Quantum Trading Bot - INFO - Quantum device error rate: 0.0453
2025-04-08 11:06:20,592 - Quantum Trading Bot - INFO - Quantum prediction for NVDA: 0.5270 (confidence: 0.7638)
2025-04-08 11:06:20,592 - Quantum Trading Bot - INFO - Trading signal for NVDA: 0.5270 (source: quantum)
2025-04-08 11:06:20,592 - Quantum Trading Bot - INFO - HOLD signal for NVDA (score: 0.5270, source: quantum)
2025-04-08 11:06:20,599 - Quantum Trading Bot - INFO - Performance metrics saved: 40/72 winning trades
2025-04-08 11:06:20,599 - Quantum Trading Bot - INFO - Quantum prediction accuracy: 0.00
2025-04-08 11:06:20,599 - Quantum Trading Bot - INFO - Sleeping for 60 seconds
2025-04-08 11:36:07,439 - Trading System - INFO - Trading Bot is alive: True
2025-04-08 11:36:07,440 - Trading System - INFO - Monitor Bot is alive: True
2025-04-08 11:36:07,440 - Trading System - INFO - Improvement Bot is alive: True
2025-04-08 11:36:09,362 - Quantum Trading Bot - INFO - Starting trading cycle
2025-04-08 11:36:09,370 - Quantum Trading Bot - INFO - Processing AAPL
2025-04-08 11:36:09,371 - Quantum Trading Bot - INFO - Mock halal compliance check for AAPL: COMPLIANT
2025-04-08 11:36:09,400 - Quantum Trading Bot - INFO - Quantum device error rate: 0.0465
2025-04-08 11:36:09,404 - Quantum Trading Bot - INFO - Quantum prediction for AAPL: 0.7070 (confidence: 0.9535)
2025-04-08 11:36:09,404 - Quantum Trading Bot - INFO - Trading signal for AAPL: 0.7070 (source: quantum)
2025-04-08 11:36:09,404 - Quantum Trading Bot - INFO - HOLD signal for AAPL (score: 0.7070, source: quantum)
2025-04-08 11:36:09,405 - Quantum Trading Bot - INFO - Processing MSFT
2025-04-08 11:36:09,405 - Quantum Trading Bot - INFO - Mock halal compliance check for MSFT: COMPLIANT
2025-04-08 11:36:09,416 - Quantum Trading Bot - INFO - Quantum device error rate: 0.0324
2025-04-08 11:36:09,419 - Quantum Trading Bot - INFO - Quantum prediction for MSFT: 0.6570 (confidence: 0.9676)
2025-04-08 11:36:09,420 - Quantum Trading Bot - INFO - Trading signal for MSFT: 0.6570 (source: quantum)
2025-04-08 11:36:09,420 - Quantum Trading Bot - INFO - HOLD signal for MSFT (score: 0.6570, source: quantum)
2025-04-08 11:36:09,421 - Quantum Trading Bot - INFO - Processing NVDA
2025-04-08 11:36:09,421 - Quantum Trading Bot - INFO - Mock halal compliance check for NVDA: COMPLIANT
2025-04-08 11:36:09,430 - Quantum Trading Bot - INFO - Quantum device error rate: 0.0369
2025-04-08 11:36:09,433 - Quantum Trading Bot - INFO - Quantum prediction for NVDA: 0.5080 (confidence: 0.7705)
2025-04-08 11:36:09,433 - Quantum Trading Bot - INFO - Trading signal for NVDA: 0.5080 (source: quantum)
2025-04-08 11:36:09,433 - Quantum Trading Bot - INFO - HOLD signal for NVDA (score: 0.5080, source: quantum)
2025-04-08 11:36:09,442 - Quantum Trading Bot - INFO - Performance metrics saved: 40/72 winning trades
2025-04-08 11:36:09,442 - Quantum Trading Bot - INFO - Quantum prediction accuracy: 0.00
2025-04-08 11:36:09,442 - Quantum Trading Bot - INFO - Sleeping for 60 seconds
2025-04-08 11:52:46,612 - Trading System - INFO - Trading Bot is alive: True
2025-04-08 11:52:46,614 - Trading System - INFO - Monitor Bot is alive: True
2025-04-08 11:52:46,614 - Trading System - INFO - Improvement Bot is alive: True
2025-04-08 11:52:47,589 - Monitor Bot - INFO - Running scheduled task: Quantum System Health Check
2025-04-08 11:52:47,589 - Monitor Bot - INFO - Monitoring quantum system health
2025-04-08 11:52:47,590 - Monitor Bot - INFO - Average quantum error rate: 0.0377
2025-04-08 11:52:47,591 - Monitor Bot - INFO - Task Quantum System Health Check completed successfully
2025-04-08 11:52:48,614 - Quantum Trading Bot - INFO - Starting trading cycle
2025-04-08 11:52:48,615 - Quantum Trading Bot - INFO - Processing AAPL
2025-04-08 11:52:48,615 - Quantum Trading Bot - INFO - Mock halal compliance check for AAPL: COMPLIANT
2025-04-08 11:52:48,645 - Quantum Trading Bot - INFO - Quantum device error rate: 0.0483
2025-04-08 11:52:48,649 - Quantum Trading Bot - INFO - Quantum prediction for AAPL: 0.9480 (confidence: 0.9517)
2025-04-08 11:52:48,649 - Quantum Trading Bot - INFO - Trading signal for AAPL: 0.9480 (source: quantum)
2025-04-08 11:52:48,649 - Quantum Trading Bot - INFO - HOLD signal for AAPL (score: 0.9480, source: quantum)
2025-04-08 11:52:48,650 - Quantum Trading Bot - INFO - Processing MSFT
2025-04-08 11:52:48,650 - Quantum Trading Bot - INFO - Mock halal compliance check for MSFT: COMPLIANT
2025-04-08 11:52:48,659 - Quantum Trading Bot - INFO - Quantum device error rate: 0.0360
2025-04-08 11:52:48,661 - Quantum Trading Bot - INFO - Quantum prediction for MSFT: 0.5150 (confidence: 0.7712)
2025-04-08 11:52:48,661 - Quantum Trading Bot - INFO - Trading signal for MSFT: 0.5150 (source: quantum)
2025-04-08 11:52:48,661 - Quantum Trading Bot - INFO - HOLD signal for MSFT (score: 0.5150, source: quantum)
2025-04-08 11:52:48,662 - Quantum Trading Bot - INFO - Processing NVDA
2025-04-08 11:52:48,662 - Quantum Trading Bot - INFO - Mock halal compliance check for NVDA: COMPLIANT
2025-04-08 11:52:48,670 - Quantum Trading Bot - INFO - Quantum device error rate: 0.0408
2025-04-08 11:52:48,672 - Quantum Trading Bot - INFO - Quantum prediction for NVDA: 0.4070 (confidence: 0.7674)
2025-04-08 11:52:48,672 - Quantum Trading Bot - INFO - Trading signal for NVDA: 0.4070 (source: quantum)
2025-04-08 11:52:48,672 - Quantum Trading Bot - INFO - HOLD signal for NVDA (score: 0.4070, source: quantum)
2025-04-08 11:52:48,680 - Quantum Trading Bot - INFO - Performance metrics saved: 40/72 winning trades
2025-04-08 11:52:48,680 - Quantum Trading Bot - INFO - Quantum prediction accuracy: 0.00
2025-04-08 11:52:48,680 - Quantum Trading Bot - INFO - Sleeping for 60 seconds
2025-04-08 12:08:58,510 - Trading System - INFO - Trading Bot is alive: True
2025-04-08 12:08:58,512 - Trading System - INFO - Monitor Bot is alive: True
2025-04-08 12:08:58,512 - Trading System - INFO - Improvement Bot is alive: True
2025-04-08 12:08:59,489 - Monitor Bot - INFO - Running scheduled task: Performance Metrics
2025-04-08 12:08:59,496 - Monitor Bot - INFO - === Performance Metrics ===
2025-04-08 12:08:59,496 - Monitor Bot - INFO - Date: 2025-04-08T11:52:48.673155
2025-04-08 12:08:59,496 - Monitor Bot - INFO - Total Trades: 72
2025-04-08 12:08:59,496 - Monitor Bot - INFO - Win Rate: 55.56%
2025-04-08 12:08:59,496 - Monitor Bot - INFO - Total Profit: $18.27
2025-04-08 12:08:59,496 - Monitor Bot - INFO - Average Profit per Trade: $0.25
2025-04-08 12:08:59,496 - Monitor Bot - INFO - Average Profit Percentage: 0.09%
2025-04-08 12:08:59,496 - Monitor Bot - INFO - Maximum Drawdown: 0.10%
2025-04-08 12:08:59,496 - Monitor Bot - INFO - Quantum Prediction Accuracy: 0.00%
2025-04-08 12:08:59,496 - Monitor Bot - INFO - ============================
2025-04-08 12:08:59,501 - Monitor Bot - INFO - Task Performance Metrics completed successfully
2025-04-08 12:09:00,575 - Quantum Trading Bot - INFO - Starting trading cycle
2025-04-08 12:09:00,575 - Quantum Trading Bot - INFO - Processing AAPL
2025-04-08 12:09:00,575 - Quantum Trading Bot - INFO - Mock halal compliance check for AAPL: COMPLIANT
2025-04-08 12:09:00,599 - Quantum Trading Bot - INFO - Quantum device error rate: 0.0504
2025-04-08 12:09:00,612 - Quantum Trading Bot - INFO - Quantum prediction for AAPL: 0.4744 (confidence: 0.7597)
2025-04-08 12:09:00,612 - Quantum Trading Bot - INFO - Trading signal for AAPL: 0.4744 (source: quantum)
2025-04-08 12:09:00,612 - Quantum Trading Bot - INFO - HOLD signal for AAPL (score: 0.4744, source: quantum)
2025-04-08 12:09:00,613 - Quantum Trading Bot - INFO - Processing MSFT
2025-04-08 12:09:00,613 - Quantum Trading Bot - INFO - Mock halal compliance check for MSFT: COMPLIANT
2025-04-08 12:09:00,623 - Quantum Trading Bot - INFO - Quantum device error rate: 0.0321
2025-04-08 12:09:00,625 - Quantum Trading Bot - INFO - Quantum prediction for MSFT: 0.5290 (confidence: 0.7743)
2025-04-08 12:09:00,625 - Quantum Trading Bot - INFO - Trading signal for MSFT: 0.5290 (source: quantum)
2025-04-08 12:09:00,625 - Quantum Trading Bot - INFO - HOLD signal for MSFT (score: 0.5290, source: quantum)
2025-04-08 12:09:00,626 - Quantum Trading Bot - INFO - Processing NVDA
2025-04-08 12:09:00,626 - Quantum Trading Bot - INFO - Mock halal compliance check for NVDA: COMPLIANT
2025-04-08 12:09:00,634 - Quantum Trading Bot - INFO - Quantum device error rate: 0.0393
2025-04-08 12:09:00,636 - Quantum Trading Bot - INFO - Quantum prediction for NVDA: 0.3500 (confidence: 0.9607)
2025-04-08 12:09:00,636 - Quantum Trading Bot - INFO - Trading signal for NVDA: 0.3500 (source: quantum)
2025-04-08 12:09:00,636 - Quantum Trading Bot - INFO - HOLD signal for NVDA (score: 0.3500, source: quantum)
2025-04-08 12:09:00,644 - Quantum Trading Bot - INFO - Performance metrics saved: 40/72 winning trades
2025-04-08 12:09:00,644 - Quantum Trading Bot - INFO - Quantum prediction accuracy: 0.00
2025-04-08 12:09:00,644 - Quantum Trading Bot - INFO - Sleeping for 60 seconds
2025-04-08 12:21:16,392 - Trading System - INFO - Trading Bot is alive: True
2025-04-08 12:21:16,393 - Trading System - INFO - Monitor Bot is alive: True
2025-04-08 12:21:16,394 - Trading System - INFO - Improvement Bot is alive: True
2025-04-08 12:21:18,514 - Quantum Trading Bot - INFO - Starting trading cycle
2025-04-08 12:21:18,515 - Quantum Trading Bot - INFO - Processing AAPL
2025-04-08 12:21:18,515 - Quantum Trading Bot - INFO - Mock halal compliance check for AAPL: COMPLIANT
2025-04-08 12:21:18,536 - Quantum Trading Bot - INFO - Quantum device error rate: 0.0306
2025-04-08 12:21:18,540 - Quantum Trading Bot - INFO - Quantum prediction for AAPL: 0.1680 (confidence: 0.9694)
2025-04-08 12:21:18,540 - Quantum Trading Bot - INFO - Trading signal for AAPL: 0.1680 (source: quantum)
2025-04-08 12:21:18,540 - Quantum Trading Bot - INFO - SELL signal for AAPL (score: 0.1680, source: quantum)
2025-04-08 12:21:18,541 - Quantum Trading Bot - WARNING - Cannot sell AAPL - no position
2025-04-08 12:21:18,542 - Quantum Trading Bot - INFO - Processing MSFT
2025-04-08 12:21:18,542 - Quantum Trading Bot - INFO - Mock halal compliance check for MSFT: COMPLIANT
2025-04-08 12:21:18,552 - Quantum Trading Bot - INFO - Quantum device error rate: 0.0444
2025-04-08 12:21:18,555 - Quantum Trading Bot - INFO - Quantum prediction for MSFT: 0.5310 (confidence: 0.7645)
2025-04-08 12:21:18,555 - Quantum Trading Bot - INFO - Trading signal for MSFT: 0.5310 (source: quantum)
2025-04-08 12:21:18,555 - Quantum Trading Bot - INFO - HOLD signal for MSFT (score: 0.5310, source: quantum)
2025-04-08 12:21:18,556 - Quantum Trading Bot - INFO - Processing NVDA
2025-04-08 12:21:18,556 - Quantum Trading Bot - INFO - Mock halal compliance check for NVDA: COMPLIANT
2025-04-08 12:21:18,564 - Quantum Trading Bot - INFO - Quantum device error rate: 0.0429
2025-04-08 12:21:18,567 - Quantum Trading Bot - INFO - Quantum prediction for NVDA: 0.4750 (confidence: 0.7657)
2025-04-08 12:21:18,567 - Quantum Trading Bot - INFO - Trading signal for NVDA: 0.4750 (source: quantum)
2025-04-08 12:21:18,567 - Quantum Trading Bot - INFO - HOLD signal for NVDA (score: 0.4750, source: quantum)
2025-04-08 12:21:18,575 - Quantum Trading Bot - INFO - Performance metrics saved: 40/72 winning trades
2025-04-08 12:21:18,575 - Quantum Trading Bot - INFO - Quantum prediction accuracy: 0.00
2025-04-08 12:21:18,575 - Quantum Trading Bot - INFO - Sleeping for 60 seconds
2025-04-08 12:37:18,289 - Trading System - INFO - Trading Bot is alive: True
2025-04-08 12:37:18,290 - Trading System - INFO - Monitor Bot is alive: True
2025-04-08 12:37:18,290 - Trading System - INFO - Improvement Bot is alive: True
2025-04-08 12:37:20,470 - Quantum Trading Bot - INFO - Starting trading cycle
2025-04-08 12:37:20,470 - Quantum Trading Bot - INFO - Processing AAPL
2025-04-08 12:37:20,470 - Quantum Trading Bot - INFO - Mock halal compliance check for AAPL: COMPLIANT
2025-04-08 12:37:20,493 - Quantum Trading Bot - INFO - Quantum device error rate: 0.0285
2025-04-08 12:37:20,499 - Quantum Trading Bot - INFO - Quantum prediction for AAPL: 0.3670 (confidence: 0.9715)
2025-04-08 12:37:20,499 - Quantum Trading Bot - INFO - Trading signal for AAPL: 0.3670 (source: quantum)
2025-04-08 12:37:20,499 - Quantum Trading Bot - INFO - HOLD signal for AAPL (score: 0.3670, source: quantum)
2025-04-08 12:37:20,500 - Quantum Trading Bot - INFO - Processing MSFT
2025-04-08 12:37:20,500 - Quantum Trading Bot - INFO - Mock halal compliance check for MSFT: COMPLIANT
2025-04-08 12:37:20,511 - Quantum Trading Bot - INFO - Quantum device error rate: 0.0321
2025-04-08 12:37:20,514 - Quantum Trading Bot - INFO - Quantum prediction for MSFT: 0.5600 (confidence: 0.7743)
2025-04-08 12:37:20,514 - Quantum Trading Bot - INFO - Trading signal for MSFT: 0.5600 (source: quantum)
2025-04-08 12:37:20,514 - Quantum Trading Bot - INFO - HOLD signal for MSFT (score: 0.5600, source: quantum)
2025-04-08 12:37:20,515 - Quantum Trading Bot - INFO - Processing NVDA
2025-04-08 12:37:20,515 - Quantum Trading Bot - INFO - Mock halal compliance check for NVDA: COMPLIANT
2025-04-08 12:37:20,524 - Quantum Trading Bot - INFO - Quantum device error rate: 0.0405
2025-04-08 12:37:20,526 - Quantum Trading Bot - INFO - Quantum prediction for NVDA: 0.5280 (confidence: 0.7676)
2025-04-08 12:37:20,526 - Quantum Trading Bot - INFO - Trading signal for NVDA: 0.5280 (source: quantum)
2025-04-08 12:37:20,526 - Quantum Trading Bot - INFO - HOLD signal for NVDA (score: 0.5280, source: quantum)
2025-04-08 12:37:20,535 - Quantum Trading Bot - INFO - Performance metrics saved: 40/72 winning trades
2025-04-08 12:37:20,535 - Quantum Trading Bot - INFO - Quantum prediction accuracy: 0.00
2025-04-08 12:37:20,535 - Quantum Trading Bot - INFO - Sleeping for 60 seconds
2025-04-08 12:51:16,553 - Trading System - INFO - Trading Bot is alive: True
2025-04-08 12:51:16,555 - Trading System - INFO - Monitor Bot is alive: True
2025-04-08 12:51:16,555 - Trading System - INFO - Improvement Bot is alive: True
2025-04-08 12:51:18,797 - Quantum Trading Bot - INFO - Starting trading cycle
2025-04-08 12:51:18,797 - Quantum Trading Bot - INFO - Processing AAPL
2025-04-08 12:51:18,797 - Quantum Trading Bot - INFO - Mock halal compliance check for AAPL: COMPLIANT
2025-04-08 12:51:18,829 - Quantum Trading Bot - INFO - Quantum device error rate: 0.0531
2025-04-08 12:51:18,841 - Quantum Trading Bot - INFO - Quantum prediction for AAPL: 0.6945 (confidence: 0.9469)
2025-04-08 12:51:18,841 - Quantum Trading Bot - INFO - Trading signal for AAPL: 0.6945 (source: quantum)
2025-04-08 12:51:18,841 - Quantum Trading Bot - INFO - HOLD signal for AAPL (score: 0.6945, source: quantum)
2025-04-08 12:51:18,842 - Quantum Trading Bot - INFO - Processing MSFT
2025-04-08 12:51:18,842 - Quantum Trading Bot - INFO - Mock halal compliance check for MSFT: COMPLIANT
2025-04-08 12:51:18,851 - Quantum Trading Bot - INFO - Quantum device error rate: 0.0327
2025-04-08 12:51:18,854 - Quantum Trading Bot - INFO - Quantum prediction for MSFT: 0.2360 (confidence: 0.9673)
2025-04-08 12:51:18,854 - Quantum Trading Bot - INFO - Trading signal for MSFT: 0.2360 (source: quantum)
2025-04-08 12:51:18,854 - Quantum Trading Bot - INFO - SELL signal for MSFT (score: 0.2360, source: quantum)
2025-04-08 12:51:18,855 - Quantum Trading Bot - WARNING - Cannot sell MSFT - no position
2025-04-08 12:51:18,855 - Quantum Trading Bot - INFO - Processing NVDA
2025-04-08 12:51:18,855 - Quantum Trading Bot - INFO - Mock halal compliance check for NVDA: COMPLIANT
2025-04-08 12:51:18,863 - Quantum Trading Bot - INFO - Quantum device error rate: 0.0378
2025-04-08 12:51:18,866 - Quantum Trading Bot - INFO - Quantum prediction for NVDA: 0.4910 (confidence: 0.7698)
2025-04-08 12:51:18,866 - Quantum Trading Bot - INFO - Trading signal for NVDA: 0.4910 (source: quantum)
2025-04-08 12:51:18,866 - Quantum Trading Bot - INFO - HOLD signal for NVDA (score: 0.4910, source: quantum)
2025-04-08 12:51:18,873 - Quantum Trading Bot - INFO - Performance metrics saved: 40/72 winning trades
2025-04-08 12:51:18,873 - Quantum Trading Bot - INFO - Quantum prediction accuracy: 0.00
2025-04-08 12:51:18,873 - Quantum Trading Bot - INFO - Sleeping for 60 seconds
2025-04-08 12:52:16,561 - Trading System - INFO - Trading Bot is alive: True
2025-04-08 12:52:16,563 - Trading System - INFO - Monitor Bot is alive: True
2025-04-08 12:52:16,563 - Trading System - INFO - Improvement Bot is alive: True
2025-04-08 12:52:18,879 - Quantum Trading Bot - INFO - Starting trading cycle
2025-04-08 12:52:18,880 - Quantum Trading Bot - INFO - Processing AAPL
2025-04-08 12:52:18,880 - Quantum Trading Bot - INFO - Mock halal compliance check for AAPL: COMPLIANT
2025-04-08 12:52:18,910 - Quantum Trading Bot - INFO - Quantum device error rate: 0.0339
2025-04-08 12:52:18,915 - Quantum Trading Bot - INFO - Quantum prediction for AAPL: 0.8230 (confidence: 0.9661)
2025-04-08 12:52:18,916 - Quantum Trading Bot - INFO - Trading signal for AAPL: 0.8230 (source: quantum)
2025-04-08 12:52:18,916 - Quantum Trading Bot - INFO - HOLD signal for AAPL (score: 0.8230, source: quantum)
2025-04-08 12:52:18,916 - Quantum Trading Bot - INFO - Processing MSFT
2025-04-08 12:52:18,917 - Quantum Trading Bot - INFO - Mock halal compliance check for MSFT: COMPLIANT
2025-04-08 12:52:18,926 - Quantum Trading Bot - INFO - Quantum device error rate: 0.0327
2025-04-08 12:52:18,929 - Quantum Trading Bot - INFO - Quantum prediction for MSFT: 0.4800 (confidence: 0.7738)
2025-04-08 12:52:18,929 - Quantum Trading Bot - INFO - Trading signal for MSFT: 0.4800 (source: quantum)
2025-04-08 12:52:18,929 - Quantum Trading Bot - INFO - HOLD signal for MSFT (score: 0.4800, source: quantum)
2025-04-08 12:52:18,930 - Quantum Trading Bot - INFO - Processing NVDA
2025-04-08 12:52:18,930 - Quantum Trading Bot - INFO - Mock halal compliance check for NVDA: COMPLIANT
2025-04-08 12:52:18,938 - Quantum Trading Bot - INFO - Quantum device error rate: 0.0516
2025-04-08 12:52:18,945 - Quantum Trading Bot - INFO - Quantum prediction for NVDA: 0.8048 (confidence: 0.9484)
2025-04-08 12:52:18,945 - Quantum Trading Bot - INFO - Trading signal for NVDA: 0.8048 (source: quantum)
2025-04-08 12:52:18,945 - Quantum Trading Bot - INFO - HOLD signal for NVDA (score: 0.8048, source: quantum)
2025-04-08 12:52:18,953 - Quantum Trading Bot - INFO - Performance metrics saved: 40/72 winning trades
2025-04-08 12:52:18,953 - Quantum Trading Bot - INFO - Quantum prediction accuracy: 0.00
2025-04-08 12:52:18,953 - Quantum Trading Bot - INFO - Sleeping for 60 seconds
2025-04-08 12:53:16,568 - Trading System - INFO - Trading Bot is alive: True
2025-04-08 12:53:16,569 - Trading System - INFO - Monitor Bot is alive: True
2025-04-08 12:53:16,569 - Trading System - INFO - Improvement Bot is alive: True
2025-04-08 12:53:18,959 - Quantum Trading Bot - INFO - Starting trading cycle
2025-04-08 12:53:18,960 - Quantum Trading Bot - INFO - Processing AAPL
2025-04-08 12:53:18,960 - Quantum Trading Bot - INFO - Mock halal compliance check for AAPL: COMPLIANT
2025-04-08 12:53:18,986 - Quantum Trading Bot - INFO - Quantum device error rate: 0.0564
2025-04-08 12:53:18,999 - Quantum Trading Bot - INFO - Quantum prediction for AAPL: 0.1501 (confidence: 0.9436)
2025-04-08 12:53:18,999 - Quantum Trading Bot - INFO - Trading signal for AAPL: 0.1501 (source: quantum)
2025-04-08 12:53:18,999 - Quantum Trading Bot - INFO - SELL signal for AAPL (score: 0.1501, source: quantum)
2025-04-08 12:53:19,000 - Quantum Trading Bot - WARNING - Cannot sell AAPL - no position
2025-04-08 12:53:19,001 - Quantum Trading Bot - INFO - Processing MSFT
2025-04-08 12:53:19,001 - Quantum Trading Bot - INFO - Mock halal compliance check for MSFT: COMPLIANT
2025-04-08 12:53:19,011 - Quantum Trading Bot - INFO - Quantum device error rate: 0.0243
2025-04-08 12:53:19,013 - Quantum Trading Bot - INFO - Quantum prediction for MSFT: 0.2730 (confidence: 0.9757)
2025-04-08 12:53:19,013 - Quantum Trading Bot - INFO - Trading signal for MSFT: 0.2730 (source: quantum)
2025-04-08 12:53:19,013 - Quantum Trading Bot - INFO - SELL signal for MSFT (score: 0.2730, source: quantum)
2025-04-08 12:53:19,014 - Quantum Trading Bot - WARNING - Cannot sell MSFT - no position
2025-04-08 12:53:19,015 - Quantum Trading Bot - INFO - Processing NVDA
2025-04-08 12:53:19,015 - Quantum Trading Bot - INFO - Mock halal compliance check for NVDA: COMPLIANT
2025-04-08 12:53:19,023 - Quantum Trading Bot - INFO - Quantum device error rate: 0.0459
2025-04-08 12:53:19,025 - Quantum Trading Bot - INFO - Quantum prediction for NVDA: 0.6820 (confidence: 0.9541)
2025-04-08 12:53:19,025 - Quantum Trading Bot - INFO - Trading signal for NVDA: 0.6820 (source: quantum)
2025-04-08 12:53:19,025 - Quantum Trading Bot - INFO - HOLD signal for NVDA (score: 0.6820, source: quantum)
2025-04-08 12:53:19,033 - Quantum Trading Bot - INFO - Performance metrics saved: 40/72 winning trades
2025-04-08 12:53:19,033 - Quantum Trading Bot - INFO - Quantum prediction accuracy: 0.00
2025-04-08 12:53:19,033 - Quantum Trading Bot - INFO - Sleeping for 60 seconds
2025-04-08 12:54:16,575 - Trading System - INFO - Trading Bot is alive: True
2025-04-08 12:54:16,577 - Trading System - INFO - Monitor Bot is alive: True
2025-04-08 12:54:16,577 - Trading System - INFO - Improvement Bot is alive: True
2025-04-08 12:54:19,039 - Quantum Trading Bot - INFO - Starting trading cycle
2025-04-08 12:54:19,039 - Quantum Trading Bot - INFO - Processing AAPL
2025-04-08 12:54:19,039 - Quantum Trading Bot - INFO - Mock halal compliance check for AAPL: COMPLIANT
2025-04-08 12:54:19,072 - Quantum Trading Bot - INFO - Quantum device error rate: 0.0396
2025-04-08 12:54:19,077 - Quantum Trading Bot - INFO - Quantum prediction for AAPL: 0.8100 (confidence: 0.9604)
2025-04-08 12:54:19,077 - Quantum Trading Bot - INFO - Trading signal for AAPL: 0.8100 (source: quantum)
2025-04-08 12:54:19,077 - Quantum Trading Bot - INFO - HOLD signal for AAPL (score: 0.8100, source: quantum)
2025-04-08 12:54:19,078 - Quantum Trading Bot - INFO - Processing MSFT
2025-04-08 12:54:19,078 - Quantum Trading Bot - INFO - Mock halal compliance check for MSFT: COMPLIANT
2025-04-08 12:54:19,087 - Quantum Trading Bot - INFO - Quantum device error rate: 0.0486
2025-04-08 12:54:19,090 - Quantum Trading Bot - INFO - Quantum prediction for MSFT: 0.4850 (confidence: 0.7611)
2025-04-08 12:54:19,090 - Quantum Trading Bot - INFO - Trading signal for MSFT: 0.4850 (source: quantum)
2025-04-08 12:54:19,090 - Quantum Trading Bot - INFO - HOLD signal for MSFT (score: 0.4850, source: quantum)
2025-04-08 12:54:19,090 - Quantum Trading Bot - INFO - Processing NVDA
2025-04-08 12:54:19,090 - Quantum Trading Bot - INFO - Mock halal compliance check for NVDA: COMPLIANT
2025-04-08 12:54:19,098 - Quantum Trading Bot - INFO - Quantum device error rate: 0.0348
2025-04-08 12:54:19,101 - Quantum Trading Bot - INFO - Quantum prediction for NVDA: 0.6930 (confidence: 0.9652)
2025-04-08 12:54:19,101 - Quantum Trading Bot - INFO - Trading signal for NVDA: 0.6930 (source: quantum)
2025-04-08 12:54:19,101 - Quantum Trading Bot - INFO - HOLD signal for NVDA (score: 0.6930, source: quantum)
2025-04-08 12:54:19,108 - Quantum Trading Bot - INFO - Performance metrics saved: 40/72 winning trades
2025-04-08 12:54:19,108 - Quantum Trading Bot - INFO - Quantum prediction accuracy: 0.00
2025-04-08 12:54:19,109 - Quantum Trading Bot - INFO - Sleeping for 60 seconds
2025-04-08 12:55:16,580 - Trading System - INFO - Trading Bot is alive: True
2025-04-08 12:55:16,580 - Trading System - INFO - Monitor Bot is alive: True
2025-04-08 12:55:16,580 - Trading System - INFO - Improvement Bot is alive: True
2025-04-08 12:55:19,114 - Quantum Trading Bot - INFO - Starting trading cycle
2025-04-08 12:55:19,114 - Quantum Trading Bot - INFO - Processing AAPL
2025-04-08 12:55:19,115 - Quantum Trading Bot - INFO - Mock halal compliance check for AAPL: COMPLIANT
2025-04-08 12:55:19,140 - Quantum Trading Bot - INFO - Quantum device error rate: 0.0291
2025-04-08 12:55:19,145 - Quantum Trading Bot - INFO - Quantum prediction for AAPL: 0.6560 (confidence: 0.9709)
2025-04-08 12:55:19,145 - Quantum Trading Bot - INFO - Trading signal for AAPL: 0.6560 (source: quantum)
2025-04-08 12:55:19,145 - Quantum Trading Bot - INFO - HOLD signal for AAPL (score: 0.6560, source: quantum)
2025-04-08 12:55:19,146 - Quantum Trading Bot - INFO - Processing MSFT
2025-04-08 12:55:19,146 - Quantum Trading Bot - INFO - Mock halal compliance check for MSFT: COMPLIANT
2025-04-08 12:55:19,158 - Quantum Trading Bot - INFO - Quantum device error rate: 0.0378
2025-04-08 12:55:19,161 - Quantum Trading Bot - INFO - Quantum prediction for MSFT: 0.3200 (confidence: 0.9622)
2025-04-08 12:55:19,161 - Quantum Trading Bot - INFO - Trading signal for MSFT: 0.3200 (source: quantum)
2025-04-08 12:55:19,161 - Quantum Trading Bot - INFO - HOLD signal for MSFT (score: 0.3200, source: quantum)
2025-04-08 12:55:19,162 - Quantum Trading Bot - INFO - Processing NVDA
2025-04-08 12:55:19,162 - Quantum Trading Bot - INFO - Mock halal compliance check for NVDA: COMPLIANT
2025-04-08 12:55:19,171 - Quantum Trading Bot - INFO - Quantum device error rate: 0.0321
2025-04-08 12:55:19,173 - Quantum Trading Bot - INFO - Quantum prediction for NVDA: 0.4320 (confidence: 0.7743)
2025-04-08 12:55:19,173 - Quantum Trading Bot - INFO - Trading signal for NVDA: 0.4320 (source: quantum)
2025-04-08 12:55:19,173 - Quantum Trading Bot - INFO - HOLD signal for NVDA (score: 0.4320, source: quantum)
2025-04-08 12:55:19,181 - Quantum Trading Bot - INFO - Performance metrics saved: 40/72 winning trades
2025-04-08 12:55:19,181 - Quantum Trading Bot - INFO - Quantum prediction accuracy: 0.00
2025-04-08 12:55:19,181 - Quantum Trading Bot - INFO - Sleeping for 60 seconds
2025-04-08 12:56:16,587 - Trading System - INFO - Trading Bot is alive: True
2025-04-08 12:56:16,589 - Trading System - INFO - Monitor Bot is alive: True
2025-04-08 12:56:16,589 - Trading System - INFO - Improvement Bot is alive: True
2025-04-08 12:56:19,187 - Quantum Trading Bot - INFO - Starting trading cycle
2025-04-08 12:56:19,188 - Quantum Trading Bot - INFO - Processing AAPL
2025-04-08 12:56:19,188 - Quantum Trading Bot - INFO - Mock halal compliance check for AAPL: COMPLIANT
2025-04-08 12:56:19,219 - Quantum Trading Bot - INFO - Quantum device error rate: 0.0459
2025-04-08 12:56:19,225 - Quantum Trading Bot - INFO - Quantum prediction for AAPL: 0.4890 (confidence: 0.7633)
2025-04-08 12:56:19,225 - Quantum Trading Bot - INFO - Trading signal for AAPL: 0.4890 (source: quantum)
2025-04-08 12:56:19,225 - Quantum Trading Bot - INFO - HOLD signal for AAPL (score: 0.4890, source: quantum)
2025-04-08 12:56:19,226 - Quantum Trading Bot - INFO - Processing MSFT
2025-04-08 12:56:19,226 - Quantum Trading Bot - INFO - Mock halal compliance check for MSFT: COMPLIANT
2025-04-08 12:56:19,236 - Quantum Trading Bot - INFO - Quantum device error rate: 0.0519
2025-04-08 12:56:19,245 - Quantum Trading Bot - INFO - Quantum prediction for MSFT: 0.2410 (confidence: 0.9481)
2025-04-08 12:56:19,245 - Quantum Trading Bot - INFO - Trading signal for MSFT: 0.2410 (source: quantum)
2025-04-08 12:56:19,245 - Quantum Trading Bot - INFO - SELL signal for MSFT (score: 0.2410, source: quantum)
2025-04-08 12:56:19,246 - Quantum Trading Bot - WARNING - Cannot sell MSFT - no position
2025-04-08 12:56:19,246 - Quantum Trading Bot - INFO - Processing NVDA
2025-04-08 12:56:19,246 - Quantum Trading Bot - INFO - Mock halal compliance check for NVDA: COMPLIANT
2025-04-08 12:56:19,254 - Quantum Trading Bot - INFO - Quantum device error rate: 0.0435
2025-04-08 12:56:19,257 - Quantum Trading Bot - INFO - Quantum prediction for NVDA: 0.7160 (confidence: 0.9565)
2025-04-08 12:56:19,257 - Quantum Trading Bot - INFO - Trading signal for NVDA: 0.7160 (source: quantum)
2025-04-08 12:56:19,257 - Quantum Trading Bot - INFO - HOLD signal for NVDA (score: 0.7160, source: quantum)
2025-04-08 12:56:19,265 - Quantum Trading Bot - INFO - Performance metrics saved: 40/72 winning trades
2025-04-08 12:56:19,265 - Quantum Trading Bot - INFO - Quantum prediction accuracy: 0.00
2025-04-08 12:56:19,265 - Quantum Trading Bot - INFO - Sleeping for 60 seconds
2025-04-08 12:57:16,594 - Trading System - INFO - Trading Bot is alive: True
2025-04-08 12:57:16,596 - Trading System - INFO - Monitor Bot is alive: True
2025-04-08 12:57:16,596 - Trading System - INFO - Improvement Bot is alive: True
2025-04-08 12:57:19,270 - Quantum Trading Bot - INFO - Starting trading cycle
2025-04-08 12:57:19,271 - Quantum Trading Bot - INFO - Processing AAPL
2025-04-08 12:57:19,271 - Quantum Trading Bot - INFO - Mock halal compliance check for AAPL: COMPLIANT
2025-04-08 12:57:19,297 - Quantum Trading Bot - INFO - Quantum device error rate: 0.0402
2025-04-08 12:57:19,303 - Quantum Trading Bot - INFO - Quantum prediction for AAPL: 0.6340 (confidence: 0.9598)
2025-04-08 12:57:19,303 - Quantum Trading Bot - INFO - Trading signal for AAPL: 0.6340 (source: quantum)
2025-04-08 12:57:19,303 - Quantum Trading Bot - INFO - HOLD signal for AAPL (score: 0.6340, source: quantum)
2025-04-08 12:57:19,304 - Quantum Trading Bot - INFO - Processing MSFT
2025-04-08 12:57:19,304 - Quantum Trading Bot - INFO - Mock halal compliance check for MSFT: COMPLIANT
2025-04-08 12:57:19,315 - Quantum Trading Bot - INFO - Quantum device error rate: 0.0246
2025-04-08 12:57:19,318 - Quantum Trading Bot - INFO - Quantum prediction for MSFT: 0.5030 (confidence: 0.7803)
2025-04-08 12:57:19,318 - Quantum Trading Bot - INFO - Trading signal for MSFT: 0.5030 (source: quantum)
2025-04-08 12:57:19,318 - Quantum Trading Bot - INFO - HOLD signal for MSFT (score: 0.5030, source: quantum)
2025-04-08 12:57:19,319 - Quantum Trading Bot - INFO - Processing NVDA
2025-04-08 12:57:19,319 - Quantum Trading Bot - INFO - Mock halal compliance check for NVDA: COMPLIANT
2025-04-08 12:57:19,328 - Quantum Trading Bot - INFO - Quantum device error rate: 0.0372
2025-04-08 12:57:19,330 - Quantum Trading Bot - INFO - Quantum prediction for NVDA: 0.2170 (confidence: 0.9628)
2025-04-08 12:57:19,330 - Quantum Trading Bot - INFO - Trading signal for NVDA: 0.2170 (source: quantum)
2025-04-08 12:57:19,330 - Quantum Trading Bot - INFO - SELL signal for NVDA (score: 0.2170, source: quantum)
2025-04-08 12:57:19,331 - Quantum Trading Bot - WARNING - Cannot sell NVDA - no position
2025-04-08 12:57:19,339 - Quantum Trading Bot - INFO - Performance metrics saved: 40/72 winning trades
2025-04-08 12:57:19,339 - Quantum Trading Bot - INFO - Quantum prediction accuracy: 0.00
2025-04-08 12:57:19,340 - Quantum Trading Bot - INFO - Sleeping for 60 seconds
2025-04-08 12:58:16,600 - Trading System - INFO - Trading Bot is alive: True
2025-04-08 12:58:16,602 - Trading System - INFO - Monitor Bot is alive: True
2025-04-08 12:58:16,602 - Trading System - INFO - Improvement Bot is alive: True
2025-04-08 12:58:19,345 - Quantum Trading Bot - INFO - Starting trading cycle
2025-04-08 12:58:19,345 - Quantum Trading Bot - INFO - Processing AAPL
2025-04-08 12:58:19,346 - Quantum Trading Bot - INFO - Mock halal compliance check for AAPL: COMPLIANT
2025-04-08 12:58:19,370 - Quantum Trading Bot - INFO - Quantum device error rate: 0.0450
2025-04-08 12:58:19,374 - Quantum Trading Bot - INFO - Quantum prediction for AAPL: 0.4830 (confidence: 0.7640)
2025-04-08 12:58:19,374 - Quantum Trading Bot - INFO - Trading signal for AAPL: 0.4830 (source: quantum)
2025-04-08 12:58:19,374 - Quantum Trading Bot - INFO - HOLD signal for AAPL (score: 0.4830, source: quantum)
2025-04-08 12:58:19,376 - Quantum Trading Bot - INFO - Processing MSFT
2025-04-08 12:58:19,376 - Quantum Trading Bot - INFO - Mock halal compliance check for MSFT: COMPLIANT
2025-04-08 12:58:19,387 - Quantum Trading Bot - INFO - Quantum device error rate: 0.0321
2025-04-08 12:58:19,390 - Quantum Trading Bot - INFO - Quantum prediction for MSFT: 0.3040 (confidence: 0.9679)
2025-04-08 12:58:19,390 - Quantum Trading Bot - INFO - Trading signal for MSFT: 0.3040 (source: quantum)
2025-04-08 12:58:19,390 - Quantum Trading Bot - INFO - HOLD signal for MSFT (score: 0.3040, source: quantum)
2025-04-08 12:58:19,390 - Quantum Trading Bot - INFO - Processing NVDA
2025-04-08 12:58:19,391 - Quantum Trading Bot - INFO - Mock halal compliance check for NVDA: COMPLIANT
2025-04-08 12:58:19,400 - Quantum Trading Bot - INFO - Quantum device error rate: 0.0381
2025-04-08 12:58:19,402 - Quantum Trading Bot - INFO - Quantum prediction for NVDA: 0.9850 (confidence: 0.9619)
2025-04-08 12:58:19,402 - Quantum Trading Bot - INFO - Trading signal for NVDA: 0.9850 (source: quantum)
2025-04-08 12:58:19,402 - Quantum Trading Bot - INFO - HOLD signal for NVDA (score: 0.9850, source: quantum)
2025-04-08 12:58:19,411 - Quantum Trading Bot - INFO - Performance metrics saved: 40/72 winning trades
2025-04-08 12:58:19,411 - Quantum Trading Bot - INFO - Quantum prediction accuracy: 0.00
2025-04-08 12:58:19,423 - Quantum Trading Bot - INFO - Quantum device error rate: 0.0426
2025-04-08 12:58:19,424 - Quantum Trading Bot - INFO - Quantum portfolio optimization complete: {'AAPL': np.float64(0.3317725752508361), 'MSFT': np.float64(0.3411371237458194), 'NVDA': np.float64(0.32709030100334446)}
2025-04-08 12:58:19,424 - Quantum Trading Bot - INFO - Optimal portfolio weights: {'AAPL': np.float64(0.3317725752508361), 'MSFT': np.float64(0.3411371237458194), 'NVDA': np.float64(0.32709030100334446)}
2025-04-08 12:58:19,425 - Quantum Trading Bot - INFO - Sleeping for 60 seconds
2025-04-08 12:59:16,606 - Trading System - INFO - Trading Bot is alive: True
2025-04-08 12:59:16,608 - Trading System - INFO - Monitor Bot is alive: True
2025-04-08 12:59:16,608 - Trading System - INFO - Improvement Bot is alive: True
2025-04-08 12:59:19,431 - Quantum Trading Bot - INFO - Starting trading cycle
2025-04-08 12:59:19,431 - Quantum Trading Bot - INFO - Processing AAPL
2025-04-08 12:59:19,431 - Quantum Trading Bot - INFO - Mock halal compliance check for AAPL: COMPLIANT
2025-04-08 12:59:19,457 - Quantum Trading Bot - INFO - Quantum device error rate: 0.0294
2025-04-08 12:59:19,461 - Quantum Trading Bot - INFO - Quantum prediction for AAPL: 0.4930 (confidence: 0.7765)
2025-04-08 12:59:19,461 - Quantum Trading Bot - INFO - Trading signal for AAPL: 0.4930 (source: quantum)
2025-04-08 12:59:19,461 - Quantum Trading Bot - INFO - HOLD signal for AAPL (score: 0.4930, source: quantum)
2025-04-08 12:59:19,463 - Quantum Trading Bot - INFO - Processing MSFT
2025-04-08 12:59:19,463 - Quantum Trading Bot - INFO - Mock halal compliance check for MSFT: COMPLIANT
2025-04-08 12:59:19,473 - Quantum Trading Bot - INFO - Quantum device error rate: 0.0381
2025-04-08 12:59:19,476 - Quantum Trading Bot - INFO - Quantum prediction for MSFT: 0.5010 (confidence: 0.7695)
2025-04-08 12:59:19,476 - Quantum Trading Bot - INFO - Trading signal for MSFT: 0.5010 (source: quantum)
2025-04-08 12:59:19,476 - Quantum Trading Bot - INFO - HOLD signal for MSFT (score: 0.5010, source: quantum)
2025-04-08 12:59:19,477 - Quantum Trading Bot - INFO - Processing NVDA
2025-04-08 12:59:19,477 - Quantum Trading Bot - INFO - Mock halal compliance check for NVDA: COMPLIANT
2025-04-08 12:59:19,486 - Quantum Trading Bot - INFO - Quantum device error rate: 0.0309
2025-04-08 12:59:19,488 - Quantum Trading Bot - INFO - Quantum prediction for NVDA: 0.3920 (confidence: 0.9691)
2025-04-08 12:59:19,488 - Quantum Trading Bot - INFO - Trading signal for NVDA: 0.3920 (source: quantum)
2025-04-08 12:59:19,488 - Quantum Trading Bot - INFO - HOLD signal for NVDA (score: 0.3920, source: quantum)
2025-04-08 12:59:19,496 - Quantum Trading Bot - INFO - Performance metrics saved: 40/72 winning trades
2025-04-08 12:59:19,496 - Quantum Trading Bot - INFO - Quantum prediction accuracy: 0.00
2025-04-08 12:59:19,496 - Quantum Trading Bot - INFO - Sleeping for 60 seconds
2025-04-08 13:00:16,613 - Trading System - INFO - Trading Bot is alive: True
2025-04-08 13:00:16,614 - Trading System - INFO - Monitor Bot is alive: True
2025-04-08 13:00:16,614 - Trading System - INFO - Improvement Bot is alive: True
2025-04-08 13:00:19,502 - Quantum Trading Bot - INFO - Starting trading cycle
2025-04-08 13:00:19,502 - Quantum Trading Bot - INFO - Processing AAPL
2025-04-08 13:00:19,502 - Quantum Trading Bot - INFO - Mock halal compliance check for AAPL: COMPLIANT
2025-04-08 13:00:19,528 - Quantum Trading Bot - INFO - Quantum device error rate: 0.0486
2025-04-08 13:00:19,533 - Quantum Trading Bot - INFO - Quantum prediction for AAPL: 0.7210 (confidence: 0.9514)
2025-04-08 13:00:19,533 - Quantum Trading Bot - INFO - Trading signal for AAPL: 0.7210 (source: quantum)
2025-04-08 13:00:19,533 - Quantum Trading Bot - INFO - HOLD signal for AAPL (score: 0.7210, source: quantum)
2025-04-08 13:00:19,534 - Quantum Trading Bot - INFO - Processing MSFT
2025-04-08 13:00:19,534 - Quantum Trading Bot - INFO - Mock halal compliance check for MSFT: COMPLIANT
2025-04-08 13:00:19,545 - Quantum Trading Bot - INFO - Quantum device error rate: 0.0426
2025-04-08 13:00:19,548 - Quantum Trading Bot - INFO - Quantum prediction for MSFT: 0.0680 (confidence: 0.9574)
2025-04-08 13:00:19,548 - Quantum Trading Bot - INFO - Trading signal for MSFT: 0.0680 (source: quantum)
2025-04-08 13:00:19,548 - Quantum Trading Bot - INFO - SELL signal for MSFT (score: 0.0680, source: quantum)
2025-04-08 13:00:19,549 - Quantum Trading Bot - WARNING - Cannot sell MSFT - no position
2025-04-08 13:00:19,550 - Quantum Trading Bot - INFO - Processing NVDA
2025-04-08 13:00:19,550 - Quantum Trading Bot - INFO - Mock halal compliance check for NVDA: COMPLIANT
2025-04-08 13:00:19,559 - Quantum Trading Bot - INFO - Quantum device error rate: 0.0381
2025-04-08 13:00:19,562 - Quantum Trading Bot - INFO - Quantum prediction for NVDA: 0.9160 (confidence: 0.9619)
2025-04-08 13:00:19,562 - Quantum Trading Bot - INFO - Trading signal for NVDA: 0.9160 (source: quantum)
2025-04-08 13:00:19,562 - Quantum Trading Bot - INFO - HOLD signal for NVDA (score: 0.9160, source: quantum)
2025-04-08 13:00:19,570 - Quantum Trading Bot - INFO - Performance metrics saved: 40/72 winning trades
2025-04-08 13:00:19,570 - Quantum Trading Bot - INFO - Quantum prediction accuracy: 0.00
2025-04-08 13:00:19,570 - Quantum Trading Bot - INFO - Sleeping for 60 seconds
2025-04-08 13:01:16,617 - Trading System - INFO - Trading Bot is alive: True
2025-04-08 13:01:16,618 - Trading System - INFO - Monitor Bot is alive: True
2025-04-08 13:01:16,618 - Trading System - INFO - Improvement Bot is alive: True
2025-04-08 13:01:19,580 - Quantum Trading Bot - INFO - Starting trading cycle
2025-04-08 13:01:19,581 - Quantum Trading Bot - INFO - Processing AAPL
2025-04-08 13:01:19,581 - Quantum Trading Bot - INFO - Mock halal compliance check for AAPL: COMPLIANT
2025-04-08 13:01:19,602 - Quantum Trading Bot - INFO - Quantum device error rate: 0.0291
2025-04-08 13:01:19,606 - Quantum Trading Bot - INFO - Quantum prediction for AAPL: 0.3670 (confidence: 0.9709)
2025-04-08 13:01:19,606 - Quantum Trading Bot - INFO - Trading signal for AAPL: 0.3670 (source: quantum)
2025-04-08 13:01:19,606 - Quantum Trading Bot - INFO - HOLD signal for AAPL (score: 0.3670, source: quantum)
2025-04-08 13:01:19,608 - Quantum Trading Bot - INFO - Processing MSFT
2025-04-08 13:01:19,608 - Quantum Trading Bot - INFO - Mock halal compliance check for MSFT: COMPLIANT
2025-04-08 13:01:19,619 - Quantum Trading Bot - INFO - Quantum device error rate: 0.0369
2025-04-08 13:01:19,622 - Quantum Trading Bot - INFO - Quantum prediction for MSFT: 0.3350 (confidence: 0.9631)
2025-04-08 13:01:19,622 - Quantum Trading Bot - INFO - Trading signal for MSFT: 0.3350 (source: quantum)
2025-04-08 13:01:19,622 - Quantum Trading Bot - INFO - HOLD signal for MSFT (score: 0.3350, source: quantum)
2025-04-08 13:01:19,623 - Quantum Trading Bot - INFO - Processing NVDA
2025-04-08 13:01:19,623 - Quantum Trading Bot - INFO - Mock halal compliance check for NVDA: COMPLIANT
2025-04-08 13:01:19,632 - Quantum Trading Bot - INFO - Quantum device error rate: 0.0501
2025-04-08 13:01:19,640 - Quantum Trading Bot - INFO - Quantum prediction for NVDA: 0.7244 (confidence: 0.9499)
2025-04-08 13:01:19,640 - Quantum Trading Bot - INFO - Trading signal for NVDA: 0.7244 (source: quantum)
2025-04-08 13:01:19,640 - Quantum Trading Bot - INFO - HOLD signal for NVDA (score: 0.7244, source: quantum)
2025-04-08 13:01:19,649 - Quantum Trading Bot - INFO - Performance metrics saved: 40/72 winning trades
2025-04-08 13:01:19,649 - Quantum Trading Bot - INFO - Quantum prediction accuracy: 0.00
2025-04-08 13:01:19,649 - Quantum Trading Bot - INFO - Sleeping for 60 seconds
2025-04-08 13:02:16,629 - Trading System - INFO - Trading Bot is alive: True
2025-04-08 13:02:16,632 - Trading System - INFO - Monitor Bot is alive: True
2025-04-08 13:02:16,632 - Trading System - INFO - Improvement Bot is alive: True
2025-04-08 13:02:19,659 - Quantum Trading Bot - INFO - Starting trading cycle
2025-04-08 13:02:19,660 - Quantum Trading Bot - INFO - Processing AAPL
2025-04-08 13:02:19,661 - Quantum Trading Bot - INFO - Mock halal compliance check for AAPL: COMPLIANT
2025-04-08 13:02:19,695 - Quantum Trading Bot - INFO - Quantum device error rate: 0.0432
2025-04-08 13:02:19,701 - Quantum Trading Bot - INFO - Quantum prediction for AAPL: 0.3260 (confidence: 0.9568)
2025-04-08 13:02:19,701 - Quantum Trading Bot - INFO - Trading signal for AAPL: 0.3260 (source: quantum)
2025-04-08 13:02:19,701 - Quantum Trading Bot - INFO - HOLD signal for AAPL (score: 0.3260, source: quantum)
2025-04-08 13:02:19,702 - Quantum Trading Bot - INFO - Processing MSFT
2025-04-08 13:02:19,702 - Quantum Trading Bot - INFO - Mock halal compliance check for MSFT: COMPLIANT
2025-04-08 13:02:19,712 - Quantum Trading Bot - INFO - Quantum device error rate: 0.0393
2025-04-08 13:02:19,715 - Quantum Trading Bot - INFO - Quantum prediction for MSFT: 0.2380 (confidence: 0.9607)
2025-04-08 13:02:19,715 - Quantum Trading Bot - INFO - Trading signal for MSFT: 0.2380 (source: quantum)
2025-04-08 13:02:19,715 - Quantum Trading Bot - INFO - SELL signal for MSFT (score: 0.2380, source: quantum)
2025-04-08 13:02:19,716 - Quantum Trading Bot - WARNING - Cannot sell MSFT - no position
2025-04-08 13:02:19,716 - Quantum Trading Bot - INFO - Processing NVDA
2025-04-08 13:02:19,716 - Quantum Trading Bot - INFO - Mock halal compliance check for NVDA: COMPLIANT
2025-04-08 13:02:19,724 - Quantum Trading Bot - INFO - Quantum device error rate: 0.0219
2025-04-08 13:02:19,727 - Quantum Trading Bot - INFO - Quantum prediction for NVDA: 0.1040 (confidence: 0.9781)
2025-04-08 13:02:19,727 - Quantum Trading Bot - INFO - Trading signal for NVDA: 0.1040 (source: quantum)
2025-04-08 13:02:19,727 - Quantum Trading Bot - INFO - SELL signal for NVDA (score: 0.1040, source: quantum)
2025-04-08 13:02:19,727 - Quantum Trading Bot - WARNING - Cannot sell NVDA - no position
2025-04-08 13:02:19,735 - Quantum Trading Bot - INFO - Performance metrics saved: 40/72 winning trades
2025-04-08 13:02:19,735 - Quantum Trading Bot - INFO - Quantum prediction accuracy: 0.00
2025-04-08 13:02:19,735 - Quantum Trading Bot - INFO - Sleeping for 60 seconds
2025-04-08 13:03:16,640 - Trading System - INFO - Trading Bot is alive: True
2025-04-08 13:03:16,642 - Trading System - INFO - Monitor Bot is alive: True
2025-04-08 13:03:16,642 - Trading System - INFO - Improvement Bot is alive: True
2025-04-08 13:03:19,746 - Quantum Trading Bot - INFO - Starting trading cycle
2025-04-08 13:03:19,746 - Quantum Trading Bot - INFO - Processing AAPL
2025-04-08 13:03:19,746 - Quantum Trading Bot - INFO - Mock halal compliance check for AAPL: COMPLIANT
2025-04-08 13:03:19,775 - Quantum Trading Bot - INFO - Quantum device error rate: 0.0273
2025-04-08 13:03:19,781 - Quantum Trading Bot - INFO - Quantum prediction for AAPL: 0.6230 (confidence: 0.9727)
2025-04-08 13:03:19,781 - Quantum Trading Bot - INFO - Trading signal for AAPL: 0.6230 (source: quantum)
2025-04-08 13:03:19,782 - Quantum Trading Bot - INFO - HOLD signal for AAPL (score: 0.6230, source: quantum)
2025-04-08 13:03:19,783 - Quantum Trading Bot - INFO - Processing MSFT
2025-04-08 13:03:19,783 - Quantum Trading Bot - INFO - Mock halal compliance check for MSFT: COMPLIANT
2025-04-08 13:03:19,794 - Quantum Trading Bot - INFO - Quantum device error rate: 0.0399
2025-04-08 13:03:19,796 - Quantum Trading Bot - INFO - Quantum prediction for MSFT: 0.9180 (confidence: 0.9601)
2025-04-08 13:03:19,797 - Quantum Trading Bot - INFO - Trading signal for MSFT: 0.9180 (source: quantum)
2025-04-08 13:03:19,797 - Quantum Trading Bot - INFO - HOLD signal for MSFT (score: 0.9180, source: quantum)
2025-04-08 13:03:19,797 - Quantum Trading Bot - INFO - Processing NVDA
2025-04-08 13:03:19,797 - Quantum Trading Bot - INFO - Mock halal compliance check for NVDA: COMPLIANT
2025-04-08 13:03:19,806 - Quantum Trading Bot - INFO - Quantum device error rate: 0.0339
2025-04-08 13:03:19,809 - Quantum Trading Bot - INFO - Quantum prediction for NVDA: 0.3040 (confidence: 0.9661)
2025-04-08 13:03:19,809 - Quantum Trading Bot - INFO - Trading signal for NVDA: 0.3040 (source: quantum)
2025-04-08 13:03:19,809 - Quantum Trading Bot - INFO - HOLD signal for NVDA (score: 0.3040, source: quantum)
2025-04-08 13:03:19,817 - Quantum Trading Bot - INFO - Performance metrics saved: 40/72 winning trades
2025-04-08 13:03:19,817 - Quantum Trading Bot - INFO - Quantum prediction accuracy: 0.00
2025-04-08 13:03:19,817 - Quantum Trading Bot - INFO - Sleeping for 60 seconds
2025-04-08 13:04:16,648 - Trading System - INFO - Trading Bot is alive: True
2025-04-08 13:04:16,650 - Trading System - INFO - Monitor Bot is alive: True
2025-04-08 13:04:16,650 - Trading System - INFO - Improvement Bot is alive: True
2025-04-08 13:04:19,823 - Quantum Trading Bot - INFO - Starting trading cycle
2025-04-08 13:04:19,823 - Quantum Trading Bot - INFO - Processing AAPL
2025-04-08 13:04:19,824 - Quantum Trading Bot - INFO - Mock halal compliance check for AAPL: COMPLIANT
2025-04-08 13:04:19,857 - Quantum Trading Bot - INFO - Quantum device error rate: 0.0417
2025-04-08 13:04:19,862 - Quantum Trading Bot - INFO - Quantum prediction for AAPL: 0.3430 (confidence: 0.9583)
2025-04-08 13:04:19,862 - Quantum Trading Bot - INFO - Trading signal for AAPL: 0.3430 (source: quantum)
2025-04-08 13:04:19,862 - Quantum Trading Bot - INFO - HOLD signal for AAPL (score: 0.3430, source: quantum)
2025-04-08 13:04:19,863 - Quantum Trading Bot - INFO - Processing MSFT
2025-04-08 13:04:19,863 - Quantum Trading Bot - INFO - Mock halal compliance check for MSFT: COMPLIANT
2025-04-08 13:04:19,873 - Quantum Trading Bot - INFO - Quantum device error rate: 0.0384
2025-04-08 13:04:19,876 - Quantum Trading Bot - INFO - Quantum prediction for MSFT: 0.6130 (confidence: 0.9616)
2025-04-08 13:04:19,876 - Quantum Trading Bot - INFO - Trading signal for MSFT: 0.6130 (source: quantum)
2025-04-08 13:04:19,876 - Quantum Trading Bot - INFO - HOLD signal for MSFT (score: 0.6130, source: quantum)
2025-04-08 13:04:19,877 - Quantum Trading Bot - INFO - Processing NVDA
2025-04-08 13:04:19,877 - Quantum Trading Bot - INFO - Mock halal compliance check for NVDA: COMPLIANT
2025-04-08 13:04:19,885 - Quantum Trading Bot - INFO - Quantum device error rate: 0.0279
2025-04-08 13:04:19,887 - Quantum Trading Bot - INFO - Quantum prediction for NVDA: 0.3990 (confidence: 0.9721)
2025-04-08 13:04:19,887 - Quantum Trading Bot - INFO - Trading signal for NVDA: 0.3990 (source: quantum)
2025-04-08 13:04:19,887 - Quantum Trading Bot - INFO - HOLD signal for NVDA (score: 0.3990, source: quantum)
2025-04-08 13:04:19,895 - Quantum Trading Bot - INFO - Performance metrics saved: 40/72 winning trades
2025-04-08 13:04:19,895 - Quantum Trading Bot - INFO - Quantum prediction accuracy: 0.00
2025-04-08 13:04:19,895 - Quantum Trading Bot - INFO - Sleeping for 60 seconds
2025-04-08 13:05:16,655 - Trading System - INFO - Trading Bot is alive: True
2025-04-08 13:05:16,656 - Trading System - INFO - Monitor Bot is alive: True
2025-04-08 13:05:16,656 - Trading System - INFO - Improvement Bot is alive: True
2025-04-08 13:05:19,901 - Quantum Trading Bot - INFO - Starting trading cycle
2025-04-08 13:05:19,901 - Quantum Trading Bot - INFO - Processing AAPL
2025-04-08 13:05:19,902 - Quantum Trading Bot - INFO - Mock halal compliance check for AAPL: COMPLIANT
2025-04-08 13:05:19,922 - Quantum Trading Bot - INFO - Quantum device error rate: 0.0531
2025-04-08 13:05:19,935 - Quantum Trading Bot - INFO - Quantum prediction for AAPL: 0.1068 (confidence: 0.9469)
2025-04-08 13:05:19,935 - Quantum Trading Bot - INFO - Trading signal for AAPL: 0.1068 (source: quantum)
2025-04-08 13:05:19,935 - Quantum Trading Bot - INFO - SELL signal for AAPL (score: 0.1068, source: quantum)
2025-04-08 13:05:19,936 - Quantum Trading Bot - WARNING - Cannot sell AAPL - no position
2025-04-08 13:05:19,938 - Quantum Trading Bot - INFO - Processing MSFT
2025-04-08 13:05:19,938 - Quantum Trading Bot - INFO - Mock halal compliance check for MSFT: COMPLIANT
2025-04-08 13:05:19,947 - Quantum Trading Bot - INFO - Quantum device error rate: 0.0288
2025-04-08 13:05:19,949 - Quantum Trading Bot - INFO - Quantum prediction for MSFT: 0.6320 (confidence: 0.9712)
2025-04-08 13:05:19,949 - Quantum Trading Bot - INFO - Trading signal for MSFT: 0.6320 (source: quantum)
2025-04-08 13:05:19,949 - Quantum Trading Bot - INFO - HOLD signal for MSFT (score: 0.6320, source: quantum)
2025-04-08 13:05:19,950 - Quantum Trading Bot - INFO - Processing NVDA
2025-04-08 13:05:19,950 - Quantum Trading Bot - INFO - Mock halal compliance check for NVDA: COMPLIANT
2025-04-08 13:05:19,958 - Quantum Trading Bot - INFO - Quantum device error rate: 0.0351
2025-04-08 13:05:19,960 - Quantum Trading Bot - INFO - Quantum prediction for NVDA: 0.3030 (confidence: 0.9649)
2025-04-08 13:05:19,960 - Quantum Trading Bot - INFO - Trading signal for NVDA: 0.3030 (source: quantum)
2025-04-08 13:05:19,960 - Quantum Trading Bot - INFO - HOLD signal for NVDA (score: 0.3030, source: quantum)
2025-04-08 13:05:19,968 - Quantum Trading Bot - INFO - Performance metrics saved: 40/72 winning trades
2025-04-08 13:05:19,968 - Quantum Trading Bot - INFO - Quantum prediction accuracy: 0.00
2025-04-08 13:05:19,968 - Quantum Trading Bot - INFO - Sleeping for 60 seconds
2025-04-08 13:06:16,653 - Trading System - INFO - Trading Bot is alive: True
2025-04-08 13:06:16,656 - Trading System - INFO - Monitor Bot is alive: True
2025-04-08 13:06:16,656 - Trading System - INFO - Improvement Bot is alive: True
2025-04-08 13:06:19,958 - Quantum Trading Bot - INFO - Starting trading cycle
2025-04-08 13:06:19,960 - Quantum Trading Bot - INFO - Processing AAPL
2025-04-08 13:06:19,960 - Quantum Trading Bot - INFO - Mock halal compliance check for AAPL: COMPLIANT
2025-04-08 13:06:19,991 - Quantum Trading Bot - INFO - Quantum device error rate: 0.0528
2025-04-08 13:06:20,003 - Quantum Trading Bot - INFO - Quantum prediction for AAPL: 0.3558 (confidence: 0.9472)
2025-04-08 13:06:20,003 - Quantum Trading Bot - INFO - Trading signal for AAPL: 0.3558 (source: quantum)
2025-04-08 13:06:20,003 - Quantum Trading Bot - INFO - HOLD signal for AAPL (score: 0.3558, source: quantum)
2025-04-08 13:06:20,005 - Quantum Trading Bot - INFO - Processing MSFT
2025-04-08 13:06:20,005 - Quantum Trading Bot - INFO - Mock halal compliance check for MSFT: COMPLIANT
2025-04-08 13:06:20,014 - Quantum Trading Bot - INFO - Quantum device error rate: 0.0393
2025-04-08 13:06:20,016 - Quantum Trading Bot - INFO - Quantum prediction for MSFT: 0.3980 (confidence: 0.9607)
2025-04-08 13:06:20,016 - Quantum Trading Bot - INFO - Trading signal for MSFT: 0.3980 (source: quantum)
2025-04-08 13:06:20,016 - Quantum Trading Bot - INFO - HOLD signal for MSFT (score: 0.3980, source: quantum)
2025-04-08 13:06:20,017 - Quantum Trading Bot - INFO - Processing NVDA
2025-04-08 13:06:20,017 - Quantum Trading Bot - INFO - Mock halal compliance check for NVDA: COMPLIANT
2025-04-08 13:06:20,025 - Quantum Trading Bot - INFO - Quantum device error rate: 0.0273
2025-04-08 13:06:20,027 - Quantum Trading Bot - INFO - Quantum prediction for NVDA: 0.1820 (confidence: 0.9727)
2025-04-08 13:06:20,027 - Quantum Trading Bot - INFO - Trading signal for NVDA: 0.1820 (source: quantum)
2025-04-08 13:06:20,027 - Quantum Trading Bot - INFO - SELL signal for NVDA (score: 0.1820, source: quantum)
2025-04-08 13:06:20,028 - Quantum Trading Bot - WARNING - Cannot sell NVDA - no position
2025-04-08 13:06:20,036 - Quantum Trading Bot - INFO - Performance metrics saved: 40/72 winning trades
2025-04-08 13:06:20,036 - Quantum Trading Bot - INFO - Quantum prediction accuracy: 0.00
2025-04-08 13:06:20,036 - Quantum Trading Bot - INFO - Sleeping for 60 seconds
2025-04-08 13:07:16,165 - Improvement Bot - INFO - Running scheduled task: System Health Analysis
2025-04-08 13:07:16,172 - Improvement Bot - INFO - Win rate trend: +0.00%
2025-04-08 13:07:16,173 - Improvement Bot - INFO - Profit trend: +0.00%
2025-04-08 13:07:16,174 - Improvement Bot - INFO - System health analysis completed: healthy
2025-04-08 13:07:16,174 - Improvement Bot - INFO - Task System Health Analysis completed successfully
2025-04-08 13:07:16,623 - Trading System - INFO - Trading Bot is alive: True
2025-04-08 13:07:16,623 - Trading System - INFO - Monitor Bot is alive: True
2025-04-08 13:07:16,623 - Trading System - INFO - Improvement Bot is alive: True
2025-04-08 13:07:20,010 - Quantum Trading Bot - INFO - Starting trading cycle
2025-04-08 13:07:20,010 - Quantum Trading Bot - INFO - Processing AAPL
2025-04-08 13:07:20,010 - Quantum Trading Bot - INFO - Mock halal compliance check for AAPL: COMPLIANT
2025-04-08 13:07:20,042 - Quantum Trading Bot - INFO - Quantum device error rate: 0.0600
2025-04-08 13:07:20,057 - Quantum Trading Bot - INFO - Quantum prediction for AAPL: 0.5346 (confidence: 0.7520)
2025-04-08 13:07:20,057 - Quantum Trading Bot - INFO - Trading signal for AAPL: 0.5346 (source: quantum)
2025-04-08 13:07:20,057 - Quantum Trading Bot - INFO - HOLD signal for AAPL (score: 0.5346, source: quantum)
2025-04-08 13:07:20,058 - Quantum Trading Bot - INFO - Processing MSFT
2025-04-08 13:07:20,058 - Quantum Trading Bot - INFO - Mock halal compliance check for MSFT: COMPLIANT
2025-04-08 13:07:20,068 - Quantum Trading Bot - INFO - Quantum device error rate: 0.0435
2025-04-08 13:07:20,071 - Quantum Trading Bot - INFO - Quantum prediction for MSFT: 0.3730 (confidence: 0.9565)
2025-04-08 13:07:20,071 - Quantum Trading Bot - INFO - Trading signal for MSFT: 0.3730 (source: quantum)
2025-04-08 13:07:20,071 - Quantum Trading Bot - INFO - HOLD signal for MSFT (score: 0.3730, source: quantum)
2025-04-08 13:07:20,072 - Quantum Trading Bot - INFO - Processing NVDA
2025-04-08 13:07:20,072 - Quantum Trading Bot - INFO - Mock halal compliance check for NVDA: COMPLIANT
2025-04-08 13:07:20,080 - Quantum Trading Bot - INFO - Quantum device error rate: 0.0576
2025-04-08 13:07:20,089 - Quantum Trading Bot - INFO - Quantum prediction for NVDA: 0.8738 (confidence: 0.9424)
2025-04-08 13:07:20,089 - Quantum Trading Bot - INFO - Trading signal for NVDA: 0.8738 (source: quantum)
2025-04-08 13:07:20,089 - Quantum Trading Bot - INFO - HOLD signal for NVDA (score: 0.8738, source: quantum)
2025-04-08 13:07:20,097 - Quantum Trading Bot - INFO - Performance metrics saved: 40/72 winning trades
2025-04-08 13:07:20,097 - Quantum Trading Bot - INFO - Quantum prediction accuracy: 0.00
2025-04-08 13:07:20,097 - Quantum Trading Bot - INFO - Sleeping for 60 seconds
2025-04-08 13:08:16,626 - Trading System - INFO - Trading Bot is alive: True
2025-04-08 13:08:16,629 - Trading System - INFO - Monitor Bot is alive: True
2025-04-08 13:08:16,629 - Trading System - INFO - Improvement Bot is alive: True
2025-04-08 13:08:20,098 - Quantum Trading Bot - INFO - Starting trading cycle
2025-04-08 13:08:20,099 - Quantum Trading Bot - INFO - Processing AAPL
2025-04-08 13:08:20,099 - Quantum Trading Bot - INFO - Mock halal compliance check for AAPL: COMPLIANT
2025-04-08 13:08:20,130 - Quantum Trading Bot - INFO - Quantum device error rate: 0.0429
2025-04-08 13:08:20,136 - Quantum Trading Bot - INFO - Quantum prediction for AAPL: 0.1250 (confidence: 0.9571)
2025-04-08 13:08:20,137 - Quantum Trading Bot - INFO - Trading signal for AAPL: 0.1250 (source: quantum)
2025-04-08 13:08:20,137 - Quantum Trading Bot - INFO - SELL signal for AAPL (score: 0.1250, source: quantum)
2025-04-08 13:08:20,138 - Quantum Trading Bot - WARNING - Cannot sell AAPL - no position
2025-04-08 13:08:20,140 - Quantum Trading Bot - INFO - Processing MSFT
2025-04-08 13:08:20,140 - Quantum Trading Bot - INFO - Mock halal compliance check for MSFT: COMPLIANT
2025-04-08 13:08:20,152 - Quantum Trading Bot - INFO - Quantum device error rate: 0.0354
2025-04-08 13:08:20,155 - Quantum Trading Bot - INFO - Quantum prediction for MSFT: 0.5070 (confidence: 0.7717)
2025-04-08 13:08:20,155 - Quantum Trading Bot - INFO - Trading signal for MSFT: 0.5070 (source: quantum)
2025-04-08 13:08:20,155 - Quantum Trading Bot - INFO - HOLD signal for MSFT (score: 0.5070, source: quantum)
2025-04-08 13:08:20,156 - Quantum Trading Bot - INFO - Processing NVDA
2025-04-08 13:08:20,156 - Quantum Trading Bot - INFO - Mock halal compliance check for NVDA: COMPLIANT
2025-04-08 13:08:20,165 - Quantum Trading Bot - INFO - Quantum device error rate: 0.0345
2025-04-08 13:08:20,168 - Quantum Trading Bot - INFO - Quantum prediction for NVDA: 0.6860 (confidence: 0.9655)
2025-04-08 13:08:20,168 - Quantum Trading Bot - INFO - Trading signal for NVDA: 0.6860 (source: quantum)
2025-04-08 13:08:20,168 - Quantum Trading Bot - INFO - HOLD signal for NVDA (score: 0.6860, source: quantum)
2025-04-08 13:08:20,177 - Quantum Trading Bot - INFO - Performance metrics saved: 40/72 winning trades
2025-04-08 13:08:20,177 - Quantum Trading Bot - INFO - Quantum prediction accuracy: 0.00
2025-04-08 13:08:20,177 - Quantum Trading Bot - INFO - Sleeping for 60 seconds
2025-04-08 13:09:16,631 - Trading System - INFO - Trading Bot is alive: True
2025-04-08 13:09:16,633 - Trading System - INFO - Monitor Bot is alive: True
2025-04-08 13:09:16,633 - Trading System - INFO - Improvement Bot is alive: True
2025-04-08 13:09:17,599 - Monitor Bot - INFO - Running scheduled task: Performance Metrics
2025-04-08 13:09:17,608 - Monitor Bot - INFO - === Performance Metrics ===
2025-04-08 13:09:17,608 - Monitor Bot - INFO - Date: 2025-04-08T13:08:20.169435
2025-04-08 13:09:17,608 - Monitor Bot - INFO - Total Trades: 72
2025-04-08 13:09:17,609 - Monitor Bot - INFO - Win Rate: 55.56%
2025-04-08 13:09:17,609 - Monitor Bot - INFO - Total Profit: $18.27
2025-04-08 13:09:17,609 - Monitor Bot - INFO - Average Profit per Trade: $0.25
2025-04-08 13:09:17,609 - Monitor Bot - INFO - Average Profit Percentage: 0.09%
2025-04-08 13:09:17,609 - Monitor Bot - INFO - Maximum Drawdown: 0.10%
2025-04-08 13:09:17,609 - Monitor Bot - INFO - Quantum Prediction Accuracy: 0.00%
2025-04-08 13:09:17,609 - Monitor Bot - INFO - ============================
2025-04-08 13:09:17,615 - Monitor Bot - INFO - Task Performance Metrics completed successfully
2025-04-08 13:09:20,181 - Quantum Trading Bot - INFO - Starting trading cycle
2025-04-08 13:09:20,182 - Quantum Trading Bot - INFO - Processing AAPL
2025-04-08 13:09:20,182 - Quantum Trading Bot - INFO - Mock halal compliance check for AAPL: COMPLIANT
2025-04-08 13:09:20,207 - Quantum Trading Bot - INFO - Quantum device error rate: 0.0303
2025-04-08 13:09:20,213 - Quantum Trading Bot - INFO - Quantum prediction for AAPL: 0.4400 (confidence: 0.7758)
2025-04-08 13:09:20,213 - Quantum Trading Bot - INFO - Trading signal for AAPL: 0.4400 (source: quantum)
2025-04-08 13:09:20,213 - Quantum Trading Bot - INFO - HOLD signal for AAPL (score: 0.4400, source: quantum)
2025-04-08 13:09:20,215 - Quantum Trading Bot - INFO - Processing MSFT
2025-04-08 13:09:20,215 - Quantum Trading Bot - INFO - Mock halal compliance check for MSFT: COMPLIANT
2025-04-08 13:09:20,226 - Quantum Trading Bot - INFO - Quantum device error rate: 0.0204
2025-04-08 13:09:20,229 - Quantum Trading Bot - INFO - Quantum prediction for MSFT: 0.6430 (confidence: 0.9796)
2025-04-08 13:09:20,229 - Quantum Trading Bot - INFO - Trading signal for MSFT: 0.6430 (source: quantum)
2025-04-08 13:09:20,229 - Quantum Trading Bot - INFO - HOLD signal for MSFT (score: 0.6430, source: quantum)
2025-04-08 13:09:20,230 - Quantum Trading Bot - INFO - Processing NVDA
2025-04-08 13:09:20,230 - Quantum Trading Bot - INFO - Mock halal compliance check for NVDA: COMPLIANT
2025-04-08 13:09:20,239 - Quantum Trading Bot - INFO - Quantum device error rate: 0.0240
2025-04-08 13:09:20,241 - Quantum Trading Bot - INFO - Quantum prediction for NVDA: 0.5130 (confidence: 0.7808)
2025-04-08 13:09:20,241 - Quantum Trading Bot - INFO - Trading signal for NVDA: 0.5130 (source: quantum)
2025-04-08 13:09:20,241 - Quantum Trading Bot - INFO - HOLD signal for NVDA (score: 0.5130, source: quantum)
2025-04-08 13:09:20,250 - Quantum Trading Bot - INFO - Performance metrics saved: 40/72 winning trades
2025-04-08 13:09:20,250 - Quantum Trading Bot - INFO - Quantum prediction accuracy: 0.00
2025-04-08 13:09:20,250 - Quantum Trading Bot - INFO - Sleeping for 60 seconds
2025-04-08 13:10:16,636 - Trading System - INFO - Trading Bot is alive: True
2025-04-08 13:10:16,638 - Trading System - INFO - Monitor Bot is alive: True
2025-04-08 13:10:16,638 - Trading System - INFO - Improvement Bot is alive: True
2025-04-08 13:10:20,255 - Quantum Trading Bot - INFO - Starting trading cycle
2025-04-08 13:10:20,255 - Quantum Trading Bot - INFO - Processing AAPL
2025-04-08 13:10:20,255 - Quantum Trading Bot - INFO - Mock halal compliance check for AAPL: COMPLIANT
2025-04-08 13:10:20,298 - Quantum Trading Bot - INFO - Quantum device error rate: 0.0402
2025-04-08 13:10:20,306 - Quantum Trading Bot - INFO - Quantum prediction for AAPL: 0.2080 (confidence: 0.9598)
2025-04-08 13:10:20,306 - Quantum Trading Bot - INFO - Trading signal for AAPL: 0.2080 (source: quantum)
2025-04-08 13:10:20,306 - Quantum Trading Bot - INFO - SELL signal for AAPL (score: 0.2080, source: quantum)
2025-04-08 13:10:20,307 - Quantum Trading Bot - WARNING - Cannot sell AAPL - no position
2025-04-08 13:10:20,309 - Quantum Trading Bot - INFO - Processing MSFT
2025-04-08 13:10:20,309 - Quantum Trading Bot - INFO - Mock halal compliance check for MSFT: COMPLIANT
2025-04-08 13:10:20,319 - Quantum Trading Bot - INFO - Quantum device error rate: 0.0495
2025-04-08 13:10:20,322 - Quantum Trading Bot - INFO - Quantum prediction for MSFT: 0.2900 (confidence: 0.9505)
2025-04-08 13:10:20,322 - Quantum Trading Bot - INFO - Trading signal for MSFT: 0.2900 (source: quantum)
2025-04-08 13:10:20,322 - Quantum Trading Bot - INFO - SELL signal for MSFT (score: 0.2900, source: quantum)
2025-04-08 13:10:20,323 - Quantum Trading Bot - WARNING - Cannot sell MSFT - no position
2025-04-08 13:10:20,324 - Quantum Trading Bot - INFO - Processing NVDA
2025-04-08 13:10:20,324 - Quantum Trading Bot - INFO - Mock halal compliance check for NVDA: COMPLIANT
2025-04-08 13:10:20,332 - Quantum Trading Bot - INFO - Quantum device error rate: 0.0432
2025-04-08 13:10:20,334 - Quantum Trading Bot - INFO - Quantum prediction for NVDA: 0.9410 (confidence: 0.9568)
2025-04-08 13:10:20,334 - Quantum Trading Bot - INFO - Trading signal for NVDA: 0.9410 (source: quantum)
2025-04-08 13:10:20,334 - Quantum Trading Bot - INFO - HOLD signal for NVDA (score: 0.9410, source: quantum)
2025-04-08 13:10:20,343 - Quantum Trading Bot - INFO - Performance metrics saved: 40/72 winning trades
2025-04-08 13:10:20,343 - Quantum Trading Bot - INFO - Quantum prediction accuracy: 0.00
2025-04-08 13:10:20,343 - Quantum Trading Bot - INFO - Sleeping for 60 seconds
2025-04-08 13:11:16,641 - Trading System - INFO - Trading Bot is alive: True
2025-04-08 13:11:16,643 - Trading System - INFO - Monitor Bot is alive: True
2025-04-08 13:11:16,643 - Trading System - INFO - Improvement Bot is alive: True
2025-04-08 13:11:20,347 - Quantum Trading Bot - INFO - Starting trading cycle
2025-04-08 13:11:20,348 - Quantum Trading Bot - INFO - Processing AAPL
2025-04-08 13:11:20,348 - Quantum Trading Bot - INFO - Mock halal compliance check for AAPL: COMPLIANT
2025-04-08 13:11:20,374 - Quantum Trading Bot - INFO - Quantum device error rate: 0.0564
2025-04-08 13:11:20,388 - Quantum Trading Bot - INFO - Quantum prediction for AAPL: 0.2433 (confidence: 0.9436)
2025-04-08 13:11:20,388 - Quantum Trading Bot - INFO - Trading signal for AAPL: 0.2433 (source: quantum)
2025-04-08 13:11:20,388 - Quantum Trading Bot - INFO - SELL signal for AAPL (score: 0.2433, source: quantum)
2025-04-08 13:11:20,389 - Quantum Trading Bot - WARNING - Cannot sell AAPL - no position
2025-04-08 13:11:20,390 - Quantum Trading Bot - INFO - Processing MSFT
2025-04-08 13:11:20,390 - Quantum Trading Bot - INFO - Mock halal compliance check for MSFT: COMPLIANT
2025-04-08 13:11:20,400 - Quantum Trading Bot - INFO - Quantum device error rate: 0.0378
2025-04-08 13:11:20,402 - Quantum Trading Bot - INFO - Quantum prediction for MSFT: 0.8300 (confidence: 0.9622)
2025-04-08 13:11:20,402 - Quantum Trading Bot - INFO - Trading signal for MSFT: 0.8300 (source: quantum)
2025-04-08 13:11:20,402 - Quantum Trading Bot - INFO - HOLD signal for MSFT (score: 0.8300, source: quantum)
2025-04-08 13:11:20,403 - Quantum Trading Bot - INFO - Processing NVDA
2025-04-08 13:11:20,403 - Quantum Trading Bot - INFO - Mock halal compliance check for NVDA: COMPLIANT
2025-04-08 13:11:20,411 - Quantum Trading Bot - INFO - Quantum device error rate: 0.0507
2025-04-08 13:11:20,419 - Quantum Trading Bot - INFO - Quantum prediction for NVDA: 0.5666 (confidence: 0.7594)
2025-04-08 13:11:20,419 - Quantum Trading Bot - INFO - Trading signal for NVDA: 0.5666 (source: quantum)
2025-04-08 13:11:20,419 - Quantum Trading Bot - INFO - HOLD signal for NVDA (score: 0.5666, source: quantum)
2025-04-08 13:11:20,427 - Quantum Trading Bot - INFO - Performance metrics saved: 40/72 winning trades
2025-04-08 13:11:20,427 - Quantum Trading Bot - INFO - Quantum prediction accuracy: 0.00
2025-04-08 13:11:20,428 - Quantum Trading Bot - INFO - Sleeping for 60 seconds
2025-04-08 13:12:16,644 - Trading System - INFO - Trading Bot is alive: True
2025-04-08 13:12:16,645 - Trading System - INFO - Monitor Bot is alive: True
2025-04-08 13:12:16,645 - Trading System - INFO - Improvement Bot is alive: True
2025-04-08 13:12:20,431 - Quantum Trading Bot - INFO - Starting trading cycle
2025-04-08 13:12:20,431 - Quantum Trading Bot - INFO - Processing AAPL
2025-04-08 13:12:20,431 - Quantum Trading Bot - INFO - Mock halal compliance check for AAPL: COMPLIANT
2025-04-08 13:12:20,456 - Quantum Trading Bot - INFO - Quantum device error rate: 0.0381
2025-04-08 13:12:20,462 - Quantum Trading Bot - INFO - Quantum prediction for AAPL: 0.2710 (confidence: 0.9619)
2025-04-08 13:12:20,462 - Quantum Trading Bot - INFO - Trading signal for AAPL: 0.2710 (source: quantum)
2025-04-08 13:12:20,462 - Quantum Trading Bot - INFO - SELL signal for AAPL (score: 0.2710, source: quantum)
2025-04-08 13:12:20,463 - Quantum Trading Bot - WARNING - Cannot sell AAPL - no position
2025-04-08 13:12:20,465 - Quantum Trading Bot - INFO - Processing MSFT
2025-04-08 13:12:20,465 - Quantum Trading Bot - INFO - Mock halal compliance check for MSFT: COMPLIANT
2025-04-08 13:12:20,476 - Quantum Trading Bot - INFO - Quantum device error rate: 0.0438
2025-04-08 13:12:20,478 - Quantum Trading Bot - INFO - Quantum prediction for MSFT: 0.2780 (confidence: 0.9562)
2025-04-08 13:12:20,479 - Quantum Trading Bot - INFO - Trading signal for MSFT: 0.2780 (source: quantum)
2025-04-08 13:12:20,479 - Quantum Trading Bot - INFO - SELL signal for MSFT (score: 0.2780, source: quantum)
2025-04-08 13:12:20,479 - Quantum Trading Bot - WARNING - Cannot sell MSFT - no position
2025-04-08 13:12:20,480 - Quantum Trading Bot - INFO - Processing NVDA
2025-04-08 13:12:20,480 - Quantum Trading Bot - INFO - Mock halal compliance check for NVDA: COMPLIANT
2025-04-08 13:12:20,489 - Quantum Trading Bot - INFO - Quantum device error rate: 0.0402
2025-04-08 13:12:20,491 - Quantum Trading Bot - INFO - Quantum prediction for NVDA: 0.0640 (confidence: 0.9598)
2025-04-08 13:12:20,491 - Quantum Trading Bot - INFO - Trading signal for NVDA: 0.0640 (source: quantum)
2025-04-08 13:12:20,491 - Quantum Trading Bot - INFO - SELL signal for NVDA (score: 0.0640, source: quantum)
2025-04-08 13:12:20,492 - Quantum Trading Bot - WARNING - Cannot sell NVDA - no position
2025-04-08 13:12:20,500 - Quantum Trading Bot - INFO - Performance metrics saved: 40/72 winning trades
2025-04-08 13:12:20,500 - Quantum Trading Bot - INFO - Quantum prediction accuracy: 0.00
2025-04-08 13:12:20,501 - Quantum Trading Bot - INFO - Sleeping for 60 seconds
2025-04-08 13:13:16,650 - Trading System - INFO - Trading Bot is alive: True
2025-04-08 13:13:16,653 - Trading System - INFO - Monitor Bot is alive: True
2025-04-08 13:13:16,653 - Trading System - INFO - Improvement Bot is alive: True
2025-04-08 13:13:20,505 - Quantum Trading Bot - INFO - Starting trading cycle
2025-04-08 13:13:20,506 - Quantum Trading Bot - INFO - Processing AAPL
2025-04-08 13:13:20,506 - Quantum Trading Bot - INFO - Mock halal compliance check for AAPL: COMPLIANT
2025-04-08 13:13:20,539 - Quantum Trading Bot - INFO - Quantum device error rate: 0.0390
2025-04-08 13:13:20,544 - Quantum Trading Bot - INFO - Quantum prediction for AAPL: 0.4890 (confidence: 0.7688)
2025-04-08 13:13:20,544 - Quantum Trading Bot - INFO - Trading signal for AAPL: 0.4890 (source: quantum)
2025-04-08 13:13:20,544 - Quantum Trading Bot - INFO - HOLD signal for AAPL (score: 0.4890, source: quantum)
2025-04-08 13:13:20,545 - Quantum Trading Bot - INFO - Processing MSFT
2025-04-08 13:13:20,545 - Quantum Trading Bot - INFO - Mock halal compliance check for MSFT: COMPLIANT
2025-04-08 13:13:20,555 - Quantum Trading Bot - INFO - Quantum device error rate: 0.0495
2025-04-08 13:13:20,557 - Quantum Trading Bot - INFO - Quantum prediction for MSFT: 0.5960 (confidence: 0.7604)
2025-04-08 13:13:20,557 - Quantum Trading Bot - INFO - Trading signal for MSFT: 0.5960 (source: quantum)
2025-04-08 13:13:20,557 - Quantum Trading Bot - INFO - HOLD signal for MSFT (score: 0.5960, source: quantum)
2025-04-08 13:13:20,558 - Quantum Trading Bot - INFO - Processing NVDA
2025-04-08 13:13:20,558 - Quantum Trading Bot - INFO - Mock halal compliance check for NVDA: COMPLIANT
2025-04-08 13:13:20,567 - Quantum Trading Bot - INFO - Quantum device error rate: 0.0327
2025-04-08 13:13:20,569 - Quantum Trading Bot - INFO - Quantum prediction for NVDA: 0.4570 (confidence: 0.7738)
2025-04-08 13:13:20,569 - Quantum Trading Bot - INFO - Trading signal for NVDA: 0.4570 (source: quantum)
2025-04-08 13:13:20,569 - Quantum Trading Bot - INFO - HOLD signal for NVDA (score: 0.4570, source: quantum)
2025-04-08 13:13:20,577 - Quantum Trading Bot - INFO - Performance metrics saved: 40/72 winning trades
2025-04-08 13:13:20,577 - Quantum Trading Bot - INFO - Quantum prediction accuracy: 0.00
2025-04-08 13:13:20,577 - Quantum Trading Bot - INFO - Sleeping for 60 seconds
2025-04-08 13:14:16,656 - Trading System - INFO - Trading Bot is alive: True
2025-04-08 13:14:16,658 - Trading System - INFO - Monitor Bot is alive: True
2025-04-08 13:14:16,659 - Trading System - INFO - Improvement Bot is alive: True
2025-04-08 13:14:20,582 - Quantum Trading Bot - INFO - Starting trading cycle
2025-04-08 13:14:20,583 - Quantum Trading Bot - INFO - Processing AAPL
2025-04-08 13:14:20,583 - Quantum Trading Bot - INFO - Mock halal compliance check for AAPL: COMPLIANT
2025-04-08 13:14:20,612 - Quantum Trading Bot - INFO - Quantum device error rate: 0.0378
2025-04-08 13:14:20,619 - Quantum Trading Bot - INFO - Quantum prediction for AAPL: 0.5660 (confidence: 0.7698)
2025-04-08 13:14:20,619 - Quantum Trading Bot - INFO - Trading signal for AAPL: 0.5660 (source: quantum)
2025-04-08 13:14:20,619 - Quantum Trading Bot - INFO - HOLD signal for AAPL (score: 0.5660, source: quantum)
2025-04-08 13:14:20,620 - Quantum Trading Bot - INFO - Processing MSFT
2025-04-08 13:14:20,620 - Quantum Trading Bot - INFO - Mock halal compliance check for MSFT: COMPLIANT
2025-04-08 13:14:20,632 - Quantum Trading Bot - INFO - Quantum device error rate: 0.0348
2025-04-08 13:14:20,635 - Quantum Trading Bot - INFO - Quantum prediction for MSFT: 0.8030 (confidence: 0.9652)
2025-04-08 13:14:20,635 - Quantum Trading Bot - INFO - Trading signal for MSFT: 0.8030 (source: quantum)
2025-04-08 13:14:20,635 - Quantum Trading Bot - INFO - HOLD signal for MSFT (score: 0.8030, source: quantum)
2025-04-08 13:14:20,636 - Quantum Trading Bot - INFO - Processing NVDA
2025-04-08 13:14:20,636 - Quantum Trading Bot - INFO - Mock halal compliance check for NVDA: COMPLIANT
2025-04-08 13:14:20,646 - Quantum Trading Bot - INFO - Quantum device error rate: 0.0390
2025-04-08 13:14:20,648 - Quantum Trading Bot - INFO - Quantum prediction for NVDA: 0.5440 (confidence: 0.7688)
2025-04-08 13:14:20,648 - Quantum Trading Bot - INFO - Trading signal for NVDA: 0.5440 (source: quantum)
2025-04-08 13:14:20,648 - Quantum Trading Bot - INFO - HOLD signal for NVDA (score: 0.5440, source: quantum)
2025-04-08 13:14:20,657 - Quantum Trading Bot - INFO - Performance metrics saved: 40/72 winning trades
2025-04-08 13:14:20,657 - Quantum Trading Bot - INFO - Quantum prediction accuracy: 0.00
2025-04-08 13:14:20,657 - Quantum Trading Bot - INFO - Sleeping for 60 seconds
2025-04-08 13:15:16,663 - Trading System - INFO - Trading Bot is alive: True
2025-04-08 13:15:16,666 - Trading System - INFO - Monitor Bot is alive: True
2025-04-08 13:15:16,666 - Trading System - INFO - Improvement Bot is alive: True
2025-04-08 13:15:20,662 - Quantum Trading Bot - INFO - Starting trading cycle
2025-04-08 13:15:20,663 - Quantum Trading Bot - INFO - Processing AAPL
2025-04-08 13:15:20,663 - Quantum Trading Bot - INFO - Mock halal compliance check for AAPL: COMPLIANT
2025-04-08 13:15:20,694 - Quantum Trading Bot - INFO - Quantum device error rate: 0.0333
2025-04-08 13:15:20,700 - Quantum Trading Bot - INFO - Quantum prediction for AAPL: 0.3280 (confidence: 0.9667)
2025-04-08 13:15:20,700 - Quantum Trading Bot - INFO - Trading signal for AAPL: 0.3280 (source: quantum)
2025-04-08 13:15:20,700 - Quantum Trading Bot - INFO - HOLD signal for AAPL (score: 0.3280, source: quantum)
2025-04-08 13:15:20,701 - Quantum Trading Bot - INFO - Processing MSFT
2025-04-08 13:15:20,701 - Quantum Trading Bot - INFO - Mock halal compliance check for MSFT: COMPLIANT
2025-04-08 13:15:20,711 - Quantum Trading Bot - INFO - Quantum device error rate: 0.0378
2025-04-08 13:15:20,714 - Quantum Trading Bot - INFO - Quantum prediction for MSFT: 0.1890 (confidence: 0.9622)
2025-04-08 13:15:20,714 - Quantum Trading Bot - INFO - Trading signal for MSFT: 0.1890 (source: quantum)
2025-04-08 13:15:20,714 - Quantum Trading Bot - INFO - SELL signal for MSFT (score: 0.1890, source: quantum)
2025-04-08 13:15:20,715 - Quantum Trading Bot - WARNING - Cannot sell MSFT - no position
2025-04-08 13:15:20,716 - Quantum Trading Bot - INFO - Processing NVDA
2025-04-08 13:15:20,716 - Quantum Trading Bot - INFO - Mock halal compliance check for NVDA: COMPLIANT
2025-04-08 13:15:20,724 - Quantum Trading Bot - INFO - Quantum device error rate: 0.0381
2025-04-08 13:15:20,726 - Quantum Trading Bot - INFO - Quantum prediction for NVDA: 0.4160 (confidence: 0.7695)
2025-04-08 13:15:20,726 - Quantum Trading Bot - INFO - Trading signal for NVDA: 0.4160 (source: quantum)
2025-04-08 13:15:20,726 - Quantum Trading Bot - INFO - HOLD signal for NVDA (score: 0.4160, source: quantum)
2025-04-08 13:15:20,735 - Quantum Trading Bot - INFO - Performance metrics saved: 40/72 winning trades
2025-04-08 13:15:20,735 - Quantum Trading Bot - INFO - Quantum prediction accuracy: 0.00
2025-04-08 13:15:20,735 - Quantum Trading Bot - INFO - Sleeping for 60 seconds
2025-04-08 13:16:16,671 - Trading System - INFO - Trading Bot is alive: True
2025-04-08 13:16:16,672 - Trading System - INFO - Monitor Bot is alive: True
2025-04-08 13:16:16,673 - Trading System - INFO - Improvement Bot is alive: True
2025-04-08 13:16:20,740 - Quantum Trading Bot - INFO - Starting trading cycle
2025-04-08 13:16:20,741 - Quantum Trading Bot - INFO - Processing AAPL
2025-04-08 13:16:20,741 - Quantum Trading Bot - INFO - Mock halal compliance check for AAPL: COMPLIANT
2025-04-08 13:16:20,771 - Quantum Trading Bot - INFO - Quantum device error rate: 0.0375
2025-04-08 13:16:20,776 - Quantum Trading Bot - INFO - Quantum prediction for AAPL: 0.1150 (confidence: 0.9625)
2025-04-08 13:16:20,776 - Quantum Trading Bot - INFO - Trading signal for AAPL: 0.1150 (source: quantum)
2025-04-08 13:16:20,776 - Quantum Trading Bot - INFO - SELL signal for AAPL (score: 0.1150, source: quantum)
2025-04-08 13:16:20,778 - Quantum Trading Bot - WARNING - Cannot sell AAPL - no position
2025-04-08 13:16:20,780 - Quantum Trading Bot - INFO - Processing MSFT
2025-04-08 13:16:20,780 - Quantum Trading Bot - INFO - Mock halal compliance check for MSFT: COMPLIANT
2025-04-08 13:16:20,791 - Quantum Trading Bot - INFO - Quantum device error rate: 0.0429
2025-04-08 13:16:20,794 - Quantum Trading Bot - INFO - Quantum prediction for MSFT: 0.2400 (confidence: 0.9571)
2025-04-08 13:16:20,794 - Quantum Trading Bot - INFO - Trading signal for MSFT: 0.2400 (source: quantum)
2025-04-08 13:16:20,794 - Quantum Trading Bot - INFO - SELL signal for MSFT (score: 0.2400, source: quantum)
2025-04-08 13:16:20,795 - Quantum Trading Bot - WARNING - Cannot sell MSFT - no position
2025-04-08 13:16:20,796 - Quantum Trading Bot - INFO - Processing NVDA
2025-04-08 13:16:20,796 - Quantum Trading Bot - INFO - Mock halal compliance check for NVDA: COMPLIANT
2025-04-08 13:16:20,805 - Quantum Trading Bot - INFO - Quantum device error rate: 0.0456
2025-04-08 13:16:20,807 - Quantum Trading Bot - INFO - Quantum prediction for NVDA: 0.3460 (confidence: 0.9544)
2025-04-08 13:16:20,807 - Quantum Trading Bot - INFO - Trading signal for NVDA: 0.3460 (source: quantum)
2025-04-08 13:16:20,807 - Quantum Trading Bot - INFO - HOLD signal for NVDA (score: 0.3460, source: quantum)
2025-04-08 13:16:20,816 - Quantum Trading Bot - INFO - Performance metrics saved: 40/72 winning trades
2025-04-08 13:16:20,816 - Quantum Trading Bot - INFO - Quantum prediction accuracy: 0.00
2025-04-08 13:16:20,816 - Quantum Trading Bot - INFO - Sleeping for 60 seconds
2025-04-08 13:17:16,678 - Trading System - INFO - Trading Bot is alive: True
2025-04-08 13:17:16,681 - Trading System - INFO - Monitor Bot is alive: True
2025-04-08 13:17:16,681 - Trading System - INFO - Improvement Bot is alive: True
2025-04-08 13:17:20,818 - Quantum Trading Bot - INFO - Starting trading cycle
2025-04-08 13:17:20,818 - Quantum Trading Bot - INFO - Processing AAPL
2025-04-08 13:17:20,818 - Quantum Trading Bot - INFO - Mock halal compliance check for AAPL: COMPLIANT
2025-04-08 13:17:20,847 - Quantum Trading Bot - INFO - Quantum device error rate: 0.0291
2025-04-08 13:17:20,852 - Quantum Trading Bot - INFO - Quantum prediction for AAPL: 0.6470 (confidence: 0.9709)
2025-04-08 13:17:20,852 - Quantum Trading Bot - INFO - Trading signal for AAPL: 0.6470 (source: quantum)
2025-04-08 13:17:20,852 - Quantum Trading Bot - INFO - HOLD signal for AAPL (score: 0.6470, source: quantum)
2025-04-08 13:17:20,854 - Quantum Trading Bot - INFO - Processing MSFT
2025-04-08 13:17:20,854 - Quantum Trading Bot - INFO - Mock halal compliance check for MSFT: COMPLIANT
2025-04-08 13:17:20,864 - Quantum Trading Bot - INFO - Quantum device error rate: 0.0456
2025-04-08 13:17:20,868 - Quantum Trading Bot - INFO - Quantum prediction for MSFT: 0.5660 (confidence: 0.7635)
2025-04-08 13:17:20,868 - Quantum Trading Bot - INFO - Trading signal for MSFT: 0.5660 (source: quantum)
2025-04-08 13:17:20,868 - Quantum Trading Bot - INFO - HOLD signal for MSFT (score: 0.5660, source: quantum)
2025-04-08 13:17:20,869 - Quantum Trading Bot - INFO - Processing NVDA
2025-04-08 13:17:20,869 - Quantum Trading Bot - INFO - Mock halal compliance check for NVDA: COMPLIANT
2025-04-08 13:17:20,879 - Quantum Trading Bot - INFO - Quantum device error rate: 0.0300
2025-04-08 13:17:20,882 - Quantum Trading Bot - INFO - Quantum prediction for NVDA: 0.3360 (confidence: 0.9700)
2025-04-08 13:17:20,882 - Quantum Trading Bot - INFO - Trading signal for NVDA: 0.3360 (source: quantum)
2025-04-08 13:17:20,882 - Quantum Trading Bot - INFO - HOLD signal for NVDA (score: 0.3360, source: quantum)
2025-04-08 13:17:20,891 - Quantum Trading Bot - INFO - Performance metrics saved: 40/72 winning trades
2025-04-08 13:17:20,891 - Quantum Trading Bot - INFO - Quantum prediction accuracy: 0.00
2025-04-08 13:17:20,891 - Quantum Trading Bot - INFO - Sleeping for 60 seconds
2025-04-08 13:18:16,683 - Trading System - INFO - Trading Bot is alive: True
2025-04-08 13:18:16,684 - Trading System - INFO - Monitor Bot is alive: True
2025-04-08 13:18:16,684 - Trading System - INFO - Improvement Bot is alive: True
2025-04-08 13:18:20,896 - Quantum Trading Bot - INFO - Starting trading cycle
2025-04-08 13:18:20,896 - Quantum Trading Bot - INFO - Processing AAPL
2025-04-08 13:18:20,896 - Quantum Trading Bot - INFO - Mock halal compliance check for AAPL: COMPLIANT
2025-04-08 13:18:20,916 - Quantum Trading Bot - INFO - Quantum device error rate: 0.0336
2025-04-08 13:18:20,921 - Quantum Trading Bot - INFO - Quantum prediction for AAPL: 0.3020 (confidence: 0.9664)
2025-04-08 13:18:20,921 - Quantum Trading Bot - INFO - Trading signal for AAPL: 0.3020 (source: quantum)
2025-04-08 13:18:20,921 - Quantum Trading Bot - INFO - HOLD signal for AAPL (score: 0.3020, source: quantum)
2025-04-08 13:18:20,923 - Quantum Trading Bot - INFO - Processing MSFT
2025-04-08 13:18:20,923 - Quantum Trading Bot - INFO - Mock halal compliance check for MSFT: COMPLIANT
2025-04-08 13:18:20,933 - Quantum Trading Bot - INFO - Quantum device error rate: 0.0426
2025-04-08 13:18:20,936 - Quantum Trading Bot - INFO - Quantum prediction for MSFT: 0.3730 (confidence: 0.9574)
2025-04-08 13:18:20,936 - Quantum Trading Bot - INFO - Trading signal for MSFT: 0.3730 (source: quantum)
2025-04-08 13:18:20,936 - Quantum Trading Bot - INFO - HOLD signal for MSFT (score: 0.3730, source: quantum)
2025-04-08 13:18:20,937 - Quantum Trading Bot - INFO - Processing NVDA
2025-04-08 13:18:20,937 - Quantum Trading Bot - INFO - Mock halal compliance check for NVDA: COMPLIANT
2025-04-08 13:18:20,945 - Quantum Trading Bot - INFO - Quantum device error rate: 0.0363
2025-04-08 13:18:20,948 - Quantum Trading Bot - INFO - Quantum prediction for NVDA: 0.7930 (confidence: 0.9637)
2025-04-08 13:18:20,948 - Quantum Trading Bot - INFO - Trading signal for NVDA: 0.7930 (source: quantum)
2025-04-08 13:18:20,948 - Quantum Trading Bot - INFO - HOLD signal for NVDA (score: 0.7930, source: quantum)
2025-04-08 13:18:20,956 - Quantum Trading Bot - INFO - Performance metrics saved: 40/72 winning trades
2025-04-08 13:18:20,956 - Quantum Trading Bot - INFO - Quantum prediction accuracy: 0.00
2025-04-08 13:18:20,968 - Quantum Trading Bot - INFO - Quantum device error rate: 0.0486
2025-04-08 13:18:20,969 - Quantum Trading Bot - INFO - Quantum portfolio optimization complete: {'AAPL': np.float64(0.32891246684350134), 'MSFT': np.float64(0.3302387267904509), 'NVDA': np.float64(0.34084880636604775)}
2025-04-08 13:18:20,969 - Quantum Trading Bot - INFO - Optimal portfolio weights: {'AAPL': np.float64(0.32891246684350134), 'MSFT': np.float64(0.3302387267904509), 'NVDA': np.float64(0.34084880636604775)}
2025-04-08 13:18:20,970 - Quantum Trading Bot - INFO - Sleeping for 60 seconds
2025-04-08 13:19:16,689 - Trading System - INFO - Trading Bot is alive: True
2025-04-08 13:19:16,692 - Trading System - INFO - Monitor Bot is alive: True
2025-04-08 13:19:16,692 - Trading System - INFO - Improvement Bot is alive: True
2025-04-08 13:19:20,974 - Quantum Trading Bot - INFO - Starting trading cycle
2025-04-08 13:19:20,975 - Quantum Trading Bot - INFO - Processing AAPL
2025-04-08 13:19:20,975 - Quantum Trading Bot - INFO - Mock halal compliance check for AAPL: COMPLIANT
2025-04-08 13:19:21,010 - Quantum Trading Bot - INFO - Quantum device error rate: 0.0417
2025-04-08 13:19:21,015 - Quantum Trading Bot - INFO - Quantum prediction for AAPL: 0.1920 (confidence: 0.9583)
2025-04-08 13:19:21,015 - Quantum Trading Bot - INFO - Trading signal for AAPL: 0.1920 (source: quantum)
2025-04-08 13:19:21,015 - Quantum Trading Bot - INFO - SELL signal for AAPL (score: 0.1920, source: quantum)
2025-04-08 13:19:21,017 - Quantum Trading Bot - WARNING - Cannot sell AAPL - no position
2025-04-08 13:19:21,018 - Quantum Trading Bot - INFO - Processing MSFT
2025-04-08 13:19:21,018 - Quantum Trading Bot - INFO - Mock halal compliance check for MSFT: COMPLIANT
2025-04-08 13:19:21,028 - Quantum Trading Bot - INFO - Quantum device error rate: 0.0465
2025-04-08 13:19:21,031 - Quantum Trading Bot - INFO - Quantum prediction for MSFT: 0.9290 (confidence: 0.9535)
2025-04-08 13:19:21,031 - Quantum Trading Bot - INFO - Trading signal for MSFT: 0.9290 (source: quantum)
2025-04-08 13:19:21,031 - Quantum Trading Bot - INFO - HOLD signal for MSFT (score: 0.9290, source: quantum)
2025-04-08 13:19:21,032 - Quantum Trading Bot - INFO - Processing NVDA
2025-04-08 13:19:21,032 - Quantum Trading Bot - INFO - Mock halal compliance check for NVDA: COMPLIANT
2025-04-08 13:19:21,040 - Quantum Trading Bot - INFO - Quantum device error rate: 0.0447
2025-04-08 13:19:21,043 - Quantum Trading Bot - INFO - Quantum prediction for NVDA: 0.9230 (confidence: 0.9553)
2025-04-08 13:19:21,043 - Quantum Trading Bot - INFO - Trading signal for NVDA: 0.9230 (source: quantum)
2025-04-08 13:19:21,043 - Quantum Trading Bot - INFO - HOLD signal for NVDA (score: 0.9230, source: quantum)
2025-04-08 13:19:21,051 - Quantum Trading Bot - INFO - Performance metrics saved: 40/72 winning trades
2025-04-08 13:19:21,051 - Quantum Trading Bot - INFO - Quantum prediction accuracy: 0.00
2025-04-08 13:19:21,051 - Quantum Trading Bot - INFO - Sleeping for 60 seconds
2025-04-08 13:20:16,697 - Trading System - INFO - Trading Bot is alive: True
2025-04-08 13:20:16,698 - Trading System - INFO - Monitor Bot is alive: True
2025-04-08 13:20:16,698 - Trading System - INFO - Improvement Bot is alive: True
2025-04-08 13:20:21,056 - Quantum Trading Bot - INFO - Starting trading cycle
2025-04-08 13:20:21,056 - Quantum Trading Bot - INFO - Processing AAPL
2025-04-08 13:20:21,057 - Quantum Trading Bot - INFO - Mock halal compliance check for AAPL: COMPLIANT
2025-04-08 13:20:21,082 - Quantum Trading Bot - INFO - Quantum device error rate: 0.0252
2025-04-08 13:20:21,090 - Quantum Trading Bot - INFO - Quantum prediction for AAPL: 0.8840 (confidence: 0.9748)
2025-04-08 13:20:21,090 - Quantum Trading Bot - INFO - Trading signal for AAPL: 0.8840 (source: quantum)
2025-04-08 13:20:21,090 - Quantum Trading Bot - INFO - HOLD signal for AAPL (score: 0.8840, source: quantum)
2025-04-08 13:20:21,091 - Quantum Trading Bot - INFO - Processing MSFT
2025-04-08 13:20:21,091 - Quantum Trading Bot - INFO - Mock halal compliance check for MSFT: COMPLIANT
2025-04-08 13:20:21,103 - Quantum Trading Bot - INFO - Quantum device error rate: 0.0243
2025-04-08 13:20:21,106 - Quantum Trading Bot - INFO - Quantum prediction for MSFT: 0.6000 (confidence: 0.7806)
2025-04-08 13:20:21,106 - Quantum Trading Bot - INFO - Trading signal for MSFT: 0.6000 (source: quantum)
2025-04-08 13:20:21,106 - Quantum Trading Bot - INFO - HOLD signal for MSFT (score: 0.6000, source: quantum)
2025-04-08 13:20:21,107 - Quantum Trading Bot - INFO - Processing NVDA
2025-04-08 13:20:21,107 - Quantum Trading Bot - INFO - Mock halal compliance check for NVDA: COMPLIANT
2025-04-08 13:20:21,116 - Quantum Trading Bot - INFO - Quantum device error rate: 0.0327
2025-04-08 13:20:21,118 - Quantum Trading Bot - INFO - Quantum prediction for NVDA: 0.9150 (confidence: 0.9673)
2025-04-08 13:20:21,118 - Quantum Trading Bot - INFO - Trading signal for NVDA: 0.9150 (source: quantum)
2025-04-08 13:20:21,118 - Quantum Trading Bot - INFO - HOLD signal for NVDA (score: 0.9150, source: quantum)
2025-04-08 13:20:21,127 - Quantum Trading Bot - INFO - Performance metrics saved: 40/72 winning trades
2025-04-08 13:20:21,127 - Quantum Trading Bot - INFO - Quantum prediction accuracy: 0.00
2025-04-08 13:20:21,127 - Quantum Trading Bot - INFO - Sleeping for 60 seconds
2025-04-08 13:21:16,702 - Trading System - INFO - Trading Bot is alive: True
2025-04-08 13:21:16,703 - Trading System - INFO - Monitor Bot is alive: True
2025-04-08 13:21:16,703 - Trading System - INFO - Improvement Bot is alive: True
2025-04-08 13:21:21,131 - Quantum Trading Bot - INFO - Starting trading cycle
2025-04-08 13:21:21,132 - Quantum Trading Bot - INFO - Processing AAPL
2025-04-08 13:21:21,132 - Quantum Trading Bot - INFO - Mock halal compliance check for AAPL: COMPLIANT
2025-04-08 13:21:21,155 - Quantum Trading Bot - INFO - Quantum device error rate: 0.0603
2025-04-08 13:21:21,168 - Quantum Trading Bot - INFO - Quantum prediction for AAPL: 0.6932 (confidence: 0.9397)
2025-04-08 13:21:21,168 - Quantum Trading Bot - INFO - Trading signal for AAPL: 0.6932 (source: quantum)
2025-04-08 13:21:21,168 - Quantum Trading Bot - INFO - HOLD signal for AAPL (score: 0.6932, source: quantum)
2025-04-08 13:21:21,170 - Quantum Trading Bot - INFO - Processing MSFT
2025-04-08 13:21:21,170 - Quantum Trading Bot - INFO - Mock halal compliance check for MSFT: COMPLIANT
2025-04-08 13:21:21,179 - Quantum Trading Bot - INFO - Quantum device error rate: 0.0360
2025-04-08 13:21:21,182 - Quantum Trading Bot - INFO - Quantum prediction for MSFT: 0.3120 (confidence: 0.9640)
2025-04-08 13:21:21,182 - Quantum Trading Bot - INFO - Trading signal for MSFT: 0.3120 (source: quantum)
2025-04-08 13:21:21,182 - Quantum Trading Bot - INFO - HOLD signal for MSFT (score: 0.3120, source: quantum)
2025-04-08 13:21:21,183 - Quantum Trading Bot - INFO - Processing NVDA
2025-04-08 13:21:21,183 - Quantum Trading Bot - INFO - Mock halal compliance check for NVDA: COMPLIANT
2025-04-08 13:21:21,191 - Quantum Trading Bot - INFO - Quantum device error rate: 0.0249
2025-04-08 13:21:21,193 - Quantum Trading Bot - INFO - Quantum prediction for NVDA: 0.5120 (confidence: 0.7801)
2025-04-08 13:21:21,193 - Quantum Trading Bot - INFO - Trading signal for NVDA: 0.5120 (source: quantum)
2025-04-08 13:21:21,193 - Quantum Trading Bot - INFO - HOLD signal for NVDA (score: 0.5120, source: quantum)
2025-04-08 13:21:21,202 - Quantum Trading Bot - INFO - Performance metrics saved: 40/72 winning trades
2025-04-08 13:21:21,202 - Quantum Trading Bot - INFO - Quantum prediction accuracy: 0.00
2025-04-08 13:21:21,202 - Quantum Trading Bot - INFO - Sleeping for 60 seconds
2025-04-08 13:22:16,704 - Trading System - INFO - Trading Bot is alive: True
2025-04-08 13:22:16,707 - Trading System - INFO - Monitor Bot is alive: True
2025-04-08 13:22:16,707 - Trading System - INFO - Improvement Bot is alive: True
2025-04-08 13:22:21,207 - Quantum Trading Bot - INFO - Starting trading cycle
2025-04-08 13:22:21,207 - Quantum Trading Bot - INFO - Processing AAPL
2025-04-08 13:22:21,208 - Quantum Trading Bot - INFO - Mock halal compliance check for AAPL: COMPLIANT
2025-04-08 13:22:21,232 - Quantum Trading Bot - INFO - Quantum device error rate: 0.0327
2025-04-08 13:22:21,237 - Quantum Trading Bot - INFO - Quantum prediction for AAPL: 0.5880 (confidence: 0.7738)
2025-04-08 13:22:21,237 - Quantum Trading Bot - INFO - Trading signal for AAPL: 0.5880 (source: quantum)
2025-04-08 13:22:21,237 - Quantum Trading Bot - INFO - HOLD signal for AAPL (score: 0.5880, source: quantum)
2025-04-08 13:22:21,239 - Quantum Trading Bot - INFO - Processing MSFT
2025-04-08 13:22:21,239 - Quantum Trading Bot - INFO - Mock halal compliance check for MSFT: COMPLIANT
2025-04-08 13:22:21,247 - Quantum Trading Bot - INFO - Quantum device error rate: 0.0342
2025-04-08 13:22:21,250 - Quantum Trading Bot - INFO - Quantum prediction for MSFT: 0.6460 (confidence: 0.9658)
2025-04-08 13:22:21,250 - Quantum Trading Bot - INFO - Trading signal for MSFT: 0.6460 (source: quantum)
2025-04-08 13:22:21,250 - Quantum Trading Bot - INFO - HOLD signal for MSFT (score: 0.6460, source: quantum)
2025-04-08 13:22:21,251 - Quantum Trading Bot - INFO - Processing NVDA
2025-04-08 13:22:21,251 - Quantum Trading Bot - INFO - Mock halal compliance check for NVDA: COMPLIANT
2025-04-08 13:22:21,258 - Quantum Trading Bot - INFO - Quantum device error rate: 0.0309
2025-04-08 13:22:21,260 - Quantum Trading Bot - INFO - Quantum prediction for NVDA: 0.5110 (confidence: 0.7753)
2025-04-08 13:22:21,260 - Quantum Trading Bot - INFO - Trading signal for NVDA: 0.5110 (source: quantum)
2025-04-08 13:22:21,261 - Quantum Trading Bot - INFO - HOLD signal for NVDA (score: 0.5110, source: quantum)
2025-04-08 13:22:21,269 - Quantum Trading Bot - INFO - Performance metrics saved: 40/72 winning trades
2025-04-08 13:22:21,269 - Quantum Trading Bot - INFO - Quantum prediction accuracy: 0.00
2025-04-08 13:22:21,269 - Quantum Trading Bot - INFO - Sleeping for 60 seconds
2025-04-08 13:23:16,711 - Trading System - INFO - Trading Bot is alive: True
2025-04-08 13:23:16,713 - Trading System - INFO - Monitor Bot is alive: True
2025-04-08 13:23:16,713 - Trading System - INFO - Improvement Bot is alive: True
2025-04-08 13:23:21,274 - Quantum Trading Bot - INFO - Starting trading cycle
2025-04-08 13:23:21,274 - Quantum Trading Bot - INFO - Processing AAPL
2025-04-08 13:23:21,274 - Quantum Trading Bot - INFO - Mock halal compliance check for AAPL: COMPLIANT
2025-04-08 13:23:21,298 - Quantum Trading Bot - INFO - Quantum device error rate: 0.0366
2025-04-08 13:23:21,304 - Quantum Trading Bot - INFO - Quantum prediction for AAPL: 0.5650 (confidence: 0.7707)
2025-04-08 13:23:21,304 - Quantum Trading Bot - INFO - Trading signal for AAPL: 0.5650 (source: quantum)
2025-04-08 13:23:21,304 - Quantum Trading Bot - INFO - HOLD signal for AAPL (score: 0.5650, source: quantum)
2025-04-08 13:23:21,306 - Quantum Trading Bot - INFO - Processing MSFT
2025-04-08 13:23:21,306 - Quantum Trading Bot - INFO - Mock halal compliance check for MSFT: COMPLIANT
2025-04-08 13:23:21,317 - Quantum Trading Bot - INFO - Quantum device error rate: 0.0237
2025-04-08 13:23:21,320 - Quantum Trading Bot - INFO - Quantum prediction for MSFT: 0.8530 (confidence: 0.9763)
2025-04-08 13:23:21,320 - Quantum Trading Bot - INFO - Trading signal for MSFT: 0.8530 (source: quantum)
2025-04-08 13:23:21,320 - Quantum Trading Bot - INFO - HOLD signal for MSFT (score: 0.8530, source: quantum)
2025-04-08 13:23:21,321 - Quantum Trading Bot - INFO - Processing NVDA
2025-04-08 13:23:21,321 - Quantum Trading Bot - INFO - Mock halal compliance check for NVDA: COMPLIANT
2025-04-08 13:23:21,329 - Quantum Trading Bot - INFO - Quantum device error rate: 0.0417
2025-04-08 13:23:21,332 - Quantum Trading Bot - INFO - Quantum prediction for NVDA: 0.3770 (confidence: 0.9583)
2025-04-08 13:23:21,332 - Quantum Trading Bot - INFO - Trading signal for NVDA: 0.3770 (source: quantum)
2025-04-08 13:23:21,332 - Quantum Trading Bot - INFO - HOLD signal for NVDA (score: 0.3770, source: quantum)
2025-04-08 13:23:21,341 - Quantum Trading Bot - INFO - Performance metrics saved: 40/72 winning trades
2025-04-08 13:23:21,341 - Quantum Trading Bot - INFO - Quantum prediction accuracy: 0.00
2025-04-08 13:23:21,341 - Quantum Trading Bot - INFO - Sleeping for 60 seconds
2025-04-08 13:24:16,714 - Trading System - INFO - Trading Bot is alive: True
2025-04-08 13:24:16,717 - Trading System - INFO - Monitor Bot is alive: True
2025-04-08 13:24:16,717 - Trading System - INFO - Improvement Bot is alive: True
2025-04-08 13:24:21,345 - Quantum Trading Bot - INFO - Starting trading cycle
2025-04-08 13:24:21,346 - Quantum Trading Bot - INFO - Processing AAPL
2025-04-08 13:24:21,346 - Quantum Trading Bot - INFO - Mock halal compliance check for AAPL: COMPLIANT
2025-04-08 13:24:21,372 - Quantum Trading Bot - INFO - Quantum device error rate: 0.0306
2025-04-08 13:24:21,377 - Quantum Trading Bot - INFO - Quantum prediction for AAPL: 0.3540 (confidence: 0.9694)
2025-04-08 13:24:21,378 - Quantum Trading Bot - INFO - Trading signal for AAPL: 0.3540 (source: quantum)
2025-04-08 13:24:21,378 - Quantum Trading Bot - INFO - HOLD signal for AAPL (score: 0.3540, source: quantum)
2025-04-08 13:24:21,379 - Quantum Trading Bot - INFO - Processing MSFT
2025-04-08 13:24:21,379 - Quantum Trading Bot - INFO - Mock halal compliance check for MSFT: COMPLIANT
2025-04-08 13:24:21,390 - Quantum Trading Bot - INFO - Quantum device error rate: 0.0426
2025-04-08 13:24:21,393 - Quantum Trading Bot - INFO - Quantum prediction for MSFT: 0.5470 (confidence: 0.7659)
2025-04-08 13:24:21,393 - Quantum Trading Bot - INFO - Trading signal for MSFT: 0.5470 (source: quantum)
2025-04-08 13:24:21,393 - Quantum Trading Bot - INFO - HOLD signal for MSFT (score: 0.5470, source: quantum)
2025-04-08 13:24:21,394 - Quantum Trading Bot - INFO - Processing NVDA
2025-04-08 13:24:21,394 - Quantum Trading Bot - INFO - Mock halal compliance check for NVDA: COMPLIANT
2025-04-08 13:24:21,402 - Quantum Trading Bot - INFO - Quantum device error rate: 0.0345
2025-04-08 13:24:21,405 - Quantum Trading Bot - INFO - Quantum prediction for NVDA: 0.8140 (confidence: 0.9655)
2025-04-08 13:24:21,405 - Quantum Trading Bot - INFO - Trading signal for NVDA: 0.8140 (source: quantum)
2025-04-08 13:24:21,405 - Quantum Trading Bot - INFO - HOLD signal for NVDA (score: 0.8140, source: quantum)
2025-04-08 13:24:21,413 - Quantum Trading Bot - INFO - Performance metrics saved: 40/72 winning trades
2025-04-08 13:24:21,413 - Quantum Trading Bot - INFO - Quantum prediction accuracy: 0.00
2025-04-08 13:24:21,413 - Quantum Trading Bot - INFO - Sleeping for 60 seconds
2025-04-08 13:25:16,720 - Trading System - INFO - Trading Bot is alive: True
2025-04-08 13:25:16,721 - Trading System - INFO - Monitor Bot is alive: True
2025-04-08 13:25:16,721 - Trading System - INFO - Improvement Bot is alive: True
2025-04-08 13:25:21,418 - Quantum Trading Bot - INFO - Starting trading cycle
2025-04-08 13:25:21,420 - Quantum Trading Bot - INFO - Processing AAPL
2025-04-08 13:25:21,420 - Quantum Trading Bot - INFO - Mock halal compliance check for AAPL: COMPLIANT
2025-04-08 13:25:21,437 - Quantum Trading Bot - INFO - Quantum device error rate: 0.0414
2025-04-08 13:25:21,442 - Quantum Trading Bot - INFO - Quantum prediction for AAPL: 0.5710 (confidence: 0.7669)
2025-04-08 13:25:21,442 - Quantum Trading Bot - INFO - Trading signal for AAPL: 0.5710 (source: quantum)
2025-04-08 13:25:21,442 - Quantum Trading Bot - INFO - HOLD signal for AAPL (score: 0.5710, source: quantum)
2025-04-08 13:25:21,443 - Quantum Trading Bot - INFO - Processing MSFT
2025-04-08 13:25:21,443 - Quantum Trading Bot - INFO - Mock halal compliance check for MSFT: COMPLIANT
2025-04-08 13:25:21,453 - Quantum Trading Bot - INFO - Quantum device error rate: 0.0306
2025-04-08 13:25:21,456 - Quantum Trading Bot - INFO - Quantum prediction for MSFT: 0.8390 (confidence: 0.9694)
2025-04-08 13:25:21,456 - Quantum Trading Bot - INFO - Trading signal for MSFT: 0.8390 (source: quantum)
2025-04-08 13:25:21,456 - Quantum Trading Bot - INFO - HOLD signal for MSFT (score: 0.8390, source: quantum)
2025-04-08 13:25:21,457 - Quantum Trading Bot - INFO - Processing NVDA
2025-04-08 13:25:21,457 - Quantum Trading Bot - INFO - Mock halal compliance check for NVDA: COMPLIANT
2025-04-08 13:25:21,466 - Quantum Trading Bot - INFO - Quantum device error rate: 0.0381
2025-04-08 13:25:21,468 - Quantum Trading Bot - INFO - Quantum prediction for NVDA: 0.1950 (confidence: 0.9619)
2025-04-08 13:25:21,468 - Quantum Trading Bot - INFO - Trading signal for NVDA: 0.1950 (source: quantum)
2025-04-08 13:25:21,469 - Quantum Trading Bot - INFO - SELL signal for NVDA (score: 0.1950, source: quantum)
2025-04-08 13:25:21,469 - Quantum Trading Bot - WARNING - Cannot sell NVDA - no position
2025-04-08 13:25:21,478 - Quantum Trading Bot - INFO - Performance metrics saved: 40/72 winning trades
2025-04-08 13:25:21,478 - Quantum Trading Bot - INFO - Quantum prediction accuracy: 0.00
2025-04-08 13:25:21,478 - Quantum Trading Bot - INFO - Sleeping for 60 seconds
2025-04-08 13:26:16,727 - Trading System - INFO - Trading Bot is alive: True
2025-04-08 13:26:16,728 - Trading System - INFO - Monitor Bot is alive: True
2025-04-08 13:26:16,730 - Trading System - INFO - Improvement Bot is alive: True
2025-04-08 13:26:21,483 - Quantum Trading Bot - INFO - Starting trading cycle
2025-04-08 13:26:21,483 - Quantum Trading Bot - INFO - Processing AAPL
2025-04-08 13:26:21,483 - Quantum Trading Bot - INFO - Mock halal compliance check for AAPL: COMPLIANT
2025-04-08 13:26:21,507 - Quantum Trading Bot - INFO - Quantum device error rate: 0.0504
2025-04-08 13:26:21,521 - Quantum Trading Bot - INFO - Quantum prediction for AAPL: 0.5277 (confidence: 0.7597)
2025-04-08 13:26:21,521 - Quantum Trading Bot - INFO - Trading signal for AAPL: 0.5277 (source: quantum)
2025-04-08 13:26:21,521 - Quantum Trading Bot - INFO - HOLD signal for AAPL (score: 0.5277, source: quantum)
2025-04-08 13:26:21,523 - Quantum Trading Bot - INFO - Processing MSFT
2025-04-08 13:26:21,523 - Quantum Trading Bot - INFO - Mock halal compliance check for MSFT: COMPLIANT
2025-04-08 13:26:21,532 - Quantum Trading Bot - INFO - Quantum device error rate: 0.0462
2025-04-08 13:26:21,535 - Quantum Trading Bot - INFO - Quantum prediction for MSFT: 0.2530 (confidence: 0.9538)
2025-04-08 13:26:21,535 - Quantum Trading Bot - INFO - Trading signal for MSFT: 0.2530 (source: quantum)
2025-04-08 13:26:21,535 - Quantum Trading Bot - INFO - SELL signal for MSFT (score: 0.2530, source: quantum)
2025-04-08 13:26:21,536 - Quantum Trading Bot - WARNING - Cannot sell MSFT - no position
2025-04-08 13:26:21,537 - Quantum Trading Bot - INFO - Processing NVDA
2025-04-08 13:26:21,537 - Quantum Trading Bot - INFO - Mock halal compliance check for NVDA: COMPLIANT
2025-04-08 13:26:21,545 - Quantum Trading Bot - INFO - Quantum device error rate: 0.0354
2025-04-08 13:26:21,547 - Quantum Trading Bot - INFO - Quantum prediction for NVDA: 0.0400 (confidence: 0.9646)
2025-04-08 13:26:21,547 - Quantum Trading Bot - INFO - Trading signal for NVDA: 0.0400 (source: quantum)
2025-04-08 13:26:21,547 - Quantum Trading Bot - INFO - SELL signal for NVDA (score: 0.0400, source: quantum)
2025-04-08 13:26:21,548 - Quantum Trading Bot - WARNING - Cannot sell NVDA - no position
2025-04-08 13:26:21,556 - Quantum Trading Bot - INFO - Performance metrics saved: 40/72 winning trades
2025-04-08 13:26:21,556 - Quantum Trading Bot - INFO - Quantum prediction accuracy: 0.00
2025-04-08 13:26:21,556 - Quantum Trading Bot - INFO - Sleeping for 60 seconds
2025-04-08 13:27:16,734 - Trading System - INFO - Trading Bot is alive: True
2025-04-08 13:27:16,736 - Trading System - INFO - Monitor Bot is alive: True
2025-04-08 13:27:16,736 - Trading System - INFO - Improvement Bot is alive: True
2025-04-08 13:27:21,561 - Quantum Trading Bot - INFO - Starting trading cycle
2025-04-08 13:27:21,561 - Quantum Trading Bot - INFO - Processing AAPL
2025-04-08 13:27:21,561 - Quantum Trading Bot - INFO - Mock halal compliance check for AAPL: COMPLIANT
2025-04-08 13:27:21,588 - Quantum Trading Bot - INFO - Quantum device error rate: 0.0330
2025-04-08 13:27:21,593 - Quantum Trading Bot - INFO - Quantum prediction for AAPL: 0.2540 (confidence: 0.9670)
2025-04-08 13:27:21,593 - Quantum Trading Bot - INFO - Trading signal for AAPL: 0.2540 (source: quantum)
2025-04-08 13:27:21,593 - Quantum Trading Bot - INFO - SELL signal for AAPL (score: 0.2540, source: quantum)
2025-04-08 13:27:21,594 - Quantum Trading Bot - WARNING - Cannot sell AAPL - no position
2025-04-08 13:27:21,596 - Quantum Trading Bot - INFO - Processing MSFT
2025-04-08 13:27:21,596 - Quantum Trading Bot - INFO - Mock halal compliance check for MSFT: COMPLIANT
2025-04-08 13:27:21,606 - Quantum Trading Bot - INFO - Quantum device error rate: 0.0330
2025-04-08 13:27:21,609 - Quantum Trading Bot - INFO - Quantum prediction for MSFT: 0.6380 (confidence: 0.9670)
2025-04-08 13:27:21,609 - Quantum Trading Bot - INFO - Trading signal for MSFT: 0.6380 (source: quantum)
2025-04-08 13:27:21,609 - Quantum Trading Bot - INFO - HOLD signal for MSFT (score: 0.6380, source: quantum)
2025-04-08 13:27:21,610 - Quantum Trading Bot - INFO - Processing NVDA
2025-04-08 13:27:21,610 - Quantum Trading Bot - INFO - Mock halal compliance check for NVDA: COMPLIANT
2025-04-08 13:27:21,619 - Quantum Trading Bot - INFO - Quantum device error rate: 0.0336
2025-04-08 13:27:21,621 - Quantum Trading Bot - INFO - Quantum prediction for NVDA: 0.2890 (confidence: 0.9664)
2025-04-08 13:27:21,621 - Quantum Trading Bot - INFO - Trading signal for NVDA: 0.2890 (source: quantum)
2025-04-08 13:27:21,621 - Quantum Trading Bot - INFO - SELL signal for NVDA (score: 0.2890, source: quantum)
2025-04-08 13:27:21,622 - Quantum Trading Bot - WARNING - Cannot sell NVDA - no position
2025-04-08 13:27:21,631 - Quantum Trading Bot - INFO - Performance metrics saved: 40/72 winning trades
2025-04-08 13:27:21,631 - Quantum Trading Bot - INFO - Quantum prediction accuracy: 0.00
2025-04-08 13:27:21,631 - Quantum Trading Bot - INFO - Sleeping for 60 seconds
2025-04-08 13:28:16,741 - Trading System - INFO - Trading Bot is alive: True
2025-04-08 13:28:16,744 - Trading System - INFO - Monitor Bot is alive: True
2025-04-08 13:28:16,744 - Trading System - INFO - Improvement Bot is alive: True
2025-04-08 13:28:21,635 - Quantum Trading Bot - INFO - Starting trading cycle
2025-04-08 13:28:21,636 - Quantum Trading Bot - INFO - Processing AAPL
2025-04-08 13:28:21,636 - Quantum Trading Bot - INFO - Mock halal compliance check for AAPL: COMPLIANT
2025-04-08 13:28:21,684 - Quantum Trading Bot - INFO - Quantum device error rate: 0.0288
2025-04-08 13:28:21,689 - Quantum Trading Bot - INFO - Quantum prediction for AAPL: 0.5490 (confidence: 0.7770)
2025-04-08 13:28:21,689 - Quantum Trading Bot - INFO - Trading signal for AAPL: 0.5490 (source: quantum)
2025-04-08 13:28:21,689 - Quantum Trading Bot - INFO - HOLD signal for AAPL (score: 0.5490, source: quantum)
2025-04-08 13:28:21,691 - Quantum Trading Bot - INFO - Processing MSFT
2025-04-08 13:28:21,691 - Quantum Trading Bot - INFO - Mock halal compliance check for MSFT: COMPLIANT
2025-04-08 13:28:21,701 - Quantum Trading Bot - INFO - Quantum device error rate: 0.0294
2025-04-08 13:28:21,704 - Quantum Trading Bot - INFO - Quantum prediction for MSFT: 0.9310 (confidence: 0.9706)
2025-04-08 13:28:21,704 - Quantum Trading Bot - INFO - Trading signal for MSFT: 0.9310 (source: quantum)
2025-04-08 13:28:21,704 - Quantum Trading Bot - INFO - HOLD signal for MSFT (score: 0.9310, source: quantum)
2025-04-08 13:28:21,706 - Quantum Trading Bot - INFO - Processing NVDA
2025-04-08 13:28:21,706 - Quantum Trading Bot - INFO - Mock halal compliance check for NVDA: COMPLIANT
2025-04-08 13:28:21,715 - Quantum Trading Bot - INFO - Quantum device error rate: 0.0411
2025-04-08 13:28:21,718 - Quantum Trading Bot - INFO - Quantum prediction for NVDA: 0.4620 (confidence: 0.7671)
2025-04-08 13:28:21,718 - Quantum Trading Bot - INFO - Trading signal for NVDA: 0.4620 (source: quantum)
2025-04-08 13:28:21,718 - Quantum Trading Bot - INFO - HOLD signal for NVDA (score: 0.4620, source: quantum)
2025-04-08 13:28:21,727 - Quantum Trading Bot - INFO - Performance metrics saved: 40/72 winning trades
2025-04-08 13:28:21,727 - Quantum Trading Bot - INFO - Quantum prediction accuracy: 0.00
2025-04-08 13:28:21,727 - Quantum Trading Bot - INFO - Sleeping for 60 seconds
2025-04-08 13:29:16,748 - Trading System - INFO - Trading Bot is alive: True
2025-04-08 13:29:16,750 - Trading System - INFO - Monitor Bot is alive: True
2025-04-08 13:29:16,751 - Trading System - INFO - Improvement Bot is alive: True
2025-04-08 13:29:21,732 - Quantum Trading Bot - INFO - Starting trading cycle
2025-04-08 13:29:21,732 - Quantum Trading Bot - INFO - Processing AAPL
2025-04-08 13:29:21,732 - Quantum Trading Bot - INFO - Mock halal compliance check for AAPL: COMPLIANT
2025-04-08 13:29:21,763 - Quantum Trading Bot - INFO - Quantum device error rate: 0.0312
2025-04-08 13:29:21,770 - Quantum Trading Bot - INFO - Quantum prediction for AAPL: 0.2700 (confidence: 0.9688)
2025-04-08 13:29:21,770 - Quantum Trading Bot - INFO - Trading signal for AAPL: 0.2700 (source: quantum)
2025-04-08 13:29:21,770 - Quantum Trading Bot - INFO - SELL signal for AAPL (score: 0.2700, source: quantum)
2025-04-08 13:29:21,771 - Quantum Trading Bot - WARNING - Cannot sell AAPL - no position
2025-04-08 13:29:21,773 - Quantum Trading Bot - INFO - Processing MSFT
2025-04-08 13:29:21,773 - Quantum Trading Bot - INFO - Mock halal compliance check for MSFT: COMPLIANT
2025-04-08 13:29:21,783 - Quantum Trading Bot - INFO - Quantum device error rate: 0.0456
2025-04-08 13:29:21,786 - Quantum Trading Bot - INFO - Quantum prediction for MSFT: 0.3630 (confidence: 0.9544)
2025-04-08 13:29:21,786 - Quantum Trading Bot - INFO - Trading signal for MSFT: 0.3630 (source: quantum)
2025-04-08 13:29:21,786 - Quantum Trading Bot - INFO - HOLD signal for MSFT (score: 0.3630, source: quantum)
2025-04-08 13:29:21,787 - Quantum Trading Bot - INFO - Processing NVDA
2025-04-08 13:29:21,787 - Quantum Trading Bot - INFO - Mock halal compliance check for NVDA: COMPLIANT
2025-04-08 13:29:21,795 - Quantum Trading Bot - INFO - Quantum device error rate: 0.0468
2025-04-08 13:29:21,798 - Quantum Trading Bot - INFO - Quantum prediction for NVDA: 0.4770 (confidence: 0.7626)
2025-04-08 13:29:21,798 - Quantum Trading Bot - INFO - Trading signal for NVDA: 0.4770 (source: quantum)
2025-04-08 13:29:21,798 - Quantum Trading Bot - INFO - HOLD signal for NVDA (score: 0.4770, source: quantum)
2025-04-08 13:29:21,806 - Quantum Trading Bot - INFO - Performance metrics saved: 40/72 winning trades
2025-04-08 13:29:21,806 - Quantum Trading Bot - INFO - Quantum prediction accuracy: 0.00
2025-04-08 13:29:21,806 - Quantum Trading Bot - INFO - Sleeping for 60 seconds
2025-04-08 13:30:16,755 - Trading System - INFO - Trading Bot is alive: True
2025-04-08 13:30:16,758 - Trading System - INFO - Monitor Bot is alive: True
2025-04-08 13:30:16,758 - Trading System - INFO - Improvement Bot is alive: True
2025-04-08 13:30:21,811 - Quantum Trading Bot - INFO - Starting trading cycle
2025-04-08 13:30:21,811 - Quantum Trading Bot - INFO - Processing AAPL
2025-04-08 13:30:21,812 - Quantum Trading Bot - INFO - Mock halal compliance check for AAPL: COMPLIANT
2025-04-08 13:30:21,852 - Quantum Trading Bot - INFO - Quantum device error rate: 0.0426
2025-04-08 13:30:21,857 - Quantum Trading Bot - INFO - Quantum prediction for AAPL: 0.7590 (confidence: 0.9574)
2025-04-08 13:30:21,857 - Quantum Trading Bot - INFO - Trading signal for AAPL: 0.7590 (source: quantum)
2025-04-08 13:30:21,857 - Quantum Trading Bot - INFO - HOLD signal for AAPL (score: 0.7590, source: quantum)
2025-04-08 13:30:21,859 - Quantum Trading Bot - INFO - Processing MSFT
2025-04-08 13:30:21,859 - Quantum Trading Bot - INFO - Mock halal compliance check for MSFT: COMPLIANT
2025-04-08 13:30:21,871 - Quantum Trading Bot - INFO - Quantum device error rate: 0.0309
2025-04-08 13:30:21,874 - Quantum Trading Bot - INFO - Quantum prediction for MSFT: 0.5920 (confidence: 0.7753)
2025-04-08 13:30:21,874 - Quantum Trading Bot - INFO - Trading signal for MSFT: 0.5920 (source: quantum)
2025-04-08 13:30:21,874 - Quantum Trading Bot - INFO - HOLD signal for MSFT (score: 0.5920, source: quantum)
2025-04-08 13:30:21,875 - Quantum Trading Bot - INFO - Processing NVDA
2025-04-08 13:30:21,875 - Quantum Trading Bot - INFO - Mock halal compliance check for NVDA: COMPLIANT
2025-04-08 13:30:21,884 - Quantum Trading Bot - INFO - Quantum device error rate: 0.0444
2025-04-08 13:30:21,887 - Quantum Trading Bot - INFO - Quantum prediction for NVDA: 0.5640 (confidence: 0.7645)
2025-04-08 13:30:21,887 - Quantum Trading Bot - INFO - Trading signal for NVDA: 0.5640 (source: quantum)
2025-04-08 13:30:21,887 - Quantum Trading Bot - INFO - HOLD signal for NVDA (score: 0.5640, source: quantum)
2025-04-08 13:30:21,896 - Quantum Trading Bot - INFO - Performance metrics saved: 40/72 winning trades
2025-04-08 13:30:21,896 - Quantum Trading Bot - INFO - Quantum prediction accuracy: 0.00
2025-04-08 13:30:21,896 - Quantum Trading Bot - INFO - Sleeping for 60 seconds
2025-04-08 13:31:16,760 - Trading System - INFO - Trading Bot is alive: True
2025-04-08 13:31:16,763 - Trading System - INFO - Monitor Bot is alive: True
2025-04-08 13:31:16,763 - Trading System - INFO - Improvement Bot is alive: True
2025-04-08 13:31:21,900 - Quantum Trading Bot - INFO - Starting trading cycle
2025-04-08 13:31:21,901 - Quantum Trading Bot - INFO - Processing AAPL
2025-04-08 13:31:21,901 - Quantum Trading Bot - INFO - Mock halal compliance check for AAPL: COMPLIANT
2025-04-08 13:31:21,927 - Quantum Trading Bot - INFO - Quantum device error rate: 0.0219
2025-04-08 13:31:21,932 - Quantum Trading Bot - INFO - Quantum prediction for AAPL: 0.4590 (confidence: 0.7825)
2025-04-08 13:31:21,932 - Quantum Trading Bot - INFO - Trading signal for AAPL: 0.4590 (source: quantum)
2025-04-08 13:31:21,932 - Quantum Trading Bot - INFO - HOLD signal for AAPL (score: 0.4590, source: quantum)
2025-04-08 13:31:21,934 - Quantum Trading Bot - INFO - Processing MSFT
2025-04-08 13:31:21,934 - Quantum Trading Bot - INFO - Mock halal compliance check for MSFT: COMPLIANT
2025-04-08 13:31:21,944 - Quantum Trading Bot - INFO - Quantum device error rate: 0.0354
2025-04-08 13:31:21,948 - Quantum Trading Bot - INFO - Quantum prediction for MSFT: 0.5550 (confidence: 0.7717)
2025-04-08 13:31:21,948 - Quantum Trading Bot - INFO - Trading signal for MSFT: 0.5550 (source: quantum)
2025-04-08 13:31:21,949 - Quantum Trading Bot - INFO - HOLD signal for MSFT (score: 0.5550, source: quantum)
2025-04-08 13:31:21,950 - Quantum Trading Bot - INFO - Processing NVDA
2025-04-08 13:31:21,950 - Quantum Trading Bot - INFO - Mock halal compliance check for NVDA: COMPLIANT
2025-04-08 13:31:21,960 - Quantum Trading Bot - INFO - Quantum device error rate: 0.0486
2025-04-08 13:31:21,963 - Quantum Trading Bot - INFO - Quantum prediction for NVDA: 0.4450 (confidence: 0.7611)
2025-04-08 13:31:21,963 - Quantum Trading Bot - INFO - Trading signal for NVDA: 0.4450 (source: quantum)
2025-04-08 13:31:21,963 - Quantum Trading Bot - INFO - HOLD signal for NVDA (score: 0.4450, source: quantum)
2025-04-08 13:31:21,972 - Quantum Trading Bot - INFO - Performance metrics saved: 40/72 winning trades
2025-04-08 13:31:21,972 - Quantum Trading Bot - INFO - Quantum prediction accuracy: 0.00
2025-04-08 13:31:21,972 - Quantum Trading Bot - INFO - Sleeping for 60 seconds
2025-04-08 13:32:16,766 - Trading System - INFO - Trading Bot is alive: True
2025-04-08 13:32:16,769 - Trading System - INFO - Monitor Bot is alive: True
2025-04-08 13:32:16,769 - Trading System - INFO - Improvement Bot is alive: True
2025-04-08 13:32:21,977 - Quantum Trading Bot - INFO - Starting trading cycle
2025-04-08 13:32:21,978 - Quantum Trading Bot - INFO - Processing AAPL
2025-04-08 13:32:21,978 - Quantum Trading Bot - INFO - Mock halal compliance check for AAPL: COMPLIANT
2025-04-08 13:32:22,008 - Quantum Trading Bot - INFO - Quantum device error rate: 0.0357
2025-04-08 13:32:22,013 - Quantum Trading Bot - INFO - Quantum prediction for AAPL: 0.4870 (confidence: 0.7714)
2025-04-08 13:32:22,013 - Quantum Trading Bot - INFO - Trading signal for AAPL: 0.4870 (source: quantum)
2025-04-08 13:32:22,013 - Quantum Trading Bot - INFO - HOLD signal for AAPL (score: 0.4870, source: quantum)
2025-04-08 13:32:22,015 - Quantum Trading Bot - INFO - Processing MSFT
2025-04-08 13:32:22,015 - Quantum Trading Bot - INFO - Mock halal compliance check for MSFT: COMPLIANT
2025-04-08 13:32:22,024 - Quantum Trading Bot - INFO - Quantum device error rate: 0.0393
2025-04-08 13:32:22,027 - Quantum Trading Bot - INFO - Quantum prediction for MSFT: 0.8590 (confidence: 0.9607)
2025-04-08 13:32:22,027 - Quantum Trading Bot - INFO - Trading signal for MSFT: 0.8590 (source: quantum)
2025-04-08 13:32:22,027 - Quantum Trading Bot - INFO - HOLD signal for MSFT (score: 0.8590, source: quantum)
2025-04-08 13:32:22,028 - Quantum Trading Bot - INFO - Processing NVDA
2025-04-08 13:32:22,028 - Quantum Trading Bot - INFO - Mock halal compliance check for NVDA: COMPLIANT
2025-04-08 13:32:22,036 - Quantum Trading Bot - INFO - Quantum device error rate: 0.0270
2025-04-08 13:32:22,038 - Quantum Trading Bot - INFO - Quantum prediction for NVDA: 0.2680 (confidence: 0.9730)
2025-04-08 13:32:22,038 - Quantum Trading Bot - INFO - Trading signal for NVDA: 0.2680 (source: quantum)
2025-04-08 13:32:22,038 - Quantum Trading Bot - INFO - SELL signal for NVDA (score: 0.2680, source: quantum)
2025-04-08 13:32:22,039 - Quantum Trading Bot - WARNING - Cannot sell NVDA - no position
2025-04-08 13:32:22,048 - Quantum Trading Bot - INFO - Performance metrics saved: 40/72 winning trades
2025-04-08 13:32:22,048 - Quantum Trading Bot - INFO - Quantum prediction accuracy: 0.00
2025-04-08 13:32:22,048 - Quantum Trading Bot - INFO - Sleeping for 60 seconds
2025-04-08 13:33:16,774 - Trading System - INFO - Trading Bot is alive: True
2025-04-08 13:33:16,777 - Trading System - INFO - Monitor Bot is alive: True
2025-04-08 13:33:16,777 - Trading System - INFO - Improvement Bot is alive: True
2025-04-08 13:33:22,052 - Quantum Trading Bot - INFO - Starting trading cycle
2025-04-08 13:33:22,053 - Quantum Trading Bot - INFO - Processing AAPL
2025-04-08 13:33:22,053 - Quantum Trading Bot - INFO - Mock halal compliance check for AAPL: COMPLIANT
2025-04-08 13:33:22,086 - Quantum Trading Bot - INFO - Quantum device error rate: 0.0339
2025-04-08 13:33:22,093 - Quantum Trading Bot - INFO - Quantum prediction for AAPL: 0.5430 (confidence: 0.7729)
2025-04-08 13:33:22,093 - Quantum Trading Bot - INFO - Trading signal for AAPL: 0.5430 (source: quantum)
2025-04-08 13:33:22,093 - Quantum Trading Bot - INFO - HOLD signal for AAPL (score: 0.5430, source: quantum)
2025-04-08 13:33:22,094 - Quantum Trading Bot - INFO - Processing MSFT
2025-04-08 13:33:22,094 - Quantum Trading Bot - INFO - Mock halal compliance check for MSFT: COMPLIANT
2025-04-08 13:33:22,104 - Quantum Trading Bot - INFO - Quantum device error rate: 0.0354
2025-04-08 13:33:22,107 - Quantum Trading Bot - INFO - Quantum prediction for MSFT: 0.6090 (confidence: 0.9646)
2025-04-08 13:33:22,107 - Quantum Trading Bot - INFO - Trading signal for MSFT: 0.6090 (source: quantum)
2025-04-08 13:33:22,107 - Quantum Trading Bot - INFO - HOLD signal for MSFT (score: 0.6090, source: quantum)
2025-04-08 13:33:22,108 - Quantum Trading Bot - INFO - Processing NVDA
2025-04-08 13:33:22,108 - Quantum Trading Bot - INFO - Mock halal compliance check for NVDA: COMPLIANT
2025-04-08 13:33:22,116 - Quantum Trading Bot - INFO - Quantum device error rate: 0.0504
2025-04-08 13:33:22,124 - Quantum Trading Bot - INFO - Quantum prediction for NVDA: 0.5028 (confidence: 0.7597)
2025-04-08 13:33:22,124 - Quantum Trading Bot - INFO - Trading signal for NVDA: 0.5028 (source: quantum)
2025-04-08 13:33:22,124 - Quantum Trading Bot - INFO - HOLD signal for NVDA (score: 0.5028, source: quantum)
2025-04-08 13:33:22,132 - Quantum Trading Bot - INFO - Performance metrics saved: 40/72 winning trades
2025-04-08 13:33:22,132 - Quantum Trading Bot - INFO - Quantum prediction accuracy: 0.00
2025-04-08 13:33:22,132 - Quantum Trading Bot - INFO - Sleeping for 60 seconds
2025-04-08 13:34:16,781 - Trading System - INFO - Trading Bot is alive: True
2025-04-08 13:34:16,783 - Trading System - INFO - Monitor Bot is alive: True
2025-04-08 13:34:16,783 - Trading System - INFO - Improvement Bot is alive: True
2025-04-08 13:34:22,133 - Quantum Trading Bot - INFO - Starting trading cycle
2025-04-08 13:34:22,133 - Quantum Trading Bot - INFO - Processing AAPL
2025-04-08 13:34:22,134 - Quantum Trading Bot - INFO - Mock halal compliance check for AAPL: COMPLIANT
2025-04-08 13:34:22,154 - Quantum Trading Bot - INFO - Quantum device error rate: 0.0321
2025-04-08 13:34:22,158 - Quantum Trading Bot - INFO - Quantum prediction for AAPL: 0.6480 (confidence: 0.9679)
2025-04-08 13:34:22,158 - Quantum Trading Bot - INFO - Trading signal for AAPL: 0.6480 (source: quantum)
2025-04-08 13:34:22,158 - Quantum Trading Bot - INFO - HOLD signal for AAPL (score: 0.6480, source: quantum)
2025-04-08 13:34:22,159 - Quantum Trading Bot - INFO - Processing MSFT
2025-04-08 13:34:22,159 - Quantum Trading Bot - INFO - Mock halal compliance check for MSFT: COMPLIANT
2025-04-08 13:34:22,166 - Quantum Trading Bot - INFO - Quantum device error rate: 0.0363
2025-04-08 13:34:22,168 - Quantum Trading Bot - INFO - Quantum prediction for MSFT: 0.5180 (confidence: 0.7710)
2025-04-08 13:34:22,168 - Quantum Trading Bot - INFO - Trading signal for MSFT: 0.5180 (source: quantum)
2025-04-08 13:34:22,168 - Quantum Trading Bot - INFO - HOLD signal for MSFT (score: 0.5180, source: quantum)
2025-04-08 13:34:22,170 - Quantum Trading Bot - INFO - Processing NVDA
2025-04-08 13:34:22,170 - Quantum Trading Bot - INFO - Mock halal compliance check for NVDA: COMPLIANT
2025-04-08 13:34:22,177 - Quantum Trading Bot - INFO - Quantum device error rate: 0.0507
2025-04-08 13:34:22,184 - Quantum Trading Bot - INFO - Quantum prediction for NVDA: 0.0624 (confidence: 0.9493)
2025-04-08 13:34:22,184 - Quantum Trading Bot - INFO - Trading signal for NVDA: 0.0624 (source: quantum)
2025-04-08 13:34:22,184 - Quantum Trading Bot - INFO - SELL signal for NVDA (score: 0.0624, source: quantum)
2025-04-08 13:34:22,185 - Quantum Trading Bot - WARNING - Cannot sell NVDA - no position
2025-04-08 13:34:22,194 - Quantum Trading Bot - INFO - Performance metrics saved: 40/72 winning trades
2025-04-08 13:34:22,194 - Quantum Trading Bot - INFO - Quantum prediction accuracy: 0.00
2025-04-08 13:34:22,194 - Quantum Trading Bot - INFO - Sleeping for 60 seconds
2025-04-08 13:35:16,789 - Trading System - INFO - Trading Bot is alive: True
2025-04-08 13:35:16,791 - Trading System - INFO - Monitor Bot is alive: True
2025-04-08 13:35:16,791 - Trading System - INFO - Improvement Bot is alive: True
2025-04-08 13:35:22,198 - Quantum Trading Bot - INFO - Starting trading cycle
2025-04-08 13:35:22,199 - Quantum Trading Bot - INFO - Processing AAPL
2025-04-08 13:35:22,199 - Quantum Trading Bot - INFO - Mock halal compliance check for AAPL: COMPLIANT
2025-04-08 13:35:22,227 - Quantum Trading Bot - INFO - Quantum device error rate: 0.0360
2025-04-08 13:35:22,234 - Quantum Trading Bot - INFO - Quantum prediction for AAPL: 0.6110 (confidence: 0.9640)
2025-04-08 13:35:22,235 - Quantum Trading Bot - INFO - Trading signal for AAPL: 0.6110 (source: quantum)
2025-04-08 13:35:22,235 - Quantum Trading Bot - INFO - HOLD signal for AAPL (score: 0.6110, source: quantum)
2025-04-08 13:35:22,237 - Quantum Trading Bot - INFO - Processing MSFT
2025-04-08 13:35:22,237 - Quantum Trading Bot - INFO - Mock halal compliance check for MSFT: COMPLIANT
2025-04-08 13:35:22,247 - Quantum Trading Bot - INFO - Quantum device error rate: 0.0324
2025-04-08 13:35:22,250 - Quantum Trading Bot - INFO - Quantum prediction for MSFT: 0.8360 (confidence: 0.9676)
2025-04-08 13:35:22,250 - Quantum Trading Bot - INFO - Trading signal for MSFT: 0.8360 (source: quantum)
2025-04-08 13:35:22,250 - Quantum Trading Bot - INFO - HOLD signal for MSFT (score: 0.8360, source: quantum)
2025-04-08 13:35:22,251 - Quantum Trading Bot - INFO - Processing NVDA
2025-04-08 13:35:22,252 - Quantum Trading Bot - INFO - Mock halal compliance check for NVDA: COMPLIANT
2025-04-08 13:35:22,260 - Quantum Trading Bot - INFO - Quantum device error rate: 0.0423
2025-04-08 13:35:22,262 - Quantum Trading Bot - INFO - Quantum prediction for NVDA: 0.5210 (confidence: 0.7662)
2025-04-08 13:35:22,262 - Quantum Trading Bot - INFO - Trading signal for NVDA: 0.5210 (source: quantum)
2025-04-08 13:35:22,262 - Quantum Trading Bot - INFO - HOLD signal for NVDA (score: 0.5210, source: quantum)
2025-04-08 13:35:22,271 - Quantum Trading Bot - INFO - Performance metrics saved: 40/72 winning trades
2025-04-08 13:35:22,271 - Quantum Trading Bot - INFO - Quantum prediction accuracy: 0.00
2025-04-08 13:35:22,272 - Quantum Trading Bot - INFO - Sleeping for 60 seconds
2025-04-08 13:36:16,796 - Trading System - INFO - Trading Bot is alive: True
2025-04-08 13:36:16,798 - Trading System - INFO - Monitor Bot is alive: True
2025-04-08 13:36:16,799 - Trading System - INFO - Improvement Bot is alive: True
2025-04-08 13:36:22,273 - Quantum Trading Bot - INFO - Starting trading cycle
2025-04-08 13:36:22,274 - Quantum Trading Bot - INFO - Processing AAPL
2025-04-08 13:36:22,274 - Quantum Trading Bot - INFO - Mock halal compliance check for AAPL: COMPLIANT
2025-04-08 13:36:22,296 - Quantum Trading Bot - INFO - Quantum device error rate: 0.0255
2025-04-08 13:36:22,302 - Quantum Trading Bot - INFO - Quantum prediction for AAPL: 0.4570 (confidence: 0.7796)
2025-04-08 13:36:22,302 - Quantum Trading Bot - INFO - Trading signal for AAPL: 0.4570 (source: quantum)
2025-04-08 13:36:22,302 - Quantum Trading Bot - INFO - HOLD signal for AAPL (score: 0.4570, source: quantum)
2025-04-08 13:36:22,304 - Quantum Trading Bot - INFO - Processing MSFT
2025-04-08 13:36:22,304 - Quantum Trading Bot - INFO - Mock halal compliance check for MSFT: COMPLIANT
2025-04-08 13:36:22,315 - Quantum Trading Bot - INFO - Quantum device error rate: 0.0378
2025-04-08 13:36:22,319 - Quantum Trading Bot - INFO - Quantum prediction for MSFT: 0.2630 (confidence: 0.9622)
2025-04-08 13:36:22,319 - Quantum Trading Bot - INFO - Trading signal for MSFT: 0.2630 (source: quantum)
2025-04-08 13:36:22,319 - Quantum Trading Bot - INFO - SELL signal for MSFT (score: 0.2630, source: quantum)
2025-04-08 13:36:22,320 - Quantum Trading Bot - WARNING - Cannot sell MSFT - no position
2025-04-08 13:36:22,321 - Quantum Trading Bot - INFO - Processing NVDA
2025-04-08 13:36:22,321 - Quantum Trading Bot - INFO - Mock halal compliance check for NVDA: COMPLIANT
2025-04-08 13:36:22,330 - Quantum Trading Bot - INFO - Quantum device error rate: 0.0423
2025-04-08 13:36:22,333 - Quantum Trading Bot - INFO - Quantum prediction for NVDA: 0.5890 (confidence: 0.7662)
2025-04-08 13:36:22,333 - Quantum Trading Bot - INFO - Trading signal for NVDA: 0.5890 (source: quantum)
2025-04-08 13:36:22,333 - Quantum Trading Bot - INFO - HOLD signal for NVDA (score: 0.5890, source: quantum)
2025-04-08 13:36:22,342 - Quantum Trading Bot - INFO - Performance metrics saved: 40/72 winning trades
2025-04-08 13:36:22,342 - Quantum Trading Bot - INFO - Quantum prediction accuracy: 0.00
2025-04-08 13:36:22,342 - Quantum Trading Bot - INFO - Sleeping for 60 seconds
2025-04-08 13:37:16,803 - Trading System - INFO - Trading Bot is alive: True
2025-04-08 13:37:16,806 - Trading System - INFO - Monitor Bot is alive: True
2025-04-08 13:37:16,806 - Trading System - INFO - Improvement Bot is alive: True
2025-04-08 13:37:22,347 - Quantum Trading Bot - INFO - Starting trading cycle
2025-04-08 13:37:22,347 - Quantum Trading Bot - INFO - Processing AAPL
2025-04-08 13:37:22,347 - Quantum Trading Bot - INFO - Mock halal compliance check for AAPL: COMPLIANT
2025-04-08 13:37:22,376 - Quantum Trading Bot - INFO - Quantum device error rate: 0.0354
2025-04-08 13:37:22,383 - Quantum Trading Bot - INFO - Quantum prediction for AAPL: 0.1100 (confidence: 0.9646)
2025-04-08 13:37:22,383 - Quantum Trading Bot - INFO - Trading signal for AAPL: 0.1100 (source: quantum)
2025-04-08 13:37:22,383 - Quantum Trading Bot - INFO - SELL signal for AAPL (score: 0.1100, source: quantum)
2025-04-08 13:37:22,384 - Quantum Trading Bot - WARNING - Cannot sell AAPL - no position
2025-04-08 13:37:22,386 - Quantum Trading Bot - INFO - Processing MSFT
2025-04-08 13:37:22,386 - Quantum Trading Bot - INFO - Mock halal compliance check for MSFT: COMPLIANT
2025-04-08 13:37:22,396 - Quantum Trading Bot - INFO - Quantum device error rate: 0.0303
2025-04-08 13:37:22,399 - Quantum Trading Bot - INFO - Quantum prediction for MSFT: 0.4290 (confidence: 0.7758)
2025-04-08 13:37:22,399 - Quantum Trading Bot - INFO - Trading signal for MSFT: 0.4290 (source: quantum)
2025-04-08 13:37:22,399 - Quantum Trading Bot - INFO - HOLD signal for MSFT (score: 0.4290, source: quantum)
2025-04-08 13:37:22,401 - Quantum Trading Bot - INFO - Processing NVDA
2025-04-08 13:37:22,401 - Quantum Trading Bot - INFO - Mock halal compliance check for NVDA: COMPLIANT
2025-04-08 13:37:22,409 - Quantum Trading Bot - INFO - Quantum device error rate: 0.0372
2025-04-08 13:37:22,411 - Quantum Trading Bot - INFO - Quantum prediction for NVDA: 0.1660 (confidence: 0.9628)
2025-04-08 13:37:22,412 - Quantum Trading Bot - INFO - Trading signal for NVDA: 0.1660 (source: quantum)
2025-04-08 13:37:22,412 - Quantum Trading Bot - INFO - SELL signal for NVDA (score: 0.1660, source: quantum)
2025-04-08 13:37:22,412 - Quantum Trading Bot - WARNING - Cannot sell NVDA - no position
2025-04-08 13:37:22,421 - Quantum Trading Bot - INFO - Performance metrics saved: 40/72 winning trades
2025-04-08 13:37:22,421 - Quantum Trading Bot - INFO - Quantum prediction accuracy: 0.00
2025-04-08 13:37:22,421 - Quantum Trading Bot - INFO - Sleeping for 60 seconds
2025-04-08 13:38:16,810 - Trading System - INFO - Trading Bot is alive: True
2025-04-08 13:38:16,812 - Trading System - INFO - Monitor Bot is alive: True
2025-04-08 13:38:16,812 - Trading System - INFO - Improvement Bot is alive: True
2025-04-08 13:38:22,421 - Quantum Trading Bot - INFO - Starting trading cycle
2025-04-08 13:38:22,421 - Quantum Trading Bot - INFO - Processing AAPL
2025-04-08 13:38:22,422 - Quantum Trading Bot - INFO - Mock halal compliance check for AAPL: COMPLIANT
2025-04-08 13:38:22,454 - Quantum Trading Bot - INFO - Quantum device error rate: 0.0408
2025-04-08 13:38:22,461 - Quantum Trading Bot - INFO - Quantum prediction for AAPL: 0.8190 (confidence: 0.9592)
2025-04-08 13:38:22,461 - Quantum Trading Bot - INFO - Trading signal for AAPL: 0.8190 (source: quantum)
2025-04-08 13:38:22,461 - Quantum Trading Bot - INFO - HOLD signal for AAPL (score: 0.8190, source: quantum)
2025-04-08 13:38:22,463 - Quantum Trading Bot - INFO - Processing MSFT
2025-04-08 13:38:22,463 - Quantum Trading Bot - INFO - Mock halal compliance check for MSFT: COMPLIANT
2025-04-08 13:38:22,473 - Quantum Trading Bot - INFO - Quantum device error rate: 0.0357
2025-04-08 13:38:22,475 - Quantum Trading Bot - INFO - Quantum prediction for MSFT: 0.5680 (confidence: 0.7714)
2025-04-08 13:38:22,475 - Quantum Trading Bot - INFO - Trading signal for MSFT: 0.5680 (source: quantum)
2025-04-08 13:38:22,475 - Quantum Trading Bot - INFO - HOLD signal for MSFT (score: 0.5680, source: quantum)
2025-04-08 13:38:22,477 - Quantum Trading Bot - INFO - Processing NVDA
2025-04-08 13:38:22,477 - Quantum Trading Bot - INFO - Mock halal compliance check for NVDA: COMPLIANT
2025-04-08 13:38:22,485 - Quantum Trading Bot - INFO - Quantum device error rate: 0.0525
2025-04-08 13:38:22,493 - Quantum Trading Bot - INFO - Quantum prediction for NVDA: 0.3630 (confidence: 0.9475)
2025-04-08 13:38:22,493 - Quantum Trading Bot - INFO - Trading signal for NVDA: 0.3630 (source: quantum)
2025-04-08 13:38:22,493 - Quantum Trading Bot - INFO - HOLD signal for NVDA (score: 0.3630, source: quantum)
2025-04-08 13:38:22,502 - Quantum Trading Bot - INFO - Performance metrics saved: 40/72 winning trades
2025-04-08 13:38:22,502 - Quantum Trading Bot - INFO - Quantum prediction accuracy: 0.00
2025-04-08 13:38:22,512 - Quantum Trading Bot - INFO - Quantum device error rate: 0.0345
2025-04-08 13:38:22,514 - Quantum Trading Bot - INFO - Quantum portfolio optimization complete: {'AAPL': np.float64(0.3557498318762609), 'MSFT': np.float64(0.3221250840618695), 'NVDA': np.float64(0.3221250840618695)}
2025-04-08 13:38:22,514 - Quantum Trading Bot - INFO - Optimal portfolio weights: {'AAPL': np.float64(0.3557498318762609), 'MSFT': np.float64(0.3221250840618695), 'NVDA': np.float64(0.3221250840618695)}
2025-04-08 13:38:22,514 - Quantum Trading Bot - INFO - Sleeping for 60 seconds
2025-04-08 13:39:16,816 - Trading System - INFO - Trading Bot is alive: True
2025-04-08 13:39:16,817 - Trading System - INFO - Monitor Bot is alive: True
2025-04-08 13:39:16,818 - Trading System - INFO - Improvement Bot is alive: True
2025-04-08 13:39:22,519 - Quantum Trading Bot - INFO - Starting trading cycle
2025-04-08 13:39:22,519 - Quantum Trading Bot - INFO - Processing AAPL
2025-04-08 13:39:22,519 - Quantum Trading Bot - INFO - Mock halal compliance check for AAPL: COMPLIANT
2025-04-08 13:39:22,545 - Quantum Trading Bot - INFO - Quantum device error rate: 0.0312
2025-04-08 13:39:22,551 - Quantum Trading Bot - INFO - Quantum prediction for AAPL: 0.6380 (confidence: 0.9688)
2025-04-08 13:39:22,551 - Quantum Trading Bot - INFO - Trading signal for AAPL: 0.6380 (source: quantum)
2025-04-08 13:39:22,551 - Quantum Trading Bot - INFO - HOLD signal for AAPL (score: 0.6380, source: quantum)
2025-04-08 13:39:22,553 - Quantum Trading Bot - INFO - Processing MSFT
2025-04-08 13:39:22,553 - Quantum Trading Bot - INFO - Mock halal compliance check for MSFT: COMPLIANT
2025-04-08 13:39:22,564 - Quantum Trading Bot - INFO - Quantum device error rate: 0.0381
2025-04-08 13:39:22,567 - Quantum Trading Bot - INFO - Quantum prediction for MSFT: 0.6490 (confidence: 0.9619)
2025-04-08 13:39:22,567 - Quantum Trading Bot - INFO - Trading signal for MSFT: 0.6490 (source: quantum)
2025-04-08 13:39:22,567 - Quantum Trading Bot - INFO - HOLD signal for MSFT (score: 0.6490, source: quantum)
2025-04-08 13:39:22,569 - Quantum Trading Bot - INFO - Processing NVDA
2025-04-08 13:39:22,569 - Quantum Trading Bot - INFO - Mock halal compliance check for NVDA: COMPLIANT
2025-04-08 13:39:22,577 - Quantum Trading Bot - INFO - Quantum device error rate: 0.0303
2025-04-08 13:39:22,580 - Quantum Trading Bot - INFO - Quantum prediction for NVDA: 0.5060 (confidence: 0.7758)
2025-04-08 13:39:22,580 - Quantum Trading Bot - INFO - Trading signal for NVDA: 0.5060 (source: quantum)
2025-04-08 13:39:22,580 - Quantum Trading Bot - INFO - HOLD signal for NVDA (score: 0.5060, source: quantum)
2025-04-08 13:39:22,589 - Quantum Trading Bot - INFO - Performance metrics saved: 40/72 winning trades
2025-04-08 13:39:22,589 - Quantum Trading Bot - INFO - Quantum prediction accuracy: 0.00
2025-04-08 13:39:22,589 - Quantum Trading Bot - INFO - Sleeping for 60 seconds
2025-04-08 13:40:16,831 - Trading System - INFO - Trading Bot is alive: True
2025-04-08 13:40:16,833 - Trading System - INFO - Monitor Bot is alive: True
2025-04-08 13:40:16,833 - Trading System - INFO - Improvement Bot is alive: True
2025-04-08 13:40:22,607 - Quantum Trading Bot - INFO - Starting trading cycle
2025-04-08 13:40:22,607 - Quantum Trading Bot - INFO - Processing AAPL
2025-04-08 13:40:22,608 - Quantum Trading Bot - INFO - Mock halal compliance check for AAPL: COMPLIANT
2025-04-08 13:40:22,634 - Quantum Trading Bot - INFO - Quantum device error rate: 0.0372
2025-04-08 13:40:22,642 - Quantum Trading Bot - INFO - Quantum prediction for AAPL: 0.4780 (confidence: 0.7702)
2025-04-08 13:40:22,642 - Quantum Trading Bot - INFO - Trading signal for AAPL: 0.4780 (source: quantum)
2025-04-08 13:40:22,642 - Quantum Trading Bot - INFO - HOLD signal for AAPL (score: 0.4780, source: quantum)
2025-04-08 13:40:22,644 - Quantum Trading Bot - INFO - Processing MSFT
2025-04-08 13:40:22,644 - Quantum Trading Bot - INFO - Mock halal compliance check for MSFT: COMPLIANT
2025-04-08 13:40:22,654 - Quantum Trading Bot - INFO - Quantum device error rate: 0.0444
2025-04-08 13:40:22,657 - Quantum Trading Bot - INFO - Quantum prediction for MSFT: 0.7990 (confidence: 0.9556)
2025-04-08 13:40:22,657 - Quantum Trading Bot - INFO - Trading signal for MSFT: 0.7990 (source: quantum)
2025-04-08 13:40:22,657 - Quantum Trading Bot - INFO - HOLD signal for MSFT (score: 0.7990, source: quantum)
2025-04-08 13:40:22,659 - Quantum Trading Bot - INFO - Processing NVDA
2025-04-08 13:40:22,659 - Quantum Trading Bot - INFO - Mock halal compliance check for NVDA: COMPLIANT
2025-04-08 13:40:22,667 - Quantum Trading Bot - INFO - Quantum device error rate: 0.0240
2025-04-08 13:40:22,670 - Quantum Trading Bot - INFO - Quantum prediction for NVDA: 0.6840 (confidence: 0.9760)
2025-04-08 13:40:22,670 - Quantum Trading Bot - INFO - Trading signal for NVDA: 0.6840 (source: quantum)
2025-04-08 13:40:22,670 - Quantum Trading Bot - INFO - HOLD signal for NVDA (score: 0.6840, source: quantum)
2025-04-08 13:40:22,680 - Quantum Trading Bot - INFO - Performance metrics saved: 40/72 winning trades
2025-04-08 13:40:22,680 - Quantum Trading Bot - INFO - Quantum prediction accuracy: 0.00
2025-04-08 13:40:22,680 - Quantum Trading Bot - INFO - Sleeping for 60 seconds
2025-04-08 13:41:16,836 - Trading System - INFO - Trading Bot is alive: True
2025-04-08 13:41:16,838 - Trading System - INFO - Monitor Bot is alive: True
2025-04-08 13:41:16,838 - Trading System - INFO - Improvement Bot is alive: True
2025-04-08 13:41:22,685 - Quantum Trading Bot - INFO - Starting trading cycle
2025-04-08 13:41:22,686 - Quantum Trading Bot - INFO - Processing AAPL
2025-04-08 13:41:22,686 - Quantum Trading Bot - INFO - Mock halal compliance check for AAPL: COMPLIANT
2025-04-08 13:41:22,711 - Quantum Trading Bot - INFO - Quantum device error rate: 0.0321
2025-04-08 13:41:22,718 - Quantum Trading Bot - INFO - Quantum prediction for AAPL: 0.2600 (confidence: 0.9679)
2025-04-08 13:41:22,719 - Quantum Trading Bot - INFO - Trading signal for AAPL: 0.2600 (source: quantum)
2025-04-08 13:41:22,719 - Quantum Trading Bot - INFO - SELL signal for AAPL (score: 0.2600, source: quantum)
2025-04-08 13:41:22,720 - Quantum Trading Bot - WARNING - Cannot sell AAPL - no position
2025-04-08 13:41:22,723 - Quantum Trading Bot - INFO - Processing MSFT
2025-04-08 13:41:22,723 - Quantum Trading Bot - INFO - Mock halal compliance check for MSFT: COMPLIANT
2025-04-08 13:41:22,733 - Quantum Trading Bot - INFO - Quantum device error rate: 0.0348
2025-04-08 13:41:22,736 - Quantum Trading Bot - INFO - Quantum prediction for MSFT: 0.4390 (confidence: 0.7722)
2025-04-08 13:41:22,736 - Quantum Trading Bot - INFO - Trading signal for MSFT: 0.4390 (source: quantum)
2025-04-08 13:41:22,736 - Quantum Trading Bot - INFO - HOLD signal for MSFT (score: 0.4390, source: quantum)
2025-04-08 13:41:22,738 - Quantum Trading Bot - INFO - Processing NVDA
2025-04-08 13:41:22,738 - Quantum Trading Bot - INFO - Mock halal compliance check for NVDA: COMPLIANT
2025-04-08 13:41:22,747 - Quantum Trading Bot - INFO - Quantum device error rate: 0.0480
2025-04-08 13:41:22,750 - Quantum Trading Bot - INFO - Quantum prediction for NVDA: 0.3870 (confidence: 0.9520)
2025-04-08 13:41:22,750 - Quantum Trading Bot - INFO - Trading signal for NVDA: 0.3870 (source: quantum)
2025-04-08 13:41:22,750 - Quantum Trading Bot - INFO - HOLD signal for NVDA (score: 0.3870, source: quantum)
2025-04-08 13:41:22,759 - Quantum Trading Bot - INFO - Performance metrics saved: 40/72 winning trades
2025-04-08 13:41:22,759 - Quantum Trading Bot - INFO - Quantum prediction accuracy: 0.00
2025-04-08 13:41:22,759 - Quantum Trading Bot - INFO - Sleeping for 60 seconds
2025-04-08 13:42:16,846 - Trading System - INFO - Trading Bot is alive: True
2025-04-08 13:42:16,849 - Trading System - INFO - Monitor Bot is alive: True
2025-04-08 13:42:16,849 - Trading System - INFO - Improvement Bot is alive: True
2025-04-08 13:42:22,769 - Quantum Trading Bot - INFO - Starting trading cycle
2025-04-08 13:42:22,770 - Quantum Trading Bot - INFO - Processing AAPL
2025-04-08 13:42:22,770 - Quantum Trading Bot - INFO - Mock halal compliance check for AAPL: COMPLIANT
2025-04-08 13:42:22,794 - Quantum Trading Bot - INFO - Quantum device error rate: 0.0357
2025-04-08 13:42:22,799 - Quantum Trading Bot - INFO - Quantum prediction for AAPL: 0.5860 (confidence: 0.7714)
2025-04-08 13:42:22,800 - Quantum Trading Bot - INFO - Trading signal for AAPL: 0.5860 (source: quantum)
2025-04-08 13:42:22,800 - Quantum Trading Bot - INFO - HOLD signal for AAPL (score: 0.5860, source: quantum)
2025-04-08 13:42:22,802 - Quantum Trading Bot - INFO - Processing MSFT
2025-04-08 13:42:22,802 - Quantum Trading Bot - INFO - Mock halal compliance check for MSFT: COMPLIANT
2025-04-08 13:42:22,813 - Quantum Trading Bot - INFO - Quantum device error rate: 0.0366
2025-04-08 13:42:22,816 - Quantum Trading Bot - INFO - Quantum prediction for MSFT: 0.1380 (confidence: 0.9634)
2025-04-08 13:42:22,816 - Quantum Trading Bot - INFO - Trading signal for MSFT: 0.1380 (source: quantum)
2025-04-08 13:42:22,816 - Quantum Trading Bot - INFO - SELL signal for MSFT (score: 0.1380, source: quantum)
2025-04-08 13:42:22,817 - Quantum Trading Bot - WARNING - Cannot sell MSFT - no position
2025-04-08 13:42:22,818 - Quantum Trading Bot - INFO - Processing NVDA
2025-04-08 13:42:22,818 - Quantum Trading Bot - INFO - Mock halal compliance check for NVDA: COMPLIANT
2025-04-08 13:42:22,827 - Quantum Trading Bot - INFO - Quantum device error rate: 0.0414
2025-04-08 13:42:22,829 - Quantum Trading Bot - INFO - Quantum prediction for NVDA: 0.7350 (confidence: 0.9586)
2025-04-08 13:42:22,830 - Quantum Trading Bot - INFO - Trading signal for NVDA: 0.7350 (source: quantum)
2025-04-08 13:42:22,830 - Quantum Trading Bot - INFO - HOLD signal for NVDA (score: 0.7350, source: quantum)
2025-04-08 13:42:22,839 - Quantum Trading Bot - INFO - Performance metrics saved: 40/72 winning trades
2025-04-08 13:42:22,839 - Quantum Trading Bot - INFO - Quantum prediction accuracy: 0.00
2025-04-08 13:42:22,839 - Quantum Trading Bot - INFO - Sleeping for 60 seconds
2025-04-08 13:43:16,857 - Trading System - INFO - Trading Bot is alive: True
2025-04-08 13:43:16,861 - Trading System - INFO - Monitor Bot is alive: True
2025-04-08 13:43:16,862 - Trading System - INFO - Improvement Bot is alive: True
2025-04-08 13:43:22,849 - Quantum Trading Bot - INFO - Starting trading cycle
2025-04-08 13:43:22,849 - Quantum Trading Bot - INFO - Processing AAPL
2025-04-08 13:43:22,850 - Quantum Trading Bot - INFO - Mock halal compliance check for AAPL: COMPLIANT
2025-04-08 13:43:22,885 - Quantum Trading Bot - INFO - Quantum device error rate: 0.0390
2025-04-08 13:43:22,890 - Quantum Trading Bot - INFO - Quantum prediction for AAPL: 0.6800 (confidence: 0.9610)
2025-04-08 13:43:22,890 - Quantum Trading Bot - INFO - Trading signal for AAPL: 0.6800 (source: quantum)
2025-04-08 13:43:22,890 - Quantum Trading Bot - INFO - HOLD signal for AAPL (score: 0.6800, source: quantum)
2025-04-08 13:43:22,892 - Quantum Trading Bot - INFO - Processing MSFT
2025-04-08 13:43:22,892 - Quantum Trading Bot - INFO - Mock halal compliance check for MSFT: COMPLIANT
2025-04-08 13:43:22,902 - Quantum Trading Bot - INFO - Quantum device error rate: 0.0381
2025-04-08 13:43:22,905 - Quantum Trading Bot - INFO - Quantum prediction for MSFT: 0.2630 (confidence: 0.9619)
2025-04-08 13:43:22,905 - Quantum Trading Bot - INFO - Trading signal for MSFT: 0.2630 (source: quantum)
2025-04-08 13:43:22,905 - Quantum Trading Bot - INFO - SELL signal for MSFT (score: 0.2630, source: quantum)
2025-04-08 13:43:22,906 - Quantum Trading Bot - WARNING - Cannot sell MSFT - no position
2025-04-08 13:43:22,908 - Quantum Trading Bot - INFO - Processing NVDA
2025-04-08 13:43:22,908 - Quantum Trading Bot - INFO - Mock halal compliance check for NVDA: COMPLIANT
2025-04-08 13:43:22,916 - Quantum Trading Bot - INFO - Quantum device error rate: 0.0363
2025-04-08 13:43:22,918 - Quantum Trading Bot - INFO - Quantum prediction for NVDA: 0.4900 (confidence: 0.7710)
2025-04-08 13:43:22,918 - Quantum Trading Bot - INFO - Trading signal for NVDA: 0.4900 (source: quantum)
2025-04-08 13:43:22,918 - Quantum Trading Bot - INFO - HOLD signal for NVDA (score: 0.4900, source: quantum)
2025-04-08 13:43:22,927 - Quantum Trading Bot - INFO - Performance metrics saved: 40/72 winning trades
2025-04-08 13:43:22,927 - Quantum Trading Bot - INFO - Quantum prediction accuracy: 0.00
2025-04-08 13:43:22,927 - Quantum Trading Bot - INFO - Sleeping for 60 seconds
2025-04-08 13:44:16,863 - Trading System - INFO - Trading Bot is alive: True
2025-04-08 13:44:16,864 - Trading System - INFO - Monitor Bot is alive: True
2025-04-08 13:44:16,864 - Trading System - INFO - Improvement Bot is alive: True
2025-04-08 13:44:22,930 - Quantum Trading Bot - INFO - Starting trading cycle
2025-04-08 13:44:22,930 - Quantum Trading Bot - INFO - Processing AAPL
2025-04-08 13:44:22,930 - Quantum Trading Bot - INFO - Mock halal compliance check for AAPL: COMPLIANT
2025-04-08 13:44:22,955 - Quantum Trading Bot - INFO - Quantum device error rate: 0.0336
2025-04-08 13:44:22,961 - Quantum Trading Bot - INFO - Quantum prediction for AAPL: 0.6140 (confidence: 0.9664)
2025-04-08 13:44:22,961 - Quantum Trading Bot - INFO - Trading signal for AAPL: 0.6140 (source: quantum)
2025-04-08 13:44:22,961 - Quantum Trading Bot - INFO - HOLD signal for AAPL (score: 0.6140, source: quantum)
2025-04-08 13:44:22,964 - Quantum Trading Bot - INFO - Processing MSFT
2025-04-08 13:44:22,964 - Quantum Trading Bot - INFO - Mock halal compliance check for MSFT: COMPLIANT
2025-04-08 13:44:22,975 - Quantum Trading Bot - INFO - Quantum device error rate: 0.0267
2025-04-08 13:44:22,978 - Quantum Trading Bot - INFO - Quantum prediction for MSFT: 0.3460 (confidence: 0.9733)
2025-04-08 13:44:22,978 - Quantum Trading Bot - INFO - Trading signal for MSFT: 0.3460 (source: quantum)
2025-04-08 13:44:22,978 - Quantum Trading Bot - INFO - HOLD signal for MSFT (score: 0.3460, source: quantum)
2025-04-08 13:44:22,979 - Quantum Trading Bot - INFO - Processing NVDA
2025-04-08 13:44:22,979 - Quantum Trading Bot - INFO - Mock halal compliance check for NVDA: COMPLIANT
2025-04-08 13:44:22,988 - Quantum Trading Bot - INFO - Quantum device error rate: 0.0354
2025-04-08 13:44:22,990 - Quantum Trading Bot - INFO - Quantum prediction for NVDA: 0.6050 (confidence: 0.9646)
2025-04-08 13:44:22,990 - Quantum Trading Bot - INFO - Trading signal for NVDA: 0.6050 (source: quantum)
2025-04-08 13:44:22,990 - Quantum Trading Bot - INFO - HOLD signal for NVDA (score: 0.6050, source: quantum)
2025-04-08 13:44:23,000 - Quantum Trading Bot - INFO - Performance metrics saved: 40/72 winning trades
2025-04-08 13:44:23,000 - Quantum Trading Bot - INFO - Quantum prediction accuracy: 0.00
2025-04-08 13:44:23,000 - Quantum Trading Bot - INFO - Sleeping for 60 seconds
2025-04-08 13:45:16,873 - Trading System - INFO - Trading Bot is alive: True
2025-04-08 13:45:16,874 - Trading System - INFO - Monitor Bot is alive: True
2025-04-08 13:45:16,874 - Trading System - INFO - Improvement Bot is alive: True
2025-04-08 13:45:23,009 - Quantum Trading Bot - INFO - Starting trading cycle
2025-04-08 13:45:23,010 - Quantum Trading Bot - INFO - Processing AAPL
2025-04-08 13:45:23,010 - Quantum Trading Bot - INFO - Mock halal compliance check for AAPL: COMPLIANT
2025-04-08 13:45:23,034 - Quantum Trading Bot - INFO - Quantum device error rate: 0.0399
2025-04-08 13:45:23,041 - Quantum Trading Bot - INFO - Quantum prediction for AAPL: 0.1140 (confidence: 0.9601)
2025-04-08 13:45:23,041 - Quantum Trading Bot - INFO - Trading signal for AAPL: 0.1140 (source: quantum)
2025-04-08 13:45:23,041 - Quantum Trading Bot - INFO - SELL signal for AAPL (score: 0.1140, source: quantum)
2025-04-08 13:45:23,042 - Quantum Trading Bot - WARNING - Cannot sell AAPL - no position
2025-04-08 13:45:23,044 - Quantum Trading Bot - INFO - Processing MSFT
2025-04-08 13:45:23,044 - Quantum Trading Bot - INFO - Mock halal compliance check for MSFT: COMPLIANT
2025-04-08 13:45:23,054 - Quantum Trading Bot - INFO - Quantum device error rate: 0.0351
2025-04-08 13:45:23,057 - Quantum Trading Bot - INFO - Quantum prediction for MSFT: 0.0840 (confidence: 0.9649)
2025-04-08 13:45:23,057 - Quantum Trading Bot - INFO - Trading signal for MSFT: 0.0840 (source: quantum)
2025-04-08 13:45:23,057 - Quantum Trading Bot - INFO - SELL signal for MSFT (score: 0.0840, source: quantum)
2025-04-08 13:45:23,058 - Quantum Trading Bot - WARNING - Cannot sell MSFT - no position
2025-04-08 13:45:23,059 - Quantum Trading Bot - INFO - Processing NVDA
2025-04-08 13:45:23,059 - Quantum Trading Bot - INFO - Mock halal compliance check for NVDA: COMPLIANT
2025-04-08 13:45:23,068 - Quantum Trading Bot - INFO - Quantum device error rate: 0.0393
2025-04-08 13:45:23,070 - Quantum Trading Bot - INFO - Quantum prediction for NVDA: 0.6450 (confidence: 0.9607)
2025-04-08 13:45:23,070 - Quantum Trading Bot - INFO - Trading signal for NVDA: 0.6450 (source: quantum)
2025-04-08 13:45:23,070 - Quantum Trading Bot - INFO - HOLD signal for NVDA (score: 0.6450, source: quantum)
2025-04-08 13:45:23,079 - Quantum Trading Bot - INFO - Performance metrics saved: 40/72 winning trades
2025-04-08 13:45:23,079 - Quantum Trading Bot - INFO - Quantum prediction accuracy: 0.00
2025-04-08 13:45:23,079 - Quantum Trading Bot - INFO - Sleeping for 60 seconds
2025-04-08 13:46:16,897 - Trading System - INFO - Trading Bot is alive: True
2025-04-08 13:46:16,899 - Trading System - INFO - Monitor Bot is alive: True
2025-04-08 13:46:16,899 - Trading System - INFO - Improvement Bot is alive: True
2025-04-08 13:46:23,104 - Quantum Trading Bot - INFO - Starting trading cycle
2025-04-08 13:46:23,104 - Quantum Trading Bot - INFO - Processing AAPL
2025-04-08 13:46:23,104 - Quantum Trading Bot - INFO - Mock halal compliance check for AAPL: COMPLIANT
2025-04-08 13:46:23,132 - Quantum Trading Bot - INFO - Quantum device error rate: 0.0417
2025-04-08 13:46:23,138 - Quantum Trading Bot - INFO - Quantum prediction for AAPL: 0.3350 (confidence: 0.9583)
2025-04-08 13:46:23,138 - Quantum Trading Bot - INFO - Trading signal for AAPL: 0.3350 (source: quantum)
2025-04-08 13:46:23,138 - Quantum Trading Bot - INFO - HOLD signal for AAPL (score: 0.3350, source: quantum)
2025-04-08 13:46:23,140 - Quantum Trading Bot - INFO - Processing MSFT
2025-04-08 13:46:23,140 - Quantum Trading Bot - INFO - Mock halal compliance check for MSFT: COMPLIANT
2025-04-08 13:46:23,149 - Quantum Trading Bot - INFO - Quantum device error rate: 0.0372
2025-04-08 13:46:23,152 - Quantum Trading Bot - INFO - Quantum prediction for MSFT: 0.1430 (confidence: 0.9628)
2025-04-08 13:46:23,152 - Quantum Trading Bot - INFO - Trading signal for MSFT: 0.1430 (source: quantum)
2025-04-08 13:46:23,152 - Quantum Trading Bot - INFO - SELL signal for MSFT (score: 0.1430, source: quantum)
2025-04-08 13:46:23,153 - Quantum Trading Bot - WARNING - Cannot sell MSFT - no position
2025-04-08 13:46:23,154 - Quantum Trading Bot - INFO - Processing NVDA
2025-04-08 13:46:23,154 - Quantum Trading Bot - INFO - Mock halal compliance check for NVDA: COMPLIANT
2025-04-08 13:46:23,162 - Quantum Trading Bot - INFO - Quantum device error rate: 0.0432
2025-04-08 13:46:23,165 - Quantum Trading Bot - INFO - Quantum prediction for NVDA: 0.4970 (confidence: 0.7654)
2025-04-08 13:46:23,165 - Quantum Trading Bot - INFO - Trading signal for NVDA: 0.4970 (source: quantum)
2025-04-08 13:46:23,165 - Quantum Trading Bot - INFO - HOLD signal for NVDA (score: 0.4970, source: quantum)
2025-04-08 13:46:23,173 - Quantum Trading Bot - INFO - Performance metrics saved: 40/72 winning trades
2025-04-08 13:46:23,173 - Quantum Trading Bot - INFO - Quantum prediction accuracy: 0.00
2025-04-08 13:46:23,174 - Quantum Trading Bot - INFO - Sleeping for 60 seconds
2025-04-08 13:47:16,907 - Trading System - INFO - Trading Bot is alive: True
2025-04-08 13:47:16,908 - Trading System - INFO - Monitor Bot is alive: True
2025-04-08 13:47:16,908 - Trading System - INFO - Improvement Bot is alive: True
2025-04-08 13:47:23,180 - Quantum Trading Bot - INFO - Starting trading cycle
2025-04-08 13:47:23,181 - Quantum Trading Bot - INFO - Processing AAPL
2025-04-08 13:47:23,181 - Quantum Trading Bot - INFO - Mock halal compliance check for AAPL: COMPLIANT
2025-04-08 13:47:23,225 - Quantum Trading Bot - INFO - Quantum device error rate: 0.0333
2025-04-08 13:47:23,233 - Quantum Trading Bot - INFO - Quantum prediction for AAPL: 0.4400 (confidence: 0.7734)
2025-04-08 13:47:23,233 - Quantum Trading Bot - INFO - Trading signal for AAPL: 0.4400 (source: quantum)
2025-04-08 13:47:23,233 - Quantum Trading Bot - INFO - HOLD signal for AAPL (score: 0.4400, source: quantum)
2025-04-08 13:47:23,235 - Quantum Trading Bot - INFO - Processing MSFT
2025-04-08 13:47:23,235 - Quantum Trading Bot - INFO - Mock halal compliance check for MSFT: COMPLIANT
2025-04-08 13:47:23,249 - Quantum Trading Bot - INFO - Quantum device error rate: 0.0348
2025-04-08 13:47:23,256 - Quantum Trading Bot - INFO - Quantum prediction for MSFT: 0.7110 (confidence: 0.9652)
2025-04-08 13:47:23,256 - Quantum Trading Bot - INFO - Trading signal for MSFT: 0.7110 (source: quantum)
2025-04-08 13:47:23,256 - Quantum Trading Bot - INFO - HOLD signal for MSFT (score: 0.7110, source: quantum)
2025-04-08 13:47:23,258 - Quantum Trading Bot - INFO - Processing NVDA
2025-04-08 13:47:23,258 - Quantum Trading Bot - INFO - Mock halal compliance check for NVDA: COMPLIANT
2025-04-08 13:47:23,270 - Quantum Trading Bot - INFO - Quantum device error rate: 0.0495
2025-04-08 13:47:23,281 - Quantum Trading Bot - INFO - Quantum prediction for NVDA: 0.3960 (confidence: 0.9505)
2025-04-08 13:47:23,281 - Quantum Trading Bot - INFO - Trading signal for NVDA: 0.3960 (source: quantum)
2025-04-08 13:47:23,281 - Quantum Trading Bot - INFO - HOLD signal for NVDA (score: 0.3960, source: quantum)
2025-04-08 13:47:23,290 - Quantum Trading Bot - INFO - Performance metrics saved: 40/72 winning trades
2025-04-08 13:47:23,290 - Quantum Trading Bot - INFO - Quantum prediction accuracy: 0.00
2025-04-08 13:47:23,290 - Quantum Trading Bot - INFO - Sleeping for 60 seconds
2025-04-08 13:48:16,912 - Trading System - INFO - Trading Bot is alive: True
2025-04-08 13:48:16,916 - Trading System - INFO - Monitor Bot is alive: True
2025-04-08 13:48:16,916 - Trading System - INFO - Improvement Bot is alive: True
2025-04-08 13:48:23,296 - Quantum Trading Bot - INFO - Starting trading cycle
2025-04-08 13:48:23,296 - Quantum Trading Bot - INFO - Processing AAPL
2025-04-08 13:48:23,297 - Quantum Trading Bot - INFO - Mock halal compliance check for AAPL: COMPLIANT
2025-04-08 13:48:23,327 - Quantum Trading Bot - INFO - Quantum device error rate: 0.0480
2025-04-08 13:48:23,333 - Quantum Trading Bot - INFO - Quantum prediction for AAPL: 0.5740 (confidence: 0.7616)
2025-04-08 13:48:23,333 - Quantum Trading Bot - INFO - Trading signal for AAPL: 0.5740 (source: quantum)
2025-04-08 13:48:23,333 - Quantum Trading Bot - INFO - HOLD signal for AAPL (score: 0.5740, source: quantum)
2025-04-08 13:48:23,335 - Quantum Trading Bot - INFO - Processing MSFT
2025-04-08 13:48:23,335 - Quantum Trading Bot - INFO - Mock halal compliance check for MSFT: COMPLIANT
2025-04-08 13:48:23,344 - Quantum Trading Bot - INFO - Quantum device error rate: 0.0309
2025-04-08 13:48:23,347 - Quantum Trading Bot - INFO - Quantum prediction for MSFT: 0.3680 (confidence: 0.9691)
2025-04-08 13:48:23,347 - Quantum Trading Bot - INFO - Trading signal for MSFT: 0.3680 (source: quantum)
2025-04-08 13:48:23,347 - Quantum Trading Bot - INFO - HOLD signal for MSFT (score: 0.3680, source: quantum)
2025-04-08 13:48:23,348 - Quantum Trading Bot - INFO - Processing NVDA
2025-04-08 13:48:23,348 - Quantum Trading Bot - INFO - Mock halal compliance check for NVDA: COMPLIANT
2025-04-08 13:48:23,356 - Quantum Trading Bot - INFO - Quantum device error rate: 0.0387
2025-04-08 13:48:23,359 - Quantum Trading Bot - INFO - Quantum prediction for NVDA: 0.7150 (confidence: 0.9613)
2025-04-08 13:48:23,359 - Quantum Trading Bot - INFO - Trading signal for NVDA: 0.7150 (source: quantum)
2025-04-08 13:48:23,359 - Quantum Trading Bot - INFO - HOLD signal for NVDA (score: 0.7150, source: quantum)
2025-04-08 13:48:23,369 - Quantum Trading Bot - INFO - Performance metrics saved: 40/72 winning trades
2025-04-08 13:48:23,369 - Quantum Trading Bot - INFO - Quantum prediction accuracy: 0.00
2025-04-08 13:48:23,369 - Quantum Trading Bot - INFO - Sleeping for 60 seconds
2025-04-08 13:49:16,921 - Trading System - INFO - Trading Bot is alive: True
2025-04-08 13:49:16,923 - Trading System - INFO - Monitor Bot is alive: True
2025-04-08 13:49:16,923 - Trading System - INFO - Improvement Bot is alive: True
2025-04-08 13:49:23,374 - Quantum Trading Bot - INFO - Starting trading cycle
2025-04-08 13:49:23,375 - Quantum Trading Bot - INFO - Processing AAPL
2025-04-08 13:49:23,375 - Quantum Trading Bot - INFO - Mock halal compliance check for AAPL: COMPLIANT
2025-04-08 13:49:23,397 - Quantum Trading Bot - INFO - Quantum device error rate: 0.0312
2025-04-08 13:49:23,403 - Quantum Trading Bot - INFO - Quantum prediction for AAPL: 0.5120 (confidence: 0.7750)
2025-04-08 13:49:23,403 - Quantum Trading Bot - INFO - Trading signal for AAPL: 0.5120 (source: quantum)
2025-04-08 13:49:23,403 - Quantum Trading Bot - INFO - HOLD signal for AAPL (score: 0.5120, source: quantum)
2025-04-08 13:49:23,405 - Quantum Trading Bot - INFO - Processing MSFT
2025-04-08 13:49:23,405 - Quantum Trading Bot - INFO - Mock halal compliance check for MSFT: COMPLIANT
2025-04-08 13:49:23,415 - Quantum Trading Bot - INFO - Quantum device error rate: 0.0270
2025-04-08 13:49:23,418 - Quantum Trading Bot - INFO - Quantum prediction for MSFT: 0.6080 (confidence: 0.9730)
2025-04-08 13:49:23,418 - Quantum Trading Bot - INFO - Trading signal for MSFT: 0.6080 (source: quantum)
2025-04-08 13:49:23,418 - Quantum Trading Bot - INFO - HOLD signal for MSFT (score: 0.6080, source: quantum)
2025-04-08 13:49:23,420 - Quantum Trading Bot - INFO - Processing NVDA
2025-04-08 13:49:23,420 - Quantum Trading Bot - INFO - Mock halal compliance check for NVDA: COMPLIANT
2025-04-08 13:49:23,428 - Quantum Trading Bot - INFO - Quantum device error rate: 0.0348
2025-04-08 13:49:23,431 - Quantum Trading Bot - INFO - Quantum prediction for NVDA: 0.3040 (confidence: 0.9652)
2025-04-08 13:49:23,431 - Quantum Trading Bot - INFO - Trading signal for NVDA: 0.3040 (source: quantum)
2025-04-08 13:49:23,431 - Quantum Trading Bot - INFO - HOLD signal for NVDA (score: 0.3040, source: quantum)
2025-04-08 13:49:23,440 - Quantum Trading Bot - INFO - Performance metrics saved: 40/72 winning trades
2025-04-08 13:49:23,440 - Quantum Trading Bot - INFO - Quantum prediction accuracy: 0.00
2025-04-08 13:49:23,440 - Quantum Trading Bot - INFO - Sleeping for 60 seconds
2025-04-08 13:50:16,925 - Trading System - INFO - Trading Bot is alive: True
2025-04-08 13:50:16,927 - Trading System - INFO - Monitor Bot is alive: True
2025-04-08 13:50:16,927 - Trading System - INFO - Improvement Bot is alive: True
2025-04-08 13:50:23,445 - Quantum Trading Bot - INFO - Starting trading cycle
2025-04-08 13:50:23,446 - Quantum Trading Bot - INFO - Processing AAPL
2025-04-08 13:50:23,446 - Quantum Trading Bot - INFO - Mock halal compliance check for AAPL: COMPLIANT
2025-04-08 13:50:23,466 - Quantum Trading Bot - INFO - Quantum device error rate: 0.0393
2025-04-08 13:50:23,472 - Quantum Trading Bot - INFO - Quantum prediction for AAPL: 0.1980 (confidence: 0.9607)
2025-04-08 13:50:23,473 - Quantum Trading Bot - INFO - Trading signal for AAPL: 0.1980 (source: quantum)
2025-04-08 13:50:23,473 - Quantum Trading Bot - INFO - SELL signal for AAPL (score: 0.1980, source: quantum)
2025-04-08 13:50:23,474 - Quantum Trading Bot - WARNING - Cannot sell AAPL - no position
2025-04-08 13:50:23,477 - Quantum Trading Bot - INFO - Processing MSFT
2025-04-08 13:50:23,477 - Quantum Trading Bot - INFO - Mock halal compliance check for MSFT: COMPLIANT
2025-04-08 13:50:23,487 - Quantum Trading Bot - INFO - Quantum device error rate: 0.0252
2025-04-08 13:50:23,490 - Quantum Trading Bot - INFO - Quantum prediction for MSFT: 0.1290 (confidence: 0.9748)
2025-04-08 13:50:23,490 - Quantum Trading Bot - INFO - Trading signal for MSFT: 0.1290 (source: quantum)
2025-04-08 13:50:23,490 - Quantum Trading Bot - INFO - SELL signal for MSFT (score: 0.1290, source: quantum)
2025-04-08 13:50:23,491 - Quantum Trading Bot - WARNING - Cannot sell MSFT - no position
2025-04-08 13:50:23,492 - Quantum Trading Bot - INFO - Processing NVDA
2025-04-08 13:50:23,492 - Quantum Trading Bot - INFO - Mock halal compliance check for NVDA: COMPLIANT
2025-04-08 13:50:23,501 - Quantum Trading Bot - INFO - Quantum device error rate: 0.0276
2025-04-08 13:50:23,503 - Quantum Trading Bot - INFO - Quantum prediction for NVDA: 0.3950 (confidence: 0.9724)
2025-04-08 13:50:23,503 - Quantum Trading Bot - INFO - Trading signal for NVDA: 0.3950 (source: quantum)
2025-04-08 13:50:23,503 - Quantum Trading Bot - INFO - HOLD signal for NVDA (score: 0.3950, source: quantum)
2025-04-08 13:50:23,512 - Quantum Trading Bot - INFO - Performance metrics saved: 40/72 winning trades
2025-04-08 13:50:23,512 - Quantum Trading Bot - INFO - Quantum prediction accuracy: 0.00
2025-04-08 13:50:23,512 - Quantum Trading Bot - INFO - Sleeping for 60 seconds
2025-04-08 13:51:16,931 - Trading System - INFO - Trading Bot is alive: True
2025-04-08 13:51:16,934 - Trading System - INFO - Monitor Bot is alive: True
2025-04-08 13:51:16,934 - Trading System - INFO - Improvement Bot is alive: True
2025-04-08 13:51:23,518 - Quantum Trading Bot - INFO - Starting trading cycle
2025-04-08 13:51:23,518 - Quantum Trading Bot - INFO - Processing AAPL
2025-04-08 13:51:23,519 - Quantum Trading Bot - INFO - Mock halal compliance check for AAPL: COMPLIANT
2025-04-08 13:51:23,563 - Quantum Trading Bot - INFO - Quantum device error rate: 0.0201
2025-04-08 13:51:23,568 - Quantum Trading Bot - INFO - Quantum prediction for AAPL: 0.2970 (confidence: 0.9799)
2025-04-08 13:51:23,568 - Quantum Trading Bot - INFO - Trading signal for AAPL: 0.2970 (source: quantum)
2025-04-08 13:51:23,568 - Quantum Trading Bot - INFO - SELL signal for AAPL (score: 0.2970, source: quantum)
2025-04-08 13:51:23,569 - Quantum Trading Bot - WARNING - Cannot sell AAPL - no position
2025-04-08 13:51:23,570 - Quantum Trading Bot - INFO - Processing MSFT
2025-04-08 13:51:23,570 - Quantum Trading Bot - INFO - Mock halal compliance check for MSFT: COMPLIANT
2025-04-08 13:51:23,579 - Quantum Trading Bot - INFO - Quantum device error rate: 0.0285
2025-04-08 13:51:23,581 - Quantum Trading Bot - INFO - Quantum prediction for MSFT: 0.4530 (confidence: 0.7772)
2025-04-08 13:51:23,581 - Quantum Trading Bot - INFO - Trading signal for MSFT: 0.4530 (source: quantum)
2025-04-08 13:51:23,581 - Quantum Trading Bot - INFO - HOLD signal for MSFT (score: 0.4530, source: quantum)
2025-04-08 13:51:23,583 - Quantum Trading Bot - INFO - Processing NVDA
2025-04-08 13:51:23,583 - Quantum Trading Bot - INFO - Mock halal compliance check for NVDA: COMPLIANT
2025-04-08 13:51:23,590 - Quantum Trading Bot - INFO - Quantum device error rate: 0.0327
2025-04-08 13:51:23,592 - Quantum Trading Bot - INFO - Quantum prediction for NVDA: 0.1340 (confidence: 0.9673)
2025-04-08 13:51:23,593 - Quantum Trading Bot - INFO - Trading signal for NVDA: 0.1340 (source: quantum)
2025-04-08 13:51:23,593 - Quantum Trading Bot - INFO - SELL signal for NVDA (score: 0.1340, source: quantum)
2025-04-08 13:51:23,593 - Quantum Trading Bot - WARNING - Cannot sell NVDA - no position
2025-04-08 13:51:23,602 - Quantum Trading Bot - INFO - Performance metrics saved: 40/72 winning trades
2025-04-08 13:51:23,602 - Quantum Trading Bot - INFO - Quantum prediction accuracy: 0.00
2025-04-08 13:51:23,602 - Quantum Trading Bot - INFO - Sleeping for 60 seconds
2025-04-08 13:52:16,940 - Trading System - INFO - Trading Bot is alive: True
2025-04-08 13:52:16,941 - Trading System - INFO - Monitor Bot is alive: True
2025-04-08 13:52:16,941 - Trading System - INFO - Improvement Bot is alive: True
2025-04-08 13:52:23,605 - Quantum Trading Bot - INFO - Starting trading cycle
2025-04-08 13:52:23,608 - Quantum Trading Bot - INFO - Processing AAPL
2025-04-08 13:52:23,608 - Quantum Trading Bot - INFO - Mock halal compliance check for AAPL: COMPLIANT
2025-04-08 13:52:23,631 - Quantum Trading Bot - INFO - Quantum device error rate: 0.0246
2025-04-08 13:52:23,636 - Quantum Trading Bot - INFO - Quantum prediction for AAPL: 0.1740 (confidence: 0.9754)
2025-04-08 13:52:23,636 - Quantum Trading Bot - INFO - Trading signal for AAPL: 0.1740 (source: quantum)
2025-04-08 13:52:23,636 - Quantum Trading Bot - INFO - SELL signal for AAPL (score: 0.1740, source: quantum)
2025-04-08 13:52:23,638 - Quantum Trading Bot - WARNING - Cannot sell AAPL - no position
2025-04-08 13:52:23,640 - Quantum Trading Bot - INFO - Processing MSFT
2025-04-08 13:52:23,640 - Quantum Trading Bot - INFO - Mock halal compliance check for MSFT: COMPLIANT
2025-04-08 13:52:23,651 - Quantum Trading Bot - INFO - Quantum device error rate: 0.0366
2025-04-08 13:52:23,654 - Quantum Trading Bot - INFO - Quantum prediction for MSFT: 0.1400 (confidence: 0.9634)
2025-04-08 13:52:23,654 - Quantum Trading Bot - INFO - Trading signal for MSFT: 0.1400 (source: quantum)
2025-04-08 13:52:23,654 - Quantum Trading Bot - INFO - SELL signal for MSFT (score: 0.1400, source: quantum)
2025-04-08 13:52:23,655 - Quantum Trading Bot - WARNING - Cannot sell MSFT - no position
2025-04-08 13:52:23,657 - Quantum Trading Bot - INFO - Processing NVDA
2025-04-08 13:52:23,657 - Quantum Trading Bot - INFO - Mock halal compliance check for NVDA: COMPLIANT
2025-04-08 13:52:23,665 - Quantum Trading Bot - INFO - Quantum device error rate: 0.0450
2025-04-08 13:52:23,668 - Quantum Trading Bot - INFO - Quantum prediction for NVDA: 0.8750 (confidence: 0.9550)
2025-04-08 13:52:23,668 - Quantum Trading Bot - INFO - Trading signal for NVDA: 0.8750 (source: quantum)
2025-04-08 13:52:23,668 - Quantum Trading Bot - INFO - HOLD signal for NVDA (score: 0.8750, source: quantum)
2025-04-08 13:52:23,678 - Quantum Trading Bot - INFO - Performance metrics saved: 40/72 winning trades
2025-04-08 13:52:23,678 - Quantum Trading Bot - INFO - Quantum prediction accuracy: 0.00
2025-04-08 13:52:23,678 - Quantum Trading Bot - INFO - Sleeping for 60 seconds
2025-04-08 13:53:16,947 - Trading System - INFO - Trading Bot is alive: True
2025-04-08 13:53:16,950 - Trading System - INFO - Monitor Bot is alive: True
2025-04-08 13:53:16,950 - Trading System - INFO - Improvement Bot is alive: True
2025-04-08 13:53:23,683 - Quantum Trading Bot - INFO - Starting trading cycle
2025-04-08 13:53:23,685 - Quantum Trading Bot - INFO - Processing AAPL
2025-04-08 13:53:23,685 - Quantum Trading Bot - INFO - Mock halal compliance check for AAPL: COMPLIANT
2025-04-08 13:53:23,720 - Quantum Trading Bot - INFO - Quantum device error rate: 0.0459
2025-04-08 13:53:23,726 - Quantum Trading Bot - INFO - Quantum prediction for AAPL: 0.4020 (confidence: 0.7633)
2025-04-08 13:53:23,726 - Quantum Trading Bot - INFO - Trading signal for AAPL: 0.4020 (source: quantum)
2025-04-08 13:53:23,726 - Quantum Trading Bot - INFO - HOLD signal for AAPL (score: 0.4020, source: quantum)
2025-04-08 13:53:23,728 - Quantum Trading Bot - INFO - Processing MSFT
2025-04-08 13:53:23,728 - Quantum Trading Bot - INFO - Mock halal compliance check for MSFT: COMPLIANT
2025-04-08 13:53:23,739 - Quantum Trading Bot - INFO - Quantum device error rate: 0.0360
2025-04-08 13:53:23,742 - Quantum Trading Bot - INFO - Quantum prediction for MSFT: 0.3960 (confidence: 0.9640)
2025-04-08 13:53:23,742 - Quantum Trading Bot - INFO - Trading signal for MSFT: 0.3960 (source: quantum)
2025-04-08 13:53:23,742 - Quantum Trading Bot - INFO - HOLD signal for MSFT (score: 0.3960, source: quantum)
2025-04-08 13:53:23,744 - Quantum Trading Bot - INFO - Processing NVDA
2025-04-08 13:53:23,744 - Quantum Trading Bot - INFO - Mock halal compliance check for NVDA: COMPLIANT
2025-04-08 13:53:23,752 - Quantum Trading Bot - INFO - Quantum device error rate: 0.0588
2025-04-08 13:53:23,760 - Quantum Trading Bot - INFO - Quantum prediction for NVDA: 0.8243 (confidence: 0.9412)
2025-04-08 13:53:23,760 - Quantum Trading Bot - INFO - Trading signal for NVDA: 0.8243 (source: quantum)
2025-04-08 13:53:23,760 - Quantum Trading Bot - INFO - HOLD signal for NVDA (score: 0.8243, source: quantum)
2025-04-08 13:53:23,769 - Quantum Trading Bot - INFO - Performance metrics saved: 40/72 winning trades
2025-04-08 13:53:23,769 - Quantum Trading Bot - INFO - Quantum prediction accuracy: 0.00
2025-04-08 13:53:23,769 - Quantum Trading Bot - INFO - Sleeping for 60 seconds
2025-04-08 13:54:16,955 - Trading System - INFO - Trading Bot is alive: True
2025-04-08 13:54:16,957 - Trading System - INFO - Monitor Bot is alive: True
2025-04-08 13:54:16,957 - Trading System - INFO - Improvement Bot is alive: True
2025-04-08 13:54:23,771 - Quantum Trading Bot - INFO - Starting trading cycle
2025-04-08 13:54:23,772 - Quantum Trading Bot - INFO - Processing AAPL
2025-04-08 13:54:23,772 - Quantum Trading Bot - INFO - Mock halal compliance check for AAPL: COMPLIANT
2025-04-08 13:54:23,790 - Quantum Trading Bot - INFO - Quantum device error rate: 0.0369
2025-04-08 13:54:23,795 - Quantum Trading Bot - INFO - Quantum prediction for AAPL: 0.3850 (confidence: 0.9631)
2025-04-08 13:54:23,795 - Quantum Trading Bot - INFO - Trading signal for AAPL: 0.3850 (source: quantum)
2025-04-08 13:54:23,795 - Quantum Trading Bot - INFO - HOLD signal for AAPL (score: 0.3850, source: quantum)
2025-04-08 13:54:23,798 - Quantum Trading Bot - INFO - Processing MSFT
2025-04-08 13:54:23,798 - Quantum Trading Bot - INFO - Mock halal compliance check for MSFT: COMPLIANT
2025-04-08 13:54:23,808 - Quantum Trading Bot - INFO - Quantum device error rate: 0.0333
2025-04-08 13:54:23,811 - Quantum Trading Bot - INFO - Quantum prediction for MSFT: 0.2510 (confidence: 0.9667)
2025-04-08 13:54:23,811 - Quantum Trading Bot - INFO - Trading signal for MSFT: 0.2510 (source: quantum)
2025-04-08 13:54:23,811 - Quantum Trading Bot - INFO - SELL signal for MSFT (score: 0.2510, source: quantum)
2025-04-08 13:54:23,813 - Quantum Trading Bot - WARNING - Cannot sell MSFT - no position
2025-04-08 13:54:23,815 - Quantum Trading Bot - INFO - Processing NVDA
2025-04-08 13:54:23,815 - Quantum Trading Bot - INFO - Mock halal compliance check for NVDA: COMPLIANT
2025-04-08 13:54:23,823 - Quantum Trading Bot - INFO - Quantum device error rate: 0.0348
2025-04-08 13:54:23,826 - Quantum Trading Bot - INFO - Quantum prediction for NVDA: 0.4760 (confidence: 0.7722)
2025-04-08 13:54:23,826 - Quantum Trading Bot - INFO - Trading signal for NVDA: 0.4760 (source: quantum)
2025-04-08 13:54:23,826 - Quantum Trading Bot - INFO - HOLD signal for NVDA (score: 0.4760, source: quantum)
2025-04-08 13:54:23,835 - Quantum Trading Bot - INFO - Performance metrics saved: 40/72 winning trades
2025-04-08 13:54:23,835 - Quantum Trading Bot - INFO - Quantum prediction accuracy: 0.00
2025-04-08 13:54:23,835 - Quantum Trading Bot - INFO - Sleeping for 60 seconds
2025-04-08 13:55:16,967 - Trading System - INFO - Trading Bot is alive: True
2025-04-08 13:55:16,970 - Trading System - INFO - Monitor Bot is alive: True
2025-04-08 13:55:16,970 - Trading System - INFO - Improvement Bot is alive: True
2025-04-08 13:55:23,845 - Quantum Trading Bot - INFO - Starting trading cycle
2025-04-08 13:55:23,846 - Quantum Trading Bot - INFO - Processing AAPL
2025-04-08 13:55:23,846 - Quantum Trading Bot - INFO - Mock halal compliance check for AAPL: COMPLIANT
2025-04-08 13:55:23,877 - Quantum Trading Bot - INFO - Quantum device error rate: 0.0447
2025-04-08 13:55:23,884 - Quantum Trading Bot - INFO - Quantum prediction for AAPL: 0.6990 (confidence: 0.9553)
2025-04-08 13:55:23,884 - Quantum Trading Bot - INFO - Trading signal for AAPL: 0.6990 (source: quantum)
2025-04-08 13:55:23,884 - Quantum Trading Bot - INFO - HOLD signal for AAPL (score: 0.6990, source: quantum)
2025-04-08 13:55:23,886 - Quantum Trading Bot - INFO - Processing MSFT
2025-04-08 13:55:23,886 - Quantum Trading Bot - INFO - Mock halal compliance check for MSFT: COMPLIANT
2025-04-08 13:55:23,896 - Quantum Trading Bot - INFO - Quantum device error rate: 0.0396
2025-04-08 13:55:23,900 - Quantum Trading Bot - INFO - Quantum prediction for MSFT: 0.2240 (confidence: 0.9604)
2025-04-08 13:55:23,900 - Quantum Trading Bot - INFO - Trading signal for MSFT: 0.2240 (source: quantum)
2025-04-08 13:55:23,900 - Quantum Trading Bot - INFO - SELL signal for MSFT (score: 0.2240, source: quantum)
2025-04-08 13:55:23,900 - Quantum Trading Bot - WARNING - Cannot sell MSFT - no position
2025-04-08 13:55:23,902 - Quantum Trading Bot - INFO - Processing NVDA
2025-04-08 13:55:23,902 - Quantum Trading Bot - INFO - Mock halal compliance check for NVDA: COMPLIANT
2025-04-08 13:55:23,910 - Quantum Trading Bot - INFO - Quantum device error rate: 0.0252
2025-04-08 13:55:23,913 - Quantum Trading Bot - INFO - Quantum prediction for NVDA: 0.6940 (confidence: 0.9748)
2025-04-08 13:55:23,913 - Quantum Trading Bot - INFO - Trading signal for NVDA: 0.6940 (source: quantum)
2025-04-08 13:55:23,913 - Quantum Trading Bot - INFO - HOLD signal for NVDA (score: 0.6940, source: quantum)
2025-04-08 13:55:23,923 - Quantum Trading Bot - INFO - Performance metrics saved: 40/72 winning trades
2025-04-08 13:55:23,923 - Quantum Trading Bot - INFO - Quantum prediction accuracy: 0.00
2025-04-08 13:55:23,923 - Quantum Trading Bot - INFO - Sleeping for 60 seconds
2025-04-08 13:56:16,971 - Trading System - INFO - Trading Bot is alive: True
2025-04-08 13:56:16,973 - Trading System - INFO - Monitor Bot is alive: True
2025-04-08 13:56:16,973 - Trading System - INFO - Improvement Bot is alive: True
2025-04-08 13:56:23,933 - Quantum Trading Bot - INFO - Starting trading cycle
2025-04-08 13:56:23,934 - Quantum Trading Bot - INFO - Processing AAPL
2025-04-08 13:56:23,934 - Quantum Trading Bot - INFO - Mock halal compliance check for AAPL: COMPLIANT
2025-04-08 13:56:23,957 - Quantum Trading Bot - INFO - Quantum device error rate: 0.0381
2025-04-08 13:56:23,963 - Quantum Trading Bot - INFO - Quantum prediction for AAPL: 0.5950 (confidence: 0.7695)
2025-04-08 13:56:23,963 - Quantum Trading Bot - INFO - Trading signal for AAPL: 0.5950 (source: quantum)
2025-04-08 13:56:23,963 - Quantum Trading Bot - INFO - HOLD signal for AAPL (score: 0.5950, source: quantum)
2025-04-08 13:56:23,966 - Quantum Trading Bot - INFO - Processing MSFT
2025-04-08 13:56:23,966 - Quantum Trading Bot - INFO - Mock halal compliance check for MSFT: COMPLIANT
2025-04-08 13:56:23,976 - Quantum Trading Bot - INFO - Quantum device error rate: 0.0468
2025-04-08 13:56:23,979 - Quantum Trading Bot - INFO - Quantum prediction for MSFT: 0.4980 (confidence: 0.7626)
2025-04-08 13:56:23,979 - Quantum Trading Bot - INFO - Trading signal for MSFT: 0.4980 (source: quantum)
2025-04-08 13:56:23,979 - Quantum Trading Bot - INFO - HOLD signal for MSFT (score: 0.4980, source: quantum)
2025-04-08 13:56:23,981 - Quantum Trading Bot - INFO - Processing NVDA
2025-04-08 13:56:23,981 - Quantum Trading Bot - INFO - Mock halal compliance check for NVDA: COMPLIANT
2025-04-08 13:56:23,990 - Quantum Trading Bot - INFO - Quantum device error rate: 0.0375
2025-04-08 13:56:23,992 - Quantum Trading Bot - INFO - Quantum prediction for NVDA: 0.3720 (confidence: 0.9625)
2025-04-08 13:56:23,992 - Quantum Trading Bot - INFO - Trading signal for NVDA: 0.3720 (source: quantum)
2025-04-08 13:56:23,992 - Quantum Trading Bot - INFO - HOLD signal for NVDA (score: 0.3720, source: quantum)
2025-04-08 13:56:24,003 - Quantum Trading Bot - INFO - Performance metrics saved: 40/72 winning trades
2025-04-08 13:56:24,003 - Quantum Trading Bot - INFO - Quantum prediction accuracy: 0.00
2025-04-08 13:56:24,003 - Quantum Trading Bot - INFO - Sleeping for 60 seconds
2025-04-08 13:57:16,975 - Trading System - INFO - Trading Bot is alive: True
2025-04-08 13:57:16,977 - Trading System - INFO - Monitor Bot is alive: True
2025-04-08 13:57:16,977 - Trading System - INFO - Improvement Bot is alive: True
2025-04-08 13:57:24,013 - Quantum Trading Bot - INFO - Starting trading cycle
2025-04-08 13:57:24,014 - Quantum Trading Bot - INFO - Processing AAPL
2025-04-08 13:57:24,014 - Quantum Trading Bot - INFO - Mock halal compliance check for AAPL: COMPLIANT
2025-04-08 13:57:24,039 - Quantum Trading Bot - INFO - Quantum device error rate: 0.0501
2025-04-08 13:57:24,053 - Quantum Trading Bot - INFO - Quantum prediction for AAPL: 0.5372 (confidence: 0.7599)
2025-04-08 13:57:24,053 - Quantum Trading Bot - INFO - Trading signal for AAPL: 0.5372 (source: quantum)
2025-04-08 13:57:24,053 - Quantum Trading Bot - INFO - HOLD signal for AAPL (score: 0.5372, source: quantum)
2025-04-08 13:57:24,055 - Quantum Trading Bot - INFO - Processing MSFT
2025-04-08 13:57:24,055 - Quantum Trading Bot - INFO - Mock halal compliance check for MSFT: COMPLIANT
2025-04-08 13:57:24,065 - Quantum Trading Bot - INFO - Quantum device error rate: 0.0450
2025-04-08 13:57:24,068 - Quantum Trading Bot - INFO - Quantum prediction for MSFT: 0.6320 (confidence: 0.9550)
2025-04-08 13:57:24,068 - Quantum Trading Bot - INFO - Trading signal for MSFT: 0.6320 (source: quantum)
2025-04-08 13:57:24,068 - Quantum Trading Bot - INFO - HOLD signal for MSFT (score: 0.6320, source: quantum)
2025-04-08 13:57:24,069 - Quantum Trading Bot - INFO - Processing NVDA
2025-04-08 13:57:24,069 - Quantum Trading Bot - INFO - Mock halal compliance check for NVDA: COMPLIANT
2025-04-08 13:57:24,077 - Quantum Trading Bot - INFO - Quantum device error rate: 0.0522
2025-04-08 13:57:24,085 - Quantum Trading Bot - INFO - Quantum prediction for NVDA: 0.0397 (confidence: 0.9478)
2025-04-08 13:57:24,085 - Quantum Trading Bot - INFO - Trading signal for NVDA: 0.0397 (source: quantum)
2025-04-08 13:57:24,085 - Quantum Trading Bot - INFO - SELL signal for NVDA (score: 0.0397, source: quantum)
2025-04-08 13:57:24,086 - Quantum Trading Bot - WARNING - Cannot sell NVDA - no position
2025-04-08 13:57:24,095 - Quantum Trading Bot - INFO - Performance metrics saved: 40/72 winning trades
2025-04-08 13:57:24,095 - Quantum Trading Bot - INFO - Quantum prediction accuracy: 0.00
2025-04-08 13:57:24,095 - Quantum Trading Bot - INFO - Sleeping for 60 seconds
2025-04-08 13:58:16,986 - Trading System - INFO - Trading Bot is alive: True
2025-04-08 13:58:16,987 - Trading System - INFO - Monitor Bot is alive: True
2025-04-08 13:58:16,987 - Trading System - INFO - Improvement Bot is alive: True
2025-04-08 13:58:24,105 - Quantum Trading Bot - INFO - Starting trading cycle
2025-04-08 13:58:24,106 - Quantum Trading Bot - INFO - Processing AAPL
2025-04-08 13:58:24,107 - Quantum Trading Bot - INFO - Mock halal compliance check for AAPL: COMPLIANT
2025-04-08 13:58:24,130 - Quantum Trading Bot - INFO - Quantum device error rate: 0.0324
2025-04-08 13:58:24,137 - Quantum Trading Bot - INFO - Quantum prediction for AAPL: 0.8260 (confidence: 0.9676)
2025-04-08 13:58:24,137 - Quantum Trading Bot - INFO - Trading signal for AAPL: 0.8260 (source: quantum)
2025-04-08 13:58:24,137 - Quantum Trading Bot - INFO - HOLD signal for AAPL (score: 0.8260, source: quantum)
2025-04-08 13:58:24,139 - Quantum Trading Bot - INFO - Processing MSFT
2025-04-08 13:58:24,139 - Quantum Trading Bot - INFO - Mock halal compliance check for MSFT: COMPLIANT
2025-04-08 13:58:24,150 - Quantum Trading Bot - INFO - Quantum device error rate: 0.0321
2025-04-08 13:58:24,153 - Quantum Trading Bot - INFO - Quantum prediction for MSFT: 0.4640 (confidence: 0.7743)
2025-04-08 13:58:24,153 - Quantum Trading Bot - INFO - Trading signal for MSFT: 0.4640 (source: quantum)
2025-04-08 13:58:24,153 - Quantum Trading Bot - INFO - HOLD signal for MSFT (score: 0.4640, source: quantum)
2025-04-08 13:58:24,155 - Quantum Trading Bot - INFO - Processing NVDA
2025-04-08 13:58:24,155 - Quantum Trading Bot - INFO - Mock halal compliance check for NVDA: COMPLIANT
2025-04-08 13:58:24,163 - Quantum Trading Bot - INFO - Quantum device error rate: 0.0315
2025-04-08 13:58:24,166 - Quantum Trading Bot - INFO - Quantum prediction for NVDA: 0.6280 (confidence: 0.9685)
2025-04-08 13:58:24,166 - Quantum Trading Bot - INFO - Trading signal for NVDA: 0.6280 (source: quantum)
2025-04-08 13:58:24,166 - Quantum Trading Bot - INFO - HOLD signal for NVDA (score: 0.6280, source: quantum)
2025-04-08 13:58:24,176 - Quantum Trading Bot - INFO - Performance metrics saved: 40/72 winning trades
2025-04-08 13:58:24,176 - Quantum Trading Bot - INFO - Quantum prediction accuracy: 0.00
2025-04-08 13:58:24,186 - Quantum Trading Bot - INFO - Quantum device error rate: 0.0228
2025-04-08 13:58:24,188 - Quantum Trading Bot - INFO - Quantum portfolio optimization complete: {'AAPL': np.float64(0.32703978422117325), 'MSFT': np.float64(0.3391773432231962), 'NVDA': np.float64(0.33378287255563044)}
2025-04-08 13:58:24,188 - Quantum Trading Bot - INFO - Optimal portfolio weights: {'AAPL': np.float64(0.32703978422117325), 'MSFT': np.float64(0.3391773432231962), 'NVDA': np.float64(0.33378287255563044)}
2025-04-08 13:58:24,188 - Quantum Trading Bot - INFO - Sleeping for 60 seconds
2025-04-08 14:14:29,347 - Trading System - INFO - Trading Bot is alive: True
2025-04-08 14:14:29,350 - Trading System - INFO - Monitor Bot is alive: True
2025-04-08 14:14:29,350 - Trading System - INFO - Improvement Bot is alive: True
2025-04-08 14:14:30,306 - Monitor Bot - INFO - Running scheduled task: Performance Metrics
2025-04-08 14:14:30,311 - Monitor Bot - INFO - === Performance Metrics ===
2025-04-08 14:14:30,312 - Monitor Bot - INFO - Date: 2025-04-08T13:58:24.168195
2025-04-08 14:14:30,312 - Monitor Bot - INFO - Total Trades: 72
2025-04-08 14:14:30,312 - Monitor Bot - INFO - Win Rate: 55.56%
2025-04-08 14:14:30,312 - Monitor Bot - INFO - Total Profit: $18.27
2025-04-08 14:14:30,312 - Monitor Bot - INFO - Average Profit per Trade: $0.25
2025-04-08 14:14:30,312 - Monitor Bot - INFO - Average Profit Percentage: 0.09%
2025-04-08 14:14:30,312 - Monitor Bot - INFO - Maximum Drawdown: 0.10%
2025-04-08 14:14:30,312 - Monitor Bot - INFO - Quantum Prediction Accuracy: 0.00%
2025-04-08 14:14:30,312 - Monitor Bot - INFO - ============================
2025-04-08 14:14:30,323 - Monitor Bot - INFO - Task Performance Metrics completed successfully
2025-04-08 14:14:36,541 - Quantum Trading Bot - INFO - Starting trading cycle
2025-04-08 14:14:36,542 - Quantum Trading Bot - INFO - Processing AAPL
2025-04-08 14:14:36,542 - Quantum Trading Bot - INFO - Mock halal compliance check for AAPL: COMPLIANT
2025-04-08 14:14:36,569 - Quantum Trading Bot - INFO - Quantum device error rate: 0.0450
2025-04-08 14:14:36,573 - Quantum Trading Bot - INFO - Quantum prediction for AAPL: 0.5950 (confidence: 0.7640)
2025-04-08 14:14:36,573 - Quantum Trading Bot - INFO - Trading signal for AAPL: 0.5950 (source: quantum)
2025-04-08 14:14:36,573 - Quantum Trading Bot - INFO - HOLD signal for AAPL (score: 0.5950, source: quantum)
2025-04-08 14:14:36,575 - Quantum Trading Bot - INFO - Processing MSFT
2025-04-08 14:14:36,575 - Quantum Trading Bot - INFO - Mock halal compliance check for MSFT: COMPLIANT
2025-04-08 14:14:36,584 - Quantum Trading Bot - INFO - Quantum device error rate: 0.0495
2025-04-08 14:14:36,587 - Quantum Trading Bot - INFO - Quantum prediction for MSFT: 0.4600 (confidence: 0.7604)
2025-04-08 14:14:36,587 - Quantum Trading Bot - INFO - Trading signal for MSFT: 0.4600 (source: quantum)
2025-04-08 14:14:36,587 - Quantum Trading Bot - INFO - HOLD signal for MSFT (score: 0.4600, source: quantum)
2025-04-08 14:14:36,589 - Quantum Trading Bot - INFO - Processing NVDA
2025-04-08 14:14:36,589 - Quantum Trading Bot - INFO - Mock halal compliance check for NVDA: COMPLIANT
2025-04-08 14:14:36,597 - Quantum Trading Bot - INFO - Quantum device error rate: 0.0384
2025-04-08 14:14:36,599 - Quantum Trading Bot - INFO - Quantum prediction for NVDA: 0.7200 (confidence: 0.9616)
2025-04-08 14:14:36,599 - Quantum Trading Bot - INFO - Trading signal for NVDA: 0.7200 (source: quantum)
2025-04-08 14:14:36,599 - Quantum Trading Bot - INFO - HOLD signal for NVDA (score: 0.7200, source: quantum)
2025-04-08 14:14:36,608 - Quantum Trading Bot - INFO - Performance metrics saved: 40/72 winning trades
2025-04-08 14:14:36,608 - Quantum Trading Bot - INFO - Quantum prediction accuracy: 0.00
2025-04-08 14:14:36,608 - Quantum Trading Bot - INFO - Sleeping for 60 seconds
2025-04-08 14:28:06,716 - Trading System - INFO - Trading Bot is alive: True
2025-04-08 14:28:06,717 - Trading System - INFO - Monitor Bot is alive: True
2025-04-08 14:28:06,718 - Trading System - INFO - Improvement Bot is alive: True
2025-04-08 14:28:13,981 - Quantum Trading Bot - INFO - Starting trading cycle
2025-04-08 14:28:13,982 - Quantum Trading Bot - INFO - Processing AAPL
2025-04-08 14:28:13,982 - Quantum Trading Bot - INFO - Mock halal compliance check for AAPL: COMPLIANT
2025-04-08 14:28:14,005 - Quantum Trading Bot - INFO - Quantum device error rate: 0.0684
2025-04-08 14:28:14,019 - Quantum Trading Bot - INFO - Quantum prediction for AAPL: 0.4719 (confidence: 0.7453)
2025-04-08 14:28:14,019 - Quantum Trading Bot - INFO - Trading signal for AAPL: 0.4719 (source: quantum)
2025-04-08 14:28:14,019 - Quantum Trading Bot - INFO - HOLD signal for AAPL (score: 0.4719, source: quantum)
2025-04-08 14:28:14,021 - Quantum Trading Bot - INFO - Processing MSFT
2025-04-08 14:28:14,021 - Quantum Trading Bot - INFO - Mock halal compliance check for MSFT: COMPLIANT
2025-04-08 14:28:14,031 - Quantum Trading Bot - INFO - Quantum device error rate: 0.0291
2025-04-08 14:28:14,034 - Quantum Trading Bot - INFO - Quantum prediction for MSFT: 0.5500 (confidence: 0.7767)
2025-04-08 14:28:14,034 - Quantum Trading Bot - INFO - Trading signal for MSFT: 0.5500 (source: quantum)
2025-04-08 14:28:14,034 - Quantum Trading Bot - INFO - HOLD signal for MSFT (score: 0.5500, source: quantum)
2025-04-08 14:28:14,036 - Quantum Trading Bot - INFO - Processing NVDA
2025-04-08 14:28:14,036 - Quantum Trading Bot - INFO - Mock halal compliance check for NVDA: COMPLIANT
2025-04-08 14:28:14,045 - Quantum Trading Bot - INFO - Quantum device error rate: 0.0453
2025-04-08 14:28:14,048 - Quantum Trading Bot - INFO - Quantum prediction for NVDA: 0.3720 (confidence: 0.9547)
2025-04-08 14:28:14,048 - Quantum Trading Bot - INFO - Trading signal for NVDA: 0.3720 (source: quantum)
2025-04-08 14:28:14,048 - Quantum Trading Bot - INFO - HOLD signal for NVDA (score: 0.3720, source: quantum)
2025-04-08 14:28:14,057 - Quantum Trading Bot - INFO - Performance metrics saved: 40/72 winning trades
2025-04-08 14:28:14,057 - Quantum Trading Bot - INFO - Quantum prediction accuracy: 0.00
2025-04-08 14:28:14,057 - Quantum Trading Bot - INFO - Sleeping for 60 seconds
2025-04-08 14:32:21,695 - Trading System - INFO - Trading Bot is alive: True
2025-04-08 14:32:21,698 - Trading System - INFO - Monitor Bot is alive: True
2025-04-08 14:32:21,698 - Trading System - INFO - Improvement Bot is alive: True
2025-04-08 14:32:29,028 - Quantum Trading Bot - INFO - Starting trading cycle
2025-04-08 14:32:29,029 - Quantum Trading Bot - INFO - Processing AAPL
2025-04-08 14:32:29,030 - Quantum Trading Bot - INFO - Mock halal compliance check for AAPL: COMPLIANT
2025-04-08 14:32:29,067 - Quantum Trading Bot - INFO - Quantum device error rate: 0.0381
2025-04-08 14:32:29,072 - Quantum Trading Bot - INFO - Quantum prediction for AAPL: 0.6980 (confidence: 0.9619)
2025-04-08 14:32:29,072 - Quantum Trading Bot - INFO - Trading signal for AAPL: 0.6980 (source: quantum)
2025-04-08 14:32:29,072 - Quantum Trading Bot - INFO - HOLD signal for AAPL (score: 0.6980, source: quantum)
2025-04-08 14:32:29,075 - Quantum Trading Bot - INFO - Processing MSFT
2025-04-08 14:32:29,075 - Quantum Trading Bot - INFO - Mock halal compliance check for MSFT: COMPLIANT
2025-04-08 14:32:29,084 - Quantum Trading Bot - INFO - Quantum device error rate: 0.0297
2025-04-08 14:32:29,087 - Quantum Trading Bot - INFO - Quantum prediction for MSFT: 0.1470 (confidence: 0.9703)
2025-04-08 14:32:29,087 - Quantum Trading Bot - INFO - Trading signal for MSFT: 0.1470 (source: quantum)
2025-04-08 14:32:29,087 - Quantum Trading Bot - INFO - SELL signal for MSFT (score: 0.1470, source: quantum)
2025-04-08 14:32:29,089 - Quantum Trading Bot - WARNING - Cannot sell MSFT - no position
2025-04-08 14:32:29,090 - Quantum Trading Bot - INFO - Processing NVDA
2025-04-08 14:32:29,090 - Quantum Trading Bot - INFO - Mock halal compliance check for NVDA: COMPLIANT
2025-04-08 14:32:29,098 - Quantum Trading Bot - INFO - Quantum device error rate: 0.0336
2025-04-08 14:32:29,101 - Quantum Trading Bot - INFO - Quantum prediction for NVDA: 0.4720 (confidence: 0.7731)
2025-04-08 14:32:29,101 - Quantum Trading Bot - INFO - Trading signal for NVDA: 0.4720 (source: quantum)
2025-04-08 14:32:29,101 - Quantum Trading Bot - INFO - HOLD signal for NVDA (score: 0.4720, source: quantum)
2025-04-08 14:32:29,110 - Quantum Trading Bot - INFO - Performance metrics saved: 40/72 winning trades
2025-04-08 14:32:29,110 - Quantum Trading Bot - INFO - Quantum prediction accuracy: 0.00
2025-04-08 14:32:29,110 - Quantum Trading Bot - INFO - Sleeping for 60 seconds
2025-04-08 14:33:21,703 - Trading System - INFO - Trading Bot is alive: True
2025-04-08 14:33:21,706 - Trading System - INFO - Monitor Bot is alive: True
2025-04-08 14:33:21,707 - Trading System - INFO - Improvement Bot is alive: True
2025-04-08 14:33:29,114 - Quantum Trading Bot - INFO - Starting trading cycle
2025-04-08 14:33:29,116 - Quantum Trading Bot - INFO - Processing AAPL
2025-04-08 14:33:29,116 - Quantum Trading Bot - INFO - Mock halal compliance check for AAPL: COMPLIANT
2025-04-08 14:33:29,147 - Quantum Trading Bot - INFO - Quantum device error rate: 0.0309
2025-04-08 14:33:29,152 - Quantum Trading Bot - INFO - Quantum prediction for AAPL: 0.6960 (confidence: 0.9691)
2025-04-08 14:33:29,152 - Quantum Trading Bot - INFO - Trading signal for AAPL: 0.6960 (source: quantum)
2025-04-08 14:33:29,152 - Quantum Trading Bot - INFO - HOLD signal for AAPL (score: 0.6960, source: quantum)
2025-04-08 14:33:29,155 - Quantum Trading Bot - INFO - Processing MSFT
2025-04-08 14:33:29,155 - Quantum Trading Bot - INFO - Mock halal compliance check for MSFT: COMPLIANT
2025-04-08 14:33:29,164 - Quantum Trading Bot - INFO - Quantum device error rate: 0.0384
2025-04-08 14:33:29,167 - Quantum Trading Bot - INFO - Quantum prediction for MSFT: 0.1770 (confidence: 0.9616)
2025-04-08 14:33:29,167 - Quantum Trading Bot - INFO - Trading signal for MSFT: 0.1770 (source: quantum)
2025-04-08 14:33:29,167 - Quantum Trading Bot - INFO - SELL signal for MSFT (score: 0.1770, source: quantum)
2025-04-08 14:33:29,168 - Quantum Trading Bot - WARNING - Cannot sell MSFT - no position
2025-04-08 14:33:29,170 - Quantum Trading Bot - INFO - Processing NVDA
2025-04-08 14:33:29,170 - Quantum Trading Bot - INFO - Mock halal compliance check for NVDA: COMPLIANT
2025-04-08 14:33:29,177 - Quantum Trading Bot - INFO - Quantum device error rate: 0.0339
2025-04-08 14:33:29,180 - Quantum Trading Bot - INFO - Quantum prediction for NVDA: 0.3260 (confidence: 0.9661)
2025-04-08 14:33:29,180 - Quantum Trading Bot - INFO - Trading signal for NVDA: 0.3260 (source: quantum)
2025-04-08 14:33:29,180 - Quantum Trading Bot - INFO - HOLD signal for NVDA (score: 0.3260, source: quantum)
2025-04-08 14:33:29,189 - Quantum Trading Bot - INFO - Performance metrics saved: 40/72 winning trades
2025-04-08 14:33:29,189 - Quantum Trading Bot - INFO - Quantum prediction accuracy: 0.00
2025-04-08 14:33:29,189 - Quantum Trading Bot - INFO - Sleeping for 60 seconds
2025-04-08 14:34:21,712 - Trading System - INFO - Trading Bot is alive: True
2025-04-08 14:34:21,717 - Trading System - INFO - Monitor Bot is alive: True
2025-04-08 14:34:21,717 - Trading System - INFO - Improvement Bot is alive: True
2025-04-08 14:34:29,193 - Quantum Trading Bot - INFO - Starting trading cycle
2025-04-08 14:34:29,195 - Quantum Trading Bot - INFO - Processing AAPL
2025-04-08 14:34:29,195 - Quantum Trading Bot - INFO - Mock halal compliance check for AAPL: COMPLIANT
2025-04-08 14:34:29,227 - Quantum Trading Bot - INFO - Quantum device error rate: 0.0483
2025-04-08 14:34:29,233 - Quantum Trading Bot - INFO - Quantum prediction for AAPL: 0.9050 (confidence: 0.9517)
2025-04-08 14:34:29,233 - Quantum Trading Bot - INFO - Trading signal for AAPL: 0.9050 (source: quantum)
2025-04-08 14:34:29,233 - Quantum Trading Bot - INFO - HOLD signal for AAPL (score: 0.9050, source: quantum)
2025-04-08 14:34:29,235 - Quantum Trading Bot - INFO - Processing MSFT
2025-04-08 14:34:29,235 - Quantum Trading Bot - INFO - Mock halal compliance check for MSFT: COMPLIANT
2025-04-08 14:34:29,245 - Quantum Trading Bot - INFO - Quantum device error rate: 0.0372
2025-04-08 14:34:29,248 - Quantum Trading Bot - INFO - Quantum prediction for MSFT: 0.0680 (confidence: 0.9628)
2025-04-08 14:34:29,248 - Quantum Trading Bot - INFO - Trading signal for MSFT: 0.0680 (source: quantum)
2025-04-08 14:34:29,248 - Quantum Trading Bot - INFO - SELL signal for MSFT (score: 0.0680, source: quantum)
2025-04-08 14:34:29,249 - Quantum Trading Bot - WARNING - Cannot sell MSFT - no position
2025-04-08 14:34:29,251 - Quantum Trading Bot - INFO - Processing NVDA
2025-04-08 14:34:29,251 - Quantum Trading Bot - INFO - Mock halal compliance check for NVDA: COMPLIANT
2025-04-08 14:34:29,259 - Quantum Trading Bot - INFO - Quantum device error rate: 0.0357
2025-04-08 14:34:29,261 - Quantum Trading Bot - INFO - Quantum prediction for NVDA: 0.4620 (confidence: 0.7714)
2025-04-08 14:34:29,261 - Quantum Trading Bot - INFO - Trading signal for NVDA: 0.4620 (source: quantum)
2025-04-08 14:34:29,261 - Quantum Trading Bot - INFO - HOLD signal for NVDA (score: 0.4620, source: quantum)
2025-04-08 14:34:29,271 - Quantum Trading Bot - INFO - Performance metrics saved: 40/72 winning trades
2025-04-08 14:34:29,271 - Quantum Trading Bot - INFO - Quantum prediction accuracy: 0.00
2025-04-08 14:34:29,271 - Quantum Trading Bot - INFO - Sleeping for 60 seconds
2025-04-08 14:35:21,718 - Trading System - INFO - Trading Bot is alive: True
2025-04-08 14:35:21,720 - Trading System - INFO - Monitor Bot is alive: True
2025-04-08 14:35:21,721 - Trading System - INFO - Improvement Bot is alive: True
2025-04-08 14:35:29,275 - Quantum Trading Bot - INFO - Starting trading cycle
2025-04-08 14:35:29,277 - Quantum Trading Bot - INFO - Processing AAPL
2025-04-08 14:35:29,277 - Quantum Trading Bot - INFO - Mock halal compliance check for AAPL: COMPLIANT
2025-04-08 14:35:29,311 - Quantum Trading Bot - INFO - Quantum device error rate: 0.0462
2025-04-08 14:35:29,317 - Quantum Trading Bot - INFO - Quantum prediction for AAPL: 0.3240 (confidence: 0.9538)
2025-04-08 14:35:29,318 - Quantum Trading Bot - INFO - Trading signal for AAPL: 0.3240 (source: quantum)
2025-04-08 14:35:29,318 - Quantum Trading Bot - INFO - HOLD signal for AAPL (score: 0.3240, source: quantum)
2025-04-08 14:35:29,320 - Quantum Trading Bot - INFO - Processing MSFT
2025-04-08 14:35:29,321 - Quantum Trading Bot - INFO - Mock halal compliance check for MSFT: COMPLIANT
2025-04-08 14:35:29,331 - Quantum Trading Bot - INFO - Quantum device error rate: 0.0393
2025-04-08 14:35:29,335 - Quantum Trading Bot - INFO - Quantum prediction for MSFT: 0.2670 (confidence: 0.9607)
2025-04-08 14:35:29,335 - Quantum Trading Bot - INFO - Trading signal for MSFT: 0.2670 (source: quantum)
2025-04-08 14:35:29,335 - Quantum Trading Bot - INFO - SELL signal for MSFT (score: 0.2670, source: quantum)
2025-04-08 14:35:29,336 - Quantum Trading Bot - WARNING - Cannot sell MSFT - no position
2025-04-08 14:35:29,339 - Quantum Trading Bot - INFO - Processing NVDA
2025-04-08 14:35:29,339 - Quantum Trading Bot - INFO - Mock halal compliance check for NVDA: COMPLIANT
2025-04-08 14:35:29,348 - Quantum Trading Bot - INFO - Quantum device error rate: 0.0270
2025-04-08 14:35:29,352 - Quantum Trading Bot - INFO - Quantum prediction for NVDA: 0.4940 (confidence: 0.7784)
2025-04-08 14:35:29,352 - Quantum Trading Bot - INFO - Trading signal for NVDA: 0.4940 (source: quantum)
2025-04-08 14:35:29,352 - Quantum Trading Bot - INFO - HOLD signal for NVDA (score: 0.4940, source: quantum)
2025-04-08 14:35:29,362 - Quantum Trading Bot - INFO - Performance metrics saved: 40/72 winning trades
2025-04-08 14:35:29,362 - Quantum Trading Bot - INFO - Quantum prediction accuracy: 0.00
2025-04-08 14:35:29,362 - Quantum Trading Bot - INFO - Sleeping for 60 seconds
2025-04-08 14:36:21,721 - Trading System - INFO - Trading Bot is alive: True
2025-04-08 14:36:21,723 - Trading System - INFO - Monitor Bot is alive: True
2025-04-08 14:36:21,723 - Trading System - INFO - Improvement Bot is alive: True
2025-04-08 14:36:29,367 - Quantum Trading Bot - INFO - Starting trading cycle
2025-04-08 14:36:29,368 - Quantum Trading Bot - INFO - Processing AAPL
2025-04-08 14:36:29,369 - Quantum Trading Bot - INFO - Mock halal compliance check for AAPL: COMPLIANT
2025-04-08 14:36:29,397 - Quantum Trading Bot - INFO - Quantum device error rate: 0.0387
2025-04-08 14:36:29,405 - Quantum Trading Bot - INFO - Quantum prediction for AAPL: 0.4550 (confidence: 0.7690)
2025-04-08 14:36:29,405 - Quantum Trading Bot - INFO - Trading signal for AAPL: 0.4550 (source: quantum)
2025-04-08 14:36:29,405 - Quantum Trading Bot - INFO - HOLD signal for AAPL (score: 0.4550, source: quantum)
2025-04-08 14:36:29,407 - Quantum Trading Bot - INFO - Processing MSFT
2025-04-08 14:36:29,407 - Quantum Trading Bot - INFO - Mock halal compliance check for MSFT: COMPLIANT
2025-04-08 14:36:29,415 - Quantum Trading Bot - INFO - Quantum device error rate: 0.0354
2025-04-08 14:36:29,418 - Quantum Trading Bot - INFO - Quantum prediction for MSFT: 0.7360 (confidence: 0.9646)
2025-04-08 14:36:29,418 - Quantum Trading Bot - INFO - Trading signal for MSFT: 0.7360 (source: quantum)
2025-04-08 14:36:29,418 - Quantum Trading Bot - INFO - HOLD signal for MSFT (score: 0.7360, source: quantum)
2025-04-08 14:36:29,420 - Quantum Trading Bot - INFO - Processing NVDA
2025-04-08 14:36:29,420 - Quantum Trading Bot - INFO - Mock halal compliance check for NVDA: COMPLIANT
2025-04-08 14:36:29,428 - Quantum Trading Bot - INFO - Quantum device error rate: 0.0459
2025-04-08 14:36:29,432 - Quantum Trading Bot - INFO - Quantum prediction for NVDA: 0.4340 (confidence: 0.7633)
2025-04-08 14:36:29,432 - Quantum Trading Bot - INFO - Trading signal for NVDA: 0.4340 (source: quantum)
2025-04-08 14:36:29,432 - Quantum Trading Bot - INFO - HOLD signal for NVDA (score: 0.4340, source: quantum)
2025-04-08 14:36:29,441 - Quantum Trading Bot - INFO - Performance metrics saved: 40/72 winning trades
2025-04-08 14:36:29,441 - Quantum Trading Bot - INFO - Quantum prediction accuracy: 0.00
2025-04-08 14:36:29,441 - Quantum Trading Bot - INFO - Sleeping for 60 seconds
2025-04-08 14:37:21,729 - Trading System - INFO - Trading Bot is alive: True
2025-04-08 14:37:21,731 - Trading System - INFO - Monitor Bot is alive: True
2025-04-08 14:37:21,731 - Trading System - INFO - Improvement Bot is alive: True
2025-04-08 14:37:29,445 - Quantum Trading Bot - INFO - Starting trading cycle
2025-04-08 14:37:29,446 - Quantum Trading Bot - INFO - Processing AAPL
2025-04-08 14:37:29,447 - Quantum Trading Bot - INFO - Mock halal compliance check for AAPL: COMPLIANT
2025-04-08 14:37:29,473 - Quantum Trading Bot - INFO - Quantum device error rate: 0.0225
2025-04-08 14:37:29,479 - Quantum Trading Bot - INFO - Quantum prediction for AAPL: 0.4340 (confidence: 0.7820)
2025-04-08 14:37:29,479 - Quantum Trading Bot - INFO - Trading signal for AAPL: 0.4340 (source: quantum)
2025-04-08 14:37:29,479 - Quantum Trading Bot - INFO - HOLD signal for AAPL (score: 0.4340, source: quantum)
2025-04-08 14:37:29,482 - Quantum Trading Bot - INFO - Processing MSFT
2025-04-08 14:37:29,482 - Quantum Trading Bot - INFO - Mock halal compliance check for MSFT: COMPLIANT
2025-04-08 14:37:29,494 - Quantum Trading Bot - INFO - Quantum device error rate: 0.0351
2025-04-08 14:37:29,498 - Quantum Trading Bot - INFO - Quantum prediction for MSFT: 0.1000 (confidence: 0.9649)
2025-04-08 14:37:29,498 - Quantum Trading Bot - INFO - Trading signal for MSFT: 0.1000 (source: quantum)
2025-04-08 14:37:29,498 - Quantum Trading Bot - INFO - SELL signal for MSFT (score: 0.1000, source: quantum)
2025-04-08 14:37:29,499 - Quantum Trading Bot - WARNING - Cannot sell MSFT - no position
2025-04-08 14:37:29,502 - Quantum Trading Bot - INFO - Processing NVDA
2025-04-08 14:37:29,502 - Quantum Trading Bot - INFO - Mock halal compliance check for NVDA: COMPLIANT
2025-04-08 14:37:29,512 - Quantum Trading Bot - INFO - Quantum device error rate: 0.0363
2025-04-08 14:37:29,515 - Quantum Trading Bot - INFO - Quantum prediction for NVDA: 0.3660 (confidence: 0.9637)
2025-04-08 14:37:29,515 - Quantum Trading Bot - INFO - Trading signal for NVDA: 0.3660 (source: quantum)
2025-04-08 14:37:29,515 - Quantum Trading Bot - INFO - HOLD signal for NVDA (score: 0.3660, source: quantum)
2025-04-08 14:37:29,526 - Quantum Trading Bot - INFO - Performance metrics saved: 40/72 winning trades
2025-04-08 14:37:29,526 - Quantum Trading Bot - INFO - Quantum prediction accuracy: 0.00
2025-04-08 14:37:29,526 - Quantum Trading Bot - INFO - Sleeping for 60 seconds
2025-04-08 14:38:20,856 - Improvement Bot - INFO - Running scheduled task: System Health Analysis
2025-04-08 14:38:20,866 - Improvement Bot - INFO - Win rate trend: +0.00%
2025-04-08 14:38:20,867 - Improvement Bot - INFO - Profit trend: +0.00%
2025-04-08 14:38:20,869 - Improvement Bot - INFO - System health analysis completed: healthy
2025-04-08 14:38:20,869 - Improvement Bot - INFO - Task System Health Analysis completed successfully
2025-04-08 14:38:21,736 - Trading System - INFO - Trading Bot is alive: True
2025-04-08 14:38:21,736 - Trading System - INFO - Monitor Bot is alive: True
2025-04-08 14:38:21,736 - Trading System - INFO - Improvement Bot is alive: True
2025-04-08 14:38:29,531 - Quantum Trading Bot - INFO - Starting trading cycle
2025-04-08 14:38:29,532 - Quantum Trading Bot - INFO - Processing AAPL
2025-04-08 14:38:29,532 - Quantum Trading Bot - INFO - Mock halal compliance check for AAPL: COMPLIANT
2025-04-08 14:38:29,574 - Quantum Trading Bot - INFO - Quantum device error rate: 0.0519
2025-04-08 14:38:29,587 - Quantum Trading Bot - INFO - Quantum prediction for AAPL: 0.7698 (confidence: 0.9481)
2025-04-08 14:38:29,587 - Quantum Trading Bot - INFO - Trading signal for AAPL: 0.7698 (source: quantum)
2025-04-08 14:38:29,587 - Quantum Trading Bot - INFO - HOLD signal for AAPL (score: 0.7698, source: quantum)
2025-04-08 14:38:29,589 - Quantum Trading Bot - INFO - Processing MSFT
2025-04-08 14:38:29,589 - Quantum Trading Bot - INFO - Mock halal compliance check for MSFT: COMPLIANT
2025-04-08 14:38:29,598 - Quantum Trading Bot - INFO - Quantum device error rate: 0.0456
2025-04-08 14:38:29,601 - Quantum Trading Bot - INFO - Quantum prediction for MSFT: 0.7410 (confidence: 0.9544)
2025-04-08 14:38:29,601 - Quantum Trading Bot - INFO - Trading signal for MSFT: 0.7410 (source: quantum)
2025-04-08 14:38:29,601 - Quantum Trading Bot - INFO - HOLD signal for MSFT (score: 0.7410, source: quantum)
2025-04-08 14:38:29,603 - Quantum Trading Bot - INFO - Processing NVDA
2025-04-08 14:38:29,603 - Quantum Trading Bot - INFO - Mock halal compliance check for NVDA: COMPLIANT
2025-04-08 14:38:29,610 - Quantum Trading Bot - INFO - Quantum device error rate: 0.0399
2025-04-08 14:38:29,613 - Quantum Trading Bot - INFO - Quantum prediction for NVDA: 0.4300 (confidence: 0.7681)
2025-04-08 14:38:29,613 - Quantum Trading Bot - INFO - Trading signal for NVDA: 0.4300 (source: quantum)
2025-04-08 14:38:29,613 - Quantum Trading Bot - INFO - HOLD signal for NVDA (score: 0.4300, source: quantum)
2025-04-08 14:38:29,622 - Quantum Trading Bot - INFO - Performance metrics saved: 40/72 winning trades
2025-04-08 14:38:29,622 - Quantum Trading Bot - INFO - Quantum prediction accuracy: 0.00
2025-04-08 14:38:29,622 - Quantum Trading Bot - INFO - Sleeping for 60 seconds
2025-04-08 14:39:21,740 - Trading System - INFO - Trading Bot is alive: True
2025-04-08 14:39:21,742 - Trading System - INFO - Monitor Bot is alive: True
2025-04-08 14:39:21,742 - Trading System - INFO - Improvement Bot is alive: True
2025-04-08 14:39:29,627 - Quantum Trading Bot - INFO - Starting trading cycle
2025-04-08 14:39:29,628 - Quantum Trading Bot - INFO - Processing AAPL
2025-04-08 14:39:29,629 - Quantum Trading Bot - INFO - Mock halal compliance check for AAPL: COMPLIANT
2025-04-08 14:39:29,665 - Quantum Trading Bot - INFO - Quantum device error rate: 0.0453
2025-04-08 14:39:29,670 - Quantum Trading Bot - INFO - Quantum prediction for AAPL: 0.7690 (confidence: 0.9547)
2025-04-08 14:39:29,670 - Quantum Trading Bot - INFO - Trading signal for AAPL: 0.7690 (source: quantum)
2025-04-08 14:39:29,670 - Quantum Trading Bot - INFO - HOLD signal for AAPL (score: 0.7690, source: quantum)
2025-04-08 14:39:29,673 - Quantum Trading Bot - INFO - Processing MSFT
2025-04-08 14:39:29,673 - Quantum Trading Bot - INFO - Mock halal compliance check for MSFT: COMPLIANT
2025-04-08 14:39:29,682 - Quantum Trading Bot - INFO - Quantum device error rate: 0.0351
2025-04-08 14:39:29,685 - Quantum Trading Bot - INFO - Quantum prediction for MSFT: 0.4570 (confidence: 0.7719)
2025-04-08 14:39:29,686 - Quantum Trading Bot - INFO - Trading signal for MSFT: 0.4570 (source: quantum)
2025-04-08 14:39:29,686 - Quantum Trading Bot - INFO - HOLD signal for MSFT (score: 0.4570, source: quantum)
2025-04-08 14:39:29,688 - Quantum Trading Bot - INFO - Processing NVDA
2025-04-08 14:39:29,688 - Quantum Trading Bot - INFO - Mock halal compliance check for NVDA: COMPLIANT
2025-04-08 14:39:29,696 - Quantum Trading Bot - INFO - Quantum device error rate: 0.0252
2025-04-08 14:39:29,700 - Quantum Trading Bot - INFO - Quantum prediction for NVDA: 0.5700 (confidence: 0.7798)
2025-04-08 14:39:29,700 - Quantum Trading Bot - INFO - Trading signal for NVDA: 0.5700 (source: quantum)
2025-04-08 14:39:29,700 - Quantum Trading Bot - INFO - HOLD signal for NVDA (score: 0.5700, source: quantum)
2025-04-08 14:39:29,709 - Quantum Trading Bot - INFO - Performance metrics saved: 40/72 winning trades
2025-04-08 14:39:29,709 - Quantum Trading Bot - INFO - Quantum prediction accuracy: 0.00
2025-04-08 14:39:29,709 - Quantum Trading Bot - INFO - Sleeping for 60 seconds
2025-04-08 14:40:21,745 - Trading System - INFO - Trading Bot is alive: True
2025-04-08 14:40:21,747 - Trading System - INFO - Monitor Bot is alive: True
2025-04-08 14:40:21,748 - Trading System - INFO - Improvement Bot is alive: True
2025-04-08 14:40:29,714 - Quantum Trading Bot - INFO - Starting trading cycle
2025-04-08 14:40:29,715 - Quantum Trading Bot - INFO - Processing AAPL
2025-04-08 14:40:29,716 - Quantum Trading Bot - INFO - Mock halal compliance check for AAPL: COMPLIANT
2025-04-08 14:40:29,748 - Quantum Trading Bot - INFO - Quantum device error rate: 0.0348
2025-04-08 14:40:29,755 - Quantum Trading Bot - INFO - Quantum prediction for AAPL: 0.4320 (confidence: 0.7722)
2025-04-08 14:40:29,755 - Quantum Trading Bot - INFO - Trading signal for AAPL: 0.4320 (source: quantum)
2025-04-08 14:40:29,755 - Quantum Trading Bot - INFO - HOLD signal for AAPL (score: 0.4320, source: quantum)
2025-04-08 14:40:29,758 - Quantum Trading Bot - INFO - Processing MSFT
2025-04-08 14:40:29,758 - Quantum Trading Bot - INFO - Mock halal compliance check for MSFT: COMPLIANT
2025-04-08 14:40:29,768 - Quantum Trading Bot - INFO - Quantum device error rate: 0.0450
2025-04-08 14:40:29,771 - Quantum Trading Bot - INFO - Quantum prediction for MSFT: 0.3380 (confidence: 0.9550)
2025-04-08 14:40:29,771 - Quantum Trading Bot - INFO - Trading signal for MSFT: 0.3380 (source: quantum)
2025-04-08 14:40:29,771 - Quantum Trading Bot - INFO - HOLD signal for MSFT (score: 0.3380, source: quantum)
2025-04-08 14:40:29,773 - Quantum Trading Bot - INFO - Processing NVDA
2025-04-08 14:40:29,773 - Quantum Trading Bot - INFO - Mock halal compliance check for NVDA: COMPLIANT
2025-04-08 14:40:29,781 - Quantum Trading Bot - INFO - Quantum device error rate: 0.0531
2025-04-08 14:40:29,789 - Quantum Trading Bot - INFO - Quantum prediction for NVDA: 0.7047 (confidence: 0.9469)
2025-04-08 14:40:29,789 - Quantum Trading Bot - INFO - Trading signal for NVDA: 0.7047 (source: quantum)
2025-04-08 14:40:29,789 - Quantum Trading Bot - INFO - HOLD signal for NVDA (score: 0.7047, source: quantum)
2025-04-08 14:40:29,800 - Quantum Trading Bot - INFO - Performance metrics saved: 40/72 winning trades
2025-04-08 14:40:29,800 - Quantum Trading Bot - INFO - Quantum prediction accuracy: 0.00
2025-04-08 14:40:29,800 - Quantum Trading Bot - INFO - Sleeping for 60 seconds
2025-04-08 14:41:21,750 - Trading System - INFO - Trading Bot is alive: True
2025-04-08 14:41:21,752 - Trading System - INFO - Monitor Bot is alive: True
2025-04-08 14:41:21,753 - Trading System - INFO - Improvement Bot is alive: True
2025-04-08 14:41:29,805 - Quantum Trading Bot - INFO - Starting trading cycle
2025-04-08 14:41:29,806 - Quantum Trading Bot - INFO - Processing AAPL
2025-04-08 14:41:29,807 - Quantum Trading Bot - INFO - Mock halal compliance check for AAPL: COMPLIANT
2025-04-08 14:41:29,837 - Quantum Trading Bot - INFO - Quantum device error rate: 0.0438
2025-04-08 14:41:29,844 - Quantum Trading Bot - INFO - Quantum prediction for AAPL: 0.2640 (confidence: 0.9562)
2025-04-08 14:41:29,844 - Quantum Trading Bot - INFO - Trading signal for AAPL: 0.2640 (source: quantum)
2025-04-08 14:41:29,844 - Quantum Trading Bot - INFO - SELL signal for AAPL (score: 0.2640, source: quantum)
2025-04-08 14:41:29,845 - Quantum Trading Bot - WARNING - Cannot sell AAPL - no position
2025-04-08 14:41:29,848 - Quantum Trading Bot - INFO - Processing MSFT
2025-04-08 14:41:29,848 - Quantum Trading Bot - INFO - Mock halal compliance check for MSFT: COMPLIANT
2025-04-08 14:41:29,858 - Quantum Trading Bot - INFO - Quantum device error rate: 0.0291
2025-04-08 14:41:29,861 - Quantum Trading Bot - INFO - Quantum prediction for MSFT: 0.4920 (confidence: 0.7767)
2025-04-08 14:41:29,861 - Quantum Trading Bot - INFO - Trading signal for MSFT: 0.4920 (source: quantum)
2025-04-08 14:41:29,861 - Quantum Trading Bot - INFO - HOLD signal for MSFT (score: 0.4920, source: quantum)
2025-04-08 14:41:29,863 - Quantum Trading Bot - INFO - Processing NVDA
2025-04-08 14:41:29,863 - Quantum Trading Bot - INFO - Mock halal compliance check for NVDA: COMPLIANT
2025-04-08 14:41:29,871 - Quantum Trading Bot - INFO - Quantum device error rate: 0.0441
2025-04-08 14:41:29,874 - Quantum Trading Bot - INFO - Quantum prediction for NVDA: 0.5390 (confidence: 0.7647)
2025-04-08 14:41:29,874 - Quantum Trading Bot - INFO - Trading signal for NVDA: 0.5390 (source: quantum)
2025-04-08 14:41:29,874 - Quantum Trading Bot - INFO - HOLD signal for NVDA (score: 0.5390, source: quantum)
2025-04-08 14:41:29,883 - Quantum Trading Bot - INFO - Performance metrics saved: 40/72 winning trades
2025-04-08 14:41:29,883 - Quantum Trading Bot - INFO - Quantum prediction accuracy: 0.00
2025-04-08 14:41:29,883 - Quantum Trading Bot - INFO - Sleeping for 60 seconds
2025-04-08 14:42:21,755 - Trading System - INFO - Trading Bot is alive: True
2025-04-08 14:42:21,756 - Trading System - INFO - Monitor Bot is alive: True
2025-04-08 14:42:21,756 - Trading System - INFO - Improvement Bot is alive: True
2025-04-08 14:42:29,888 - Quantum Trading Bot - INFO - Starting trading cycle
2025-04-08 14:42:29,889 - Quantum Trading Bot - INFO - Processing AAPL
2025-04-08 14:42:29,889 - Quantum Trading Bot - INFO - Mock halal compliance check for AAPL: COMPLIANT
2025-04-08 14:42:29,916 - Quantum Trading Bot - INFO - Quantum device error rate: 0.0321
2025-04-08 14:42:29,921 - Quantum Trading Bot - INFO - Quantum prediction for AAPL: 0.4510 (confidence: 0.7743)
2025-04-08 14:42:29,921 - Quantum Trading Bot - INFO - Trading signal for AAPL: 0.4510 (source: quantum)
2025-04-08 14:42:29,921 - Quantum Trading Bot - INFO - HOLD signal for AAPL (score: 0.4510, source: quantum)
2025-04-08 14:42:29,924 - Quantum Trading Bot - INFO - Processing MSFT
2025-04-08 14:42:29,924 - Quantum Trading Bot - INFO - Mock halal compliance check for MSFT: COMPLIANT
2025-04-08 14:42:29,935 - Quantum Trading Bot - INFO - Quantum device error rate: 0.0375
2025-04-08 14:42:29,938 - Quantum Trading Bot - INFO - Quantum prediction for MSFT: 0.5190 (confidence: 0.7700)
2025-04-08 14:42:29,938 - Quantum Trading Bot - INFO - Trading signal for MSFT: 0.5190 (source: quantum)
2025-04-08 14:42:29,938 - Quantum Trading Bot - INFO - HOLD signal for MSFT (score: 0.5190, source: quantum)
2025-04-08 14:42:29,940 - Quantum Trading Bot - INFO - Processing NVDA
2025-04-08 14:42:29,940 - Quantum Trading Bot - INFO - Mock halal compliance check for NVDA: COMPLIANT
2025-04-08 14:42:29,948 - Quantum Trading Bot - INFO - Quantum device error rate: 0.0174
2025-04-08 14:42:29,951 - Quantum Trading Bot - INFO - Quantum prediction for NVDA: 0.3130 (confidence: 0.9826)
2025-04-08 14:42:29,951 - Quantum Trading Bot - INFO - Trading signal for NVDA: 0.3130 (source: quantum)
2025-04-08 14:42:29,951 - Quantum Trading Bot - INFO - HOLD signal for NVDA (score: 0.3130, source: quantum)
2025-04-08 14:42:29,961 - Quantum Trading Bot - INFO - Performance metrics saved: 40/72 winning trades
2025-04-08 14:42:29,961 - Quantum Trading Bot - INFO - Quantum prediction accuracy: 0.00
2025-04-08 14:42:29,961 - Quantum Trading Bot - INFO - Sleeping for 60 seconds
2025-04-08 14:43:21,758 - Trading System - INFO - Trading Bot is alive: True
2025-04-08 14:43:21,761 - Trading System - INFO - Monitor Bot is alive: True
2025-04-08 14:43:21,761 - Trading System - INFO - Improvement Bot is alive: True
2025-04-08 14:43:29,965 - Quantum Trading Bot - INFO - Starting trading cycle
2025-04-08 14:43:29,967 - Quantum Trading Bot - INFO - Processing AAPL
2025-04-08 14:43:29,967 - Quantum Trading Bot - INFO - Mock halal compliance check for AAPL: COMPLIANT
2025-04-08 14:43:30,004 - Quantum Trading Bot - INFO - Quantum device error rate: 0.0153
2025-04-08 14:43:30,010 - Quantum Trading Bot - INFO - Quantum prediction for AAPL: 0.5770 (confidence: 0.7878)
2025-04-08 14:43:30,010 - Quantum Trading Bot - INFO - Trading signal for AAPL: 0.5770 (source: quantum)
2025-04-08 14:43:30,010 - Quantum Trading Bot - INFO - HOLD signal for AAPL (score: 0.5770, source: quantum)
2025-04-08 14:43:30,012 - Quantum Trading Bot - INFO - Processing MSFT
2025-04-08 14:43:30,012 - Quantum Trading Bot - INFO - Mock halal compliance check for MSFT: COMPLIANT
2025-04-08 14:43:30,022 - Quantum Trading Bot - INFO - Quantum device error rate: 0.0291
2025-04-08 14:43:30,025 - Quantum Trading Bot - INFO - Quantum prediction for MSFT: 0.3190 (confidence: 0.9709)
2025-04-08 14:43:30,025 - Quantum Trading Bot - INFO - Trading signal for MSFT: 0.3190 (source: quantum)
2025-04-08 14:43:30,025 - Quantum Trading Bot - INFO - HOLD signal for MSFT (score: 0.3190, source: quantum)
2025-04-08 14:43:30,027 - Quantum Trading Bot - INFO - Processing NVDA
2025-04-08 14:43:30,027 - Quantum Trading Bot - INFO - Mock halal compliance check for NVDA: COMPLIANT
2025-04-08 14:43:30,035 - Quantum Trading Bot - INFO - Quantum device error rate: 0.0489
2025-04-08 14:43:30,037 - Quantum Trading Bot - INFO - Quantum prediction for NVDA: 0.4850 (confidence: 0.7609)
2025-04-08 14:43:30,037 - Quantum Trading Bot - INFO - Trading signal for NVDA: 0.4850 (source: quantum)
2025-04-08 14:43:30,037 - Quantum Trading Bot - INFO - HOLD signal for NVDA (score: 0.4850, source: quantum)
2025-04-08 14:43:30,047 - Quantum Trading Bot - INFO - Performance metrics saved: 40/72 winning trades
2025-04-08 14:43:30,047 - Quantum Trading Bot - INFO - Quantum prediction accuracy: 0.00
2025-04-08 14:43:30,047 - Quantum Trading Bot - INFO - Sleeping for 60 seconds
2025-04-08 14:44:21,805 - Trading System - INFO - Trading Bot is alive: True
2025-04-08 14:44:21,807 - Trading System - INFO - Monitor Bot is alive: True
2025-04-08 14:44:21,807 - Trading System - INFO - Improvement Bot is alive: True
2025-04-08 14:44:30,092 - Quantum Trading Bot - INFO - Starting trading cycle
2025-04-08 14:44:30,093 - Quantum Trading Bot - INFO - Processing AAPL
2025-04-08 14:44:30,093 - Quantum Trading Bot - INFO - Mock halal compliance check for AAPL: COMPLIANT
2025-04-08 14:44:30,118 - Quantum Trading Bot - INFO - Quantum device error rate: 0.0258
2025-04-08 14:44:30,125 - Quantum Trading Bot - INFO - Quantum prediction for AAPL: 0.5460 (confidence: 0.7794)
2025-04-08 14:44:30,125 - Quantum Trading Bot - INFO - Trading signal for AAPL: 0.5460 (source: quantum)
2025-04-08 14:44:30,125 - Quantum Trading Bot - INFO - HOLD signal for AAPL (score: 0.5460, source: quantum)
2025-04-08 14:44:30,128 - Quantum Trading Bot - INFO - Processing MSFT
2025-04-08 14:44:30,128 - Quantum Trading Bot - INFO - Mock halal compliance check for MSFT: COMPLIANT
2025-04-08 14:44:30,139 - Quantum Trading Bot - INFO - Quantum device error rate: 0.0309
2025-04-08 14:44:30,143 - Quantum Trading Bot - INFO - Quantum prediction for MSFT: 0.2470 (confidence: 0.9691)
2025-04-08 14:44:30,143 - Quantum Trading Bot - INFO - Trading signal for MSFT: 0.2470 (source: quantum)
2025-04-08 14:44:30,143 - Quantum Trading Bot - INFO - SELL signal for MSFT (score: 0.2470, source: quantum)
2025-04-08 14:44:30,144 - Quantum Trading Bot - WARNING - Cannot sell MSFT - no position
2025-04-08 14:44:30,146 - Quantum Trading Bot - INFO - Processing NVDA
2025-04-08 14:44:30,146 - Quantum Trading Bot - INFO - Mock halal compliance check for NVDA: COMPLIANT
2025-04-08 14:44:30,155 - Quantum Trading Bot - INFO - Quantum device error rate: 0.0519
2025-04-08 14:44:30,163 - Quantum Trading Bot - INFO - Quantum prediction for NVDA: 0.4807 (confidence: 0.7585)
2025-04-08 14:44:30,163 - Quantum Trading Bot - INFO - Trading signal for NVDA: 0.4807 (source: quantum)
2025-04-08 14:44:30,163 - Quantum Trading Bot - INFO - HOLD signal for NVDA (score: 0.4807, source: quantum)
2025-04-08 14:44:30,172 - Quantum Trading Bot - INFO - Performance metrics saved: 40/72 winning trades
2025-04-08 14:44:30,172 - Quantum Trading Bot - INFO - Quantum prediction accuracy: 0.00
2025-04-08 14:44:30,172 - Quantum Trading Bot - INFO - Sleeping for 60 seconds
2025-04-08 14:45:21,818 - Trading System - INFO - Trading Bot is alive: True
2025-04-08 14:45:21,819 - Trading System - INFO - Monitor Bot is alive: True
2025-04-08 14:45:21,819 - Trading System - INFO - Improvement Bot is alive: True
2025-04-08 14:45:30,180 - Quantum Trading Bot - INFO - Starting trading cycle
2025-04-08 14:45:30,182 - Quantum Trading Bot - INFO - Processing AAPL
2025-04-08 14:45:30,182 - Quantum Trading Bot - INFO - Mock halal compliance check for AAPL: COMPLIANT
2025-04-08 14:45:30,214 - Quantum Trading Bot - INFO - Quantum device error rate: 0.0354
2025-04-08 14:45:30,219 - Quantum Trading Bot - INFO - Quantum prediction for AAPL: 0.0810 (confidence: 0.9646)
2025-04-08 14:45:30,219 - Quantum Trading Bot - INFO - Trading signal for AAPL: 0.0810 (source: quantum)
2025-04-08 14:45:30,219 - Quantum Trading Bot - INFO - SELL signal for AAPL (score: 0.0810, source: quantum)
2025-04-08 14:45:30,222 - Quantum Trading Bot - WARNING - Cannot sell AAPL - no position
2025-04-08 14:45:30,224 - Quantum Trading Bot - INFO - Processing MSFT
2025-04-08 14:45:30,224 - Quantum Trading Bot - INFO - Mock halal compliance check for MSFT: COMPLIANT
2025-04-08 14:45:30,235 - Quantum Trading Bot - INFO - Quantum device error rate: 0.0345
2025-04-08 14:45:30,238 - Quantum Trading Bot - INFO - Quantum prediction for MSFT: 0.3990 (confidence: 0.9655)
2025-04-08 14:45:30,238 - Quantum Trading Bot - INFO - Trading signal for MSFT: 0.3990 (source: quantum)
2025-04-08 14:45:30,238 - Quantum Trading Bot - INFO - HOLD signal for MSFT (score: 0.3990, source: quantum)
2025-04-08 14:45:30,240 - Quantum Trading Bot - INFO - Processing NVDA
2025-04-08 14:45:30,240 - Quantum Trading Bot - INFO - Mock halal compliance check for NVDA: COMPLIANT
2025-04-08 14:45:30,249 - Quantum Trading Bot - INFO - Quantum device error rate: 0.0369
2025-04-08 14:45:30,252 - Quantum Trading Bot - INFO - Quantum prediction for NVDA: 0.3330 (confidence: 0.9631)
2025-04-08 14:45:30,252 - Quantum Trading Bot - INFO - Trading signal for NVDA: 0.3330 (source: quantum)
2025-04-08 14:45:30,252 - Quantum Trading Bot - INFO - HOLD signal for NVDA (score: 0.3330, source: quantum)
2025-04-08 14:45:30,261 - Quantum Trading Bot - INFO - Performance metrics saved: 40/72 winning trades
2025-04-08 14:45:30,261 - Quantum Trading Bot - INFO - Quantum prediction accuracy: 0.00
2025-04-08 14:45:30,261 - Quantum Trading Bot - INFO - Sleeping for 60 seconds
2025-04-08 14:46:21,823 - Trading System - INFO - Trading Bot is alive: True
2025-04-08 14:46:21,825 - Trading System - INFO - Monitor Bot is alive: True
2025-04-08 14:46:21,825 - Trading System - INFO - Improvement Bot is alive: True
2025-04-08 14:46:30,267 - Quantum Trading Bot - INFO - Starting trading cycle
2025-04-08 14:46:30,268 - Quantum Trading Bot - INFO - Processing AAPL
2025-04-08 14:46:30,268 - Quantum Trading Bot - INFO - Mock halal compliance check for AAPL: COMPLIANT
2025-04-08 14:46:30,291 - Quantum Trading Bot - INFO - Quantum device error rate: 0.0477
2025-04-08 14:46:30,298 - Quantum Trading Bot - INFO - Quantum prediction for AAPL: 0.6210 (confidence: 0.9523)
2025-04-08 14:46:30,298 - Quantum Trading Bot - INFO - Trading signal for AAPL: 0.6210 (source: quantum)
2025-04-08 14:46:30,298 - Quantum Trading Bot - INFO - HOLD signal for AAPL (score: 0.6210, source: quantum)
2025-04-08 14:46:30,301 - Quantum Trading Bot - INFO - Processing MSFT
2025-04-08 14:46:30,301 - Quantum Trading Bot - INFO - Mock halal compliance check for MSFT: COMPLIANT
2025-04-08 14:46:30,313 - Quantum Trading Bot - INFO - Quantum device error rate: 0.0417
2025-04-08 14:46:30,317 - Quantum Trading Bot - INFO - Quantum prediction for MSFT: 0.0750 (confidence: 0.9583)
2025-04-08 14:46:30,317 - Quantum Trading Bot - INFO - Trading signal for MSFT: 0.0750 (source: quantum)
2025-04-08 14:46:30,317 - Quantum Trading Bot - INFO - SELL signal for MSFT (score: 0.0750, source: quantum)
2025-04-08 14:46:30,318 - Quantum Trading Bot - WARNING - Cannot sell MSFT - no position
2025-04-08 14:46:30,320 - Quantum Trading Bot - INFO - Processing NVDA
2025-04-08 14:46:30,320 - Quantum Trading Bot - INFO - Mock halal compliance check for NVDA: COMPLIANT
2025-04-08 14:46:30,329 - Quantum Trading Bot - INFO - Quantum device error rate: 0.0360
2025-04-08 14:46:30,332 - Quantum Trading Bot - INFO - Quantum prediction for NVDA: 0.5470 (confidence: 0.7712)
2025-04-08 14:46:30,332 - Quantum Trading Bot - INFO - Trading signal for NVDA: 0.5470 (source: quantum)
2025-04-08 14:46:30,332 - Quantum Trading Bot - INFO - HOLD signal for NVDA (score: 0.5470, source: quantum)
2025-04-08 14:46:30,342 - Quantum Trading Bot - INFO - Performance metrics saved: 40/72 winning trades
2025-04-08 14:46:30,342 - Quantum Trading Bot - INFO - Quantum prediction accuracy: 0.00
2025-04-08 14:46:30,342 - Quantum Trading Bot - INFO - Sleeping for 60 seconds
2025-04-08 14:47:21,831 - Trading System - INFO - Trading Bot is alive: True
2025-04-08 14:47:21,833 - Trading System - INFO - Monitor Bot is alive: True
2025-04-08 14:47:21,833 - Trading System - INFO - Improvement Bot is alive: True
2025-04-08 14:47:30,349 - Quantum Trading Bot - INFO - Starting trading cycle
2025-04-08 14:47:30,350 - Quantum Trading Bot - INFO - Processing AAPL
2025-04-08 14:47:30,350 - Quantum Trading Bot - INFO - Mock halal compliance check for AAPL: COMPLIANT
2025-04-08 14:47:30,376 - Quantum Trading Bot - INFO - Quantum device error rate: 0.0378
2025-04-08 14:47:30,380 - Quantum Trading Bot - INFO - Quantum prediction for AAPL: 0.3160 (confidence: 0.9622)
2025-04-08 14:47:30,380 - Quantum Trading Bot - INFO - Trading signal for AAPL: 0.3160 (source: quantum)
2025-04-08 14:47:30,380 - Quantum Trading Bot - INFO - HOLD signal for AAPL (score: 0.3160, source: quantum)
2025-04-08 14:47:30,382 - Quantum Trading Bot - INFO - Processing MSFT
2025-04-08 14:47:30,382 - Quantum Trading Bot - INFO - Mock halal compliance check for MSFT: COMPLIANT
2025-04-08 14:47:30,389 - Quantum Trading Bot - INFO - Quantum device error rate: 0.0438
2025-04-08 14:47:30,392 - Quantum Trading Bot - INFO - Quantum prediction for MSFT: 0.9210 (confidence: 0.9562)
2025-04-08 14:47:30,392 - Quantum Trading Bot - INFO - Trading signal for MSFT: 0.9210 (source: quantum)
2025-04-08 14:47:30,392 - Quantum Trading Bot - INFO - HOLD signal for MSFT (score: 0.9210, source: quantum)
2025-04-08 14:47:30,394 - Quantum Trading Bot - INFO - Processing NVDA
2025-04-08 14:47:30,394 - Quantum Trading Bot - INFO - Mock halal compliance check for NVDA: COMPLIANT
2025-04-08 14:47:30,402 - Quantum Trading Bot - INFO - Quantum device error rate: 0.0420
2025-04-08 14:47:30,405 - Quantum Trading Bot - INFO - Quantum prediction for NVDA: 0.8440 (confidence: 0.9580)
2025-04-08 14:47:30,405 - Quantum Trading Bot - INFO - Trading signal for NVDA: 0.8440 (source: quantum)
2025-04-08 14:47:30,405 - Quantum Trading Bot - INFO - HOLD signal for NVDA (score: 0.8440, source: quantum)
2025-04-08 14:47:30,414 - Quantum Trading Bot - INFO - Performance metrics saved: 40/72 winning trades
2025-04-08 14:47:30,414 - Quantum Trading Bot - INFO - Quantum prediction accuracy: 0.00
2025-04-08 14:47:30,414 - Quantum Trading Bot - INFO - Sleeping for 60 seconds
2025-04-08 14:48:21,839 - Trading System - INFO - Trading Bot is alive: True
2025-04-08 14:48:21,840 - Trading System - INFO - Monitor Bot is alive: True
2025-04-08 14:48:21,841 - Trading System - INFO - Improvement Bot is alive: True
2025-04-08 14:48:30,419 - Quantum Trading Bot - INFO - Starting trading cycle
2025-04-08 14:48:30,420 - Quantum Trading Bot - INFO - Processing AAPL
2025-04-08 14:48:30,420 - Quantum Trading Bot - INFO - Mock halal compliance check for AAPL: COMPLIANT
2025-04-08 14:48:30,439 - Quantum Trading Bot - INFO - Quantum device error rate: 0.0396
2025-04-08 14:48:30,443 - Quantum Trading Bot - INFO - Quantum prediction for AAPL: 0.8300 (confidence: 0.9604)
2025-04-08 14:48:30,443 - Quantum Trading Bot - INFO - Trading signal for AAPL: 0.8300 (source: quantum)
2025-04-08 14:48:30,443 - Quantum Trading Bot - INFO - HOLD signal for AAPL (score: 0.8300, source: quantum)
2025-04-08 14:48:30,444 - Quantum Trading Bot - INFO - Processing MSFT
2025-04-08 14:48:30,444 - Quantum Trading Bot - INFO - Mock halal compliance check for MSFT: COMPLIANT
2025-04-08 14:48:30,452 - Quantum Trading Bot - INFO - Quantum device error rate: 0.0315
2025-04-08 14:48:30,459 - Quantum Trading Bot - INFO - Quantum prediction for MSFT: 0.6860 (confidence: 0.9685)
2025-04-08 14:48:30,459 - Quantum Trading Bot - INFO - Trading signal for MSFT: 0.6860 (source: quantum)
2025-04-08 14:48:30,459 - Quantum Trading Bot - INFO - HOLD signal for MSFT (score: 0.6860, source: quantum)
2025-04-08 14:48:30,462 - Quantum Trading Bot - INFO - Processing NVDA
2025-04-08 14:48:30,462 - Quantum Trading Bot - INFO - Mock halal compliance check for NVDA: COMPLIANT
2025-04-08 14:48:30,471 - Quantum Trading Bot - INFO - Quantum device error rate: 0.0453
2025-04-08 14:48:30,475 - Quantum Trading Bot - INFO - Quantum prediction for NVDA: 0.5920 (confidence: 0.7638)
2025-04-08 14:48:30,475 - Quantum Trading Bot - INFO - Trading signal for NVDA: 0.5920 (source: quantum)
2025-04-08 14:48:30,475 - Quantum Trading Bot - INFO - HOLD signal for NVDA (score: 0.5920, source: quantum)
2025-04-08 14:48:30,485 - Quantum Trading Bot - INFO - Performance metrics saved: 40/72 winning trades
2025-04-08 14:48:30,485 - Quantum Trading Bot - INFO - Quantum prediction accuracy: 0.00
2025-04-08 14:48:30,485 - Quantum Trading Bot - INFO - Sleeping for 60 seconds
2025-04-08 14:49:21,843 - Trading System - INFO - Trading Bot is alive: True
2025-04-08 14:49:21,846 - Trading System - INFO - Monitor Bot is alive: True
2025-04-08 14:49:21,847 - Trading System - INFO - Improvement Bot is alive: True
2025-04-08 14:49:30,490 - Quantum Trading Bot - INFO - Starting trading cycle
2025-04-08 14:49:30,492 - Quantum Trading Bot - INFO - Processing AAPL
2025-04-08 14:49:30,492 - Quantum Trading Bot - INFO - Mock halal compliance check for AAPL: COMPLIANT
2025-04-08 14:49:30,522 - Quantum Trading Bot - INFO - Quantum device error rate: 0.0456
2025-04-08 14:49:30,535 - Quantum Trading Bot - INFO - Quantum prediction for AAPL: 0.1590 (confidence: 0.9544)
2025-04-08 14:49:30,535 - Quantum Trading Bot - INFO - Trading signal for AAPL: 0.1590 (source: quantum)
2025-04-08 14:49:30,535 - Quantum Trading Bot - INFO - SELL signal for AAPL (score: 0.1590, source: quantum)
2025-04-08 14:49:30,537 - Quantum Trading Bot - WARNING - Cannot sell AAPL - no position
2025-04-08 14:49:30,541 - Quantum Trading Bot - INFO - Processing MSFT
2025-04-08 14:49:30,541 - Quantum Trading Bot - INFO - Mock halal compliance check for MSFT: COMPLIANT
2025-04-08 14:49:30,551 - Quantum Trading Bot - INFO - Quantum device error rate: 0.0255
2025-04-08 14:49:30,555 - Quantum Trading Bot - INFO - Quantum prediction for MSFT: 0.4900 (confidence: 0.7796)
2025-04-08 14:49:30,555 - Quantum Trading Bot - INFO - Trading signal for MSFT: 0.4900 (source: quantum)
2025-04-08 14:49:30,555 - Quantum Trading Bot - INFO - HOLD signal for MSFT (score: 0.4900, source: quantum)
2025-04-08 14:49:30,557 - Quantum Trading Bot - INFO - Processing NVDA
2025-04-08 14:49:30,557 - Quantum Trading Bot - INFO - Mock halal compliance check for NVDA: COMPLIANT
2025-04-08 14:49:30,565 - Quantum Trading Bot - INFO - Quantum device error rate: 0.0249
2025-04-08 14:49:30,568 - Quantum Trading Bot - INFO - Quantum prediction for NVDA: 0.2370 (confidence: 0.9751)
2025-04-08 14:49:30,568 - Quantum Trading Bot - INFO - Trading signal for NVDA: 0.2370 (source: quantum)
2025-04-08 14:49:30,568 - Quantum Trading Bot - INFO - SELL signal for NVDA (score: 0.2370, source: quantum)
2025-04-08 14:49:30,568 - Quantum Trading Bot - WARNING - Cannot sell NVDA - no position
2025-04-08 14:49:30,578 - Quantum Trading Bot - INFO - Performance metrics saved: 40/72 winning trades
2025-04-08 14:49:30,578 - Quantum Trading Bot - INFO - Quantum prediction accuracy: 0.00
2025-04-08 14:49:30,589 - Quantum Trading Bot - INFO - Quantum device error rate: 0.0666
2025-04-08 14:49:30,591 - Quantum Trading Bot - INFO - Quantum portfolio optimization complete: {'AAPL': np.float64(0.3421575115817339), 'MSFT': np.float64(0.3216412971542025), 'NVDA': np.float64(0.3362011912640635)}
2025-04-08 14:49:30,591 - Quantum Trading Bot - INFO - Optimal portfolio weights: {'AAPL': np.float64(0.3421575115817339), 'MSFT': np.float64(0.3216412971542025), 'NVDA': np.float64(0.3362011912640635)}
2025-04-08 14:49:30,591 - Quantum Trading Bot - INFO - Sleeping for 60 seconds
2025-04-08 14:50:21,848 - Trading System - INFO - Trading Bot is alive: True
2025-04-08 14:50:21,851 - Trading System - INFO - Monitor Bot is alive: True
2025-04-08 14:50:21,851 - Trading System - INFO - Improvement Bot is alive: True
2025-04-08 14:50:30,596 - Quantum Trading Bot - INFO - Starting trading cycle
2025-04-08 14:50:30,597 - Quantum Trading Bot - INFO - Processing AAPL
2025-04-08 14:50:30,597 - Quantum Trading Bot - INFO - Mock halal compliance check for AAPL: COMPLIANT
2025-04-08 14:50:30,623 - Quantum Trading Bot - INFO - Quantum device error rate: 0.0270
2025-04-08 14:50:30,630 - Quantum Trading Bot - INFO - Quantum prediction for AAPL: 0.4110 (confidence: 0.7784)
2025-04-08 14:50:30,630 - Quantum Trading Bot - INFO - Trading signal for AAPL: 0.4110 (source: quantum)
2025-04-08 14:50:30,630 - Quantum Trading Bot - INFO - HOLD signal for AAPL (score: 0.4110, source: quantum)
2025-04-08 14:50:30,633 - Quantum Trading Bot - INFO - Processing MSFT
2025-04-08 14:50:30,633 - Quantum Trading Bot - INFO - Mock halal compliance check for MSFT: COMPLIANT
2025-04-08 14:50:30,643 - Quantum Trading Bot - INFO - Quantum device error rate: 0.0303
2025-04-08 14:50:30,647 - Quantum Trading Bot - INFO - Quantum prediction for MSFT: 0.6020 (confidence: 0.9697)
2025-04-08 14:50:30,647 - Quantum Trading Bot - INFO - Trading signal for MSFT: 0.6020 (source: quantum)
2025-04-08 14:50:30,647 - Quantum Trading Bot - INFO - HOLD signal for MSFT (score: 0.6020, source: quantum)
2025-04-08 14:50:30,649 - Quantum Trading Bot - INFO - Processing NVDA
2025-04-08 14:50:30,649 - Quantum Trading Bot - INFO - Mock halal compliance check for NVDA: COMPLIANT
2025-04-08 14:50:30,658 - Quantum Trading Bot - INFO - Quantum device error rate: 0.0252
2025-04-08 14:50:30,661 - Quantum Trading Bot - INFO - Quantum prediction for NVDA: 0.5300 (confidence: 0.7798)
2025-04-08 14:50:30,661 - Quantum Trading Bot - INFO - Trading signal for NVDA: 0.5300 (source: quantum)
2025-04-08 14:50:30,661 - Quantum Trading Bot - INFO - HOLD signal for NVDA (score: 0.5300, source: quantum)
2025-04-08 14:50:30,672 - Quantum Trading Bot - INFO - Performance metrics saved: 40/72 winning trades
2025-04-08 14:50:30,672 - Quantum Trading Bot - INFO - Quantum prediction accuracy: 0.00
2025-04-08 14:50:30,672 - Quantum Trading Bot - INFO - Sleeping for 60 seconds
2025-04-08 14:51:21,854 - Trading System - INFO - Trading Bot is alive: True
2025-04-08 14:51:21,856 - Trading System - INFO - Monitor Bot is alive: True
2025-04-08 14:51:21,856 - Trading System - INFO - Improvement Bot is alive: True
2025-04-08 14:51:30,677 - Quantum Trading Bot - INFO - Starting trading cycle
2025-04-08 14:51:30,679 - Quantum Trading Bot - INFO - Processing AAPL
2025-04-08 14:51:30,679 - Quantum Trading Bot - INFO - Mock halal compliance check for AAPL: COMPLIANT
2025-04-08 14:51:30,710 - Quantum Trading Bot - INFO - Quantum device error rate: 0.0453
2025-04-08 14:51:30,716 - Quantum Trading Bot - INFO - Quantum prediction for AAPL: 0.3990 (confidence: 0.9547)
2025-04-08 14:51:30,716 - Quantum Trading Bot - INFO - Trading signal for AAPL: 0.3990 (source: quantum)
2025-04-08 14:51:30,716 - Quantum Trading Bot - INFO - HOLD signal for AAPL (score: 0.3990, source: quantum)
2025-04-08 14:51:30,720 - Quantum Trading Bot - INFO - Processing MSFT
2025-04-08 14:51:30,720 - Quantum Trading Bot - INFO - Mock halal compliance check for MSFT: COMPLIANT
2025-04-08 14:51:30,732 - Quantum Trading Bot - INFO - Quantum device error rate: 0.0204
2025-04-08 14:51:30,735 - Quantum Trading Bot - INFO - Quantum prediction for MSFT: 0.5690 (confidence: 0.7837)
2025-04-08 14:51:30,735 - Quantum Trading Bot - INFO - Trading signal for MSFT: 0.5690 (source: quantum)
2025-04-08 14:51:30,736 - Quantum Trading Bot - INFO - HOLD signal for MSFT (score: 0.5690, source: quantum)
2025-04-08 14:51:30,738 - Quantum Trading Bot - INFO - Processing NVDA
2025-04-08 14:51:30,738 - Quantum Trading Bot - INFO - Mock halal compliance check for NVDA: COMPLIANT
2025-04-08 14:51:30,746 - Quantum Trading Bot - INFO - Quantum device error rate: 0.0540
2025-04-08 14:51:30,755 - Quantum Trading Bot - INFO - Quantum prediction for NVDA: 0.2699 (confidence: 0.9460)
2025-04-08 14:51:30,755 - Quantum Trading Bot - INFO - Trading signal for NVDA: 0.2699 (source: quantum)
2025-04-08 14:51:30,755 - Quantum Trading Bot - INFO - SELL signal for NVDA (score: 0.2699, source: quantum)
2025-04-08 14:51:30,756 - Quantum Trading Bot - WARNING - Cannot sell NVDA - no position
2025-04-08 14:51:30,766 - Quantum Trading Bot - INFO - Performance metrics saved: 40/72 winning trades
2025-04-08 14:51:30,766 - Quantum Trading Bot - INFO - Quantum prediction accuracy: 0.00
2025-04-08 14:51:30,766 - Quantum Trading Bot - INFO - Sleeping for 60 seconds
2025-04-08 14:52:21,858 - Trading System - INFO - Trading Bot is alive: True
2025-04-08 14:52:21,859 - Trading System - INFO - Monitor Bot is alive: True
2025-04-08 14:52:21,859 - Trading System - INFO - Improvement Bot is alive: True
2025-04-08 14:52:30,771 - Quantum Trading Bot - INFO - Starting trading cycle
2025-04-08 14:52:30,773 - Quantum Trading Bot - INFO - Processing AAPL
2025-04-08 14:52:30,773 - Quantum Trading Bot - INFO - Mock halal compliance check for AAPL: COMPLIANT
2025-04-08 14:52:30,795 - Quantum Trading Bot - INFO - Quantum device error rate: 0.0297
2025-04-08 14:52:30,801 - Quantum Trading Bot - INFO - Quantum prediction for AAPL: 0.8200 (confidence: 0.9703)
2025-04-08 14:52:30,801 - Quantum Trading Bot - INFO - Trading signal for AAPL: 0.8200 (source: quantum)
2025-04-08 14:52:30,801 - Quantum Trading Bot - INFO - HOLD signal for AAPL (score: 0.8200, source: quantum)
2025-04-08 14:52:30,804 - Quantum Trading Bot - INFO - Processing MSFT
2025-04-08 14:52:30,804 - Quantum Trading Bot - INFO - Mock halal compliance check for MSFT: COMPLIANT
2025-04-08 14:52:30,813 - Quantum Trading Bot - INFO - Quantum device error rate: 0.0573
2025-04-08 14:52:30,822 - Quantum Trading Bot - INFO - Quantum prediction for MSFT: 0.1203 (confidence: 0.9427)
2025-04-08 14:52:30,822 - Quantum Trading Bot - INFO - Trading signal for MSFT: 0.1203 (source: quantum)
2025-04-08 14:52:30,822 - Quantum Trading Bot - INFO - SELL signal for MSFT (score: 0.1203, source: quantum)
2025-04-08 14:52:30,823 - Quantum Trading Bot - WARNING - Cannot sell MSFT - no position
2025-04-08 14:52:30,825 - Quantum Trading Bot - INFO - Processing NVDA
2025-04-08 14:52:30,825 - Quantum Trading Bot - INFO - Mock halal compliance check for NVDA: COMPLIANT
2025-04-08 14:52:30,833 - Quantum Trading Bot - INFO - Quantum device error rate: 0.0630
2025-04-08 14:52:30,840 - Quantum Trading Bot - INFO - Quantum prediction for NVDA: 0.4503 (confidence: 0.7496)
2025-04-08 14:52:30,840 - Quantum Trading Bot - INFO - Trading signal for NVDA: 0.4503 (source: quantum)
2025-04-08 14:52:30,840 - Quantum Trading Bot - INFO - HOLD signal for NVDA (score: 0.4503, source: quantum)
2025-04-08 14:52:30,849 - Quantum Trading Bot - INFO - Performance metrics saved: 40/72 winning trades
2025-04-08 14:52:30,850 - Quantum Trading Bot - INFO - Quantum prediction accuracy: 0.00
2025-04-08 14:52:30,850 - Quantum Trading Bot - INFO - Sleeping for 60 seconds
2025-04-08 14:53:21,861 - Trading System - INFO - Trading Bot is alive: True
2025-04-08 14:53:21,862 - Trading System - INFO - Monitor Bot is alive: True
2025-04-08 14:53:21,863 - Trading System - INFO - Improvement Bot is alive: True
2025-04-08 14:53:22,841 - Monitor Bot - INFO - Running scheduled task: Quantum System Health Check
2025-04-08 14:53:22,842 - Monitor Bot - INFO - Monitoring quantum system health
2025-04-08 14:53:22,843 - Monitor Bot - INFO - Average quantum error rate: 0.0449
2025-04-08 14:53:22,844 - Monitor Bot - INFO - Task Quantum System Health Check completed successfully
2025-04-08 14:53:30,853 - Quantum Trading Bot - INFO - Starting trading cycle
2025-04-08 14:53:30,854 - Quantum Trading Bot - INFO - Processing AAPL
2025-04-08 14:53:30,854 - Quantum Trading Bot - INFO - Mock halal compliance check for AAPL: COMPLIANT
2025-04-08 14:53:30,894 - Quantum Trading Bot - INFO - Quantum device error rate: 0.0585
2025-04-08 14:53:30,908 - Quantum Trading Bot - INFO - Quantum prediction for AAPL: 0.5906 (confidence: 0.7532)
2025-04-08 14:53:30,908 - Quantum Trading Bot - INFO - Trading signal for AAPL: 0.5906 (source: quantum)
2025-04-08 14:53:30,908 - Quantum Trading Bot - INFO - HOLD signal for AAPL (score: 0.5906, source: quantum)
2025-04-08 14:53:30,911 - Quantum Trading Bot - INFO - Processing MSFT
2025-04-08 14:53:30,911 - Quantum Trading Bot - INFO - Mock halal compliance check for MSFT: COMPLIANT
2025-04-08 14:53:30,920 - Quantum Trading Bot - INFO - Quantum device error rate: 0.0489
2025-04-08 14:53:30,923 - Quantum Trading Bot - INFO - Quantum prediction for MSFT: 0.0840 (confidence: 0.9511)
2025-04-08 14:53:30,923 - Quantum Trading Bot - INFO - Trading signal for MSFT: 0.0840 (source: quantum)
2025-04-08 14:53:30,923 - Quantum Trading Bot - INFO - SELL signal for MSFT (score: 0.0840, source: quantum)
2025-04-08 14:53:30,924 - Quantum Trading Bot - WARNING - Cannot sell MSFT - no position
2025-04-08 14:53:30,926 - Quantum Trading Bot - INFO - Processing NVDA
2025-04-08 14:53:30,926 - Quantum Trading Bot - INFO - Mock halal compliance check for NVDA: COMPLIANT
2025-04-08 14:53:30,935 - Quantum Trading Bot - INFO - Quantum device error rate: 0.0360
2025-04-08 14:53:30,938 - Quantum Trading Bot - INFO - Quantum prediction for NVDA: 0.5130 (confidence: 0.7712)
2025-04-08 14:53:30,938 - Quantum Trading Bot - INFO - Trading signal for NVDA: 0.5130 (source: quantum)
2025-04-08 14:53:30,938 - Quantum Trading Bot - INFO - HOLD signal for NVDA (score: 0.5130, source: quantum)
2025-04-08 14:53:30,948 - Quantum Trading Bot - INFO - Performance metrics saved: 40/72 winning trades
2025-04-08 14:53:30,948 - Quantum Trading Bot - INFO - Quantum prediction accuracy: 0.00
2025-04-08 14:53:30,948 - Quantum Trading Bot - INFO - Sleeping for 60 seconds
2025-04-08 14:54:21,868 - Trading System - INFO - Trading Bot is alive: True
2025-04-08 14:54:21,871 - Trading System - INFO - Monitor Bot is alive: True
2025-04-08 14:54:21,871 - Trading System - INFO - Improvement Bot is alive: True
2025-04-08 14:54:30,953 - Quantum Trading Bot - INFO - Starting trading cycle
2025-04-08 14:54:30,954 - Quantum Trading Bot - INFO - Processing AAPL
2025-04-08 14:54:30,954 - Quantum Trading Bot - INFO - Mock halal compliance check for AAPL: COMPLIANT
2025-04-08 14:54:30,989 - Quantum Trading Bot - INFO - Quantum device error rate: 0.0393
2025-04-08 14:54:30,998 - Quantum Trading Bot - INFO - Quantum prediction for AAPL: 0.4850 (confidence: 0.7686)
2025-04-08 14:54:30,998 - Quantum Trading Bot - INFO - Trading signal for AAPL: 0.4850 (source: quantum)
2025-04-08 14:54:30,998 - Quantum Trading Bot - INFO - HOLD signal for AAPL (score: 0.4850, source: quantum)
2025-04-08 14:54:31,001 - Quantum Trading Bot - INFO - Processing MSFT
2025-04-08 14:54:31,001 - Quantum Trading Bot - INFO - Mock halal compliance check for MSFT: COMPLIANT
2025-04-08 14:54:31,013 - Quantum Trading Bot - INFO - Quantum device error rate: 0.0402
2025-04-08 14:54:31,017 - Quantum Trading Bot - INFO - Quantum prediction for MSFT: 0.6430 (confidence: 0.9598)
2025-04-08 14:54:31,017 - Quantum Trading Bot - INFO - Trading signal for MSFT: 0.6430 (source: quantum)
2025-04-08 14:54:31,017 - Quantum Trading Bot - INFO - HOLD signal for MSFT (score: 0.6430, source: quantum)
2025-04-08 14:54:31,020 - Quantum Trading Bot - INFO - Processing NVDA
2025-04-08 14:54:31,020 - Quantum Trading Bot - INFO - Mock halal compliance check for NVDA: COMPLIANT
2025-04-08 14:54:31,029 - Quantum Trading Bot - INFO - Quantum device error rate: 0.0474
2025-04-08 14:54:31,032 - Quantum Trading Bot - INFO - Quantum prediction for NVDA: 0.3430 (confidence: 0.9526)
2025-04-08 14:54:31,032 - Quantum Trading Bot - INFO - Trading signal for NVDA: 0.3430 (source: quantum)
2025-04-08 14:54:31,032 - Quantum Trading Bot - INFO - HOLD signal for NVDA (score: 0.3430, source: quantum)
2025-04-08 14:54:31,042 - Quantum Trading Bot - INFO - Performance metrics saved: 40/72 winning trades
2025-04-08 14:54:31,042 - Quantum Trading Bot - INFO - Quantum prediction accuracy: 0.00
2025-04-08 14:54:31,042 - Quantum Trading Bot - INFO - Sleeping for 60 seconds
2025-04-08 14:55:21,877 - Trading System - INFO - Trading Bot is alive: True
2025-04-08 14:55:21,880 - Trading System - INFO - Monitor Bot is alive: True
2025-04-08 14:55:21,880 - Trading System - INFO - Improvement Bot is alive: True
2025-04-08 14:55:31,047 - Quantum Trading Bot - INFO - Starting trading cycle
2025-04-08 14:55:31,048 - Quantum Trading Bot - INFO - Processing AAPL
2025-04-08 14:55:31,048 - Quantum Trading Bot - INFO - Mock halal compliance check for AAPL: COMPLIANT
2025-04-08 14:55:31,087 - Quantum Trading Bot - INFO - Quantum device error rate: 0.0336
2025-04-08 14:55:31,092 - Quantum Trading Bot - INFO - Quantum prediction for AAPL: 0.6540 (confidence: 0.9664)
2025-04-08 14:55:31,092 - Quantum Trading Bot - INFO - Trading signal for AAPL: 0.6540 (source: quantum)
2025-04-08 14:55:31,092 - Quantum Trading Bot - INFO - HOLD signal for AAPL (score: 0.6540, source: quantum)
2025-04-08 14:55:31,094 - Quantum Trading Bot - INFO - Processing MSFT
2025-04-08 14:55:31,094 - Quantum Trading Bot - INFO - Mock halal compliance check for MSFT: COMPLIANT
2025-04-08 14:55:31,103 - Quantum Trading Bot - INFO - Quantum device error rate: 0.0435
2025-04-08 14:55:31,107 - Quantum Trading Bot - INFO - Quantum prediction for MSFT: 0.6320 (confidence: 0.9565)
2025-04-08 14:55:31,107 - Quantum Trading Bot - INFO - Trading signal for MSFT: 0.6320 (source: quantum)
2025-04-08 14:55:31,107 - Quantum Trading Bot - INFO - HOLD signal for MSFT (score: 0.6320, source: quantum)
2025-04-08 14:55:31,109 - Quantum Trading Bot - INFO - Processing NVDA
2025-04-08 14:55:31,109 - Quantum Trading Bot - INFO - Mock halal compliance check for NVDA: COMPLIANT
2025-04-08 14:55:31,186 - Quantum Trading Bot - INFO - Quantum device error rate: 0.0474
2025-04-08 14:55:31,190 - Quantum Trading Bot - INFO - Quantum prediction for NVDA: 0.4790 (confidence: 0.7621)
2025-04-08 14:55:31,190 - Quantum Trading Bot - INFO - Trading signal for NVDA: 0.4790 (source: quantum)
2025-04-08 14:55:31,190 - Quantum Trading Bot - INFO - HOLD signal for NVDA (score: 0.4790, source: quantum)
2025-04-08 14:55:31,200 - Quantum Trading Bot - INFO - Performance metrics saved: 40/72 winning trades
2025-04-08 14:55:31,200 - Quantum Trading Bot - INFO - Quantum prediction accuracy: 0.00
2025-04-08 14:55:31,200 - Quantum Trading Bot - INFO - Sleeping for 60 seconds
2025-04-08 14:56:21,886 - Trading System - INFO - Trading Bot is alive: True
2025-04-08 14:56:21,889 - Trading System - INFO - Monitor Bot is alive: True
2025-04-08 14:56:21,889 - Trading System - INFO - Improvement Bot is alive: True
2025-04-08 14:56:31,206 - Quantum Trading Bot - INFO - Starting trading cycle
2025-04-08 14:56:31,206 - Quantum Trading Bot - INFO - Processing AAPL
2025-04-08 14:56:31,207 - Quantum Trading Bot - INFO - Mock halal compliance check for AAPL: COMPLIANT
2025-04-08 14:56:31,236 - Quantum Trading Bot - INFO - Quantum device error rate: 0.0408
2025-04-08 14:56:31,243 - Quantum Trading Bot - INFO - Quantum prediction for AAPL: 0.3020 (confidence: 0.9592)
2025-04-08 14:56:31,243 - Quantum Trading Bot - INFO - Trading signal for AAPL: 0.3020 (source: quantum)
2025-04-08 14:56:31,243 - Quantum Trading Bot - INFO - HOLD signal for AAPL (score: 0.3020, source: quantum)
2025-04-08 14:56:31,246 - Quantum Trading Bot - INFO - Processing MSFT
2025-04-08 14:56:31,246 - Quantum Trading Bot - INFO - Mock halal compliance check for MSFT: COMPLIANT
2025-04-08 14:56:31,256 - Quantum Trading Bot - INFO - Quantum device error rate: 0.0450
2025-04-08 14:56:31,259 - Quantum Trading Bot - INFO - Quantum prediction for MSFT: 0.1660 (confidence: 0.9550)
2025-04-08 14:56:31,259 - Quantum Trading Bot - INFO - Trading signal for MSFT: 0.1660 (source: quantum)
2025-04-08 14:56:31,260 - Quantum Trading Bot - INFO - SELL signal for MSFT (score: 0.1660, source: quantum)
2025-04-08 14:56:31,261 - Quantum Trading Bot - WARNING - Cannot sell MSFT - no position
2025-04-08 14:56:31,263 - Quantum Trading Bot - INFO - Processing NVDA
2025-04-08 14:56:31,263 - Quantum Trading Bot - INFO - Mock halal compliance check for NVDA: COMPLIANT
2025-04-08 14:56:31,271 - Quantum Trading Bot - INFO - Quantum device error rate: 0.0615
2025-04-08 14:56:31,279 - Quantum Trading Bot - INFO - Quantum prediction for NVDA: 0.3966 (confidence: 0.9385)
2025-04-08 14:56:31,279 - Quantum Trading Bot - INFO - Trading signal for NVDA: 0.3966 (source: quantum)
2025-04-08 14:56:31,279 - Quantum Trading Bot - INFO - HOLD signal for NVDA (score: 0.3966, source: quantum)
2025-04-08 14:56:31,289 - Quantum Trading Bot - INFO - Performance metrics saved: 40/72 winning trades
2025-04-08 14:56:31,289 - Quantum Trading Bot - INFO - Quantum prediction accuracy: 0.00
2025-04-08 14:56:31,289 - Quantum Trading Bot - INFO - Sleeping for 60 seconds
2025-04-08 14:57:21,892 - Trading System - INFO - Trading Bot is alive: True
2025-04-08 14:57:21,899 - Trading System - INFO - Monitor Bot is alive: True
2025-04-08 14:57:21,900 - Trading System - INFO - Improvement Bot is alive: True
2025-04-08 14:57:31,295 - Quantum Trading Bot - INFO - Starting trading cycle
2025-04-08 14:57:31,296 - Quantum Trading Bot - INFO - Processing AAPL
2025-04-08 14:57:31,296 - Quantum Trading Bot - INFO - Mock halal compliance check for AAPL: COMPLIANT
2025-04-08 14:57:31,327 - Quantum Trading Bot - INFO - Quantum device error rate: 0.0270
2025-04-08 14:57:31,334 - Quantum Trading Bot - INFO - Quantum prediction for AAPL: 0.3610 (confidence: 0.9730)
2025-04-08 14:57:31,334 - Quantum Trading Bot - INFO - Trading signal for AAPL: 0.3610 (source: quantum)
2025-04-08 14:57:31,334 - Quantum Trading Bot - INFO - HOLD signal for AAPL (score: 0.3610, source: quantum)
2025-04-08 14:57:31,336 - Quantum Trading Bot - INFO - Processing MSFT
2025-04-08 14:57:31,336 - Quantum Trading Bot - INFO - Mock halal compliance check for MSFT: COMPLIANT
2025-04-08 14:57:31,346 - Quantum Trading Bot - INFO - Quantum device error rate: 0.0327
2025-04-08 14:57:31,350 - Quantum Trading Bot - INFO - Quantum prediction for MSFT: 0.6160 (confidence: 0.9673)
2025-04-08 14:57:31,350 - Quantum Trading Bot - INFO - Trading signal for MSFT: 0.6160 (source: quantum)
2025-04-08 14:57:31,350 - Quantum Trading Bot - INFO - HOLD signal for MSFT (score: 0.6160, source: quantum)
2025-04-08 14:57:31,352 - Quantum Trading Bot - INFO - Processing NVDA
2025-04-08 14:57:31,352 - Quantum Trading Bot - INFO - Mock halal compliance check for NVDA: COMPLIANT
2025-04-08 14:57:31,360 - Quantum Trading Bot - INFO - Quantum device error rate: 0.0456
2025-04-08 14:57:31,363 - Quantum Trading Bot - INFO - Quantum prediction for NVDA: 0.4330 (confidence: 0.7635)
2025-04-08 14:57:31,363 - Quantum Trading Bot - INFO - Trading signal for NVDA: 0.4330 (source: quantum)
2025-04-08 14:57:31,363 - Quantum Trading Bot - INFO - HOLD signal for NVDA (score: 0.4330, source: quantum)
2025-04-08 14:57:31,373 - Quantum Trading Bot - INFO - Performance metrics saved: 40/72 winning trades
2025-04-08 14:57:31,373 - Quantum Trading Bot - INFO - Quantum prediction accuracy: 0.00
2025-04-08 14:57:31,373 - Quantum Trading Bot - INFO - Sleeping for 60 seconds
2025-04-08 14:58:21,902 - Trading System - INFO - Trading Bot is alive: True
2025-04-08 14:58:21,904 - Trading System - INFO - Monitor Bot is alive: True
2025-04-08 14:58:21,905 - Trading System - INFO - Improvement Bot is alive: True
2025-04-08 14:58:31,377 - Quantum Trading Bot - INFO - Starting trading cycle
2025-04-08 14:58:31,378 - Quantum Trading Bot - INFO - Processing AAPL
2025-04-08 14:58:31,378 - Quantum Trading Bot - INFO - Mock halal compliance check for AAPL: COMPLIANT
2025-04-08 14:58:31,410 - Quantum Trading Bot - INFO - Quantum device error rate: 0.0489
2025-04-08 14:58:31,416 - Quantum Trading Bot - INFO - Quantum prediction for AAPL: 0.6940 (confidence: 0.9511)
2025-04-08 14:58:31,416 - Quantum Trading Bot - INFO - Trading signal for AAPL: 0.6940 (source: quantum)
2025-04-08 14:58:31,416 - Quantum Trading Bot - INFO - HOLD signal for AAPL (score: 0.6940, source: quantum)
2025-04-08 14:58:31,418 - Quantum Trading Bot - INFO - Processing MSFT
2025-04-08 14:58:31,418 - Quantum Trading Bot - INFO - Mock halal compliance check for MSFT: COMPLIANT
2025-04-08 14:58:31,428 - Quantum Trading Bot - INFO - Quantum device error rate: 0.0528
2025-04-08 14:58:31,437 - Quantum Trading Bot - INFO - Quantum prediction for MSFT: 0.1753 (confidence: 0.9472)
2025-04-08 14:58:31,437 - Quantum Trading Bot - INFO - Trading signal for MSFT: 0.1753 (source: quantum)
2025-04-08 14:58:31,437 - Quantum Trading Bot - INFO - SELL signal for MSFT (score: 0.1753, source: quantum)
2025-04-08 14:58:31,439 - Quantum Trading Bot - WARNING - Cannot sell MSFT - no position
2025-04-08 14:58:31,441 - Quantum Trading Bot - INFO - Processing NVDA
2025-04-08 14:58:31,441 - Quantum Trading Bot - INFO - Mock halal compliance check for NVDA: COMPLIANT
2025-04-08 14:58:31,449 - Quantum Trading Bot - INFO - Quantum device error rate: 0.0384
2025-04-08 14:58:31,452 - Quantum Trading Bot - INFO - Quantum prediction for NVDA: 0.3840 (confidence: 0.9616)
2025-04-08 14:58:31,452 - Quantum Trading Bot - INFO - Trading signal for NVDA: 0.3840 (source: quantum)
2025-04-08 14:58:31,452 - Quantum Trading Bot - INFO - HOLD signal for NVDA (score: 0.3840, source: quantum)
2025-04-08 14:58:31,462 - Quantum Trading Bot - INFO - Performance metrics saved: 40/72 winning trades
2025-04-08 14:58:31,462 - Quantum Trading Bot - INFO - Quantum prediction accuracy: 0.00
2025-04-08 14:58:31,462 - Quantum Trading Bot - INFO - Sleeping for 60 seconds
2025-04-08 14:59:21,909 - Trading System - INFO - Trading Bot is alive: True
2025-04-08 14:59:21,912 - Trading System - INFO - Monitor Bot is alive: True
2025-04-08 14:59:21,912 - Trading System - INFO - Improvement Bot is alive: True
2025-04-08 14:59:31,464 - Quantum Trading Bot - INFO - Starting trading cycle
2025-04-08 14:59:31,465 - Quantum Trading Bot - INFO - Processing AAPL
2025-04-08 14:59:31,466 - Quantum Trading Bot - INFO - Mock halal compliance check for AAPL: COMPLIANT
2025-04-08 14:59:31,502 - Quantum Trading Bot - INFO - Quantum device error rate: 0.0417
2025-04-08 14:59:31,507 - Quantum Trading Bot - INFO - Quantum prediction for AAPL: 0.3160 (confidence: 0.9583)
2025-04-08 14:59:31,507 - Quantum Trading Bot - INFO - Trading signal for AAPL: 0.3160 (source: quantum)
2025-04-08 14:59:31,507 - Quantum Trading Bot - INFO - HOLD signal for AAPL (score: 0.3160, source: quantum)
2025-04-08 14:59:31,510 - Quantum Trading Bot - INFO - Processing MSFT
2025-04-08 14:59:31,510 - Quantum Trading Bot - INFO - Mock halal compliance check for MSFT: COMPLIANT
2025-04-08 14:59:31,520 - Quantum Trading Bot - INFO - Quantum device error rate: 0.0402
2025-04-08 14:59:31,524 - Quantum Trading Bot - INFO - Quantum prediction for MSFT: 0.2220 (confidence: 0.9598)
2025-04-08 14:59:31,524 - Quantum Trading Bot - INFO - Trading signal for MSFT: 0.2220 (source: quantum)
2025-04-08 14:59:31,524 - Quantum Trading Bot - INFO - SELL signal for MSFT (score: 0.2220, source: quantum)
2025-04-08 14:59:31,525 - Quantum Trading Bot - WARNING - Cannot sell MSFT - no position
2025-04-08 14:59:31,527 - Quantum Trading Bot - INFO - Processing NVDA
2025-04-08 14:59:31,527 - Quantum Trading Bot - INFO - Mock halal compliance check for NVDA: COMPLIANT
2025-04-08 14:59:31,536 - Quantum Trading Bot - INFO - Quantum device error rate: 0.0258
2025-04-08 14:59:31,539 - Quantum Trading Bot - INFO - Quantum prediction for NVDA: 0.4390 (confidence: 0.7794)
2025-04-08 14:59:31,539 - Quantum Trading Bot - INFO - Trading signal for NVDA: 0.4390 (source: quantum)
2025-04-08 14:59:31,539 - Quantum Trading Bot - INFO - HOLD signal for NVDA (score: 0.4390, source: quantum)
2025-04-08 14:59:31,549 - Quantum Trading Bot - INFO - Performance metrics saved: 40/72 winning trades
2025-04-08 14:59:31,549 - Quantum Trading Bot - INFO - Quantum prediction accuracy: 0.00
2025-04-08 14:59:31,549 - Quantum Trading Bot - INFO - Sleeping for 60 seconds
2025-04-08 15:00:21,916 - Trading System - INFO - Trading Bot is alive: True
2025-04-08 15:00:21,918 - Trading System - INFO - Monitor Bot is alive: True
2025-04-08 15:00:21,919 - Trading System - INFO - Improvement Bot is alive: True
2025-04-08 15:00:31,555 - Quantum Trading Bot - INFO - Starting trading cycle
2025-04-08 15:00:31,556 - Quantum Trading Bot - INFO - Processing AAPL
2025-04-08 15:00:31,557 - Quantum Trading Bot - INFO - Mock halal compliance check for AAPL: COMPLIANT
2025-04-08 15:00:31,598 - Quantum Trading Bot - INFO - Quantum device error rate: 0.0372
2025-04-08 15:00:31,607 - Quantum Trading Bot - INFO - Quantum prediction for AAPL: 0.1490 (confidence: 0.9628)
2025-04-08 15:00:31,607 - Quantum Trading Bot - INFO - Trading signal for AAPL: 0.1490 (source: quantum)
2025-04-08 15:00:31,607 - Quantum Trading Bot - INFO - SELL signal for AAPL (score: 0.1490, source: quantum)
2025-04-08 15:00:31,608 - Quantum Trading Bot - WARNING - Cannot sell AAPL - no position
2025-04-08 15:00:31,611 - Quantum Trading Bot - INFO - Processing MSFT
2025-04-08 15:00:31,611 - Quantum Trading Bot - INFO - Mock halal compliance check for MSFT: COMPLIANT
2025-04-08 15:00:31,621 - Quantum Trading Bot - INFO - Quantum device error rate: 0.0411
2025-04-08 15:00:31,627 - Quantum Trading Bot - INFO - Quantum prediction for MSFT: 0.3950 (confidence: 0.9589)
2025-04-08 15:00:31,627 - Quantum Trading Bot - INFO - Trading signal for MSFT: 0.3950 (source: quantum)
2025-04-08 15:00:31,627 - Quantum Trading Bot - INFO - HOLD signal for MSFT (score: 0.3950, source: quantum)
2025-04-08 15:00:31,629 - Quantum Trading Bot - INFO - Processing NVDA
2025-04-08 15:00:31,630 - Quantum Trading Bot - INFO - Mock halal compliance check for NVDA: COMPLIANT
2025-04-08 15:00:31,639 - Quantum Trading Bot - INFO - Quantum device error rate: 0.0429
2025-04-08 15:00:31,642 - Quantum Trading Bot - INFO - Quantum prediction for NVDA: 0.7410 (confidence: 0.9571)
2025-04-08 15:00:31,642 - Quantum Trading Bot - INFO - Trading signal for NVDA: 0.7410 (source: quantum)
2025-04-08 15:00:31,642 - Quantum Trading Bot - INFO - HOLD signal for NVDA (score: 0.7410, source: quantum)
2025-04-08 15:00:31,653 - Quantum Trading Bot - INFO - Performance metrics saved: 40/72 winning trades
2025-04-08 15:00:31,653 - Quantum Trading Bot - INFO - Quantum prediction accuracy: 0.00
2025-04-08 15:00:31,653 - Quantum Trading Bot - INFO - Sleeping for 60 seconds
2025-04-08 15:01:21,922 - Trading System - INFO - Trading Bot is alive: True
2025-04-08 15:01:21,924 - Trading System - INFO - Monitor Bot is alive: True
2025-04-08 15:01:21,924 - Trading System - INFO - Improvement Bot is alive: True
2025-04-08 15:01:31,659 - Quantum Trading Bot - INFO - Starting trading cycle
2025-04-08 15:01:31,662 - Quantum Trading Bot - INFO - Processing AAPL
2025-04-08 15:01:31,663 - Quantum Trading Bot - INFO - Mock halal compliance check for AAPL: COMPLIANT
2025-04-08 15:01:31,704 - Quantum Trading Bot - INFO - Quantum device error rate: 0.0408
2025-04-08 15:01:31,716 - Quantum Trading Bot - INFO - Quantum prediction for AAPL: 0.4450 (confidence: 0.7674)
2025-04-08 15:01:31,716 - Quantum Trading Bot - INFO - Trading signal for AAPL: 0.4450 (source: quantum)
2025-04-08 15:01:31,716 - Quantum Trading Bot - INFO - HOLD signal for AAPL (score: 0.4450, source: quantum)
2025-04-08 15:01:31,719 - Quantum Trading Bot - INFO - Processing MSFT
2025-04-08 15:01:31,719 - Quantum Trading Bot - INFO - Mock halal compliance check for MSFT: COMPLIANT
2025-04-08 15:01:31,729 - Quantum Trading Bot - INFO - Quantum device error rate: 0.0411
2025-04-08 15:01:31,732 - Quantum Trading Bot - INFO - Quantum prediction for MSFT: 0.2230 (confidence: 0.9589)
2025-04-08 15:01:31,732 - Quantum Trading Bot - INFO - Trading signal for MSFT: 0.2230 (source: quantum)
2025-04-08 15:01:31,732 - Quantum Trading Bot - INFO - SELL signal for MSFT (score: 0.2230, source: quantum)
2025-04-08 15:01:31,733 - Quantum Trading Bot - WARNING - Cannot sell MSFT - no position
2025-04-08 15:01:31,735 - Quantum Trading Bot - INFO - Processing NVDA
2025-04-08 15:01:31,736 - Quantum Trading Bot - INFO - Mock halal compliance check for NVDA: COMPLIANT
2025-04-08 15:01:31,744 - Quantum Trading Bot - INFO - Quantum device error rate: 0.0342
2025-04-08 15:01:31,747 - Quantum Trading Bot - INFO - Quantum prediction for NVDA: 0.2990 (confidence: 0.9658)
2025-04-08 15:01:31,747 - Quantum Trading Bot - INFO - Trading signal for NVDA: 0.2990 (source: quantum)
2025-04-08 15:01:31,747 - Quantum Trading Bot - INFO - SELL signal for NVDA (score: 0.2990, source: quantum)
2025-04-08 15:01:31,748 - Quantum Trading Bot - WARNING - Cannot sell NVDA - no position
2025-04-08 15:01:31,758 - Quantum Trading Bot - INFO - Performance metrics saved: 40/72 winning trades
2025-04-08 15:01:31,758 - Quantum Trading Bot - INFO - Quantum prediction accuracy: 0.00
2025-04-08 15:01:31,758 - Quantum Trading Bot - INFO - Sleeping for 60 seconds
2025-04-08 15:02:21,928 - Trading System - INFO - Trading Bot is alive: True
2025-04-08 15:02:21,930 - Trading System - INFO - Monitor Bot is alive: True
2025-04-08 15:02:21,930 - Trading System - INFO - Improvement Bot is alive: True
2025-04-08 15:02:31,763 - Quantum Trading Bot - INFO - Starting trading cycle
2025-04-08 15:02:31,765 - Quantum Trading Bot - INFO - Processing AAPL
2025-04-08 15:02:31,766 - Quantum Trading Bot - INFO - Mock halal compliance check for AAPL: COMPLIANT
2025-04-08 15:02:31,854 - Quantum Trading Bot - INFO - Quantum device error rate: 0.0387
2025-04-08 15:02:31,860 - Quantum Trading Bot - INFO - Quantum prediction for AAPL: 0.4750 (confidence: 0.7690)
2025-04-08 15:02:31,860 - Quantum Trading Bot - INFO - Trading signal for AAPL: 0.4750 (source: quantum)
2025-04-08 15:02:31,860 - Quantum Trading Bot - INFO - HOLD signal for AAPL (score: 0.4750, source: quantum)
2025-04-08 15:02:31,863 - Quantum Trading Bot - INFO - Processing MSFT
2025-04-08 15:02:31,863 - Quantum Trading Bot - INFO - Mock halal compliance check for MSFT: COMPLIANT
2025-04-08 15:02:31,871 - Quantum Trading Bot - INFO - Quantum device error rate: 0.0327
2025-04-08 15:02:31,874 - Quantum Trading Bot - INFO - Quantum prediction for MSFT: 0.3010 (confidence: 0.9673)
2025-04-08 15:02:31,875 - Quantum Trading Bot - INFO - Trading signal for MSFT: 0.3010 (source: quantum)
2025-04-08 15:02:31,875 - Quantum Trading Bot - INFO - HOLD signal for MSFT (score: 0.3010, source: quantum)
2025-04-08 15:02:31,877 - Quantum Trading Bot - INFO - Processing NVDA
2025-04-08 15:02:31,877 - Quantum Trading Bot - INFO - Mock halal compliance check for NVDA: COMPLIANT
2025-04-08 15:02:31,885 - Quantum Trading Bot - INFO - Quantum device error rate: 0.0354
2025-04-08 15:02:31,888 - Quantum Trading Bot - INFO - Quantum prediction for NVDA: 0.2630 (confidence: 0.9646)
2025-04-08 15:02:31,888 - Quantum Trading Bot - INFO - Trading signal for NVDA: 0.2630 (source: quantum)
2025-04-08 15:02:31,888 - Quantum Trading Bot - INFO - SELL signal for NVDA (score: 0.2630, source: quantum)
2025-04-08 15:02:31,889 - Quantum Trading Bot - WARNING - Cannot sell NVDA - no position
2025-04-08 15:02:31,899 - Quantum Trading Bot - INFO - Performance metrics saved: 40/72 winning trades
2025-04-08 15:02:31,899 - Quantum Trading Bot - INFO - Quantum prediction accuracy: 0.00
2025-04-08 15:02:31,899 - Quantum Trading Bot - INFO - Sleeping for 60 seconds
2025-04-08 15:03:21,933 - Trading System - INFO - Trading Bot is alive: True
2025-04-08 15:03:21,936 - Trading System - INFO - Monitor Bot is alive: True
2025-04-08 15:03:21,936 - Trading System - INFO - Improvement Bot is alive: True
2025-04-08 15:03:31,903 - Quantum Trading Bot - INFO - Starting trading cycle
2025-04-08 15:03:31,905 - Quantum Trading Bot - INFO - Processing AAPL
2025-04-08 15:03:31,906 - Quantum Trading Bot - INFO - Mock halal compliance check for AAPL: COMPLIANT
2025-04-08 15:03:31,946 - Quantum Trading Bot - INFO - Quantum device error rate: 0.0228
2025-04-08 15:03:31,952 - Quantum Trading Bot - INFO - Quantum prediction for AAPL: 0.4490 (confidence: 0.7818)
2025-04-08 15:03:31,952 - Quantum Trading Bot - INFO - Trading signal for AAPL: 0.4490 (source: quantum)
2025-04-08 15:03:31,952 - Quantum Trading Bot - INFO - HOLD signal for AAPL (score: 0.4490, source: quantum)
2025-04-08 15:03:31,955 - Quantum Trading Bot - INFO - Processing MSFT
2025-04-08 15:03:31,955 - Quantum Trading Bot - INFO - Mock halal compliance check for MSFT: COMPLIANT
2025-04-08 15:03:31,966 - Quantum Trading Bot - INFO - Quantum device error rate: 0.0564
2025-04-08 15:03:31,975 - Quantum Trading Bot - INFO - Quantum prediction for MSFT: 0.5217 (confidence: 0.7549)
2025-04-08 15:03:31,975 - Quantum Trading Bot - INFO - Trading signal for MSFT: 0.5217 (source: quantum)
2025-04-08 15:03:31,975 - Quantum Trading Bot - INFO - HOLD signal for MSFT (score: 0.5217, source: quantum)
2025-04-08 15:03:31,978 - Quantum Trading Bot - INFO - Processing NVDA
2025-04-08 15:03:31,978 - Quantum Trading Bot - INFO - Mock halal compliance check for NVDA: COMPLIANT
2025-04-08 15:03:31,987 - Quantum Trading Bot - INFO - Quantum device error rate: 0.0363
2025-04-08 15:03:31,990 - Quantum Trading Bot - INFO - Quantum prediction for NVDA: 0.7770 (confidence: 0.9637)
2025-04-08 15:03:31,990 - Quantum Trading Bot - INFO - Trading signal for NVDA: 0.7770 (source: quantum)
2025-04-08 15:03:31,990 - Quantum Trading Bot - INFO - HOLD signal for NVDA (score: 0.7770, source: quantum)
2025-04-08 15:03:32,000 - Quantum Trading Bot - INFO - Performance metrics saved: 40/72 winning trades
2025-04-08 15:03:32,000 - Quantum Trading Bot - INFO - Quantum prediction accuracy: 0.00
2025-04-08 15:03:32,000 - Quantum Trading Bot - INFO - Sleeping for 60 seconds
2025-04-08 15:04:21,941 - Trading System - INFO - Trading Bot is alive: True
2025-04-08 15:04:21,943 - Trading System - INFO - Monitor Bot is alive: True
2025-04-08 15:04:21,944 - Trading System - INFO - Improvement Bot is alive: True
2025-04-08 15:04:32,005 - Quantum Trading Bot - INFO - Starting trading cycle
2025-04-08 15:04:32,007 - Quantum Trading Bot - INFO - Processing AAPL
2025-04-08 15:04:32,007 - Quantum Trading Bot - INFO - Mock halal compliance check for AAPL: COMPLIANT
2025-04-08 15:04:32,052 - Quantum Trading Bot - INFO - Quantum device error rate: 0.0288
2025-04-08 15:04:32,058 - Quantum Trading Bot - INFO - Quantum prediction for AAPL: 0.7100 (confidence: 0.9712)
2025-04-08 15:04:32,058 - Quantum Trading Bot - INFO - Trading signal for AAPL: 0.7100 (source: quantum)
2025-04-08 15:04:32,058 - Quantum Trading Bot - INFO - HOLD signal for AAPL (score: 0.7100, source: quantum)
2025-04-08 15:04:32,061 - Quantum Trading Bot - INFO - Processing MSFT
2025-04-08 15:04:32,061 - Quantum Trading Bot - INFO - Mock halal compliance check for MSFT: COMPLIANT
2025-04-08 15:04:32,072 - Quantum Trading Bot - INFO - Quantum device error rate: 0.0357
2025-04-08 15:04:32,075 - Quantum Trading Bot - INFO - Quantum prediction for MSFT: 0.2310 (confidence: 0.9643)
2025-04-08 15:04:32,075 - Quantum Trading Bot - INFO - Trading signal for MSFT: 0.2310 (source: quantum)
2025-04-08 15:04:32,075 - Quantum Trading Bot - INFO - SELL signal for MSFT (score: 0.2310, source: quantum)
2025-04-08 15:04:32,076 - Quantum Trading Bot - WARNING - Cannot sell MSFT - no position
2025-04-08 15:04:32,079 - Quantum Trading Bot - INFO - Processing NVDA
2025-04-08 15:04:32,079 - Quantum Trading Bot - INFO - Mock halal compliance check for NVDA: COMPLIANT
2025-04-08 15:04:32,087 - Quantum Trading Bot - INFO - Quantum device error rate: 0.0315
2025-04-08 15:04:32,090 - Quantum Trading Bot - INFO - Quantum prediction for NVDA: 0.6250 (confidence: 0.9685)
2025-04-08 15:04:32,090 - Quantum Trading Bot - INFO - Trading signal for NVDA: 0.6250 (source: quantum)
2025-04-08 15:04:32,090 - Quantum Trading Bot - INFO - HOLD signal for NVDA (score: 0.6250, source: quantum)
2025-04-08 15:04:32,099 - Quantum Trading Bot - INFO - Performance metrics saved: 40/72 winning trades
2025-04-08 15:04:32,099 - Quantum Trading Bot - INFO - Quantum prediction accuracy: 0.00
2025-04-08 15:04:32,099 - Quantum Trading Bot - INFO - Sleeping for 60 seconds
2025-04-08 15:05:21,949 - Trading System - INFO - Trading Bot is alive: True
2025-04-08 15:05:21,952 - Trading System - INFO - Monitor Bot is alive: True
2025-04-08 15:05:21,952 - Trading System - INFO - Improvement Bot is alive: True
2025-04-08 15:05:32,103 - Quantum Trading Bot - INFO - Starting trading cycle
2025-04-08 15:05:32,104 - Quantum Trading Bot - INFO - Processing AAPL
2025-04-08 15:05:32,108 - Quantum Trading Bot - INFO - Mock halal compliance check for AAPL: COMPLIANT
2025-04-08 15:05:32,170 - Quantum Trading Bot - INFO - Quantum device error rate: 0.0549
2025-04-08 15:05:32,187 - Quantum Trading Bot - INFO - Quantum prediction for AAPL: 0.3087 (confidence: 0.9451)
2025-04-08 15:05:32,187 - Quantum Trading Bot - INFO - Trading signal for AAPL: 0.3087 (source: quantum)
2025-04-08 15:05:32,187 - Quantum Trading Bot - INFO - HOLD signal for AAPL (score: 0.3087, source: quantum)
2025-04-08 15:05:32,190 - Quantum Trading Bot - INFO - Processing MSFT
2025-04-08 15:05:32,190 - Quantum Trading Bot - INFO - Mock halal compliance check for MSFT: COMPLIANT
2025-04-08 15:05:32,201 - Quantum Trading Bot - INFO - Quantum device error rate: 0.0369
2025-04-08 15:05:32,204 - Quantum Trading Bot - INFO - Quantum prediction for MSFT: 0.0940 (confidence: 0.9631)
2025-04-08 15:05:32,204 - Quantum Trading Bot - INFO - Trading signal for MSFT: 0.0940 (source: quantum)
2025-04-08 15:05:32,204 - Quantum Trading Bot - INFO - SELL signal for MSFT (score: 0.0940, source: quantum)
2025-04-08 15:05:32,206 - Quantum Trading Bot - WARNING - Cannot sell MSFT - no position
2025-04-08 15:05:32,208 - Quantum Trading Bot - INFO - Processing NVDA
2025-04-08 15:05:32,208 - Quantum Trading Bot - INFO - Mock halal compliance check for NVDA: COMPLIANT
2025-04-08 15:05:32,217 - Quantum Trading Bot - INFO - Quantum device error rate: 0.0213
2025-04-08 15:05:32,220 - Quantum Trading Bot - INFO - Quantum prediction for NVDA: 0.3880 (confidence: 0.9787)
2025-04-08 15:05:32,220 - Quantum Trading Bot - INFO - Trading signal for NVDA: 0.3880 (source: quantum)
2025-04-08 15:05:32,220 - Quantum Trading Bot - INFO - HOLD signal for NVDA (score: 0.3880, source: quantum)
2025-04-08 15:05:32,230 - Quantum Trading Bot - INFO - Performance metrics saved: 40/72 winning trades
2025-04-08 15:05:32,230 - Quantum Trading Bot - INFO - Quantum prediction accuracy: 0.00
2025-04-08 15:05:32,230 - Quantum Trading Bot - INFO - Sleeping for 60 seconds
2025-04-08 15:06:21,957 - Trading System - INFO - Trading Bot is alive: True
2025-04-08 15:06:21,959 - Trading System - INFO - Monitor Bot is alive: True
2025-04-08 15:06:21,959 - Trading System - INFO - Improvement Bot is alive: True
2025-04-08 15:06:32,235 - Quantum Trading Bot - INFO - Starting trading cycle
2025-04-08 15:06:32,237 - Quantum Trading Bot - INFO - Processing AAPL
2025-04-08 15:06:32,238 - Quantum Trading Bot - INFO - Mock halal compliance check for AAPL: COMPLIANT
2025-04-08 15:06:32,290 - Quantum Trading Bot - INFO - Quantum device error rate: 0.0318
2025-04-08 15:06:32,295 - Quantum Trading Bot - INFO - Quantum prediction for AAPL: 0.3370 (confidence: 0.9682)
2025-04-08 15:06:32,295 - Quantum Trading Bot - INFO - Trading signal for AAPL: 0.3370 (source: quantum)
2025-04-08 15:06:32,295 - Quantum Trading Bot - INFO - HOLD signal for AAPL (score: 0.3370, source: quantum)
2025-04-08 15:06:32,298 - Quantum Trading Bot - INFO - Processing MSFT
2025-04-08 15:06:32,298 - Quantum Trading Bot - INFO - Mock halal compliance check for MSFT: COMPLIANT
2025-04-08 15:06:32,308 - Quantum Trading Bot - INFO - Quantum device error rate: 0.0291
2025-04-08 15:06:32,311 - Quantum Trading Bot - INFO - Quantum prediction for MSFT: 0.7050 (confidence: 0.9709)
2025-04-08 15:06:32,311 - Quantum Trading Bot - INFO - Trading signal for MSFT: 0.7050 (source: quantum)
2025-04-08 15:06:32,311 - Quantum Trading Bot - INFO - HOLD signal for MSFT (score: 0.7050, source: quantum)
2025-04-08 15:06:32,313 - Quantum Trading Bot - INFO - Processing NVDA
2025-04-08 15:06:32,313 - Quantum Trading Bot - INFO - Mock halal compliance check for NVDA: COMPLIANT
2025-04-08 15:06:32,321 - Quantum Trading Bot - INFO - Quantum device error rate: 0.0348
2025-04-08 15:06:32,324 - Quantum Trading Bot - INFO - Quantum prediction for NVDA: 0.6860 (confidence: 0.9652)
2025-04-08 15:06:32,324 - Quantum Trading Bot - INFO - Trading signal for NVDA: 0.6860 (source: quantum)
2025-04-08 15:06:32,324 - Quantum Trading Bot - INFO - HOLD signal for NVDA (score: 0.6860, source: quantum)
2025-04-08 15:06:32,334 - Quantum Trading Bot - INFO - Performance metrics saved: 40/72 winning trades
2025-04-08 15:06:32,334 - Quantum Trading Bot - INFO - Quantum prediction accuracy: 0.00
2025-04-08 15:06:32,334 - Quantum Trading Bot - INFO - Sleeping for 60 seconds
2025-04-08 15:07:21,964 - Trading System - INFO - Trading Bot is alive: True
2025-04-08 15:07:21,966 - Trading System - INFO - Monitor Bot is alive: True
2025-04-08 15:07:21,967 - Trading System - INFO - Improvement Bot is alive: True
2025-04-08 15:07:32,339 - Quantum Trading Bot - INFO - Starting trading cycle
2025-04-08 15:07:32,341 - Quantum Trading Bot - INFO - Processing AAPL
2025-04-08 15:07:32,341 - Quantum Trading Bot - INFO - Mock halal compliance check for AAPL: COMPLIANT
2025-04-08 15:07:32,407 - Quantum Trading Bot - INFO - Quantum device error rate: 0.0459
2025-04-08 15:07:32,418 - Quantum Trading Bot - INFO - Quantum prediction for AAPL: 0.2000 (confidence: 0.9541)
2025-04-08 15:07:32,419 - Quantum Trading Bot - INFO - Trading signal for AAPL: 0.2000 (source: quantum)
2025-04-08 15:07:32,419 - Quantum Trading Bot - INFO - SELL signal for AAPL (score: 0.2000, source: quantum)
2025-04-08 15:07:32,421 - Quantum Trading Bot - WARNING - Cannot sell AAPL - no position
2025-04-08 15:07:32,424 - Quantum Trading Bot - INFO - Processing MSFT
2025-04-08 15:07:32,424 - Quantum Trading Bot - INFO - Mock halal compliance check for MSFT: COMPLIANT
2025-04-08 15:07:32,434 - Quantum Trading Bot - INFO - Quantum device error rate: 0.0315
2025-04-08 15:07:32,438 - Quantum Trading Bot - INFO - Quantum prediction for MSFT: 0.5290 (confidence: 0.7748)
2025-04-08 15:07:32,438 - Quantum Trading Bot - INFO - Trading signal for MSFT: 0.5290 (source: quantum)
2025-04-08 15:07:32,438 - Quantum Trading Bot - INFO - HOLD signal for MSFT (score: 0.5290, source: quantum)
2025-04-08 15:07:32,440 - Quantum Trading Bot - INFO - Processing NVDA
2025-04-08 15:07:32,440 - Quantum Trading Bot - INFO - Mock halal compliance check for NVDA: COMPLIANT
2025-04-08 15:07:32,449 - Quantum Trading Bot - INFO - Quantum device error rate: 0.0213
2025-04-08 15:07:32,451 - Quantum Trading Bot - INFO - Quantum prediction for NVDA: 0.6460 (confidence: 0.9787)
2025-04-08 15:07:32,452 - Quantum Trading Bot - INFO - Trading signal for NVDA: 0.6460 (source: quantum)
2025-04-08 15:07:32,452 - Quantum Trading Bot - INFO - HOLD signal for NVDA (score: 0.6460, source: quantum)
2025-04-08 15:07:32,461 - Quantum Trading Bot - INFO - Performance metrics saved: 40/72 winning trades
2025-04-08 15:07:32,461 - Quantum Trading Bot - INFO - Quantum prediction accuracy: 0.00
2025-04-08 15:07:32,461 - Quantum Trading Bot - INFO - Sleeping for 60 seconds
2025-04-08 15:08:21,972 - Trading System - INFO - Trading Bot is alive: True
2025-04-08 15:08:21,973 - Trading System - INFO - Monitor Bot is alive: True
2025-04-08 15:08:21,973 - Trading System - INFO - Improvement Bot is alive: True
2025-04-08 15:08:32,466 - Quantum Trading Bot - INFO - Starting trading cycle
2025-04-08 15:08:32,467 - Quantum Trading Bot - INFO - Processing AAPL
2025-04-08 15:08:32,468 - Quantum Trading Bot - INFO - Mock halal compliance check for AAPL: COMPLIANT
2025-04-08 15:08:32,505 - Quantum Trading Bot - INFO - Quantum device error rate: 0.0465
2025-04-08 15:08:32,512 - Quantum Trading Bot - INFO - Quantum prediction for AAPL: 0.7570 (confidence: 0.9535)
2025-04-08 15:08:32,512 - Quantum Trading Bot - INFO - Trading signal for AAPL: 0.7570 (source: quantum)
2025-04-08 15:08:32,512 - Quantum Trading Bot - INFO - HOLD signal for AAPL (score: 0.7570, source: quantum)
2025-04-08 15:08:32,515 - Quantum Trading Bot - INFO - Processing MSFT
2025-04-08 15:08:32,515 - Quantum Trading Bot - INFO - Mock halal compliance check for MSFT: COMPLIANT
2025-04-08 15:08:32,525 - Quantum Trading Bot - INFO - Quantum device error rate: 0.0336
2025-04-08 15:08:32,528 - Quantum Trading Bot - INFO - Quantum prediction for MSFT: 0.2700 (confidence: 0.9664)
2025-04-08 15:08:32,528 - Quantum Trading Bot - INFO - Trading signal for MSFT: 0.2700 (source: quantum)
2025-04-08 15:08:32,528 - Quantum Trading Bot - INFO - SELL signal for MSFT (score: 0.2700, source: quantum)
2025-04-08 15:08:32,529 - Quantum Trading Bot - WARNING - Cannot sell MSFT - no position
2025-04-08 15:08:32,531 - Quantum Trading Bot - INFO - Processing NVDA
2025-04-08 15:08:32,531 - Quantum Trading Bot - INFO - Mock halal compliance check for NVDA: COMPLIANT
2025-04-08 15:08:32,540 - Quantum Trading Bot - INFO - Quantum device error rate: 0.0393
2025-04-08 15:08:32,544 - Quantum Trading Bot - INFO - Quantum prediction for NVDA: 0.9520 (confidence: 0.9607)
2025-04-08 15:08:32,544 - Quantum Trading Bot - INFO - Trading signal for NVDA: 0.9520 (source: quantum)
2025-04-08 15:08:32,544 - Quantum Trading Bot - INFO - HOLD signal for NVDA (score: 0.9520, source: quantum)
2025-04-08 15:08:32,553 - Quantum Trading Bot - INFO - Performance metrics saved: 40/72 winning trades
2025-04-08 15:08:32,553 - Quantum Trading Bot - INFO - Quantum prediction accuracy: 0.00
2025-04-08 15:08:32,553 - Quantum Trading Bot - INFO - Sleeping for 60 seconds
2025-04-08 15:09:21,976 - Trading System - INFO - Trading Bot is alive: True
2025-04-08 15:09:21,982 - Trading System - INFO - Monitor Bot is alive: True
2025-04-08 15:09:21,982 - Trading System - INFO - Improvement Bot is alive: True
2025-04-08 15:09:32,559 - Quantum Trading Bot - INFO - Starting trading cycle
2025-04-08 15:09:32,562 - Quantum Trading Bot - INFO - Processing AAPL
2025-04-08 15:09:32,562 - Quantum Trading Bot - INFO - Mock halal compliance check for AAPL: COMPLIANT
2025-04-08 15:09:32,594 - Quantum Trading Bot - INFO - Quantum device error rate: 0.0510
2025-04-08 15:09:32,613 - Quantum Trading Bot - INFO - Quantum prediction for AAPL: 0.9151 (confidence: 0.9490)
2025-04-08 15:09:32,613 - Quantum Trading Bot - INFO - Trading signal for AAPL: 0.9151 (source: quantum)
2025-04-08 15:09:32,613 - Quantum Trading Bot - INFO - HOLD signal for AAPL (score: 0.9151, source: quantum)
2025-04-08 15:09:32,617 - Quantum Trading Bot - INFO - Processing MSFT
2025-04-08 15:09:32,617 - Quantum Trading Bot - INFO - Mock halal compliance check for MSFT: COMPLIANT
2025-04-08 15:09:32,626 - Quantum Trading Bot - INFO - Quantum device error rate: 0.0399
2025-04-08 15:09:32,629 - Quantum Trading Bot - INFO - Quantum prediction for MSFT: 0.7290 (confidence: 0.9601)
2025-04-08 15:09:32,629 - Quantum Trading Bot - INFO - Trading signal for MSFT: 0.7290 (source: quantum)
2025-04-08 15:09:32,629 - Quantum Trading Bot - INFO - HOLD signal for MSFT (score: 0.7290, source: quantum)
2025-04-08 15:09:32,631 - Quantum Trading Bot - INFO - Processing NVDA
2025-04-08 15:09:32,631 - Quantum Trading Bot - INFO - Mock halal compliance check for NVDA: COMPLIANT
2025-04-08 15:09:32,640 - Quantum Trading Bot - INFO - Quantum device error rate: 0.0486
2025-04-08 15:09:32,645 - Quantum Trading Bot - INFO - Quantum prediction for NVDA: 0.4060 (confidence: 0.7611)
2025-04-08 15:09:32,645 - Quantum Trading Bot - INFO - Trading signal for NVDA: 0.4060 (source: quantum)
2025-04-08 15:09:32,645 - Quantum Trading Bot - INFO - HOLD signal for NVDA (score: 0.4060, source: quantum)
2025-04-08 15:09:32,655 - Quantum Trading Bot - INFO - Performance metrics saved: 40/72 winning trades
2025-04-08 15:09:32,655 - Quantum Trading Bot - INFO - Quantum prediction accuracy: 0.00
2025-04-08 15:09:32,667 - Quantum Trading Bot - INFO - Quantum device error rate: 0.0339
2025-04-08 15:09:32,670 - Quantum Trading Bot - INFO - Quantum portfolio optimization complete: {'AAPL': np.float64(0.325864276568502), 'MSFT': np.float64(0.33546734955185664), 'NVDA': np.float64(0.33866837387964155)}
2025-04-08 15:09:32,670 - Quantum Trading Bot - INFO - Optimal portfolio weights: {'AAPL': np.float64(0.325864276568502), 'MSFT': np.float64(0.33546734955185664), 'NVDA': np.float64(0.33866837387964155)}
2025-04-08 15:09:32,670 - Quantum Trading Bot - INFO - Sleeping for 60 seconds
2025-04-08 15:10:21,986 - Trading System - INFO - Trading Bot is alive: True
2025-04-08 15:10:21,988 - Trading System - INFO - Monitor Bot is alive: True
2025-04-08 15:10:21,988 - Trading System - INFO - Improvement Bot is alive: True
2025-04-08 15:10:32,675 - Quantum Trading Bot - INFO - Starting trading cycle
2025-04-08 15:10:32,677 - Quantum Trading Bot - INFO - Processing AAPL
2025-04-08 15:10:32,677 - Quantum Trading Bot - INFO - Mock halal compliance check for AAPL: COMPLIANT
2025-04-08 15:10:32,732 - Quantum Trading Bot - INFO - Quantum device error rate: 0.0366
2025-04-08 15:10:32,738 - Quantum Trading Bot - INFO - Quantum prediction for AAPL: 0.4850 (confidence: 0.7707)
2025-04-08 15:10:32,738 - Quantum Trading Bot - INFO - Trading signal for AAPL: 0.4850 (source: quantum)
2025-04-08 15:10:32,738 - Quantum Trading Bot - INFO - HOLD signal for AAPL (score: 0.4850, source: quantum)
2025-04-08 15:10:32,741 - Quantum Trading Bot - INFO - Processing MSFT
2025-04-08 15:10:32,741 - Quantum Trading Bot - INFO - Mock halal compliance check for MSFT: COMPLIANT
2025-04-08 15:10:32,751 - Quantum Trading Bot - INFO - Quantum device error rate: 0.0345
2025-04-08 15:10:32,756 - Quantum Trading Bot - INFO - Quantum prediction for MSFT: 0.8450 (confidence: 0.9655)
2025-04-08 15:10:32,756 - Quantum Trading Bot - INFO - Trading signal for MSFT: 0.8450 (source: quantum)
2025-04-08 15:10:32,756 - Quantum Trading Bot - INFO - HOLD signal for MSFT (score: 0.8450, source: quantum)
2025-04-08 15:10:32,758 - Quantum Trading Bot - INFO - Processing NVDA
2025-04-08 15:10:32,758 - Quantum Trading Bot - INFO - Mock halal compliance check for NVDA: COMPLIANT
2025-04-08 15:10:32,770 - Quantum Trading Bot - INFO - Quantum device error rate: 0.0459
2025-04-08 15:10:32,773 - Quantum Trading Bot - INFO - Quantum prediction for NVDA: 0.4780 (confidence: 0.7633)
2025-04-08 15:10:32,773 - Quantum Trading Bot - INFO - Trading signal for NVDA: 0.4780 (source: quantum)
2025-04-08 15:10:32,773 - Quantum Trading Bot - INFO - HOLD signal for NVDA (score: 0.4780, source: quantum)
2025-04-08 15:10:32,783 - Quantum Trading Bot - INFO - Performance metrics saved: 40/72 winning trades
2025-04-08 15:10:32,783 - Quantum Trading Bot - INFO - Quantum prediction accuracy: 0.00
2025-04-08 15:10:32,783 - Quantum Trading Bot - INFO - Sleeping for 60 seconds
2025-04-08 15:11:21,991 - Trading System - INFO - Trading Bot is alive: True
2025-04-08 15:11:21,993 - Trading System - INFO - Monitor Bot is alive: True
2025-04-08 15:11:21,993 - Trading System - INFO - Improvement Bot is alive: True
2025-04-08 15:11:32,788 - Quantum Trading Bot - INFO - Starting trading cycle
2025-04-08 15:11:32,790 - Quantum Trading Bot - INFO - Processing AAPL
2025-04-08 15:11:32,790 - Quantum Trading Bot - INFO - Mock halal compliance check for AAPL: COMPLIANT
2025-04-08 15:11:32,831 - Quantum Trading Bot - INFO - Quantum device error rate: 0.0447
2025-04-08 15:11:32,837 - Quantum Trading Bot - INFO - Quantum prediction for AAPL: 0.9160 (confidence: 0.9553)
2025-04-08 15:11:32,837 - Quantum Trading Bot - INFO - Trading signal for AAPL: 0.9160 (source: quantum)
2025-04-08 15:11:32,837 - Quantum Trading Bot - INFO - HOLD signal for AAPL (score: 0.9160, source: quantum)
2025-04-08 15:11:32,840 - Quantum Trading Bot - INFO - Processing MSFT
2025-04-08 15:11:32,840 - Quantum Trading Bot - INFO - Mock halal compliance check for MSFT: COMPLIANT
2025-04-08 15:11:32,850 - Quantum Trading Bot - INFO - Quantum device error rate: 0.0453
2025-04-08 15:11:32,853 - Quantum Trading Bot - INFO - Quantum prediction for MSFT: 0.2660 (confidence: 0.9547)
2025-04-08 15:11:32,853 - Quantum Trading Bot - INFO - Trading signal for MSFT: 0.2660 (source: quantum)
2025-04-08 15:11:32,853 - Quantum Trading Bot - INFO - SELL signal for MSFT (score: 0.2660, source: quantum)
2025-04-08 15:11:32,854 - Quantum Trading Bot - WARNING - Cannot sell MSFT - no position
2025-04-08 15:11:32,857 - Quantum Trading Bot - INFO - Processing NVDA
2025-04-08 15:11:32,857 - Quantum Trading Bot - INFO - Mock halal compliance check for NVDA: COMPLIANT
2025-04-08 15:11:32,865 - Quantum Trading Bot - INFO - Quantum device error rate: 0.0405
2025-04-08 15:11:32,868 - Quantum Trading Bot - INFO - Quantum prediction for NVDA: 0.6330 (confidence: 0.9595)
2025-04-08 15:11:32,868 - Quantum Trading Bot - INFO - Trading signal for NVDA: 0.6330 (source: quantum)
2025-04-08 15:11:32,868 - Quantum Trading Bot - INFO - HOLD signal for NVDA (score: 0.6330, source: quantum)
2025-04-08 15:11:32,878 - Quantum Trading Bot - INFO - Performance metrics saved: 40/72 winning trades
2025-04-08 15:11:32,878 - Quantum Trading Bot - INFO - Quantum prediction accuracy: 0.00
2025-04-08 15:11:32,878 - Quantum Trading Bot - INFO - Sleeping for 60 seconds
2025-04-08 15:12:21,999 - Trading System - INFO - Trading Bot is alive: True
2025-04-08 15:12:22,002 - Trading System - INFO - Monitor Bot is alive: True
2025-04-08 15:12:22,002 - Trading System - INFO - Improvement Bot is alive: True
2025-04-08 15:12:32,883 - Quantum Trading Bot - INFO - Starting trading cycle
2025-04-08 15:12:32,885 - Quantum Trading Bot - INFO - Processing AAPL
2025-04-08 15:12:32,885 - Quantum Trading Bot - INFO - Mock halal compliance check for AAPL: COMPLIANT
2025-04-08 15:12:32,942 - Quantum Trading Bot - INFO - Quantum device error rate: 0.0447
2025-04-08 15:12:32,948 - Quantum Trading Bot - INFO - Quantum prediction for AAPL: 0.1590 (confidence: 0.9553)
2025-04-08 15:12:32,948 - Quantum Trading Bot - INFO - Trading signal for AAPL: 0.1590 (source: quantum)
2025-04-08 15:12:32,948 - Quantum Trading Bot - INFO - SELL signal for AAPL (score: 0.1590, source: quantum)
2025-04-08 15:12:32,949 - Quantum Trading Bot - WARNING - Cannot sell AAPL - no position
2025-04-08 15:12:32,952 - Quantum Trading Bot - INFO - Processing MSFT
2025-04-08 15:12:32,952 - Quantum Trading Bot - INFO - Mock halal compliance check for MSFT: COMPLIANT
2025-04-08 15:12:32,960 - Quantum Trading Bot - INFO - Quantum device error rate: 0.0408
2025-04-08 15:12:32,964 - Quantum Trading Bot - INFO - Quantum prediction for MSFT: 0.8590 (confidence: 0.9592)
2025-04-08 15:12:32,964 - Quantum Trading Bot - INFO - Trading signal for MSFT: 0.8590 (source: quantum)
2025-04-08 15:12:32,964 - Quantum Trading Bot - INFO - HOLD signal for MSFT (score: 0.8590, source: quantum)
2025-04-08 15:12:32,967 - Quantum Trading Bot - INFO - Processing NVDA
2025-04-08 15:12:32,967 - Quantum Trading Bot - INFO - Mock halal compliance check for NVDA: COMPLIANT
2025-04-08 15:12:32,975 - Quantum Trading Bot - INFO - Quantum device error rate: 0.0465
2025-04-08 15:12:32,978 - Quantum Trading Bot - INFO - Quantum prediction for NVDA: 0.4160 (confidence: 0.7628)
2025-04-08 15:12:32,978 - Quantum Trading Bot - INFO - Trading signal for NVDA: 0.4160 (source: quantum)
2025-04-08 15:12:32,978 - Quantum Trading Bot - INFO - HOLD signal for NVDA (score: 0.4160, source: quantum)
2025-04-08 15:12:32,988 - Quantum Trading Bot - INFO - Performance metrics saved: 40/72 winning trades
2025-04-08 15:12:32,988 - Quantum Trading Bot - INFO - Quantum prediction accuracy: 0.00
2025-04-08 15:12:32,988 - Quantum Trading Bot - INFO - Sleeping for 60 seconds
2025-04-08 15:13:22,006 - Trading System - INFO - Trading Bot is alive: True
2025-04-08 15:13:22,007 - Trading System - INFO - Monitor Bot is alive: True
2025-04-08 15:13:22,008 - Trading System - INFO - Improvement Bot is alive: True
2025-04-08 15:13:32,993 - Quantum Trading Bot - INFO - Starting trading cycle
2025-04-08 15:13:32,995 - Quantum Trading Bot - INFO - Processing AAPL
2025-04-08 15:13:32,995 - Quantum Trading Bot - INFO - Mock halal compliance check for AAPL: COMPLIANT
2025-04-08 15:13:33,040 - Quantum Trading Bot - INFO - Quantum device error rate: 0.0267
2025-04-08 15:13:33,046 - Quantum Trading Bot - INFO - Quantum prediction for AAPL: 0.8880 (confidence: 0.9733)
2025-04-08 15:13:33,046 - Quantum Trading Bot - INFO - Trading signal for AAPL: 0.8880 (source: quantum)
2025-04-08 15:13:33,046 - Quantum Trading Bot - INFO - HOLD signal for AAPL (score: 0.8880, source: quantum)
2025-04-08 15:13:33,049 - Quantum Trading Bot - INFO - Processing MSFT
2025-04-08 15:13:33,049 - Quantum Trading Bot - INFO - Mock halal compliance check for MSFT: COMPLIANT
2025-04-08 15:13:33,059 - Quantum Trading Bot - INFO - Quantum device error rate: 0.0306
2025-04-08 15:13:33,062 - Quantum Trading Bot - INFO - Quantum prediction for MSFT: 0.1150 (confidence: 0.9694)
2025-04-08 15:13:33,062 - Quantum Trading Bot - INFO - Trading signal for MSFT: 0.1150 (source: quantum)
2025-04-08 15:13:33,062 - Quantum Trading Bot - INFO - SELL signal for MSFT (score: 0.1150, source: quantum)
2025-04-08 15:13:33,064 - Quantum Trading Bot - WARNING - Cannot sell MSFT - no position
2025-04-08 15:13:33,067 - Quantum Trading Bot - INFO - Processing NVDA
2025-04-08 15:13:33,067 - Quantum Trading Bot - INFO - Mock halal compliance check for NVDA: COMPLIANT
2025-04-08 15:13:33,078 - Quantum Trading Bot - INFO - Quantum device error rate: 0.0210
2025-04-08 15:13:33,081 - Quantum Trading Bot - INFO - Quantum prediction for NVDA: 0.6940 (confidence: 0.9790)
2025-04-08 15:13:33,081 - Quantum Trading Bot - INFO - Trading signal for NVDA: 0.6940 (source: quantum)
2025-04-08 15:13:33,081 - Quantum Trading Bot - INFO - HOLD signal for NVDA (score: 0.6940, source: quantum)
2025-04-08 15:13:33,091 - Quantum Trading Bot - INFO - Performance metrics saved: 40/72 winning trades
2025-04-08 15:13:33,091 - Quantum Trading Bot - INFO - Quantum prediction accuracy: 0.00
2025-04-08 15:13:33,091 - Quantum Trading Bot - INFO - Sleeping for 60 seconds
2025-04-08 15:14:22,010 - Trading System - INFO - Trading Bot is alive: True
2025-04-08 15:14:22,013 - Trading System - INFO - Monitor Bot is alive: True
2025-04-08 15:14:22,013 - Trading System - INFO - Improvement Bot is alive: True
2025-04-08 15:14:33,096 - Quantum Trading Bot - INFO - Starting trading cycle
2025-04-08 15:14:33,098 - Quantum Trading Bot - INFO - Processing AAPL
2025-04-08 15:14:33,098 - Quantum Trading Bot - INFO - Mock halal compliance check for AAPL: COMPLIANT
2025-04-08 15:14:33,135 - Quantum Trading Bot - INFO - Quantum device error rate: 0.0384
2025-04-08 15:14:33,141 - Quantum Trading Bot - INFO - Quantum prediction for AAPL: 0.5510 (confidence: 0.7693)
2025-04-08 15:14:33,141 - Quantum Trading Bot - INFO - Trading signal for AAPL: 0.5510 (source: quantum)
2025-04-08 15:14:33,141 - Quantum Trading Bot - INFO - HOLD signal for AAPL (score: 0.5510, source: quantum)
2025-04-08 15:14:33,144 - Quantum Trading Bot - INFO - Processing MSFT
2025-04-08 15:14:33,144 - Quantum Trading Bot - INFO - Mock halal compliance check for MSFT: COMPLIANT
2025-04-08 15:14:33,153 - Quantum Trading Bot - INFO - Quantum device error rate: 0.0618
2025-04-08 15:14:33,161 - Quantum Trading Bot - INFO - Quantum prediction for MSFT: 0.8777 (confidence: 0.9382)
2025-04-08 15:14:33,161 - Quantum Trading Bot - INFO - Trading signal for MSFT: 0.8777 (source: quantum)
2025-04-08 15:14:33,161 - Quantum Trading Bot - INFO - HOLD signal for MSFT (score: 0.8777, source: quantum)
2025-04-08 15:14:33,164 - Quantum Trading Bot - INFO - Processing NVDA
2025-04-08 15:14:33,164 - Quantum Trading Bot - INFO - Mock halal compliance check for NVDA: COMPLIANT
2025-04-08 15:14:33,172 - Quantum Trading Bot - INFO - Quantum device error rate: 0.0261
2025-04-08 15:14:33,175 - Quantum Trading Bot - INFO - Quantum prediction for NVDA: 0.2830 (confidence: 0.9739)
2025-04-08 15:14:33,175 - Quantum Trading Bot - INFO - Trading signal for NVDA: 0.2830 (source: quantum)
2025-04-08 15:14:33,175 - Quantum Trading Bot - INFO - SELL signal for NVDA (score: 0.2830, source: quantum)
2025-04-08 15:14:33,177 - Quantum Trading Bot - WARNING - Cannot sell NVDA - no position
2025-04-08 15:14:33,187 - Quantum Trading Bot - INFO - Performance metrics saved: 40/72 winning trades
2025-04-08 15:14:33,187 - Quantum Trading Bot - INFO - Quantum prediction accuracy: 0.00
2025-04-08 15:14:33,187 - Quantum Trading Bot - INFO - Sleeping for 60 seconds
2025-04-08 15:15:22,015 - Trading System - INFO - Trading Bot is alive: True
2025-04-08 15:15:22,018 - Trading System - INFO - Monitor Bot is alive: True
2025-04-08 15:15:22,018 - Trading System - INFO - Improvement Bot is alive: True
2025-04-08 15:15:22,996 - Monitor Bot - INFO - Running scheduled task: Performance Metrics
2025-04-08 15:15:23,003 - Monitor Bot - INFO - === Performance Metrics ===
2025-04-08 15:15:23,003 - Monitor Bot - INFO - Date: 2025-04-08T15:14:33.179847
2025-04-08 15:15:23,003 - Monitor Bot - INFO - Total Trades: 72
2025-04-08 15:15:23,003 - Monitor Bot - INFO - Win Rate: 55.56%
2025-04-08 15:15:23,003 - Monitor Bot - INFO - Total Profit: $18.27
2025-04-08 15:15:23,003 - Monitor Bot - INFO - Average Profit per Trade: $0.25
2025-04-08 15:15:23,003 - Monitor Bot - INFO - Average Profit Percentage: 0.09%
2025-04-08 15:15:23,003 - Monitor Bot - INFO - Maximum Drawdown: 0.10%
2025-04-08 15:15:23,003 - Monitor Bot - INFO - Quantum Prediction Accuracy: 0.00%
2025-04-08 15:15:23,004 - Monitor Bot - INFO - ============================
2025-04-08 15:15:23,014 - Monitor Bot - INFO - Task Performance Metrics completed successfully
2025-04-08 15:15:33,192 - Quantum Trading Bot - INFO - Starting trading cycle
2025-04-08 15:15:33,193 - Quantum Trading Bot - INFO - Processing AAPL
2025-04-08 15:15:33,194 - Quantum Trading Bot - INFO - Mock halal compliance check for AAPL: COMPLIANT
2025-04-08 15:15:33,225 - Quantum Trading Bot - INFO - Quantum device error rate: 0.0303
2025-04-08 15:15:33,232 - Quantum Trading Bot - INFO - Quantum prediction for AAPL: 0.3740 (confidence: 0.9697)
2025-04-08 15:15:33,233 - Quantum Trading Bot - INFO - Trading signal for AAPL: 0.3740 (source: quantum)
2025-04-08 15:15:33,233 - Quantum Trading Bot - INFO - HOLD signal for AAPL (score: 0.3740, source: quantum)
2025-04-08 15:15:33,236 - Quantum Trading Bot - INFO - Processing MSFT
2025-04-08 15:15:33,236 - Quantum Trading Bot - INFO - Mock halal compliance check for MSFT: COMPLIANT
2025-04-08 15:15:33,246 - Quantum Trading Bot - INFO - Quantum device error rate: 0.0333
2025-04-08 15:15:33,250 - Quantum Trading Bot - INFO - Quantum prediction for MSFT: 0.1980 (confidence: 0.9667)
2025-04-08 15:15:33,250 - Quantum Trading Bot - INFO - Trading signal for MSFT: 0.1980 (source: quantum)
2025-04-08 15:15:33,250 - Quantum Trading Bot - INFO - SELL signal for MSFT (score: 0.1980, source: quantum)
2025-04-08 15:15:33,251 - Quantum Trading Bot - WARNING - Cannot sell MSFT - no position
2025-04-08 15:15:33,254 - Quantum Trading Bot - INFO - Processing NVDA
2025-04-08 15:15:33,254 - Quantum Trading Bot - INFO - Mock halal compliance check for NVDA: COMPLIANT
2025-04-08 15:15:33,262 - Quantum Trading Bot - INFO - Quantum device error rate: 0.0456
2025-04-08 15:15:33,269 - Quantum Trading Bot - INFO - Quantum prediction for NVDA: 0.4450 (confidence: 0.7635)
2025-04-08 15:15:33,269 - Quantum Trading Bot - INFO - Trading signal for NVDA: 0.4450 (source: quantum)
2025-04-08 15:15:33,269 - Quantum Trading Bot - INFO - HOLD signal for NVDA (score: 0.4450, source: quantum)
2025-04-08 15:15:33,279 - Quantum Trading Bot - INFO - Performance metrics saved: 40/72 winning trades
2025-04-08 15:15:33,279 - Quantum Trading Bot - INFO - Quantum prediction accuracy: 0.00
2025-04-08 15:15:33,279 - Quantum Trading Bot - INFO - Sleeping for 60 seconds
2025-04-08 15:16:22,023 - Trading System - INFO - Trading Bot is alive: True
2025-04-08 15:16:22,026 - Trading System - INFO - Monitor Bot is alive: True
2025-04-08 15:16:22,026 - Trading System - INFO - Improvement Bot is alive: True
2025-04-08 15:16:33,291 - Quantum Trading Bot - INFO - Starting trading cycle
2025-04-08 15:16:33,292 - Quantum Trading Bot - INFO - Processing AAPL
2025-04-08 15:16:33,293 - Quantum Trading Bot - INFO - Mock halal compliance check for AAPL: COMPLIANT
2025-04-08 15:16:33,326 - Quantum Trading Bot - INFO - Quantum device error rate: 0.0444
2025-04-08 15:16:33,332 - Quantum Trading Bot - INFO - Quantum prediction for AAPL: 0.4280 (confidence: 0.7645)
2025-04-08 15:16:33,332 - Quantum Trading Bot - INFO - Trading signal for AAPL: 0.4280 (source: quantum)
2025-04-08 15:16:33,332 - Quantum Trading Bot - INFO - HOLD signal for AAPL (score: 0.4280, source: quantum)
2025-04-08 15:16:33,335 - Quantum Trading Bot - INFO - Processing MSFT
2025-04-08 15:16:33,335 - Quantum Trading Bot - INFO - Mock halal compliance check for MSFT: COMPLIANT
2025-04-08 15:16:33,345 - Quantum Trading Bot - INFO - Quantum device error rate: 0.0270
2025-04-08 15:16:33,348 - Quantum Trading Bot - INFO - Quantum prediction for MSFT: 0.2880 (confidence: 0.9730)
2025-04-08 15:16:33,348 - Quantum Trading Bot - INFO - Trading signal for MSFT: 0.2880 (source: quantum)
2025-04-08 15:16:33,348 - Quantum Trading Bot - INFO - SELL signal for MSFT (score: 0.2880, source: quantum)
2025-04-08 15:16:33,349 - Quantum Trading Bot - WARNING - Cannot sell MSFT - no position
2025-04-08 15:16:33,351 - Quantum Trading Bot - INFO - Processing NVDA
2025-04-08 15:16:33,352 - Quantum Trading Bot - INFO - Mock halal compliance check for NVDA: COMPLIANT
2025-04-08 15:16:33,359 - Quantum Trading Bot - INFO - Quantum device error rate: 0.0435
2025-04-08 15:16:33,362 - Quantum Trading Bot - INFO - Quantum prediction for NVDA: 0.5580 (confidence: 0.7652)
2025-04-08 15:16:33,362 - Quantum Trading Bot - INFO - Trading signal for NVDA: 0.5580 (source: quantum)
2025-04-08 15:16:33,362 - Quantum Trading Bot - INFO - HOLD signal for NVDA (score: 0.5580, source: quantum)
2025-04-08 15:16:33,376 - Quantum Trading Bot - INFO - Performance metrics saved: 40/72 winning trades
2025-04-08 15:16:33,376 - Quantum Trading Bot - INFO - Quantum prediction accuracy: 0.00
2025-04-08 15:16:33,376 - Quantum Trading Bot - INFO - Sleeping for 60 seconds
2025-04-08 15:17:22,031 - Trading System - INFO - Trading Bot is alive: True
2025-04-08 15:17:22,033 - Trading System - INFO - Monitor Bot is alive: True
2025-04-08 15:17:22,033 - Trading System - INFO - Improvement Bot is alive: True
2025-04-08 15:17:33,386 - Quantum Trading Bot - INFO - Starting trading cycle
2025-04-08 15:17:33,388 - Quantum Trading Bot - INFO - Processing AAPL
2025-04-08 15:17:33,388 - Quantum Trading Bot - INFO - Mock halal compliance check for AAPL: COMPLIANT
2025-04-08 15:17:33,435 - Quantum Trading Bot - INFO - Quantum device error rate: 0.0351
2025-04-08 15:17:33,442 - Quantum Trading Bot - INFO - Quantum prediction for AAPL: 0.5020 (confidence: 0.7719)
2025-04-08 15:17:33,442 - Quantum Trading Bot - INFO - Trading signal for AAPL: 0.5020 (source: quantum)
2025-04-08 15:17:33,442 - Quantum Trading Bot - INFO - HOLD signal for AAPL (score: 0.5020, source: quantum)
2025-04-08 15:17:33,446 - Quantum Trading Bot - INFO - Processing MSFT
2025-04-08 15:17:33,446 - Quantum Trading Bot - INFO - Mock halal compliance check for MSFT: COMPLIANT
2025-04-08 15:17:33,457 - Quantum Trading Bot - INFO - Quantum device error rate: 0.0474
2025-04-08 15:17:33,461 - Quantum Trading Bot - INFO - Quantum prediction for MSFT: 0.8970 (confidence: 0.9526)
2025-04-08 15:17:33,461 - Quantum Trading Bot - INFO - Trading signal for MSFT: 0.8970 (source: quantum)
2025-04-08 15:17:33,461 - Quantum Trading Bot - INFO - HOLD signal for MSFT (score: 0.8970, source: quantum)
2025-04-08 15:17:33,463 - Quantum Trading Bot - INFO - Processing NVDA
2025-04-08 15:17:33,463 - Quantum Trading Bot - INFO - Mock halal compliance check for NVDA: COMPLIANT
2025-04-08 15:17:33,472 - Quantum Trading Bot - INFO - Quantum device error rate: 0.0354
2025-04-08 15:17:33,474 - Quantum Trading Bot - INFO - Quantum prediction for NVDA: 0.7140 (confidence: 0.9646)
2025-04-08 15:17:33,475 - Quantum Trading Bot - INFO - Trading signal for NVDA: 0.7140 (source: quantum)
2025-04-08 15:17:33,475 - Quantum Trading Bot - INFO - HOLD signal for NVDA (score: 0.7140, source: quantum)
2025-04-08 15:17:33,485 - Quantum Trading Bot - INFO - Performance metrics saved: 40/72 winning trades
2025-04-08 15:17:33,485 - Quantum Trading Bot - INFO - Quantum prediction accuracy: 0.00
2025-04-08 15:17:33,485 - Quantum Trading Bot - INFO - Sleeping for 60 seconds
2025-04-08 15:18:22,043 - Trading System - INFO - Trading Bot is alive: True
2025-04-08 15:18:22,046 - Trading System - INFO - Monitor Bot is alive: True
2025-04-08 15:18:22,046 - Trading System - INFO - Improvement Bot is alive: True
2025-04-08 15:18:33,495 - Quantum Trading Bot - INFO - Starting trading cycle
2025-04-08 15:18:33,497 - Quantum Trading Bot - INFO - Processing AAPL
2025-04-08 15:18:33,497 - Quantum Trading Bot - INFO - Mock halal compliance check for AAPL: COMPLIANT
2025-04-08 15:18:33,534 - Quantum Trading Bot - INFO - Quantum device error rate: 0.0324
2025-04-08 15:18:33,542 - Quantum Trading Bot - INFO - Quantum prediction for AAPL: 0.2150 (confidence: 0.9676)
2025-04-08 15:18:33,542 - Quantum Trading Bot - INFO - Trading signal for AAPL: 0.2150 (source: quantum)
2025-04-08 15:18:33,542 - Quantum Trading Bot - INFO - SELL signal for AAPL (score: 0.2150, source: quantum)
2025-04-08 15:18:33,545 - Quantum Trading Bot - WARNING - Cannot sell AAPL - no position
2025-04-08 15:18:33,548 - Quantum Trading Bot - INFO - Processing MSFT
2025-04-08 15:18:33,548 - Quantum Trading Bot - INFO - Mock halal compliance check for MSFT: COMPLIANT
2025-04-08 15:18:33,557 - Quantum Trading Bot - INFO - Quantum device error rate: 0.0312
2025-04-08 15:18:33,560 - Quantum Trading Bot - INFO - Quantum prediction for MSFT: 0.7190 (confidence: 0.9688)
2025-04-08 15:18:33,560 - Quantum Trading Bot - INFO - Trading signal for MSFT: 0.7190 (source: quantum)
2025-04-08 15:18:33,560 - Quantum Trading Bot - INFO - HOLD signal for MSFT (score: 0.7190, source: quantum)
2025-04-08 15:18:33,562 - Quantum Trading Bot - INFO - Processing NVDA
2025-04-08 15:18:33,562 - Quantum Trading Bot - INFO - Mock halal compliance check for NVDA: COMPLIANT
2025-04-08 15:18:33,570 - Quantum Trading Bot - INFO - Quantum device error rate: 0.0363
2025-04-08 15:18:33,572 - Quantum Trading Bot - INFO - Quantum prediction for NVDA: 0.3770 (confidence: 0.9637)
2025-04-08 15:18:33,572 - Quantum Trading Bot - INFO - Trading signal for NVDA: 0.3770 (source: quantum)
2025-04-08 15:18:33,572 - Quantum Trading Bot - INFO - HOLD signal for NVDA (score: 0.3770, source: quantum)
2025-04-08 15:18:33,583 - Quantum Trading Bot - INFO - Performance metrics saved: 40/72 winning trades
2025-04-08 15:18:33,583 - Quantum Trading Bot - INFO - Quantum prediction accuracy: 0.00
2025-04-08 15:18:33,583 - Quantum Trading Bot - INFO - Sleeping for 60 seconds
2025-04-08 15:19:22,055 - Trading System - INFO - Trading Bot is alive: True
2025-04-08 15:19:22,058 - Trading System - INFO - Monitor Bot is alive: True
2025-04-08 15:19:22,058 - Trading System - INFO - Improvement Bot is alive: True
2025-04-08 15:19:33,594 - Quantum Trading Bot - INFO - Starting trading cycle
2025-04-08 15:19:33,595 - Quantum Trading Bot - INFO - Processing AAPL
2025-04-08 15:19:33,596 - Quantum Trading Bot - INFO - Mock halal compliance check for AAPL: COMPLIANT
2025-04-08 15:19:33,628 - Quantum Trading Bot - INFO - Quantum device error rate: 0.0339
2025-04-08 15:19:33,636 - Quantum Trading Bot - INFO - Quantum prediction for AAPL: 0.6470 (confidence: 0.9661)
2025-04-08 15:19:33,636 - Quantum Trading Bot - INFO - Trading signal for AAPL: 0.6470 (source: quantum)
2025-04-08 15:19:33,636 - Quantum Trading Bot - INFO - HOLD signal for AAPL (score: 0.6470, source: quantum)
2025-04-08 15:19:33,639 - Quantum Trading Bot - INFO - Processing MSFT
2025-04-08 15:19:33,639 - Quantum Trading Bot - INFO - Mock halal compliance check for MSFT: COMPLIANT
2025-04-08 15:19:33,649 - Quantum Trading Bot - INFO - Quantum device error rate: 0.0306
2025-04-08 15:19:33,652 - Quantum Trading Bot - INFO - Quantum prediction for MSFT: 0.3080 (confidence: 0.9694)
2025-04-08 15:19:33,652 - Quantum Trading Bot - INFO - Trading signal for MSFT: 0.3080 (source: quantum)
2025-04-08 15:19:33,652 - Quantum Trading Bot - INFO - HOLD signal for MSFT (score: 0.3080, source: quantum)
2025-04-08 15:19:33,655 - Quantum Trading Bot - INFO - Processing NVDA
2025-04-08 15:19:33,655 - Quantum Trading Bot - INFO - Mock halal compliance check for NVDA: COMPLIANT
2025-04-08 15:19:33,662 - Quantum Trading Bot - INFO - Quantum device error rate: 0.0276
2025-04-08 15:19:33,665 - Quantum Trading Bot - INFO - Quantum prediction for NVDA: 0.1720 (confidence: 0.9724)
2025-04-08 15:19:33,665 - Quantum Trading Bot - INFO - Trading signal for NVDA: 0.1720 (source: quantum)
2025-04-08 15:19:33,665 - Quantum Trading Bot - INFO - SELL signal for NVDA (score: 0.1720, source: quantum)
2025-04-08 15:19:33,666 - Quantum Trading Bot - WARNING - Cannot sell NVDA - no position
2025-04-08 15:19:33,676 - Quantum Trading Bot - INFO - Performance metrics saved: 40/72 winning trades
2025-04-08 15:19:33,676 - Quantum Trading Bot - INFO - Quantum prediction accuracy: 0.00
2025-04-08 15:19:33,677 - Quantum Trading Bot - INFO - Sleeping for 60 seconds
2025-04-08 15:20:22,067 - Trading System - INFO - Trading Bot is alive: True
2025-04-08 15:20:22,068 - Trading System - INFO - Monitor Bot is alive: True
2025-04-08 15:20:22,068 - Trading System - INFO - Improvement Bot is alive: True
2025-04-08 15:20:33,687 - Quantum Trading Bot - INFO - Starting trading cycle
2025-04-08 15:20:33,689 - Quantum Trading Bot - INFO - Processing AAPL
2025-04-08 15:20:33,689 - Quantum Trading Bot - INFO - Mock halal compliance check for AAPL: COMPLIANT
2025-04-08 15:20:33,717 - Quantum Trading Bot - INFO - Quantum device error rate: 0.0426
2025-04-08 15:20:33,724 - Quantum Trading Bot - INFO - Quantum prediction for AAPL: 0.5140 (confidence: 0.7659)
2025-04-08 15:20:33,724 - Quantum Trading Bot - INFO - Trading signal for AAPL: 0.5140 (source: quantum)
2025-04-08 15:20:33,724 - Quantum Trading Bot - INFO - HOLD signal for AAPL (score: 0.5140, source: quantum)
2025-04-08 15:20:33,727 - Quantum Trading Bot - INFO - Processing MSFT
2025-04-08 15:20:33,727 - Quantum Trading Bot - INFO - Mock halal compliance check for MSFT: COMPLIANT
2025-04-08 15:20:33,737 - Quantum Trading Bot - INFO - Quantum device error rate: 0.0357
2025-04-08 15:20:33,741 - Quantum Trading Bot - INFO - Quantum prediction for MSFT: 0.0980 (confidence: 0.9643)
2025-04-08 15:20:33,741 - Quantum Trading Bot - INFO - Trading signal for MSFT: 0.0980 (source: quantum)
2025-04-08 15:20:33,741 - Quantum Trading Bot - INFO - SELL signal for MSFT (score: 0.0980, source: quantum)
2025-04-08 15:20:33,742 - Quantum Trading Bot - WARNING - Cannot sell MSFT - no position
2025-04-08 15:20:33,744 - Quantum Trading Bot - INFO - Processing NVDA
2025-04-08 15:20:33,744 - Quantum Trading Bot - INFO - Mock halal compliance check for NVDA: COMPLIANT
2025-04-08 15:20:33,753 - Quantum Trading Bot - INFO - Quantum device error rate: 0.0264
2025-04-08 15:20:33,757 - Quantum Trading Bot - INFO - Quantum prediction for NVDA: 0.6940 (confidence: 0.9736)
2025-04-08 15:20:33,757 - Quantum Trading Bot - INFO - Trading signal for NVDA: 0.6940 (source: quantum)
2025-04-08 15:20:33,757 - Quantum Trading Bot - INFO - HOLD signal for NVDA (score: 0.6940, source: quantum)
2025-04-08 15:20:33,767 - Quantum Trading Bot - INFO - Performance metrics saved: 40/72 winning trades
2025-04-08 15:20:33,767 - Quantum Trading Bot - INFO - Quantum prediction accuracy: 0.00
2025-04-08 15:20:33,767 - Quantum Trading Bot - INFO - Sleeping for 60 seconds
2025-04-08 15:24:46,940 - Trading System - INFO - Trading Bot is alive: True
2025-04-08 15:24:46,942 - Trading System - INFO - Monitor Bot is alive: True
2025-04-08 15:24:46,942 - Trading System - INFO - Improvement Bot is alive: True
2025-04-08 15:24:58,649 - Quantum Trading Bot - INFO - Starting trading cycle
2025-04-08 15:24:58,650 - Quantum Trading Bot - INFO - Processing AAPL
2025-04-08 15:24:58,650 - Quantum Trading Bot - INFO - Mock halal compliance check for AAPL: COMPLIANT
2025-04-08 15:24:58,707 - Quantum Trading Bot - INFO - Quantum device error rate: 0.0456
2025-04-08 15:24:58,719 - Quantum Trading Bot - INFO - Quantum prediction for AAPL: 0.5870 (confidence: 0.7635)
2025-04-08 15:24:58,719 - Quantum Trading Bot - INFO - Trading signal for AAPL: 0.5870 (source: quantum)
2025-04-08 15:24:58,719 - Quantum Trading Bot - INFO - HOLD signal for AAPL (score: 0.5870, source: quantum)
2025-04-08 15:24:58,728 - Quantum Trading Bot - INFO - Processing MSFT
2025-04-08 15:24:58,728 - Quantum Trading Bot - INFO - Mock halal compliance check for MSFT: COMPLIANT
2025-04-08 15:24:58,744 - Quantum Trading Bot - INFO - Quantum device error rate: 0.0312
2025-04-08 15:24:58,747 - Quantum Trading Bot - INFO - Quantum prediction for MSFT: 0.5350 (confidence: 0.7750)
2025-04-08 15:24:58,747 - Quantum Trading Bot - INFO - Trading signal for MSFT: 0.5350 (source: quantum)
2025-04-08 15:24:58,747 - Quantum Trading Bot - INFO - HOLD signal for MSFT (score: 0.5350, source: quantum)
2025-04-08 15:24:58,750 - Quantum Trading Bot - INFO - Processing NVDA
2025-04-08 15:24:58,750 - Quantum Trading Bot - INFO - Mock halal compliance check for NVDA: COMPLIANT
2025-04-08 15:24:58,761 - Quantum Trading Bot - INFO - Quantum device error rate: 0.0417
2025-04-08 15:24:58,767 - Quantum Trading Bot - INFO - Quantum prediction for NVDA: 0.2420 (confidence: 0.9583)
2025-04-08 15:24:58,767 - Quantum Trading Bot - INFO - Trading signal for NVDA: 0.2420 (source: quantum)
2025-04-08 15:24:58,767 - Quantum Trading Bot - INFO - SELL signal for NVDA (score: 0.2420, source: quantum)
2025-04-08 15:24:58,768 - Quantum Trading Bot - WARNING - Cannot sell NVDA - no position
2025-04-08 15:24:58,785 - Quantum Trading Bot - INFO - Performance metrics saved: 40/72 winning trades
2025-04-08 15:24:58,785 - Quantum Trading Bot - INFO - Quantum prediction accuracy: 0.00
2025-04-08 15:24:58,785 - Quantum Trading Bot - INFO - Sleeping for 60 seconds
2025-04-08 15:25:46,949 - Trading System - INFO - Trading Bot is alive: True
2025-04-08 15:25:46,951 - Trading System - INFO - Monitor Bot is alive: True
2025-04-08 15:25:46,951 - Trading System - INFO - Improvement Bot is alive: True
2025-04-08 15:25:58,791 - Quantum Trading Bot - INFO - Starting trading cycle
2025-04-08 15:25:58,792 - Quantum Trading Bot - INFO - Processing AAPL
2025-04-08 15:25:58,792 - Quantum Trading Bot - INFO - Mock halal compliance check for AAPL: COMPLIANT
2025-04-08 15:25:58,818 - Quantum Trading Bot - INFO - Quantum device error rate: 0.0387
2025-04-08 15:25:58,823 - Quantum Trading Bot - INFO - Quantum prediction for AAPL: 0.4130 (confidence: 0.7690)
2025-04-08 15:25:58,823 - Quantum Trading Bot - INFO - Trading signal for AAPL: 0.4130 (source: quantum)
2025-04-08 15:25:58,823 - Quantum Trading Bot - INFO - HOLD signal for AAPL (score: 0.4130, source: quantum)
2025-04-08 15:25:58,826 - Quantum Trading Bot - INFO - Processing MSFT
2025-04-08 15:25:58,826 - Quantum Trading Bot - INFO - Mock halal compliance check for MSFT: COMPLIANT
2025-04-08 15:25:58,838 - Quantum Trading Bot - INFO - Quantum device error rate: 0.0339
2025-04-08 15:25:58,842 - Quantum Trading Bot - INFO - Quantum prediction for MSFT: 0.4280 (confidence: 0.7729)
2025-04-08 15:25:58,842 - Quantum Trading Bot - INFO - Trading signal for MSFT: 0.4280 (source: quantum)
2025-04-08 15:25:58,843 - Quantum Trading Bot - INFO - HOLD signal for MSFT (score: 0.4280, source: quantum)
2025-04-08 15:25:58,846 - Quantum Trading Bot - INFO - Processing NVDA
2025-04-08 15:25:58,846 - Quantum Trading Bot - INFO - Mock halal compliance check for NVDA: COMPLIANT
2025-04-08 15:25:58,856 - Quantum Trading Bot - INFO - Quantum device error rate: 0.0369
2025-04-08 15:25:58,860 - Quantum Trading Bot - INFO - Quantum prediction for NVDA: 0.2220 (confidence: 0.9631)
2025-04-08 15:25:58,860 - Quantum Trading Bot - INFO - Trading signal for NVDA: 0.2220 (source: quantum)
2025-04-08 15:25:58,860 - Quantum Trading Bot - INFO - SELL signal for NVDA (score: 0.2220, source: quantum)
2025-04-08 15:25:58,862 - Quantum Trading Bot - WARNING - Cannot sell NVDA - no position
2025-04-08 15:25:58,873 - Quantum Trading Bot - INFO - Performance metrics saved: 40/72 winning trades
2025-04-08 15:25:58,874 - Quantum Trading Bot - INFO - Quantum prediction accuracy: 0.00
2025-04-08 15:25:58,874 - Quantum Trading Bot - INFO - Sleeping for 60 seconds
2025-04-08 15:26:46,952 - Trading System - INFO - Trading Bot is alive: True
2025-04-08 15:26:46,954 - Trading System - INFO - Monitor Bot is alive: True
2025-04-08 15:26:46,954 - Trading System - INFO - Improvement Bot is alive: True
2025-04-08 15:26:58,875 - Quantum Trading Bot - INFO - Starting trading cycle
2025-04-08 15:26:58,876 - Quantum Trading Bot - INFO - Processing AAPL
2025-04-08 15:26:58,876 - Quantum Trading Bot - INFO - Mock halal compliance check for AAPL: COMPLIANT
2025-04-08 15:26:58,914 - Quantum Trading Bot - INFO - Quantum device error rate: 0.0411
2025-04-08 15:26:58,921 - Quantum Trading Bot - INFO - Quantum prediction for AAPL: 0.8050 (confidence: 0.9589)
2025-04-08 15:26:58,921 - Quantum Trading Bot - INFO - Trading signal for AAPL: 0.8050 (source: quantum)
2025-04-08 15:26:58,921 - Quantum Trading Bot - INFO - HOLD signal for AAPL (score: 0.8050, source: quantum)
2025-04-08 15:26:58,924 - Quantum Trading Bot - INFO - Processing MSFT
2025-04-08 15:26:58,924 - Quantum Trading Bot - INFO - Mock halal compliance check for MSFT: COMPLIANT
2025-04-08 15:26:58,933 - Quantum Trading Bot - INFO - Quantum device error rate: 0.0318
2025-04-08 15:26:58,938 - Quantum Trading Bot - INFO - Quantum prediction for MSFT: 0.9910 (confidence: 0.9682)
2025-04-08 15:26:58,938 - Quantum Trading Bot - INFO - Trading signal for MSFT: 0.9910 (source: quantum)
2025-04-08 15:26:58,938 - Quantum Trading Bot - INFO - HOLD signal for MSFT (score: 0.9910, source: quantum)
2025-04-08 15:26:58,941 - Quantum Trading Bot - INFO - Processing NVDA
2025-04-08 15:26:58,941 - Quantum Trading Bot - INFO - Mock halal compliance check for NVDA: COMPLIANT
2025-04-08 15:26:58,954 - Quantum Trading Bot - INFO - Quantum device error rate: 0.0606
2025-04-08 15:26:58,968 - Quantum Trading Bot - INFO - Quantum prediction for NVDA: 0.3307 (confidence: 0.9394)
2025-04-08 15:26:58,968 - Quantum Trading Bot - INFO - Trading signal for NVDA: 0.3307 (source: quantum)
2025-04-08 15:26:58,968 - Quantum Trading Bot - INFO - HOLD signal for NVDA (score: 0.3307, source: quantum)
2025-04-08 15:26:58,980 - Quantum Trading Bot - INFO - Performance metrics saved: 40/72 winning trades
2025-04-08 15:26:58,981 - Quantum Trading Bot - INFO - Quantum prediction accuracy: 0.00
2025-04-08 15:26:58,981 - Quantum Trading Bot - INFO - Sleeping for 60 seconds
2025-04-08 15:27:46,958 - Trading System - INFO - Trading Bot is alive: True
2025-04-08 15:27:46,960 - Trading System - INFO - Monitor Bot is alive: True
2025-04-08 15:27:46,960 - Trading System - INFO - Improvement Bot is alive: True
2025-04-08 15:27:58,986 - Quantum Trading Bot - INFO - Starting trading cycle
2025-04-08 15:27:58,987 - Quantum Trading Bot - INFO - Processing AAPL
2025-04-08 15:27:58,987 - Quantum Trading Bot - INFO - Mock halal compliance check for AAPL: COMPLIANT
2025-04-08 15:27:59,031 - Quantum Trading Bot - INFO - Quantum device error rate: 0.0336
2025-04-08 15:27:59,043 - Quantum Trading Bot - INFO - Quantum prediction for AAPL: 0.2190 (confidence: 0.9664)
2025-04-08 15:27:59,043 - Quantum Trading Bot - INFO - Trading signal for AAPL: 0.2190 (source: quantum)
2025-04-08 15:27:59,043 - Quantum Trading Bot - INFO - SELL signal for AAPL (score: 0.2190, source: quantum)
2025-04-08 15:27:59,045 - Quantum Trading Bot - WARNING - Cannot sell AAPL - no position
2025-04-08 15:27:59,048 - Quantum Trading Bot - INFO - Processing MSFT
2025-04-08 15:27:59,048 - Quantum Trading Bot - INFO - Mock halal compliance check for MSFT: COMPLIANT
2025-04-08 15:27:59,061 - Quantum Trading Bot - INFO - Quantum device error rate: 0.0435
2025-04-08 15:27:59,066 - Quantum Trading Bot - INFO - Quantum prediction for MSFT: 0.6520 (confidence: 0.9565)
2025-04-08 15:27:59,066 - Quantum Trading Bot - INFO - Trading signal for MSFT: 0.6520 (source: quantum)
2025-04-08 15:27:59,066 - Quantum Trading Bot - INFO - HOLD signal for MSFT (score: 0.6520, source: quantum)
2025-04-08 15:27:59,069 - Quantum Trading Bot - INFO - Processing NVDA
2025-04-08 15:27:59,069 - Quantum Trading Bot - INFO - Mock halal compliance check for NVDA: COMPLIANT
2025-04-08 15:27:59,080 - Quantum Trading Bot - INFO - Quantum device error rate: 0.0429
2025-04-08 15:27:59,086 - Quantum Trading Bot - INFO - Quantum prediction for NVDA: 0.6130 (confidence: 0.9571)
2025-04-08 15:27:59,086 - Quantum Trading Bot - INFO - Trading signal for NVDA: 0.6130 (source: quantum)
2025-04-08 15:27:59,086 - Quantum Trading Bot - INFO - HOLD signal for NVDA (score: 0.6130, source: quantum)
2025-04-08 15:27:59,104 - Quantum Trading Bot - INFO - Performance metrics saved: 40/72 winning trades
2025-04-08 15:27:59,104 - Quantum Trading Bot - INFO - Quantum prediction accuracy: 0.00
2025-04-08 15:27:59,104 - Quantum Trading Bot - INFO - Sleeping for 60 seconds
2025-04-08 15:28:46,966 - Trading System - INFO - Trading Bot is alive: True
2025-04-08 15:28:46,968 - Trading System - INFO - Monitor Bot is alive: True
2025-04-08 15:28:46,968 - Trading System - INFO - Improvement Bot is alive: True
2025-04-08 15:28:59,110 - Quantum Trading Bot - INFO - Starting trading cycle
2025-04-08 15:28:59,111 - Quantum Trading Bot - INFO - Processing AAPL
2025-04-08 15:28:59,111 - Quantum Trading Bot - INFO - Mock halal compliance check for AAPL: COMPLIANT
2025-04-08 15:28:59,155 - Quantum Trading Bot - INFO - Quantum device error rate: 0.0447
2025-04-08 15:28:59,161 - Quantum Trading Bot - INFO - Quantum prediction for AAPL: 0.4150 (confidence: 0.7642)
2025-04-08 15:28:59,162 - Quantum Trading Bot - INFO - Trading signal for AAPL: 0.4150 (source: quantum)
2025-04-08 15:28:59,162 - Quantum Trading Bot - INFO - HOLD signal for AAPL (score: 0.4150, source: quantum)
2025-04-08 15:28:59,165 - Quantum Trading Bot - INFO - Processing MSFT
2025-04-08 15:28:59,165 - Quantum Trading Bot - INFO - Mock halal compliance check for MSFT: COMPLIANT
2025-04-08 15:28:59,175 - Quantum Trading Bot - INFO - Quantum device error rate: 0.0366
2025-04-08 15:28:59,178 - Quantum Trading Bot - INFO - Quantum prediction for MSFT: 0.7040 (confidence: 0.9634)
2025-04-08 15:28:59,178 - Quantum Trading Bot - INFO - Trading signal for MSFT: 0.7040 (source: quantum)
2025-04-08 15:28:59,178 - Quantum Trading Bot - INFO - HOLD signal for MSFT (score: 0.7040, source: quantum)
2025-04-08 15:28:59,181 - Quantum Trading Bot - INFO - Processing NVDA
2025-04-08 15:28:59,181 - Quantum Trading Bot - INFO - Mock halal compliance check for NVDA: COMPLIANT
2025-04-08 15:28:59,194 - Quantum Trading Bot - INFO - Quantum device error rate: 0.0426
2025-04-08 15:28:59,198 - Quantum Trading Bot - INFO - Quantum prediction for NVDA: 0.2990 (confidence: 0.9574)
2025-04-08 15:28:59,198 - Quantum Trading Bot - INFO - Trading signal for NVDA: 0.2990 (source: quantum)
2025-04-08 15:28:59,198 - Quantum Trading Bot - INFO - SELL signal for NVDA (score: 0.2990, source: quantum)
2025-04-08 15:28:59,199 - Quantum Trading Bot - WARNING - Cannot sell NVDA - no position
2025-04-08 15:28:59,211 - Quantum Trading Bot - INFO - Performance metrics saved: 40/72 winning trades
2025-04-08 15:28:59,211 - Quantum Trading Bot - INFO - Quantum prediction accuracy: 0.00
2025-04-08 15:28:59,211 - Quantum Trading Bot - INFO - Sleeping for 60 seconds
2025-04-08 15:29:46,973 - Trading System - INFO - Trading Bot is alive: True
2025-04-08 15:29:46,976 - Trading System - INFO - Monitor Bot is alive: True
2025-04-08 15:29:46,976 - Trading System - INFO - Improvement Bot is alive: True
2025-04-08 15:29:59,217 - Quantum Trading Bot - INFO - Starting trading cycle
2025-04-08 15:29:59,217 - Quantum Trading Bot - INFO - Processing AAPL
2025-04-08 15:29:59,217 - Quantum Trading Bot - INFO - Mock halal compliance check for AAPL: COMPLIANT
2025-04-08 15:29:59,278 - Quantum Trading Bot - INFO - Quantum device error rate: 0.0486
2025-04-08 15:29:59,316 - Quantum Trading Bot - INFO - Quantum prediction for AAPL: 0.8290 (confidence: 0.9514)
2025-04-08 15:29:59,316 - Quantum Trading Bot - INFO - Trading signal for AAPL: 0.8290 (source: quantum)
2025-04-08 15:29:59,316 - Quantum Trading Bot - INFO - HOLD signal for AAPL (score: 0.8290, source: quantum)
2025-04-08 15:29:59,322 - Quantum Trading Bot - INFO - Processing MSFT
2025-04-08 15:29:59,323 - Quantum Trading Bot - INFO - Mock halal compliance check for MSFT: COMPLIANT
2025-04-08 15:29:59,356 - Quantum Trading Bot - INFO - Quantum device error rate: 0.0366
2025-04-08 15:29:59,360 - Quantum Trading Bot - INFO - Quantum prediction for MSFT: 0.4860 (confidence: 0.7707)
2025-04-08 15:29:59,360 - Quantum Trading Bot - INFO - Trading signal for MSFT: 0.4860 (source: quantum)
2025-04-08 15:29:59,360 - Quantum Trading Bot - INFO - HOLD signal for MSFT (score: 0.4860, source: quantum)
2025-04-08 15:29:59,364 - Quantum Trading Bot - INFO - Processing NVDA
2025-04-08 15:29:59,364 - Quantum Trading Bot - INFO - Mock halal compliance check for NVDA: COMPLIANT
2025-04-08 15:29:59,402 - Quantum Trading Bot - INFO - Quantum device error rate: 0.0393
2025-04-08 15:29:59,414 - Quantum Trading Bot - INFO - Quantum prediction for NVDA: 0.5270 (confidence: 0.7686)
2025-04-08 15:29:59,415 - Quantum Trading Bot - INFO - Trading signal for NVDA: 0.5270 (source: quantum)
2025-04-08 15:29:59,415 - Quantum Trading Bot - INFO - HOLD signal for NVDA (score: 0.5270, source: quantum)
2025-04-08 15:29:59,431 - Quantum Trading Bot - INFO - Performance metrics saved: 40/72 winning trades
2025-04-08 15:29:59,431 - Quantum Trading Bot - INFO - Quantum prediction accuracy: 0.00
2025-04-08 15:29:59,431 - Quantum Trading Bot - INFO - Sleeping for 60 seconds
2025-04-08 15:30:46,979 - Trading System - INFO - Trading Bot is alive: True
2025-04-08 15:30:46,982 - Trading System - INFO - Monitor Bot is alive: True
2025-04-08 15:30:46,982 - Trading System - INFO - Improvement Bot is alive: True
2025-04-08 15:30:59,436 - Quantum Trading Bot - INFO - Starting trading cycle
2025-04-08 15:30:59,437 - Quantum Trading Bot - INFO - Processing AAPL
2025-04-08 15:30:59,437 - Quantum Trading Bot - INFO - Mock halal compliance check for AAPL: COMPLIANT
2025-04-08 15:30:59,465 - Quantum Trading Bot - INFO - Quantum device error rate: 0.0366
2025-04-08 15:30:59,470 - Quantum Trading Bot - INFO - Quantum prediction for AAPL: 0.4320 (confidence: 0.7707)
2025-04-08 15:30:59,470 - Quantum Trading Bot - INFO - Trading signal for AAPL: 0.4320 (source: quantum)
2025-04-08 15:30:59,470 - Quantum Trading Bot - INFO - HOLD signal for AAPL (score: 0.4320, source: quantum)
2025-04-08 15:30:59,473 - Quantum Trading Bot - INFO - Processing MSFT
2025-04-08 15:30:59,473 - Quantum Trading Bot - INFO - Mock halal compliance check for MSFT: COMPLIANT
2025-04-08 15:30:59,483 - Quantum Trading Bot - INFO - Quantum device error rate: 0.0324
2025-04-08 15:30:59,486 - Quantum Trading Bot - INFO - Quantum prediction for MSFT: 0.0940 (confidence: 0.9676)
2025-04-08 15:30:59,486 - Quantum Trading Bot - INFO - Trading signal for MSFT: 0.0940 (source: quantum)
2025-04-08 15:30:59,486 - Quantum Trading Bot - INFO - SELL signal for MSFT (score: 0.0940, source: quantum)
2025-04-08 15:30:59,487 - Quantum Trading Bot - WARNING - Cannot sell MSFT - no position
2025-04-08 15:30:59,490 - Quantum Trading Bot - INFO - Processing NVDA
2025-04-08 15:30:59,490 - Quantum Trading Bot - INFO - Mock halal compliance check for NVDA: COMPLIANT
2025-04-08 15:30:59,497 - Quantum Trading Bot - INFO - Quantum device error rate: 0.0291
2025-04-08 15:30:59,500 - Quantum Trading Bot - INFO - Quantum prediction for NVDA: 0.9140 (confidence: 0.9709)
2025-04-08 15:30:59,500 - Quantum Trading Bot - INFO - Trading signal for NVDA: 0.9140 (source: quantum)
2025-04-08 15:30:59,500 - Quantum Trading Bot - INFO - HOLD signal for NVDA (score: 0.9140, source: quantum)
2025-04-08 15:30:59,511 - Quantum Trading Bot - INFO - Performance metrics saved: 40/72 winning trades
2025-04-08 15:30:59,511 - Quantum Trading Bot - INFO - Quantum prediction accuracy: 0.00
2025-04-08 15:30:59,511 - Quantum Trading Bot - INFO - Sleeping for 60 seconds
2025-04-08 15:31:46,986 - Trading System - INFO - Trading Bot is alive: True
2025-04-08 15:31:46,988 - Trading System - INFO - Monitor Bot is alive: True
2025-04-08 15:31:46,989 - Trading System - INFO - Improvement Bot is alive: True
2025-04-08 15:31:59,516 - Quantum Trading Bot - INFO - Starting trading cycle
2025-04-08 15:31:59,517 - Quantum Trading Bot - INFO - Processing AAPL
2025-04-08 15:31:59,518 - Quantum Trading Bot - INFO - Mock halal compliance check for AAPL: COMPLIANT
2025-04-08 15:31:59,546 - Quantum Trading Bot - INFO - Quantum device error rate: 0.0342
2025-04-08 15:31:59,551 - Quantum Trading Bot - INFO - Quantum prediction for AAPL: 0.3820 (confidence: 0.9658)
2025-04-08 15:31:59,552 - Quantum Trading Bot - INFO - Trading signal for AAPL: 0.3820 (source: quantum)
2025-04-08 15:31:59,552 - Quantum Trading Bot - INFO - HOLD signal for AAPL (score: 0.3820, source: quantum)
2025-04-08 15:31:59,555 - Quantum Trading Bot - INFO - Processing MSFT
2025-04-08 15:31:59,555 - Quantum Trading Bot - INFO - Mock halal compliance check for MSFT: COMPLIANT
2025-04-08 15:31:59,566 - Quantum Trading Bot - INFO - Quantum device error rate: 0.0300
2025-04-08 15:31:59,571 - Quantum Trading Bot - INFO - Quantum prediction for MSFT: 0.8940 (confidence: 0.9700)
2025-04-08 15:31:59,571 - Quantum Trading Bot - INFO - Trading signal for MSFT: 0.8940 (source: quantum)
2025-04-08 15:31:59,571 - Quantum Trading Bot - INFO - HOLD signal for MSFT (score: 0.8940, source: quantum)
2025-04-08 15:31:59,574 - Quantum Trading Bot - INFO - Processing NVDA
2025-04-08 15:31:59,574 - Quantum Trading Bot - INFO - Mock halal compliance check for NVDA: COMPLIANT
2025-04-08 15:31:59,582 - Quantum Trading Bot - INFO - Quantum device error rate: 0.0405
2025-04-08 15:31:59,586 - Quantum Trading Bot - INFO - Quantum prediction for NVDA: 0.3080 (confidence: 0.9595)
2025-04-08 15:31:59,586 - Quantum Trading Bot - INFO - Trading signal for NVDA: 0.3080 (source: quantum)
2025-04-08 15:31:59,586 - Quantum Trading Bot - INFO - HOLD signal for NVDA (score: 0.3080, source: quantum)
2025-04-08 15:31:59,597 - Quantum Trading Bot - INFO - Performance metrics saved: 40/72 winning trades
2025-04-08 15:31:59,597 - Quantum Trading Bot - INFO - Quantum prediction accuracy: 0.00
2025-04-08 15:31:59,597 - Quantum Trading Bot - INFO - Sleeping for 60 seconds
2025-04-08 15:32:46,992 - Trading System - INFO - Trading Bot is alive: True
2025-04-08 15:32:46,995 - Trading System - INFO - Monitor Bot is alive: True
2025-04-08 15:32:46,995 - Trading System - INFO - Improvement Bot is alive: True
2025-04-08 15:32:59,602 - Quantum Trading Bot - INFO - Starting trading cycle
2025-04-08 15:32:59,603 - Quantum Trading Bot - INFO - Processing AAPL
2025-04-08 15:32:59,603 - Quantum Trading Bot - INFO - Mock halal compliance check for AAPL: COMPLIANT
2025-04-08 15:32:59,645 - Quantum Trading Bot - INFO - Quantum device error rate: 0.0297
2025-04-08 15:32:59,655 - Quantum Trading Bot - INFO - Quantum prediction for AAPL: 0.4920 (confidence: 0.7762)
2025-04-08 15:32:59,655 - Quantum Trading Bot - INFO - Trading signal for AAPL: 0.4920 (source: quantum)
2025-04-08 15:32:59,655 - Quantum Trading Bot - INFO - HOLD signal for AAPL (score: 0.4920, source: quantum)
2025-04-08 15:32:59,658 - Quantum Trading Bot - INFO - Processing MSFT
2025-04-08 15:32:59,658 - Quantum Trading Bot - INFO - Mock halal compliance check for MSFT: COMPLIANT
2025-04-08 15:32:59,668 - Quantum Trading Bot - INFO - Quantum device error rate: 0.0399
2025-04-08 15:32:59,672 - Quantum Trading Bot - INFO - Quantum prediction for MSFT: 0.5500 (confidence: 0.7681)
2025-04-08 15:32:59,672 - Quantum Trading Bot - INFO - Trading signal for MSFT: 0.5500 (source: quantum)
2025-04-08 15:32:59,672 - Quantum Trading Bot - INFO - HOLD signal for MSFT (score: 0.5500, source: quantum)
2025-04-08 15:32:59,674 - Quantum Trading Bot - INFO - Processing NVDA
2025-04-08 15:32:59,674 - Quantum Trading Bot - INFO - Mock halal compliance check for NVDA: COMPLIANT
2025-04-08 15:32:59,682 - Quantum Trading Bot - INFO - Quantum device error rate: 0.0336
2025-04-08 15:32:59,686 - Quantum Trading Bot - INFO - Quantum prediction for NVDA: 0.7670 (confidence: 0.9664)
2025-04-08 15:32:59,686 - Quantum Trading Bot - INFO - Trading signal for NVDA: 0.7670 (source: quantum)
2025-04-08 15:32:59,686 - Quantum Trading Bot - INFO - HOLD signal for NVDA (score: 0.7670, source: quantum)
2025-04-08 15:32:59,697 - Quantum Trading Bot - INFO - Performance metrics saved: 40/72 winning trades
2025-04-08 15:32:59,697 - Quantum Trading Bot - INFO - Quantum prediction accuracy: 0.00
2025-04-08 15:32:59,709 - Quantum Trading Bot - INFO - Quantum device error rate: 0.0435
2025-04-08 15:32:59,711 - Quantum Trading Bot - INFO - Quantum portfolio optimization complete: {'AAPL': np.float64(0.33333333333333337), 'MSFT': np.float64(0.3279022403258656), 'NVDA': np.float64(0.3387644263408011)}
2025-04-08 15:32:59,711 - Quantum Trading Bot - INFO - Optimal portfolio weights: {'AAPL': np.float64(0.33333333333333337), 'MSFT': np.float64(0.3279022403258656), 'NVDA': np.float64(0.3387644263408011)}
2025-04-08 15:32:59,711 - Quantum Trading Bot - INFO - Sleeping for 60 seconds
2025-04-08 15:33:46,999 - Trading System - INFO - Trading Bot is alive: True
2025-04-08 15:33:47,002 - Trading System - INFO - Monitor Bot is alive: True
2025-04-08 15:33:47,002 - Trading System - INFO - Improvement Bot is alive: True
2025-04-08 15:33:59,717 - Quantum Trading Bot - INFO - Starting trading cycle
2025-04-08 15:33:59,717 - Quantum Trading Bot - INFO - Processing AAPL
2025-04-08 15:33:59,718 - Quantum Trading Bot - INFO - Mock halal compliance check for AAPL: COMPLIANT
2025-04-08 15:33:59,749 - Quantum Trading Bot - INFO - Quantum device error rate: 0.0435
2025-04-08 15:33:59,757 - Quantum Trading Bot - INFO - Quantum prediction for AAPL: 0.3770 (confidence: 0.9565)
2025-04-08 15:33:59,757 - Quantum Trading Bot - INFO - Trading signal for AAPL: 0.3770 (source: quantum)
2025-04-08 15:33:59,757 - Quantum Trading Bot - INFO - HOLD signal for AAPL (score: 0.3770, source: quantum)
2025-04-08 15:33:59,761 - Quantum Trading Bot - INFO - Processing MSFT
2025-04-08 15:33:59,761 - Quantum Trading Bot - INFO - Mock halal compliance check for MSFT: COMPLIANT
2025-04-08 15:33:59,771 - Quantum Trading Bot - INFO - Quantum device error rate: 0.0261
2025-04-08 15:33:59,775 - Quantum Trading Bot - INFO - Quantum prediction for MSFT: 0.6460 (confidence: 0.9739)
2025-04-08 15:33:59,775 - Quantum Trading Bot - INFO - Trading signal for MSFT: 0.6460 (source: quantum)
2025-04-08 15:33:59,775 - Quantum Trading Bot - INFO - HOLD signal for MSFT (score: 0.6460, source: quantum)
2025-04-08 15:33:59,777 - Quantum Trading Bot - INFO - Processing NVDA
2025-04-08 15:33:59,777 - Quantum Trading Bot - INFO - Mock halal compliance check for NVDA: COMPLIANT
2025-04-08 15:33:59,785 - Quantum Trading Bot - INFO - Quantum device error rate: 0.0273
2025-04-08 15:33:59,788 - Quantum Trading Bot - INFO - Quantum prediction for NVDA: 0.8660 (confidence: 0.9727)
2025-04-08 15:33:59,788 - Quantum Trading Bot - INFO - Trading signal for NVDA: 0.8660 (source: quantum)
2025-04-08 15:33:59,788 - Quantum Trading Bot - INFO - HOLD signal for NVDA (score: 0.8660, source: quantum)
2025-04-08 15:33:59,799 - Quantum Trading Bot - INFO - Performance metrics saved: 40/72 winning trades
2025-04-08 15:33:59,799 - Quantum Trading Bot - INFO - Quantum prediction accuracy: 0.00
2025-04-08 15:33:59,799 - Quantum Trading Bot - INFO - Sleeping for 60 seconds
2025-04-08 15:34:47,003 - Trading System - INFO - Trading Bot is alive: True
2025-04-08 15:34:47,007 - Trading System - INFO - Monitor Bot is alive: True
2025-04-08 15:34:47,007 - Trading System - INFO - Improvement Bot is alive: True
2025-04-08 15:34:59,805 - Quantum Trading Bot - INFO - Starting trading cycle
2025-04-08 15:34:59,806 - Quantum Trading Bot - INFO - Processing AAPL
2025-04-08 15:34:59,807 - Quantum Trading Bot - INFO - Mock halal compliance check for AAPL: COMPLIANT
2025-04-08 15:34:59,842 - Quantum Trading Bot - INFO - Quantum device error rate: 0.0444
2025-04-08 15:34:59,848 - Quantum Trading Bot - INFO - Quantum prediction for AAPL: 0.3590 (confidence: 0.9556)
2025-04-08 15:34:59,848 - Quantum Trading Bot - INFO - Trading signal for AAPL: 0.3590 (source: quantum)
2025-04-08 15:34:59,848 - Quantum Trading Bot - INFO - HOLD signal for AAPL (score: 0.3590, source: quantum)
2025-04-08 15:34:59,852 - Quantum Trading Bot - INFO - Processing MSFT
2025-04-08 15:34:59,852 - Quantum Trading Bot - INFO - Mock halal compliance check for MSFT: COMPLIANT
2025-04-08 15:34:59,862 - Quantum Trading Bot - INFO - Quantum device error rate: 0.0414
2025-04-08 15:34:59,866 - Quantum Trading Bot - INFO - Quantum prediction for MSFT: 0.7100 (confidence: 0.9586)
2025-04-08 15:34:59,867 - Quantum Trading Bot - INFO - Trading signal for MSFT: 0.7100 (source: quantum)
2025-04-08 15:34:59,867 - Quantum Trading Bot - INFO - HOLD signal for MSFT (score: 0.7100, source: quantum)
2025-04-08 15:34:59,869 - Quantum Trading Bot - INFO - Processing NVDA
2025-04-08 15:34:59,869 - Quantum Trading Bot - INFO - Mock halal compliance check for NVDA: COMPLIANT
2025-04-08 15:34:59,877 - Quantum Trading Bot - INFO - Quantum device error rate: 0.0294
2025-04-08 15:34:59,880 - Quantum Trading Bot - INFO - Quantum prediction for NVDA: 0.1450 (confidence: 0.9706)
2025-04-08 15:34:59,880 - Quantum Trading Bot - INFO - Trading signal for NVDA: 0.1450 (source: quantum)
2025-04-08 15:34:59,880 - Quantum Trading Bot - INFO - SELL signal for NVDA (score: 0.1450, source: quantum)
2025-04-08 15:34:59,881 - Quantum Trading Bot - WARNING - Cannot sell NVDA - no position
2025-04-08 15:34:59,976 - Quantum Trading Bot - INFO - Performance metrics saved: 40/72 winning trades
2025-04-08 15:34:59,976 - Quantum Trading Bot - INFO - Quantum prediction accuracy: 0.00
2025-04-08 15:34:59,976 - Quantum Trading Bot - INFO - Sleeping for 60 seconds
2025-04-08 15:35:47,013 - Trading System - INFO - Trading Bot is alive: True
2025-04-08 15:35:47,015 - Trading System - INFO - Monitor Bot is alive: True
2025-04-08 15:35:47,015 - Trading System - INFO - Improvement Bot is alive: True
2025-04-08 15:35:59,981 - Quantum Trading Bot - INFO - Starting trading cycle
2025-04-08 15:35:59,982 - Quantum Trading Bot - INFO - Processing AAPL
2025-04-08 15:35:59,982 - Quantum Trading Bot - INFO - Mock halal compliance check for AAPL: COMPLIANT
2025-04-08 15:36:00,019 - Quantum Trading Bot - INFO - Quantum device error rate: 0.0303
2025-04-08 15:36:00,031 - Quantum Trading Bot - INFO - Quantum prediction for AAPL: 0.7000 (confidence: 0.9697)
2025-04-08 15:36:00,031 - Quantum Trading Bot - INFO - Trading signal for AAPL: 0.7000 (source: quantum)
2025-04-08 15:36:00,031 - Quantum Trading Bot - INFO - HOLD signal for AAPL (score: 0.7000, source: quantum)
2025-04-08 15:36:00,034 - Quantum Trading Bot - INFO - Processing MSFT
2025-04-08 15:36:00,034 - Quantum Trading Bot - INFO - Mock halal compliance check for MSFT: COMPLIANT
2025-04-08 15:36:00,044 - Quantum Trading Bot - INFO - Quantum device error rate: 0.0198
2025-04-08 15:36:00,047 - Quantum Trading Bot - INFO - Quantum prediction for MSFT: 0.4870 (confidence: 0.7842)
2025-04-08 15:36:00,047 - Quantum Trading Bot - INFO - Trading signal for MSFT: 0.4870 (source: quantum)
2025-04-08 15:36:00,047 - Quantum Trading Bot - INFO - HOLD signal for MSFT (score: 0.4870, source: quantum)
2025-04-08 15:36:00,050 - Quantum Trading Bot - INFO - Processing NVDA
2025-04-08 15:36:00,050 - Quantum Trading Bot - INFO - Mock halal compliance check for NVDA: COMPLIANT
2025-04-08 15:36:00,059 - Quantum Trading Bot - INFO - Quantum device error rate: 0.0291
2025-04-08 15:36:00,063 - Quantum Trading Bot - INFO - Quantum prediction for NVDA: 0.8280 (confidence: 0.9709)
2025-04-08 15:36:00,063 - Quantum Trading Bot - INFO - Trading signal for NVDA: 0.8280 (source: quantum)
2025-04-08 15:36:00,063 - Quantum Trading Bot - INFO - HOLD signal for NVDA (score: 0.8280, source: quantum)
2025-04-08 15:36:00,072 - Quantum Trading Bot - INFO - Performance metrics saved: 40/72 winning trades
2025-04-08 15:36:00,072 - Quantum Trading Bot - INFO - Quantum prediction accuracy: 0.00
2025-04-08 15:36:00,073 - Quantum Trading Bot - INFO - Sleeping for 60 seconds
2025-04-08 15:36:47,021 - Trading System - INFO - Trading Bot is alive: True
2025-04-08 15:36:47,034 - Trading System - INFO - Monitor Bot is alive: True
2025-04-08 15:36:47,034 - Trading System - INFO - Improvement Bot is alive: True
2025-04-08 15:37:00,084 - Quantum Trading Bot - INFO - Starting trading cycle
2025-04-08 15:37:00,085 - Quantum Trading Bot - INFO - Processing AAPL
2025-04-08 15:37:00,085 - Quantum Trading Bot - INFO - Mock halal compliance check for AAPL: COMPLIANT
2025-04-08 15:37:00,107 - Quantum Trading Bot - INFO - Quantum device error rate: 0.0291
2025-04-08 15:37:00,112 - Quantum Trading Bot - INFO - Quantum prediction for AAPL: 0.4820 (confidence: 0.7767)
2025-04-08 15:37:00,112 - Quantum Trading Bot - INFO - Trading signal for AAPL: 0.4820 (source: quantum)
2025-04-08 15:37:00,112 - Quantum Trading Bot - INFO - HOLD signal for AAPL (score: 0.4820, source: quantum)
2025-04-08 15:37:00,115 - Quantum Trading Bot - INFO - Processing MSFT
2025-04-08 15:37:00,115 - Quantum Trading Bot - INFO - Mock halal compliance check for MSFT: COMPLIANT
2025-04-08 15:37:00,125 - Quantum Trading Bot - INFO - Quantum device error rate: 0.0321
2025-04-08 15:37:00,128 - Quantum Trading Bot - INFO - Quantum prediction for MSFT: 0.4450 (confidence: 0.7743)
2025-04-08 15:37:00,129 - Quantum Trading Bot - INFO - Trading signal for MSFT: 0.4450 (source: quantum)
2025-04-08 15:37:00,129 - Quantum Trading Bot - INFO - HOLD signal for MSFT (score: 0.4450, source: quantum)
2025-04-08 15:37:00,132 - Quantum Trading Bot - INFO - Processing NVDA
2025-04-08 15:37:00,132 - Quantum Trading Bot - INFO - Mock halal compliance check for NVDA: COMPLIANT
2025-04-08 15:37:00,140 - Quantum Trading Bot - INFO - Quantum device error rate: 0.0420
2025-04-08 15:37:00,143 - Quantum Trading Bot - INFO - Quantum prediction for NVDA: 0.4350 (confidence: 0.7664)
2025-04-08 15:37:00,143 - Quantum Trading Bot - INFO - Trading signal for NVDA: 0.4350 (source: quantum)
2025-04-08 15:37:00,143 - Quantum Trading Bot - INFO - HOLD signal for NVDA (score: 0.4350, source: quantum)
2025-04-08 15:37:00,154 - Quantum Trading Bot - INFO - Performance metrics saved: 40/72 winning trades
2025-04-08 15:37:00,154 - Quantum Trading Bot - INFO - Quantum prediction accuracy: 0.00
2025-04-08 15:37:00,154 - Quantum Trading Bot - INFO - Sleeping for 60 seconds
2025-04-08 15:37:47,045 - Trading System - INFO - Trading Bot is alive: True
2025-04-08 15:37:47,046 - Trading System - INFO - Monitor Bot is alive: True
2025-04-08 15:37:47,047 - Trading System - INFO - Improvement Bot is alive: True
2025-04-08 15:38:00,165 - Quantum Trading Bot - INFO - Starting trading cycle
2025-04-08 15:38:00,165 - Quantum Trading Bot - INFO - Processing AAPL
2025-04-08 15:38:00,166 - Quantum Trading Bot - INFO - Mock halal compliance check for AAPL: COMPLIANT
2025-04-08 15:38:00,200 - Quantum Trading Bot - INFO - Quantum device error rate: 0.0393
2025-04-08 15:38:00,205 - Quantum Trading Bot - INFO - Quantum prediction for AAPL: 0.4760 (confidence: 0.7686)
2025-04-08 15:38:00,205 - Quantum Trading Bot - INFO - Trading signal for AAPL: 0.4760 (source: quantum)
2025-04-08 15:38:00,205 - Quantum Trading Bot - INFO - HOLD signal for AAPL (score: 0.4760, source: quantum)
2025-04-08 15:38:00,211 - Quantum Trading Bot - INFO - Processing MSFT
2025-04-08 15:38:00,211 - Quantum Trading Bot - INFO - Mock halal compliance check for MSFT: COMPLIANT
2025-04-08 15:38:00,226 - Quantum Trading Bot - INFO - Quantum device error rate: 0.0318
2025-04-08 15:38:00,231 - Quantum Trading Bot - INFO - Quantum prediction for MSFT: 0.5210 (confidence: 0.7746)
2025-04-08 15:38:00,231 - Quantum Trading Bot - INFO - Trading signal for MSFT: 0.5210 (source: quantum)
2025-04-08 15:38:00,231 - Quantum Trading Bot - INFO - HOLD signal for MSFT (score: 0.5210, source: quantum)
2025-04-08 15:38:00,234 - Quantum Trading Bot - INFO - Processing NVDA
2025-04-08 15:38:00,235 - Quantum Trading Bot - INFO - Mock halal compliance check for NVDA: COMPLIANT
2025-04-08 15:38:00,244 - Quantum Trading Bot - INFO - Quantum device error rate: 0.0555
2025-04-08 15:38:00,252 - Quantum Trading Bot - INFO - Quantum prediction for NVDA: 0.5652 (confidence: 0.7556)
2025-04-08 15:38:00,252 - Quantum Trading Bot - INFO - Trading signal for NVDA: 0.5652 (source: quantum)
2025-04-08 15:38:00,252 - Quantum Trading Bot - INFO - HOLD signal for NVDA (score: 0.5652, source: quantum)
2025-04-08 15:38:00,265 - Quantum Trading Bot - INFO - Performance metrics saved: 40/72 winning trades
2025-04-08 15:38:00,265 - Quantum Trading Bot - INFO - Quantum prediction accuracy: 0.00
2025-04-08 15:38:00,265 - Quantum Trading Bot - INFO - Sleeping for 60 seconds
2025-04-08 15:38:47,057 - Trading System - INFO - Trading Bot is alive: True
2025-04-08 15:38:47,060 - Trading System - INFO - Monitor Bot is alive: True
2025-04-08 15:38:47,060 - Trading System - INFO - Improvement Bot is alive: True
2025-04-08 15:39:00,275 - Quantum Trading Bot - INFO - Starting trading cycle
2025-04-08 15:39:00,276 - Quantum Trading Bot - INFO - Processing AAPL
2025-04-08 15:39:00,276 - Quantum Trading Bot - INFO - Mock halal compliance check for AAPL: COMPLIANT
2025-04-08 15:39:00,312 - Quantum Trading Bot - INFO - Quantum device error rate: 0.0435
2025-04-08 15:39:00,317 - Quantum Trading Bot - INFO - Quantum prediction for AAPL: 0.9240 (confidence: 0.9565)
2025-04-08 15:39:00,317 - Quantum Trading Bot - INFO - Trading signal for AAPL: 0.9240 (source: quantum)
2025-04-08 15:39:00,317 - Quantum Trading Bot - INFO - HOLD signal for AAPL (score: 0.9240, source: quantum)
2025-04-08 15:39:00,320 - Quantum Trading Bot - INFO - Processing MSFT
2025-04-08 15:39:00,320 - Quantum Trading Bot - INFO - Mock halal compliance check for MSFT: COMPLIANT
2025-04-08 15:39:00,328 - Quantum Trading Bot - INFO - Quantum device error rate: 0.0489
2025-04-08 15:39:00,331 - Quantum Trading Bot - INFO - Quantum prediction for MSFT: 0.5030 (confidence: 0.7609)
2025-04-08 15:39:00,331 - Quantum Trading Bot - INFO - Trading signal for MSFT: 0.5030 (source: quantum)
2025-04-08 15:39:00,332 - Quantum Trading Bot - INFO - HOLD signal for MSFT (score: 0.5030, source: quantum)
2025-04-08 15:39:00,334 - Quantum Trading Bot - INFO - Processing NVDA
2025-04-08 15:39:00,334 - Quantum Trading Bot - INFO - Mock halal compliance check for NVDA: COMPLIANT
2025-04-08 15:39:00,343 - Quantum Trading Bot - INFO - Quantum device error rate: 0.0378
2025-04-08 15:39:00,346 - Quantum Trading Bot - INFO - Quantum prediction for NVDA: 0.2900 (confidence: 0.9622)
2025-04-08 15:39:00,346 - Quantum Trading Bot - INFO - Trading signal for NVDA: 0.2900 (source: quantum)
2025-04-08 15:39:00,346 - Quantum Trading Bot - INFO - SELL signal for NVDA (score: 0.2900, source: quantum)
2025-04-08 15:39:00,348 - Quantum Trading Bot - WARNING - Cannot sell NVDA - no position
2025-04-08 15:39:00,360 - Quantum Trading Bot - INFO - Performance metrics saved: 40/72 winning trades
2025-04-08 15:39:00,360 - Quantum Trading Bot - INFO - Quantum prediction accuracy: 0.00
2025-04-08 15:39:00,360 - Quantum Trading Bot - INFO - Sleeping for 60 seconds
2025-04-08 15:39:47,071 - Trading System - INFO - Trading Bot is alive: True
2025-04-08 15:39:47,074 - Trading System - INFO - Monitor Bot is alive: True
2025-04-08 15:39:47,075 - Trading System - INFO - Improvement Bot is alive: True
2025-04-08 15:40:00,363 - Quantum Trading Bot - INFO - Starting trading cycle
2025-04-08 15:40:00,365 - Quantum Trading Bot - INFO - Processing AAPL
2025-04-08 15:40:00,365 - Quantum Trading Bot - INFO - Mock halal compliance check for AAPL: COMPLIANT
2025-04-08 15:40:00,398 - Quantum Trading Bot - INFO - Quantum device error rate: 0.0303
2025-04-08 15:40:00,405 - Quantum Trading Bot - INFO - Quantum prediction for AAPL: 0.5570 (confidence: 0.7758)
2025-04-08 15:40:00,405 - Quantum Trading Bot - INFO - Trading signal for AAPL: 0.5570 (source: quantum)
2025-04-08 15:40:00,405 - Quantum Trading Bot - INFO - HOLD signal for AAPL (score: 0.5570, source: quantum)
2025-04-08 15:40:00,408 - Quantum Trading Bot - INFO - Processing MSFT
2025-04-08 15:40:00,408 - Quantum Trading Bot - INFO - Mock halal compliance check for MSFT: COMPLIANT
2025-04-08 15:40:00,419 - Quantum Trading Bot - INFO - Quantum device error rate: 0.0363
2025-04-08 15:40:00,422 - Quantum Trading Bot - INFO - Quantum prediction for MSFT: 0.4460 (confidence: 0.7710)
2025-04-08 15:40:00,422 - Quantum Trading Bot - INFO - Trading signal for MSFT: 0.4460 (source: quantum)
2025-04-08 15:40:00,422 - Quantum Trading Bot - INFO - HOLD signal for MSFT (score: 0.4460, source: quantum)
2025-04-08 15:40:00,425 - Quantum Trading Bot - INFO - Processing NVDA
2025-04-08 15:40:00,425 - Quantum Trading Bot - INFO - Mock halal compliance check for NVDA: COMPLIANT
2025-04-08 15:40:00,433 - Quantum Trading Bot - INFO - Quantum device error rate: 0.0312
2025-04-08 15:40:00,436 - Quantum Trading Bot - INFO - Quantum prediction for NVDA: 0.1890 (confidence: 0.9688)
2025-04-08 15:40:00,436 - Quantum Trading Bot - INFO - Trading signal for NVDA: 0.1890 (source: quantum)
2025-04-08 15:40:00,436 - Quantum Trading Bot - INFO - SELL signal for NVDA (score: 0.1890, source: quantum)
2025-04-08 15:40:00,437 - Quantum Trading Bot - WARNING - Cannot sell NVDA - no position
2025-04-08 15:40:00,448 - Quantum Trading Bot - INFO - Performance metrics saved: 40/72 winning trades
2025-04-08 15:40:00,448 - Quantum Trading Bot - INFO - Quantum prediction accuracy: 0.00
2025-04-08 15:40:00,448 - Quantum Trading Bot - INFO - Sleeping for 60 seconds
2025-04-08 15:40:47,082 - Trading System - INFO - Trading Bot is alive: True
2025-04-08 15:40:47,085 - Trading System - INFO - Monitor Bot is alive: True
2025-04-08 15:40:47,085 - Trading System - INFO - Improvement Bot is alive: True
2025-04-08 15:41:00,459 - Quantum Trading Bot - INFO - Starting trading cycle
2025-04-08 15:41:00,461 - Quantum Trading Bot - INFO - Processing AAPL
2025-04-08 15:41:00,462 - Quantum Trading Bot - INFO - Mock halal compliance check for AAPL: COMPLIANT
2025-04-08 15:41:00,499 - Quantum Trading Bot - INFO - Quantum device error rate: 0.0372
2025-04-08 15:41:00,507 - Quantum Trading Bot - INFO - Quantum prediction for AAPL: 0.7670 (confidence: 0.9628)
2025-04-08 15:41:00,507 - Quantum Trading Bot - INFO - Trading signal for AAPL: 0.7670 (source: quantum)
2025-04-08 15:41:00,507 - Quantum Trading Bot - INFO - HOLD signal for AAPL (score: 0.7670, source: quantum)
2025-04-08 15:41:00,510 - Quantum Trading Bot - INFO - Processing MSFT
2025-04-08 15:41:00,510 - Quantum Trading Bot - INFO - Mock halal compliance check for MSFT: COMPLIANT
2025-04-08 15:41:00,521 - Quantum Trading Bot - INFO - Quantum device error rate: 0.0534
2025-04-08 15:41:00,530 - Quantum Trading Bot - INFO - Quantum prediction for MSFT: 0.7565 (confidence: 0.9466)
2025-04-08 15:41:00,530 - Quantum Trading Bot - INFO - Trading signal for MSFT: 0.7565 (source: quantum)
2025-04-08 15:41:00,530 - Quantum Trading Bot - INFO - HOLD signal for MSFT (score: 0.7565, source: quantum)
2025-04-08 15:41:00,532 - Quantum Trading Bot - INFO - Processing NVDA
2025-04-08 15:41:00,532 - Quantum Trading Bot - INFO - Mock halal compliance check for NVDA: COMPLIANT
2025-04-08 15:41:00,540 - Quantum Trading Bot - INFO - Quantum device error rate: 0.0351
2025-04-08 15:41:00,543 - Quantum Trading Bot - INFO - Quantum prediction for NVDA: 0.7200 (confidence: 0.9649)
2025-04-08 15:41:00,543 - Quantum Trading Bot - INFO - Trading signal for NVDA: 0.7200 (source: quantum)
2025-04-08 15:41:00,543 - Quantum Trading Bot - INFO - HOLD signal for NVDA (score: 0.7200, source: quantum)
2025-04-08 15:41:00,553 - Quantum Trading Bot - INFO - Performance metrics saved: 40/72 winning trades
2025-04-08 15:41:00,553 - Quantum Trading Bot - INFO - Quantum prediction accuracy: 0.00
2025-04-08 15:41:00,553 - Quantum Trading Bot - INFO - Sleeping for 60 seconds
2025-04-08 15:56:57,171 - Improvement Bot - INFO - Running scheduled task: Code Quality Check - Trading Bot
2025-04-08 15:56:57,180 - Improvement Bot - INFO - Found 2 issues in trading_bot
2025-04-08 15:56:57,180 - Improvement Bot - INFO - Task Code Quality Check - Trading Bot completed successfully
2025-04-08 15:56:57,180 - Improvement Bot - INFO - Running scheduled task: Code Quality Check - Monitor Bot
2025-04-08 15:56:57,182 - Improvement Bot - INFO - No issues found in monitor_bot
2025-04-08 15:56:57,182 - Improvement Bot - WARNING - Task Code Quality Check - Monitor Bot completed with warnings
2025-04-08 15:56:57,182 - Improvement Bot - INFO - Running scheduled task: Code Quality Check - Improvement Bot
2025-04-08 15:56:57,185 - Improvement Bot - INFO - Found 6 issues in improvement_bot
2025-04-08 15:56:57,185 - Improvement Bot - INFO - Task Code Quality Check - Improvement Bot completed successfully
2025-04-08 15:56:57,185 - Improvement Bot - INFO - Running scheduled task: System Health Analysis
2025-04-08 15:56:57,191 - Improvement Bot - INFO - Win rate trend: +0.00%
2025-04-08 15:56:57,191 - Improvement Bot - INFO - Profit trend: +0.00%
2025-04-08 15:56:57,192 - Improvement Bot - INFO - System health analysis completed: healthy
2025-04-08 15:56:57,192 - Improvement Bot - INFO - Task System Health Analysis completed successfully
2025-04-08 15:56:58,484 - Trading System - INFO - Trading Bot is alive: True
2025-04-08 15:56:58,485 - Trading System - INFO - Monitor Bot is alive: True
2025-04-08 15:56:58,485 - Trading System - INFO - Improvement Bot is alive: True
2025-04-08 15:57:11,952 - Quantum Trading Bot - INFO - Starting trading cycle
2025-04-08 15:57:11,954 - Quantum Trading Bot - INFO - Processing AAPL
2025-04-08 15:57:11,955 - Quantum Trading Bot - INFO - Mock halal compliance check for AAPL: COMPLIANT
2025-04-08 15:57:11,988 - Quantum Trading Bot - INFO - Quantum device error rate: 0.0303
2025-04-08 15:57:11,996 - Quantum Trading Bot - INFO - Quantum prediction for AAPL: 0.2320 (confidence: 0.9697)
2025-04-08 15:57:11,996 - Quantum Trading Bot - INFO - Trading signal for AAPL: 0.2320 (source: quantum)
2025-04-08 15:57:11,996 - Quantum Trading Bot - INFO - SELL signal for AAPL (score: 0.2320, source: quantum)
2025-04-08 15:57:11,997 - Quantum Trading Bot - WARNING - Cannot sell AAPL - no position
2025-04-08 15:57:12,001 - Quantum Trading Bot - INFO - Processing MSFT
2025-04-08 15:57:12,001 - Quantum Trading Bot - INFO - Mock halal compliance check for MSFT: COMPLIANT
2025-04-08 15:57:12,011 - Quantum Trading Bot - INFO - Quantum device error rate: 0.0246
2025-04-08 15:57:12,014 - Quantum Trading Bot - INFO - Quantum prediction for MSFT: 0.5000 (confidence: 0.7803)
2025-04-08 15:57:12,014 - Quantum Trading Bot - INFO - Trading signal for MSFT: 0.5000 (source: quantum)
2025-04-08 15:57:12,014 - Quantum Trading Bot - INFO - HOLD signal for MSFT (score: 0.5000, source: quantum)
2025-04-08 15:57:12,017 - Quantum Trading Bot - INFO - Processing NVDA
2025-04-08 15:57:12,017 - Quantum Trading Bot - INFO - Mock halal compliance check for NVDA: COMPLIANT
2025-04-08 15:57:12,024 - Quantum Trading Bot - INFO - Quantum device error rate: 0.0339
2025-04-08 15:57:12,028 - Quantum Trading Bot - INFO - Quantum prediction for NVDA: 0.9050 (confidence: 0.9661)
2025-04-08 15:57:12,028 - Quantum Trading Bot - INFO - Trading signal for NVDA: 0.9050 (source: quantum)
2025-04-08 15:57:12,028 - Quantum Trading Bot - INFO - HOLD signal for NVDA (score: 0.9050, source: quantum)
2025-04-08 15:57:12,039 - Quantum Trading Bot - INFO - Performance metrics saved: 40/72 winning trades
2025-04-08 15:57:12,039 - Quantum Trading Bot - INFO - Quantum prediction accuracy: 0.00
2025-04-08 15:57:12,039 - Quantum Trading Bot - INFO - Sleeping for 60 seconds
2025-04-08 16:04:21,707 - Trading System - INFO - Trading Bot is alive: True
2025-04-08 16:04:21,710 - Trading System - INFO - Monitor Bot is alive: True
2025-04-08 16:04:21,710 - Trading System - INFO - Improvement Bot is alive: True
2025-04-08 16:20:19,846 - Quantum Trading Bot - INFO - Starting trading cycle
2025-04-08 16:20:19,849 - Quantum Trading Bot - INFO - Market is closed, waiting...
2025-04-08 16:20:19,849 - Quantum Trading Bot - INFO - Sleeping for 60 seconds
2025-04-08 16:37:56,210 - Trading System - INFO - Trading Bot is alive: True
2025-04-08 16:37:56,214 - Trading System - INFO - Monitor Bot is alive: True
2025-04-08 16:37:56,214 - Trading System - INFO - Improvement Bot is alive: True
2025-04-08 16:37:57,191 - Monitor Bot - INFO - Running scheduled task: Performance Metrics
2025-04-08 16:37:57,199 - Monitor Bot - INFO - === Performance Metrics ===
2025-04-08 16:37:57,199 - Monitor Bot - INFO - Date: 2025-04-08T15:57:12.030975
2025-04-08 16:37:57,200 - Monitor Bot - INFO - Total Trades: 72
2025-04-08 16:37:57,200 - Monitor Bot - INFO - Win Rate: 55.56%
2025-04-08 16:37:57,200 - Monitor Bot - INFO - Total Profit: $18.27
2025-04-08 16:37:57,200 - Monitor Bot - INFO - Average Profit per Trade: $0.25
2025-04-08 16:37:57,200 - Monitor Bot - INFO - Average Profit Percentage: 0.09%
2025-04-08 16:37:57,200 - Monitor Bot - INFO - Maximum Drawdown: 0.10%
2025-04-08 16:37:57,200 - Monitor Bot - INFO - Quantum Prediction Accuracy: 0.00%
2025-04-08 16:37:57,200 - Monitor Bot - INFO - ============================
2025-04-08 16:37:57,219 - Monitor Bot - INFO - Task Performance Metrics completed successfully
2025-04-08 16:38:09,749 - Quantum Trading Bot - INFO - Starting trading cycle
2025-04-08 16:38:09,751 - Quantum Trading Bot - INFO - Market is closed, waiting...
2025-04-08 16:38:09,751 - Quantum Trading Bot - INFO - Sleeping for 60 seconds
2025-04-08 16:38:56,194 - Trading System - INFO - Trading Bot is alive: True
2025-04-08 16:38:56,195 - Trading System - INFO - Monitor Bot is alive: True
2025-04-08 16:38:56,195 - Trading System - INFO - Improvement Bot is alive: True
2025-04-08 16:55:33,832 - Quantum Trading Bot - INFO - Starting trading cycle
2025-04-08 16:55:33,834 - Quantum Trading Bot - INFO - Market is closed, waiting...
2025-04-08 16:55:33,835 - Quantum Trading Bot - INFO - Sleeping for 60 seconds
2025-04-08 17:12:19,173 - Trading System - INFO - Trading Bot is alive: True
2025-04-08 17:12:19,174 - Trading System - INFO - Monitor Bot is alive: True
2025-04-08 17:12:19,174 - Trading System - INFO - Improvement Bot is alive: True
2025-04-08 17:12:32,744 - Quantum Trading Bot - INFO - Starting trading cycle
2025-04-08 17:12:32,745 - Quantum Trading Bot - INFO - Market is closed, waiting...
2025-04-08 17:12:32,746 - Quantum Trading Bot - INFO - Sleeping for 60 seconds
2025-04-08 17:13:20,169 - Trading System - INFO - Trading Bot is alive: True
2025-04-08 17:13:20,170 - Trading System - INFO - Monitor Bot is alive: True
2025-04-08 17:13:20,170 - Trading System - INFO - Improvement Bot is alive: True
2025-04-08 17:13:33,718 - Quantum Trading Bot - INFO - Starting trading cycle
2025-04-08 17:13:33,719 - Quantum Trading Bot - INFO - Market is closed, waiting...
2025-04-08 17:13:33,720 - Quantum Trading Bot - INFO - Sleeping for 60 seconds
2025-04-08 17:14:20,177 - Trading System - INFO - Trading Bot is alive: True
2025-04-08 17:14:20,178 - Trading System - INFO - Monitor Bot is alive: True
2025-04-08 17:14:20,179 - Trading System - INFO - Improvement Bot is alive: True
2025-04-08 17:14:33,723 - Quantum Trading Bot - INFO - Starting trading cycle
2025-04-08 17:14:33,724 - Quantum Trading Bot - INFO - Market is closed, waiting...
2025-04-08 17:14:33,724 - Quantum Trading Bot - INFO - Sleeping for 60 seconds
2025-04-08 17:15:20,184 - Trading System - INFO - Trading Bot is alive: True
2025-04-08 17:15:20,186 - Trading System - INFO - Monitor Bot is alive: True
2025-04-08 17:15:20,186 - Trading System - INFO - Improvement Bot is alive: True
2025-04-08 17:15:33,729 - Quantum Trading Bot - INFO - Starting trading cycle
2025-04-08 17:15:33,730 - Quantum Trading Bot - INFO - Market is closed, waiting...
2025-04-08 17:15:33,731 - Quantum Trading Bot - INFO - Sleeping for 60 seconds
2025-04-08 17:16:20,189 - Trading System - INFO - Trading Bot is alive: True
2025-04-08 17:16:20,190 - Trading System - INFO - Monitor Bot is alive: True
2025-04-08 17:16:20,190 - Trading System - INFO - Improvement Bot is alive: True
2025-04-08 17:16:33,736 - Quantum Trading Bot - INFO - Starting trading cycle
2025-04-08 17:16:33,737 - Quantum Trading Bot - INFO - Market is closed, waiting...
2025-04-08 17:16:33,737 - Quantum Trading Bot - INFO - Sleeping for 60 seconds
2025-04-08 17:17:20,196 - Trading System - INFO - Trading Bot is alive: True
2025-04-08 17:17:20,198 - Trading System - INFO - Monitor Bot is alive: True
2025-04-08 17:17:20,198 - Trading System - INFO - Improvement Bot is alive: True
2025-04-08 17:17:33,742 - Quantum Trading Bot - INFO - Starting trading cycle
2025-04-08 17:17:33,743 - Quantum Trading Bot - INFO - Market is closed, waiting...
2025-04-08 17:17:33,743 - Quantum Trading Bot - INFO - Sleeping for 60 seconds
2025-04-08 17:18:20,201 - Trading System - INFO - Trading Bot is alive: True
2025-04-08 17:18:20,203 - Trading System - INFO - Monitor Bot is alive: True
2025-04-08 17:18:20,203 - Trading System - INFO - Improvement Bot is alive: True
2025-04-08 17:18:33,743 - Quantum Trading Bot - INFO - Starting trading cycle
2025-04-08 17:18:33,744 - Quantum Trading Bot - INFO - Market is closed, waiting...
2025-04-08 17:18:33,744 - Quantum Trading Bot - INFO - Sleeping for 60 seconds
2025-04-08 17:19:20,205 - Trading System - INFO - Trading Bot is alive: True
2025-04-08 17:19:20,207 - Trading System - INFO - Monitor Bot is alive: True
2025-04-08 17:19:20,207 - Trading System - INFO - Improvement Bot is alive: True
2025-04-08 17:19:33,749 - Quantum Trading Bot - INFO - Starting trading cycle
2025-04-08 17:19:33,750 - Quantum Trading Bot - INFO - Market is closed, waiting...
2025-04-08 17:19:33,750 - Quantum Trading Bot - INFO - Sleeping for 60 seconds
2025-04-08 17:20:20,211 - Trading System - INFO - Trading Bot is alive: True
2025-04-08 17:20:20,213 - Trading System - INFO - Monitor Bot is alive: True
2025-04-08 17:20:20,213 - Trading System - INFO - Improvement Bot is alive: True
2025-04-08 17:20:33,756 - Quantum Trading Bot - INFO - Starting trading cycle
2025-04-08 17:20:33,757 - Quantum Trading Bot - INFO - Market is closed, waiting...
2025-04-08 17:20:33,757 - Quantum Trading Bot - INFO - Sleeping for 60 seconds
2025-04-08 17:21:20,220 - Trading System - INFO - Trading Bot is alive: True
2025-04-08 17:21:20,224 - Trading System - INFO - Monitor Bot is alive: True
2025-04-08 17:21:20,224 - Trading System - INFO - Improvement Bot is alive: True
2025-04-08 17:21:33,758 - Quantum Trading Bot - INFO - Starting trading cycle
2025-04-08 17:21:33,760 - Quantum Trading Bot - INFO - Market is closed, waiting...
2025-04-08 17:21:33,761 - Quantum Trading Bot - INFO - Sleeping for 60 seconds
2025-04-08 17:22:20,228 - Trading System - INFO - Trading Bot is alive: True
2025-04-08 17:22:20,230 - Trading System - INFO - Monitor Bot is alive: True
2025-04-08 17:22:20,231 - Trading System - INFO - Improvement Bot is alive: True
2025-04-08 17:22:33,762 - Quantum Trading Bot - INFO - Starting trading cycle
2025-04-08 17:22:33,767 - Quantum Trading Bot - INFO - Market is closed, waiting...
2025-04-08 17:22:33,767 - Quantum Trading Bot - INFO - Sleeping for 60 seconds
2025-04-08 17:23:20,235 - Trading System - INFO - Trading Bot is alive: True
2025-04-08 17:23:20,236 - Trading System - INFO - Monitor Bot is alive: True
2025-04-08 17:23:20,237 - Trading System - INFO - Improvement Bot is alive: True
2025-04-08 17:23:33,773 - Quantum Trading Bot - INFO - Starting trading cycle
2025-04-08 17:23:33,774 - Quantum Trading Bot - INFO - Market is closed, waiting...
2025-04-08 17:23:33,774 - Quantum Trading Bot - INFO - Sleeping for 60 seconds
2025-04-08 17:24:20,243 - Trading System - INFO - Trading Bot is alive: True
2025-04-08 17:24:20,245 - Trading System - INFO - Monitor Bot is alive: True
2025-04-08 17:24:20,245 - Trading System - INFO - Improvement Bot is alive: True
2025-04-08 17:24:33,777 - Quantum Trading Bot - INFO - Starting trading cycle
2025-04-08 17:24:33,779 - Quantum Trading Bot - INFO - Market is closed, waiting...
2025-04-08 17:24:33,779 - Quantum Trading Bot - INFO - Sleeping for 60 seconds
2025-04-08 17:25:20,248 - Trading System - INFO - Trading Bot is alive: True
2025-04-08 17:25:20,251 - Trading System - INFO - Monitor Bot is alive: True
2025-04-08 17:25:20,251 - Trading System - INFO - Improvement Bot is alive: True
2025-04-08 17:25:33,784 - Quantum Trading Bot - INFO - Starting trading cycle
2025-04-08 17:25:33,786 - Quantum Trading Bot - INFO - Market is closed, waiting...
2025-04-08 17:25:33,786 - Quantum Trading Bot - INFO - Sleeping for 60 seconds
2025-04-08 17:26:20,255 - Trading System - INFO - Trading Bot is alive: True
2025-04-08 17:26:20,257 - Trading System - INFO - Monitor Bot is alive: True
2025-04-08 17:26:20,257 - Trading System - INFO - Improvement Bot is alive: True
2025-04-08 17:26:33,791 - Quantum Trading Bot - INFO - Starting trading cycle
2025-04-08 17:26:33,794 - Quantum Trading Bot - INFO - Market is closed, waiting...
2025-04-08 17:26:33,794 - Quantum Trading Bot - INFO - Sleeping for 60 seconds
2025-04-08 17:27:20,257 - Trading System - INFO - Trading Bot is alive: True
2025-04-08 17:27:20,260 - Trading System - INFO - Monitor Bot is alive: True
2025-04-08 17:27:20,260 - Trading System - INFO - Improvement Bot is alive: True
2025-04-08 17:27:33,798 - Quantum Trading Bot - INFO - Starting trading cycle
2025-04-08 17:27:33,800 - Quantum Trading Bot - INFO - Market is closed, waiting...
2025-04-08 17:27:33,800 - Quantum Trading Bot - INFO - Sleeping for 60 seconds
2025-04-08 17:28:20,266 - Trading System - INFO - Trading Bot is alive: True
2025-04-08 17:28:20,268 - Trading System - INFO - Monitor Bot is alive: True
2025-04-08 17:28:20,268 - Trading System - INFO - Improvement Bot is alive: True
2025-04-08 17:28:33,802 - Quantum Trading Bot - INFO - Starting trading cycle
2025-04-08 17:28:33,804 - Quantum Trading Bot - INFO - Market is closed, waiting...
2025-04-08 17:28:33,804 - Quantum Trading Bot - INFO - Sleeping for 60 seconds
2025-04-08 17:29:20,270 - Trading System - INFO - Trading Bot is alive: True
2025-04-08 17:29:20,276 - Trading System - INFO - Monitor Bot is alive: True
2025-04-08 17:29:20,277 - Trading System - INFO - Improvement Bot is alive: True
2025-04-08 17:29:33,807 - Quantum Trading Bot - INFO - Starting trading cycle
2025-04-08 17:29:33,809 - Quantum Trading Bot - INFO - Market is closed, waiting...
2025-04-08 17:29:33,809 - Quantum Trading Bot - INFO - Sleeping for 60 seconds
2025-04-08 17:30:20,280 - Trading System - INFO - Trading Bot is alive: True
2025-04-08 17:30:20,283 - Trading System - INFO - Monitor Bot is alive: True
2025-04-08 17:30:20,284 - Trading System - INFO - Improvement Bot is alive: True
2025-04-08 17:30:33,814 - Quantum Trading Bot - INFO - Starting trading cycle
2025-04-08 17:30:33,817 - Quantum Trading Bot - INFO - Market is closed, waiting...
2025-04-08 17:30:33,817 - Quantum Trading Bot - INFO - Sleeping for 60 seconds
2025-04-08 17:31:20,288 - Trading System - INFO - Trading Bot is alive: True
2025-04-08 17:31:20,291 - Trading System - INFO - Monitor Bot is alive: True
2025-04-08 17:31:20,292 - Trading System - INFO - Improvement Bot is alive: True
2025-04-08 17:31:33,822 - Quantum Trading Bot - INFO - Starting trading cycle
2025-04-08 17:31:33,824 - Quantum Trading Bot - INFO - Market is closed, waiting...
2025-04-08 17:31:33,824 - Quantum Trading Bot - INFO - Sleeping for 60 seconds
2025-04-08 17:32:20,296 - Trading System - INFO - Trading Bot is alive: True
2025-04-08 17:32:20,299 - Trading System - INFO - Monitor Bot is alive: True
2025-04-08 17:32:20,299 - Trading System - INFO - Improvement Bot is alive: True
2025-04-08 17:32:33,826 - Quantum Trading Bot - INFO - Starting trading cycle
2025-04-08 17:32:33,828 - Quantum Trading Bot - INFO - Market is closed, waiting...
2025-04-08 17:32:33,828 - Quantum Trading Bot - INFO - Sleeping for 60 seconds
2025-04-08 17:33:20,301 - Trading System - INFO - Trading Bot is alive: True
2025-04-08 17:33:20,304 - Trading System - INFO - Monitor Bot is alive: True
2025-04-08 17:33:20,305 - Trading System - INFO - Improvement Bot is alive: True
2025-04-08 17:33:33,833 - Quantum Trading Bot - INFO - Starting trading cycle
2025-04-08 17:33:33,836 - Quantum Trading Bot - INFO - Market is closed, waiting...
2025-04-08 17:33:33,836 - Quantum Trading Bot - INFO - Sleeping for 60 seconds
2025-04-08 17:34:20,310 - Trading System - INFO - Trading Bot is alive: True
2025-04-08 17:34:20,313 - Trading System - INFO - Monitor Bot is alive: True
2025-04-08 17:34:20,313 - Trading System - INFO - Improvement Bot is alive: True
2025-04-08 17:34:33,840 - Quantum Trading Bot - INFO - Starting trading cycle
2025-04-08 17:34:33,841 - Quantum Trading Bot - INFO - Market is closed, waiting...
2025-04-08 17:34:33,842 - Quantum Trading Bot - INFO - Sleeping for 60 seconds
2025-04-08 17:35:20,317 - Trading System - INFO - Trading Bot is alive: True
2025-04-08 17:35:20,320 - Trading System - INFO - Monitor Bot is alive: True
2025-04-08 17:35:20,320 - Trading System - INFO - Improvement Bot is alive: True
2025-04-08 17:35:33,844 - Quantum Trading Bot - INFO - Starting trading cycle
2025-04-08 17:35:33,845 - Quantum Trading Bot - INFO - Market is closed, waiting...
2025-04-08 17:35:33,845 - Quantum Trading Bot - INFO - Sleeping for 60 seconds
2025-04-08 17:36:20,321 - Trading System - INFO - Trading Bot is alive: True
2025-04-08 17:36:20,324 - Trading System - INFO - Monitor Bot is alive: True
2025-04-08 17:36:20,324 - Trading System - INFO - Improvement Bot is alive: True
2025-04-08 17:36:33,846 - Quantum Trading Bot - INFO - Starting trading cycle
2025-04-08 17:36:33,848 - Quantum Trading Bot - INFO - Market is closed, waiting...
2025-04-08 17:36:33,848 - Quantum Trading Bot - INFO - Sleeping for 60 seconds
2025-04-08 17:37:20,326 - Trading System - INFO - Trading Bot is alive: True
2025-04-08 17:37:20,329 - Trading System - INFO - Monitor Bot is alive: True
2025-04-08 17:37:20,329 - Trading System - INFO - Improvement Bot is alive: True
2025-04-08 17:37:33,853 - Quantum Trading Bot - INFO - Starting trading cycle
2025-04-08 17:37:33,855 - Quantum Trading Bot - INFO - Market is closed, waiting...
2025-04-08 17:37:33,855 - Quantum Trading Bot - INFO - Sleeping for 60 seconds
2025-04-08 17:38:20,331 - Trading System - INFO - Trading Bot is alive: True
2025-04-08 17:38:20,334 - Trading System - INFO - Monitor Bot is alive: True
2025-04-08 17:38:20,334 - Trading System - INFO - Improvement Bot is alive: True
2025-04-08 17:38:21,350 - Monitor Bot - INFO - Running scheduled task: Performance Metrics
2025-04-08 17:38:21,358 - Monitor Bot - INFO - === Performance Metrics ===
2025-04-08 17:38:21,359 - Monitor Bot - INFO - Date: 2025-04-08T15:57:12.030975
2025-04-08 17:38:21,359 - Monitor Bot - INFO - Total Trades: 72
2025-04-08 17:38:21,359 - Monitor Bot - INFO - Win Rate: 55.56%
2025-04-08 17:38:21,359 - Monitor Bot - INFO - Total Profit: $18.27
2025-04-08 17:38:21,359 - Monitor Bot - INFO - Average Profit per Trade: $0.25
2025-04-08 17:38:21,359 - Monitor Bot - INFO - Average Profit Percentage: 0.09%
2025-04-08 17:38:21,359 - Monitor Bot - INFO - Maximum Drawdown: 0.10%
2025-04-08 17:38:21,359 - Monitor Bot - INFO - Quantum Prediction Accuracy: 0.00%
2025-04-08 17:38:21,359 - Monitor Bot - INFO - ============================
2025-04-08 17:38:21,397 - Monitor Bot - INFO - Task Performance Metrics completed successfully
2025-04-08 17:38:33,857 - Quantum Trading Bot - INFO - Starting trading cycle
2025-04-08 17:38:33,858 - Quantum Trading Bot - INFO - Market is closed, waiting...
2025-04-08 17:38:33,858 - Quantum Trading Bot - INFO - Sleeping for 60 seconds
2025-04-08 17:39:20,340 - Trading System - INFO - Trading Bot is alive: True
2025-04-08 17:39:20,343 - Trading System - INFO - Monitor Bot is alive: True
2025-04-08 17:39:20,343 - Trading System - INFO - Improvement Bot is alive: True
2025-04-08 17:39:33,862 - Quantum Trading Bot - INFO - Starting trading cycle
2025-04-08 17:39:33,864 - Quantum Trading Bot - INFO - Market is closed, waiting...
2025-04-08 17:39:33,864 - Quantum Trading Bot - INFO - Sleeping for 60 seconds
2025-04-08 17:40:20,349 - Trading System - INFO - Trading Bot is alive: True
2025-04-08 17:40:20,351 - Trading System - INFO - Monitor Bot is alive: True
2025-04-08 17:40:20,352 - Trading System - INFO - Improvement Bot is alive: True
2025-04-08 17:40:33,868 - Quantum Trading Bot - INFO - Starting trading cycle
2025-04-08 17:40:33,869 - Quantum Trading Bot - INFO - Market is closed, waiting...
2025-04-08 17:40:33,870 - Quantum Trading Bot - INFO - Sleeping for 60 seconds
2025-04-08 17:41:20,368 - Trading System - INFO - Trading Bot is alive: True
2025-04-08 17:41:20,373 - Trading System - INFO - Monitor Bot is alive: True
2025-04-08 17:41:20,373 - Trading System - INFO - Improvement Bot is alive: True
2025-04-08 17:41:33,888 - Quantum Trading Bot - INFO - Starting trading cycle
2025-04-08 17:41:33,890 - Quantum Trading Bot - INFO - Market is closed, waiting...
2025-04-08 17:41:33,890 - Quantum Trading Bot - INFO - Sleeping for 60 seconds
2025-04-08 17:42:20,386 - Trading System - INFO - Trading Bot is alive: True
2025-04-08 17:42:20,388 - Trading System - INFO - Monitor Bot is alive: True
2025-04-08 17:42:20,388 - Trading System - INFO - Improvement Bot is alive: True
2025-04-08 17:42:33,898 - Quantum Trading Bot - INFO - Starting trading cycle
2025-04-08 17:42:33,900 - Quantum Trading Bot - INFO - Market is closed, waiting...
2025-04-08 17:42:33,901 - Quantum Trading Bot - INFO - Sleeping for 60 seconds
2025-04-08 17:43:20,394 - Trading System - INFO - Trading Bot is alive: True
2025-04-08 17:43:20,396 - Trading System - INFO - Monitor Bot is alive: True
2025-04-08 17:43:20,396 - Trading System - INFO - Improvement Bot is alive: True
2025-04-08 17:43:33,909 - Quantum Trading Bot - INFO - Starting trading cycle
2025-04-08 17:43:33,911 - Quantum Trading Bot - INFO - Market is closed, waiting...
2025-04-08 17:43:33,911 - Quantum Trading Bot - INFO - Sleeping for 60 seconds
2025-04-08 17:44:20,407 - Trading System - INFO - Trading Bot is alive: True
2025-04-08 17:44:20,409 - Trading System - INFO - Monitor Bot is alive: True
2025-04-08 17:44:20,410 - Trading System - INFO - Improvement Bot is alive: True
2025-04-08 17:44:33,916 - Quantum Trading Bot - INFO - Starting trading cycle
2025-04-08 17:44:33,918 - Quantum Trading Bot - INFO - Market is closed, waiting...
2025-04-08 17:44:33,918 - Quantum Trading Bot - INFO - Sleeping for 60 seconds
2025-04-08 17:45:20,416 - Trading System - INFO - Trading Bot is alive: True
2025-04-08 17:45:20,419 - Trading System - INFO - Monitor Bot is alive: True
2025-04-08 17:45:20,419 - Trading System - INFO - Improvement Bot is alive: True
2025-04-08 17:45:33,924 - Quantum Trading Bot - INFO - Starting trading cycle
2025-04-08 17:45:33,926 - Quantum Trading Bot - INFO - Market is closed, waiting...
2025-04-08 17:45:33,926 - Quantum Trading Bot - INFO - Sleeping for 60 seconds
2025-04-08 18:01:40,463 - Trading System - INFO - Trading Bot is alive: True
2025-04-08 18:01:40,465 - Trading System - INFO - Monitor Bot is alive: True
2025-04-08 18:01:40,465 - Trading System - INFO - Improvement Bot is alive: True
2025-04-08 18:01:41,519 - Monitor Bot - INFO - Running scheduled task: Quantum System Health Check
2025-04-08 18:01:41,520 - Monitor Bot - INFO - Monitoring quantum system health
2025-04-08 18:01:41,521 - Monitor Bot - INFO - Average quantum error rate: 0.0355
2025-04-08 18:01:41,523 - Monitor Bot - INFO - Task Quantum System Health Check completed successfully
2025-04-08 18:01:53,965 - Quantum Trading Bot - INFO - Starting trading cycle
2025-04-08 18:01:53,966 - Quantum Trading Bot - INFO - Market is closed, waiting...
2025-04-08 18:01:53,966 - Quantum Trading Bot - INFO - Sleeping for 60 seconds
2025-04-08 18:18:15,340 - Trading System - INFO - Trading Bot is alive: True
2025-04-08 18:18:15,342 - Trading System - INFO - Monitor Bot is alive: True
2025-04-08 18:18:15,342 - Trading System - INFO - Improvement Bot is alive: True
2025-04-08 18:18:28,845 - Quantum Trading Bot - INFO - Starting trading cycle
2025-04-08 18:18:28,847 - Quantum Trading Bot - INFO - Market is closed, waiting...
2025-04-08 18:18:28,847 - Quantum Trading Bot - INFO - Sleeping for 60 seconds
2025-04-08 18:23:07,430 - Trading System - INFO - Trading Bot is alive: True
2025-04-08 18:23:07,434 - Trading System - INFO - Monitor Bot is alive: True
2025-04-08 18:23:07,434 - Trading System - INFO - Improvement Bot is alive: True
2025-04-08 18:23:20,934 - Quantum Trading Bot - INFO - Starting trading cycle
2025-04-08 18:23:20,936 - Quantum Trading Bot - INFO - Market is closed, waiting...
2025-04-08 18:23:20,936 - Quantum Trading Bot - INFO - Sleeping for 60 seconds
2025-04-08 18:30:40,117 - Trading System - INFO - Trading Bot is alive: True
2025-04-08 18:30:40,119 - Trading System - INFO - Monitor Bot is alive: True
2025-04-08 18:30:40,119 - Trading System - INFO - Improvement Bot is alive: True
2025-04-08 18:30:53,623 - Quantum Trading Bot - INFO - Starting trading cycle
2025-04-08 18:30:53,625 - Quantum Trading Bot - INFO - Market is closed, waiting...
2025-04-08 18:30:53,625 - Quantum Trading Bot - INFO - Sleeping for 60 seconds
2025-04-08 18:31:40,124 - Trading System - INFO - Trading Bot is alive: True
2025-04-08 18:31:40,125 - Trading System - INFO - Monitor Bot is alive: True
2025-04-08 18:31:40,126 - Trading System - INFO - Improvement Bot is alive: True
2025-04-08 18:31:53,625 - Quantum Trading Bot - INFO - Starting trading cycle
2025-04-08 18:31:53,627 - Quantum Trading Bot - INFO - Market is closed, waiting...
2025-04-08 18:31:53,627 - Quantum Trading Bot - INFO - Sleeping for 60 seconds
2025-04-08 18:43:56,441 - Trading System - INFO - Trading Bot is alive: True
2025-04-08 18:43:56,444 - Trading System - INFO - Monitor Bot is alive: True
2025-04-08 18:43:56,444 - Trading System - INFO - Improvement Bot is alive: True
2025-04-08 18:43:57,498 - Monitor Bot - INFO - Running scheduled task: Performance Metrics
2025-04-08 18:43:57,504 - Monitor Bot - INFO - === Performance Metrics ===
2025-04-08 18:43:57,504 - Monitor Bot - INFO - Date: 2025-04-08T15:57:12.030975
2025-04-08 18:43:57,505 - Monitor Bot - INFO - Total Trades: 72
2025-04-08 18:43:57,505 - Monitor Bot - INFO - Win Rate: 55.56%
2025-04-08 18:43:57,505 - Monitor Bot - INFO - Total Profit: $18.27
2025-04-08 18:43:57,505 - Monitor Bot - INFO - Average Profit per Trade: $0.25
2025-04-08 18:43:57,505 - Monitor Bot - INFO - Average Profit Percentage: 0.09%
2025-04-08 18:43:57,505 - Monitor Bot - INFO - Maximum Drawdown: 0.10%
2025-04-08 18:43:57,505 - Monitor Bot - INFO - Quantum Prediction Accuracy: 0.00%
2025-04-08 18:43:57,505 - Monitor Bot - INFO - ============================
2025-04-08 18:43:57,513 - Monitor Bot - INFO - Task Performance Metrics completed successfully
2025-04-08 18:44:09,936 - Quantum Trading Bot - INFO - Starting trading cycle
2025-04-08 18:44:09,937 - Quantum Trading Bot - INFO - Market is closed, waiting...
2025-04-08 18:44:09,937 - Quantum Trading Bot - INFO - Sleeping for 60 seconds
2025-04-08 18:44:56,442 - Trading System - INFO - Trading Bot is alive: True
2025-04-08 18:44:56,444 - Trading System - INFO - Monitor Bot is alive: True
2025-04-08 18:44:56,445 - Trading System - INFO - Improvement Bot is alive: True
2025-04-08 18:45:09,936 - Quantum Trading Bot - INFO - Starting trading cycle
2025-04-08 18:45:09,937 - Quantum Trading Bot - INFO - Market is closed, waiting...
2025-04-08 18:45:09,937 - Quantum Trading Bot - INFO - Sleeping for 60 seconds
2025-04-08 18:45:56,445 - Trading System - INFO - Trading Bot is alive: True
2025-04-08 18:45:56,449 - Trading System - INFO - Monitor Bot is alive: True
2025-04-08 18:45:56,449 - Trading System - INFO - Improvement Bot is alive: True
2025-04-08 18:46:09,941 - Quantum Trading Bot - INFO - Starting trading cycle
2025-04-08 18:46:09,943 - Quantum Trading Bot - INFO - Market is closed, waiting...
2025-04-08 18:46:09,943 - Quantum Trading Bot - INFO - Sleeping for 60 seconds
2025-04-08 18:46:56,453 - Trading System - INFO - Trading Bot is alive: True
2025-04-08 18:46:56,455 - Trading System - INFO - Monitor Bot is alive: True
2025-04-08 18:46:56,455 - Trading System - INFO - Improvement Bot is alive: True
2025-04-08 18:47:09,942 - Quantum Trading Bot - INFO - Starting trading cycle
2025-04-08 18:47:09,944 - Quantum Trading Bot - INFO - Market is closed, waiting...
2025-04-08 18:47:09,944 - Quantum Trading Bot - INFO - Sleeping for 60 seconds
2025-04-08 18:47:56,459 - Trading System - INFO - Trading Bot is alive: True
2025-04-08 18:47:56,461 - Trading System - INFO - Monitor Bot is alive: True
2025-04-08 18:47:56,461 - Trading System - INFO - Improvement Bot is alive: True
2025-04-08 18:48:09,946 - Quantum Trading Bot - INFO - Starting trading cycle
2025-04-08 18:48:09,947 - Quantum Trading Bot - INFO - Market is closed, waiting...
2025-04-08 18:48:09,948 - Quantum Trading Bot - INFO - Sleeping for 60 seconds
2025-04-08 18:48:56,465 - Trading System - INFO - Trading Bot is alive: True
2025-04-08 18:48:56,466 - Trading System - INFO - Monitor Bot is alive: True
2025-04-08 18:48:56,466 - Trading System - INFO - Improvement Bot is alive: True
2025-04-08 18:49:09,951 - Quantum Trading Bot - INFO - Starting trading cycle
2025-04-08 18:49:09,953 - Quantum Trading Bot - INFO - Market is closed, waiting...
2025-04-08 18:49:09,953 - Quantum Trading Bot - INFO - Sleeping for 60 seconds
2025-04-08 18:49:56,471 - Trading System - INFO - Trading Bot is alive: True
2025-04-08 18:49:56,473 - Trading System - INFO - Monitor Bot is alive: True
2025-04-08 18:49:56,473 - Trading System - INFO - Improvement Bot is alive: True
2025-04-08 18:50:09,953 - Quantum Trading Bot - INFO - Starting trading cycle
2025-04-08 18:50:09,954 - Quantum Trading Bot - INFO - Market is closed, waiting...
2025-04-08 18:50:09,954 - Quantum Trading Bot - INFO - Sleeping for 60 seconds
2025-04-08 18:50:56,477 - Trading System - INFO - Trading Bot is alive: True
2025-04-08 18:50:56,478 - Trading System - INFO - Monitor Bot is alive: True
2025-04-08 18:50:56,478 - Trading System - INFO - Improvement Bot is alive: True
2025-04-08 18:51:09,955 - Quantum Trading Bot - INFO - Starting trading cycle
2025-04-08 18:51:09,956 - Quantum Trading Bot - INFO - Market is closed, waiting...
2025-04-08 18:51:09,957 - Quantum Trading Bot - INFO - Sleeping for 60 seconds
2025-04-08 18:51:56,480 - Trading System - INFO - Trading Bot is alive: True
2025-04-08 18:51:56,482 - Trading System - INFO - Monitor Bot is alive: True
2025-04-08 18:51:56,482 - Trading System - INFO - Improvement Bot is alive: True
2025-04-08 18:52:09,958 - Quantum Trading Bot - INFO - Starting trading cycle
2025-04-08 18:52:09,959 - Quantum Trading Bot - INFO - Market is closed, waiting...
2025-04-08 18:52:09,959 - Quantum Trading Bot - INFO - Sleeping for 60 seconds
2025-04-08 18:52:56,486 - Trading System - INFO - Trading Bot is alive: True
2025-04-08 18:52:56,488 - Trading System - INFO - Monitor Bot is alive: True
2025-04-08 18:52:56,488 - Trading System - INFO - Improvement Bot is alive: True
2025-04-08 18:53:09,961 - Quantum Trading Bot - INFO - Starting trading cycle
2025-04-08 18:53:09,962 - Quantum Trading Bot - INFO - Market is closed, waiting...
2025-04-08 18:53:09,962 - Quantum Trading Bot - INFO - Sleeping for 60 seconds
2025-04-08 18:53:56,492 - Trading System - INFO - Trading Bot is alive: True
2025-04-08 18:53:56,493 - Trading System - INFO - Monitor Bot is alive: True
2025-04-08 18:53:56,493 - Trading System - INFO - Improvement Bot is alive: True
2025-04-08 18:54:09,965 - Quantum Trading Bot - INFO - Starting trading cycle
2025-04-08 18:54:09,968 - Quantum Trading Bot - INFO - Market is closed, waiting...
2025-04-08 18:54:09,968 - Quantum Trading Bot - INFO - Sleeping for 60 seconds
2025-04-08 18:54:56,497 - Trading System - INFO - Trading Bot is alive: True
2025-04-08 18:54:56,501 - Trading System - INFO - Monitor Bot is alive: True
2025-04-08 18:54:56,501 - Trading System - INFO - Improvement Bot is alive: True
2025-04-08 18:55:09,972 - Quantum Trading Bot - INFO - Starting trading cycle
2025-04-08 18:55:09,974 - Quantum Trading Bot - INFO - Market is closed, waiting...
2025-04-08 18:55:09,974 - Quantum Trading Bot - INFO - Sleeping for 60 seconds
2025-04-08 18:55:56,502 - Trading System - INFO - Trading Bot is alive: True
2025-04-08 18:55:56,504 - Trading System - INFO - Monitor Bot is alive: True
2025-04-08 18:55:56,504 - Trading System - INFO - Improvement Bot is alive: True
2025-04-08 18:56:09,975 - Quantum Trading Bot - INFO - Starting trading cycle
2025-04-08 18:56:09,976 - Quantum Trading Bot - INFO - Market is closed, waiting...
2025-04-08 18:56:09,976 - Quantum Trading Bot - INFO - Sleeping for 60 seconds
2025-04-08 18:56:56,509 - Trading System - INFO - Trading Bot is alive: True
2025-04-08 18:56:56,511 - Trading System - INFO - Monitor Bot is alive: True
2025-04-08 18:56:56,511 - Trading System - INFO - Improvement Bot is alive: True
2025-04-08 18:57:09,979 - Quantum Trading Bot - INFO - Starting trading cycle
2025-04-08 18:57:09,981 - Quantum Trading Bot - INFO - Market is closed, waiting...
2025-04-08 18:57:09,981 - Quantum Trading Bot - INFO - Sleeping for 60 seconds
2025-04-08 18:57:56,516 - Trading System - INFO - Trading Bot is alive: True
2025-04-08 18:57:56,519 - Trading System - INFO - Monitor Bot is alive: True
2025-04-08 18:57:56,519 - Trading System - INFO - Improvement Bot is alive: True
2025-04-08 18:58:09,984 - Quantum Trading Bot - INFO - Starting trading cycle
2025-04-08 18:58:09,986 - Quantum Trading Bot - INFO - Market is closed, waiting...
2025-04-08 18:58:09,986 - Quantum Trading Bot - INFO - Sleeping for 60 seconds
2025-04-08 18:58:56,519 - Trading System - INFO - Trading Bot is alive: True
2025-04-08 18:58:56,520 - Trading System - INFO - Monitor Bot is alive: True
2025-04-08 18:58:56,520 - Trading System - INFO - Improvement Bot is alive: True
2025-04-08 18:59:09,987 - Quantum Trading Bot - INFO - Starting trading cycle
2025-04-08 18:59:09,989 - Quantum Trading Bot - INFO - Market is closed, waiting...
2025-04-08 18:59:09,989 - Quantum Trading Bot - INFO - Sleeping for 60 seconds
2025-04-08 18:59:56,523 - Trading System - INFO - Trading Bot is alive: True
2025-04-08 18:59:56,525 - Trading System - INFO - Monitor Bot is alive: True
2025-04-08 18:59:56,525 - Trading System - INFO - Improvement Bot is alive: True
2025-04-08 19:00:09,996 - Quantum Trading Bot - INFO - Starting trading cycle
2025-04-08 19:00:09,997 - Quantum Trading Bot - INFO - Market is closed, waiting...
2025-04-08 19:00:09,997 - Quantum Trading Bot - INFO - Sleeping for 60 seconds
2025-04-08 19:00:54,781 - Improvement Bot - INFO - Running scheduled task: System Health Analysis
2025-04-08 19:00:54,790 - Improvement Bot - INFO - Win rate trend: +0.00%
2025-04-08 19:00:54,790 - Improvement Bot - INFO - Profit trend: +0.00%
2025-04-08 19:00:54,791 - Improvement Bot - INFO - System health analysis completed: healthy
2025-04-08 19:00:54,791 - Improvement Bot - INFO - Task System Health Analysis completed successfully
2025-04-08 19:00:56,524 - Trading System - INFO - Trading Bot is alive: True
2025-04-08 19:00:56,525 - Trading System - INFO - Monitor Bot is alive: True
2025-04-08 19:00:56,525 - Trading System - INFO - Improvement Bot is alive: True
2025-04-08 19:01:09,998 - Quantum Trading Bot - INFO - Starting trading cycle
2025-04-08 19:01:10,000 - Quantum Trading Bot - INFO - Market is closed, waiting...
2025-04-08 19:01:10,000 - Quantum Trading Bot - INFO - Sleeping for 60 seconds
2025-04-08 19:01:56,528 - Trading System - INFO - Trading Bot is alive: True
2025-04-08 19:01:56,530 - Trading System - INFO - Monitor Bot is alive: True
2025-04-08 19:01:56,530 - Trading System - INFO - Improvement Bot is alive: True
2025-04-08 19:02:10,004 - Quantum Trading Bot - INFO - Starting trading cycle
2025-04-08 19:02:10,005 - Quantum Trading Bot - INFO - Market is closed, waiting...
2025-04-08 19:02:10,005 - Quantum Trading Bot - INFO - Sleeping for 60 seconds
2025-04-08 19:02:56,533 - Trading System - INFO - Trading Bot is alive: True
2025-04-08 19:02:56,534 - Trading System - INFO - Monitor Bot is alive: True
2025-04-08 19:02:56,534 - Trading System - INFO - Improvement Bot is alive: True
2025-04-08 19:03:10,014 - Quantum Trading Bot - INFO - Starting trading cycle
2025-04-08 19:03:10,015 - Quantum Trading Bot - INFO - Market is closed, waiting...
2025-04-08 19:03:10,015 - Quantum Trading Bot - INFO - Sleeping for 60 seconds
2025-04-08 19:03:56,535 - Trading System - INFO - Trading Bot is alive: True
2025-04-08 19:03:56,537 - Trading System - INFO - Monitor Bot is alive: True
2025-04-08 19:03:56,537 - Trading System - INFO - Improvement Bot is alive: True
2025-04-08 19:04:10,024 - Quantum Trading Bot - INFO - Starting trading cycle
2025-04-08 19:04:10,026 - Quantum Trading Bot - INFO - Market is closed, waiting...
2025-04-08 19:04:10,026 - Quantum Trading Bot - INFO - Sleeping for 60 seconds
2025-04-08 19:04:56,546 - Trading System - INFO - Trading Bot is alive: True
2025-04-08 19:04:56,550 - Trading System - INFO - Monitor Bot is alive: True
2025-04-08 19:04:56,550 - Trading System - INFO - Improvement Bot is alive: True
2025-04-08 19:05:10,030 - Quantum Trading Bot - INFO - Starting trading cycle
2025-04-08 19:05:10,032 - Quantum Trading Bot - INFO - Market is closed, waiting...
2025-04-08 19:05:10,032 - Quantum Trading Bot - INFO - Sleeping for 60 seconds
2025-04-08 19:05:56,559 - Trading System - INFO - Trading Bot is alive: True
2025-04-08 19:05:56,561 - Trading System - INFO - Monitor Bot is alive: True
2025-04-08 19:05:56,561 - Trading System - INFO - Improvement Bot is alive: True
2025-04-08 19:06:10,034 - Quantum Trading Bot - INFO - Starting trading cycle
2025-04-08 19:06:10,035 - Quantum Trading Bot - INFO - Market is closed, waiting...
2025-04-08 19:06:10,035 - Quantum Trading Bot - INFO - Sleeping for 60 seconds
2025-04-08 19:06:56,565 - Trading System - INFO - Trading Bot is alive: True
2025-04-08 19:06:56,567 - Trading System - INFO - Monitor Bot is alive: True
2025-04-08 19:06:56,567 - Trading System - INFO - Improvement Bot is alive: True
2025-04-08 19:07:10,041 - Quantum Trading Bot - INFO - Starting trading cycle
2025-04-08 19:07:10,043 - Quantum Trading Bot - INFO - Market is closed, waiting...
2025-04-08 19:07:10,043 - Quantum Trading Bot - INFO - Sleeping for 60 seconds
2025-04-08 19:24:07,089 - Trading System - INFO - Trading Bot is alive: True
2025-04-08 19:24:07,091 - Trading System - INFO - Monitor Bot is alive: True
2025-04-08 19:24:07,091 - Trading System - INFO - Improvement Bot is alive: True
2025-04-08 19:24:20,566 - Quantum Trading Bot - INFO - Starting trading cycle
2025-04-08 19:24:20,568 - Quantum Trading Bot - INFO - Market is closed, waiting...
2025-04-08 19:24:20,568 - Quantum Trading Bot - INFO - Sleeping for 60 seconds
2025-04-08 19:41:58,960 - Trading System - INFO - Trading Bot is alive: True
2025-04-08 19:41:58,961 - Trading System - INFO - Monitor Bot is alive: True
2025-04-08 19:41:58,961 - Trading System - INFO - Improvement Bot is alive: True
2025-04-08 19:42:12,435 - Quantum Trading Bot - INFO - Starting trading cycle
2025-04-08 19:42:12,437 - Quantum Trading Bot - INFO - Market is closed, waiting...
2025-04-08 19:42:12,437 - Quantum Trading Bot - INFO - Sleeping for 60 seconds
2025-04-08 19:50:56,499 - Trading System - INFO - Trading Bot is alive: True
2025-04-08 19:50:56,500 - Trading System - INFO - Monitor Bot is alive: True
2025-04-08 19:50:56,500 - Trading System - INFO - Improvement Bot is alive: True
2025-04-08 19:50:57,561 - Monitor Bot - INFO - Running scheduled task: Performance Metrics
2025-04-08 19:50:57,569 - Monitor Bot - INFO - === Performance Metrics ===
2025-04-08 19:50:57,569 - Monitor Bot - INFO - Date: 2025-04-08T15:57:12.030975
2025-04-08 19:50:57,569 - Monitor Bot - INFO - Total Trades: 72
2025-04-08 19:50:57,569 - Monitor Bot - INFO - Win Rate: 55.56%
2025-04-08 19:50:57,569 - Monitor Bot - INFO - Total Profit: $18.27
2025-04-08 19:50:57,569 - Monitor Bot - INFO - Average Profit per Trade: $0.25
2025-04-08 19:50:57,569 - Monitor Bot - INFO - Average Profit Percentage: 0.09%
2025-04-08 19:50:57,569 - Monitor Bot - INFO - Maximum Drawdown: 0.10%
2025-04-08 19:50:57,569 - Monitor Bot - INFO - Quantum Prediction Accuracy: 0.00%
2025-04-08 19:50:57,569 - Monitor Bot - INFO - ============================
2025-04-08 19:50:57,585 - Monitor Bot - INFO - Task Performance Metrics completed successfully
2025-04-08 19:51:09,975 - Quantum Trading Bot - INFO - Starting trading cycle
2025-04-08 19:51:09,978 - Quantum Trading Bot - INFO - Market is closed, waiting...
2025-04-08 19:51:09,978 - Quantum Trading Bot - INFO - Sleeping for 60 seconds
2025-04-08 19:51:56,508 - Trading System - INFO - Trading Bot is alive: True
2025-04-08 19:51:56,511 - Trading System - INFO - Monitor Bot is alive: True
2025-04-08 19:51:56,512 - Trading System - INFO - Improvement Bot is alive: True
2025-04-08 19:52:09,982 - Quantum Trading Bot - INFO - Starting trading cycle
2025-04-08 19:52:09,985 - Quantum Trading Bot - INFO - Market is closed, waiting...
2025-04-08 19:52:09,985 - Quantum Trading Bot - INFO - Sleeping for 60 seconds
2025-04-08 19:52:56,514 - Trading System - INFO - Trading Bot is alive: True
2025-04-08 19:52:56,515 - Trading System - INFO - Monitor Bot is alive: True
2025-04-08 19:52:56,515 - Trading System - INFO - Improvement Bot is alive: True
2025-04-08 19:53:09,988 - Quantum Trading Bot - INFO - Starting trading cycle
2025-04-08 19:53:09,990 - Quantum Trading Bot - INFO - Market is closed, waiting...
2025-04-08 19:53:09,990 - Quantum Trading Bot - INFO - Sleeping for 60 seconds
2025-04-08 19:53:56,520 - Trading System - INFO - Trading Bot is alive: True
2025-04-08 19:53:56,522 - Trading System - INFO - Monitor Bot is alive: True
2025-04-08 19:53:56,522 - Trading System - INFO - Improvement Bot is alive: True
2025-04-08 19:54:09,992 - Quantum Trading Bot - INFO - Starting trading cycle
2025-04-08 19:54:09,993 - Quantum Trading Bot - INFO - Market is closed, waiting...
2025-04-08 19:54:09,993 - Quantum Trading Bot - INFO - Sleeping for 60 seconds
2025-04-08 19:54:56,524 - Trading System - INFO - Trading Bot is alive: True
2025-04-08 19:54:56,526 - Trading System - INFO - Monitor Bot is alive: True
2025-04-08 19:54:56,527 - Trading System - INFO - Improvement Bot is alive: True
2025-04-08 19:55:09,996 - Quantum Trading Bot - INFO - Starting trading cycle
2025-04-08 19:55:09,997 - Quantum Trading Bot - INFO - Market is closed, waiting...
2025-04-08 19:55:09,997 - Quantum Trading Bot - INFO - Sleeping for 60 seconds
2025-04-08 19:55:56,531 - Trading System - INFO - Trading Bot is alive: True
2025-04-08 19:55:56,532 - Trading System - INFO - Monitor Bot is alive: True
2025-04-08 19:55:56,532 - Trading System - INFO - Improvement Bot is alive: True
2025-04-08 19:56:10,001 - Quantum Trading Bot - INFO - Starting trading cycle
2025-04-08 19:56:10,003 - Quantum Trading Bot - INFO - Market is closed, waiting...
2025-04-08 19:56:10,003 - Quantum Trading Bot - INFO - Sleeping for 60 seconds
2025-04-08 19:56:56,535 - Trading System - INFO - Trading Bot is alive: True
2025-04-08 19:56:56,537 - Trading System - INFO - Monitor Bot is alive: True
2025-04-08 19:56:56,537 - Trading System - INFO - Improvement Bot is alive: True
2025-04-08 19:57:10,007 - Quantum Trading Bot - INFO - Starting trading cycle
2025-04-08 19:57:10,009 - Quantum Trading Bot - INFO - Market is closed, waiting...
2025-04-08 19:57:10,009 - Quantum Trading Bot - INFO - Sleeping for 60 seconds
2025-04-08 19:57:56,538 - Trading System - INFO - Trading Bot is alive: True
2025-04-08 19:57:56,540 - Trading System - INFO - Monitor Bot is alive: True
2025-04-08 19:57:56,540 - Trading System - INFO - Improvement Bot is alive: True
2025-04-08 19:58:10,009 - Quantum Trading Bot - INFO - Starting trading cycle
2025-04-08 19:58:10,010 - Quantum Trading Bot - INFO - Market is closed, waiting...
2025-04-08 19:58:10,011 - Quantum Trading Bot - INFO - Sleeping for 60 seconds
2025-04-08 19:58:56,540 - Trading System - INFO - Trading Bot is alive: True
2025-04-08 19:58:56,543 - Trading System - INFO - Monitor Bot is alive: True
2025-04-08 19:58:56,543 - Trading System - INFO - Improvement Bot is alive: True
2025-04-08 19:59:10,015 - Quantum Trading Bot - INFO - Starting trading cycle
2025-04-08 19:59:10,017 - Quantum Trading Bot - INFO - Market is closed, waiting...
2025-04-08 19:59:10,017 - Quantum Trading Bot - INFO - Sleeping for 60 seconds
2025-04-08 19:59:56,545 - Trading System - INFO - Trading Bot is alive: True
2025-04-08 19:59:56,547 - Trading System - INFO - Monitor Bot is alive: True
2025-04-08 19:59:56,547 - Trading System - INFO - Improvement Bot is alive: True
2025-04-08 20:00:10,057 - Quantum Trading Bot - INFO - Starting trading cycle
2025-04-08 20:00:10,058 - Quantum Trading Bot - INFO - Market is closed, waiting...
2025-04-08 20:00:10,058 - Quantum Trading Bot - INFO - Sleeping for 60 seconds
2025-04-08 20:00:56,548 - Trading System - INFO - Trading Bot is alive: True
2025-04-08 20:00:56,550 - Trading System - INFO - Monitor Bot is alive: True
2025-04-08 20:00:56,550 - Trading System - INFO - Improvement Bot is alive: True
2025-04-08 20:01:10,069 - Quantum Trading Bot - INFO - Starting trading cycle
2025-04-08 20:01:10,083 - Quantum Trading Bot - INFO - Market is closed, waiting...
2025-04-08 20:01:10,133 - Quantum Trading Bot - INFO - Sleeping for 60 seconds
2025-04-08 20:01:56,552 - Trading System - INFO - Trading Bot is alive: True
2025-04-08 20:01:56,553 - Trading System - INFO - Monitor Bot is alive: True
2025-04-08 20:01:56,554 - Trading System - INFO - Improvement Bot is alive: True
2025-04-08 20:02:10,138 - Quantum Trading Bot - INFO - Starting trading cycle
2025-04-08 20:02:10,142 - Quantum Trading Bot - INFO - Market is closed, waiting...
2025-04-08 20:02:10,142 - Quantum Trading Bot - INFO - Sleeping for 60 seconds
2025-04-08 20:02:56,555 - Trading System - INFO - Trading Bot is alive: True
2025-04-08 20:02:56,556 - Trading System - INFO - Monitor Bot is alive: True
2025-04-08 20:02:56,557 - Trading System - INFO - Improvement Bot is alive: True
2025-04-08 20:03:10,146 - Quantum Trading Bot - INFO - Starting trading cycle
2025-04-08 20:03:10,147 - Quantum Trading Bot - INFO - Market is closed, waiting...
2025-04-08 20:03:10,147 - Quantum Trading Bot - INFO - Sleeping for 60 seconds
2025-04-08 20:03:56,560 - Trading System - INFO - Trading Bot is alive: True
2025-04-08 20:03:56,561 - Trading System - INFO - Monitor Bot is alive: True
2025-04-08 20:03:56,561 - Trading System - INFO - Improvement Bot is alive: True
2025-04-08 20:04:10,148 - Quantum Trading Bot - INFO - Starting trading cycle
2025-04-08 20:04:10,150 - Quantum Trading Bot - INFO - Market is closed, waiting...
2025-04-08 20:04:10,151 - Quantum Trading Bot - INFO - Sleeping for 60 seconds
2025-04-08 20:04:56,562 - Trading System - INFO - Trading Bot is alive: True
2025-04-08 20:04:56,564 - Trading System - INFO - Monitor Bot is alive: True
2025-04-08 20:04:56,564 - Trading System - INFO - Improvement Bot is alive: True
2025-04-08 20:05:10,155 - Quantum Trading Bot - INFO - Starting trading cycle
2025-04-08 20:05:10,156 - Quantum Trading Bot - INFO - Market is closed, waiting...
2025-04-08 20:05:10,156 - Quantum Trading Bot - INFO - Sleeping for 60 seconds
2025-04-08 20:05:56,566 - Trading System - INFO - Trading Bot is alive: True
2025-04-08 20:05:56,567 - Trading System - INFO - Monitor Bot is alive: True
2025-04-08 20:05:56,567 - Trading System - INFO - Improvement Bot is alive: True
2025-04-08 20:06:10,157 - Quantum Trading Bot - INFO - Starting trading cycle
2025-04-08 20:06:10,157 - Quantum Trading Bot - INFO - Market is closed, waiting...
2025-04-08 20:06:10,157 - Quantum Trading Bot - INFO - Sleeping for 60 seconds
2025-04-08 20:06:56,572 - Trading System - INFO - Trading Bot is alive: True
2025-04-08 20:06:56,574 - Trading System - INFO - Monitor Bot is alive: True
2025-04-08 20:06:56,574 - Trading System - INFO - Improvement Bot is alive: True
2025-04-08 20:07:10,157 - Quantum Trading Bot - INFO - Starting trading cycle
2025-04-08 20:07:10,158 - Quantum Trading Bot - INFO - Market is closed, waiting...
2025-04-08 20:07:10,158 - Quantum Trading Bot - INFO - Sleeping for 60 seconds
2025-04-08 20:07:56,577 - Trading System - INFO - Trading Bot is alive: True
2025-04-08 20:07:56,590 - Trading System - INFO - Monitor Bot is alive: True
2025-04-08 20:07:56,590 - Trading System - INFO - Improvement Bot is alive: True
2025-04-08 20:08:10,168 - Quantum Trading Bot - INFO - Starting trading cycle
2025-04-08 20:08:10,173 - Quantum Trading Bot - INFO - Market is closed, waiting...
2025-04-08 20:08:10,173 - Quantum Trading Bot - INFO - Sleeping for 60 seconds
2025-04-08 20:08:56,596 - Trading System - INFO - Trading Bot is alive: True
2025-04-08 20:08:56,598 - Trading System - INFO - Monitor Bot is alive: True
2025-04-08 20:08:56,598 - Trading System - INFO - Improvement Bot is alive: True
2025-04-08 20:09:10,182 - Quantum Trading Bot - INFO - Starting trading cycle
2025-04-08 20:09:10,184 - Quantum Trading Bot - INFO - Market is closed, waiting...
2025-04-08 20:09:10,184 - Quantum Trading Bot - INFO - Sleeping for 60 seconds
2025-04-08 20:09:56,607 - Trading System - INFO - Trading Bot is alive: True
2025-04-08 20:09:56,608 - Trading System - INFO - Monitor Bot is alive: True
2025-04-08 20:09:56,609 - Trading System - INFO - Improvement Bot is alive: True
2025-04-08 20:10:10,193 - Quantum Trading Bot - INFO - Starting trading cycle
2025-04-08 20:10:10,194 - Quantum Trading Bot - INFO - Market is closed, waiting...
2025-04-08 20:10:10,194 - Quantum Trading Bot - INFO - Sleeping for 60 seconds
2025-04-08 20:10:56,619 - Trading System - INFO - Trading Bot is alive: True
2025-04-08 20:10:56,620 - Trading System - INFO - Monitor Bot is alive: True
2025-04-08 20:10:56,620 - Trading System - INFO - Improvement Bot is alive: True
2025-04-08 20:11:10,204 - Quantum Trading Bot - INFO - Starting trading cycle
2025-04-08 20:11:10,206 - Quantum Trading Bot - INFO - Market is closed, waiting...
2025-04-08 20:11:10,206 - Quantum Trading Bot - INFO - Sleeping for 60 seconds
2025-04-08 20:11:56,662 - Trading System - INFO - Trading Bot is alive: True
2025-04-08 20:11:56,663 - Trading System - INFO - Monitor Bot is alive: True
2025-04-08 20:11:56,664 - Trading System - INFO - Improvement Bot is alive: True
2025-04-08 20:12:10,242 - Quantum Trading Bot - INFO - Starting trading cycle
2025-04-08 20:12:10,242 - Quantum Trading Bot - INFO - Market is closed, waiting...
2025-04-08 20:12:10,242 - Quantum Trading Bot - INFO - Sleeping for 60 seconds
2025-04-08 20:16:02,995 - Trading System - INFO - Trading Bot is alive: True
2025-04-08 20:16:02,997 - Trading System - INFO - Monitor Bot is alive: True
2025-04-08 20:16:02,997 - Trading System - INFO - Improvement Bot is alive: True
2025-04-08 20:19:58,155 - Quantum Trading Bot - INFO - Starting trading cycle
2025-04-08 20:19:58,156 - Quantum Trading Bot - INFO - Market is closed, waiting...
2025-04-08 20:19:58,156 - Quantum Trading Bot - INFO - Sleeping for 60 seconds
2025-04-08 20:20:44,585 - Trading System - INFO - Trading Bot is alive: True
2025-04-08 20:20:44,586 - Trading System - INFO - Monitor Bot is alive: True
2025-04-08 20:20:44,586 - Trading System - INFO - Improvement Bot is alive: True
2025-04-08 20:20:58,159 - Quantum Trading Bot - INFO - Starting trading cycle
2025-04-08 20:20:58,160 - Quantum Trading Bot - INFO - Market is closed, waiting...
2025-04-08 20:20:58,160 - Quantum Trading Bot - INFO - Sleeping for 60 seconds
2025-04-08 20:21:44,592 - Trading System - INFO - Trading Bot is alive: True
2025-04-08 20:21:44,593 - Trading System - INFO - Monitor Bot is alive: True
2025-04-08 20:21:44,594 - Trading System - INFO - Improvement Bot is alive: True
2025-04-08 20:21:58,165 - Quantum Trading Bot - INFO - Starting trading cycle
2025-04-08 20:21:58,170 - Quantum Trading Bot - INFO - Market is closed, waiting...
2025-04-08 20:21:58,170 - Quantum Trading Bot - INFO - Sleeping for 60 seconds
2025-04-08 20:22:44,598 - Trading System - INFO - Trading Bot is alive: True
2025-04-08 20:22:44,600 - Trading System - INFO - Monitor Bot is alive: True
2025-04-08 20:22:44,600 - Trading System - INFO - Improvement Bot is alive: True
2025-04-08 20:22:58,175 - Quantum Trading Bot - INFO - Starting trading cycle
2025-04-08 20:22:58,175 - Quantum Trading Bot - INFO - Market is closed, waiting...
2025-04-08 20:22:58,175 - Quantum Trading Bot - INFO - Sleeping for 60 seconds
2025-04-08 20:23:44,602 - Trading System - INFO - Trading Bot is alive: True
2025-04-08 20:23:44,603 - Trading System - INFO - Monitor Bot is alive: True
2025-04-08 20:23:44,603 - Trading System - INFO - Improvement Bot is alive: True
2025-04-08 20:23:58,178 - Quantum Trading Bot - INFO - Starting trading cycle
2025-04-08 20:23:58,179 - Quantum Trading Bot - INFO - Market is closed, waiting...
2025-04-08 20:23:58,179 - Quantum Trading Bot - INFO - Sleeping for 60 seconds
2025-04-08 20:24:44,609 - Trading System - INFO - Trading Bot is alive: True
2025-04-08 20:24:44,611 - Trading System - INFO - Monitor Bot is alive: True
2025-04-08 20:24:44,611 - Trading System - INFO - Improvement Bot is alive: True
2025-04-08 20:24:58,184 - Quantum Trading Bot - INFO - Starting trading cycle
2025-04-08 20:24:58,185 - Quantum Trading Bot - INFO - Market is closed, waiting...
2025-04-08 20:24:58,185 - Quantum Trading Bot - INFO - Sleeping for 60 seconds
2025-04-08 20:25:44,613 - Trading System - INFO - Trading Bot is alive: True
2025-04-08 20:25:44,614 - Trading System - INFO - Monitor Bot is alive: True
2025-04-08 20:25:44,614 - Trading System - INFO - Improvement Bot is alive: True
2025-04-08 20:25:58,190 - Quantum Trading Bot - INFO - Starting trading cycle
2025-04-08 20:25:58,191 - Quantum Trading Bot - INFO - Market is closed, waiting...
2025-04-08 20:25:58,191 - Quantum Trading Bot - INFO - Sleeping for 60 seconds
2025-04-08 20:26:44,617 - Trading System - INFO - Trading Bot is alive: True
2025-04-08 20:26:44,619 - Trading System - INFO - Monitor Bot is alive: True
2025-04-08 20:26:44,619 - Trading System - INFO - Improvement Bot is alive: True
2025-04-08 20:26:58,194 - Quantum Trading Bot - INFO - Starting trading cycle
2025-04-08 20:26:58,195 - Quantum Trading Bot - INFO - Market is closed, waiting...
2025-04-08 20:26:58,195 - Quantum Trading Bot - INFO - Sleeping for 60 seconds
2025-04-08 20:27:44,624 - Trading System - INFO - Trading Bot is alive: True
2025-04-08 20:27:44,625 - Trading System - INFO - Monitor Bot is alive: True
2025-04-08 20:27:44,625 - Trading System - INFO - Improvement Bot is alive: True
2025-04-08 20:27:58,200 - Quantum Trading Bot - INFO - Starting trading cycle
2025-04-08 20:27:58,201 - Quantum Trading Bot - INFO - Market is closed, waiting...
2025-04-08 20:27:58,201 - Quantum Trading Bot - INFO - Sleeping for 60 seconds
2025-04-08 20:28:44,628 - Trading System - INFO - Trading Bot is alive: True
2025-04-08 20:28:44,632 - Trading System - INFO - Monitor Bot is alive: True
2025-04-08 20:28:44,632 - Trading System - INFO - Improvement Bot is alive: True
2025-04-08 20:28:58,207 - Quantum Trading Bot - INFO - Starting trading cycle
2025-04-08 20:28:58,209 - Quantum Trading Bot - INFO - Market is closed, waiting...
2025-04-08 20:28:58,209 - Quantum Trading Bot - INFO - Sleeping for 60 seconds
2025-04-08 20:29:44,635 - Trading System - INFO - Trading Bot is alive: True
2025-04-08 20:29:44,637 - Trading System - INFO - Monitor Bot is alive: True
2025-04-08 20:29:44,637 - Trading System - INFO - Improvement Bot is alive: True
2025-04-08 20:29:58,213 - Quantum Trading Bot - INFO - Starting trading cycle
2025-04-08 20:29:58,215 - Quantum Trading Bot - INFO - Market is closed, waiting...
2025-04-08 20:29:58,215 - Quantum Trading Bot - INFO - Sleeping for 60 seconds
2025-04-08 20:30:44,641 - Trading System - INFO - Trading Bot is alive: True
2025-04-08 20:30:44,642 - Trading System - INFO - Monitor Bot is alive: True
2025-04-08 20:30:44,642 - Trading System - INFO - Improvement Bot is alive: True
2025-04-08 20:30:58,220 - Quantum Trading Bot - INFO - Starting trading cycle
2025-04-08 20:30:58,222 - Quantum Trading Bot - INFO - Market is closed, waiting...
2025-04-08 20:30:58,222 - Quantum Trading Bot - INFO - Sleeping for 60 seconds
2025-04-08 20:31:44,644 - Trading System - INFO - Trading Bot is alive: True
2025-04-08 20:31:44,646 - Trading System - INFO - Monitor Bot is alive: True
2025-04-08 20:31:44,646 - Trading System - INFO - Improvement Bot is alive: True
2025-04-08 20:31:58,227 - Quantum Trading Bot - INFO - Starting trading cycle
2025-04-08 20:31:58,228 - Quantum Trading Bot - INFO - Market is closed, waiting...
2025-04-08 20:31:58,228 - Quantum Trading Bot - INFO - Sleeping for 60 seconds
2025-04-08 20:32:44,648 - Trading System - INFO - Trading Bot is alive: True
2025-04-08 20:32:44,649 - Trading System - INFO - Monitor Bot is alive: True
2025-04-08 20:32:44,649 - Trading System - INFO - Improvement Bot is alive: True
2025-04-08 20:32:58,230 - Quantum Trading Bot - INFO - Starting trading cycle
2025-04-08 20:32:58,230 - Quantum Trading Bot - INFO - Market is closed, waiting...
2025-04-08 20:32:58,231 - Quantum Trading Bot - INFO - Sleeping for 60 seconds
2025-04-08 20:33:44,654 - Trading System - INFO - Trading Bot is alive: True
2025-04-08 20:33:44,656 - Trading System - INFO - Monitor Bot is alive: True
2025-04-08 20:33:44,656 - Trading System - INFO - Improvement Bot is alive: True
2025-04-08 20:33:58,234 - Quantum Trading Bot - INFO - Starting trading cycle
2025-04-08 20:33:58,235 - Quantum Trading Bot - INFO - Market is closed, waiting...
2025-04-08 20:33:58,235 - Quantum Trading Bot - INFO - Sleeping for 60 seconds
2025-04-08 20:34:44,660 - Trading System - INFO - Trading Bot is alive: True
2025-04-08 20:34:44,662 - Trading System - INFO - Monitor Bot is alive: True
2025-04-08 20:34:44,662 - Trading System - INFO - Improvement Bot is alive: True
2025-04-08 20:34:58,236 - Quantum Trading Bot - INFO - Starting trading cycle
2025-04-08 20:34:58,237 - Quantum Trading Bot - INFO - Market is closed, waiting...
2025-04-08 20:34:58,238 - Quantum Trading Bot - INFO - Sleeping for 60 seconds
2025-04-08 20:35:44,665 - Trading System - INFO - Trading Bot is alive: True
2025-04-08 20:35:44,667 - Trading System - INFO - Monitor Bot is alive: True
2025-04-08 20:35:44,667 - Trading System - INFO - Improvement Bot is alive: True
2025-04-08 20:35:58,239 - Quantum Trading Bot - INFO - Starting trading cycle
2025-04-08 20:35:58,240 - Quantum Trading Bot - INFO - Market is closed, waiting...
2025-04-08 20:35:58,240 - Quantum Trading Bot - INFO - Sleeping for 60 seconds
2025-04-08 20:36:44,671 - Trading System - INFO - Trading Bot is alive: True
2025-04-08 20:36:44,672 - Trading System - INFO - Monitor Bot is alive: True
2025-04-08 20:36:44,672 - Trading System - INFO - Improvement Bot is alive: True
2025-04-08 20:36:58,242 - Quantum Trading Bot - INFO - Starting trading cycle
2025-04-08 20:36:58,243 - Quantum Trading Bot - INFO - Market is closed, waiting...
2025-04-08 20:36:58,243 - Quantum Trading Bot - INFO - Sleeping for 60 seconds
2025-04-08 20:37:44,680 - Trading System - INFO - Trading Bot is alive: True
2025-04-08 20:37:44,682 - Trading System - INFO - Monitor Bot is alive: True
2025-04-08 20:37:44,682 - Trading System - INFO - Improvement Bot is alive: True
2025-04-08 20:37:58,245 - Quantum Trading Bot - INFO - Starting trading cycle
2025-04-08 20:37:58,246 - Quantum Trading Bot - INFO - Market is closed, waiting...
2025-04-08 20:37:58,246 - Quantum Trading Bot - INFO - Sleeping for 60 seconds
2025-04-08 20:38:44,685 - Trading System - INFO - Trading Bot is alive: True
2025-04-08 20:38:44,687 - Trading System - INFO - Monitor Bot is alive: True
2025-04-08 20:38:44,687 - Trading System - INFO - Improvement Bot is alive: True
2025-04-08 20:38:58,249 - Quantum Trading Bot - INFO - Starting trading cycle
2025-04-08 20:38:58,249 - Quantum Trading Bot - INFO - Market is closed, waiting...
2025-04-08 20:38:58,250 - Quantum Trading Bot - INFO - Sleeping for 60 seconds
2025-04-08 20:39:44,683 - Trading System - INFO - Trading Bot is alive: True
2025-04-08 20:39:44,685 - Trading System - INFO - Monitor Bot is alive: True
2025-04-08 20:39:44,685 - Trading System - INFO - Improvement Bot is alive: True
2025-04-08 20:39:58,245 - Quantum Trading Bot - INFO - Starting trading cycle
2025-04-08 20:39:58,246 - Quantum Trading Bot - INFO - Market is closed, waiting...
2025-04-08 20:39:58,246 - Quantum Trading Bot - INFO - Sleeping for 60 seconds
2025-04-08 20:40:44,688 - Trading System - INFO - Trading Bot is alive: True
2025-04-08 20:40:44,690 - Trading System - INFO - Monitor Bot is alive: True
2025-04-08 20:40:44,690 - Trading System - INFO - Improvement Bot is alive: True
2025-04-08 20:40:58,248 - Quantum Trading Bot - INFO - Starting trading cycle
2025-04-08 20:40:58,249 - Quantum Trading Bot - INFO - Market is closed, waiting...
2025-04-08 20:40:58,249 - Quantum Trading Bot - INFO - Sleeping for 60 seconds
2025-04-08 20:41:44,695 - Trading System - INFO - Trading Bot is alive: True
2025-04-08 20:41:44,696 - Trading System - INFO - Monitor Bot is alive: True
2025-04-08 20:41:44,696 - Trading System - INFO - Improvement Bot is alive: True
2025-04-08 20:41:58,254 - Quantum Trading Bot - INFO - Starting trading cycle
2025-04-08 20:41:58,255 - Quantum Trading Bot - INFO - Market is closed, waiting...
2025-04-08 20:41:58,255 - Quantum Trading Bot - INFO - Sleeping for 60 seconds
2025-04-08 20:42:44,699 - Trading System - INFO - Trading Bot is alive: True
2025-04-08 20:42:44,702 - Trading System - INFO - Monitor Bot is alive: True
2025-04-08 20:42:44,702 - Trading System - INFO - Improvement Bot is alive: True
2025-04-08 20:42:58,260 - Quantum Trading Bot - INFO - Starting trading cycle
2025-04-08 20:42:58,261 - Quantum Trading Bot - INFO - Market is closed, waiting...
2025-04-08 20:42:58,261 - Quantum Trading Bot - INFO - Sleeping for 60 seconds
2025-04-08 20:43:44,703 - Trading System - INFO - Trading Bot is alive: True
2025-04-08 20:43:44,704 - Trading System - INFO - Monitor Bot is alive: True
2025-04-08 20:43:44,704 - Trading System - INFO - Improvement Bot is alive: True
2025-04-08 20:43:58,262 - Quantum Trading Bot - INFO - Starting trading cycle
2025-04-08 20:43:58,263 - Quantum Trading Bot - INFO - Market is closed, waiting...
2025-04-08 20:43:58,263 - Quantum Trading Bot - INFO - Sleeping for 60 seconds
2025-04-08 20:44:44,705 - Trading System - INFO - Trading Bot is alive: True
2025-04-08 20:44:44,708 - Trading System - INFO - Monitor Bot is alive: True
2025-04-08 20:44:44,708 - Trading System - INFO - Improvement Bot is alive: True
2025-04-08 20:44:58,267 - Quantum Trading Bot - INFO - Starting trading cycle
2025-04-08 20:44:58,269 - Quantum Trading Bot - INFO - Market is closed, waiting...
2025-04-08 20:44:58,269 - Quantum Trading Bot - INFO - Sleeping for 60 seconds
2025-04-08 20:45:44,709 - Trading System - INFO - Trading Bot is alive: True
2025-04-08 20:45:44,711 - Trading System - INFO - Monitor Bot is alive: True
2025-04-08 20:45:44,712 - Trading System - INFO - Improvement Bot is alive: True
2025-04-08 20:45:58,274 - Quantum Trading Bot - INFO - Starting trading cycle
2025-04-08 20:45:58,275 - Quantum Trading Bot - INFO - Market is closed, waiting...
2025-04-08 20:45:58,275 - Quantum Trading Bot - INFO - Sleeping for 60 seconds
2025-04-08 20:46:44,717 - Trading System - INFO - Trading Bot is alive: True
2025-04-08 20:46:44,719 - Trading System - INFO - Monitor Bot is alive: True
2025-04-08 20:46:44,719 - Trading System - INFO - Improvement Bot is alive: True
2025-04-08 20:46:58,279 - Quantum Trading Bot - INFO - Starting trading cycle
2025-04-08 20:46:58,280 - Quantum Trading Bot - INFO - Market is closed, waiting...
2025-04-08 20:46:58,280 - Quantum Trading Bot - INFO - Sleeping for 60 seconds
2025-04-08 20:47:44,720 - Trading System - INFO - Trading Bot is alive: True
2025-04-08 20:47:44,722 - Trading System - INFO - Monitor Bot is alive: True
2025-04-08 20:47:44,722 - Trading System - INFO - Improvement Bot is alive: True
2025-04-08 20:47:58,284 - Quantum Trading Bot - INFO - Starting trading cycle
2025-04-08 20:47:58,286 - Quantum Trading Bot - INFO - Market is closed, waiting...
2025-04-08 20:47:58,286 - Quantum Trading Bot - INFO - Sleeping for 60 seconds
2025-04-08 20:48:42,615 - Improvement Bot - INFO - Running scheduled task: Quantum Error Analysis
2025-04-08 20:48:42,617 - Improvement Bot - INFO - Analyzing quantum error rates
2025-04-08 20:48:42,621 - Improvement Bot - INFO - Quantum error analysis completed: avg error 0.0350, trend -0.0039
2025-04-08 20:48:42,621 - Improvement Bot - INFO - Task Quantum Error Analysis completed successfully
2025-04-08 20:48:42,621 - Improvement Bot - INFO - Running scheduled task: System Health Analysis
2025-04-08 20:48:42,628 - Improvement Bot - INFO - Win rate trend: +0.00%
2025-04-08 20:48:42,628 - Improvement Bot - INFO - Profit trend: +0.00%
2025-04-08 20:48:42,629 - Improvement Bot - INFO - System health analysis completed: healthy
2025-04-08 20:48:42,629 - Improvement Bot - INFO - Task System Health Analysis completed successfully
2025-04-08 20:48:44,727 - Trading System - INFO - Trading Bot is alive: True
2025-04-08 20:48:44,730 - Trading System - INFO - Monitor Bot is alive: True
2025-04-08 20:48:44,730 - Trading System - INFO - Improvement Bot is alive: True
2025-04-08 20:48:58,286 - Quantum Trading Bot - INFO - Starting trading cycle
2025-04-08 20:48:58,287 - Quantum Trading Bot - INFO - Market is closed, waiting...
2025-04-08 20:48:58,287 - Quantum Trading Bot - INFO - Sleeping for 60 seconds
2025-04-08 20:49:44,735 - Trading System - INFO - Trading Bot is alive: True
2025-04-08 20:49:44,737 - Trading System - INFO - Monitor Bot is alive: True
2025-04-08 20:49:44,737 - Trading System - INFO - Improvement Bot is alive: True
2025-04-08 20:49:58,292 - Quantum Trading Bot - INFO - Starting trading cycle
2025-04-08 20:49:58,293 - Quantum Trading Bot - INFO - Market is closed, waiting...
2025-04-08 20:49:58,293 - Quantum Trading Bot - INFO - Sleeping for 60 seconds
2025-04-08 20:50:44,741 - Trading System - INFO - Trading Bot is alive: True
2025-04-08 20:50:44,743 - Trading System - INFO - Monitor Bot is alive: True
2025-04-08 20:50:44,743 - Trading System - INFO - Improvement Bot is alive: True
2025-04-08 20:50:58,294 - Quantum Trading Bot - INFO - Starting trading cycle
2025-04-08 20:50:58,295 - Quantum Trading Bot - INFO - Market is closed, waiting...
2025-04-08 20:50:58,295 - Quantum Trading Bot - INFO - Sleeping for 60 seconds
2025-04-08 20:51:44,748 - Trading System - INFO - Trading Bot is alive: True
2025-04-08 20:51:44,750 - Trading System - INFO - Monitor Bot is alive: True
2025-04-08 20:51:44,750 - Trading System - INFO - Improvement Bot is alive: True
2025-04-08 20:51:45,881 - Monitor Bot - INFO - Running scheduled task: Performance Metrics
2025-04-08 20:51:45,887 - Monitor Bot - INFO - === Performance Metrics ===
2025-04-08 20:51:45,887 - Monitor Bot - INFO - Date: 2025-04-08T15:57:12.030975
2025-04-08 20:51:45,887 - Monitor Bot - INFO - Total Trades: 72
2025-04-08 20:51:45,887 - Monitor Bot - INFO - Win Rate: 55.56%
2025-04-08 20:51:45,888 - Monitor Bot - INFO - Total Profit: $18.27
2025-04-08 20:51:45,888 - Monitor Bot - INFO - Average Profit per Trade: $0.25
2025-04-08 20:51:45,888 - Monitor Bot - INFO - Average Profit Percentage: 0.09%
2025-04-08 20:51:45,888 - Monitor Bot - INFO - Maximum Drawdown: 0.10%
2025-04-08 20:51:45,888 - Monitor Bot - INFO - Quantum Prediction Accuracy: 0.00%
2025-04-08 20:51:45,888 - Monitor Bot - INFO - ============================
2025-04-08 20:51:45,899 - Monitor Bot - INFO - Task Performance Metrics completed successfully
2025-04-08 20:51:58,298 - Quantum Trading Bot - INFO - Starting trading cycle
2025-04-08 20:51:58,299 - Quantum Trading Bot - INFO - Market is closed, waiting...
2025-04-08 20:51:58,299 - Quantum Trading Bot - INFO - Sleeping for 60 seconds
2025-04-08 20:52:44,755 - Trading System - INFO - Trading Bot is alive: True
2025-04-08 20:52:44,757 - Trading System - INFO - Monitor Bot is alive: True
2025-04-08 20:52:44,757 - Trading System - INFO - Improvement Bot is alive: True
2025-04-08 20:52:58,300 - Quantum Trading Bot - INFO - Starting trading cycle
2025-04-08 20:52:58,301 - Quantum Trading Bot - INFO - Market is closed, waiting...
2025-04-08 20:52:58,301 - Quantum Trading Bot - INFO - Sleeping for 60 seconds
2025-04-08 20:53:44,762 - Trading System - INFO - Trading Bot is alive: True
2025-04-08 20:53:44,765 - Trading System - INFO - Monitor Bot is alive: True
2025-04-08 20:53:44,766 - Trading System - INFO - Improvement Bot is alive: True
2025-04-08 20:53:58,306 - Quantum Trading Bot - INFO - Starting trading cycle
2025-04-08 20:53:58,307 - Quantum Trading Bot - INFO - Market is closed, waiting...
2025-04-08 20:53:58,307 - Quantum Trading Bot - INFO - Sleeping for 60 seconds
2025-04-08 20:54:44,770 - Trading System - INFO - Trading Bot is alive: True
2025-04-08 20:54:44,772 - Trading System - INFO - Monitor Bot is alive: True
2025-04-08 20:54:44,773 - Trading System - INFO - Improvement Bot is alive: True
2025-04-08 20:54:58,311 - Quantum Trading Bot - INFO - Starting trading cycle
2025-04-08 20:54:58,312 - Quantum Trading Bot - INFO - Market is closed, waiting...
2025-04-08 20:54:58,312 - Quantum Trading Bot - INFO - Sleeping for 60 seconds
2025-04-08 20:55:44,782 - Trading System - INFO - Trading Bot is alive: True
2025-04-08 20:55:44,783 - Trading System - INFO - Monitor Bot is alive: True
2025-04-08 20:55:44,783 - Trading System - INFO - Improvement Bot is alive: True
2025-04-08 20:55:58,318 - Quantum Trading Bot - INFO - Starting trading cycle
2025-04-08 20:55:58,319 - Quantum Trading Bot - INFO - Market is closed, waiting...
2025-04-08 20:55:58,319 - Quantum Trading Bot - INFO - Sleeping for 60 seconds
2025-04-08 20:56:44,790 - Trading System - INFO - Trading Bot is alive: True
2025-04-08 20:56:44,792 - Trading System - INFO - Monitor Bot is alive: True
2025-04-08 20:56:44,792 - Trading System - INFO - Improvement Bot is alive: True
2025-04-08 20:56:58,327 - Quantum Trading Bot - INFO - Starting trading cycle
2025-04-08 20:56:58,328 - Quantum Trading Bot - INFO - Market is closed, waiting...
2025-04-08 20:56:58,328 - Quantum Trading Bot - INFO - Sleeping for 60 seconds
2025-04-08 20:57:44,798 - Trading System - INFO - Trading Bot is alive: True
2025-04-08 20:57:44,800 - Trading System - INFO - Monitor Bot is alive: True
2025-04-08 20:57:44,800 - Trading System - INFO - Improvement Bot is alive: True
2025-04-08 20:57:58,333 - Quantum Trading Bot - INFO - Starting trading cycle
2025-04-08 20:57:58,333 - Quantum Trading Bot - INFO - Market is closed, waiting...
2025-04-08 20:57:58,333 - Quantum Trading Bot - INFO - Sleeping for 60 seconds
2025-04-08 20:58:44,805 - Trading System - INFO - Trading Bot is alive: True
2025-04-08 20:58:44,807 - Trading System - INFO - Monitor Bot is alive: True
2025-04-08 20:58:44,807 - Trading System - INFO - Improvement Bot is alive: True
2025-04-08 20:58:58,336 - Quantum Trading Bot - INFO - Starting trading cycle
2025-04-08 20:58:58,337 - Quantum Trading Bot - INFO - Market is closed, waiting...
2025-04-08 20:58:58,337 - Quantum Trading Bot - INFO - Sleeping for 60 seconds
2025-04-08 21:00:13,426 - Trading System - INFO - Trading Bot is alive: True
2025-04-08 21:00:13,427 - Trading System - INFO - Monitor Bot is alive: True
2025-04-08 21:00:13,428 - Trading System - INFO - Improvement Bot is alive: True
2025-04-08 21:00:26,949 - Quantum Trading Bot - INFO - Starting trading cycle
2025-04-08 21:00:26,950 - Quantum Trading Bot - INFO - Market is closed, waiting...
2025-04-08 21:00:26,950 - Quantum Trading Bot - INFO - Sleeping for 60 seconds
2025-04-08 21:01:13,420 - Trading System - INFO - Trading Bot is alive: True
2025-04-08 21:01:13,422 - Trading System - INFO - Monitor Bot is alive: True
2025-04-08 21:01:13,422 - Trading System - INFO - Improvement Bot is alive: True
2025-04-08 21:01:26,949 - Quantum Trading Bot - INFO - Starting trading cycle
2025-04-08 21:01:26,950 - Quantum Trading Bot - INFO - Market is closed, waiting...
2025-04-08 21:01:26,950 - Quantum Trading Bot - INFO - Sleeping for 60 seconds
2025-04-08 21:02:13,427 - Trading System - INFO - Trading Bot is alive: True
2025-04-08 21:02:13,429 - Trading System - INFO - Monitor Bot is alive: True
2025-04-08 21:02:13,429 - Trading System - INFO - Improvement Bot is alive: True
2025-04-08 21:02:14,576 - Monitor Bot - INFO - Running scheduled task: Quantum System Health Check
2025-04-08 21:02:14,576 - Monitor Bot - INFO - Monitoring quantum system health
2025-04-08 21:02:14,578 - Monitor Bot - INFO - Average quantum error rate: 0.0355
2025-04-08 21:02:14,581 - Monitor Bot - INFO - Task Quantum System Health Check completed successfully
2025-04-08 21:02:26,955 - Quantum Trading Bot - INFO - Starting trading cycle
2025-04-08 21:02:26,957 - Quantum Trading Bot - INFO - Market is closed, waiting...
2025-04-08 21:02:26,957 - Quantum Trading Bot - INFO - Sleeping for 60 seconds
2025-04-08 21:03:13,429 - Trading System - INFO - Trading Bot is alive: True
2025-04-08 21:03:13,430 - Trading System - INFO - Monitor Bot is alive: True
2025-04-08 21:03:13,431 - Trading System - INFO - Improvement Bot is alive: True
2025-04-08 21:03:26,960 - Quantum Trading Bot - INFO - Starting trading cycle
2025-04-08 21:03:26,961 - Quantum Trading Bot - INFO - Market is closed, waiting...
2025-04-08 21:03:26,961 - Quantum Trading Bot - INFO - Sleeping for 60 seconds
2025-04-08 21:04:13,430 - Trading System - INFO - Trading Bot is alive: True
2025-04-08 21:04:13,431 - Trading System - INFO - Monitor Bot is alive: True
2025-04-08 21:04:13,432 - Trading System - INFO - Improvement Bot is alive: True
2025-04-08 21:04:26,965 - Quantum Trading Bot - INFO - Starting trading cycle
2025-04-08 21:04:26,967 - Quantum Trading Bot - INFO - Market is closed, waiting...
2025-04-08 21:04:26,967 - Quantum Trading Bot - INFO - Sleeping for 60 seconds
2025-04-08 21:05:13,434 - Trading System - INFO - Trading Bot is alive: True
2025-04-08 21:05:13,436 - Trading System - INFO - Monitor Bot is alive: True
2025-04-08 21:05:13,436 - Trading System - INFO - Improvement Bot is alive: True
2025-04-08 21:05:26,968 - Quantum Trading Bot - INFO - Starting trading cycle
2025-04-08 21:05:26,969 - Quantum Trading Bot - INFO - Market is closed, waiting...
2025-04-08 21:05:26,969 - Quantum Trading Bot - INFO - Sleeping for 60 seconds
2025-04-08 21:06:13,439 - Trading System - INFO - Trading Bot is alive: True
2025-04-08 21:06:13,440 - Trading System - INFO - Monitor Bot is alive: True
2025-04-08 21:06:13,440 - Trading System - INFO - Improvement Bot is alive: True
2025-04-08 21:06:26,973 - Quantum Trading Bot - INFO - Starting trading cycle
2025-04-08 21:06:26,975 - Quantum Trading Bot - INFO - Market is closed, waiting...
2025-04-08 21:06:26,975 - Quantum Trading Bot - INFO - Sleeping for 60 seconds
2025-04-08 21:07:13,445 - Trading System - INFO - Trading Bot is alive: True
2025-04-08 21:07:13,447 - Trading System - INFO - Monitor Bot is alive: True
2025-04-08 21:07:13,447 - Trading System - INFO - Improvement Bot is alive: True
2025-04-08 21:07:26,980 - Quantum Trading Bot - INFO - Starting trading cycle
2025-04-08 21:07:26,981 - Quantum Trading Bot - INFO - Market is closed, waiting...
2025-04-08 21:07:26,981 - Quantum Trading Bot - INFO - Sleeping for 60 seconds
2025-04-08 21:08:13,450 - Trading System - INFO - Trading Bot is alive: True
2025-04-08 21:08:13,452 - Trading System - INFO - Monitor Bot is alive: True
2025-04-08 21:08:13,452 - Trading System - INFO - Improvement Bot is alive: True
2025-04-08 21:08:26,983 - Quantum Trading Bot - INFO - Starting trading cycle
2025-04-08 21:08:26,984 - Quantum Trading Bot - INFO - Market is closed, waiting...
2025-04-08 21:08:26,984 - Quantum Trading Bot - INFO - Sleeping for 60 seconds
2025-04-08 21:09:13,455 - Trading System - INFO - Trading Bot is alive: True
2025-04-08 21:09:13,457 - Trading System - INFO - Monitor Bot is alive: True
2025-04-08 21:09:13,458 - Trading System - INFO - Improvement Bot is alive: True
2025-04-08 21:09:26,984 - Quantum Trading Bot - INFO - Starting trading cycle
2025-04-08 21:09:26,985 - Quantum Trading Bot - INFO - Market is closed, waiting...
2025-04-08 21:09:26,986 - Quantum Trading Bot - INFO - Sleeping for 60 seconds
2025-04-08 21:10:13,459 - Trading System - INFO - Trading Bot is alive: True
2025-04-08 21:10:13,460 - Trading System - INFO - Monitor Bot is alive: True
2025-04-08 21:10:13,460 - Trading System - INFO - Improvement Bot is alive: True
2025-04-08 21:10:26,986 - Quantum Trading Bot - INFO - Starting trading cycle
2025-04-08 21:10:26,987 - Quantum Trading Bot - INFO - Market is closed, waiting...
2025-04-08 21:10:26,987 - Quantum Trading Bot - INFO - Sleeping for 60 seconds
2025-04-08 21:11:13,461 - Trading System - INFO - Trading Bot is alive: True
2025-04-08 21:11:13,463 - Trading System - INFO - Monitor Bot is alive: True
2025-04-08 21:11:13,464 - Trading System - INFO - Improvement Bot is alive: True
2025-04-08 21:11:26,992 - Quantum Trading Bot - INFO - Starting trading cycle
2025-04-08 21:11:26,993 - Quantum Trading Bot - INFO - Market is closed, waiting...
2025-04-08 21:11:26,993 - Quantum Trading Bot - INFO - Sleeping for 60 seconds
2025-04-08 21:12:13,467 - Trading System - INFO - Trading Bot is alive: True
2025-04-08 21:12:13,469 - Trading System - INFO - Monitor Bot is alive: True
2025-04-08 21:12:13,469 - Trading System - INFO - Improvement Bot is alive: True
2025-04-08 21:12:26,995 - Quantum Trading Bot - INFO - Starting trading cycle
2025-04-08 21:12:26,996 - Quantum Trading Bot - INFO - Market is closed, waiting...
2025-04-08 21:12:26,996 - Quantum Trading Bot - INFO - Sleeping for 60 seconds
2025-04-08 21:13:13,474 - Trading System - INFO - Trading Bot is alive: True
2025-04-08 21:13:13,476 - Trading System - INFO - Monitor Bot is alive: True
2025-04-08 21:13:13,476 - Trading System - INFO - Improvement Bot is alive: True
2025-04-08 21:13:26,999 - Quantum Trading Bot - INFO - Starting trading cycle
2025-04-08 21:13:27,000 - Quantum Trading Bot - INFO - Market is closed, waiting...
2025-04-08 21:13:27,000 - Quantum Trading Bot - INFO - Sleeping for 60 seconds
2025-04-08 21:14:13,481 - Trading System - INFO - Trading Bot is alive: True
2025-04-08 21:14:13,484 - Trading System - INFO - Monitor Bot is alive: True
2025-04-08 21:14:13,484 - Trading System - INFO - Improvement Bot is alive: True
2025-04-08 21:14:27,001 - Quantum Trading Bot - INFO - Starting trading cycle
2025-04-08 21:14:27,002 - Quantum Trading Bot - INFO - Market is closed, waiting...
2025-04-08 21:14:27,002 - Quantum Trading Bot - INFO - Sleeping for 60 seconds
2025-04-08 21:15:13,486 - Trading System - INFO - Trading Bot is alive: True
2025-04-08 21:15:13,487 - Trading System - INFO - Monitor Bot is alive: True
2025-04-08 21:15:13,487 - Trading System - INFO - Improvement Bot is alive: True
2025-04-08 21:15:27,004 - Quantum Trading Bot - INFO - Starting trading cycle
2025-04-08 21:15:27,005 - Quantum Trading Bot - INFO - Market is closed, waiting...
2025-04-08 21:15:27,005 - Quantum Trading Bot - INFO - Sleeping for 60 seconds
2025-04-08 21:16:13,491 - Trading System - INFO - Trading Bot is alive: True
2025-04-08 21:16:13,502 - Trading System - INFO - Monitor Bot is alive: True
2025-04-08 21:16:13,503 - Trading System - INFO - Improvement Bot is alive: True
2025-04-08 21:16:27,011 - Quantum Trading Bot - INFO - Starting trading cycle
2025-04-08 21:16:27,018 - Quantum Trading Bot - INFO - Market is closed, waiting...
2025-04-08 21:16:27,018 - Quantum Trading Bot - INFO - Sleeping for 60 seconds
2025-04-08 21:17:13,511 - Trading System - INFO - Trading Bot is alive: True
2025-04-08 21:17:13,514 - Trading System - INFO - Monitor Bot is alive: True
2025-04-08 21:17:13,514 - Trading System - INFO - Improvement Bot is alive: True
2025-04-08 21:17:27,025 - Quantum Trading Bot - INFO - Starting trading cycle
2025-04-08 21:17:27,026 - Quantum Trading Bot - INFO - Market is closed, waiting...
2025-04-08 21:17:27,026 - Quantum Trading Bot - INFO - Sleeping for 60 seconds
2025-04-08 21:18:13,521 - Trading System - INFO - Trading Bot is alive: True
2025-04-08 21:18:13,523 - Trading System - INFO - Monitor Bot is alive: True
2025-04-08 21:18:13,523 - Trading System - INFO - Improvement Bot is alive: True
2025-04-08 21:18:27,032 - Quantum Trading Bot - INFO - Starting trading cycle
2025-04-08 21:18:27,033 - Quantum Trading Bot - INFO - Market is closed, waiting...
2025-04-08 21:18:27,033 - Quantum Trading Bot - INFO - Sleeping for 60 seconds
2025-04-08 21:19:13,529 - Trading System - INFO - Trading Bot is alive: True
2025-04-08 21:19:13,530 - Trading System - INFO - Monitor Bot is alive: True
2025-04-08 21:19:13,530 - Trading System - INFO - Improvement Bot is alive: True
2025-04-08 21:19:27,034 - Quantum Trading Bot - INFO - Starting trading cycle
2025-04-08 21:19:27,035 - Quantum Trading Bot - INFO - Market is closed, waiting...
2025-04-08 21:19:27,035 - Quantum Trading Bot - INFO - Sleeping for 60 seconds
2025-04-08 21:20:13,539 - Trading System - INFO - Trading Bot is alive: True
2025-04-08 21:20:13,541 - Trading System - INFO - Monitor Bot is alive: True
2025-04-08 21:20:13,541 - Trading System - INFO - Improvement Bot is alive: True
2025-04-08 21:20:27,044 - Quantum Trading Bot - INFO - Starting trading cycle
2025-04-08 21:20:27,045 - Quantum Trading Bot - INFO - Market is closed, waiting...
2025-04-08 21:20:27,045 - Quantum Trading Bot - INFO - Sleeping for 60 seconds
2025-04-08 21:21:13,805 - Trading System - INFO - Trading Bot is alive: True
2025-04-08 21:21:13,807 - Trading System - INFO - Monitor Bot is alive: True
2025-04-08 21:21:13,807 - Trading System - INFO - Improvement Bot is alive: True
2025-04-08 21:21:27,322 - Quantum Trading Bot - INFO - Starting trading cycle
2025-04-08 21:21:27,324 - Quantum Trading Bot - INFO - Market is closed, waiting...
2025-04-08 21:21:27,324 - Quantum Trading Bot - INFO - Sleeping for 60 seconds
2025-04-08 21:23:34,885 - Trading System - INFO - Trading Bot is alive: True
2025-04-08 21:23:34,887 - Trading System - INFO - Monitor Bot is alive: True
2025-04-08 21:23:34,887 - Trading System - INFO - Improvement Bot is alive: True
2025-04-08 21:23:48,397 - Quantum Trading Bot - INFO - Starting trading cycle
2025-04-08 21:23:48,398 - Quantum Trading Bot - INFO - Market is closed, waiting...
2025-04-08 21:23:48,398 - Quantum Trading Bot - INFO - Sleeping for 60 seconds
2025-04-08 21:24:34,891 - Trading System - INFO - Trading Bot is alive: True
2025-04-08 21:24:34,892 - Trading System - INFO - Monitor Bot is alive: True
2025-04-08 21:24:34,892 - Trading System - INFO - Improvement Bot is alive: True
2025-04-08 21:24:48,404 - Quantum Trading Bot - INFO - Starting trading cycle
2025-04-08 21:24:48,405 - Quantum Trading Bot - INFO - Market is closed, waiting...
2025-04-08 21:24:48,405 - Quantum Trading Bot - INFO - Sleeping for 60 seconds
2025-04-08 21:25:34,897 - Trading System - INFO - Trading Bot is alive: True
2025-04-08 21:25:34,898 - Trading System - INFO - Monitor Bot is alive: True
2025-04-08 21:25:34,898 - Trading System - INFO - Improvement Bot is alive: True
2025-04-08 21:25:48,406 - Quantum Trading Bot - INFO - Starting trading cycle
2025-04-08 21:25:48,407 - Quantum Trading Bot - INFO - Market is closed, waiting...
2025-04-08 21:25:48,407 - Quantum Trading Bot - INFO - Sleeping for 60 seconds
2025-04-08 21:26:34,898 - Trading System - INFO - Trading Bot is alive: True
2025-04-08 21:26:34,900 - Trading System - INFO - Monitor Bot is alive: True
2025-04-08 21:26:34,900 - Trading System - INFO - Improvement Bot is alive: True
2025-04-08 21:26:48,408 - Quantum Trading Bot - INFO - Starting trading cycle
2025-04-08 21:26:48,409 - Quantum Trading Bot - INFO - Market is closed, waiting...
2025-04-08 21:26:48,409 - Quantum Trading Bot - INFO - Sleeping for 60 seconds
2025-04-08 21:27:34,902 - Trading System - INFO - Trading Bot is alive: True
2025-04-08 21:27:34,904 - Trading System - INFO - Monitor Bot is alive: True
2025-04-08 21:27:34,904 - Trading System - INFO - Improvement Bot is alive: True
2025-04-08 21:27:48,410 - Quantum Trading Bot - INFO - Starting trading cycle
2025-04-08 21:27:48,411 - Quantum Trading Bot - INFO - Market is closed, waiting...
2025-04-08 21:27:48,412 - Quantum Trading Bot - INFO - Sleeping for 60 seconds
2025-04-08 21:28:34,911 - Trading System - INFO - Trading Bot is alive: True
2025-04-08 21:28:34,912 - Trading System - INFO - Monitor Bot is alive: True
2025-04-08 21:28:34,912 - Trading System - INFO - Improvement Bot is alive: True
2025-04-08 21:28:48,418 - Quantum Trading Bot - INFO - Starting trading cycle
2025-04-08 21:28:48,421 - Quantum Trading Bot - INFO - Market is closed, waiting...
2025-04-08 21:28:48,422 - Quantum Trading Bot - INFO - Sleeping for 60 seconds
2025-04-08 21:29:34,918 - Trading System - INFO - Trading Bot is alive: True
2025-04-08 21:29:34,921 - Trading System - INFO - Monitor Bot is alive: True
2025-04-08 21:29:34,921 - Trading System - INFO - Improvement Bot is alive: True
2025-04-08 21:29:48,430 - Quantum Trading Bot - INFO - Starting trading cycle
2025-04-08 21:29:48,431 - Quantum Trading Bot - INFO - Market is closed, waiting...
2025-04-08 21:29:48,431 - Quantum Trading Bot - INFO - Sleeping for 60 seconds
2025-04-08 21:30:34,924 - Trading System - INFO - Trading Bot is alive: True
2025-04-08 21:30:34,926 - Trading System - INFO - Monitor Bot is alive: True
2025-04-08 21:30:34,926 - Trading System - INFO - Improvement Bot is alive: True
2025-04-08 21:30:48,440 - Quantum Trading Bot - INFO - Starting trading cycle
2025-04-08 21:30:48,441 - Quantum Trading Bot - INFO - Market is closed, waiting...
2025-04-08 21:30:48,442 - Quantum Trading Bot - INFO - Sleeping for 60 seconds
2025-04-08 21:31:34,931 - Trading System - INFO - Trading Bot is alive: True
2025-04-08 21:31:34,933 - Trading System - INFO - Monitor Bot is alive: True
2025-04-08 21:31:34,933 - Trading System - INFO - Improvement Bot is alive: True
2025-04-08 21:31:48,444 - Quantum Trading Bot - INFO - Starting trading cycle
2025-04-08 21:31:48,445 - Quantum Trading Bot - INFO - Market is closed, waiting...
2025-04-08 21:31:48,445 - Quantum Trading Bot - INFO - Sleeping for 60 seconds
2025-04-08 21:32:34,939 - Trading System - INFO - Trading Bot is alive: True
2025-04-08 21:32:34,940 - Trading System - INFO - Monitor Bot is alive: True
2025-04-08 21:32:34,940 - Trading System - INFO - Improvement Bot is alive: True
2025-04-08 21:32:48,446 - Quantum Trading Bot - INFO - Starting trading cycle
2025-04-08 21:32:48,447 - Quantum Trading Bot - INFO - Market is closed, waiting...
2025-04-08 21:32:48,447 - Quantum Trading Bot - INFO - Sleeping for 60 seconds
2025-04-08 21:33:34,943 - Trading System - INFO - Trading Bot is alive: True
2025-04-08 21:33:34,944 - Trading System - INFO - Monitor Bot is alive: True
2025-04-08 21:33:34,944 - Trading System - INFO - Improvement Bot is alive: True
2025-04-08 21:33:48,454 - Quantum Trading Bot - INFO - Starting trading cycle
2025-04-08 21:33:48,456 - Quantum Trading Bot - INFO - Market is closed, waiting...
2025-04-08 21:33:48,456 - Quantum Trading Bot - INFO - Sleeping for 60 seconds
2025-04-08 21:35:03,302 - Trading System - INFO - Trading Bot is alive: True
2025-04-08 21:35:03,303 - Trading System - INFO - Monitor Bot is alive: True
2025-04-08 21:35:03,304 - Trading System - INFO - Improvement Bot is alive: True
2025-04-08 21:35:16,824 - Quantum Trading Bot - INFO - Starting trading cycle
2025-04-08 21:35:16,825 - Quantum Trading Bot - INFO - Market is closed, waiting...
2025-04-08 21:35:16,826 - Quantum Trading Bot - INFO - Sleeping for 60 seconds
2025-04-08 21:51:19,148 - Trading System - INFO - Trading Bot is alive: True
2025-04-08 21:51:19,150 - Trading System - INFO - Monitor Bot is alive: True
2025-04-08 21:51:19,150 - Trading System - INFO - Improvement Bot is alive: True
2025-04-08 22:07:06,542 - Quantum Trading Bot - INFO - Starting trading cycle
2025-04-08 22:07:06,543 - Quantum Trading Bot - INFO - Market is closed, waiting...
2025-04-08 22:07:06,544 - Quantum Trading Bot - INFO - Sleeping for 60 seconds
2025-04-08 22:16:32,143 - Trading System - INFO - Trading Bot is alive: True
2025-04-08 22:16:32,144 - Trading System - INFO - Monitor Bot is alive: True
2025-04-08 22:16:32,145 - Trading System - INFO - Improvement Bot is alive: True
2025-04-08 22:16:33,339 - Monitor Bot - INFO - Running scheduled task: Performance Metrics
2025-04-08 22:16:33,344 - Monitor Bot - INFO - === Performance Metrics ===
2025-04-08 22:16:33,345 - Monitor Bot - INFO - Date: 2025-04-08T15:57:12.030975
2025-04-08 22:16:33,345 - Monitor Bot - INFO - Total Trades: 72
2025-04-08 22:16:33,345 - Monitor Bot - INFO - Win Rate: 55.56%
2025-04-08 22:16:33,345 - Monitor Bot - INFO - Total Profit: $18.27
2025-04-08 22:16:33,345 - Monitor Bot - INFO - Average Profit per Trade: $0.25
2025-04-08 22:16:33,345 - Monitor Bot - INFO - Average Profit Percentage: 0.09%
2025-04-08 22:16:33,345 - Monitor Bot - INFO - Maximum Drawdown: 0.10%
2025-04-08 22:16:33,345 - Monitor Bot - INFO - Quantum Prediction Accuracy: 0.00%
2025-04-08 22:16:33,345 - Monitor Bot - INFO - ============================
2025-04-08 22:16:33,358 - Monitor Bot - INFO - Task Performance Metrics completed successfully
2025-04-08 22:16:45,669 - Quantum Trading Bot - INFO - Starting trading cycle
2025-04-08 22:16:45,670 - Quantum Trading Bot - INFO - Market is closed, waiting...
2025-04-08 22:16:45,671 - Quantum Trading Bot - INFO - Sleeping for 60 seconds
2025-04-08 22:33:41,873 - Trading System - INFO - Trading Bot is alive: True
2025-04-08 22:33:41,874 - Trading System - INFO - Monitor Bot is alive: True
2025-04-08 22:33:41,875 - Trading System - INFO - Improvement Bot is alive: True
2025-04-08 22:33:55,390 - Quantum Trading Bot - INFO - Starting trading cycle
2025-04-08 22:33:55,392 - Quantum Trading Bot - INFO - Market is closed, waiting...
2025-04-08 22:33:55,392 - Quantum Trading Bot - INFO - Sleeping for 60 seconds
2025-04-08 22:50:37,936 - Trading System - INFO - Trading Bot is alive: True
2025-04-08 22:50:37,937 - Trading System - INFO - Monitor Bot is alive: True
2025-04-08 22:50:37,937 - Trading System - INFO - Improvement Bot is alive: True
2025-04-08 22:50:51,459 - Quantum Trading Bot - INFO - Starting trading cycle
2025-04-08 22:50:51,459 - Quantum Trading Bot - INFO - Market is closed, waiting...
2025-04-08 22:50:51,459 - Quantum Trading Bot - INFO - Sleeping for 60 seconds
2025-04-08 23:01:19,150 - Trading System - INFO - Trading Bot is alive: True
2025-04-08 23:01:19,152 - Trading System - INFO - Monitor Bot is alive: True
2025-04-08 23:01:19,152 - Trading System - INFO - Improvement Bot is alive: True
2025-04-08 23:17:47,459 - Quantum Trading Bot - INFO - Starting trading cycle
2025-04-08 23:17:47,460 - Quantum Trading Bot - INFO - Market is closed, waiting...
2025-04-08 23:17:47,461 - Quantum Trading Bot - INFO - Sleeping for 60 seconds
2025-04-08 23:29:45,838 - Trading System - INFO - Trading Bot is alive: True
2025-04-08 23:29:45,840 - Trading System - INFO - Monitor Bot is alive: True
2025-04-08 23:29:45,840 - Trading System - INFO - Improvement Bot is alive: True
2025-04-08 23:29:47,054 - Monitor Bot - INFO - Running scheduled task: Performance Metrics
2025-04-08 23:29:47,060 - Monitor Bot - INFO - === Performance Metrics ===
2025-04-08 23:29:47,060 - Monitor Bot - INFO - Date: 2025-04-08T15:57:12.030975
2025-04-08 23:29:47,060 - Monitor Bot - INFO - Total Trades: 72
2025-04-08 23:29:47,060 - Monitor Bot - INFO - Win Rate: 55.56%
2025-04-08 23:29:47,060 - Monitor Bot - INFO - Total Profit: $18.27
2025-04-08 23:29:47,060 - Monitor Bot - INFO - Average Profit per Trade: $0.25
2025-04-08 23:29:47,060 - Monitor Bot - INFO - Average Profit Percentage: 0.09%
2025-04-08 23:29:47,061 - Monitor Bot - INFO - Maximum Drawdown: 0.10%
2025-04-08 23:29:47,061 - Monitor Bot - INFO - Quantum Prediction Accuracy: 0.00%
2025-04-08 23:29:47,061 - Monitor Bot - INFO - ============================
2025-04-08 23:29:47,068 - Monitor Bot - INFO - Task Performance Metrics completed successfully
2025-04-08 23:29:59,362 - Quantum Trading Bot - INFO - Starting trading cycle
2025-04-08 23:29:59,363 - Quantum Trading Bot - INFO - Market is closed, waiting...
2025-04-08 23:29:59,363 - Quantum Trading Bot - INFO - Sleeping for 60 seconds
2025-04-08 23:46:47,804 - Trading System - INFO - Trading Bot is alive: True
2025-04-08 23:46:47,805 - Trading System - INFO - Monitor Bot is alive: True
2025-04-08 23:46:47,806 - Trading System - INFO - Improvement Bot is alive: True
2025-04-08 23:47:01,329 - Quantum Trading Bot - INFO - Starting trading cycle
2025-04-08 23:47:01,330 - Quantum Trading Bot - INFO - Market is closed, waiting...
2025-04-08 23:47:01,330 - Quantum Trading Bot - INFO - Sleeping for 60 seconds
2025-04-09 00:04:05,577 - Trading System - INFO - Trading Bot is alive: True
2025-04-09 00:04:05,577 - Trading System - INFO - Monitor Bot is alive: True
2025-04-09 00:04:05,577 - Trading System - INFO - Improvement Bot is alive: True
2025-04-09 00:04:06,806 - Monitor Bot - INFO - Running scheduled task: Quantum System Health Check
2025-04-09 00:04:06,806 - Monitor Bot - INFO - Monitoring quantum system health
2025-04-09 00:04:06,807 - Monitor Bot - INFO - Average quantum error rate: 0.0355
2025-04-09 00:04:06,809 - Monitor Bot - INFO - Task Quantum System Health Check completed successfully
2025-04-09 00:04:19,093 - Quantum Trading Bot - INFO - Starting trading cycle
2025-04-09 00:04:19,094 - Quantum Trading Bot - INFO - Market is closed, waiting...
2025-04-09 00:04:19,094 - Quantum Trading Bot - INFO - Sleeping for 60 seconds
2025-04-09 00:05:05,585 - Trading System - INFO - Trading Bot is alive: True
2025-04-09 00:05:05,586 - Trading System - INFO - Monitor Bot is alive: True
2025-04-09 00:05:05,586 - Trading System - INFO - Improvement Bot is alive: True
2025-04-09 00:05:19,098 - Quantum Trading Bot - INFO - Starting trading cycle
2025-04-09 00:05:19,099 - Quantum Trading Bot - INFO - Market is closed, waiting...
2025-04-09 00:05:19,099 - Quantum Trading Bot - INFO - Sleeping for 60 seconds
2025-04-09 00:06:05,593 - Trading System - INFO - Trading Bot is alive: True
2025-04-09 00:06:05,595 - Trading System - INFO - Monitor Bot is alive: True
2025-04-09 00:06:05,596 - Trading System - INFO - Improvement Bot is alive: True
2025-04-09 00:23:06,957 - Quantum Trading Bot - INFO - Starting trading cycle
2025-04-09 00:23:06,958 - Quantum Trading Bot - INFO - Market is closed, waiting...
2025-04-09 00:23:06,958 - Quantum Trading Bot - INFO - Sleeping for 60 seconds
2025-04-09 00:30:38,379 - Trading System - INFO - Trading Bot is alive: True
2025-04-09 00:30:38,379 - Trading System - INFO - Monitor Bot is alive: True
2025-04-09 00:30:38,379 - Trading System - INFO - Improvement Bot is alive: True
2025-04-09 00:30:39,610 - Monitor Bot - INFO - Running scheduled task: Performance Metrics
2025-04-09 00:30:39,615 - Monitor Bot - INFO - === Performance Metrics ===
2025-04-09 00:30:39,615 - Monitor Bot - INFO - Date: 2025-04-08T15:57:12.030975
2025-04-09 00:30:39,615 - Monitor Bot - INFO - Total Trades: 72
2025-04-09 00:30:39,616 - Monitor Bot - INFO - Win Rate: 55.56%
2025-04-09 00:30:39,616 - Monitor Bot - INFO - Total Profit: $18.27
2025-04-09 00:30:39,616 - Monitor Bot - INFO - Average Profit per Trade: $0.25
2025-04-09 00:30:39,616 - Monitor Bot - INFO - Average Profit Percentage: 0.09%
2025-04-09 00:30:39,616 - Monitor Bot - INFO - Maximum Drawdown: 0.10%
2025-04-09 00:30:39,616 - Monitor Bot - INFO - Quantum Prediction Accuracy: 0.00%
2025-04-09 00:30:39,616 - Monitor Bot - INFO - ============================
2025-04-09 00:30:39,624 - Monitor Bot - INFO - Task Performance Metrics completed successfully
2025-04-09 00:30:51,894 - Quantum Trading Bot - INFO - Starting trading cycle
2025-04-09 00:30:51,895 - Quantum Trading Bot - INFO - Market is closed, waiting...
2025-04-09 00:30:51,895 - Quantum Trading Bot - INFO - Sleeping for 60 seconds
2025-04-09 00:48:09,399 - Trading System - INFO - Trading Bot is alive: True
2025-04-09 00:48:09,400 - Trading System - INFO - Monitor Bot is alive: True
2025-04-09 00:48:09,400 - Trading System - INFO - Improvement Bot is alive: True
2025-04-09 00:48:22,930 - Quantum Trading Bot - INFO - Starting trading cycle
2025-04-09 00:48:22,932 - Quantum Trading Bot - INFO - Market is closed, waiting...
2025-04-09 00:48:22,932 - Quantum Trading Bot - INFO - Sleeping for 60 seconds
2025-04-09 01:04:35,031 - Trading System - INFO - Trading Bot is alive: True
2025-04-09 01:04:35,033 - Trading System - INFO - Monitor Bot is alive: True
2025-04-09 01:04:35,033 - Trading System - INFO - Improvement Bot is alive: True
2025-04-09 01:04:48,557 - Quantum Trading Bot - INFO - Starting trading cycle
2025-04-09 01:04:48,562 - Quantum Trading Bot - INFO - Market is closed, waiting...
2025-04-09 01:04:48,562 - Quantum Trading Bot - INFO - Sleeping for 60 seconds
2025-04-09 01:05:35,046 - Trading System - INFO - Trading Bot is alive: True
2025-04-09 01:05:35,047 - Trading System - INFO - Monitor Bot is alive: True
2025-04-09 01:05:35,047 - Trading System - INFO - Improvement Bot is alive: True
2025-04-09 01:05:48,569 - Quantum Trading Bot - INFO - Starting trading cycle
2025-04-09 01:05:48,569 - Quantum Trading Bot - INFO - Market is closed, waiting...
2025-04-09 01:05:48,570 - Quantum Trading Bot - INFO - Sleeping for 60 seconds
2025-04-09 01:21:59,988 - Trading System - INFO - Trading Bot is alive: True
2025-04-09 01:21:59,989 - Trading System - INFO - Monitor Bot is alive: True
2025-04-09 01:21:59,989 - Trading System - INFO - Improvement Bot is alive: True
2025-04-09 01:22:13,508 - Quantum Trading Bot - INFO - Starting trading cycle
2025-04-09 01:22:13,509 - Quantum Trading Bot - INFO - Market is closed, waiting...
2025-04-09 01:22:13,509 - Quantum Trading Bot - INFO - Sleeping for 60 seconds
2025-04-09 01:32:08,366 - Improvement Bot - INFO - Running scheduled task: Code Quality Check - Trading Bot
2025-04-09 01:32:08,371 - Improvement Bot - INFO - Found 2 issues in trading_bot
2025-04-09 01:32:08,372 - Improvement Bot - INFO - Task Code Quality Check - Trading Bot completed successfully
2025-04-09 01:32:08,372 - Improvement Bot - INFO - Running scheduled task: Code Quality Check - Monitor Bot
2025-04-09 01:32:08,374 - Improvement Bot - INFO - No issues found in monitor_bot
2025-04-09 01:32:08,374 - Improvement Bot - WARNING - Task Code Quality Check - Monitor Bot completed with warnings
2025-04-09 01:32:08,374 - Improvement Bot - INFO - Running scheduled task: Code Quality Check - Improvement Bot
2025-04-09 01:32:08,377 - Improvement Bot - INFO - Found 6 issues in improvement_bot
2025-04-09 01:32:08,377 - Improvement Bot - INFO - Task Code Quality Check - Improvement Bot completed successfully
2025-04-09 01:32:08,377 - Improvement Bot - INFO - Running scheduled task: System Health Analysis
2025-04-09 01:32:08,382 - Improvement Bot - INFO - Win rate trend: +0.00%
2025-04-09 01:32:08,382 - Improvement Bot - INFO - Profit trend: +0.00%
2025-04-09 01:32:08,383 - Improvement Bot - INFO - System health analysis completed: healthy
2025-04-09 01:32:08,383 - Improvement Bot - INFO - Task System Health Analysis completed successfully
2025-04-09 01:32:10,912 - Trading System - INFO - Trading Bot is alive: True
2025-04-09 01:32:10,913 - Trading System - INFO - Monitor Bot is alive: True
2025-04-09 01:32:10,913 - Trading System - INFO - Improvement Bot is alive: True
2025-04-09 01:32:12,157 - Monitor Bot - INFO - Running scheduled task: Performance Metrics
2025-04-09 01:32:12,162 - Monitor Bot - INFO - === Performance Metrics ===
2025-04-09 01:32:12,162 - Monitor Bot - INFO - Date: 2025-04-08T15:57:12.030975
2025-04-09 01:32:12,162 - Monitor Bot - INFO - Total Trades: 72
2025-04-09 01:32:12,162 - Monitor Bot - INFO - Win Rate: 55.56%
2025-04-09 01:32:12,162 - Monitor Bot - INFO - Total Profit: $18.27
2025-04-09 01:32:12,162 - Monitor Bot - INFO - Average Profit per Trade: $0.25
2025-04-09 01:32:12,163 - Monitor Bot - INFO - Average Profit Percentage: 0.09%
2025-04-09 01:32:12,163 - Monitor Bot - INFO - Maximum Drawdown: 0.10%
2025-04-09 01:32:12,163 - Monitor Bot - INFO - Quantum Prediction Accuracy: 0.00%
2025-04-09 01:32:12,163 - Monitor Bot - INFO - ============================
2025-04-09 01:32:12,170 - Monitor Bot - INFO - Task Performance Metrics completed successfully
2025-04-09 01:49:20,359 - Quantum Trading Bot - INFO - Starting trading cycle
2025-04-09 01:49:20,360 - Quantum Trading Bot - INFO - Market is closed, waiting...
2025-04-09 01:49:20,360 - Quantum Trading Bot - INFO - Sleeping for 60 seconds
2025-04-09 01:50:06,880 - Trading System - INFO - Trading Bot is alive: True
2025-04-09 01:50:06,883 - Trading System - INFO - Monitor Bot is alive: True
2025-04-09 01:50:06,883 - Trading System - INFO - Improvement Bot is alive: True
2025-04-09 01:50:20,397 - Quantum Trading Bot - INFO - Starting trading cycle
2025-04-09 01:50:20,397 - Quantum Trading Bot - INFO - Market is closed, waiting...
2025-04-09 01:50:20,398 - Quantum Trading Bot - INFO - Sleeping for 60 seconds
2025-04-09 01:51:06,886 - Trading System - INFO - Trading Bot is alive: True
2025-04-09 01:51:06,887 - Trading System - INFO - Monitor Bot is alive: True
2025-04-09 01:51:06,887 - Trading System - INFO - Improvement Bot is alive: True
2025-04-09 01:51:20,405 - Quantum Trading Bot - INFO - Starting trading cycle
2025-04-09 01:51:20,405 - Quantum Trading Bot - INFO - Market is closed, waiting...
2025-04-09 01:51:20,405 - Quantum Trading Bot - INFO - Sleeping for 60 seconds
2025-04-09 01:52:06,895 - Trading System - INFO - Trading Bot is alive: True
2025-04-09 01:52:06,896 - Trading System - INFO - Monitor Bot is alive: True
2025-04-09 01:52:06,896 - Trading System - INFO - Improvement Bot is alive: True
2025-04-09 01:52:20,416 - Quantum Trading Bot - INFO - Starting trading cycle
2025-04-09 01:52:20,417 - Quantum Trading Bot - INFO - Market is closed, waiting...
2025-04-09 01:52:20,417 - Quantum Trading Bot - INFO - Sleeping for 60 seconds
2025-04-09 02:08:29,787 - Trading System - INFO - Trading Bot is alive: True
2025-04-09 02:08:29,787 - Trading System - INFO - Monitor Bot is alive: True
2025-04-09 02:08:29,787 - Trading System - INFO - Improvement Bot is alive: True
2025-04-09 02:08:43,307 - Quantum Trading Bot - INFO - Starting trading cycle
2025-04-09 02:08:43,308 - Quantum Trading Bot - INFO - Market is closed, waiting...
2025-04-09 02:08:43,309 - Quantum Trading Bot - INFO - Sleeping for 60 seconds
2025-04-09 02:24:49,726 - Trading System - INFO - Trading Bot is alive: True
2025-04-09 02:24:49,727 - Trading System - INFO - Monitor Bot is alive: True
2025-04-09 02:24:49,727 - Trading System - INFO - Improvement Bot is alive: True
2025-04-09 02:32:46,172 - Quantum Trading Bot - INFO - Starting trading cycle
2025-04-09 02:32:46,173 - Quantum Trading Bot - INFO - Market is closed, waiting...
2025-04-09 02:32:46,174 - Quantum Trading Bot - INFO - Sleeping for 60 seconds
2025-04-09 02:49:04,576 - Trading System - INFO - Trading Bot is alive: True
2025-04-09 02:49:04,577 - Trading System - INFO - Monitor Bot is alive: True
2025-04-09 02:49:04,577 - Trading System - INFO - Improvement Bot is alive: True
2025-04-09 02:49:05,841 - Monitor Bot - INFO - Running scheduled task: Performance Metrics
2025-04-09 02:49:05,847 - Monitor Bot - INFO - === Performance Metrics ===
2025-04-09 02:49:05,847 - Monitor Bot - INFO - Date: 2025-04-08T15:57:12.030975
2025-04-09 02:49:05,847 - Monitor Bot - INFO - Total Trades: 72
2025-04-09 02:49:05,847 - Monitor Bot - INFO - Win Rate: 55.56%
2025-04-09 02:49:05,847 - Monitor Bot - INFO - Total Profit: $18.27
2025-04-09 02:49:05,847 - Monitor Bot - INFO - Average Profit per Trade: $0.25
2025-04-09 02:49:05,847 - Monitor Bot - INFO - Average Profit Percentage: 0.09%
2025-04-09 02:49:05,847 - Monitor Bot - INFO - Maximum Drawdown: 0.10%
2025-04-09 02:49:05,847 - Monitor Bot - INFO - Quantum Prediction Accuracy: 0.00%
2025-04-09 02:49:05,848 - Monitor Bot - INFO - ============================
2025-04-09 02:49:05,865 - Monitor Bot - INFO - Task Performance Metrics completed successfully
2025-04-09 02:49:18,114 - Quantum Trading Bot - INFO - Starting trading cycle
2025-04-09 02:49:18,116 - Quantum Trading Bot - INFO - Market is closed, waiting...
2025-04-09 02:49:18,116 - Quantum Trading Bot - INFO - Sleeping for 60 seconds
2025-04-09 03:05:04,455 - Trading System - INFO - Trading Bot is alive: True
2025-04-09 03:05:04,456 - Trading System - INFO - Monitor Bot is alive: True
2025-04-09 03:05:04,456 - Trading System - INFO - Improvement Bot is alive: True
2025-04-09 03:05:05,743 - Monitor Bot - INFO - Running scheduled task: Quantum System Health Check
2025-04-09 03:05:05,744 - Monitor Bot - INFO - Monitoring quantum system health
2025-04-09 03:05:05,750 - Monitor Bot - INFO - Average quantum error rate: 0.0355
2025-04-09 03:05:05,753 - Monitor Bot - INFO - Task Quantum System Health Check completed successfully
2025-04-09 03:05:17,980 - Quantum Trading Bot - INFO - Starting trading cycle
2025-04-09 03:05:17,981 - Quantum Trading Bot - INFO - Market is closed, waiting...
2025-04-09 03:05:17,981 - Quantum Trading Bot - INFO - Sleeping for 60 seconds
2025-04-09 03:21:12,398 - Trading System - INFO - Trading Bot is alive: True
2025-04-09 03:21:12,400 - Trading System - INFO - Monitor Bot is alive: True
2025-04-09 03:21:12,400 - Trading System - INFO - Improvement Bot is alive: True
2025-04-09 03:33:37,504 - Quantum Trading Bot - INFO - Starting trading cycle
2025-04-09 03:33:37,505 - Quantum Trading Bot - INFO - Market is closed, waiting...
2025-04-09 03:33:37,505 - Quantum Trading Bot - INFO - Sleeping for 60 seconds
2025-04-09 03:34:23,983 - Trading System - INFO - Trading Bot is alive: True
2025-04-09 03:34:23,985 - Trading System - INFO - Monitor Bot is alive: True
2025-04-09 03:34:23,985 - Trading System - INFO - Improvement Bot is alive: True
2025-04-09 03:34:37,511 - Quantum Trading Bot - INFO - Starting trading cycle
2025-04-09 03:34:37,511 - Quantum Trading Bot - INFO - Market is closed, waiting...
2025-04-09 03:34:37,511 - Quantum Trading Bot - INFO - Sleeping for 60 seconds
2025-04-09 03:52:55,876 - Trading System - INFO - Trading Bot is alive: True
2025-04-09 03:52:55,877 - Trading System - INFO - Monitor Bot is alive: True
2025-04-09 03:52:55,877 - Trading System - INFO - Improvement Bot is alive: True
2025-04-09 04:08:06,120 - Monitor Bot - INFO - Running scheduled task: Performance Metrics
2025-04-09 04:08:06,125 - Monitor Bot - INFO - === Performance Metrics ===
2025-04-09 04:08:06,125 - Monitor Bot - INFO - Date: 2025-04-08T15:57:12.030975
2025-04-09 04:08:06,125 - Monitor Bot - INFO - Total Trades: 72
2025-04-09 04:08:06,125 - Monitor Bot - INFO - Win Rate: 55.56%
2025-04-09 04:08:06,125 - Monitor Bot - INFO - Total Profit: $18.27
2025-04-09 04:08:06,125 - Monitor Bot - INFO - Average Profit per Trade: $0.25
2025-04-09 04:08:06,125 - Monitor Bot - INFO - Average Profit Percentage: 0.09%
2025-04-09 04:08:06,125 - Monitor Bot - INFO - Maximum Drawdown: 0.10%
2025-04-09 04:08:06,125 - Monitor Bot - INFO - Quantum Prediction Accuracy: 0.00%
2025-04-09 04:08:06,125 - Monitor Bot - INFO - ============================
2025-04-09 04:08:06,141 - Monitor Bot - INFO - Task Performance Metrics completed successfully
2025-04-09 04:08:18,350 - Quantum Trading Bot - INFO - Starting trading cycle
2025-04-09 04:08:18,352 - Quantum Trading Bot - INFO - Market is closed, waiting...
2025-04-09 04:08:18,352 - Quantum Trading Bot - INFO - Sleeping for 60 seconds
2025-04-09 04:24:28,758 - Trading System - INFO - Trading Bot is alive: True
2025-04-09 04:24:28,759 - Trading System - INFO - Monitor Bot is alive: True
2025-04-09 04:24:28,759 - Trading System - INFO - Improvement Bot is alive: True
2025-04-09 04:24:42,287 - Quantum Trading Bot - INFO - Starting trading cycle
2025-04-09 04:24:42,288 - Quantum Trading Bot - INFO - Market is closed, waiting...
2025-04-09 04:24:42,288 - Quantum Trading Bot - INFO - Sleeping for 60 seconds
2025-04-09 04:35:00,711 - Trading System - INFO - Trading Bot is alive: True
2025-04-09 04:35:00,713 - Trading System - INFO - Monitor Bot is alive: True
2025-04-09 04:35:00,713 - Trading System - INFO - Improvement Bot is alive: True
2025-04-09 04:35:14,241 - Quantum Trading Bot - INFO - Starting trading cycle
2025-04-09 04:35:14,244 - Quantum Trading Bot - INFO - Market is closed, waiting...
2025-04-09 04:35:14,244 - Quantum Trading Bot - INFO - Sleeping for 60 seconds
2025-04-09 04:51:16,571 - Trading System - INFO - Trading Bot is alive: True
2025-04-09 04:51:16,573 - Trading System - INFO - Monitor Bot is alive: True
2025-04-09 04:51:16,573 - Trading System - INFO - Improvement Bot is alive: True
2025-04-09 04:51:30,098 - Quantum Trading Bot - INFO - Starting trading cycle
2025-04-09 04:51:30,099 - Quantum Trading Bot - INFO - Market is closed, waiting...
2025-04-09 04:51:30,099 - Quantum Trading Bot - INFO - Sleeping for 60 seconds
2025-04-09 05:08:21,522 - Trading System - INFO - Trading Bot is alive: True
2025-04-09 05:08:21,524 - Trading System - INFO - Monitor Bot is alive: True
2025-04-09 05:08:21,524 - Trading System - INFO - Improvement Bot is alive: True
2025-04-09 05:08:22,847 - Monitor Bot - INFO - Running scheduled task: Performance Metrics
2025-04-09 05:08:22,854 - Monitor Bot - INFO - === Performance Metrics ===
2025-04-09 05:08:22,854 - Monitor Bot - INFO - Date: 2025-04-08T15:57:12.030975
2025-04-09 05:08:22,854 - Monitor Bot - INFO - Total Trades: 72
2025-04-09 05:08:22,854 - Monitor Bot - INFO - Win Rate: 55.56%
2025-04-09 05:08:22,854 - Monitor Bot - INFO - Total Profit: $18.27
2025-04-09 05:08:22,854 - Monitor Bot - INFO - Average Profit per Trade: $0.25
2025-04-09 05:08:22,854 - Monitor Bot - INFO - Average Profit Percentage: 0.09%
2025-04-09 05:08:22,854 - Monitor Bot - INFO - Maximum Drawdown: 0.10%
2025-04-09 05:08:22,855 - Monitor Bot - INFO - Quantum Prediction Accuracy: 0.00%
2025-04-09 05:08:22,855 - Monitor Bot - INFO - ============================
2025-04-09 05:08:22,865 - Monitor Bot - INFO - Task Performance Metrics completed successfully
2025-04-09 05:23:55,025 - Quantum Trading Bot - INFO - Starting trading cycle
2025-04-09 05:23:55,026 - Quantum Trading Bot - INFO - Market is closed, waiting...
2025-04-09 05:23:55,026 - Quantum Trading Bot - INFO - Sleeping for 60 seconds
2025-04-09 05:35:36,447 - Trading System - INFO - Trading Bot is alive: True
2025-04-09 05:35:36,448 - Trading System - INFO - Monitor Bot is alive: True
2025-04-09 05:35:36,448 - Trading System - INFO - Improvement Bot is alive: True
2025-04-09 05:35:49,984 - Quantum Trading Bot - INFO - Starting trading cycle
2025-04-09 05:35:49,986 - Quantum Trading Bot - INFO - Market is closed, waiting...
2025-04-09 05:35:49,986 - Quantum Trading Bot - INFO - Sleeping for 60 seconds
2025-04-09 05:36:36,450 - Trading System - INFO - Trading Bot is alive: True
2025-04-09 05:36:36,451 - Trading System - INFO - Monitor Bot is alive: True
2025-04-09 05:36:36,451 - Trading System - INFO - Improvement Bot is alive: True
2025-04-09 05:53:09,615 - Quantum Trading Bot - INFO - Starting trading cycle
2025-04-09 05:53:09,616 - Quantum Trading Bot - INFO - Market is closed, waiting...
2025-04-09 05:53:09,616 - Quantum Trading Bot - INFO - Sleeping for 60 seconds
2025-04-09 06:10:33,070 - Trading System - INFO - Trading Bot is alive: True
2025-04-09 06:10:33,070 - Trading System - INFO - Monitor Bot is alive: True
2025-04-09 06:10:33,071 - Trading System - INFO - Improvement Bot is alive: True
2025-04-09 06:10:34,414 - Monitor Bot - INFO - Running scheduled task: Quantum System Health Check
2025-04-09 06:10:34,415 - Monitor Bot - INFO - Monitoring quantum system health
2025-04-09 06:10:34,416 - Monitor Bot - INFO - Average quantum error rate: 0.0355
2025-04-09 06:10:34,418 - Monitor Bot - INFO - Task Quantum System Health Check completed successfully
2025-04-09 06:10:34,418 - Monitor Bot - INFO - Running scheduled task: Performance Metrics
2025-04-09 06:10:34,423 - Monitor Bot - INFO - === Performance Metrics ===
2025-04-09 06:10:34,423 - Monitor Bot - INFO - Date: 2025-04-08T15:57:12.030975
2025-04-09 06:10:34,423 - Monitor Bot - INFO - Total Trades: 72
2025-04-09 06:10:34,423 - Monitor Bot - INFO - Win Rate: 55.56%
2025-04-09 06:10:34,423 - Monitor Bot - INFO - Total Profit: $18.27
2025-04-09 06:10:34,423 - Monitor Bot - INFO - Average Profit per Trade: $0.25
2025-04-09 06:10:34,423 - Monitor Bot - INFO - Average Profit Percentage: 0.09%
2025-04-09 06:10:34,423 - Monitor Bot - INFO - Maximum Drawdown: 0.10%
2025-04-09 06:10:34,423 - Monitor Bot - INFO - Quantum Prediction Accuracy: 0.00%
2025-04-09 06:10:34,423 - Monitor Bot - INFO - ============================
2025-04-09 06:10:34,430 - Monitor Bot - INFO - Task Performance Metrics completed successfully
2025-04-09 06:10:46,610 - Quantum Trading Bot - INFO - Starting trading cycle
2025-04-09 06:10:46,611 - Quantum Trading Bot - INFO - Market is closed, waiting...
2025-04-09 06:10:46,611 - Quantum Trading Bot - INFO - Sleeping for 60 seconds
2025-04-09 06:27:23,009 - Trading System - INFO - Trading Bot is alive: True
2025-04-09 06:27:23,010 - Trading System - INFO - Monitor Bot is alive: True
2025-04-09 06:27:23,010 - Trading System - INFO - Improvement Bot is alive: True
2025-04-09 06:27:36,544 - Quantum Trading Bot - INFO - Starting trading cycle
2025-04-09 06:27:36,548 - Quantum Trading Bot - INFO - Market is closed, waiting...
2025-04-09 06:27:36,548 - Quantum Trading Bot - INFO - Sleeping for 60 seconds
2025-04-09 06:37:13,004 - Trading System - INFO - Trading Bot is alive: True
2025-04-09 06:37:13,006 - Trading System - INFO - Monitor Bot is alive: True
2025-04-09 06:37:13,007 - Trading System - INFO - Improvement Bot is alive: True
2025-04-09 06:37:26,542 - Quantum Trading Bot - INFO - Starting trading cycle
2025-04-09 06:37:26,543 - Quantum Trading Bot - INFO - Market is closed, waiting...
2025-04-09 06:37:26,543 - Quantum Trading Bot - INFO - Sleeping for 60 seconds
2025-04-09 06:53:25,801 - Trading System - INFO - Trading Bot is alive: True
2025-04-09 06:53:25,802 - Trading System - INFO - Monitor Bot is alive: True
2025-04-09 06:53:25,802 - Trading System - INFO - Improvement Bot is alive: True
2025-04-09 07:10:17,346 - Quantum Trading Bot - INFO - Starting trading cycle
2025-04-09 07:10:17,347 - Quantum Trading Bot - INFO - Market is closed, waiting...
2025-04-09 07:10:17,347 - Quantum Trading Bot - INFO - Sleeping for 60 seconds
2025-04-09 07:26:12,759 - Trading System - INFO - Trading Bot is alive: True
2025-04-09 07:26:12,760 - Trading System - INFO - Monitor Bot is alive: True
2025-04-09 07:26:12,760 - Trading System - INFO - Improvement Bot is alive: True
2025-04-09 07:26:14,111 - Monitor Bot - INFO - Running scheduled task: Performance Metrics
2025-04-09 07:26:14,121 - Monitor Bot - INFO - === Performance Metrics ===
2025-04-09 07:26:14,121 - Monitor Bot - INFO - Date: 2025-04-08T15:57:12.030975
2025-04-09 07:26:14,121 - Monitor Bot - INFO - Total Trades: 72
2025-04-09 07:26:14,121 - Monitor Bot - INFO - Win Rate: 55.56%
2025-04-09 07:26:14,121 - Monitor Bot - INFO - Total Profit: $18.27
2025-04-09 07:26:14,121 - Monitor Bot - INFO - Average Profit per Trade: $0.25
2025-04-09 07:26:14,121 - Monitor Bot - INFO - Average Profit Percentage: 0.09%
2025-04-09 07:26:14,121 - Monitor Bot - INFO - Maximum Drawdown: 0.10%
2025-04-09 07:26:14,121 - Monitor Bot - INFO - Quantum Prediction Accuracy: 0.00%
2025-04-09 07:26:14,121 - Monitor Bot - INFO - ============================
2025-04-09 07:26:14,130 - Monitor Bot - INFO - Task Performance Metrics completed successfully
2025-04-09 07:26:26,309 - Quantum Trading Bot - INFO - Starting trading cycle
2025-04-09 07:26:26,310 - Quantum Trading Bot - INFO - Market is closed, waiting...
2025-04-09 07:26:26,310 - Quantum Trading Bot - INFO - Sleeping for 60 seconds
2025-04-09 07:35:30,815 - Trading System - INFO - Trading Bot is alive: True
2025-04-09 07:35:30,817 - Trading System - INFO - Monitor Bot is alive: True
2025-04-09 07:35:30,817 - Trading System - INFO - Improvement Bot is alive: True
2025-04-09 07:35:44,355 - Quantum Trading Bot - INFO - Starting trading cycle
2025-04-09 07:35:44,357 - Quantum Trading Bot - INFO - Market is closed, waiting...
2025-04-09 07:35:44,357 - Quantum Trading Bot - INFO - Sleeping for 60 seconds
2025-04-09 07:37:46,669 - Trading System - INFO - Trading Bot is alive: True
2025-04-09 07:37:46,671 - Trading System - INFO - Monitor Bot is alive: True
2025-04-09 07:37:46,671 - Trading System - INFO - Improvement Bot is alive: True
2025-04-09 07:38:00,218 - Quantum Trading Bot - INFO - Starting trading cycle
2025-04-09 07:38:00,220 - Quantum Trading Bot - INFO - Market is closed, waiting...
2025-04-09 07:38:00,220 - Quantum Trading Bot - INFO - Sleeping for 60 seconds
2025-04-09 07:45:05,626 - Trading System - INFO - Trading Bot is alive: True
2025-04-09 07:45:05,628 - Trading System - INFO - Monitor Bot is alive: True
2025-04-09 07:45:05,628 - Trading System - INFO - Improvement Bot is alive: True
2025-04-09 07:45:19,175 - Quantum Trading Bot - INFO - Starting trading cycle
2025-04-09 07:45:19,176 - Quantum Trading Bot - INFO - Market is closed, waiting...
2025-04-09 07:45:19,176 - Quantum Trading Bot - INFO - Sleeping for 60 seconds
2025-04-09 07:56:29,089 - Trading System - INFO - Trading Bot is alive: True
2025-04-09 07:56:29,092 - Trading System - INFO - Monitor Bot is alive: True
2025-04-09 07:56:29,092 - Trading System - INFO - Improvement Bot is alive: True
2025-04-09 08:14:13,037 - Quantum Trading Bot - INFO - Starting trading cycle
2025-04-09 08:14:13,037 - Quantum Trading Bot - INFO - Market is closed, waiting...
2025-04-09 08:14:13,037 - Quantum Trading Bot - INFO - Sleeping for 60 seconds
2025-04-09 08:14:59,507 - Trading System - INFO - Trading Bot is alive: True
2025-04-09 08:14:59,509 - Trading System - INFO - Monitor Bot is alive: True
2025-04-09 08:14:59,509 - Trading System - INFO - Improvement Bot is alive: True
2025-04-09 08:30:28,268 - Monitor Bot - INFO - Running scheduled task: Performance Metrics
2025-04-09 08:30:28,274 - Monitor Bot - INFO - === Performance Metrics ===
2025-04-09 08:30:28,274 - Monitor Bot - INFO - Date: 2025-04-08T15:57:12.030975
2025-04-09 08:30:28,275 - Monitor Bot - INFO - Total Trades: 72
2025-04-09 08:30:28,275 - Monitor Bot - INFO - Win Rate: 55.56%
2025-04-09 08:30:28,275 - Monitor Bot - INFO - Total Profit: $18.27
2025-04-09 08:30:28,275 - Monitor Bot - INFO - Average Profit per Trade: $0.25
2025-04-09 08:30:28,275 - Monitor Bot - INFO - Average Profit Percentage: 0.09%
2025-04-09 08:30:28,275 - Monitor Bot - INFO - Maximum Drawdown: 0.10%
2025-04-09 08:30:28,275 - Monitor Bot - INFO - Quantum Prediction Accuracy: 0.00%
2025-04-09 08:30:28,275 - Monitor Bot - INFO - ============================
2025-04-09 08:30:28,284 - Monitor Bot - INFO - Task Performance Metrics completed successfully
2025-04-09 08:30:40,411 - Quantum Trading Bot - INFO - Starting trading cycle
2025-04-09 08:30:40,412 - Quantum Trading Bot - INFO - Market is closed, waiting...
2025-04-09 08:30:40,412 - Quantum Trading Bot - INFO - Sleeping for 60 seconds
2025-04-09 08:38:47,797 - Trading System - INFO - Trading Bot is alive: True
2025-04-09 08:38:47,798 - Trading System - INFO - Monitor Bot is alive: True
2025-04-09 08:38:47,798 - Trading System - INFO - Improvement Bot is alive: True
2025-04-09 08:39:01,326 - Quantum Trading Bot - INFO - Starting trading cycle
2025-04-09 08:39:01,326 - Quantum Trading Bot - INFO - Market is closed, waiting...
2025-04-09 08:39:01,326 - Quantum Trading Bot - INFO - Sleeping for 60 seconds
2025-04-09 08:55:27,451 - Trading System - INFO - Trading Bot is alive: True
2025-04-09 08:55:27,453 - Trading System - INFO - Monitor Bot is alive: True
2025-04-09 08:55:27,453 - Trading System - INFO - Improvement Bot is alive: True
2025-04-09 08:55:28,845 - Monitor Bot - INFO - Running scheduled task: Performance Charts
