2025-04-11 10:39:25,618 - Trading System - INFO - Configuration loaded successfully
2025-04-11 10:39:25,889 - Platform Factory - INFO - Platform factory initialized with trading mode: paper
2025-04-11 10:39:25,890 - Trading System - INFO - Initialized platform factory with new adapters
2025-04-11 10:39:25,890 - Trading System - INFO - Environment variables loaded
2025-04-11 10:39:25,910 - Trading System - INFO - Encryption key loaded
2025-04-11 10:39:25,911 - Trading System - INFO - Fixed syntax error in improvement_bot.py
2025-04-11 10:39:26,340 - Trading System - INFO - scikit-learn is available (version 1.6.1)
2025-04-11 10:39:26,341 - Quantum Trading Bot - INFO - Attempting to import quantum libraries...
2025-04-11 10:39:26,965 - qiskit.passmanager.base_tasks - INFO - Pass: UnrollCustomDefinitions - 0.32377 (ms)
2025-04-11 10:39:26,965 - qiskit.transpiler.passes.basis.basis_translator - INFO - Begin BasisTranslator from source basis {('u3', 1)} to target basis {'p', 'z', 'barrier', 'store', 'u', 'rz', 'x', 'measure', 'rx', 'ry', 'cx', 'delay', 'snapshot', 'reset'}.
2025-04-11 10:39:26,965 - qiskit.transpiler.passes.basis.basis_translator - INFO - Basis translation path search completed in 0.001s.
2025-04-11 10:39:26,966 - qiskit.transpiler.passes.basis.basis_translator - INFO - Basis translation paths composed in 0.001s.
2025-04-11 10:39:26,967 - qiskit.transpiler.passes.basis.basis_translator - INFO - Basis translation instructions replaced in 0.001s.
2025-04-11 10:39:26,967 - qiskit.passmanager.base_tasks - INFO - Pass: BasisTranslator - 2.47598 (ms)
2025-04-11 10:39:26,971 - Quantum Trading Bot - INFO - Quantum libraries successfully imported: PennyLane 0.40.0, Qiskit 1.2.4
2025-04-11 10:39:26,974 - Quantum Trading Bot - INFO - ========== TRADING LOOP FUNCTION ENTERED ==========
2025-04-11 10:39:26,974 - Trading System - INFO - Started Trading Bot
2025-04-11 10:39:26,974 - Monitor Bot - INFO - Starting monitoring loop
2025-04-11 10:39:26,974 - Trading System - INFO - Started Monitor Bot
2025-04-11 10:39:26,974 - Quantum Trading Bot - INFO - Configuration loaded successfully
2025-04-11 10:39:26,974 - Improvement Bot - INFO - Starting improvement bot
2025-04-11 10:39:26,974 - Trading System - INFO - Started Improvement Bot
2025-04-11 10:39:26,974 - Trading System - INFO - Trading Bot is alive: True
2025-04-11 10:39:26,974 - Trading System - INFO - All bots started. Press Ctrl+C to exit.
2025-04-11 10:39:26,974 - Trading System - INFO - Monitor Bot is alive: True
2025-04-11 10:39:26,974 - Trading System - INFO - Improvement Bot is alive: True
2025-04-11 10:39:26,975 - Quantum Trading Bot - INFO - Trade history loaded
2025-04-11 10:39:26,975 - Improvement Bot - INFO - Configuration loaded successfully
2025-04-11 10:39:26,975 - Quantum Trading Bot - INFO - Signal handlers not installed - not in main thread
2025-04-11 10:39:26,975 - Quantum Trading Bot - INFO - Initialized PennyLane quantum device: default.qubit
2025-04-11 10:39:26,976 - Quantum Trading Bot - INFO - Mock adapter initialized
2025-04-11 10:39:26,980 - Improvement Bot - INFO - Running scheduled task: System Backup
2025-04-11 10:39:26,980 - Quantum Trading Bot - INFO - Starting trading cycle
2025-04-11 10:39:26,980 - Quantum Trading Bot - INFO - Processing AAPL
2025-04-11 10:39:26,980 - Quantum Trading Bot - INFO - Mock halal compliance check for AAPL: COMPLIANT
2025-04-11 10:39:26,984 - Monitor Bot - INFO - Running scheduled task: Initial Performance Metrics
2025-04-11 10:39:26,990 - Monitor Bot - INFO - === Performance Metrics ===
2025-04-11 10:39:26,990 - Monitor Bot - INFO - Date: 2025-04-10T15:55:49.256138
2025-04-11 10:39:26,990 - Monitor Bot - INFO - Total Trades: 72
2025-04-11 10:39:26,990 - Monitor Bot - INFO - Win Rate: 55.56%
2025-04-11 10:39:26,990 - Monitor Bot - INFO - Total Profit: $18.27
2025-04-11 10:39:26,990 - Monitor Bot - INFO - Average Profit per Trade: $0.25
2025-04-11 10:39:26,991 - Monitor Bot - INFO - Average Profit Percentage: 0.09%
2025-04-11 10:39:26,991 - Monitor Bot - INFO - Maximum Drawdown: 0.10%
2025-04-11 10:39:26,991 - Monitor Bot - INFO - Quantum Prediction Accuracy: 0.00%
2025-04-11 10:39:26,991 - Monitor Bot - INFO - ============================
2025-04-11 10:39:26,997 - Monitor Bot - INFO - Task Initial Performance Metrics completed successfully
2025-04-11 10:39:26,997 - Monitor Bot - INFO - Running scheduled task: Initial API Health Check
2025-04-11 10:39:26,997 - WebUll Adapter - INFO - Generated device ID for WebUll: TradingBot-05e9fc221408
2025-04-11 10:39:26,997 - WebUll Adapter - INFO - WebUll Adapter initialized in paper trading mode
2025-04-11 10:39:26,998 - Platform Factory - INFO - Created WebUll adapter in paper mode
2025-04-11 10:39:27,005 - Quantum Trading Bot - INFO - Quantum device error rate: 0.0513
2025-04-11 10:39:27,005 - Improvement Bot - INFO - System snapshot created at backups/snapshot_20250411_103926
2025-04-11 10:39:27,005 - Improvement Bot - INFO - Task System Backup completed successfully
2025-04-11 10:39:27,005 - Improvement Bot - INFO - Running scheduled task: Code Quality Check - Trading Bot
2025-04-11 10:39:27,008 - Improvement Bot - INFO - Found 2 issues in trading_bot
2025-04-11 10:39:27,008 - Improvement Bot - INFO - Task Code Quality Check - Trading Bot completed successfully
2025-04-11 10:39:27,008 - Improvement Bot - INFO - Running scheduled task: Code Quality Check - Monitor Bot
2025-04-11 10:39:27,009 - Improvement Bot - INFO - No issues found in monitor_bot
2025-04-11 10:39:27,009 - Improvement Bot - WARNING - Task Code Quality Check - Monitor Bot completed with warnings
2025-04-11 10:39:27,009 - Improvement Bot - INFO - Running scheduled task: Code Quality Check - Improvement Bot
2025-04-11 10:39:27,011 - Improvement Bot - INFO - Found 6 issues in improvement_bot
2025-04-11 10:39:27,011 - Improvement Bot - INFO - Task Code Quality Check - Improvement Bot completed successfully
2025-04-11 10:39:27,011 - Improvement Bot - INFO - Running scheduled task: ML Model Optimization
2025-04-11 10:39:27,011 - Improvement Bot - INFO - No ML models found to optimize
2025-04-11 10:39:27,011 - Improvement Bot - WARNING - Task ML Model Optimization completed with warnings
2025-04-11 10:39:27,011 - Improvement Bot - INFO - Running scheduled task: Quantum Circuit Optimization
2025-04-11 10:39:27,011 - Improvement Bot - INFO - Starting quantum circuit optimization
2025-04-11 10:39:27,012 - Improvement Bot - INFO - No quantum model files found to optimize
2025-04-11 10:39:27,012 - Improvement Bot - WARNING - Task Quantum Circuit Optimization completed with warnings
2025-04-11 10:39:27,012 - Improvement Bot - INFO - Running scheduled task: Quantum Error Analysis
2025-04-11 10:39:27,012 - Improvement Bot - INFO - Analyzing quantum error rates
2025-04-11 10:39:27,013 - Improvement Bot - INFO - Quantum error analysis completed: avg error 0.0513, trend +0.0000
2025-04-11 10:39:27,013 - Improvement Bot - INFO - Task Quantum Error Analysis completed successfully
2025-04-11 10:39:27,013 - Improvement Bot - INFO - Running scheduled task: Quantum Prediction Analysis
2025-04-11 10:39:27,013 - Quantum Trading Bot - INFO - Quantum prediction for AAPL: 0.6421 (confidence: 0.9487)
2025-04-11 10:39:27,013 - Improvement Bot - INFO - Evaluating quantum prediction accuracy
2025-04-11 10:39:27,013 - Quantum Trading Bot - INFO - Trading signal for AAPL: 0.6421 (source: quantum)
2025-04-11 10:39:27,014 - Quantum Trading Bot - INFO - HOLD signal for AAPL (score: 0.6421, source: quantum)
2025-04-11 10:39:27,014 - Improvement Bot - INFO - No completed quantum predictions found
2025-04-11 10:39:27,014 - Improvement Bot - WARNING - Task Quantum Prediction Analysis completed with warnings
2025-04-11 10:39:27,014 - Improvement Bot - INFO - Running scheduled task: Quantum Weight Optimization
2025-04-11 10:39:27,014 - Quantum Trading Bot - INFO - Processing MSFT
2025-04-11 10:39:27,014 - Quantum Trading Bot - INFO - Mock halal compliance check for MSFT: COMPLIANT
2025-04-11 10:39:27,016 - Improvement Bot - INFO - Generated new quantum-optimized weights
2025-04-11 10:39:27,016 - Improvement Bot - INFO - Task Quantum Weight Optimization completed successfully
2025-04-11 10:39:27,016 - Improvement Bot - INFO - Running scheduled task: System Health Analysis
2025-04-11 10:39:27,018 - Improvement Bot - INFO - Win rate trend: +0.00%
2025-04-11 10:39:27,018 - Improvement Bot - INFO - Profit trend: +0.00%
2025-04-11 10:39:27,019 - Improvement Bot - INFO - System health analysis completed: healthy
2025-04-11 10:39:27,019 - Improvement Bot - INFO - Task System Health Analysis completed successfully
2025-04-11 10:39:27,025 - Quantum Trading Bot - INFO - Quantum device error rate: 0.0327
2025-04-11 10:39:27,027 - Quantum Trading Bot - INFO - Quantum prediction for MSFT: 0.2460 (confidence: 0.9673)
2025-04-11 10:39:27,027 - Quantum Trading Bot - INFO - Trading signal for MSFT: 0.2460 (source: quantum)
2025-04-11 10:39:27,027 - Quantum Trading Bot - INFO - SELL signal for MSFT (score: 0.2460, source: quantum)
2025-04-11 10:39:27,027 - Quantum Trading Bot - WARNING - Cannot sell MSFT - no position
2025-04-11 10:39:27,027 - Quantum Trading Bot - INFO - Processing NVDA
2025-04-11 10:39:27,027 - Quantum Trading Bot - INFO - Mock halal compliance check for NVDA: COMPLIANT
2025-04-11 10:39:27,035 - Quantum Trading Bot - INFO - Quantum device error rate: 0.0360
2025-04-11 10:39:27,037 - Quantum Trading Bot - INFO - Quantum prediction for NVDA: 0.8910 (confidence: 0.9640)
2025-04-11 10:39:27,037 - Quantum Trading Bot - INFO - Trading signal for NVDA: 0.8910 (source: quantum)
2025-04-11 10:39:27,037 - Quantum Trading Bot - INFO - HOLD signal for NVDA (score: 0.8910, source: quantum)
2025-04-11 10:39:27,044 - Quantum Trading Bot - INFO - Performance metrics saved: 40/72 winning trades
2025-04-11 10:39:27,044 - Quantum Trading Bot - INFO - Quantum prediction accuracy: 0.00
2025-04-11 10:39:27,044 - Quantum Trading Bot - INFO - Sleeping for 60 seconds
2025-04-11 10:39:27,251 - WebUll Adapter - INFO - Authentication successful
2025-04-11 10:39:27,961 - Zoya Adapter - INFO - Zoya Adapter initialized in sandbox mode
2025-04-11 10:39:27,961 - Platform Factory - INFO - Created Zoya adapter in sandbox mode
2025-04-11 10:39:28,125 - Monitor Bot - INFO - === API Health Status ===
2025-04-11 10:39:28,125 - Monitor Bot - INFO - WebUll API: OK
2025-04-11 10:39:28,125 - Monitor Bot - INFO - Zoya API: OK
2025-04-11 10:39:28,125 - Monitor Bot - INFO - =======================
2025-04-11 10:39:28,125 - Monitor Bot - INFO - Task Initial API Health Check completed successfully
2025-04-11 10:39:28,125 - Monitor Bot - INFO - Running scheduled task: Initial Legal Compliance Report
2025-04-11 10:39:28,128 - Monitor Bot - INFO - Legal compliance report generated at legal/compliance_reports/compliance_report_20250411.json
2025-04-11 10:39:28,128 - Monitor Bot - INFO - Task Initial Legal Compliance Report completed successfully
2025-04-11 10:39:28,128 - Monitor Bot - INFO - Running scheduled task: Initial Quantum System Health Check
2025-04-11 10:39:28,128 - Monitor Bot - INFO - Monitoring quantum system health
2025-04-11 10:39:28,128 - Monitor Bot - INFO - Average quantum error rate: 0.0400
2025-04-11 10:39:28,128 - Monitor Bot - INFO - Task Initial Quantum System Health Check completed successfully
2025-04-11 10:40:26,981 - Trading System - INFO - Trading Bot is alive: True
2025-04-11 10:40:26,983 - Trading System - INFO - Monitor Bot is alive: True
2025-04-11 10:40:26,984 - Trading System - INFO - Improvement Bot is alive: True
2025-04-11 10:40:27,050 - Quantum Trading Bot - INFO - Starting trading cycle
2025-04-11 10:40:27,050 - Quantum Trading Bot - INFO - Processing AAPL
2025-04-11 10:40:27,051 - Quantum Trading Bot - INFO - Mock halal compliance check for AAPL: COMPLIANT
2025-04-11 10:40:27,084 - Quantum Trading Bot - INFO - Quantum device error rate: 0.0348
2025-04-11 10:40:27,090 - Quantum Trading Bot - INFO - Quantum prediction for AAPL: 0.3630 (confidence: 0.9652)
2025-04-11 10:40:27,090 - Quantum Trading Bot - INFO - Trading signal for AAPL: 0.3630 (source: quantum)
2025-04-11 10:40:27,090 - Quantum Trading Bot - INFO - HOLD signal for AAPL (score: 0.3630, source: quantum)
2025-04-11 10:40:27,090 - Quantum Trading Bot - INFO - Processing MSFT
2025-04-11 10:40:27,090 - Quantum Trading Bot - INFO - Mock halal compliance check for MSFT: COMPLIANT
2025-04-11 10:40:27,100 - Quantum Trading Bot - INFO - Quantum device error rate: 0.0495
2025-04-11 10:40:27,103 - Quantum Trading Bot - INFO - Quantum prediction for MSFT: 0.3020 (confidence: 0.9505)
2025-04-11 10:40:27,103 - Quantum Trading Bot - INFO - Trading signal for MSFT: 0.3020 (source: quantum)
2025-04-11 10:40:27,103 - Quantum Trading Bot - INFO - HOLD signal for MSFT (score: 0.3020, source: quantum)
2025-04-11 10:40:27,103 - Quantum Trading Bot - INFO - Processing NVDA
2025-04-11 10:40:27,103 - Quantum Trading Bot - INFO - Mock halal compliance check for NVDA: COMPLIANT
2025-04-11 10:40:27,112 - Quantum Trading Bot - INFO - Quantum device error rate: 0.0279
2025-04-11 10:40:27,114 - Quantum Trading Bot - INFO - Quantum prediction for NVDA: 0.1980 (confidence: 0.9721)
2025-04-11 10:40:27,114 - Quantum Trading Bot - INFO - Trading signal for NVDA: 0.1980 (source: quantum)
2025-04-11 10:40:27,114 - Quantum Trading Bot - INFO - SELL signal for NVDA (score: 0.1980, source: quantum)
2025-04-11 10:40:27,115 - Quantum Trading Bot - WARNING - Cannot sell NVDA - no position
2025-04-11 10:40:27,124 - Quantum Trading Bot - INFO - Performance metrics saved: 40/72 winning trades
2025-04-11 10:40:27,124 - Quantum Trading Bot - INFO - Quantum prediction accuracy: 0.00
2025-04-11 10:40:27,124 - Quantum Trading Bot - INFO - Sleeping for 60 seconds
2025-04-11 10:41:26,990 - Trading System - INFO - Trading Bot is alive: True
2025-04-11 10:41:26,992 - Trading System - INFO - Monitor Bot is alive: True
2025-04-11 10:41:26,993 - Trading System - INFO - Improvement Bot is alive: True
2025-04-11 10:41:27,130 - Quantum Trading Bot - INFO - Starting trading cycle
2025-04-11 10:41:27,131 - Quantum Trading Bot - INFO - Processing AAPL
2025-04-11 10:41:27,131 - Quantum Trading Bot - INFO - Mock halal compliance check for AAPL: COMPLIANT
2025-04-11 10:41:27,161 - Quantum Trading Bot - INFO - Quantum device error rate: 0.0375
2025-04-11 10:41:27,165 - Quantum Trading Bot - INFO - Quantum prediction for AAPL: 0.6090 (confidence: 0.9625)
2025-04-11 10:41:27,165 - Quantum Trading Bot - INFO - Trading signal for AAPL: 0.6090 (source: quantum)
2025-04-11 10:41:27,165 - Quantum Trading Bot - INFO - HOLD signal for AAPL (score: 0.6090, source: quantum)
2025-04-11 10:41:27,165 - Quantum Trading Bot - INFO - Processing MSFT
2025-04-11 10:41:27,165 - Quantum Trading Bot - INFO - Mock halal compliance check for MSFT: COMPLIANT
2025-04-11 10:41:27,176 - Quantum Trading Bot - INFO - Quantum device error rate: 0.0348
2025-04-11 10:41:27,178 - Quantum Trading Bot - INFO - Quantum prediction for MSFT: 0.6570 (confidence: 0.9652)
2025-04-11 10:41:27,178 - Quantum Trading Bot - INFO - Trading signal for MSFT: 0.6570 (source: quantum)
2025-04-11 10:41:27,178 - Quantum Trading Bot - INFO - HOLD signal for MSFT (score: 0.6570, source: quantum)
2025-04-11 10:41:27,178 - Quantum Trading Bot - INFO - Processing NVDA
2025-04-11 10:41:27,178 - Quantum Trading Bot - INFO - Mock halal compliance check for NVDA: COMPLIANT
2025-04-11 10:41:27,187 - Quantum Trading Bot - INFO - Quantum device error rate: 0.0513
2025-04-11 10:41:27,194 - Quantum Trading Bot - INFO - Quantum prediction for NVDA: 0.4550 (confidence: 0.7590)
2025-04-11 10:41:27,194 - Quantum Trading Bot - INFO - Trading signal for NVDA: 0.4550 (source: quantum)
2025-04-11 10:41:27,194 - Quantum Trading Bot - INFO - HOLD signal for NVDA (score: 0.4550, source: quantum)
2025-04-11 10:41:27,203 - Quantum Trading Bot - INFO - Performance metrics saved: 40/72 winning trades
2025-04-11 10:41:27,203 - Quantum Trading Bot - INFO - Quantum prediction accuracy: 0.00
2025-04-11 10:41:27,204 - Quantum Trading Bot - INFO - Sleeping for 60 seconds
2025-04-11 10:42:26,999 - Trading System - INFO - Trading Bot is alive: True
2025-04-11 10:42:27,000 - Trading System - INFO - Monitor Bot is alive: True
2025-04-11 10:42:27,000 - Trading System - INFO - Improvement Bot is alive: True
2025-04-11 10:42:27,209 - Quantum Trading Bot - INFO - Starting trading cycle
2025-04-11 10:42:27,210 - Quantum Trading Bot - INFO - Processing AAPL
2025-04-11 10:42:27,210 - Quantum Trading Bot - INFO - Mock halal compliance check for AAPL: COMPLIANT
2025-04-11 10:42:27,239 - Quantum Trading Bot - INFO - Quantum device error rate: 0.0324
2025-04-11 10:42:27,241 - Quantum Trading Bot - INFO - Quantum prediction for AAPL: 0.0820 (confidence: 0.9676)
2025-04-11 10:42:27,241 - Quantum Trading Bot - INFO - Trading signal for AAPL: 0.0820 (source: quantum)
2025-04-11 10:42:27,241 - Quantum Trading Bot - INFO - SELL signal for AAPL (score: 0.0820, source: quantum)
2025-04-11 10:42:27,244 - Quantum Trading Bot - WARNING - Cannot sell AAPL - no position
2025-04-11 10:42:27,244 - Quantum Trading Bot - INFO - Processing MSFT
2025-04-11 10:42:27,244 - Quantum Trading Bot - INFO - Mock halal compliance check for MSFT: COMPLIANT
2025-04-11 10:42:27,254 - Quantum Trading Bot - INFO - Quantum device error rate: 0.0312
2025-04-11 10:42:27,257 - Quantum Trading Bot - INFO - Quantum prediction for MSFT: 0.5200 (confidence: 0.7750)
2025-04-11 10:42:27,257 - Quantum Trading Bot - INFO - Trading signal for MSFT: 0.5200 (source: quantum)
2025-04-11 10:42:27,257 - Quantum Trading Bot - INFO - HOLD signal for MSFT (score: 0.5200, source: quantum)
2025-04-11 10:42:27,257 - Quantum Trading Bot - INFO - Processing NVDA
2025-04-11 10:42:27,257 - Quantum Trading Bot - INFO - Mock halal compliance check for NVDA: COMPLIANT
2025-04-11 10:42:27,266 - Quantum Trading Bot - INFO - Quantum device error rate: 0.0312
2025-04-11 10:42:27,268 - Quantum Trading Bot - INFO - Quantum prediction for NVDA: 0.1640 (confidence: 0.9688)
2025-04-11 10:42:27,268 - Quantum Trading Bot - INFO - Trading signal for NVDA: 0.1640 (source: quantum)
2025-04-11 10:42:27,268 - Quantum Trading Bot - INFO - SELL signal for NVDA (score: 0.1640, source: quantum)
2025-04-11 10:42:27,268 - Quantum Trading Bot - WARNING - Cannot sell NVDA - no position
2025-04-11 10:42:27,277 - Quantum Trading Bot - INFO - Performance metrics saved: 40/72 winning trades
2025-04-11 10:42:27,277 - Quantum Trading Bot - INFO - Quantum prediction accuracy: 0.00
2025-04-11 10:42:27,277 - Quantum Trading Bot - INFO - Sleeping for 60 seconds
2025-04-11 10:43:27,007 - Trading System - INFO - Trading Bot is alive: True
2025-04-11 10:43:27,009 - Trading System - INFO - Monitor Bot is alive: True
2025-04-11 10:43:27,009 - Trading System - INFO - Improvement Bot is alive: True
2025-04-11 10:43:27,283 - Quantum Trading Bot - INFO - Starting trading cycle
2025-04-11 10:43:27,283 - Quantum Trading Bot - INFO - Processing AAPL
2025-04-11 10:43:27,283 - Quantum Trading Bot - INFO - Mock halal compliance check for AAPL: COMPLIANT
2025-04-11 10:43:27,308 - Quantum Trading Bot - INFO - Quantum device error rate: 0.0432
2025-04-11 10:43:27,311 - Quantum Trading Bot - INFO - Quantum prediction for AAPL: 0.4860 (confidence: 0.7654)
2025-04-11 10:43:27,311 - Quantum Trading Bot - INFO - Trading signal for AAPL: 0.4860 (source: quantum)
2025-04-11 10:43:27,312 - Quantum Trading Bot - INFO - HOLD signal for AAPL (score: 0.4860, source: quantum)
2025-04-11 10:43:27,312 - Quantum Trading Bot - INFO - Processing MSFT
2025-04-11 10:43:27,312 - Quantum Trading Bot - INFO - Mock halal compliance check for MSFT: COMPLIANT
2025-04-11 10:43:27,321 - Quantum Trading Bot - INFO - Quantum device error rate: 0.0267
2025-04-11 10:43:27,323 - Quantum Trading Bot - INFO - Quantum prediction for MSFT: 0.4720 (confidence: 0.7786)
2025-04-11 10:43:27,323 - Quantum Trading Bot - INFO - Trading signal for MSFT: 0.4720 (source: quantum)
2025-04-11 10:43:27,323 - Quantum Trading Bot - INFO - HOLD signal for MSFT (score: 0.4720, source: quantum)
2025-04-11 10:43:27,323 - Quantum Trading Bot - INFO - Processing NVDA
2025-04-11 10:43:27,323 - Quantum Trading Bot - INFO - Mock halal compliance check for NVDA: COMPLIANT
2025-04-11 10:43:27,330 - Quantum Trading Bot - INFO - Quantum device error rate: 0.0432
2025-04-11 10:43:27,332 - Quantum Trading Bot - INFO - Quantum prediction for NVDA: 0.3700 (confidence: 0.9568)
2025-04-11 10:43:27,332 - Quantum Trading Bot - INFO - Trading signal for NVDA: 0.3700 (source: quantum)
2025-04-11 10:43:27,332 - Quantum Trading Bot - INFO - HOLD signal for NVDA (score: 0.3700, source: quantum)
2025-04-11 10:43:27,341 - Quantum Trading Bot - INFO - Performance metrics saved: 40/72 winning trades
2025-04-11 10:43:27,341 - Quantum Trading Bot - INFO - Quantum prediction accuracy: 0.00
2025-04-11 10:43:27,341 - Quantum Trading Bot - INFO - Sleeping for 60 seconds
2025-04-11 10:44:27,015 - Trading System - INFO - Trading Bot is alive: True
2025-04-11 10:44:27,017 - Trading System - INFO - Monitor Bot is alive: True
2025-04-11 10:44:27,017 - Trading System - INFO - Improvement Bot is alive: True
2025-04-11 10:44:27,343 - Quantum Trading Bot - INFO - Starting trading cycle
2025-04-11 10:44:27,343 - Quantum Trading Bot - INFO - Processing AAPL
2025-04-11 10:44:27,343 - Quantum Trading Bot - INFO - Mock halal compliance check for AAPL: COMPLIANT
2025-04-11 10:44:27,363 - Quantum Trading Bot - INFO - Quantum device error rate: 0.0315
2025-04-11 10:44:27,367 - Quantum Trading Bot - INFO - Quantum prediction for AAPL: 0.5240 (confidence: 0.7748)
2025-04-11 10:44:27,367 - Quantum Trading Bot - INFO - Trading signal for AAPL: 0.5240 (source: quantum)
2025-04-11 10:44:27,367 - Quantum Trading Bot - INFO - HOLD signal for AAPL (score: 0.5240, source: quantum)
2025-04-11 10:44:27,367 - Quantum Trading Bot - INFO - Processing MSFT
2025-04-11 10:44:27,367 - Quantum Trading Bot - INFO - Mock halal compliance check for MSFT: COMPLIANT
2025-04-11 10:44:27,377 - Quantum Trading Bot - INFO - Quantum device error rate: 0.0255
2025-04-11 10:44:27,380 - Quantum Trading Bot - INFO - Quantum prediction for MSFT: 0.4840 (confidence: 0.7796)
2025-04-11 10:44:27,380 - Quantum Trading Bot - INFO - Trading signal for MSFT: 0.4840 (source: quantum)
2025-04-11 10:44:27,380 - Quantum Trading Bot - INFO - HOLD signal for MSFT (score: 0.4840, source: quantum)
2025-04-11 10:44:27,380 - Quantum Trading Bot - INFO - Processing NVDA
2025-04-11 10:44:27,380 - Quantum Trading Bot - INFO - Mock halal compliance check for NVDA: COMPLIANT
2025-04-11 10:44:27,389 - Quantum Trading Bot - INFO - Quantum device error rate: 0.0465
2025-04-11 10:44:27,391 - Quantum Trading Bot - INFO - Quantum prediction for NVDA: 0.3970 (confidence: 0.9535)
2025-04-11 10:44:27,391 - Quantum Trading Bot - INFO - Trading signal for NVDA: 0.3970 (source: quantum)
2025-04-11 10:44:27,391 - Quantum Trading Bot - INFO - HOLD signal for NVDA (score: 0.3970, source: quantum)
2025-04-11 10:44:27,400 - Quantum Trading Bot - INFO - Performance metrics saved: 40/72 winning trades
2025-04-11 10:44:27,400 - Quantum Trading Bot - INFO - Quantum prediction accuracy: 0.00
2025-04-11 10:44:27,400 - Quantum Trading Bot - INFO - Sleeping for 60 seconds
2025-04-11 10:45:27,023 - Trading System - INFO - Trading Bot is alive: True
2025-04-11 10:45:27,026 - Trading System - INFO - Monitor Bot is alive: True
2025-04-11 10:45:27,026 - Trading System - INFO - Improvement Bot is alive: True
2025-04-11 10:45:27,406 - Quantum Trading Bot - INFO - Starting trading cycle
2025-04-11 10:45:27,407 - Quantum Trading Bot - INFO - Processing AAPL
2025-04-11 10:45:27,407 - Quantum Trading Bot - INFO - Mock halal compliance check for AAPL: COMPLIANT
2025-04-11 10:45:27,450 - Quantum Trading Bot - INFO - Quantum device error rate: 0.0270
2025-04-11 10:45:27,454 - Quantum Trading Bot - INFO - Quantum prediction for AAPL: 0.5230 (confidence: 0.7784)
2025-04-11 10:45:27,454 - Quantum Trading Bot - INFO - Trading signal for AAPL: 0.5230 (source: quantum)
2025-04-11 10:45:27,454 - Quantum Trading Bot - INFO - HOLD signal for AAPL (score: 0.5230, source: quantum)
2025-04-11 10:45:27,455 - Quantum Trading Bot - INFO - Processing MSFT
2025-04-11 10:45:27,455 - Quantum Trading Bot - INFO - Mock halal compliance check for MSFT: COMPLIANT
2025-04-11 10:45:27,465 - Quantum Trading Bot - INFO - Quantum device error rate: 0.0411
2025-04-11 10:45:27,467 - Quantum Trading Bot - INFO - Quantum prediction for MSFT: 0.5620 (confidence: 0.7671)
2025-04-11 10:45:27,467 - Quantum Trading Bot - INFO - Trading signal for MSFT: 0.5620 (source: quantum)
2025-04-11 10:45:27,467 - Quantum Trading Bot - INFO - HOLD signal for MSFT (score: 0.5620, source: quantum)
2025-04-11 10:45:27,467 - Quantum Trading Bot - INFO - Processing NVDA
2025-04-11 10:45:27,467 - Quantum Trading Bot - INFO - Mock halal compliance check for NVDA: COMPLIANT
2025-04-11 10:45:27,476 - Quantum Trading Bot - INFO - Quantum device error rate: 0.0450
2025-04-11 10:45:27,478 - Quantum Trading Bot - INFO - Quantum prediction for NVDA: 0.3950 (confidence: 0.9550)
2025-04-11 10:45:27,478 - Quantum Trading Bot - INFO - Trading signal for NVDA: 0.3950 (source: quantum)
2025-04-11 10:45:27,478 - Quantum Trading Bot - INFO - HOLD signal for NVDA (score: 0.3950, source: quantum)
2025-04-11 10:45:27,488 - Quantum Trading Bot - INFO - Performance metrics saved: 40/72 winning trades
2025-04-11 10:45:27,488 - Quantum Trading Bot - INFO - Quantum prediction accuracy: 0.00
2025-04-11 10:45:27,488 - Quantum Trading Bot - INFO - Sleeping for 60 seconds
2025-04-11 10:46:27,033 - Trading System - INFO - Trading Bot is alive: True
2025-04-11 10:46:27,035 - Trading System - INFO - Monitor Bot is alive: True
2025-04-11 10:46:27,036 - Trading System - INFO - Improvement Bot is alive: True
2025-04-11 10:46:27,494 - Quantum Trading Bot - INFO - Starting trading cycle
2025-04-11 10:46:27,494 - Quantum Trading Bot - INFO - Processing AAPL
2025-04-11 10:46:27,495 - Quantum Trading Bot - INFO - Mock halal compliance check for AAPL: COMPLIANT
2025-04-11 10:46:27,531 - Quantum Trading Bot - INFO - Quantum device error rate: 0.0318
2025-04-11 10:46:27,536 - Quantum Trading Bot - INFO - Quantum prediction for AAPL: 0.2410 (confidence: 0.9682)
2025-04-11 10:46:27,536 - Quantum Trading Bot - INFO - Trading signal for AAPL: 0.2410 (source: quantum)
2025-04-11 10:46:27,536 - Quantum Trading Bot - INFO - SELL signal for AAPL (score: 0.2410, source: quantum)
2025-04-11 10:46:27,538 - Quantum Trading Bot - WARNING - Cannot sell AAPL - no position
2025-04-11 10:46:27,538 - Quantum Trading Bot - INFO - Processing MSFT
2025-04-11 10:46:27,538 - Quantum Trading Bot - INFO - Mock halal compliance check for MSFT: COMPLIANT
2025-04-11 10:46:27,548 - Quantum Trading Bot - INFO - Quantum device error rate: 0.0420
2025-04-11 10:46:27,550 - Quantum Trading Bot - INFO - Quantum prediction for MSFT: 0.4410 (confidence: 0.7664)
2025-04-11 10:46:27,550 - Quantum Trading Bot - INFO - Trading signal for MSFT: 0.4410 (source: quantum)
2025-04-11 10:46:27,550 - Quantum Trading Bot - INFO - HOLD signal for MSFT (score: 0.4410, source: quantum)
2025-04-11 10:46:27,551 - Quantum Trading Bot - INFO - Processing NVDA
2025-04-11 10:46:27,551 - Quantum Trading Bot - INFO - Mock halal compliance check for NVDA: COMPLIANT
2025-04-11 10:46:27,559 - Quantum Trading Bot - INFO - Quantum device error rate: 0.0558
2025-04-11 10:46:27,566 - Quantum Trading Bot - INFO - Quantum prediction for NVDA: 0.7549 (confidence: 0.9442)
2025-04-11 10:46:27,566 - Quantum Trading Bot - INFO - Trading signal for NVDA: 0.7549 (source: quantum)
2025-04-11 10:46:27,566 - Quantum Trading Bot - INFO - HOLD signal for NVDA (score: 0.7549, source: quantum)
2025-04-11 10:46:27,575 - Quantum Trading Bot - INFO - Performance metrics saved: 40/72 winning trades
2025-04-11 10:46:27,575 - Quantum Trading Bot - INFO - Quantum prediction accuracy: 0.00
2025-04-11 10:46:27,575 - Quantum Trading Bot - INFO - Sleeping for 60 seconds
2025-04-11 10:47:27,041 - Trading System - INFO - Trading Bot is alive: True
2025-04-11 10:47:27,043 - Trading System - INFO - Monitor Bot is alive: True
2025-04-11 10:47:27,044 - Trading System - INFO - Improvement Bot is alive: True
2025-04-11 10:47:27,581 - Quantum Trading Bot - INFO - Starting trading cycle
2025-04-11 10:47:27,582 - Quantum Trading Bot - INFO - Processing AAPL
2025-04-11 10:47:27,582 - Quantum Trading Bot - INFO - Mock halal compliance check for AAPL: COMPLIANT
2025-04-11 10:47:27,601 - Quantum Trading Bot - INFO - Quantum device error rate: 0.0405
2025-04-11 10:47:27,605 - Quantum Trading Bot - INFO - Quantum prediction for AAPL: 0.5850 (confidence: 0.7676)
2025-04-11 10:47:27,605 - Quantum Trading Bot - INFO - Trading signal for AAPL: 0.5850 (source: quantum)
2025-04-11 10:47:27,606 - Quantum Trading Bot - INFO - HOLD signal for AAPL (score: 0.5850, source: quantum)
2025-04-11 10:47:27,606 - Quantum Trading Bot - INFO - Processing MSFT
2025-04-11 10:47:27,606 - Quantum Trading Bot - INFO - Mock halal compliance check for MSFT: COMPLIANT
2025-04-11 10:47:27,616 - Quantum Trading Bot - INFO - Quantum device error rate: 0.0318
2025-04-11 10:47:27,619 - Quantum Trading Bot - INFO - Quantum prediction for MSFT: 0.8830 (confidence: 0.9682)
2025-04-11 10:47:27,619 - Quantum Trading Bot - INFO - Trading signal for MSFT: 0.8830 (source: quantum)
2025-04-11 10:47:27,619 - Quantum Trading Bot - INFO - HOLD signal for MSFT (score: 0.8830, source: quantum)
2025-04-11 10:47:27,619 - Quantum Trading Bot - INFO - Processing NVDA
2025-04-11 10:47:27,619 - Quantum Trading Bot - INFO - Mock halal compliance check for NVDA: COMPLIANT
2025-04-11 10:47:27,627 - Quantum Trading Bot - INFO - Quantum device error rate: 0.0441
2025-04-11 10:47:27,629 - Quantum Trading Bot - INFO - Quantum prediction for NVDA: 0.3910 (confidence: 0.9559)
2025-04-11 10:47:27,630 - Quantum Trading Bot - INFO - Trading signal for NVDA: 0.3910 (source: quantum)
2025-04-11 10:47:27,630 - Quantum Trading Bot - INFO - HOLD signal for NVDA (score: 0.3910, source: quantum)
2025-04-11 10:47:27,639 - Quantum Trading Bot - INFO - Performance metrics saved: 40/72 winning trades
2025-04-11 10:47:27,639 - Quantum Trading Bot - INFO - Quantum prediction accuracy: 0.00
2025-04-11 10:47:27,639 - Quantum Trading Bot - INFO - Sleeping for 60 seconds
2025-04-11 10:48:27,050 - Trading System - INFO - Trading Bot is alive: True
2025-04-11 10:48:27,053 - Trading System - INFO - Monitor Bot is alive: True
2025-04-11 10:48:27,053 - Trading System - INFO - Improvement Bot is alive: True
2025-04-11 10:48:27,645 - Quantum Trading Bot - INFO - Starting trading cycle
2025-04-11 10:48:27,646 - Quantum Trading Bot - INFO - Processing AAPL
2025-04-11 10:48:27,646 - Quantum Trading Bot - INFO - Mock halal compliance check for AAPL: COMPLIANT
2025-04-11 10:48:27,677 - Quantum Trading Bot - INFO - Quantum device error rate: 0.0417
2025-04-11 10:48:27,681 - Quantum Trading Bot - INFO - Quantum prediction for AAPL: 0.8470 (confidence: 0.9583)
2025-04-11 10:48:27,681 - Quantum Trading Bot - INFO - Trading signal for AAPL: 0.8470 (source: quantum)
2025-04-11 10:48:27,681 - Quantum Trading Bot - INFO - HOLD signal for AAPL (score: 0.8470, source: quantum)
2025-04-11 10:48:27,682 - Quantum Trading Bot - INFO - Processing MSFT
2025-04-11 10:48:27,682 - Quantum Trading Bot - INFO - Mock halal compliance check for MSFT: COMPLIANT
2025-04-11 10:48:27,691 - Quantum Trading Bot - INFO - Quantum device error rate: 0.0390
2025-04-11 10:48:27,694 - Quantum Trading Bot - INFO - Quantum prediction for MSFT: 0.4560 (confidence: 0.7688)
2025-04-11 10:48:27,694 - Quantum Trading Bot - INFO - Trading signal for MSFT: 0.4560 (source: quantum)
2025-04-11 10:48:27,694 - Quantum Trading Bot - INFO - HOLD signal for MSFT (score: 0.4560, source: quantum)
2025-04-11 10:48:27,694 - Quantum Trading Bot - INFO - Processing NVDA
2025-04-11 10:48:27,694 - Quantum Trading Bot - INFO - Mock halal compliance check for NVDA: COMPLIANT
2025-04-11 10:48:27,702 - Quantum Trading Bot - INFO - Quantum device error rate: 0.0414
2025-04-11 10:48:27,704 - Quantum Trading Bot - INFO - Quantum prediction for NVDA: 0.5250 (confidence: 0.7669)
2025-04-11 10:48:27,704 - Quantum Trading Bot - INFO - Trading signal for NVDA: 0.5250 (source: quantum)
2025-04-11 10:48:27,704 - Quantum Trading Bot - INFO - HOLD signal for NVDA (score: 0.5250, source: quantum)
2025-04-11 10:48:27,713 - Quantum Trading Bot - INFO - Performance metrics saved: 40/72 winning trades
2025-04-11 10:48:27,713 - Quantum Trading Bot - INFO - Quantum prediction accuracy: 0.00
2025-04-11 10:48:27,713 - Quantum Trading Bot - INFO - Sleeping for 60 seconds
2025-04-11 10:49:27,059 - Trading System - INFO - Trading Bot is alive: True
2025-04-11 10:49:27,061 - Trading System - INFO - Monitor Bot is alive: True
2025-04-11 10:49:27,061 - Trading System - INFO - Improvement Bot is alive: True
2025-04-11 10:49:27,719 - Quantum Trading Bot - INFO - Starting trading cycle
2025-04-11 10:49:27,720 - Quantum Trading Bot - INFO - Processing AAPL
2025-04-11 10:49:27,720 - Quantum Trading Bot - INFO - Mock halal compliance check for AAPL: COMPLIANT
2025-04-11 10:49:27,738 - Quantum Trading Bot - INFO - Quantum device error rate: 0.0411
2025-04-11 10:49:27,743 - Quantum Trading Bot - INFO - Quantum prediction for AAPL: 0.4880 (confidence: 0.7671)
2025-04-11 10:49:27,743 - Quantum Trading Bot - INFO - Trading signal for AAPL: 0.4880 (source: quantum)
2025-04-11 10:49:27,743 - Quantum Trading Bot - INFO - HOLD signal for AAPL (score: 0.4880, source: quantum)
2025-04-11 10:49:27,743 - Quantum Trading Bot - INFO - Processing MSFT
2025-04-11 10:49:27,744 - Quantum Trading Bot - INFO - Mock halal compliance check for MSFT: COMPLIANT
2025-04-11 10:49:27,753 - Quantum Trading Bot - INFO - Quantum device error rate: 0.0531
2025-04-11 10:49:27,761 - Quantum Trading Bot - INFO - Quantum prediction for MSFT: 0.3850 (confidence: 0.9469)
2025-04-11 10:49:27,761 - Quantum Trading Bot - INFO - Trading signal for MSFT: 0.3850 (source: quantum)
2025-04-11 10:49:27,761 - Quantum Trading Bot - INFO - HOLD signal for MSFT (score: 0.3850, source: quantum)
2025-04-11 10:49:27,761 - Quantum Trading Bot - INFO - Processing NVDA
2025-04-11 10:49:27,761 - Quantum Trading Bot - INFO - Mock halal compliance check for NVDA: COMPLIANT
2025-04-11 10:49:27,769 - Quantum Trading Bot - INFO - Quantum device error rate: 0.0372
2025-04-11 10:49:27,771 - Quantum Trading Bot - INFO - Quantum prediction for NVDA: 0.3480 (confidence: 0.9628)
2025-04-11 10:49:27,771 - Quantum Trading Bot - INFO - Trading signal for NVDA: 0.3480 (source: quantum)
2025-04-11 10:49:27,771 - Quantum Trading Bot - INFO - HOLD signal for NVDA (score: 0.3480, source: quantum)
2025-04-11 10:49:27,780 - Quantum Trading Bot - INFO - Performance metrics saved: 40/72 winning trades
2025-04-11 10:49:27,780 - Quantum Trading Bot - INFO - Quantum prediction accuracy: 0.00
2025-04-11 10:49:27,780 - Quantum Trading Bot - INFO - Sleeping for 60 seconds
2025-04-11 10:50:27,064 - Trading System - INFO - Trading Bot is alive: True
2025-04-11 10:50:27,067 - Trading System - INFO - Monitor Bot is alive: True
2025-04-11 10:50:27,067 - Trading System - INFO - Improvement Bot is alive: True
2025-04-11 10:50:27,786 - Quantum Trading Bot - INFO - Starting trading cycle
2025-04-11 10:50:27,787 - Quantum Trading Bot - INFO - Processing AAPL
2025-04-11 10:50:27,787 - Quantum Trading Bot - INFO - Mock halal compliance check for AAPL: COMPLIANT
2025-04-11 10:50:27,824 - Quantum Trading Bot - INFO - Quantum device error rate: 0.0564
2025-04-11 10:50:27,837 - Quantum Trading Bot - INFO - Quantum prediction for AAPL: 0.2700 (confidence: 0.9436)
2025-04-11 10:50:27,837 - Quantum Trading Bot - INFO - Trading signal for AAPL: 0.2700 (source: quantum)
2025-04-11 10:50:27,837 - Quantum Trading Bot - INFO - SELL signal for AAPL (score: 0.2700, source: quantum)
2025-04-11 10:50:27,838 - Quantum Trading Bot - WARNING - Cannot sell AAPL - no position
2025-04-11 10:50:27,839 - Quantum Trading Bot - INFO - Processing MSFT
2025-04-11 10:50:27,839 - Quantum Trading Bot - INFO - Mock halal compliance check for MSFT: COMPLIANT
2025-04-11 10:50:27,848 - Quantum Trading Bot - INFO - Quantum device error rate: 0.0441
2025-04-11 10:50:27,850 - Quantum Trading Bot - INFO - Quantum prediction for MSFT: 0.7770 (confidence: 0.9559)
2025-04-11 10:50:27,850 - Quantum Trading Bot - INFO - Trading signal for MSFT: 0.7770 (source: quantum)
2025-04-11 10:50:27,850 - Quantum Trading Bot - INFO - HOLD signal for MSFT (score: 0.7770, source: quantum)
2025-04-11 10:50:27,851 - Quantum Trading Bot - INFO - Processing NVDA
2025-04-11 10:50:27,851 - Quantum Trading Bot - INFO - Mock halal compliance check for NVDA: COMPLIANT
2025-04-11 10:50:27,859 - Quantum Trading Bot - INFO - Quantum device error rate: 0.0528
2025-04-11 10:50:27,866 - Quantum Trading Bot - INFO - Quantum prediction for NVDA: 0.5820 (confidence: 0.7578)
2025-04-11 10:50:27,866 - Quantum Trading Bot - INFO - Trading signal for NVDA: 0.5820 (source: quantum)
2025-04-11 10:50:27,866 - Quantum Trading Bot - INFO - HOLD signal for NVDA (score: 0.5820, source: quantum)
2025-04-11 10:50:27,879 - Quantum Trading Bot - INFO - Performance metrics saved: 40/72 winning trades
2025-04-11 10:50:27,879 - Quantum Trading Bot - INFO - Quantum prediction accuracy: 0.00
2025-04-11 10:50:27,879 - Quantum Trading Bot - INFO - Sleeping for 60 seconds
2025-04-11 10:51:27,070 - Trading System - INFO - Trading Bot is alive: True
2025-04-11 10:51:27,071 - Trading System - INFO - Monitor Bot is alive: True
2025-04-11 10:51:27,071 - Trading System - INFO - Improvement Bot is alive: True
2025-04-11 10:51:27,885 - Quantum Trading Bot - INFO - Starting trading cycle
2025-04-11 10:51:27,885 - Quantum Trading Bot - INFO - Processing AAPL
2025-04-11 10:51:27,885 - Quantum Trading Bot - INFO - Mock halal compliance check for AAPL: COMPLIANT
2025-04-11 10:51:27,914 - Quantum Trading Bot - INFO - Quantum device error rate: 0.0273
2025-04-11 10:51:27,919 - Quantum Trading Bot - INFO - Quantum prediction for AAPL: 0.1500 (confidence: 0.9727)
2025-04-11 10:51:27,919 - Quantum Trading Bot - INFO - Trading signal for AAPL: 0.1500 (source: quantum)
2025-04-11 10:51:27,919 - Quantum Trading Bot - INFO - SELL signal for AAPL (score: 0.1500, source: quantum)
2025-04-11 10:51:27,920 - Quantum Trading Bot - WARNING - Cannot sell AAPL - no position
2025-04-11 10:51:27,921 - Quantum Trading Bot - INFO - Processing MSFT
2025-04-11 10:51:27,921 - Quantum Trading Bot - INFO - Mock halal compliance check for MSFT: COMPLIANT
2025-04-11 10:51:27,933 - Quantum Trading Bot - INFO - Quantum device error rate: 0.0528
2025-04-11 10:51:27,941 - Quantum Trading Bot - INFO - Quantum prediction for MSFT: 0.8893 (confidence: 0.9472)
2025-04-11 10:51:27,941 - Quantum Trading Bot - INFO - Trading signal for MSFT: 0.8893 (source: quantum)
2025-04-11 10:51:27,942 - Quantum Trading Bot - INFO - HOLD signal for MSFT (score: 0.8893, source: quantum)
2025-04-11 10:51:27,942 - Quantum Trading Bot - INFO - Processing NVDA
2025-04-11 10:51:27,942 - Quantum Trading Bot - INFO - Mock halal compliance check for NVDA: COMPLIANT
2025-04-11 10:51:27,950 - Quantum Trading Bot - INFO - Quantum device error rate: 0.0447
2025-04-11 10:51:27,952 - Quantum Trading Bot - INFO - Quantum prediction for NVDA: 0.6690 (confidence: 0.9553)
2025-04-11 10:51:27,953 - Quantum Trading Bot - INFO - Trading signal for NVDA: 0.6690 (source: quantum)
2025-04-11 10:51:27,953 - Quantum Trading Bot - INFO - HOLD signal for NVDA (score: 0.6690, source: quantum)
2025-04-11 10:51:27,962 - Quantum Trading Bot - INFO - Performance metrics saved: 40/72 winning trades
2025-04-11 10:51:27,962 - Quantum Trading Bot - INFO - Quantum prediction accuracy: 0.00
2025-04-11 10:51:27,962 - Quantum Trading Bot - INFO - Sleeping for 60 seconds
2025-04-11 10:52:27,077 - Trading System - INFO - Trading Bot is alive: True
2025-04-11 10:52:27,079 - Trading System - INFO - Monitor Bot is alive: True
2025-04-11 10:52:27,079 - Trading System - INFO - Improvement Bot is alive: True
2025-04-11 10:52:27,968 - Quantum Trading Bot - INFO - Starting trading cycle
2025-04-11 10:52:27,969 - Quantum Trading Bot - INFO - Processing AAPL
2025-04-11 10:52:27,969 - Quantum Trading Bot - INFO - Mock halal compliance check for AAPL: COMPLIANT
2025-04-11 10:52:28,003 - Quantum Trading Bot - INFO - Quantum device error rate: 0.0381
2025-04-11 10:52:28,009 - Quantum Trading Bot - INFO - Quantum prediction for AAPL: 0.7200 (confidence: 0.9619)
2025-04-11 10:52:28,009 - Quantum Trading Bot - INFO - Trading signal for AAPL: 0.7200 (source: quantum)
2025-04-11 10:52:28,009 - Quantum Trading Bot - INFO - HOLD signal for AAPL (score: 0.7200, source: quantum)
2025-04-11 10:52:28,010 - Quantum Trading Bot - INFO - Processing MSFT
2025-04-11 10:52:28,010 - Quantum Trading Bot - INFO - Mock halal compliance check for MSFT: COMPLIANT
2025-04-11 10:52:28,021 - Quantum Trading Bot - INFO - Quantum device error rate: 0.0438
2025-04-11 10:52:28,023 - Quantum Trading Bot - INFO - Quantum prediction for MSFT: 0.7470 (confidence: 0.9562)
2025-04-11 10:52:28,024 - Quantum Trading Bot - INFO - Trading signal for MSFT: 0.7470 (source: quantum)
2025-04-11 10:52:28,024 - Quantum Trading Bot - INFO - HOLD signal for MSFT (score: 0.7470, source: quantum)
2025-04-11 10:52:28,024 - Quantum Trading Bot - INFO - Processing NVDA
2025-04-11 10:52:28,024 - Quantum Trading Bot - INFO - Mock halal compliance check for NVDA: COMPLIANT
2025-04-11 10:52:28,033 - Quantum Trading Bot - INFO - Quantum device error rate: 0.0456
2025-04-11 10:52:28,036 - Quantum Trading Bot - INFO - Quantum prediction for NVDA: 0.3800 (confidence: 0.9544)
2025-04-11 10:52:28,036 - Quantum Trading Bot - INFO - Trading signal for NVDA: 0.3800 (source: quantum)
2025-04-11 10:52:28,036 - Quantum Trading Bot - INFO - HOLD signal for NVDA (score: 0.3800, source: quantum)
2025-04-11 10:52:28,045 - Quantum Trading Bot - INFO - Performance metrics saved: 40/72 winning trades
2025-04-11 10:52:28,045 - Quantum Trading Bot - INFO - Quantum prediction accuracy: 0.00
2025-04-11 10:52:28,045 - Quantum Trading Bot - INFO - Sleeping for 60 seconds
2025-04-11 10:53:27,088 - Trading System - INFO - Trading Bot is alive: True
2025-04-11 10:53:27,090 - Trading System - INFO - Monitor Bot is alive: True
2025-04-11 10:53:27,090 - Trading System - INFO - Improvement Bot is alive: True
2025-04-11 10:53:28,056 - Quantum Trading Bot - INFO - Starting trading cycle
2025-04-11 10:53:28,057 - Quantum Trading Bot - INFO - Processing AAPL
2025-04-11 10:53:28,057 - Quantum Trading Bot - INFO - Mock halal compliance check for AAPL: COMPLIANT
2025-04-11 10:53:28,080 - Quantum Trading Bot - INFO - Quantum device error rate: 0.0324
2025-04-11 10:53:28,086 - Quantum Trading Bot - INFO - Quantum prediction for AAPL: 0.4720 (confidence: 0.7741)
2025-04-11 10:53:28,086 - Quantum Trading Bot - INFO - Trading signal for AAPL: 0.4720 (source: quantum)
2025-04-11 10:53:28,086 - Quantum Trading Bot - INFO - HOLD signal for AAPL (score: 0.4720, source: quantum)
2025-04-11 10:53:28,088 - Quantum Trading Bot - INFO - Processing MSFT
2025-04-11 10:53:28,088 - Quantum Trading Bot - INFO - Mock halal compliance check for MSFT: COMPLIANT
2025-04-11 10:53:28,098 - Quantum Trading Bot - INFO - Quantum device error rate: 0.0507
2025-04-11 10:53:28,107 - Quantum Trading Bot - INFO - Quantum prediction for MSFT: 0.5294 (confidence: 0.7594)
2025-04-11 10:53:28,107 - Quantum Trading Bot - INFO - Trading signal for MSFT: 0.5294 (source: quantum)
2025-04-11 10:53:28,107 - Quantum Trading Bot - INFO - HOLD signal for MSFT (score: 0.5294, source: quantum)
2025-04-11 10:53:28,107 - Quantum Trading Bot - INFO - Processing NVDA
2025-04-11 10:53:28,107 - Quantum Trading Bot - INFO - Mock halal compliance check for NVDA: COMPLIANT
2025-04-11 10:53:28,115 - Quantum Trading Bot - INFO - Quantum device error rate: 0.0381
2025-04-11 10:53:28,117 - Quantum Trading Bot - INFO - Quantum prediction for NVDA: 0.5800 (confidence: 0.7695)
2025-04-11 10:53:28,117 - Quantum Trading Bot - INFO - Trading signal for NVDA: 0.5800 (source: quantum)
2025-04-11 10:53:28,117 - Quantum Trading Bot - INFO - HOLD signal for NVDA (score: 0.5800, source: quantum)
2025-04-11 10:53:28,127 - Quantum Trading Bot - INFO - Performance metrics saved: 40/72 winning trades
2025-04-11 10:53:28,127 - Quantum Trading Bot - INFO - Quantum prediction accuracy: 0.00
2025-04-11 10:53:28,127 - Quantum Trading Bot - INFO - Sleeping for 60 seconds
2025-04-11 10:54:27,101 - Trading System - INFO - Trading Bot is alive: True
2025-04-11 10:54:27,102 - Trading System - INFO - Monitor Bot is alive: True
2025-04-11 10:54:27,102 - Trading System - INFO - Improvement Bot is alive: True
2025-04-11 10:54:28,138 - Quantum Trading Bot - INFO - Starting trading cycle
2025-04-11 10:54:28,138 - Quantum Trading Bot - INFO - Processing AAPL
2025-04-11 10:54:28,139 - Quantum Trading Bot - INFO - Mock halal compliance check for AAPL: COMPLIANT
2025-04-11 10:54:28,158 - Quantum Trading Bot - INFO - Quantum device error rate: 0.0387
2025-04-11 10:54:28,163 - Quantum Trading Bot - INFO - Quantum prediction for AAPL: 0.1100 (confidence: 0.9613)
2025-04-11 10:54:28,163 - Quantum Trading Bot - INFO - Trading signal for AAPL: 0.1100 (source: quantum)
2025-04-11 10:54:28,163 - Quantum Trading Bot - INFO - SELL signal for AAPL (score: 0.1100, source: quantum)
2025-04-11 10:54:28,170 - Quantum Trading Bot - WARNING - Cannot sell AAPL - no position
2025-04-11 10:54:28,172 - Quantum Trading Bot - INFO - Processing MSFT
2025-04-11 10:54:28,172 - Quantum Trading Bot - INFO - Mock halal compliance check for MSFT: COMPLIANT
2025-04-11 10:54:28,211 - Quantum Trading Bot - INFO - Quantum device error rate: 0.0363
2025-04-11 10:54:28,214 - Quantum Trading Bot - INFO - Quantum prediction for MSFT: 0.2360 (confidence: 0.9637)
2025-04-11 10:54:28,214 - Quantum Trading Bot - INFO - Trading signal for MSFT: 0.2360 (source: quantum)
2025-04-11 10:54:28,214 - Quantum Trading Bot - INFO - SELL signal for MSFT (score: 0.2360, source: quantum)
2025-04-11 10:54:28,215 - Quantum Trading Bot - WARNING - Cannot sell MSFT - no position
2025-04-11 10:54:28,215 - Quantum Trading Bot - INFO - Processing NVDA
2025-04-11 10:54:28,215 - Quantum Trading Bot - INFO - Mock halal compliance check for NVDA: COMPLIANT
2025-04-11 10:54:28,224 - Quantum Trading Bot - INFO - Quantum device error rate: 0.0252
2025-04-11 10:54:28,226 - Quantum Trading Bot - INFO - Quantum prediction for NVDA: 0.6530 (confidence: 0.9748)
2025-04-11 10:54:28,226 - Quantum Trading Bot - INFO - Trading signal for NVDA: 0.6530 (source: quantum)
2025-04-11 10:54:28,226 - Quantum Trading Bot - INFO - HOLD signal for NVDA (score: 0.6530, source: quantum)
2025-04-11 10:54:28,235 - Quantum Trading Bot - INFO - Performance metrics saved: 40/72 winning trades
2025-04-11 10:54:28,235 - Quantum Trading Bot - INFO - Quantum prediction accuracy: 0.00
2025-04-11 10:54:28,235 - Quantum Trading Bot - INFO - Sleeping for 60 seconds
2025-04-11 10:55:27,112 - Trading System - INFO - Trading Bot is alive: True
2025-04-11 10:55:27,114 - Trading System - INFO - Monitor Bot is alive: True
2025-04-11 10:55:27,115 - Trading System - INFO - Improvement Bot is alive: True
2025-04-11 10:55:28,246 - Quantum Trading Bot - INFO - Starting trading cycle
2025-04-11 10:55:28,246 - Quantum Trading Bot - INFO - Processing AAPL
2025-04-11 10:55:28,246 - Quantum Trading Bot - INFO - Mock halal compliance check for AAPL: COMPLIANT
2025-04-11 10:55:28,265 - Quantum Trading Bot - INFO - Quantum device error rate: 0.0429
2025-04-11 10:55:28,269 - Quantum Trading Bot - INFO - Quantum prediction for AAPL: 0.7390 (confidence: 0.9571)
2025-04-11 10:55:28,269 - Quantum Trading Bot - INFO - Trading signal for AAPL: 0.7390 (source: quantum)
2025-04-11 10:55:28,269 - Quantum Trading Bot - INFO - HOLD signal for AAPL (score: 0.7390, source: quantum)
2025-04-11 10:55:28,270 - Quantum Trading Bot - INFO - Processing MSFT
2025-04-11 10:55:28,270 - Quantum Trading Bot - INFO - Mock halal compliance check for MSFT: COMPLIANT
2025-04-11 10:55:28,279 - Quantum Trading Bot - INFO - Quantum device error rate: 0.0306
2025-04-11 10:55:28,281 - Quantum Trading Bot - INFO - Quantum prediction for MSFT: 0.6780 (confidence: 0.9694)
2025-04-11 10:55:28,281 - Quantum Trading Bot - INFO - Trading signal for MSFT: 0.6780 (source: quantum)
2025-04-11 10:55:28,281 - Quantum Trading Bot - INFO - HOLD signal for MSFT (score: 0.6780, source: quantum)
2025-04-11 10:55:28,282 - Quantum Trading Bot - INFO - Processing NVDA
2025-04-11 10:55:28,282 - Quantum Trading Bot - INFO - Mock halal compliance check for NVDA: COMPLIANT
2025-04-11 10:55:28,289 - Quantum Trading Bot - INFO - Quantum device error rate: 0.0264
2025-04-11 10:55:28,291 - Quantum Trading Bot - INFO - Quantum prediction for NVDA: 0.3140 (confidence: 0.9736)
2025-04-11 10:55:28,291 - Quantum Trading Bot - INFO - Trading signal for NVDA: 0.3140 (source: quantum)
2025-04-11 10:55:28,292 - Quantum Trading Bot - INFO - HOLD signal for NVDA (score: 0.3140, source: quantum)
2025-04-11 10:55:28,301 - Quantum Trading Bot - INFO - Performance metrics saved: 40/72 winning trades
2025-04-11 10:55:28,301 - Quantum Trading Bot - INFO - Quantum prediction accuracy: 0.00
2025-04-11 10:55:28,301 - Quantum Trading Bot - INFO - Sleeping for 60 seconds
2025-04-11 10:56:27,120 - Trading System - INFO - Trading Bot is alive: True
2025-04-11 10:56:27,122 - Trading System - INFO - Monitor Bot is alive: True
2025-04-11 10:56:27,122 - Trading System - INFO - Improvement Bot is alive: True
2025-04-11 10:56:28,312 - Quantum Trading Bot - INFO - Starting trading cycle
2025-04-11 10:56:28,312 - Quantum Trading Bot - INFO - Processing AAPL
2025-04-11 10:56:28,312 - Quantum Trading Bot - INFO - Mock halal compliance check for AAPL: COMPLIANT
2025-04-11 10:56:28,336 - Quantum Trading Bot - INFO - Quantum device error rate: 0.0579
2025-04-11 10:56:28,349 - Quantum Trading Bot - INFO - Quantum prediction for AAPL: 0.7555 (confidence: 0.9421)
2025-04-11 10:56:28,349 - Quantum Trading Bot - INFO - Trading signal for AAPL: 0.7555 (source: quantum)
2025-04-11 10:56:28,349 - Quantum Trading Bot - INFO - HOLD signal for AAPL (score: 0.7555, source: quantum)
2025-04-11 10:56:28,350 - Quantum Trading Bot - INFO - Processing MSFT
2025-04-11 10:56:28,350 - Quantum Trading Bot - INFO - Mock halal compliance check for MSFT: COMPLIANT
2025-04-11 10:56:28,360 - Quantum Trading Bot - INFO - Quantum device error rate: 0.0222
2025-04-11 10:56:28,362 - Quantum Trading Bot - INFO - Quantum prediction for MSFT: 0.4100 (confidence: 0.7822)
2025-04-11 10:56:28,362 - Quantum Trading Bot - INFO - Trading signal for MSFT: 0.4100 (source: quantum)
2025-04-11 10:56:28,362 - Quantum Trading Bot - INFO - HOLD signal for MSFT (score: 0.4100, source: quantum)
2025-04-11 10:56:28,363 - Quantum Trading Bot - INFO - Processing NVDA
2025-04-11 10:56:28,363 - Quantum Trading Bot - INFO - Mock halal compliance check for NVDA: COMPLIANT
2025-04-11 10:56:28,372 - Quantum Trading Bot - INFO - Quantum device error rate: 0.0366
2025-04-11 10:56:28,374 - Quantum Trading Bot - INFO - Quantum prediction for NVDA: 0.5330 (confidence: 0.7707)
2025-04-11 10:56:28,374 - Quantum Trading Bot - INFO - Trading signal for NVDA: 0.5330 (source: quantum)
2025-04-11 10:56:28,374 - Quantum Trading Bot - INFO - HOLD signal for NVDA (score: 0.5330, source: quantum)
2025-04-11 10:56:28,384 - Quantum Trading Bot - INFO - Performance metrics saved: 40/72 winning trades
2025-04-11 10:56:28,384 - Quantum Trading Bot - INFO - Quantum prediction accuracy: 0.00
2025-04-11 10:56:28,384 - Quantum Trading Bot - INFO - Sleeping for 60 seconds
2025-04-11 10:57:27,125 - Trading System - INFO - Trading Bot is alive: True
2025-04-11 10:57:27,128 - Trading System - INFO - Monitor Bot is alive: True
2025-04-11 10:57:27,128 - Trading System - INFO - Improvement Bot is alive: True
2025-04-11 10:57:28,395 - Quantum Trading Bot - INFO - Starting trading cycle
2025-04-11 10:57:28,396 - Quantum Trading Bot - INFO - Processing AAPL
2025-04-11 10:57:28,397 - Quantum Trading Bot - INFO - Mock halal compliance check for AAPL: COMPLIANT
2025-04-11 10:57:28,427 - Quantum Trading Bot - INFO - Quantum device error rate: 0.0357
2025-04-11 10:57:28,432 - Quantum Trading Bot - INFO - Quantum prediction for AAPL: 0.2650 (confidence: 0.9643)
2025-04-11 10:57:28,432 - Quantum Trading Bot - INFO - Trading signal for AAPL: 0.2650 (source: quantum)
2025-04-11 10:57:28,432 - Quantum Trading Bot - INFO - SELL signal for AAPL (score: 0.2650, source: quantum)
2025-04-11 10:57:28,434 - Quantum Trading Bot - WARNING - Cannot sell AAPL - no position
2025-04-11 10:57:28,435 - Quantum Trading Bot - INFO - Processing MSFT
2025-04-11 10:57:28,435 - Quantum Trading Bot - INFO - Mock halal compliance check for MSFT: COMPLIANT
2025-04-11 10:57:28,445 - Quantum Trading Bot - INFO - Quantum device error rate: 0.0336
2025-04-11 10:57:28,448 - Quantum Trading Bot - INFO - Quantum prediction for MSFT: 0.4690 (confidence: 0.7731)
2025-04-11 10:57:28,448 - Quantum Trading Bot - INFO - Trading signal for MSFT: 0.4690 (source: quantum)
2025-04-11 10:57:28,448 - Quantum Trading Bot - INFO - HOLD signal for MSFT (score: 0.4690, source: quantum)
2025-04-11 10:57:28,448 - Quantum Trading Bot - INFO - Processing NVDA
2025-04-11 10:57:28,448 - Quantum Trading Bot - INFO - Mock halal compliance check for NVDA: COMPLIANT
2025-04-11 10:57:28,456 - Quantum Trading Bot - INFO - Quantum device error rate: 0.0576
2025-04-11 10:57:28,464 - Quantum Trading Bot - INFO - Quantum prediction for NVDA: 0.4125 (confidence: 0.7539)
2025-04-11 10:57:28,464 - Quantum Trading Bot - INFO - Trading signal for NVDA: 0.4125 (source: quantum)
2025-04-11 10:57:28,464 - Quantum Trading Bot - INFO - HOLD signal for NVDA (score: 0.4125, source: quantum)
2025-04-11 10:57:28,473 - Quantum Trading Bot - INFO - Performance metrics saved: 40/72 winning trades
2025-04-11 10:57:28,473 - Quantum Trading Bot - INFO - Quantum prediction accuracy: 0.00
2025-04-11 10:57:28,473 - Quantum Trading Bot - INFO - Sleeping for 60 seconds
2025-04-11 10:58:27,130 - Trading System - INFO - Trading Bot is alive: True
2025-04-11 10:58:27,133 - Trading System - INFO - Monitor Bot is alive: True
2025-04-11 10:58:27,133 - Trading System - INFO - Improvement Bot is alive: True
2025-04-11 10:58:28,479 - Quantum Trading Bot - INFO - Starting trading cycle
2025-04-11 10:58:28,480 - Quantum Trading Bot - INFO - Processing AAPL
2025-04-11 10:58:28,480 - Quantum Trading Bot - INFO - Mock halal compliance check for AAPL: COMPLIANT
2025-04-11 10:58:28,521 - Quantum Trading Bot - INFO - Quantum device error rate: 0.0501
2025-04-11 10:58:28,533 - Quantum Trading Bot - INFO - Quantum prediction for AAPL: 0.8446 (confidence: 0.9499)
2025-04-11 10:58:28,533 - Quantum Trading Bot - INFO - Trading signal for AAPL: 0.8446 (source: quantum)
2025-04-11 10:58:28,533 - Quantum Trading Bot - INFO - HOLD signal for AAPL (score: 0.8446, source: quantum)
2025-04-11 10:58:28,534 - Quantum Trading Bot - INFO - Processing MSFT
2025-04-11 10:58:28,534 - Quantum Trading Bot - INFO - Mock halal compliance check for MSFT: COMPLIANT
2025-04-11 10:58:28,544 - Quantum Trading Bot - INFO - Quantum device error rate: 0.0471
2025-04-11 10:58:28,546 - Quantum Trading Bot - INFO - Quantum prediction for MSFT: 0.2690 (confidence: 0.9529)
2025-04-11 10:58:28,546 - Quantum Trading Bot - INFO - Trading signal for MSFT: 0.2690 (source: quantum)
2025-04-11 10:58:28,546 - Quantum Trading Bot - INFO - SELL signal for MSFT (score: 0.2690, source: quantum)
2025-04-11 10:58:28,547 - Quantum Trading Bot - WARNING - Cannot sell MSFT - no position
2025-04-11 10:58:28,548 - Quantum Trading Bot - INFO - Processing NVDA
2025-04-11 10:58:28,548 - Quantum Trading Bot - INFO - Mock halal compliance check for NVDA: COMPLIANT
2025-04-11 10:58:28,555 - Quantum Trading Bot - INFO - Quantum device error rate: 0.0402
2025-04-11 10:58:28,557 - Quantum Trading Bot - INFO - Quantum prediction for NVDA: 0.4450 (confidence: 0.7678)
2025-04-11 10:58:28,557 - Quantum Trading Bot - INFO - Trading signal for NVDA: 0.4450 (source: quantum)
2025-04-11 10:58:28,557 - Quantum Trading Bot - INFO - HOLD signal for NVDA (score: 0.4450, source: quantum)
2025-04-11 10:58:28,567 - Quantum Trading Bot - INFO - Performance metrics saved: 40/72 winning trades
2025-04-11 10:58:28,567 - Quantum Trading Bot - INFO - Quantum prediction accuracy: 0.00
2025-04-11 10:58:28,578 - Quantum Trading Bot - INFO - Quantum device error rate: 0.0264
2025-04-11 10:58:28,580 - Quantum Trading Bot - INFO - Quantum portfolio optimization complete: {'AAPL': np.float64(0.3268229166666667), 'MSFT': np.float64(0.3502604166666667), 'NVDA': np.float64(0.3229166666666667)}
2025-04-11 10:58:28,580 - Quantum Trading Bot - INFO - Optimal portfolio weights: {'AAPL': np.float64(0.3268229166666667), 'MSFT': np.float64(0.3502604166666667), 'NVDA': np.float64(0.3229166666666667)}
2025-04-11 10:58:28,581 - Quantum Trading Bot - INFO - Sleeping for 60 seconds
2025-04-11 10:59:27,137 - Trading System - INFO - Trading Bot is alive: True
2025-04-11 10:59:27,140 - Trading System - INFO - Monitor Bot is alive: True
2025-04-11 10:59:27,141 - Trading System - INFO - Improvement Bot is alive: True
2025-04-11 10:59:28,586 - Quantum Trading Bot - INFO - Starting trading cycle
2025-04-11 10:59:28,587 - Quantum Trading Bot - INFO - Processing AAPL
2025-04-11 10:59:28,587 - Quantum Trading Bot - INFO - Mock halal compliance check for AAPL: COMPLIANT
2025-04-11 10:59:28,629 - Quantum Trading Bot - INFO - Quantum device error rate: 0.0396
2025-04-11 10:59:28,635 - Quantum Trading Bot - INFO - Quantum prediction for AAPL: 0.5640 (confidence: 0.7683)
2025-04-11 10:59:28,635 - Quantum Trading Bot - INFO - Trading signal for AAPL: 0.5640 (source: quantum)
2025-04-11 10:59:28,635 - Quantum Trading Bot - INFO - HOLD signal for AAPL (score: 0.5640, source: quantum)
2025-04-11 10:59:28,635 - Quantum Trading Bot - INFO - Processing MSFT
2025-04-11 10:59:28,635 - Quantum Trading Bot - INFO - Mock halal compliance check for MSFT: COMPLIANT
2025-04-11 10:59:28,645 - Quantum Trading Bot - INFO - Quantum device error rate: 0.0381
2025-04-11 10:59:28,647 - Quantum Trading Bot - INFO - Quantum prediction for MSFT: 0.2190 (confidence: 0.9619)
2025-04-11 10:59:28,647 - Quantum Trading Bot - INFO - Trading signal for MSFT: 0.2190 (source: quantum)
2025-04-11 10:59:28,647 - Quantum Trading Bot - INFO - SELL signal for MSFT (score: 0.2190, source: quantum)
2025-04-11 10:59:28,649 - Quantum Trading Bot - WARNING - Cannot sell MSFT - no position
2025-04-11 10:59:28,649 - Quantum Trading Bot - INFO - Processing NVDA
2025-04-11 10:59:28,649 - Quantum Trading Bot - INFO - Mock halal compliance check for NVDA: COMPLIANT
2025-04-11 10:59:28,657 - Quantum Trading Bot - INFO - Quantum device error rate: 0.0438
2025-04-11 10:59:28,659 - Quantum Trading Bot - INFO - Quantum prediction for NVDA: 0.1780 (confidence: 0.9562)
2025-04-11 10:59:28,659 - Quantum Trading Bot - INFO - Trading signal for NVDA: 0.1780 (source: quantum)
2025-04-11 10:59:28,659 - Quantum Trading Bot - INFO - SELL signal for NVDA (score: 0.1780, source: quantum)
2025-04-11 10:59:28,660 - Quantum Trading Bot - WARNING - Cannot sell NVDA - no position
2025-04-11 10:59:28,669 - Quantum Trading Bot - INFO - Performance metrics saved: 40/72 winning trades
2025-04-11 10:59:28,669 - Quantum Trading Bot - INFO - Quantum prediction accuracy: 0.00
2025-04-11 10:59:28,669 - Quantum Trading Bot - INFO - Sleeping for 60 seconds
2025-04-11 11:00:27,146 - Trading System - INFO - Trading Bot is alive: True
2025-04-11 11:00:27,149 - Trading System - INFO - Monitor Bot is alive: True
2025-04-11 11:00:27,149 - Trading System - INFO - Improvement Bot is alive: True
2025-04-11 11:00:28,675 - Quantum Trading Bot - INFO - Starting trading cycle
2025-04-11 11:00:28,676 - Quantum Trading Bot - INFO - Processing AAPL
2025-04-11 11:00:28,676 - Quantum Trading Bot - INFO - Mock halal compliance check for AAPL: COMPLIANT
2025-04-11 11:00:28,701 - Quantum Trading Bot - INFO - Quantum device error rate: 0.0309
2025-04-11 11:00:28,707 - Quantum Trading Bot - INFO - Quantum prediction for AAPL: 0.2900 (confidence: 0.9691)
2025-04-11 11:00:28,707 - Quantum Trading Bot - INFO - Trading signal for AAPL: 0.2900 (source: quantum)
2025-04-11 11:00:28,707 - Quantum Trading Bot - INFO - SELL signal for AAPL (score: 0.2900, source: quantum)
2025-04-11 11:00:28,708 - Quantum Trading Bot - WARNING - Cannot sell AAPL - no position
2025-04-11 11:00:28,709 - Quantum Trading Bot - INFO - Processing MSFT
2025-04-11 11:00:28,709 - Quantum Trading Bot - INFO - Mock halal compliance check for MSFT: COMPLIANT
2025-04-11 11:00:28,720 - Quantum Trading Bot - INFO - Quantum device error rate: 0.0387
2025-04-11 11:00:28,723 - Quantum Trading Bot - INFO - Quantum prediction for MSFT: 0.4850 (confidence: 0.7690)
2025-04-11 11:00:28,723 - Quantum Trading Bot - INFO - Trading signal for MSFT: 0.4850 (source: quantum)
2025-04-11 11:00:28,723 - Quantum Trading Bot - INFO - HOLD signal for MSFT (score: 0.4850, source: quantum)
2025-04-11 11:00:28,724 - Quantum Trading Bot - INFO - Processing NVDA
2025-04-11 11:00:28,724 - Quantum Trading Bot - INFO - Mock halal compliance check for NVDA: COMPLIANT
2025-04-11 11:00:28,733 - Quantum Trading Bot - INFO - Quantum device error rate: 0.0357
2025-04-11 11:00:28,735 - Quantum Trading Bot - INFO - Quantum prediction for NVDA: 0.6190 (confidence: 0.9643)
2025-04-11 11:00:28,735 - Quantum Trading Bot - INFO - Trading signal for NVDA: 0.6190 (source: quantum)
2025-04-11 11:00:28,735 - Quantum Trading Bot - INFO - HOLD signal for NVDA (score: 0.6190, source: quantum)
2025-04-11 11:00:28,746 - Quantum Trading Bot - INFO - Performance metrics saved: 40/72 winning trades
2025-04-11 11:00:28,746 - Quantum Trading Bot - INFO - Quantum prediction accuracy: 0.00
2025-04-11 11:00:28,746 - Quantum Trading Bot - INFO - Sleeping for 60 seconds
2025-04-11 11:01:27,155 - Trading System - INFO - Trading Bot is alive: True
2025-04-11 11:01:27,157 - Trading System - INFO - Monitor Bot is alive: True
2025-04-11 11:01:27,157 - Trading System - INFO - Improvement Bot is alive: True
2025-04-11 11:01:28,752 - Quantum Trading Bot - INFO - Starting trading cycle
2025-04-11 11:01:28,752 - Quantum Trading Bot - INFO - Processing AAPL
2025-04-11 11:01:28,752 - Quantum Trading Bot - INFO - Mock halal compliance check for AAPL: COMPLIANT
2025-04-11 11:01:28,774 - Quantum Trading Bot - INFO - Quantum device error rate: 0.0438
2025-04-11 11:01:28,780 - Quantum Trading Bot - INFO - Quantum prediction for AAPL: 0.9150 (confidence: 0.9562)
2025-04-11 11:01:28,780 - Quantum Trading Bot - INFO - Trading signal for AAPL: 0.9150 (source: quantum)
2025-04-11 11:01:28,780 - Quantum Trading Bot - INFO - HOLD signal for AAPL (score: 0.9150, source: quantum)
2025-04-11 11:01:28,780 - Quantum Trading Bot - INFO - Processing MSFT
2025-04-11 11:01:28,780 - Quantum Trading Bot - INFO - Mock halal compliance check for MSFT: COMPLIANT
2025-04-11 11:01:28,791 - Quantum Trading Bot - INFO - Quantum device error rate: 0.0573
2025-04-11 11:01:28,800 - Quantum Trading Bot - INFO - Quantum prediction for MSFT: 0.5703 (confidence: 0.7542)
2025-04-11 11:01:28,800 - Quantum Trading Bot - INFO - Trading signal for MSFT: 0.5703 (source: quantum)
2025-04-11 11:01:28,800 - Quantum Trading Bot - INFO - HOLD signal for MSFT (score: 0.5703, source: quantum)
2025-04-11 11:01:28,800 - Quantum Trading Bot - INFO - Processing NVDA
2025-04-11 11:01:28,800 - Quantum Trading Bot - INFO - Mock halal compliance check for NVDA: COMPLIANT
2025-04-11 11:01:28,809 - Quantum Trading Bot - INFO - Quantum device error rate: 0.0348
2025-04-11 11:01:28,811 - Quantum Trading Bot - INFO - Quantum prediction for NVDA: 0.6370 (confidence: 0.9652)
2025-04-11 11:01:28,811 - Quantum Trading Bot - INFO - Trading signal for NVDA: 0.6370 (source: quantum)
2025-04-11 11:01:28,811 - Quantum Trading Bot - INFO - HOLD signal for NVDA (score: 0.6370, source: quantum)
2025-04-11 11:01:28,821 - Quantum Trading Bot - INFO - Performance metrics saved: 40/72 winning trades
2025-04-11 11:01:28,821 - Quantum Trading Bot - INFO - Quantum prediction accuracy: 0.00
2025-04-11 11:01:28,821 - Quantum Trading Bot - INFO - Sleeping for 60 seconds
2025-04-11 11:02:27,160 - Trading System - INFO - Trading Bot is alive: True
2025-04-11 11:02:27,161 - Trading System - INFO - Monitor Bot is alive: True
2025-04-11 11:02:27,162 - Trading System - INFO - Improvement Bot is alive: True
2025-04-11 11:02:28,826 - Quantum Trading Bot - INFO - Starting trading cycle
2025-04-11 11:02:28,827 - Quantum Trading Bot - INFO - Processing AAPL
2025-04-11 11:02:28,827 - Quantum Trading Bot - INFO - Mock halal compliance check for AAPL: COMPLIANT
2025-04-11 11:02:28,845 - Quantum Trading Bot - INFO - Quantum device error rate: 0.0387
2025-04-11 11:02:28,850 - Quantum Trading Bot - INFO - Quantum prediction for AAPL: 0.6530 (confidence: 0.9613)
2025-04-11 11:02:28,850 - Quantum Trading Bot - INFO - Trading signal for AAPL: 0.6530 (source: quantum)
2025-04-11 11:02:28,851 - Quantum Trading Bot - INFO - HOLD signal for AAPL (score: 0.6530, source: quantum)
2025-04-11 11:02:28,852 - Quantum Trading Bot - INFO - Processing MSFT
2025-04-11 11:02:28,852 - Quantum Trading Bot - INFO - Mock halal compliance check for MSFT: COMPLIANT
2025-04-11 11:02:28,862 - Quantum Trading Bot - INFO - Quantum device error rate: 0.0501
2025-04-11 11:02:28,870 - Quantum Trading Bot - INFO - Quantum prediction for MSFT: 0.1214 (confidence: 0.9499)
2025-04-11 11:02:28,870 - Quantum Trading Bot - INFO - Trading signal for MSFT: 0.1214 (source: quantum)
2025-04-11 11:02:28,870 - Quantum Trading Bot - INFO - SELL signal for MSFT (score: 0.1214, source: quantum)
2025-04-11 11:02:28,871 - Quantum Trading Bot - WARNING - Cannot sell MSFT - no position
2025-04-11 11:02:28,871 - Quantum Trading Bot - INFO - Processing NVDA
2025-04-11 11:02:28,871 - Quantum Trading Bot - INFO - Mock halal compliance check for NVDA: COMPLIANT
2025-04-11 11:02:28,879 - Quantum Trading Bot - INFO - Quantum device error rate: 0.0402
2025-04-11 11:02:28,881 - Quantum Trading Bot - INFO - Quantum prediction for NVDA: 0.3870 (confidence: 0.9598)
2025-04-11 11:02:28,881 - Quantum Trading Bot - INFO - Trading signal for NVDA: 0.3870 (source: quantum)
2025-04-11 11:02:28,881 - Quantum Trading Bot - INFO - HOLD signal for NVDA (score: 0.3870, source: quantum)
2025-04-11 11:02:28,890 - Quantum Trading Bot - INFO - Performance metrics saved: 40/72 winning trades
2025-04-11 11:02:28,890 - Quantum Trading Bot - INFO - Quantum prediction accuracy: 0.00
2025-04-11 11:02:28,890 - Quantum Trading Bot - INFO - Sleeping for 60 seconds
2025-04-11 11:03:27,167 - Trading System - INFO - Trading Bot is alive: True
2025-04-11 11:03:27,170 - Trading System - INFO - Monitor Bot is alive: True
2025-04-11 11:03:27,170 - Trading System - INFO - Improvement Bot is alive: True
2025-04-11 11:03:28,896 - Quantum Trading Bot - INFO - Starting trading cycle
2025-04-11 11:03:28,897 - Quantum Trading Bot - INFO - Processing AAPL
2025-04-11 11:03:28,897 - Quantum Trading Bot - INFO - Mock halal compliance check for AAPL: COMPLIANT
2025-04-11 11:03:28,933 - Quantum Trading Bot - INFO - Quantum device error rate: 0.0339
2025-04-11 11:03:28,938 - Quantum Trading Bot - INFO - Quantum prediction for AAPL: 0.1660 (confidence: 0.9661)
2025-04-11 11:03:28,938 - Quantum Trading Bot - INFO - Trading signal for AAPL: 0.1660 (source: quantum)
2025-04-11 11:03:28,938 - Quantum Trading Bot - INFO - SELL signal for AAPL (score: 0.1660, source: quantum)
2025-04-11 11:03:28,940 - Quantum Trading Bot - WARNING - Cannot sell AAPL - no position
2025-04-11 11:03:28,941 - Quantum Trading Bot - INFO - Processing MSFT
2025-04-11 11:03:28,941 - Quantum Trading Bot - INFO - Mock halal compliance check for MSFT: COMPLIANT
2025-04-11 11:03:28,951 - Quantum Trading Bot - INFO - Quantum device error rate: 0.0369
2025-04-11 11:03:28,953 - Quantum Trading Bot - INFO - Quantum prediction for MSFT: 0.6600 (confidence: 0.9631)
2025-04-11 11:03:28,953 - Quantum Trading Bot - INFO - Trading signal for MSFT: 0.6600 (source: quantum)
2025-04-11 11:03:28,953 - Quantum Trading Bot - INFO - HOLD signal for MSFT (score: 0.6600, source: quantum)
2025-04-11 11:03:28,954 - Quantum Trading Bot - INFO - Processing NVDA
2025-04-11 11:03:28,954 - Quantum Trading Bot - INFO - Mock halal compliance check for NVDA: COMPLIANT
2025-04-11 11:03:28,962 - Quantum Trading Bot - INFO - Quantum device error rate: 0.0306
2025-04-11 11:03:28,964 - Quantum Trading Bot - INFO - Quantum prediction for NVDA: 0.3970 (confidence: 0.9694)
2025-04-11 11:03:28,964 - Quantum Trading Bot - INFO - Trading signal for NVDA: 0.3970 (source: quantum)
2025-04-11 11:03:28,964 - Quantum Trading Bot - INFO - HOLD signal for NVDA (score: 0.3970, source: quantum)
2025-04-11 11:03:28,974 - Quantum Trading Bot - INFO - Performance metrics saved: 40/72 winning trades
2025-04-11 11:03:28,974 - Quantum Trading Bot - INFO - Quantum prediction accuracy: 0.00
2025-04-11 11:03:28,974 - Quantum Trading Bot - INFO - Sleeping for 60 seconds
2025-04-11 11:04:27,176 - Trading System - INFO - Trading Bot is alive: True
2025-04-11 11:04:27,179 - Trading System - INFO - Monitor Bot is alive: True
2025-04-11 11:04:27,179 - Trading System - INFO - Improvement Bot is alive: True
2025-04-11 11:04:28,978 - Quantum Trading Bot - INFO - Starting trading cycle
2025-04-11 11:04:28,979 - Quantum Trading Bot - INFO - Processing AAPL
2025-04-11 11:04:28,979 - Quantum Trading Bot - INFO - Mock halal compliance check for AAPL: COMPLIANT
2025-04-11 11:04:29,019 - Quantum Trading Bot - INFO - Quantum device error rate: 0.0606
2025-04-11 11:04:29,030 - Quantum Trading Bot - INFO - Quantum prediction for AAPL: 0.3200 (confidence: 0.9394)
2025-04-11 11:04:29,030 - Quantum Trading Bot - INFO - Trading signal for AAPL: 0.3200 (source: quantum)
2025-04-11 11:04:29,030 - Quantum Trading Bot - INFO - HOLD signal for AAPL (score: 0.3200, source: quantum)
2025-04-11 11:04:29,032 - Quantum Trading Bot - INFO - Processing MSFT
2025-04-11 11:04:29,032 - Quantum Trading Bot - INFO - Mock halal compliance check for MSFT: COMPLIANT
2025-04-11 11:04:29,041 - Quantum Trading Bot - INFO - Quantum device error rate: 0.0486
2025-04-11 11:04:29,043 - Quantum Trading Bot - INFO - Quantum prediction for MSFT: 0.2470 (confidence: 0.9514)
2025-04-11 11:04:29,043 - Quantum Trading Bot - INFO - Trading signal for MSFT: 0.2470 (source: quantum)
2025-04-11 11:04:29,043 - Quantum Trading Bot - INFO - SELL signal for MSFT (score: 0.2470, source: quantum)
2025-04-11 11:04:29,044 - Quantum Trading Bot - WARNING - Cannot sell MSFT - no position
2025-04-11 11:04:29,045 - Quantum Trading Bot - INFO - Processing NVDA
2025-04-11 11:04:29,045 - Quantum Trading Bot - INFO - Mock halal compliance check for NVDA: COMPLIANT
2025-04-11 11:04:29,052 - Quantum Trading Bot - INFO - Quantum device error rate: 0.0309
2025-04-11 11:04:29,054 - Quantum Trading Bot - INFO - Quantum prediction for NVDA: 0.1070 (confidence: 0.9691)
2025-04-11 11:04:29,054 - Quantum Trading Bot - INFO - Trading signal for NVDA: 0.1070 (source: quantum)
2025-04-11 11:04:29,054 - Quantum Trading Bot - INFO - SELL signal for NVDA (score: 0.1070, source: quantum)
2025-04-11 11:04:29,055 - Quantum Trading Bot - WARNING - Cannot sell NVDA - no position
2025-04-11 11:04:29,064 - Quantum Trading Bot - INFO - Performance metrics saved: 40/72 winning trades
2025-04-11 11:04:29,064 - Quantum Trading Bot - INFO - Quantum prediction accuracy: 0.00
2025-04-11 11:04:29,064 - Quantum Trading Bot - INFO - Sleeping for 60 seconds
2025-04-11 11:05:27,170 - Trading System - INFO - Trading Bot is alive: True
2025-04-11 11:05:27,173 - Trading System - INFO - Monitor Bot is alive: True
2025-04-11 11:05:27,173 - Trading System - INFO - Improvement Bot is alive: True
2025-04-11 11:05:29,059 - Quantum Trading Bot - INFO - Starting trading cycle
2025-04-11 11:05:29,059 - Quantum Trading Bot - INFO - Processing AAPL
2025-04-11 11:05:29,060 - Quantum Trading Bot - INFO - Mock halal compliance check for AAPL: COMPLIANT
2025-04-11 11:05:29,084 - Quantum Trading Bot - INFO - Quantum device error rate: 0.0480
2025-04-11 11:05:29,088 - Quantum Trading Bot - INFO - Quantum prediction for AAPL: 0.4390 (confidence: 0.7616)
2025-04-11 11:05:29,089 - Quantum Trading Bot - INFO - Trading signal for AAPL: 0.4390 (source: quantum)
2025-04-11 11:05:29,089 - Quantum Trading Bot - INFO - HOLD signal for AAPL (score: 0.4390, source: quantum)
2025-04-11 11:05:29,089 - Quantum Trading Bot - INFO - Processing MSFT
2025-04-11 11:05:29,090 - Quantum Trading Bot - INFO - Mock halal compliance check for MSFT: COMPLIANT
2025-04-11 11:05:29,099 - Quantum Trading Bot - INFO - Quantum device error rate: 0.0213
2025-04-11 11:05:29,101 - Quantum Trading Bot - INFO - Quantum prediction for MSFT: 0.6840 (confidence: 0.9787)
2025-04-11 11:05:29,101 - Quantum Trading Bot - INFO - Trading signal for MSFT: 0.6840 (source: quantum)
2025-04-11 11:05:29,101 - Quantum Trading Bot - INFO - HOLD signal for MSFT (score: 0.6840, source: quantum)
2025-04-11 11:05:29,102 - Quantum Trading Bot - INFO - Processing NVDA
2025-04-11 11:05:29,102 - Quantum Trading Bot - INFO - Mock halal compliance check for NVDA: COMPLIANT
2025-04-11 11:05:29,109 - Quantum Trading Bot - INFO - Quantum device error rate: 0.0321
2025-04-11 11:05:29,111 - Quantum Trading Bot - INFO - Quantum prediction for NVDA: 0.9160 (confidence: 0.9679)
2025-04-11 11:05:29,111 - Quantum Trading Bot - INFO - Trading signal for NVDA: 0.9160 (source: quantum)
2025-04-11 11:05:29,111 - Quantum Trading Bot - INFO - HOLD signal for NVDA (score: 0.9160, source: quantum)
2025-04-11 11:05:29,121 - Quantum Trading Bot - INFO - Performance metrics saved: 40/72 winning trades
2025-04-11 11:05:29,121 - Quantum Trading Bot - INFO - Quantum prediction accuracy: 0.00
2025-04-11 11:05:29,121 - Quantum Trading Bot - INFO - Sleeping for 60 seconds
2025-04-11 11:06:27,174 - Trading System - INFO - Trading Bot is alive: True
2025-04-11 11:06:27,175 - Trading System - INFO - Monitor Bot is alive: True
2025-04-11 11:06:27,175 - Trading System - INFO - Improvement Bot is alive: True
2025-04-11 11:06:29,126 - Quantum Trading Bot - INFO - Starting trading cycle
2025-04-11 11:06:29,127 - Quantum Trading Bot - INFO - Processing AAPL
2025-04-11 11:06:29,127 - Quantum Trading Bot - INFO - Mock halal compliance check for AAPL: COMPLIANT
2025-04-11 11:06:29,151 - Quantum Trading Bot - INFO - Quantum device error rate: 0.0420
2025-04-11 11:06:29,157 - Quantum Trading Bot - INFO - Quantum prediction for AAPL: 0.6120 (confidence: 0.9580)
2025-04-11 11:06:29,157 - Quantum Trading Bot - INFO - Trading signal for AAPL: 0.6120 (source: quantum)
2025-04-11 11:06:29,157 - Quantum Trading Bot - INFO - HOLD signal for AAPL (score: 0.6120, source: quantum)
2025-04-11 11:06:29,158 - Quantum Trading Bot - INFO - Processing MSFT
2025-04-11 11:06:29,159 - Quantum Trading Bot - INFO - Mock halal compliance check for MSFT: COMPLIANT
2025-04-11 11:06:29,170 - Quantum Trading Bot - INFO - Quantum device error rate: 0.0384
2025-04-11 11:06:29,173 - Quantum Trading Bot - INFO - Quantum prediction for MSFT: 0.2410 (confidence: 0.9616)
2025-04-11 11:06:29,173 - Quantum Trading Bot - INFO - Trading signal for MSFT: 0.2410 (source: quantum)
2025-04-11 11:06:29,173 - Quantum Trading Bot - INFO - SELL signal for MSFT (score: 0.2410, source: quantum)
2025-04-11 11:06:29,174 - Quantum Trading Bot - WARNING - Cannot sell MSFT - no position
2025-04-11 11:06:29,175 - Quantum Trading Bot - INFO - Processing NVDA
2025-04-11 11:06:29,175 - Quantum Trading Bot - INFO - Mock halal compliance check for NVDA: COMPLIANT
2025-04-11 11:06:29,184 - Quantum Trading Bot - INFO - Quantum device error rate: 0.0486
2025-04-11 11:06:29,186 - Quantum Trading Bot - INFO - Quantum prediction for NVDA: 0.4150 (confidence: 0.7611)
2025-04-11 11:06:29,186 - Quantum Trading Bot - INFO - Trading signal for NVDA: 0.4150 (source: quantum)
2025-04-11 11:06:29,186 - Quantum Trading Bot - INFO - HOLD signal for NVDA (score: 0.4150, source: quantum)
2025-04-11 11:06:29,196 - Quantum Trading Bot - INFO - Performance metrics saved: 40/72 winning trades
2025-04-11 11:06:29,196 - Quantum Trading Bot - INFO - Quantum prediction accuracy: 0.00
2025-04-11 11:06:29,196 - Quantum Trading Bot - INFO - Sleeping for 60 seconds
2025-04-11 11:07:27,177 - Trading System - INFO - Trading Bot is alive: True
2025-04-11 11:07:27,178 - Trading System - INFO - Monitor Bot is alive: True
2025-04-11 11:07:27,179 - Trading System - INFO - Improvement Bot is alive: True
2025-04-11 11:07:29,202 - Quantum Trading Bot - INFO - Starting trading cycle
2025-04-11 11:07:29,202 - Quantum Trading Bot - INFO - Processing AAPL
2025-04-11 11:07:29,202 - Quantum Trading Bot - INFO - Mock halal compliance check for AAPL: COMPLIANT
2025-04-11 11:07:29,228 - Quantum Trading Bot - INFO - Quantum device error rate: 0.0516
2025-04-11 11:07:29,241 - Quantum Trading Bot - INFO - Quantum prediction for AAPL: 0.2860 (confidence: 0.9484)
2025-04-11 11:07:29,241 - Quantum Trading Bot - INFO - Trading signal for AAPL: 0.2860 (source: quantum)
2025-04-11 11:07:29,241 - Quantum Trading Bot - INFO - SELL signal for AAPL (score: 0.2860, source: quantum)
2025-04-11 11:07:29,242 - Quantum Trading Bot - WARNING - Cannot sell AAPL - no position
2025-04-11 11:07:29,244 - Quantum Trading Bot - INFO - Processing MSFT
2025-04-11 11:07:29,244 - Quantum Trading Bot - INFO - Mock halal compliance check for MSFT: COMPLIANT
2025-04-11 11:07:29,254 - Quantum Trading Bot - INFO - Quantum device error rate: 0.0393
2025-04-11 11:07:29,256 - Quantum Trading Bot - INFO - Quantum prediction for MSFT: 0.2820 (confidence: 0.9607)
2025-04-11 11:07:29,256 - Quantum Trading Bot - INFO - Trading signal for MSFT: 0.2820 (source: quantum)
2025-04-11 11:07:29,256 - Quantum Trading Bot - INFO - SELL signal for MSFT (score: 0.2820, source: quantum)
2025-04-11 11:07:29,257 - Quantum Trading Bot - WARNING - Cannot sell MSFT - no position
2025-04-11 11:07:29,258 - Quantum Trading Bot - INFO - Processing NVDA
2025-04-11 11:07:29,258 - Quantum Trading Bot - INFO - Mock halal compliance check for NVDA: COMPLIANT
2025-04-11 11:07:29,266 - Quantum Trading Bot - INFO - Quantum device error rate: 0.0276
2025-04-11 11:07:29,268 - Quantum Trading Bot - INFO - Quantum prediction for NVDA: 0.6570 (confidence: 0.9724)
2025-04-11 11:07:29,268 - Quantum Trading Bot - INFO - Trading signal for NVDA: 0.6570 (source: quantum)
2025-04-11 11:07:29,268 - Quantum Trading Bot - INFO - HOLD signal for NVDA (score: 0.6570, source: quantum)
2025-04-11 11:07:29,278 - Quantum Trading Bot - INFO - Performance metrics saved: 40/72 winning trades
2025-04-11 11:07:29,278 - Quantum Trading Bot - INFO - Quantum prediction accuracy: 0.00
2025-04-11 11:07:29,278 - Quantum Trading Bot - INFO - Sleeping for 60 seconds
2025-04-11 11:08:27,184 - Trading System - INFO - Trading Bot is alive: True
2025-04-11 11:08:27,186 - Trading System - INFO - Monitor Bot is alive: True
2025-04-11 11:08:27,186 - Trading System - INFO - Improvement Bot is alive: True
2025-04-11 11:08:29,283 - Quantum Trading Bot - INFO - Starting trading cycle
2025-04-11 11:08:29,284 - Quantum Trading Bot - INFO - Processing AAPL
2025-04-11 11:08:29,284 - Quantum Trading Bot - INFO - Mock halal compliance check for AAPL: COMPLIANT
2025-04-11 11:08:29,305 - Quantum Trading Bot - INFO - Quantum device error rate: 0.0420
2025-04-11 11:08:29,310 - Quantum Trading Bot - INFO - Quantum prediction for AAPL: 0.3330 (confidence: 0.9580)
2025-04-11 11:08:29,310 - Quantum Trading Bot - INFO - Trading signal for AAPL: 0.3330 (source: quantum)
2025-04-11 11:08:29,310 - Quantum Trading Bot - INFO - HOLD signal for AAPL (score: 0.3330, source: quantum)
2025-04-11 11:08:29,311 - Quantum Trading Bot - INFO - Processing MSFT
2025-04-11 11:08:29,311 - Quantum Trading Bot - INFO - Mock halal compliance check for MSFT: COMPLIANT
2025-04-11 11:08:29,322 - Quantum Trading Bot - INFO - Quantum device error rate: 0.0474
2025-04-11 11:08:29,325 - Quantum Trading Bot - INFO - Quantum prediction for MSFT: 0.6300 (confidence: 0.9526)
2025-04-11 11:08:29,325 - Quantum Trading Bot - INFO - Trading signal for MSFT: 0.6300 (source: quantum)
2025-04-11 11:08:29,325 - Quantum Trading Bot - INFO - HOLD signal for MSFT (score: 0.6300, source: quantum)
2025-04-11 11:08:29,325 - Quantum Trading Bot - INFO - Processing NVDA
2025-04-11 11:08:29,325 - Quantum Trading Bot - INFO - Mock halal compliance check for NVDA: COMPLIANT
2025-04-11 11:08:29,334 - Quantum Trading Bot - INFO - Quantum device error rate: 0.0363
2025-04-11 11:08:29,336 - Quantum Trading Bot - INFO - Quantum prediction for NVDA: 0.5480 (confidence: 0.7710)
2025-04-11 11:08:29,336 - Quantum Trading Bot - INFO - Trading signal for NVDA: 0.5480 (source: quantum)
2025-04-11 11:08:29,336 - Quantum Trading Bot - INFO - HOLD signal for NVDA (score: 0.5480, source: quantum)
2025-04-11 11:08:29,346 - Quantum Trading Bot - INFO - Performance metrics saved: 40/72 winning trades
2025-04-11 11:08:29,346 - Quantum Trading Bot - INFO - Quantum prediction accuracy: 0.00
2025-04-11 11:08:29,346 - Quantum Trading Bot - INFO - Sleeping for 60 seconds
2025-04-11 11:09:27,187 - Trading System - INFO - Trading Bot is alive: True
2025-04-11 11:09:27,189 - Trading System - INFO - Monitor Bot is alive: True
2025-04-11 11:09:27,189 - Trading System - INFO - Improvement Bot is alive: True
2025-04-11 11:09:29,352 - Quantum Trading Bot - INFO - Starting trading cycle
2025-04-11 11:09:29,352 - Quantum Trading Bot - INFO - Processing AAPL
2025-04-11 11:09:29,352 - Quantum Trading Bot - INFO - Mock halal compliance check for AAPL: COMPLIANT
2025-04-11 11:09:29,378 - Quantum Trading Bot - INFO - Quantum device error rate: 0.0546
2025-04-11 11:09:29,391 - Quantum Trading Bot - INFO - Quantum prediction for AAPL: 0.5607 (confidence: 0.7563)
2025-04-11 11:09:29,391 - Quantum Trading Bot - INFO - Trading signal for AAPL: 0.5607 (source: quantum)
2025-04-11 11:09:29,391 - Quantum Trading Bot - INFO - HOLD signal for AAPL (score: 0.5607, source: quantum)
2025-04-11 11:09:29,392 - Quantum Trading Bot - INFO - Processing MSFT
2025-04-11 11:09:29,392 - Quantum Trading Bot - INFO - Mock halal compliance check for MSFT: COMPLIANT
2025-04-11 11:09:29,401 - Quantum Trading Bot - INFO - Quantum device error rate: 0.0351
2025-04-11 11:09:29,404 - Quantum Trading Bot - INFO - Quantum prediction for MSFT: 0.2480 (confidence: 0.9649)
2025-04-11 11:09:29,404 - Quantum Trading Bot - INFO - Trading signal for MSFT: 0.2480 (source: quantum)
2025-04-11 11:09:29,404 - Quantum Trading Bot - INFO - SELL signal for MSFT (score: 0.2480, source: quantum)
2025-04-11 11:09:29,405 - Quantum Trading Bot - WARNING - Cannot sell MSFT - no position
2025-04-11 11:09:29,406 - Quantum Trading Bot - INFO - Processing NVDA
2025-04-11 11:09:29,406 - Quantum Trading Bot - INFO - Mock halal compliance check for NVDA: COMPLIANT
2025-04-11 11:09:29,414 - Quantum Trading Bot - INFO - Quantum device error rate: 0.0255
2025-04-11 11:09:29,416 - Quantum Trading Bot - INFO - Quantum prediction for NVDA: 0.6730 (confidence: 0.9745)
2025-04-11 11:09:29,416 - Quantum Trading Bot - INFO - Trading signal for NVDA: 0.6730 (source: quantum)
2025-04-11 11:09:29,416 - Quantum Trading Bot - INFO - HOLD signal for NVDA (score: 0.6730, source: quantum)
2025-04-11 11:09:29,426 - Quantum Trading Bot - INFO - Performance metrics saved: 40/72 winning trades
2025-04-11 11:09:29,426 - Quantum Trading Bot - INFO - Quantum prediction accuracy: 0.00
2025-04-11 11:09:29,426 - Quantum Trading Bot - INFO - Sleeping for 60 seconds
2025-04-11 11:10:27,192 - Trading System - INFO - Trading Bot is alive: True
2025-04-11 11:10:27,194 - Trading System - INFO - Monitor Bot is alive: True
2025-04-11 11:10:27,194 - Trading System - INFO - Improvement Bot is alive: True
2025-04-11 11:10:29,432 - Quantum Trading Bot - INFO - Starting trading cycle
2025-04-11 11:10:29,432 - Quantum Trading Bot - INFO - Processing AAPL
2025-04-11 11:10:29,432 - Quantum Trading Bot - INFO - Mock halal compliance check for AAPL: COMPLIANT
2025-04-11 11:10:29,453 - Quantum Trading Bot - INFO - Quantum device error rate: 0.0369
2025-04-11 11:10:29,457 - Quantum Trading Bot - INFO - Quantum prediction for AAPL: 0.7350 (confidence: 0.9631)
2025-04-11 11:10:29,457 - Quantum Trading Bot - INFO - Trading signal for AAPL: 0.7350 (source: quantum)
2025-04-11 11:10:29,457 - Quantum Trading Bot - INFO - HOLD signal for AAPL (score: 0.7350, source: quantum)
2025-04-11 11:10:29,457 - Quantum Trading Bot - INFO - Processing MSFT
2025-04-11 11:10:29,458 - Quantum Trading Bot - INFO - Mock halal compliance check for MSFT: COMPLIANT
2025-04-11 11:10:29,467 - Quantum Trading Bot - INFO - Quantum device error rate: 0.0363
2025-04-11 11:10:29,470 - Quantum Trading Bot - INFO - Quantum prediction for MSFT: 0.9860 (confidence: 0.9637)
2025-04-11 11:10:29,470 - Quantum Trading Bot - INFO - Trading signal for MSFT: 0.9860 (source: quantum)
2025-04-11 11:10:29,470 - Quantum Trading Bot - INFO - HOLD signal for MSFT (score: 0.9860, source: quantum)
2025-04-11 11:10:29,471 - Quantum Trading Bot - INFO - Processing NVDA
2025-04-11 11:10:29,471 - Quantum Trading Bot - INFO - Mock halal compliance check for NVDA: COMPLIANT
2025-04-11 11:10:29,479 - Quantum Trading Bot - INFO - Quantum device error rate: 0.0207
2025-04-11 11:10:29,481 - Quantum Trading Bot - INFO - Quantum prediction for NVDA: 0.7140 (confidence: 0.9793)
2025-04-11 11:10:29,481 - Quantum Trading Bot - INFO - Trading signal for NVDA: 0.7140 (source: quantum)
2025-04-11 11:10:29,481 - Quantum Trading Bot - INFO - HOLD signal for NVDA (score: 0.7140, source: quantum)
2025-04-11 11:10:29,491 - Quantum Trading Bot - INFO - Performance metrics saved: 40/72 winning trades
2025-04-11 11:10:29,491 - Quantum Trading Bot - INFO - Quantum prediction accuracy: 0.00
2025-04-11 11:10:29,491 - Quantum Trading Bot - INFO - Sleeping for 60 seconds
2025-04-11 11:11:27,197 - Trading System - INFO - Trading Bot is alive: True
2025-04-11 11:11:27,198 - Trading System - INFO - Monitor Bot is alive: True
2025-04-11 11:11:27,198 - Trading System - INFO - Improvement Bot is alive: True
2025-04-11 11:11:29,496 - Quantum Trading Bot - INFO - Starting trading cycle
2025-04-11 11:11:29,497 - Quantum Trading Bot - INFO - Processing AAPL
2025-04-11 11:11:29,497 - Quantum Trading Bot - INFO - Mock halal compliance check for AAPL: COMPLIANT
2025-04-11 11:11:29,517 - Quantum Trading Bot - INFO - Quantum device error rate: 0.0393
2025-04-11 11:11:29,521 - Quantum Trading Bot - INFO - Quantum prediction for AAPL: 0.3110 (confidence: 0.9607)
2025-04-11 11:11:29,521 - Quantum Trading Bot - INFO - Trading signal for AAPL: 0.3110 (source: quantum)
2025-04-11 11:11:29,522 - Quantum Trading Bot - INFO - HOLD signal for AAPL (score: 0.3110, source: quantum)
2025-04-11 11:11:29,522 - Quantum Trading Bot - INFO - Processing MSFT
2025-04-11 11:11:29,522 - Quantum Trading Bot - INFO - Mock halal compliance check for MSFT: COMPLIANT
2025-04-11 11:11:29,531 - Quantum Trading Bot - INFO - Quantum device error rate: 0.0378
2025-04-11 11:11:29,534 - Quantum Trading Bot - INFO - Quantum prediction for MSFT: 0.8530 (confidence: 0.9622)
2025-04-11 11:11:29,534 - Quantum Trading Bot - INFO - Trading signal for MSFT: 0.8530 (source: quantum)
2025-04-11 11:11:29,534 - Quantum Trading Bot - INFO - HOLD signal for MSFT (score: 0.8530, source: quantum)
2025-04-11 11:11:29,535 - Quantum Trading Bot - INFO - Processing NVDA
2025-04-11 11:11:29,535 - Quantum Trading Bot - INFO - Mock halal compliance check for NVDA: COMPLIANT
2025-04-11 11:11:29,542 - Quantum Trading Bot - INFO - Quantum device error rate: 0.0600
2025-04-11 11:11:29,550 - Quantum Trading Bot - INFO - Quantum prediction for NVDA: 0.7070 (confidence: 0.9400)
2025-04-11 11:11:29,550 - Quantum Trading Bot - INFO - Trading signal for NVDA: 0.7070 (source: quantum)
2025-04-11 11:11:29,550 - Quantum Trading Bot - INFO - HOLD signal for NVDA (score: 0.7070, source: quantum)
2025-04-11 11:11:29,559 - Quantum Trading Bot - INFO - Performance metrics saved: 40/72 winning trades
2025-04-11 11:11:29,559 - Quantum Trading Bot - INFO - Quantum prediction accuracy: 0.00
2025-04-11 11:11:29,559 - Quantum Trading Bot - INFO - Sleeping for 60 seconds
2025-04-11 11:12:27,201 - Trading System - INFO - Trading Bot is alive: True
2025-04-11 11:12:27,203 - Trading System - INFO - Monitor Bot is alive: True
2025-04-11 11:12:27,203 - Trading System - INFO - Improvement Bot is alive: True
2025-04-11 11:12:29,564 - Quantum Trading Bot - INFO - Starting trading cycle
2025-04-11 11:12:29,565 - Quantum Trading Bot - INFO - Processing AAPL
2025-04-11 11:12:29,565 - Quantum Trading Bot - INFO - Mock halal compliance check for AAPL: COMPLIANT
2025-04-11 11:12:29,585 - Quantum Trading Bot - INFO - Quantum device error rate: 0.0387
2025-04-11 11:12:29,590 - Quantum Trading Bot - INFO - Quantum prediction for AAPL: 0.4520 (confidence: 0.7690)
2025-04-11 11:12:29,590 - Quantum Trading Bot - INFO - Trading signal for AAPL: 0.4520 (source: quantum)
2025-04-11 11:12:29,590 - Quantum Trading Bot - INFO - HOLD signal for AAPL (score: 0.4520, source: quantum)
2025-04-11 11:12:29,591 - Quantum Trading Bot - INFO - Processing MSFT
2025-04-11 11:12:29,591 - Quantum Trading Bot - INFO - Mock halal compliance check for MSFT: COMPLIANT
2025-04-11 11:12:29,600 - Quantum Trading Bot - INFO - Quantum device error rate: 0.0339
2025-04-11 11:12:29,603 - Quantum Trading Bot - INFO - Quantum prediction for MSFT: 0.4340 (confidence: 0.7729)
2025-04-11 11:12:29,603 - Quantum Trading Bot - INFO - Trading signal for MSFT: 0.4340 (source: quantum)
2025-04-11 11:12:29,603 - Quantum Trading Bot - INFO - HOLD signal for MSFT (score: 0.4340, source: quantum)
2025-04-11 11:12:29,604 - Quantum Trading Bot - INFO - Processing NVDA
2025-04-11 11:12:29,604 - Quantum Trading Bot - INFO - Mock halal compliance check for NVDA: COMPLIANT
2025-04-11 11:12:29,613 - Quantum Trading Bot - INFO - Quantum device error rate: 0.0306
2025-04-11 11:12:29,615 - Quantum Trading Bot - INFO - Quantum prediction for NVDA: 0.8290 (confidence: 0.9694)
2025-04-11 11:12:29,615 - Quantum Trading Bot - INFO - Trading signal for NVDA: 0.8290 (source: quantum)
2025-04-11 11:12:29,615 - Quantum Trading Bot - INFO - HOLD signal for NVDA (score: 0.8290, source: quantum)
2025-04-11 11:12:29,625 - Quantum Trading Bot - INFO - Performance metrics saved: 40/72 winning trades
2025-04-11 11:12:29,625 - Quantum Trading Bot - INFO - Quantum prediction accuracy: 0.00
2025-04-11 11:12:29,625 - Quantum Trading Bot - INFO - Sleeping for 60 seconds
2025-04-11 11:13:27,206 - Trading System - INFO - Trading Bot is alive: True
2025-04-11 11:13:27,208 - Trading System - INFO - Monitor Bot is alive: True
2025-04-11 11:13:27,208 - Trading System - INFO - Improvement Bot is alive: True
2025-04-11 11:13:29,630 - Quantum Trading Bot - INFO - Starting trading cycle
2025-04-11 11:13:29,631 - Quantum Trading Bot - INFO - Processing AAPL
2025-04-11 11:13:29,631 - Quantum Trading Bot - INFO - Mock halal compliance check for AAPL: COMPLIANT
2025-04-11 11:13:29,655 - Quantum Trading Bot - INFO - Quantum device error rate: 0.0408
2025-04-11 11:13:29,660 - Quantum Trading Bot - INFO - Quantum prediction for AAPL: 0.3000 (confidence: 0.9592)
2025-04-11 11:13:29,660 - Quantum Trading Bot - INFO - Trading signal for AAPL: 0.3000 (source: quantum)
2025-04-11 11:13:29,660 - Quantum Trading Bot - INFO - HOLD signal for AAPL (score: 0.3000, source: quantum)
2025-04-11 11:13:29,662 - Quantum Trading Bot - INFO - Processing MSFT
2025-04-11 11:13:29,662 - Quantum Trading Bot - INFO - Mock halal compliance check for MSFT: COMPLIANT
2025-04-11 11:13:29,673 - Quantum Trading Bot - INFO - Quantum device error rate: 0.0327
2025-04-11 11:13:29,676 - Quantum Trading Bot - INFO - Quantum prediction for MSFT: 0.3780 (confidence: 0.9673)
2025-04-11 11:13:29,676 - Quantum Trading Bot - INFO - Trading signal for MSFT: 0.3780 (source: quantum)
2025-04-11 11:13:29,676 - Quantum Trading Bot - INFO - HOLD signal for MSFT (score: 0.3780, source: quantum)
2025-04-11 11:13:29,677 - Quantum Trading Bot - INFO - Processing NVDA
2025-04-11 11:13:29,677 - Quantum Trading Bot - INFO - Mock halal compliance check for NVDA: COMPLIANT
2025-04-11 11:13:29,686 - Quantum Trading Bot - INFO - Quantum device error rate: 0.0429
2025-04-11 11:13:29,688 - Quantum Trading Bot - INFO - Quantum prediction for NVDA: 0.6360 (confidence: 0.9571)
2025-04-11 11:13:29,688 - Quantum Trading Bot - INFO - Trading signal for NVDA: 0.6360 (source: quantum)
2025-04-11 11:13:29,688 - Quantum Trading Bot - INFO - HOLD signal for NVDA (score: 0.6360, source: quantum)
2025-04-11 11:13:29,698 - Quantum Trading Bot - INFO - Performance metrics saved: 40/72 winning trades
2025-04-11 11:13:29,699 - Quantum Trading Bot - INFO - Quantum prediction accuracy: 0.00
2025-04-11 11:13:29,699 - Quantum Trading Bot - INFO - Sleeping for 60 seconds
2025-04-11 11:14:27,212 - Trading System - INFO - Trading Bot is alive: True
2025-04-11 11:14:27,214 - Trading System - INFO - Monitor Bot is alive: True
2025-04-11 11:14:27,214 - Trading System - INFO - Improvement Bot is alive: True
2025-04-11 11:14:29,704 - Quantum Trading Bot - INFO - Starting trading cycle
2025-04-11 11:14:29,705 - Quantum Trading Bot - INFO - Processing AAPL
2025-04-11 11:14:29,705 - Quantum Trading Bot - INFO - Mock halal compliance check for AAPL: COMPLIANT
2025-04-11 11:14:29,732 - Quantum Trading Bot - INFO - Quantum device error rate: 0.0453
2025-04-11 11:14:29,737 - Quantum Trading Bot - INFO - Quantum prediction for AAPL: 0.7710 (confidence: 0.9547)
2025-04-11 11:14:29,737 - Quantum Trading Bot - INFO - Trading signal for AAPL: 0.7710 (source: quantum)
2025-04-11 11:14:29,737 - Quantum Trading Bot - INFO - HOLD signal for AAPL (score: 0.7710, source: quantum)
2025-04-11 11:14:29,738 - Quantum Trading Bot - INFO - Processing MSFT
2025-04-11 11:14:29,738 - Quantum Trading Bot - INFO - Mock halal compliance check for MSFT: COMPLIANT
2025-04-11 11:14:29,749 - Quantum Trading Bot - INFO - Quantum device error rate: 0.0534
2025-04-11 11:14:29,758 - Quantum Trading Bot - INFO - Quantum prediction for MSFT: 0.6106 (confidence: 0.9466)
2025-04-11 11:14:29,758 - Quantum Trading Bot - INFO - Trading signal for MSFT: 0.6106 (source: quantum)
2025-04-11 11:14:29,758 - Quantum Trading Bot - INFO - HOLD signal for MSFT (score: 0.6106, source: quantum)
2025-04-11 11:14:29,759 - Quantum Trading Bot - INFO - Processing NVDA
2025-04-11 11:14:29,759 - Quantum Trading Bot - INFO - Mock halal compliance check for NVDA: COMPLIANT
2025-04-11 11:14:29,767 - Quantum Trading Bot - INFO - Quantum device error rate: 0.0474
2025-04-11 11:14:29,770 - Quantum Trading Bot - INFO - Quantum prediction for NVDA: 0.0510 (confidence: 0.9526)
2025-04-11 11:14:29,770 - Quantum Trading Bot - INFO - Trading signal for NVDA: 0.0510 (source: quantum)
2025-04-11 11:14:29,770 - Quantum Trading Bot - INFO - SELL signal for NVDA (score: 0.0510, source: quantum)
2025-04-11 11:14:29,771 - Quantum Trading Bot - WARNING - Cannot sell NVDA - no position
2025-04-11 11:14:29,780 - Quantum Trading Bot - INFO - Performance metrics saved: 40/72 winning trades
2025-04-11 11:14:29,780 - Quantum Trading Bot - INFO - Quantum prediction accuracy: 0.00
2025-04-11 11:14:29,780 - Quantum Trading Bot - INFO - Sleeping for 60 seconds
2025-04-11 11:15:27,220 - Trading System - INFO - Trading Bot is alive: True
2025-04-11 11:15:27,221 - Trading System - INFO - Monitor Bot is alive: True
2025-04-11 11:15:27,222 - Trading System - INFO - Improvement Bot is alive: True
2025-04-11 11:15:29,786 - Quantum Trading Bot - INFO - Starting trading cycle
2025-04-11 11:15:29,786 - Quantum Trading Bot - INFO - Processing AAPL
2025-04-11 11:15:29,786 - Quantum Trading Bot - INFO - Mock halal compliance check for AAPL: COMPLIANT
2025-04-11 11:15:29,813 - Quantum Trading Bot - INFO - Quantum device error rate: 0.0345
2025-04-11 11:15:29,819 - Quantum Trading Bot - INFO - Quantum prediction for AAPL: 0.8070 (confidence: 0.9655)
2025-04-11 11:15:29,819 - Quantum Trading Bot - INFO - Trading signal for AAPL: 0.8070 (source: quantum)
2025-04-11 11:15:29,819 - Quantum Trading Bot - INFO - HOLD signal for AAPL (score: 0.8070, source: quantum)
2025-04-11 11:15:29,821 - Quantum Trading Bot - INFO - Processing MSFT
2025-04-11 11:15:29,821 - Quantum Trading Bot - INFO - Mock halal compliance check for MSFT: COMPLIANT
2025-04-11 11:15:29,833 - Quantum Trading Bot - INFO - Quantum device error rate: 0.0288
2025-04-11 11:15:29,836 - Quantum Trading Bot - INFO - Quantum prediction for MSFT: 0.8020 (confidence: 0.9712)
2025-04-11 11:15:29,836 - Quantum Trading Bot - INFO - Trading signal for MSFT: 0.8020 (source: quantum)
2025-04-11 11:15:29,836 - Quantum Trading Bot - INFO - HOLD signal for MSFT (score: 0.8020, source: quantum)
2025-04-11 11:15:29,837 - Quantum Trading Bot - INFO - Processing NVDA
2025-04-11 11:15:29,837 - Quantum Trading Bot - INFO - Mock halal compliance check for NVDA: COMPLIANT
2025-04-11 11:15:29,846 - Quantum Trading Bot - INFO - Quantum device error rate: 0.0321
2025-04-11 11:15:29,848 - Quantum Trading Bot - INFO - Quantum prediction for NVDA: 0.4730 (confidence: 0.7743)
2025-04-11 11:15:29,848 - Quantum Trading Bot - INFO - Trading signal for NVDA: 0.4730 (source: quantum)
2025-04-11 11:15:29,848 - Quantum Trading Bot - INFO - HOLD signal for NVDA (score: 0.4730, source: quantum)
2025-04-11 11:15:29,859 - Quantum Trading Bot - INFO - Performance metrics saved: 40/72 winning trades
2025-04-11 11:15:29,859 - Quantum Trading Bot - INFO - Quantum prediction accuracy: 0.00
2025-04-11 11:15:29,860 - Quantum Trading Bot - INFO - Sleeping for 60 seconds
2025-04-11 11:16:27,227 - Trading System - INFO - Trading Bot is alive: True
2025-04-11 11:16:27,229 - Trading System - INFO - Monitor Bot is alive: True
2025-04-11 11:16:27,230 - Trading System - INFO - Improvement Bot is alive: True
2025-04-11 11:16:29,865 - Quantum Trading Bot - INFO - Starting trading cycle
2025-04-11 11:16:29,866 - Quantum Trading Bot - INFO - Processing AAPL
2025-04-11 11:16:29,866 - Quantum Trading Bot - INFO - Mock halal compliance check for AAPL: COMPLIANT
2025-04-11 11:16:29,897 - Quantum Trading Bot - INFO - Quantum device error rate: 0.0321
2025-04-11 11:16:29,903 - Quantum Trading Bot - INFO - Quantum prediction for AAPL: 0.2340 (confidence: 0.9679)
2025-04-11 11:16:29,903 - Quantum Trading Bot - INFO - Trading signal for AAPL: 0.2340 (source: quantum)
2025-04-11 11:16:29,903 - Quantum Trading Bot - INFO - SELL signal for AAPL (score: 0.2340, source: quantum)
2025-04-11 11:16:29,905 - Quantum Trading Bot - WARNING - Cannot sell AAPL - no position
2025-04-11 11:16:29,906 - Quantum Trading Bot - INFO - Processing MSFT
2025-04-11 11:16:29,906 - Quantum Trading Bot - INFO - Mock halal compliance check for MSFT: COMPLIANT
2025-04-11 11:16:29,916 - Quantum Trading Bot - INFO - Quantum device error rate: 0.0471
2025-04-11 11:16:29,919 - Quantum Trading Bot - INFO - Quantum prediction for MSFT: 0.3180 (confidence: 0.9529)
2025-04-11 11:16:29,919 - Quantum Trading Bot - INFO - Trading signal for MSFT: 0.3180 (source: quantum)
2025-04-11 11:16:29,919 - Quantum Trading Bot - INFO - HOLD signal for MSFT (score: 0.3180, source: quantum)
2025-04-11 11:16:29,920 - Quantum Trading Bot - INFO - Processing NVDA
2025-04-11 11:16:29,920 - Quantum Trading Bot - INFO - Mock halal compliance check for NVDA: COMPLIANT
2025-04-11 11:16:29,928 - Quantum Trading Bot - INFO - Quantum device error rate: 0.0153
2025-04-11 11:16:29,930 - Quantum Trading Bot - INFO - Quantum prediction for NVDA: 0.3660 (confidence: 0.9847)
2025-04-11 11:16:29,930 - Quantum Trading Bot - INFO - Trading signal for NVDA: 0.3660 (source: quantum)
2025-04-11 11:16:29,930 - Quantum Trading Bot - INFO - HOLD signal for NVDA (score: 0.3660, source: quantum)
2025-04-11 11:16:29,940 - Quantum Trading Bot - INFO - Performance metrics saved: 40/72 winning trades
2025-04-11 11:16:29,940 - Quantum Trading Bot - INFO - Quantum prediction accuracy: 0.00
2025-04-11 11:16:29,941 - Quantum Trading Bot - INFO - Sleeping for 60 seconds
2025-04-11 11:17:27,235 - Trading System - INFO - Trading Bot is alive: True
2025-04-11 11:17:27,237 - Trading System - INFO - Monitor Bot is alive: True
2025-04-11 11:17:27,237 - Trading System - INFO - Improvement Bot is alive: True
2025-04-11 11:17:29,946 - Quantum Trading Bot - INFO - Starting trading cycle
2025-04-11 11:17:29,946 - Quantum Trading Bot - INFO - Processing AAPL
2025-04-11 11:17:29,947 - Quantum Trading Bot - INFO - Mock halal compliance check for AAPL: COMPLIANT
2025-04-11 11:17:29,971 - Quantum Trading Bot - INFO - Quantum device error rate: 0.0495
2025-04-11 11:17:29,976 - Quantum Trading Bot - INFO - Quantum prediction for AAPL: 0.5160 (confidence: 0.7604)
2025-04-11 11:17:29,976 - Quantum Trading Bot - INFO - Trading signal for AAPL: 0.5160 (source: quantum)
2025-04-11 11:17:29,976 - Quantum Trading Bot - INFO - HOLD signal for AAPL (score: 0.5160, source: quantum)
2025-04-11 11:17:29,978 - Quantum Trading Bot - INFO - Processing MSFT
2025-04-11 11:17:29,978 - Quantum Trading Bot - INFO - Mock halal compliance check for MSFT: COMPLIANT
2025-04-11 11:17:29,989 - Quantum Trading Bot - INFO - Quantum device error rate: 0.0285
2025-04-11 11:17:29,992 - Quantum Trading Bot - INFO - Quantum prediction for MSFT: 0.3210 (confidence: 0.9715)
2025-04-11 11:17:29,992 - Quantum Trading Bot - INFO - Trading signal for MSFT: 0.3210 (source: quantum)
2025-04-11 11:17:29,992 - Quantum Trading Bot - INFO - HOLD signal for MSFT (score: 0.3210, source: quantum)
2025-04-11 11:17:29,994 - Quantum Trading Bot - INFO - Processing NVDA
2025-04-11 11:17:29,994 - Quantum Trading Bot - INFO - Mock halal compliance check for NVDA: COMPLIANT
2025-04-11 11:17:30,002 - Quantum Trading Bot - INFO - Quantum device error rate: 0.0426
2025-04-11 11:17:30,005 - Quantum Trading Bot - INFO - Quantum prediction for NVDA: 0.5890 (confidence: 0.7659)
2025-04-11 11:17:30,005 - Quantum Trading Bot - INFO - Trading signal for NVDA: 0.5890 (source: quantum)
2025-04-11 11:17:30,005 - Quantum Trading Bot - INFO - HOLD signal for NVDA (score: 0.5890, source: quantum)
2025-04-11 11:17:30,016 - Quantum Trading Bot - INFO - Performance metrics saved: 40/72 winning trades
2025-04-11 11:17:30,016 - Quantum Trading Bot - INFO - Quantum prediction accuracy: 0.00
2025-04-11 11:17:30,016 - Quantum Trading Bot - INFO - Sleeping for 60 seconds
2025-04-11 11:18:27,242 - Trading System - INFO - Trading Bot is alive: True
2025-04-11 11:18:27,245 - Trading System - INFO - Monitor Bot is alive: True
2025-04-11 11:18:27,245 - Trading System - INFO - Improvement Bot is alive: True
2025-04-11 11:18:30,022 - Quantum Trading Bot - INFO - Starting trading cycle
2025-04-11 11:18:30,022 - Quantum Trading Bot - INFO - Processing AAPL
2025-04-11 11:18:30,023 - Quantum Trading Bot - INFO - Mock halal compliance check for AAPL: COMPLIANT
2025-04-11 11:18:30,051 - Quantum Trading Bot - INFO - Quantum device error rate: 0.0498
2025-04-11 11:18:30,055 - Quantum Trading Bot - INFO - Quantum prediction for AAPL: 0.4980 (confidence: 0.7602)
2025-04-11 11:18:30,055 - Quantum Trading Bot - INFO - Trading signal for AAPL: 0.4980 (source: quantum)
2025-04-11 11:18:30,055 - Quantum Trading Bot - INFO - HOLD signal for AAPL (score: 0.4980, source: quantum)
2025-04-11 11:18:30,057 - Quantum Trading Bot - INFO - Processing MSFT
2025-04-11 11:18:30,057 - Quantum Trading Bot - INFO - Mock halal compliance check for MSFT: COMPLIANT
2025-04-11 11:18:30,067 - Quantum Trading Bot - INFO - Quantum device error rate: 0.0429
2025-04-11 11:18:30,069 - Quantum Trading Bot - INFO - Quantum prediction for MSFT: 0.7520 (confidence: 0.9571)
2025-04-11 11:18:30,069 - Quantum Trading Bot - INFO - Trading signal for MSFT: 0.7520 (source: quantum)
2025-04-11 11:18:30,069 - Quantum Trading Bot - INFO - HOLD signal for MSFT (score: 0.7520, source: quantum)
2025-04-11 11:18:30,070 - Quantum Trading Bot - INFO - Processing NVDA
2025-04-11 11:18:30,070 - Quantum Trading Bot - INFO - Mock halal compliance check for NVDA: COMPLIANT
2025-04-11 11:18:30,078 - Quantum Trading Bot - INFO - Quantum device error rate: 0.0363
2025-04-11 11:18:30,080 - Quantum Trading Bot - INFO - Quantum prediction for NVDA: 0.1900 (confidence: 0.9637)
2025-04-11 11:18:30,080 - Quantum Trading Bot - INFO - Trading signal for NVDA: 0.1900 (source: quantum)
2025-04-11 11:18:30,080 - Quantum Trading Bot - INFO - SELL signal for NVDA (score: 0.1900, source: quantum)
2025-04-11 11:18:30,081 - Quantum Trading Bot - WARNING - Cannot sell NVDA - no position
2025-04-11 11:18:30,091 - Quantum Trading Bot - INFO - Performance metrics saved: 40/72 winning trades
2025-04-11 11:18:30,091 - Quantum Trading Bot - INFO - Quantum prediction accuracy: 0.00
2025-04-11 11:18:30,102 - Quantum Trading Bot - INFO - Quantum device error rate: 0.0489
2025-04-11 11:18:30,103 - Quantum Trading Bot - INFO - Quantum portfolio optimization complete: {'AAPL': np.float64(0.31710615280594995), 'MSFT': np.float64(0.3515889114266396), 'NVDA': np.float64(0.3313049357674104)}
2025-04-11 11:18:30,103 - Quantum Trading Bot - INFO - Optimal portfolio weights: {'AAPL': np.float64(0.31710615280594995), 'MSFT': np.float64(0.3515889114266396), 'NVDA': np.float64(0.3313049357674104)}
2025-04-11 11:18:30,103 - Quantum Trading Bot - INFO - Sleeping for 60 seconds
2025-04-11 11:19:27,247 - Trading System - INFO - Trading Bot is alive: True
2025-04-11 11:19:27,249 - Trading System - INFO - Monitor Bot is alive: True
2025-04-11 11:19:27,249 - Trading System - INFO - Improvement Bot is alive: True
2025-04-11 11:19:30,109 - Quantum Trading Bot - INFO - Starting trading cycle
2025-04-11 11:19:30,109 - Quantum Trading Bot - INFO - Processing AAPL
2025-04-11 11:19:30,109 - Quantum Trading Bot - INFO - Mock halal compliance check for AAPL: COMPLIANT
2025-04-11 11:19:30,134 - Quantum Trading Bot - INFO - Quantum device error rate: 0.0444
2025-04-11 11:19:30,140 - Quantum Trading Bot - INFO - Quantum prediction for AAPL: 0.5550 (confidence: 0.7645)
2025-04-11 11:19:30,140 - Quantum Trading Bot - INFO - Trading signal for AAPL: 0.5550 (source: quantum)
2025-04-11 11:19:30,141 - Quantum Trading Bot - INFO - HOLD signal for AAPL (score: 0.5550, source: quantum)
2025-04-11 11:19:30,142 - Quantum Trading Bot - INFO - Processing MSFT
2025-04-11 11:19:30,142 - Quantum Trading Bot - INFO - Mock halal compliance check for MSFT: COMPLIANT
2025-04-11 11:19:30,153 - Quantum Trading Bot - INFO - Quantum device error rate: 0.0330
2025-04-11 11:19:30,155 - Quantum Trading Bot - INFO - Quantum prediction for MSFT: 0.2510 (confidence: 0.9670)
2025-04-11 11:19:30,155 - Quantum Trading Bot - INFO - Trading signal for MSFT: 0.2510 (source: quantum)
2025-04-11 11:19:30,156 - Quantum Trading Bot - INFO - SELL signal for MSFT (score: 0.2510, source: quantum)
2025-04-11 11:19:30,156 - Quantum Trading Bot - WARNING - Cannot sell MSFT - no position
2025-04-11 11:19:30,157 - Quantum Trading Bot - INFO - Processing NVDA
2025-04-11 11:19:30,157 - Quantum Trading Bot - INFO - Mock halal compliance check for NVDA: COMPLIANT
2025-04-11 11:19:30,166 - Quantum Trading Bot - INFO - Quantum device error rate: 0.0318
2025-04-11 11:19:30,168 - Quantum Trading Bot - INFO - Quantum prediction for NVDA: 0.8860 (confidence: 0.9682)
2025-04-11 11:19:30,168 - Quantum Trading Bot - INFO - Trading signal for NVDA: 0.8860 (source: quantum)
2025-04-11 11:19:30,168 - Quantum Trading Bot - INFO - HOLD signal for NVDA (score: 0.8860, source: quantum)
2025-04-11 11:19:30,179 - Quantum Trading Bot - INFO - Performance metrics saved: 40/72 winning trades
2025-04-11 11:19:30,179 - Quantum Trading Bot - INFO - Quantum prediction accuracy: 0.00
2025-04-11 11:19:30,179 - Quantum Trading Bot - INFO - Sleeping for 60 seconds
2025-04-11 11:20:27,255 - Trading System - INFO - Trading Bot is alive: True
2025-04-11 11:20:27,257 - Trading System - INFO - Monitor Bot is alive: True
2025-04-11 11:20:27,257 - Trading System - INFO - Improvement Bot is alive: True
2025-04-11 11:20:30,184 - Quantum Trading Bot - INFO - Starting trading cycle
2025-04-11 11:20:30,185 - Quantum Trading Bot - INFO - Processing AAPL
2025-04-11 11:20:30,185 - Quantum Trading Bot - INFO - Mock halal compliance check for AAPL: COMPLIANT
2025-04-11 11:20:30,206 - Quantum Trading Bot - INFO - Quantum device error rate: 0.0303
2025-04-11 11:20:30,211 - Quantum Trading Bot - INFO - Quantum prediction for AAPL: 0.4870 (confidence: 0.7758)
2025-04-11 11:20:30,211 - Quantum Trading Bot - INFO - Trading signal for AAPL: 0.4870 (source: quantum)
2025-04-11 11:20:30,211 - Quantum Trading Bot - INFO - HOLD signal for AAPL (score: 0.4870, source: quantum)
2025-04-11 11:20:30,212 - Quantum Trading Bot - INFO - Processing MSFT
2025-04-11 11:20:30,212 - Quantum Trading Bot - INFO - Mock halal compliance check for MSFT: COMPLIANT
2025-04-11 11:20:30,222 - Quantum Trading Bot - INFO - Quantum device error rate: 0.0372
2025-04-11 11:20:30,224 - Quantum Trading Bot - INFO - Quantum prediction for MSFT: 0.7630 (confidence: 0.9628)
2025-04-11 11:20:30,224 - Quantum Trading Bot - INFO - Trading signal for MSFT: 0.7630 (source: quantum)
2025-04-11 11:20:30,224 - Quantum Trading Bot - INFO - HOLD signal for MSFT (score: 0.7630, source: quantum)
2025-04-11 11:20:30,225 - Quantum Trading Bot - INFO - Processing NVDA
2025-04-11 11:20:30,225 - Quantum Trading Bot - INFO - Mock halal compliance check for NVDA: COMPLIANT
2025-04-11 11:20:30,233 - Quantum Trading Bot - INFO - Quantum device error rate: 0.0348
2025-04-11 11:20:30,236 - Quantum Trading Bot - INFO - Quantum prediction for NVDA: 0.3850 (confidence: 0.9652)
2025-04-11 11:20:30,236 - Quantum Trading Bot - INFO - Trading signal for NVDA: 0.3850 (source: quantum)
2025-04-11 11:20:30,236 - Quantum Trading Bot - INFO - HOLD signal for NVDA (score: 0.3850, source: quantum)
2025-04-11 11:20:30,246 - Quantum Trading Bot - INFO - Performance metrics saved: 40/72 winning trades
2025-04-11 11:20:30,246 - Quantum Trading Bot - INFO - Quantum prediction accuracy: 0.00
2025-04-11 11:20:30,246 - Quantum Trading Bot - INFO - Sleeping for 60 seconds
2025-04-11 11:21:27,259 - Trading System - INFO - Trading Bot is alive: True
2025-04-11 11:21:27,261 - Trading System - INFO - Monitor Bot is alive: True
2025-04-11 11:21:27,261 - Trading System - INFO - Improvement Bot is alive: True
2025-04-11 11:21:30,251 - Quantum Trading Bot - INFO - Starting trading cycle
2025-04-11 11:21:30,253 - Quantum Trading Bot - INFO - Processing AAPL
2025-04-11 11:21:30,253 - Quantum Trading Bot - INFO - Mock halal compliance check for AAPL: COMPLIANT
2025-04-11 11:21:30,273 - Quantum Trading Bot - INFO - Quantum device error rate: 0.0390
2025-04-11 11:21:30,277 - Quantum Trading Bot - INFO - Quantum prediction for AAPL: 0.5280 (confidence: 0.7688)
2025-04-11 11:21:30,278 - Quantum Trading Bot - INFO - Trading signal for AAPL: 0.5280 (source: quantum)
2025-04-11 11:21:30,278 - Quantum Trading Bot - INFO - HOLD signal for AAPL (score: 0.5280, source: quantum)
2025-04-11 11:21:30,279 - Quantum Trading Bot - INFO - Processing MSFT
2025-04-11 11:21:30,279 - Quantum Trading Bot - INFO - Mock halal compliance check for MSFT: COMPLIANT
2025-04-11 11:21:30,290 - Quantum Trading Bot - INFO - Quantum device error rate: 0.0387
2025-04-11 11:21:30,293 - Quantum Trading Bot - INFO - Quantum prediction for MSFT: 0.6870 (confidence: 0.9613)
2025-04-11 11:21:30,293 - Quantum Trading Bot - INFO - Trading signal for MSFT: 0.6870 (source: quantum)
2025-04-11 11:21:30,293 - Quantum Trading Bot - INFO - HOLD signal for MSFT (score: 0.6870, source: quantum)
2025-04-11 11:21:30,294 - Quantum Trading Bot - INFO - Processing NVDA
2025-04-11 11:21:30,294 - Quantum Trading Bot - INFO - Mock halal compliance check for NVDA: COMPLIANT
2025-04-11 11:21:30,303 - Quantum Trading Bot - INFO - Quantum device error rate: 0.0288
2025-04-11 11:21:30,305 - Quantum Trading Bot - INFO - Quantum prediction for NVDA: 0.4600 (confidence: 0.7770)
2025-04-11 11:21:30,305 - Quantum Trading Bot - INFO - Trading signal for NVDA: 0.4600 (source: quantum)
2025-04-11 11:21:30,305 - Quantum Trading Bot - INFO - HOLD signal for NVDA (score: 0.4600, source: quantum)
2025-04-11 11:21:30,315 - Quantum Trading Bot - INFO - Performance metrics saved: 40/72 winning trades
2025-04-11 11:21:30,315 - Quantum Trading Bot - INFO - Quantum prediction accuracy: 0.00
2025-04-11 11:21:30,315 - Quantum Trading Bot - INFO - Sleeping for 60 seconds
2025-04-11 11:22:27,266 - Trading System - INFO - Trading Bot is alive: True
2025-04-11 11:22:27,268 - Trading System - INFO - Monitor Bot is alive: True
2025-04-11 11:22:27,268 - Trading System - INFO - Improvement Bot is alive: True
2025-04-11 11:22:30,321 - Quantum Trading Bot - INFO - Starting trading cycle
2025-04-11 11:22:30,321 - Quantum Trading Bot - INFO - Processing AAPL
2025-04-11 11:22:30,322 - Quantum Trading Bot - INFO - Mock halal compliance check for AAPL: COMPLIANT
2025-04-11 11:22:30,342 - Quantum Trading Bot - INFO - Quantum device error rate: 0.0312
2025-04-11 11:22:30,347 - Quantum Trading Bot - INFO - Quantum prediction for AAPL: 0.7480 (confidence: 0.9688)
2025-04-11 11:22:30,347 - Quantum Trading Bot - INFO - Trading signal for AAPL: 0.7480 (source: quantum)
2025-04-11 11:22:30,347 - Quantum Trading Bot - INFO - HOLD signal for AAPL (score: 0.7480, source: quantum)
2025-04-11 11:22:30,348 - Quantum Trading Bot - INFO - Processing MSFT
2025-04-11 11:22:30,348 - Quantum Trading Bot - INFO - Mock halal compliance check for MSFT: COMPLIANT
2025-04-11 11:22:30,358 - Quantum Trading Bot - INFO - Quantum device error rate: 0.0405
2025-04-11 11:22:30,360 - Quantum Trading Bot - INFO - Quantum prediction for MSFT: 0.2020 (confidence: 0.9595)
2025-04-11 11:22:30,360 - Quantum Trading Bot - INFO - Trading signal for MSFT: 0.2020 (source: quantum)
2025-04-11 11:22:30,360 - Quantum Trading Bot - INFO - SELL signal for MSFT (score: 0.2020, source: quantum)
2025-04-11 11:22:30,361 - Quantum Trading Bot - WARNING - Cannot sell MSFT - no position
2025-04-11 11:22:30,362 - Quantum Trading Bot - INFO - Processing NVDA
2025-04-11 11:22:30,362 - Quantum Trading Bot - INFO - Mock halal compliance check for NVDA: COMPLIANT
2025-04-11 11:22:30,370 - Quantum Trading Bot - INFO - Quantum device error rate: 0.0276
2025-04-11 11:22:30,372 - Quantum Trading Bot - INFO - Quantum prediction for NVDA: 0.5160 (confidence: 0.7779)
2025-04-11 11:22:30,372 - Quantum Trading Bot - INFO - Trading signal for NVDA: 0.5160 (source: quantum)
2025-04-11 11:22:30,372 - Quantum Trading Bot - INFO - HOLD signal for NVDA (score: 0.5160, source: quantum)
2025-04-11 11:22:30,382 - Quantum Trading Bot - INFO - Performance metrics saved: 40/72 winning trades
2025-04-11 11:22:30,382 - Quantum Trading Bot - INFO - Quantum prediction accuracy: 0.00
2025-04-11 11:22:30,382 - Quantum Trading Bot - INFO - Sleeping for 60 seconds
2025-04-11 11:23:27,277 - Trading System - INFO - Trading Bot is alive: True
2025-04-11 11:23:27,280 - Trading System - INFO - Monitor Bot is alive: True
2025-04-11 11:23:27,280 - Trading System - INFO - Improvement Bot is alive: True
2025-04-11 11:23:30,393 - Quantum Trading Bot - INFO - Starting trading cycle
2025-04-11 11:23:30,393 - Quantum Trading Bot - INFO - Processing AAPL
2025-04-11 11:23:30,394 - Quantum Trading Bot - INFO - Mock halal compliance check for AAPL: COMPLIANT
2025-04-11 11:23:30,427 - Quantum Trading Bot - INFO - Quantum device error rate: 0.0450
2025-04-11 11:23:30,433 - Quantum Trading Bot - INFO - Quantum prediction for AAPL: 0.2480 (confidence: 0.9550)
2025-04-11 11:23:30,433 - Quantum Trading Bot - INFO - Trading signal for AAPL: 0.2480 (source: quantum)
2025-04-11 11:23:30,433 - Quantum Trading Bot - INFO - SELL signal for AAPL (score: 0.2480, source: quantum)
2025-04-11 11:23:30,435 - Quantum Trading Bot - WARNING - Cannot sell AAPL - no position
2025-04-11 11:23:30,436 - Quantum Trading Bot - INFO - Processing MSFT
2025-04-11 11:23:30,436 - Quantum Trading Bot - INFO - Mock halal compliance check for MSFT: COMPLIANT
2025-04-11 11:23:30,446 - Quantum Trading Bot - INFO - Quantum device error rate: 0.0417
2025-04-11 11:23:30,449 - Quantum Trading Bot - INFO - Quantum prediction for MSFT: 0.8320 (confidence: 0.9583)
2025-04-11 11:23:30,449 - Quantum Trading Bot - INFO - Trading signal for MSFT: 0.8320 (source: quantum)
2025-04-11 11:23:30,449 - Quantum Trading Bot - INFO - HOLD signal for MSFT (score: 0.8320, source: quantum)
2025-04-11 11:23:30,450 - Quantum Trading Bot - INFO - Processing NVDA
2025-04-11 11:23:30,450 - Quantum Trading Bot - INFO - Mock halal compliance check for NVDA: COMPLIANT
2025-04-11 11:23:30,459 - Quantum Trading Bot - INFO - Quantum device error rate: 0.0297
2025-04-11 11:23:30,461 - Quantum Trading Bot - INFO - Quantum prediction for NVDA: 0.5470 (confidence: 0.7762)
2025-04-11 11:23:30,461 - Quantum Trading Bot - INFO - Trading signal for NVDA: 0.5470 (source: quantum)
2025-04-11 11:23:30,461 - Quantum Trading Bot - INFO - HOLD signal for NVDA (score: 0.5470, source: quantum)
2025-04-11 11:23:30,471 - Quantum Trading Bot - INFO - Performance metrics saved: 40/72 winning trades
2025-04-11 11:23:30,471 - Quantum Trading Bot - INFO - Quantum prediction accuracy: 0.00
2025-04-11 11:23:30,471 - Quantum Trading Bot - INFO - Sleeping for 60 seconds
2025-04-11 11:24:27,286 - Trading System - INFO - Trading Bot is alive: True
2025-04-11 11:24:27,288 - Trading System - INFO - Monitor Bot is alive: True
2025-04-11 11:24:27,288 - Trading System - INFO - Improvement Bot is alive: True
2025-04-11 11:24:30,482 - Quantum Trading Bot - INFO - Starting trading cycle
2025-04-11 11:24:30,482 - Quantum Trading Bot - INFO - Processing AAPL
2025-04-11 11:24:30,482 - Quantum Trading Bot - INFO - Mock halal compliance check for AAPL: COMPLIANT
2025-04-11 11:24:30,506 - Quantum Trading Bot - INFO - Quantum device error rate: 0.0333
2025-04-11 11:24:30,512 - Quantum Trading Bot - INFO - Quantum prediction for AAPL: 0.6400 (confidence: 0.9667)
2025-04-11 11:24:30,513 - Quantum Trading Bot - INFO - Trading signal for AAPL: 0.6400 (source: quantum)
2025-04-11 11:24:30,513 - Quantum Trading Bot - INFO - HOLD signal for AAPL (score: 0.6400, source: quantum)
2025-04-11 11:24:30,514 - Quantum Trading Bot - INFO - Processing MSFT
2025-04-11 11:24:30,514 - Quantum Trading Bot - INFO - Mock halal compliance check for MSFT: COMPLIANT
2025-04-11 11:24:30,525 - Quantum Trading Bot - INFO - Quantum device error rate: 0.0297
2025-04-11 11:24:30,528 - Quantum Trading Bot - INFO - Quantum prediction for MSFT: 0.1670 (confidence: 0.9703)
2025-04-11 11:24:30,528 - Quantum Trading Bot - INFO - Trading signal for MSFT: 0.1670 (source: quantum)
2025-04-11 11:24:30,528 - Quantum Trading Bot - INFO - SELL signal for MSFT (score: 0.1670, source: quantum)
2025-04-11 11:24:30,529 - Quantum Trading Bot - WARNING - Cannot sell MSFT - no position
2025-04-11 11:24:30,530 - Quantum Trading Bot - INFO - Processing NVDA
2025-04-11 11:24:30,530 - Quantum Trading Bot - INFO - Mock halal compliance check for NVDA: COMPLIANT
2025-04-11 11:24:30,538 - Quantum Trading Bot - INFO - Quantum device error rate: 0.0516
2025-04-11 11:24:30,546 - Quantum Trading Bot - INFO - Quantum prediction for NVDA: 0.7716 (confidence: 0.9484)
2025-04-11 11:24:30,546 - Quantum Trading Bot - INFO - Trading signal for NVDA: 0.7716 (source: quantum)
2025-04-11 11:24:30,546 - Quantum Trading Bot - INFO - HOLD signal for NVDA (score: 0.7716, source: quantum)
2025-04-11 11:24:30,558 - Quantum Trading Bot - INFO - Performance metrics saved: 40/72 winning trades
2025-04-11 11:24:30,558 - Quantum Trading Bot - INFO - Quantum prediction accuracy: 0.00
2025-04-11 11:24:30,558 - Quantum Trading Bot - INFO - Sleeping for 60 seconds
2025-04-11 11:25:27,297 - Trading System - INFO - Trading Bot is alive: True
2025-04-11 11:25:27,299 - Trading System - INFO - Monitor Bot is alive: True
2025-04-11 11:25:27,300 - Trading System - INFO - Improvement Bot is alive: True
2025-04-11 11:25:30,568 - Quantum Trading Bot - INFO - Starting trading cycle
2025-04-11 11:25:30,569 - Quantum Trading Bot - INFO - Processing AAPL
2025-04-11 11:25:30,569 - Quantum Trading Bot - INFO - Mock halal compliance check for AAPL: COMPLIANT
2025-04-11 11:25:30,595 - Quantum Trading Bot - INFO - Quantum device error rate: 0.0423
2025-04-11 11:25:30,601 - Quantum Trading Bot - INFO - Quantum prediction for AAPL: 0.5400 (confidence: 0.7662)
2025-04-11 11:25:30,601 - Quantum Trading Bot - INFO - Trading signal for AAPL: 0.5400 (source: quantum)
2025-04-11 11:25:30,601 - Quantum Trading Bot - INFO - HOLD signal for AAPL (score: 0.5400, source: quantum)
2025-04-11 11:25:30,603 - Quantum Trading Bot - INFO - Processing MSFT
2025-04-11 11:25:30,603 - Quantum Trading Bot - INFO - Mock halal compliance check for MSFT: COMPLIANT
2025-04-11 11:25:30,614 - Quantum Trading Bot - INFO - Quantum device error rate: 0.0474
2025-04-11 11:25:30,617 - Quantum Trading Bot - INFO - Quantum prediction for MSFT: 0.2630 (confidence: 0.9526)
2025-04-11 11:25:30,617 - Quantum Trading Bot - INFO - Trading signal for MSFT: 0.2630 (source: quantum)
2025-04-11 11:25:30,617 - Quantum Trading Bot - INFO - SELL signal for MSFT (score: 0.2630, source: quantum)
2025-04-11 11:25:30,617 - Quantum Trading Bot - WARNING - Cannot sell MSFT - no position
2025-04-11 11:25:30,618 - Quantum Trading Bot - INFO - Processing NVDA
2025-04-11 11:25:30,618 - Quantum Trading Bot - INFO - Mock halal compliance check for NVDA: COMPLIANT
2025-04-11 11:25:30,627 - Quantum Trading Bot - INFO - Quantum device error rate: 0.0321
2025-04-11 11:25:30,629 - Quantum Trading Bot - INFO - Quantum prediction for NVDA: 0.6320 (confidence: 0.9679)
2025-04-11 11:25:30,629 - Quantum Trading Bot - INFO - Trading signal for NVDA: 0.6320 (source: quantum)
2025-04-11 11:25:30,629 - Quantum Trading Bot - INFO - HOLD signal for NVDA (score: 0.6320, source: quantum)
2025-04-11 11:25:30,640 - Quantum Trading Bot - INFO - Performance metrics saved: 40/72 winning trades
2025-04-11 11:25:30,640 - Quantum Trading Bot - INFO - Quantum prediction accuracy: 0.00
2025-04-11 11:25:30,640 - Quantum Trading Bot - INFO - Sleeping for 60 seconds
2025-04-11 11:26:27,308 - Trading System - INFO - Trading Bot is alive: True
2025-04-11 11:26:27,310 - Trading System - INFO - Monitor Bot is alive: True
2025-04-11 11:26:27,310 - Trading System - INFO - Improvement Bot is alive: True
2025-04-11 11:26:30,651 - Quantum Trading Bot - INFO - Starting trading cycle
2025-04-11 11:26:30,651 - Quantum Trading Bot - INFO - Processing AAPL
2025-04-11 11:26:30,651 - Quantum Trading Bot - INFO - Mock halal compliance check for AAPL: COMPLIANT
2025-04-11 11:26:30,678 - Quantum Trading Bot - INFO - Quantum device error rate: 0.0561
2025-04-11 11:26:30,691 - Quantum Trading Bot - INFO - Quantum prediction for AAPL: 0.2397 (confidence: 0.9439)
2025-04-11 11:26:30,691 - Quantum Trading Bot - INFO - Trading signal for AAPL: 0.2397 (source: quantum)
2025-04-11 11:26:30,691 - Quantum Trading Bot - INFO - SELL signal for AAPL (score: 0.2397, source: quantum)
2025-04-11 11:26:30,692 - Quantum Trading Bot - WARNING - Cannot sell AAPL - no position
2025-04-11 11:26:30,693 - Quantum Trading Bot - INFO - Processing MSFT
2025-04-11 11:26:30,693 - Quantum Trading Bot - INFO - Mock halal compliance check for MSFT: COMPLIANT
2025-04-11 11:26:30,703 - Quantum Trading Bot - INFO - Quantum device error rate: 0.0225
2025-04-11 11:26:30,706 - Quantum Trading Bot - INFO - Quantum prediction for MSFT: 0.6410 (confidence: 0.9775)
2025-04-11 11:26:30,706 - Quantum Trading Bot - INFO - Trading signal for MSFT: 0.6410 (source: quantum)
2025-04-11 11:26:30,706 - Quantum Trading Bot - INFO - HOLD signal for MSFT (score: 0.6410, source: quantum)
2025-04-11 11:26:30,707 - Quantum Trading Bot - INFO - Processing NVDA
2025-04-11 11:26:30,707 - Quantum Trading Bot - INFO - Mock halal compliance check for NVDA: COMPLIANT
2025-04-11 11:26:30,716 - Quantum Trading Bot - INFO - Quantum device error rate: 0.0369
2025-04-11 11:26:30,718 - Quantum Trading Bot - INFO - Quantum prediction for NVDA: 0.3890 (confidence: 0.9631)
2025-04-11 11:26:30,718 - Quantum Trading Bot - INFO - Trading signal for NVDA: 0.3890 (source: quantum)
2025-04-11 11:26:30,718 - Quantum Trading Bot - INFO - HOLD signal for NVDA (score: 0.3890, source: quantum)
2025-04-11 11:26:30,728 - Quantum Trading Bot - INFO - Performance metrics saved: 40/72 winning trades
2025-04-11 11:26:30,728 - Quantum Trading Bot - INFO - Quantum prediction accuracy: 0.00
2025-04-11 11:26:30,728 - Quantum Trading Bot - INFO - Sleeping for 60 seconds
2025-04-11 11:27:27,320 - Trading System - INFO - Trading Bot is alive: True
2025-04-11 11:27:27,322 - Trading System - INFO - Monitor Bot is alive: True
2025-04-11 11:27:27,322 - Trading System - INFO - Improvement Bot is alive: True
2025-04-11 11:27:30,739 - Quantum Trading Bot - INFO - Starting trading cycle
2025-04-11 11:27:30,739 - Quantum Trading Bot - INFO - Processing AAPL
2025-04-11 11:27:30,739 - Quantum Trading Bot - INFO - Mock halal compliance check for AAPL: COMPLIANT
2025-04-11 11:27:30,762 - Quantum Trading Bot - INFO - Quantum device error rate: 0.0576
2025-04-11 11:27:30,774 - Quantum Trading Bot - INFO - Quantum prediction for AAPL: 0.5976 (confidence: 0.7539)
2025-04-11 11:27:30,774 - Quantum Trading Bot - INFO - Trading signal for AAPL: 0.5976 (source: quantum)
2025-04-11 11:27:30,774 - Quantum Trading Bot - INFO - HOLD signal for AAPL (score: 0.5976, source: quantum)
2025-04-11 11:27:30,775 - Quantum Trading Bot - INFO - Processing MSFT
2025-04-11 11:27:30,776 - Quantum Trading Bot - INFO - Mock halal compliance check for MSFT: COMPLIANT
2025-04-11 11:27:30,785 - Quantum Trading Bot - INFO - Quantum device error rate: 0.0549
2025-04-11 11:27:30,794 - Quantum Trading Bot - INFO - Quantum prediction for MSFT: 0.5147 (confidence: 0.7561)
2025-04-11 11:27:30,794 - Quantum Trading Bot - INFO - Trading signal for MSFT: 0.5147 (source: quantum)
2025-04-11 11:27:30,794 - Quantum Trading Bot - INFO - HOLD signal for MSFT (score: 0.5147, source: quantum)
2025-04-11 11:27:30,795 - Quantum Trading Bot - INFO - Processing NVDA
2025-04-11 11:27:30,795 - Quantum Trading Bot - INFO - Mock halal compliance check for NVDA: COMPLIANT
2025-04-11 11:27:30,802 - Quantum Trading Bot - INFO - Quantum device error rate: 0.0462
2025-04-11 11:27:30,805 - Quantum Trading Bot - INFO - Quantum prediction for NVDA: 0.5390 (confidence: 0.7630)
2025-04-11 11:27:30,805 - Quantum Trading Bot - INFO - Trading signal for NVDA: 0.5390 (source: quantum)
2025-04-11 11:27:30,805 - Quantum Trading Bot - INFO - HOLD signal for NVDA (score: 0.5390, source: quantum)
2025-04-11 11:27:30,814 - Quantum Trading Bot - INFO - Performance metrics saved: 40/72 winning trades
2025-04-11 11:27:30,814 - Quantum Trading Bot - INFO - Quantum prediction accuracy: 0.00
2025-04-11 11:27:30,814 - Quantum Trading Bot - INFO - Sleeping for 60 seconds
2025-04-11 11:28:27,327 - Trading System - INFO - Trading Bot is alive: True
2025-04-11 11:28:27,329 - Trading System - INFO - Monitor Bot is alive: True
2025-04-11 11:28:27,329 - Trading System - INFO - Improvement Bot is alive: True
2025-04-11 11:28:30,819 - Quantum Trading Bot - INFO - Starting trading cycle
2025-04-11 11:28:30,820 - Quantum Trading Bot - INFO - Processing AAPL
2025-04-11 11:28:30,820 - Quantum Trading Bot - INFO - Mock halal compliance check for AAPL: COMPLIANT
2025-04-11 11:28:30,845 - Quantum Trading Bot - INFO - Quantum device error rate: 0.0267
2025-04-11 11:28:30,851 - Quantum Trading Bot - INFO - Quantum prediction for AAPL: 0.5700 (confidence: 0.7786)
2025-04-11 11:28:30,851 - Quantum Trading Bot - INFO - Trading signal for AAPL: 0.5700 (source: quantum)
2025-04-11 11:28:30,851 - Quantum Trading Bot - INFO - HOLD signal for AAPL (score: 0.5700, source: quantum)
2025-04-11 11:28:30,853 - Quantum Trading Bot - INFO - Processing MSFT
2025-04-11 11:28:30,853 - Quantum Trading Bot - INFO - Mock halal compliance check for MSFT: COMPLIANT
2025-04-11 11:28:30,864 - Quantum Trading Bot - INFO - Quantum device error rate: 0.0414
2025-04-11 11:28:30,867 - Quantum Trading Bot - INFO - Quantum prediction for MSFT: 0.2710 (confidence: 0.9586)
2025-04-11 11:28:30,867 - Quantum Trading Bot - INFO - Trading signal for MSFT: 0.2710 (source: quantum)
2025-04-11 11:28:30,867 - Quantum Trading Bot - INFO - SELL signal for MSFT (score: 0.2710, source: quantum)
2025-04-11 11:28:30,868 - Quantum Trading Bot - WARNING - Cannot sell MSFT - no position
2025-04-11 11:28:30,869 - Quantum Trading Bot - INFO - Processing NVDA
2025-04-11 11:28:30,869 - Quantum Trading Bot - INFO - Mock halal compliance check for NVDA: COMPLIANT
2025-04-11 11:28:30,878 - Quantum Trading Bot - INFO - Quantum device error rate: 0.0285
2025-04-11 11:28:30,880 - Quantum Trading Bot - INFO - Quantum prediction for NVDA: 0.4420 (confidence: 0.7772)
2025-04-11 11:28:30,881 - Quantum Trading Bot - INFO - Trading signal for NVDA: 0.4420 (source: quantum)
2025-04-11 11:28:30,881 - Quantum Trading Bot - INFO - HOLD signal for NVDA (score: 0.4420, source: quantum)
2025-04-11 11:28:30,891 - Quantum Trading Bot - INFO - Performance metrics saved: 40/72 winning trades
2025-04-11 11:28:30,891 - Quantum Trading Bot - INFO - Quantum prediction accuracy: 0.00
2025-04-11 11:28:30,891 - Quantum Trading Bot - INFO - Sleeping for 60 seconds
2025-04-11 11:29:27,334 - Trading System - INFO - Trading Bot is alive: True
2025-04-11 11:29:27,336 - Trading System - INFO - Monitor Bot is alive: True
2025-04-11 11:29:27,336 - Trading System - INFO - Improvement Bot is alive: True
2025-04-11 11:29:30,896 - Quantum Trading Bot - INFO - Starting trading cycle
2025-04-11 11:29:30,897 - Quantum Trading Bot - INFO - Processing AAPL
2025-04-11 11:29:30,897 - Quantum Trading Bot - INFO - Mock halal compliance check for AAPL: COMPLIANT
2025-04-11 11:29:30,917 - Quantum Trading Bot - INFO - Quantum device error rate: 0.0273
2025-04-11 11:29:30,922 - Quantum Trading Bot - INFO - Quantum prediction for AAPL: 0.3040 (confidence: 0.9727)
2025-04-11 11:29:30,922 - Quantum Trading Bot - INFO - Trading signal for AAPL: 0.3040 (source: quantum)
2025-04-11 11:29:30,923 - Quantum Trading Bot - INFO - HOLD signal for AAPL (score: 0.3040, source: quantum)
2025-04-11 11:29:30,924 - Quantum Trading Bot - INFO - Processing MSFT
2025-04-11 11:29:30,924 - Quantum Trading Bot - INFO - Mock halal compliance check for MSFT: COMPLIANT
2025-04-11 11:29:30,933 - Quantum Trading Bot - INFO - Quantum device error rate: 0.0510
2025-04-11 11:29:30,942 - Quantum Trading Bot - INFO - Quantum prediction for MSFT: 0.6135 (confidence: 0.9490)
2025-04-11 11:29:30,942 - Quantum Trading Bot - INFO - Trading signal for MSFT: 0.6135 (source: quantum)
2025-04-11 11:29:30,942 - Quantum Trading Bot - INFO - HOLD signal for MSFT (score: 0.6135, source: quantum)
2025-04-11 11:29:30,943 - Quantum Trading Bot - INFO - Processing NVDA
2025-04-11 11:29:30,943 - Quantum Trading Bot - INFO - Mock halal compliance check for NVDA: COMPLIANT
2025-04-11 11:29:30,951 - Quantum Trading Bot - INFO - Quantum device error rate: 0.0354
2025-04-11 11:29:30,953 - Quantum Trading Bot - INFO - Quantum prediction for NVDA: 0.4770 (confidence: 0.7717)
2025-04-11 11:29:30,953 - Quantum Trading Bot - INFO - Trading signal for NVDA: 0.4770 (source: quantum)
2025-04-11 11:29:30,953 - Quantum Trading Bot - INFO - HOLD signal for NVDA (score: 0.4770, source: quantum)
2025-04-11 11:29:30,964 - Quantum Trading Bot - INFO - Performance metrics saved: 40/72 winning trades
2025-04-11 11:29:30,964 - Quantum Trading Bot - INFO - Quantum prediction accuracy: 0.00
2025-04-11 11:29:30,964 - Quantum Trading Bot - INFO - Sleeping for 60 seconds
2025-04-11 11:30:27,340 - Trading System - INFO - Trading Bot is alive: True
2025-04-11 11:30:27,343 - Trading System - INFO - Monitor Bot is alive: True
2025-04-11 11:30:27,343 - Trading System - INFO - Improvement Bot is alive: True
2025-04-11 11:30:30,970 - Quantum Trading Bot - INFO - Starting trading cycle
2025-04-11 11:30:30,970 - Quantum Trading Bot - INFO - Processing AAPL
2025-04-11 11:30:30,970 - Quantum Trading Bot - INFO - Mock halal compliance check for AAPL: COMPLIANT
2025-04-11 11:30:31,003 - Quantum Trading Bot - INFO - Quantum device error rate: 0.0279
2025-04-11 11:30:31,009 - Quantum Trading Bot - INFO - Quantum prediction for AAPL: 0.1850 (confidence: 0.9721)
2025-04-11 11:30:31,009 - Quantum Trading Bot - INFO - Trading signal for AAPL: 0.1850 (source: quantum)
2025-04-11 11:30:31,009 - Quantum Trading Bot - INFO - SELL signal for AAPL (score: 0.1850, source: quantum)
2025-04-11 11:30:31,010 - Quantum Trading Bot - WARNING - Cannot sell AAPL - no position
2025-04-11 11:30:31,011 - Quantum Trading Bot - INFO - Processing MSFT
2025-04-11 11:30:31,011 - Quantum Trading Bot - INFO - Mock halal compliance check for MSFT: COMPLIANT
2025-04-11 11:30:31,020 - Quantum Trading Bot - INFO - Quantum device error rate: 0.0306
2025-04-11 11:30:31,022 - Quantum Trading Bot - INFO - Quantum prediction for MSFT: 0.8580 (confidence: 0.9694)
2025-04-11 11:30:31,022 - Quantum Trading Bot - INFO - Trading signal for MSFT: 0.8580 (source: quantum)
2025-04-11 11:30:31,022 - Quantum Trading Bot - INFO - HOLD signal for MSFT (score: 0.8580, source: quantum)
2025-04-11 11:30:31,024 - Quantum Trading Bot - INFO - Processing NVDA
2025-04-11 11:30:31,024 - Quantum Trading Bot - INFO - Mock halal compliance check for NVDA: COMPLIANT
2025-04-11 11:30:31,032 - Quantum Trading Bot - INFO - Quantum device error rate: 0.0387
2025-04-11 11:30:31,034 - Quantum Trading Bot - INFO - Quantum prediction for NVDA: 0.5710 (confidence: 0.7690)
2025-04-11 11:30:31,034 - Quantum Trading Bot - INFO - Trading signal for NVDA: 0.5710 (source: quantum)
2025-04-11 11:30:31,034 - Quantum Trading Bot - INFO - HOLD signal for NVDA (score: 0.5710, source: quantum)
2025-04-11 11:30:31,045 - Quantum Trading Bot - INFO - Performance metrics saved: 40/72 winning trades
2025-04-11 11:30:31,045 - Quantum Trading Bot - INFO - Quantum prediction accuracy: 0.00
2025-04-11 11:30:31,045 - Quantum Trading Bot - INFO - Sleeping for 60 seconds
2025-04-11 11:31:27,273 - Trading System - INFO - Trading Bot is alive: True
2025-04-11 11:31:27,275 - Trading System - INFO - Monitor Bot is alive: True
2025-04-11 11:31:27,275 - Trading System - INFO - Improvement Bot is alive: True
2025-04-11 11:31:30,978 - Quantum Trading Bot - INFO - Starting trading cycle
2025-04-11 11:31:30,978 - Quantum Trading Bot - INFO - Processing AAPL
2025-04-11 11:31:30,978 - Quantum Trading Bot - INFO - Mock halal compliance check for AAPL: COMPLIANT
2025-04-11 11:31:31,003 - Quantum Trading Bot - INFO - Quantum device error rate: 0.0306
2025-04-11 11:31:31,009 - Quantum Trading Bot - INFO - Quantum prediction for AAPL: 0.7880 (confidence: 0.9694)
2025-04-11 11:31:31,009 - Quantum Trading Bot - INFO - Trading signal for AAPL: 0.7880 (source: quantum)
2025-04-11 11:31:31,009 - Quantum Trading Bot - INFO - HOLD signal for AAPL (score: 0.7880, source: quantum)
2025-04-11 11:31:31,011 - Quantum Trading Bot - INFO - Processing MSFT
2025-04-11 11:31:31,011 - Quantum Trading Bot - INFO - Mock halal compliance check for MSFT: COMPLIANT
2025-04-11 11:31:31,022 - Quantum Trading Bot - INFO - Quantum device error rate: 0.0360
2025-04-11 11:31:31,024 - Quantum Trading Bot - INFO - Quantum prediction for MSFT: 0.2220 (confidence: 0.9640)
2025-04-11 11:31:31,025 - Quantum Trading Bot - INFO - Trading signal for MSFT: 0.2220 (source: quantum)
2025-04-11 11:31:31,025 - Quantum Trading Bot - INFO - SELL signal for MSFT (score: 0.2220, source: quantum)
2025-04-11 11:31:31,026 - Quantum Trading Bot - WARNING - Cannot sell MSFT - no position
2025-04-11 11:31:31,027 - Quantum Trading Bot - INFO - Processing NVDA
2025-04-11 11:31:31,027 - Quantum Trading Bot - INFO - Mock halal compliance check for NVDA: COMPLIANT
2025-04-11 11:31:31,036 - Quantum Trading Bot - INFO - Quantum device error rate: 0.0453
2025-04-11 11:31:31,039 - Quantum Trading Bot - INFO - Quantum prediction for NVDA: 0.3980 (confidence: 0.9547)
2025-04-11 11:31:31,039 - Quantum Trading Bot - INFO - Trading signal for NVDA: 0.3980 (source: quantum)
2025-04-11 11:31:31,039 - Quantum Trading Bot - INFO - HOLD signal for NVDA (score: 0.3980, source: quantum)
2025-04-11 11:31:31,050 - Quantum Trading Bot - INFO - Performance metrics saved: 40/72 winning trades
2025-04-11 11:31:31,050 - Quantum Trading Bot - INFO - Quantum prediction accuracy: 0.00
2025-04-11 11:31:31,050 - Quantum Trading Bot - INFO - Sleeping for 60 seconds
2025-04-11 11:32:27,279 - Trading System - INFO - Trading Bot is alive: True
2025-04-11 11:32:27,281 - Trading System - INFO - Monitor Bot is alive: True
2025-04-11 11:32:27,281 - Trading System - INFO - Improvement Bot is alive: True
2025-04-11 11:32:31,054 - Quantum Trading Bot - INFO - Starting trading cycle
2025-04-11 11:32:31,054 - Quantum Trading Bot - INFO - Processing AAPL
2025-04-11 11:32:31,055 - Quantum Trading Bot - INFO - Mock halal compliance check for AAPL: COMPLIANT
2025-04-11 11:32:31,082 - Quantum Trading Bot - INFO - Quantum device error rate: 0.0339
2025-04-11 11:32:31,087 - Quantum Trading Bot - INFO - Quantum prediction for AAPL: 0.2180 (confidence: 0.9661)
2025-04-11 11:32:31,087 - Quantum Trading Bot - INFO - Trading signal for AAPL: 0.2180 (source: quantum)
2025-04-11 11:32:31,087 - Quantum Trading Bot - INFO - SELL signal for AAPL (score: 0.2180, source: quantum)
2025-04-11 11:32:31,088 - Quantum Trading Bot - WARNING - Cannot sell AAPL - no position
2025-04-11 11:32:31,089 - Quantum Trading Bot - INFO - Processing MSFT
2025-04-11 11:32:31,089 - Quantum Trading Bot - INFO - Mock halal compliance check for MSFT: COMPLIANT
2025-04-11 11:32:31,100 - Quantum Trading Bot - INFO - Quantum device error rate: 0.0459
2025-04-11 11:32:31,103 - Quantum Trading Bot - INFO - Quantum prediction for MSFT: 0.3520 (confidence: 0.9541)
2025-04-11 11:32:31,103 - Quantum Trading Bot - INFO - Trading signal for MSFT: 0.3520 (source: quantum)
2025-04-11 11:32:31,103 - Quantum Trading Bot - INFO - HOLD signal for MSFT (score: 0.3520, source: quantum)
2025-04-11 11:32:31,104 - Quantum Trading Bot - INFO - Processing NVDA
2025-04-11 11:32:31,104 - Quantum Trading Bot - INFO - Mock halal compliance check for NVDA: COMPLIANT
2025-04-11 11:32:31,113 - Quantum Trading Bot - INFO - Quantum device error rate: 0.0300
2025-04-11 11:32:31,115 - Quantum Trading Bot - INFO - Quantum prediction for NVDA: 0.6810 (confidence: 0.9700)
2025-04-11 11:32:31,115 - Quantum Trading Bot - INFO - Trading signal for NVDA: 0.6810 (source: quantum)
2025-04-11 11:32:31,115 - Quantum Trading Bot - INFO - HOLD signal for NVDA (score: 0.6810, source: quantum)
2025-04-11 11:32:31,126 - Quantum Trading Bot - INFO - Performance metrics saved: 40/72 winning trades
2025-04-11 11:32:31,126 - Quantum Trading Bot - INFO - Quantum prediction accuracy: 0.00
2025-04-11 11:32:31,126 - Quantum Trading Bot - INFO - Sleeping for 60 seconds
2025-04-11 11:33:27,286 - Trading System - INFO - Trading Bot is alive: True
2025-04-11 11:33:27,287 - Trading System - INFO - Monitor Bot is alive: True
2025-04-11 11:33:27,288 - Trading System - INFO - Improvement Bot is alive: True
2025-04-11 11:33:31,135 - Quantum Trading Bot - INFO - Starting trading cycle
2025-04-11 11:33:31,136 - Quantum Trading Bot - INFO - Processing AAPL
2025-04-11 11:33:31,136 - Quantum Trading Bot - INFO - Mock halal compliance check for AAPL: COMPLIANT
2025-04-11 11:33:31,162 - Quantum Trading Bot - INFO - Quantum device error rate: 0.0576
2025-04-11 11:33:31,176 - Quantum Trading Bot - INFO - Quantum prediction for AAPL: 0.3971 (confidence: 0.9424)
2025-04-11 11:33:31,176 - Quantum Trading Bot - INFO - Trading signal for AAPL: 0.3971 (source: quantum)
2025-04-11 11:33:31,176 - Quantum Trading Bot - INFO - HOLD signal for AAPL (score: 0.3971, source: quantum)
2025-04-11 11:33:31,178 - Quantum Trading Bot - INFO - Processing MSFT
2025-04-11 11:33:31,178 - Quantum Trading Bot - INFO - Mock halal compliance check for MSFT: COMPLIANT
2025-04-11 11:33:31,188 - Quantum Trading Bot - INFO - Quantum device error rate: 0.0363
2025-04-11 11:33:31,190 - Quantum Trading Bot - INFO - Quantum prediction for MSFT: 0.4230 (confidence: 0.7710)
2025-04-11 11:33:31,190 - Quantum Trading Bot - INFO - Trading signal for MSFT: 0.4230 (source: quantum)
2025-04-11 11:33:31,190 - Quantum Trading Bot - INFO - HOLD signal for MSFT (score: 0.4230, source: quantum)
2025-04-11 11:33:31,191 - Quantum Trading Bot - INFO - Processing NVDA
2025-04-11 11:33:31,191 - Quantum Trading Bot - INFO - Mock halal compliance check for NVDA: COMPLIANT
2025-04-11 11:33:31,200 - Quantum Trading Bot - INFO - Quantum device error rate: 0.0381
2025-04-11 11:33:31,203 - Quantum Trading Bot - INFO - Quantum prediction for NVDA: 0.5700 (confidence: 0.7695)
2025-04-11 11:33:31,203 - Quantum Trading Bot - INFO - Trading signal for NVDA: 0.5700 (source: quantum)
2025-04-11 11:33:31,203 - Quantum Trading Bot - INFO - HOLD signal for NVDA (score: 0.5700, source: quantum)
2025-04-11 11:33:31,213 - Quantum Trading Bot - INFO - Performance metrics saved: 40/72 winning trades
2025-04-11 11:33:31,213 - Quantum Trading Bot - INFO - Quantum prediction accuracy: 0.00
2025-04-11 11:33:31,213 - Quantum Trading Bot - INFO - Sleeping for 60 seconds
2025-04-11 11:34:27,296 - Trading System - INFO - Trading Bot is alive: True
2025-04-11 11:34:27,299 - Trading System - INFO - Monitor Bot is alive: True
2025-04-11 11:34:27,299 - Trading System - INFO - Improvement Bot is alive: True
2025-04-11 11:34:31,222 - Quantum Trading Bot - INFO - Starting trading cycle
2025-04-11 11:34:31,223 - Quantum Trading Bot - INFO - Processing AAPL
2025-04-11 11:34:31,223 - Quantum Trading Bot - INFO - Mock halal compliance check for AAPL: COMPLIANT
2025-04-11 11:34:31,249 - Quantum Trading Bot - INFO - Quantum device error rate: 0.0486
2025-04-11 11:34:31,254 - Quantum Trading Bot - INFO - Quantum prediction for AAPL: 0.5670 (confidence: 0.7611)
2025-04-11 11:34:31,254 - Quantum Trading Bot - INFO - Trading signal for AAPL: 0.5670 (source: quantum)
2025-04-11 11:34:31,254 - Quantum Trading Bot - INFO - HOLD signal for AAPL (score: 0.5670, source: quantum)
2025-04-11 11:34:31,255 - Quantum Trading Bot - INFO - Processing MSFT
2025-04-11 11:34:31,255 - Quantum Trading Bot - INFO - Mock halal compliance check for MSFT: COMPLIANT
2025-04-11 11:34:31,264 - Quantum Trading Bot - INFO - Quantum device error rate: 0.0558
2025-04-11 11:34:31,273 - Quantum Trading Bot - INFO - Quantum prediction for MSFT: 0.6773 (confidence: 0.9442)
2025-04-11 11:34:31,273 - Quantum Trading Bot - INFO - Trading signal for MSFT: 0.6773 (source: quantum)
2025-04-11 11:34:31,273 - Quantum Trading Bot - INFO - HOLD signal for MSFT (score: 0.6773, source: quantum)
2025-04-11 11:34:31,274 - Quantum Trading Bot - INFO - Processing NVDA
2025-04-11 11:34:31,274 - Quantum Trading Bot - INFO - Mock halal compliance check for NVDA: COMPLIANT
2025-04-11 11:34:31,282 - Quantum Trading Bot - INFO - Quantum device error rate: 0.0321
2025-04-11 11:34:31,284 - Quantum Trading Bot - INFO - Quantum prediction for NVDA: 0.4550 (confidence: 0.7743)
2025-04-11 11:34:31,284 - Quantum Trading Bot - INFO - Trading signal for NVDA: 0.4550 (source: quantum)
2025-04-11 11:34:31,284 - Quantum Trading Bot - INFO - HOLD signal for NVDA (score: 0.4550, source: quantum)
2025-04-11 11:34:31,293 - Quantum Trading Bot - INFO - Performance metrics saved: 40/72 winning trades
2025-04-11 11:34:31,293 - Quantum Trading Bot - INFO - Quantum prediction accuracy: 0.00
2025-04-11 11:34:31,293 - Quantum Trading Bot - INFO - Sleeping for 60 seconds
2025-04-11 11:35:27,302 - Trading System - INFO - Trading Bot is alive: True
2025-04-11 11:35:27,305 - Trading System - INFO - Monitor Bot is alive: True
2025-04-11 11:35:27,305 - Trading System - INFO - Improvement Bot is alive: True
2025-04-11 11:35:31,298 - Quantum Trading Bot - INFO - Starting trading cycle
2025-04-11 11:35:31,298 - Quantum Trading Bot - INFO - Processing AAPL
2025-04-11 11:35:31,299 - Quantum Trading Bot - INFO - Mock halal compliance check for AAPL: COMPLIANT
2025-04-11 11:35:31,327 - Quantum Trading Bot - INFO - Quantum device error rate: 0.0363
2025-04-11 11:35:31,332 - Quantum Trading Bot - INFO - Quantum prediction for AAPL: 0.4740 (confidence: 0.7710)
2025-04-11 11:35:31,332 - Quantum Trading Bot - INFO - Trading signal for AAPL: 0.4740 (source: quantum)
2025-04-11 11:35:31,332 - Quantum Trading Bot - INFO - HOLD signal for AAPL (score: 0.4740, source: quantum)
2025-04-11 11:35:31,334 - Quantum Trading Bot - INFO - Processing MSFT
2025-04-11 11:35:31,334 - Quantum Trading Bot - INFO - Mock halal compliance check for MSFT: COMPLIANT
2025-04-11 11:35:31,343 - Quantum Trading Bot - INFO - Quantum device error rate: 0.0336
2025-04-11 11:35:31,346 - Quantum Trading Bot - INFO - Quantum prediction for MSFT: 0.7640 (confidence: 0.9664)
2025-04-11 11:35:31,346 - Quantum Trading Bot - INFO - Trading signal for MSFT: 0.7640 (source: quantum)
2025-04-11 11:35:31,346 - Quantum Trading Bot - INFO - HOLD signal for MSFT (score: 0.7640, source: quantum)
2025-04-11 11:35:31,348 - Quantum Trading Bot - INFO - Processing NVDA
2025-04-11 11:35:31,348 - Quantum Trading Bot - INFO - Mock halal compliance check for NVDA: COMPLIANT
2025-04-11 11:35:31,356 - Quantum Trading Bot - INFO - Quantum device error rate: 0.0390
2025-04-11 11:35:31,358 - Quantum Trading Bot - INFO - Quantum prediction for NVDA: 0.5070 (confidence: 0.7688)
2025-04-11 11:35:31,358 - Quantum Trading Bot - INFO - Trading signal for NVDA: 0.5070 (source: quantum)
2025-04-11 11:35:31,358 - Quantum Trading Bot - INFO - HOLD signal for NVDA (score: 0.5070, source: quantum)
2025-04-11 11:35:31,369 - Quantum Trading Bot - INFO - Performance metrics saved: 40/72 winning trades
2025-04-11 11:35:31,369 - Quantum Trading Bot - INFO - Quantum prediction accuracy: 0.00
2025-04-11 11:35:31,369 - Quantum Trading Bot - INFO - Sleeping for 60 seconds
2025-04-11 11:36:27,308 - Trading System - INFO - Trading Bot is alive: True
2025-04-11 11:36:27,311 - Trading System - INFO - Monitor Bot is alive: True
2025-04-11 11:36:27,311 - Trading System - INFO - Improvement Bot is alive: True
2025-04-11 11:36:31,371 - Quantum Trading Bot - INFO - Starting trading cycle
2025-04-11 11:36:31,371 - Quantum Trading Bot - INFO - Processing AAPL
2025-04-11 11:36:31,372 - Quantum Trading Bot - INFO - Mock halal compliance check for AAPL: COMPLIANT
2025-04-11 11:36:31,400 - Quantum Trading Bot - INFO - Quantum device error rate: 0.0540
2025-04-11 11:36:31,413 - Quantum Trading Bot - INFO - Quantum prediction for AAPL: 0.4866 (confidence: 0.7568)
2025-04-11 11:36:31,413 - Quantum Trading Bot - INFO - Trading signal for AAPL: 0.4866 (source: quantum)
2025-04-11 11:36:31,413 - Quantum Trading Bot - INFO - HOLD signal for AAPL (score: 0.4866, source: quantum)
2025-04-11 11:36:31,414 - Quantum Trading Bot - INFO - Processing MSFT
2025-04-11 11:36:31,414 - Quantum Trading Bot - INFO - Mock halal compliance check for MSFT: COMPLIANT
2025-04-11 11:36:31,425 - Quantum Trading Bot - INFO - Quantum device error rate: 0.0285
2025-04-11 11:36:31,428 - Quantum Trading Bot - INFO - Quantum prediction for MSFT: 0.8760 (confidence: 0.9715)
2025-04-11 11:36:31,428 - Quantum Trading Bot - INFO - Trading signal for MSFT: 0.8760 (source: quantum)
2025-04-11 11:36:31,428 - Quantum Trading Bot - INFO - HOLD signal for MSFT (score: 0.8760, source: quantum)
2025-04-11 11:36:31,430 - Quantum Trading Bot - INFO - Processing NVDA
2025-04-11 11:36:31,430 - Quantum Trading Bot - INFO - Mock halal compliance check for NVDA: COMPLIANT
2025-04-11 11:36:31,439 - Quantum Trading Bot - INFO - Quantum device error rate: 0.0306
2025-04-11 11:36:31,443 - Quantum Trading Bot - INFO - Quantum prediction for NVDA: 0.2230 (confidence: 0.9694)
2025-04-11 11:36:31,443 - Quantum Trading Bot - INFO - Trading signal for NVDA: 0.2230 (source: quantum)
2025-04-11 11:36:31,443 - Quantum Trading Bot - INFO - SELL signal for NVDA (score: 0.2230, source: quantum)
2025-04-11 11:36:31,444 - Quantum Trading Bot - WARNING - Cannot sell NVDA - no position
2025-04-11 11:36:31,457 - Quantum Trading Bot - INFO - Performance metrics saved: 40/72 winning trades
2025-04-11 11:36:31,457 - Quantum Trading Bot - INFO - Quantum prediction accuracy: 0.00
2025-04-11 11:36:31,457 - Quantum Trading Bot - INFO - Sleeping for 60 seconds
2025-04-11 11:37:27,311 - Trading System - INFO - Trading Bot is alive: True
2025-04-11 11:37:27,312 - Trading System - INFO - Monitor Bot is alive: True
2025-04-11 11:37:27,313 - Trading System - INFO - Improvement Bot is alive: True
2025-04-11 11:37:31,461 - Quantum Trading Bot - INFO - Starting trading cycle
2025-04-11 11:37:31,461 - Quantum Trading Bot - INFO - Processing AAPL
2025-04-11 11:37:31,462 - Quantum Trading Bot - INFO - Mock halal compliance check for AAPL: COMPLIANT
2025-04-11 11:37:31,488 - Quantum Trading Bot - INFO - Quantum device error rate: 0.0402
2025-04-11 11:37:31,493 - Quantum Trading Bot - INFO - Quantum prediction for AAPL: 0.5770 (confidence: 0.7678)
2025-04-11 11:37:31,493 - Quantum Trading Bot - INFO - Trading signal for AAPL: 0.5770 (source: quantum)
2025-04-11 11:37:31,493 - Quantum Trading Bot - INFO - HOLD signal for AAPL (score: 0.5770, source: quantum)
2025-04-11 11:37:31,495 - Quantum Trading Bot - INFO - Processing MSFT
2025-04-11 11:37:31,495 - Quantum Trading Bot - INFO - Mock halal compliance check for MSFT: COMPLIANT
2025-04-11 11:37:31,506 - Quantum Trading Bot - INFO - Quantum device error rate: 0.0390
2025-04-11 11:37:31,509 - Quantum Trading Bot - INFO - Quantum prediction for MSFT: 0.1450 (confidence: 0.9610)
2025-04-11 11:37:31,509 - Quantum Trading Bot - INFO - Trading signal for MSFT: 0.1450 (source: quantum)
2025-04-11 11:37:31,509 - Quantum Trading Bot - INFO - SELL signal for MSFT (score: 0.1450, source: quantum)
2025-04-11 11:37:31,510 - Quantum Trading Bot - WARNING - Cannot sell MSFT - no position
2025-04-11 11:37:31,511 - Quantum Trading Bot - INFO - Processing NVDA
2025-04-11 11:37:31,511 - Quantum Trading Bot - INFO - Mock halal compliance check for NVDA: COMPLIANT
2025-04-11 11:37:31,519 - Quantum Trading Bot - INFO - Quantum device error rate: 0.0303
2025-04-11 11:37:31,522 - Quantum Trading Bot - INFO - Quantum prediction for NVDA: 0.5810 (confidence: 0.7758)
2025-04-11 11:37:31,522 - Quantum Trading Bot - INFO - Trading signal for NVDA: 0.5810 (source: quantum)
2025-04-11 11:37:31,522 - Quantum Trading Bot - INFO - HOLD signal for NVDA (score: 0.5810, source: quantum)
2025-04-11 11:37:31,532 - Quantum Trading Bot - INFO - Performance metrics saved: 40/72 winning trades
2025-04-11 11:37:31,532 - Quantum Trading Bot - INFO - Quantum prediction accuracy: 0.00
2025-04-11 11:37:31,532 - Quantum Trading Bot - INFO - Sleeping for 60 seconds
2025-04-11 11:38:27,315 - Trading System - INFO - Trading Bot is alive: True
2025-04-11 11:38:27,316 - Trading System - INFO - Monitor Bot is alive: True
2025-04-11 11:38:27,316 - Trading System - INFO - Improvement Bot is alive: True
2025-04-11 11:38:31,536 - Quantum Trading Bot - INFO - Starting trading cycle
2025-04-11 11:38:31,537 - Quantum Trading Bot - INFO - Processing AAPL
2025-04-11 11:38:31,537 - Quantum Trading Bot - INFO - Mock halal compliance check for AAPL: COMPLIANT
2025-04-11 11:38:31,563 - Quantum Trading Bot - INFO - Quantum device error rate: 0.0261
2025-04-11 11:38:31,568 - Quantum Trading Bot - INFO - Quantum prediction for AAPL: 0.0730 (confidence: 0.9739)
2025-04-11 11:38:31,568 - Quantum Trading Bot - INFO - Trading signal for AAPL: 0.0730 (source: quantum)
2025-04-11 11:38:31,568 - Quantum Trading Bot - INFO - SELL signal for AAPL (score: 0.0730, source: quantum)
2025-04-11 11:38:31,569 - Quantum Trading Bot - WARNING - Cannot sell AAPL - no position
2025-04-11 11:38:31,571 - Quantum Trading Bot - INFO - Processing MSFT
2025-04-11 11:38:31,571 - Quantum Trading Bot - INFO - Mock halal compliance check for MSFT: COMPLIANT
2025-04-11 11:38:31,582 - Quantum Trading Bot - INFO - Quantum device error rate: 0.0315
2025-04-11 11:38:31,585 - Quantum Trading Bot - INFO - Quantum prediction for MSFT: 0.6310 (confidence: 0.9685)
2025-04-11 11:38:31,585 - Quantum Trading Bot - INFO - Trading signal for MSFT: 0.6310 (source: quantum)
2025-04-11 11:38:31,585 - Quantum Trading Bot - INFO - HOLD signal for MSFT (score: 0.6310, source: quantum)
2025-04-11 11:38:31,586 - Quantum Trading Bot - INFO - Processing NVDA
2025-04-11 11:38:31,586 - Quantum Trading Bot - INFO - Mock halal compliance check for NVDA: COMPLIANT
2025-04-11 11:38:31,595 - Quantum Trading Bot - INFO - Quantum device error rate: 0.0390
2025-04-11 11:38:31,597 - Quantum Trading Bot - INFO - Quantum prediction for NVDA: 0.4320 (confidence: 0.7688)
2025-04-11 11:38:31,597 - Quantum Trading Bot - INFO - Trading signal for NVDA: 0.4320 (source: quantum)
2025-04-11 11:38:31,597 - Quantum Trading Bot - INFO - HOLD signal for NVDA (score: 0.4320, source: quantum)
2025-04-11 11:38:31,608 - Quantum Trading Bot - INFO - Performance metrics saved: 40/72 winning trades
2025-04-11 11:38:31,608 - Quantum Trading Bot - INFO - Quantum prediction accuracy: 0.00
2025-04-11 11:38:31,620 - Quantum Trading Bot - INFO - Quantum device error rate: 0.0546
2025-04-11 11:38:31,621 - Quantum Trading Bot - INFO - Quantum portfolio optimization complete: {'AAPL': np.float64(0.32705248990578734), 'MSFT': np.float64(0.33983849259757737), 'NVDA': np.float64(0.33310901749663524)}
2025-04-11 11:38:31,621 - Quantum Trading Bot - INFO - Optimal portfolio weights: {'AAPL': np.float64(0.32705248990578734), 'MSFT': np.float64(0.33983849259757737), 'NVDA': np.float64(0.33310901749663524)}
2025-04-11 11:38:31,622 - Quantum Trading Bot - INFO - Sleeping for 60 seconds
2025-04-11 11:39:27,317 - Trading System - INFO - Trading Bot is alive: True
2025-04-11 11:39:27,320 - Trading System - INFO - Monitor Bot is alive: True
2025-04-11 11:39:27,320 - Trading System - INFO - Improvement Bot is alive: True
2025-04-11 11:39:28,462 - Monitor Bot - INFO - Running scheduled task: Performance Metrics
2025-04-11 11:39:28,473 - Monitor Bot - INFO - === Performance Metrics ===
2025-04-11 11:39:28,473 - Monitor Bot - INFO - Date: 2025-04-11T11:38:31.598933
2025-04-11 11:39:28,473 - Monitor Bot - INFO - Total Trades: 72
2025-04-11 11:39:28,474 - Monitor Bot - INFO - Win Rate: 55.56%
2025-04-11 11:39:28,474 - Monitor Bot - INFO - Total Profit: $18.27
2025-04-11 11:39:28,474 - Monitor Bot - INFO - Average Profit per Trade: $0.25
2025-04-11 11:39:28,474 - Monitor Bot - INFO - Average Profit Percentage: 0.09%
2025-04-11 11:39:28,474 - Monitor Bot - INFO - Maximum Drawdown: 0.10%
2025-04-11 11:39:28,474 - Monitor Bot - INFO - Quantum Prediction Accuracy: 0.00%
2025-04-11 11:39:28,474 - Monitor Bot - INFO - ============================
2025-04-11 11:39:28,488 - Monitor Bot - INFO - Task Performance Metrics completed successfully
2025-04-11 11:39:31,626 - Quantum Trading Bot - INFO - Starting trading cycle
2025-04-11 11:39:31,627 - Quantum Trading Bot - INFO - Processing AAPL
2025-04-11 11:39:31,627 - Quantum Trading Bot - INFO - Mock halal compliance check for AAPL: COMPLIANT
2025-04-11 11:39:31,660 - Quantum Trading Bot - INFO - Quantum device error rate: 0.0324
2025-04-11 11:39:31,666 - Quantum Trading Bot - INFO - Quantum prediction for AAPL: 0.7950 (confidence: 0.9676)
2025-04-11 11:39:31,666 - Quantum Trading Bot - INFO - Trading signal for AAPL: 0.7950 (source: quantum)
2025-04-11 11:39:31,666 - Quantum Trading Bot - INFO - HOLD signal for AAPL (score: 0.7950, source: quantum)
2025-04-11 11:39:31,667 - Quantum Trading Bot - INFO - Processing MSFT
2025-04-11 11:39:31,667 - Quantum Trading Bot - INFO - Mock halal compliance check for MSFT: COMPLIANT
2025-04-11 11:39:31,677 - Quantum Trading Bot - INFO - Quantum device error rate: 0.0351
2025-04-11 11:39:31,680 - Quantum Trading Bot - INFO - Quantum prediction for MSFT: 0.7060 (confidence: 0.9649)
2025-04-11 11:39:31,680 - Quantum Trading Bot - INFO - Trading signal for MSFT: 0.7060 (source: quantum)
2025-04-11 11:39:31,680 - Quantum Trading Bot - INFO - HOLD signal for MSFT (score: 0.7060, source: quantum)
2025-04-11 11:39:31,682 - Quantum Trading Bot - INFO - Processing NVDA
2025-04-11 11:39:31,682 - Quantum Trading Bot - INFO - Mock halal compliance check for NVDA: COMPLIANT
2025-04-11 11:39:31,690 - Quantum Trading Bot - INFO - Quantum device error rate: 0.0462
2025-04-11 11:39:31,693 - Quantum Trading Bot - INFO - Quantum prediction for NVDA: 0.8110 (confidence: 0.9538)
2025-04-11 11:39:31,693 - Quantum Trading Bot - INFO - Trading signal for NVDA: 0.8110 (source: quantum)
2025-04-11 11:39:31,693 - Quantum Trading Bot - INFO - HOLD signal for NVDA (score: 0.8110, source: quantum)
2025-04-11 11:39:31,703 - Quantum Trading Bot - INFO - Performance metrics saved: 40/72 winning trades
2025-04-11 11:39:31,703 - Quantum Trading Bot - INFO - Quantum prediction accuracy: 0.00
2025-04-11 11:39:31,703 - Quantum Trading Bot - INFO - Sleeping for 60 seconds
2025-04-11 11:40:27,323 - Trading System - INFO - Trading Bot is alive: True
2025-04-11 11:40:27,325 - Trading System - INFO - Monitor Bot is alive: True
2025-04-11 11:40:27,325 - Trading System - INFO - Improvement Bot is alive: True
2025-04-11 11:40:31,707 - Quantum Trading Bot - INFO - Starting trading cycle
2025-04-11 11:40:31,707 - Quantum Trading Bot - INFO - Processing AAPL
2025-04-11 11:40:31,708 - Quantum Trading Bot - INFO - Mock halal compliance check for AAPL: COMPLIANT
2025-04-11 11:40:31,734 - Quantum Trading Bot - INFO - Quantum device error rate: 0.0435
2025-04-11 11:40:31,742 - Quantum Trading Bot - INFO - Quantum prediction for AAPL: 0.8030 (confidence: 0.9565)
2025-04-11 11:40:31,742 - Quantum Trading Bot - INFO - Trading signal for AAPL: 0.8030 (source: quantum)
2025-04-11 11:40:31,742 - Quantum Trading Bot - INFO - HOLD signal for AAPL (score: 0.8030, source: quantum)
2025-04-11 11:40:31,744 - Quantum Trading Bot - INFO - Processing MSFT
2025-04-11 11:40:31,744 - Quantum Trading Bot - INFO - Mock halal compliance check for MSFT: COMPLIANT
2025-04-11 11:40:31,755 - Quantum Trading Bot - INFO - Quantum device error rate: 0.0348
2025-04-11 11:40:31,758 - Quantum Trading Bot - INFO - Quantum prediction for MSFT: 0.5290 (confidence: 0.7722)
2025-04-11 11:40:31,758 - Quantum Trading Bot - INFO - Trading signal for MSFT: 0.5290 (source: quantum)
2025-04-11 11:40:31,758 - Quantum Trading Bot - INFO - HOLD signal for MSFT (score: 0.5290, source: quantum)
2025-04-11 11:40:31,760 - Quantum Trading Bot - INFO - Processing NVDA
2025-04-11 11:40:31,760 - Quantum Trading Bot - INFO - Mock halal compliance check for NVDA: COMPLIANT
2025-04-11 11:40:31,768 - Quantum Trading Bot - INFO - Quantum device error rate: 0.0516
2025-04-11 11:40:31,776 - Quantum Trading Bot - INFO - Quantum prediction for NVDA: 0.4846 (confidence: 0.7587)
2025-04-11 11:40:31,776 - Quantum Trading Bot - INFO - Trading signal for NVDA: 0.4846 (source: quantum)
2025-04-11 11:40:31,776 - Quantum Trading Bot - INFO - HOLD signal for NVDA (score: 0.4846, source: quantum)
2025-04-11 11:40:31,787 - Quantum Trading Bot - INFO - Performance metrics saved: 40/72 winning trades
2025-04-11 11:40:31,787 - Quantum Trading Bot - INFO - Quantum prediction accuracy: 0.00
2025-04-11 11:40:31,787 - Quantum Trading Bot - INFO - Sleeping for 60 seconds
2025-04-11 11:41:27,330 - Trading System - INFO - Trading Bot is alive: True
2025-04-11 11:41:27,333 - Trading System - INFO - Monitor Bot is alive: True
2025-04-11 11:41:27,333 - Trading System - INFO - Improvement Bot is alive: True
2025-04-11 11:41:31,791 - Quantum Trading Bot - INFO - Starting trading cycle
2025-04-11 11:41:31,792 - Quantum Trading Bot - INFO - Processing AAPL
2025-04-11 11:41:31,792 - Quantum Trading Bot - INFO - Mock halal compliance check for AAPL: COMPLIANT
2025-04-11 11:41:31,829 - Quantum Trading Bot - INFO - Quantum device error rate: 0.0495
2025-04-11 11:41:31,835 - Quantum Trading Bot - INFO - Quantum prediction for AAPL: 0.1940 (confidence: 0.9505)
2025-04-11 11:41:31,835 - Quantum Trading Bot - INFO - Trading signal for AAPL: 0.1940 (source: quantum)
2025-04-11 11:41:31,835 - Quantum Trading Bot - INFO - SELL signal for AAPL (score: 0.1940, source: quantum)
2025-04-11 11:41:31,837 - Quantum Trading Bot - WARNING - Cannot sell AAPL - no position
2025-04-11 11:41:31,838 - Quantum Trading Bot - INFO - Processing MSFT
2025-04-11 11:41:31,838 - Quantum Trading Bot - INFO - Mock halal compliance check for MSFT: COMPLIANT
2025-04-11 11:41:31,848 - Quantum Trading Bot - INFO - Quantum device error rate: 0.0354
2025-04-11 11:41:31,851 - Quantum Trading Bot - INFO - Quantum prediction for MSFT: 0.4170 (confidence: 0.7717)
2025-04-11 11:41:31,852 - Quantum Trading Bot - INFO - Trading signal for MSFT: 0.4170 (source: quantum)
2025-04-11 11:41:31,852 - Quantum Trading Bot - INFO - HOLD signal for MSFT (score: 0.4170, source: quantum)
2025-04-11 11:41:31,853 - Quantum Trading Bot - INFO - Processing NVDA
2025-04-11 11:41:31,853 - Quantum Trading Bot - INFO - Mock halal compliance check for NVDA: COMPLIANT
2025-04-11 11:41:31,861 - Quantum Trading Bot - INFO - Quantum device error rate: 0.0372
2025-04-11 11:41:31,863 - Quantum Trading Bot - INFO - Quantum prediction for NVDA: 0.6450 (confidence: 0.9628)
2025-04-11 11:41:31,863 - Quantum Trading Bot - INFO - Trading signal for NVDA: 0.6450 (source: quantum)
2025-04-11 11:41:31,863 - Quantum Trading Bot - INFO - HOLD signal for NVDA (score: 0.6450, source: quantum)
2025-04-11 11:41:31,874 - Quantum Trading Bot - INFO - Performance metrics saved: 40/72 winning trades
2025-04-11 11:41:31,874 - Quantum Trading Bot - INFO - Quantum prediction accuracy: 0.00
2025-04-11 11:41:31,874 - Quantum Trading Bot - INFO - Sleeping for 60 seconds
2025-04-11 11:42:27,336 - Trading System - INFO - Trading Bot is alive: True
2025-04-11 11:42:27,338 - Trading System - INFO - Monitor Bot is alive: True
2025-04-11 11:42:27,338 - Trading System - INFO - Improvement Bot is alive: True
2025-04-11 11:42:31,878 - Quantum Trading Bot - INFO - Starting trading cycle
2025-04-11 11:42:31,879 - Quantum Trading Bot - INFO - Processing AAPL
2025-04-11 11:42:31,879 - Quantum Trading Bot - INFO - Mock halal compliance check for AAPL: COMPLIANT
2025-04-11 11:42:31,904 - Quantum Trading Bot - INFO - Quantum device error rate: 0.0357
2025-04-11 11:42:31,911 - Quantum Trading Bot - INFO - Quantum prediction for AAPL: 0.9570 (confidence: 0.9643)
2025-04-11 11:42:31,911 - Quantum Trading Bot - INFO - Trading signal for AAPL: 0.9570 (source: quantum)
2025-04-11 11:42:31,911 - Quantum Trading Bot - INFO - HOLD signal for AAPL (score: 0.9570, source: quantum)
2025-04-11 11:42:31,913 - Quantum Trading Bot - INFO - Processing MSFT
2025-04-11 11:42:31,913 - Quantum Trading Bot - INFO - Mock halal compliance check for MSFT: COMPLIANT
2025-04-11 11:42:31,924 - Quantum Trading Bot - INFO - Quantum device error rate: 0.0582
2025-04-11 11:42:31,933 - Quantum Trading Bot - INFO - Quantum prediction for MSFT: 0.0775 (confidence: 0.9418)
2025-04-11 11:42:31,934 - Quantum Trading Bot - INFO - Trading signal for MSFT: 0.0775 (source: quantum)
2025-04-11 11:42:31,934 - Quantum Trading Bot - INFO - SELL signal for MSFT (score: 0.0775, source: quantum)
2025-04-11 11:42:31,934 - Quantum Trading Bot - WARNING - Cannot sell MSFT - no position
2025-04-11 11:42:31,936 - Quantum Trading Bot - INFO - Processing NVDA
2025-04-11 11:42:31,936 - Quantum Trading Bot - INFO - Mock halal compliance check for NVDA: COMPLIANT
2025-04-11 11:42:31,944 - Quantum Trading Bot - INFO - Quantum device error rate: 0.0315
2025-04-11 11:42:31,947 - Quantum Trading Bot - INFO - Quantum prediction for NVDA: 0.2940 (confidence: 0.9685)
2025-04-11 11:42:31,947 - Quantum Trading Bot - INFO - Trading signal for NVDA: 0.2940 (source: quantum)
2025-04-11 11:42:31,947 - Quantum Trading Bot - INFO - SELL signal for NVDA (score: 0.2940, source: quantum)
2025-04-11 11:42:31,947 - Quantum Trading Bot - WARNING - Cannot sell NVDA - no position
2025-04-11 11:42:31,957 - Quantum Trading Bot - INFO - Performance metrics saved: 40/72 winning trades
2025-04-11 11:42:31,957 - Quantum Trading Bot - INFO - Quantum prediction accuracy: 0.00
2025-04-11 11:42:31,957 - Quantum Trading Bot - INFO - Sleeping for 60 seconds
2025-04-11 11:43:27,342 - Trading System - INFO - Trading Bot is alive: True
2025-04-11 11:43:27,345 - Trading System - INFO - Monitor Bot is alive: True
2025-04-11 11:43:27,346 - Trading System - INFO - Improvement Bot is alive: True
2025-04-11 11:43:31,957 - Quantum Trading Bot - INFO - Starting trading cycle
2025-04-11 11:43:31,958 - Quantum Trading Bot - INFO - Processing AAPL
2025-04-11 11:43:31,958 - Quantum Trading Bot - INFO - Mock halal compliance check for AAPL: COMPLIANT
2025-04-11 11:43:31,994 - Quantum Trading Bot - INFO - Quantum device error rate: 0.0402
2025-04-11 11:43:32,001 - Quantum Trading Bot - INFO - Quantum prediction for AAPL: 0.5040 (confidence: 0.7678)
2025-04-11 11:43:32,001 - Quantum Trading Bot - INFO - Trading signal for AAPL: 0.5040 (source: quantum)
2025-04-11 11:43:32,001 - Quantum Trading Bot - INFO - HOLD signal for AAPL (score: 0.5040, source: quantum)
2025-04-11 11:43:32,003 - Quantum Trading Bot - INFO - Processing MSFT
2025-04-11 11:43:32,003 - Quantum Trading Bot - INFO - Mock halal compliance check for MSFT: COMPLIANT
2025-04-11 11:43:32,014 - Quantum Trading Bot - INFO - Quantum device error rate: 0.0468
2025-04-11 11:43:32,018 - Quantum Trading Bot - INFO - Quantum prediction for MSFT: 0.3130 (confidence: 0.9532)
2025-04-11 11:43:32,018 - Quantum Trading Bot - INFO - Trading signal for MSFT: 0.3130 (source: quantum)
2025-04-11 11:43:32,018 - Quantum Trading Bot - INFO - HOLD signal for MSFT (score: 0.3130, source: quantum)
2025-04-11 11:43:32,019 - Quantum Trading Bot - INFO - Processing NVDA
2025-04-11 11:43:32,019 - Quantum Trading Bot - INFO - Mock halal compliance check for NVDA: COMPLIANT
2025-04-11 11:43:32,028 - Quantum Trading Bot - INFO - Quantum device error rate: 0.0327
2025-04-11 11:43:32,031 - Quantum Trading Bot - INFO - Quantum prediction for NVDA: 0.8560 (confidence: 0.9673)
2025-04-11 11:43:32,031 - Quantum Trading Bot - INFO - Trading signal for NVDA: 0.8560 (source: quantum)
2025-04-11 11:43:32,031 - Quantum Trading Bot - INFO - HOLD signal for NVDA (score: 0.8560, source: quantum)
2025-04-11 11:43:32,041 - Quantum Trading Bot - INFO - Performance metrics saved: 40/72 winning trades
2025-04-11 11:43:32,041 - Quantum Trading Bot - INFO - Quantum prediction accuracy: 0.00
2025-04-11 11:43:32,042 - Quantum Trading Bot - INFO - Sleeping for 60 seconds
2025-04-11 11:44:27,350 - Trading System - INFO - Trading Bot is alive: True
2025-04-11 11:44:27,352 - Trading System - INFO - Monitor Bot is alive: True
2025-04-11 11:44:27,352 - Trading System - INFO - Improvement Bot is alive: True
2025-04-11 11:44:32,046 - Quantum Trading Bot - INFO - Starting trading cycle
2025-04-11 11:44:32,046 - Quantum Trading Bot - INFO - Processing AAPL
2025-04-11 11:44:32,046 - Quantum Trading Bot - INFO - Mock halal compliance check for AAPL: COMPLIANT
2025-04-11 11:44:32,071 - Quantum Trading Bot - INFO - Quantum device error rate: 0.0390
2025-04-11 11:44:32,077 - Quantum Trading Bot - INFO - Quantum prediction for AAPL: 0.6910 (confidence: 0.9610)
2025-04-11 11:44:32,077 - Quantum Trading Bot - INFO - Trading signal for AAPL: 0.6910 (source: quantum)
2025-04-11 11:44:32,077 - Quantum Trading Bot - INFO - HOLD signal for AAPL (score: 0.6910, source: quantum)
2025-04-11 11:44:32,079 - Quantum Trading Bot - INFO - Processing MSFT
2025-04-11 11:44:32,079 - Quantum Trading Bot - INFO - Mock halal compliance check for MSFT: COMPLIANT
2025-04-11 11:44:32,089 - Quantum Trading Bot - INFO - Quantum device error rate: 0.0333
2025-04-11 11:44:32,093 - Quantum Trading Bot - INFO - Quantum prediction for MSFT: 0.0850 (confidence: 0.9667)
2025-04-11 11:44:32,093 - Quantum Trading Bot - INFO - Trading signal for MSFT: 0.0850 (source: quantum)
2025-04-11 11:44:32,093 - Quantum Trading Bot - INFO - SELL signal for MSFT (score: 0.0850, source: quantum)
2025-04-11 11:44:32,094 - Quantum Trading Bot - WARNING - Cannot sell MSFT - no position
2025-04-11 11:44:32,095 - Quantum Trading Bot - INFO - Processing NVDA
2025-04-11 11:44:32,095 - Quantum Trading Bot - INFO - Mock halal compliance check for NVDA: COMPLIANT
2025-04-11 11:44:32,104 - Quantum Trading Bot - INFO - Quantum device error rate: 0.0498
2025-04-11 11:44:32,106 - Quantum Trading Bot - INFO - Quantum prediction for NVDA: 0.3860 (confidence: 0.9502)
2025-04-11 11:44:32,106 - Quantum Trading Bot - INFO - Trading signal for NVDA: 0.3860 (source: quantum)
2025-04-11 11:44:32,106 - Quantum Trading Bot - INFO - HOLD signal for NVDA (score: 0.3860, source: quantum)
2025-04-11 11:44:32,117 - Quantum Trading Bot - INFO - Performance metrics saved: 40/72 winning trades
2025-04-11 11:44:32,117 - Quantum Trading Bot - INFO - Quantum prediction accuracy: 0.00
2025-04-11 11:44:32,117 - Quantum Trading Bot - INFO - Sleeping for 60 seconds
2025-04-11 11:45:27,356 - Trading System - INFO - Trading Bot is alive: True
2025-04-11 11:45:27,359 - Trading System - INFO - Monitor Bot is alive: True
2025-04-11 11:45:27,359 - Trading System - INFO - Improvement Bot is alive: True
2025-04-11 11:45:32,121 - Quantum Trading Bot - INFO - Starting trading cycle
2025-04-11 11:45:32,122 - Quantum Trading Bot - INFO - Processing AAPL
2025-04-11 11:45:32,122 - Quantum Trading Bot - INFO - Mock halal compliance check for AAPL: COMPLIANT
2025-04-11 11:45:32,144 - Quantum Trading Bot - INFO - Quantum device error rate: 0.0327
2025-04-11 11:45:32,150 - Quantum Trading Bot - INFO - Quantum prediction for AAPL: 0.3380 (confidence: 0.9673)
2025-04-11 11:45:32,151 - Quantum Trading Bot - INFO - Trading signal for AAPL: 0.3380 (source: quantum)
2025-04-11 11:45:32,151 - Quantum Trading Bot - INFO - HOLD signal for AAPL (score: 0.3380, source: quantum)
2025-04-11 11:45:32,153 - Quantum Trading Bot - INFO - Processing MSFT
2025-04-11 11:45:32,153 - Quantum Trading Bot - INFO - Mock halal compliance check for MSFT: COMPLIANT
2025-04-11 11:45:32,163 - Quantum Trading Bot - INFO - Quantum device error rate: 0.0294
2025-04-11 11:45:32,167 - Quantum Trading Bot - INFO - Quantum prediction for MSFT: 0.3550 (confidence: 0.9706)
2025-04-11 11:45:32,167 - Quantum Trading Bot - INFO - Trading signal for MSFT: 0.3550 (source: quantum)
2025-04-11 11:45:32,167 - Quantum Trading Bot - INFO - HOLD signal for MSFT (score: 0.3550, source: quantum)
2025-04-11 11:45:32,168 - Quantum Trading Bot - INFO - Processing NVDA
2025-04-11 11:45:32,168 - Quantum Trading Bot - INFO - Mock halal compliance check for NVDA: COMPLIANT
2025-04-11 11:45:32,176 - Quantum Trading Bot - INFO - Quantum device error rate: 0.0399
2025-04-11 11:45:32,179 - Quantum Trading Bot - INFO - Quantum prediction for NVDA: 0.7420 (confidence: 0.9601)
2025-04-11 11:45:32,179 - Quantum Trading Bot - INFO - Trading signal for NVDA: 0.7420 (source: quantum)
2025-04-11 11:45:32,179 - Quantum Trading Bot - INFO - HOLD signal for NVDA (score: 0.7420, source: quantum)
2025-04-11 11:45:32,190 - Quantum Trading Bot - INFO - Performance metrics saved: 40/72 winning trades
2025-04-11 11:45:32,190 - Quantum Trading Bot - INFO - Quantum prediction accuracy: 0.00
2025-04-11 11:45:32,190 - Quantum Trading Bot - INFO - Sleeping for 60 seconds
2025-04-11 11:46:27,359 - Trading System - INFO - Trading Bot is alive: True
2025-04-11 11:46:27,361 - Trading System - INFO - Monitor Bot is alive: True
2025-04-11 11:46:27,361 - Trading System - INFO - Improvement Bot is alive: True
2025-04-11 11:46:32,194 - Quantum Trading Bot - INFO - Starting trading cycle
2025-04-11 11:46:32,194 - Quantum Trading Bot - INFO - Processing AAPL
2025-04-11 11:46:32,195 - Quantum Trading Bot - INFO - Mock halal compliance check for AAPL: COMPLIANT
2025-04-11 11:46:32,215 - Quantum Trading Bot - INFO - Quantum device error rate: 0.0450
2025-04-11 11:46:32,221 - Quantum Trading Bot - INFO - Quantum prediction for AAPL: 0.6010 (confidence: 0.9550)
2025-04-11 11:46:32,221 - Quantum Trading Bot - INFO - Trading signal for AAPL: 0.6010 (source: quantum)
2025-04-11 11:46:32,221 - Quantum Trading Bot - INFO - HOLD signal for AAPL (score: 0.6010, source: quantum)
2025-04-11 11:46:32,223 - Quantum Trading Bot - INFO - Processing MSFT
2025-04-11 11:46:32,223 - Quantum Trading Bot - INFO - Mock halal compliance check for MSFT: COMPLIANT
2025-04-11 11:46:32,232 - Quantum Trading Bot - INFO - Quantum device error rate: 0.0411
2025-04-11 11:46:32,235 - Quantum Trading Bot - INFO - Quantum prediction for MSFT: 0.8340 (confidence: 0.9589)
2025-04-11 11:46:32,235 - Quantum Trading Bot - INFO - Trading signal for MSFT: 0.8340 (source: quantum)
2025-04-11 11:46:32,235 - Quantum Trading Bot - INFO - HOLD signal for MSFT (score: 0.8340, source: quantum)
2025-04-11 11:46:32,237 - Quantum Trading Bot - INFO - Processing NVDA
2025-04-11 11:46:32,237 - Quantum Trading Bot - INFO - Mock halal compliance check for NVDA: COMPLIANT
2025-04-11 11:46:32,245 - Quantum Trading Bot - INFO - Quantum device error rate: 0.0264
2025-04-11 11:46:32,247 - Quantum Trading Bot - INFO - Quantum prediction for NVDA: 0.6640 (confidence: 0.9736)
2025-04-11 11:46:32,247 - Quantum Trading Bot - INFO - Trading signal for NVDA: 0.6640 (source: quantum)
2025-04-11 11:46:32,247 - Quantum Trading Bot - INFO - HOLD signal for NVDA (score: 0.6640, source: quantum)
2025-04-11 11:46:32,258 - Quantum Trading Bot - INFO - Performance metrics saved: 40/72 winning trades
2025-04-11 11:46:32,258 - Quantum Trading Bot - INFO - Quantum prediction accuracy: 0.00
2025-04-11 11:46:32,258 - Quantum Trading Bot - INFO - Sleeping for 60 seconds
2025-04-11 11:47:27,366 - Trading System - INFO - Trading Bot is alive: True
2025-04-11 11:47:27,369 - Trading System - INFO - Monitor Bot is alive: True
2025-04-11 11:47:27,370 - Trading System - INFO - Improvement Bot is alive: True
2025-04-11 11:47:32,262 - Quantum Trading Bot - INFO - Starting trading cycle
2025-04-11 11:47:32,263 - Quantum Trading Bot - INFO - Processing AAPL
2025-04-11 11:47:32,263 - Quantum Trading Bot - INFO - Mock halal compliance check for AAPL: COMPLIANT
2025-04-11 11:47:32,298 - Quantum Trading Bot - INFO - Quantum device error rate: 0.0357
2025-04-11 11:47:32,305 - Quantum Trading Bot - INFO - Quantum prediction for AAPL: 0.7030 (confidence: 0.9643)
2025-04-11 11:47:32,305 - Quantum Trading Bot - INFO - Trading signal for AAPL: 0.7030 (source: quantum)
2025-04-11 11:47:32,305 - Quantum Trading Bot - INFO - HOLD signal for AAPL (score: 0.7030, source: quantum)
2025-04-11 11:47:32,307 - Quantum Trading Bot - INFO - Processing MSFT
2025-04-11 11:47:32,307 - Quantum Trading Bot - INFO - Mock halal compliance check for MSFT: COMPLIANT
2025-04-11 11:47:32,316 - Quantum Trading Bot - INFO - Quantum device error rate: 0.0234
2025-04-11 11:47:32,320 - Quantum Trading Bot - INFO - Quantum prediction for MSFT: 0.2780 (confidence: 0.9766)
2025-04-11 11:47:32,320 - Quantum Trading Bot - INFO - Trading signal for MSFT: 0.2780 (source: quantum)
2025-04-11 11:47:32,320 - Quantum Trading Bot - INFO - SELL signal for MSFT (score: 0.2780, source: quantum)
2025-04-11 11:47:32,321 - Quantum Trading Bot - WARNING - Cannot sell MSFT - no position
2025-04-11 11:47:32,322 - Quantum Trading Bot - INFO - Processing NVDA
2025-04-11 11:47:32,322 - Quantum Trading Bot - INFO - Mock halal compliance check for NVDA: COMPLIANT
2025-04-11 11:47:32,330 - Quantum Trading Bot - INFO - Quantum device error rate: 0.0378
2025-04-11 11:47:32,332 - Quantum Trading Bot - INFO - Quantum prediction for NVDA: 0.2510 (confidence: 0.9622)
2025-04-11 11:47:32,333 - Quantum Trading Bot - INFO - Trading signal for NVDA: 0.2510 (source: quantum)
2025-04-11 11:47:32,333 - Quantum Trading Bot - INFO - SELL signal for NVDA (score: 0.2510, source: quantum)
2025-04-11 11:47:32,333 - Quantum Trading Bot - WARNING - Cannot sell NVDA - no position
2025-04-11 11:47:32,343 - Quantum Trading Bot - INFO - Performance metrics saved: 40/72 winning trades
2025-04-11 11:47:32,343 - Quantum Trading Bot - INFO - Quantum prediction accuracy: 0.00
2025-04-11 11:47:32,344 - Quantum Trading Bot - INFO - Sleeping for 60 seconds
2025-04-11 11:48:27,371 - Trading System - INFO - Trading Bot is alive: True
2025-04-11 11:48:27,373 - Trading System - INFO - Monitor Bot is alive: True
2025-04-11 11:48:27,373 - Trading System - INFO - Improvement Bot is alive: True
2025-04-11 11:48:32,348 - Quantum Trading Bot - INFO - Starting trading cycle
2025-04-11 11:48:32,348 - Quantum Trading Bot - INFO - Processing AAPL
2025-04-11 11:48:32,348 - Quantum Trading Bot - INFO - Mock halal compliance check for AAPL: COMPLIANT
2025-04-11 11:48:32,367 - Quantum Trading Bot - INFO - Quantum device error rate: 0.0399
2025-04-11 11:48:32,372 - Quantum Trading Bot - INFO - Quantum prediction for AAPL: 0.8610 (confidence: 0.9601)
2025-04-11 11:48:32,372 - Quantum Trading Bot - INFO - Trading signal for AAPL: 0.8610 (source: quantum)
2025-04-11 11:48:32,372 - Quantum Trading Bot - INFO - HOLD signal for AAPL (score: 0.8610, source: quantum)
2025-04-11 11:48:32,374 - Quantum Trading Bot - INFO - Processing MSFT
2025-04-11 11:48:32,374 - Quantum Trading Bot - INFO - Mock halal compliance check for MSFT: COMPLIANT
2025-04-11 11:48:32,384 - Quantum Trading Bot - INFO - Quantum device error rate: 0.0432
2025-04-11 11:48:32,387 - Quantum Trading Bot - INFO - Quantum prediction for MSFT: 0.3970 (confidence: 0.9568)
2025-04-11 11:48:32,387 - Quantum Trading Bot - INFO - Trading signal for MSFT: 0.3970 (source: quantum)
2025-04-11 11:48:32,387 - Quantum Trading Bot - INFO - HOLD signal for MSFT (score: 0.3970, source: quantum)
2025-04-11 11:48:32,388 - Quantum Trading Bot - INFO - Processing NVDA
2025-04-11 11:48:32,388 - Quantum Trading Bot - INFO - Mock halal compliance check for NVDA: COMPLIANT
2025-04-11 11:48:32,397 - Quantum Trading Bot - INFO - Quantum device error rate: 0.0279
2025-04-11 11:48:32,400 - Quantum Trading Bot - INFO - Quantum prediction for NVDA: 0.5560 (confidence: 0.7777)
2025-04-11 11:48:32,400 - Quantum Trading Bot - INFO - Trading signal for NVDA: 0.5560 (source: quantum)
2025-04-11 11:48:32,400 - Quantum Trading Bot - INFO - HOLD signal for NVDA (score: 0.5560, source: quantum)
2025-04-11 11:48:32,411 - Quantum Trading Bot - INFO - Performance metrics saved: 40/72 winning trades
2025-04-11 11:48:32,411 - Quantum Trading Bot - INFO - Quantum prediction accuracy: 0.00
2025-04-11 11:48:32,411 - Quantum Trading Bot - INFO - Sleeping for 60 seconds
2025-04-11 11:49:27,378 - Trading System - INFO - Trading Bot is alive: True
2025-04-11 11:49:27,381 - Trading System - INFO - Monitor Bot is alive: True
2025-04-11 11:49:27,381 - Trading System - INFO - Improvement Bot is alive: True
2025-04-11 11:49:32,415 - Quantum Trading Bot - INFO - Starting trading cycle
2025-04-11 11:49:32,415 - Quantum Trading Bot - INFO - Processing AAPL
2025-04-11 11:49:32,416 - Quantum Trading Bot - INFO - Mock halal compliance check for AAPL: COMPLIANT
2025-04-11 11:49:32,438 - Quantum Trading Bot - INFO - Quantum device error rate: 0.0423
2025-04-11 11:49:32,444 - Quantum Trading Bot - INFO - Quantum prediction for AAPL: 0.4330 (confidence: 0.7662)
2025-04-11 11:49:32,444 - Quantum Trading Bot - INFO - Trading signal for AAPL: 0.4330 (source: quantum)
2025-04-11 11:49:32,444 - Quantum Trading Bot - INFO - HOLD signal for AAPL (score: 0.4330, source: quantum)
2025-04-11 11:49:32,446 - Quantum Trading Bot - INFO - Processing MSFT
2025-04-11 11:49:32,446 - Quantum Trading Bot - INFO - Mock halal compliance check for MSFT: COMPLIANT
2025-04-11 11:49:32,456 - Quantum Trading Bot - INFO - Quantum device error rate: 0.0315
2025-04-11 11:49:32,459 - Quantum Trading Bot - INFO - Quantum prediction for MSFT: 0.7380 (confidence: 0.9685)
2025-04-11 11:49:32,459 - Quantum Trading Bot - INFO - Trading signal for MSFT: 0.7380 (source: quantum)
2025-04-11 11:49:32,459 - Quantum Trading Bot - INFO - HOLD signal for MSFT (score: 0.7380, source: quantum)
2025-04-11 11:49:32,461 - Quantum Trading Bot - INFO - Processing NVDA
2025-04-11 11:49:32,461 - Quantum Trading Bot - INFO - Mock halal compliance check for NVDA: COMPLIANT
2025-04-11 11:49:32,469 - Quantum Trading Bot - INFO - Quantum device error rate: 0.0372
2025-04-11 11:49:32,471 - Quantum Trading Bot - INFO - Quantum prediction for NVDA: 0.5890 (confidence: 0.7702)
2025-04-11 11:49:32,471 - Quantum Trading Bot - INFO - Trading signal for NVDA: 0.5890 (source: quantum)
2025-04-11 11:49:32,471 - Quantum Trading Bot - INFO - HOLD signal for NVDA (score: 0.5890, source: quantum)
2025-04-11 11:49:32,482 - Quantum Trading Bot - INFO - Performance metrics saved: 40/72 winning trades
2025-04-11 11:49:32,482 - Quantum Trading Bot - INFO - Quantum prediction accuracy: 0.00
2025-04-11 11:49:32,482 - Quantum Trading Bot - INFO - Sleeping for 60 seconds
2025-04-11 11:50:27,382 - Trading System - INFO - Trading Bot is alive: True
2025-04-11 11:50:27,384 - Trading System - INFO - Monitor Bot is alive: True
2025-04-11 11:50:27,384 - Trading System - INFO - Improvement Bot is alive: True
2025-04-11 11:50:32,491 - Quantum Trading Bot - INFO - Starting trading cycle
2025-04-11 11:50:32,492 - Quantum Trading Bot - INFO - Processing AAPL
2025-04-11 11:50:32,492 - Quantum Trading Bot - INFO - Mock halal compliance check for AAPL: COMPLIANT
2025-04-11 11:50:32,516 - Quantum Trading Bot - INFO - Quantum device error rate: 0.0405
2025-04-11 11:50:32,523 - Quantum Trading Bot - INFO - Quantum prediction for AAPL: 0.5310 (confidence: 0.7676)
2025-04-11 11:50:32,524 - Quantum Trading Bot - INFO - Trading signal for AAPL: 0.5310 (source: quantum)
2025-04-11 11:50:32,524 - Quantum Trading Bot - INFO - HOLD signal for AAPL (score: 0.5310, source: quantum)
2025-04-11 11:50:32,526 - Quantum Trading Bot - INFO - Processing MSFT
2025-04-11 11:50:32,526 - Quantum Trading Bot - INFO - Mock halal compliance check for MSFT: COMPLIANT
2025-04-11 11:50:32,536 - Quantum Trading Bot - INFO - Quantum device error rate: 0.0447
2025-04-11 11:50:32,539 - Quantum Trading Bot - INFO - Quantum prediction for MSFT: 0.5420 (confidence: 0.7642)
2025-04-11 11:50:32,539 - Quantum Trading Bot - INFO - Trading signal for MSFT: 0.5420 (source: quantum)
2025-04-11 11:50:32,539 - Quantum Trading Bot - INFO - HOLD signal for MSFT (score: 0.5420, source: quantum)
2025-04-11 11:50:32,541 - Quantum Trading Bot - INFO - Processing NVDA
2025-04-11 11:50:32,541 - Quantum Trading Bot - INFO - Mock halal compliance check for NVDA: COMPLIANT
2025-04-11 11:50:32,549 - Quantum Trading Bot - INFO - Quantum device error rate: 0.0306
2025-04-11 11:50:32,552 - Quantum Trading Bot - INFO - Quantum prediction for NVDA: 0.9200 (confidence: 0.9694)
2025-04-11 11:50:32,552 - Quantum Trading Bot - INFO - Trading signal for NVDA: 0.9200 (source: quantum)
2025-04-11 11:50:32,552 - Quantum Trading Bot - INFO - HOLD signal for NVDA (score: 0.9200, source: quantum)
2025-04-11 11:50:32,562 - Quantum Trading Bot - INFO - Performance metrics saved: 40/72 winning trades
2025-04-11 11:50:32,562 - Quantum Trading Bot - INFO - Quantum prediction accuracy: 0.00
2025-04-11 11:50:32,563 - Quantum Trading Bot - INFO - Sleeping for 60 seconds
2025-04-11 11:51:27,392 - Trading System - INFO - Trading Bot is alive: True
2025-04-11 11:51:27,394 - Trading System - INFO - Monitor Bot is alive: True
2025-04-11 11:51:27,394 - Trading System - INFO - Improvement Bot is alive: True
2025-04-11 11:51:32,572 - Quantum Trading Bot - INFO - Starting trading cycle
2025-04-11 11:51:32,572 - Quantum Trading Bot - INFO - Processing AAPL
2025-04-11 11:51:32,572 - Quantum Trading Bot - INFO - Mock halal compliance check for AAPL: COMPLIANT
2025-04-11 11:51:32,600 - Quantum Trading Bot - INFO - Quantum device error rate: 0.0333
2025-04-11 11:51:32,608 - Quantum Trading Bot - INFO - Quantum prediction for AAPL: 0.7410 (confidence: 0.9667)
2025-04-11 11:51:32,608 - Quantum Trading Bot - INFO - Trading signal for AAPL: 0.7410 (source: quantum)
2025-04-11 11:51:32,608 - Quantum Trading Bot - INFO - HOLD signal for AAPL (score: 0.7410, source: quantum)
2025-04-11 11:51:32,610 - Quantum Trading Bot - INFO - Processing MSFT
2025-04-11 11:51:32,610 - Quantum Trading Bot - INFO - Mock halal compliance check for MSFT: COMPLIANT
2025-04-11 11:51:32,621 - Quantum Trading Bot - INFO - Quantum device error rate: 0.0390
2025-04-11 11:51:32,624 - Quantum Trading Bot - INFO - Quantum prediction for MSFT: 0.4790 (confidence: 0.7688)
2025-04-11 11:51:32,624 - Quantum Trading Bot - INFO - Trading signal for MSFT: 0.4790 (source: quantum)
2025-04-11 11:51:32,624 - Quantum Trading Bot - INFO - HOLD signal for MSFT (score: 0.4790, source: quantum)
2025-04-11 11:51:32,625 - Quantum Trading Bot - INFO - Processing NVDA
2025-04-11 11:51:32,625 - Quantum Trading Bot - INFO - Mock halal compliance check for NVDA: COMPLIANT
2025-04-11 11:51:32,634 - Quantum Trading Bot - INFO - Quantum device error rate: 0.0351
2025-04-11 11:51:32,636 - Quantum Trading Bot - INFO - Quantum prediction for NVDA: 0.4850 (confidence: 0.7719)
2025-04-11 11:51:32,636 - Quantum Trading Bot - INFO - Trading signal for NVDA: 0.4850 (source: quantum)
2025-04-11 11:51:32,636 - Quantum Trading Bot - INFO - HOLD signal for NVDA (score: 0.4850, source: quantum)
2025-04-11 11:51:32,647 - Quantum Trading Bot - INFO - Performance metrics saved: 40/72 winning trades
2025-04-11 11:51:32,647 - Quantum Trading Bot - INFO - Quantum prediction accuracy: 0.00
2025-04-11 11:51:32,648 - Quantum Trading Bot - INFO - Sleeping for 60 seconds
2025-04-11 11:52:27,400 - Trading System - INFO - Trading Bot is alive: True
2025-04-11 11:52:27,403 - Trading System - INFO - Monitor Bot is alive: True
2025-04-11 11:52:27,404 - Trading System - INFO - Improvement Bot is alive: True
2025-04-11 11:52:32,655 - Quantum Trading Bot - INFO - Starting trading cycle
2025-04-11 11:52:32,655 - Quantum Trading Bot - INFO - Processing AAPL
2025-04-11 11:52:32,655 - Quantum Trading Bot - INFO - Mock halal compliance check for AAPL: COMPLIANT
2025-04-11 11:52:32,684 - Quantum Trading Bot - INFO - Quantum device error rate: 0.0516
2025-04-11 11:52:32,698 - Quantum Trading Bot - INFO - Quantum prediction for AAPL: 0.5112 (confidence: 0.7587)
2025-04-11 11:52:32,698 - Quantum Trading Bot - INFO - Trading signal for AAPL: 0.5112 (source: quantum)
2025-04-11 11:52:32,698 - Quantum Trading Bot - INFO - HOLD signal for AAPL (score: 0.5112, source: quantum)
2025-04-11 11:52:32,700 - Quantum Trading Bot - INFO - Processing MSFT
2025-04-11 11:52:32,700 - Quantum Trading Bot - INFO - Mock halal compliance check for MSFT: COMPLIANT
2025-04-11 11:52:32,710 - Quantum Trading Bot - INFO - Quantum device error rate: 0.0351
2025-04-11 11:52:32,713 - Quantum Trading Bot - INFO - Quantum prediction for MSFT: 0.4310 (confidence: 0.7719)
2025-04-11 11:52:32,713 - Quantum Trading Bot - INFO - Trading signal for MSFT: 0.4310 (source: quantum)
2025-04-11 11:52:32,713 - Quantum Trading Bot - INFO - HOLD signal for MSFT (score: 0.4310, source: quantum)
2025-04-11 11:52:32,714 - Quantum Trading Bot - INFO - Processing NVDA
2025-04-11 11:52:32,714 - Quantum Trading Bot - INFO - Mock halal compliance check for NVDA: COMPLIANT
2025-04-11 11:52:32,722 - Quantum Trading Bot - INFO - Quantum device error rate: 0.0264
2025-04-11 11:52:32,725 - Quantum Trading Bot - INFO - Quantum prediction for NVDA: 0.9330 (confidence: 0.9736)
2025-04-11 11:52:32,725 - Quantum Trading Bot - INFO - Trading signal for NVDA: 0.9330 (source: quantum)
2025-04-11 11:52:32,725 - Quantum Trading Bot - INFO - HOLD signal for NVDA (score: 0.9330, source: quantum)
2025-04-11 11:52:32,735 - Quantum Trading Bot - INFO - Performance metrics saved: 40/72 winning trades
2025-04-11 11:52:32,735 - Quantum Trading Bot - INFO - Quantum prediction accuracy: 0.00
2025-04-11 11:52:32,735 - Quantum Trading Bot - INFO - Sleeping for 60 seconds
2025-04-11 11:53:27,405 - Trading System - INFO - Trading Bot is alive: True
2025-04-11 11:53:27,408 - Trading System - INFO - Monitor Bot is alive: True
2025-04-11 11:53:27,408 - Trading System - INFO - Improvement Bot is alive: True
2025-04-11 11:53:32,739 - Quantum Trading Bot - INFO - Starting trading cycle
2025-04-11 11:53:32,740 - Quantum Trading Bot - INFO - Processing AAPL
2025-04-11 11:53:32,740 - Quantum Trading Bot - INFO - Mock halal compliance check for AAPL: COMPLIANT
2025-04-11 11:53:32,766 - Quantum Trading Bot - INFO - Quantum device error rate: 0.0603
2025-04-11 11:53:32,779 - Quantum Trading Bot - INFO - Quantum prediction for AAPL: 0.2722 (confidence: 0.9397)
2025-04-11 11:53:32,779 - Quantum Trading Bot - INFO - Trading signal for AAPL: 0.2722 (source: quantum)
2025-04-11 11:53:32,779 - Quantum Trading Bot - INFO - SELL signal for AAPL (score: 0.2722, source: quantum)
2025-04-11 11:53:32,780 - Quantum Trading Bot - WARNING - Cannot sell AAPL - no position
2025-04-11 11:53:32,781 - Quantum Trading Bot - INFO - Processing MSFT
2025-04-11 11:53:32,781 - Quantum Trading Bot - INFO - Mock halal compliance check for MSFT: COMPLIANT
2025-04-11 11:53:32,790 - Quantum Trading Bot - INFO - Quantum device error rate: 0.0366
2025-04-11 11:53:32,792 - Quantum Trading Bot - INFO - Quantum prediction for MSFT: 0.1740 (confidence: 0.9634)
2025-04-11 11:53:32,792 - Quantum Trading Bot - INFO - Trading signal for MSFT: 0.1740 (source: quantum)
2025-04-11 11:53:32,792 - Quantum Trading Bot - INFO - SELL signal for MSFT (score: 0.1740, source: quantum)
2025-04-11 11:53:32,793 - Quantum Trading Bot - WARNING - Cannot sell MSFT - no position
2025-04-11 11:53:32,794 - Quantum Trading Bot - INFO - Processing NVDA
2025-04-11 11:53:32,794 - Quantum Trading Bot - INFO - Mock halal compliance check for NVDA: COMPLIANT
2025-04-11 11:53:32,801 - Quantum Trading Bot - INFO - Quantum device error rate: 0.0381
2025-04-11 11:53:32,804 - Quantum Trading Bot - INFO - Quantum prediction for NVDA: 0.5990 (confidence: 0.7695)
2025-04-11 11:53:32,804 - Quantum Trading Bot - INFO - Trading signal for NVDA: 0.5990 (source: quantum)
2025-04-11 11:53:32,804 - Quantum Trading Bot - INFO - HOLD signal for NVDA (score: 0.5990, source: quantum)
2025-04-11 11:53:32,814 - Quantum Trading Bot - INFO - Performance metrics saved: 40/72 winning trades
2025-04-11 11:53:32,814 - Quantum Trading Bot - INFO - Quantum prediction accuracy: 0.00
2025-04-11 11:53:32,814 - Quantum Trading Bot - INFO - Sleeping for 60 seconds
2025-04-11 11:54:27,429 - Trading System - INFO - Trading Bot is alive: True
2025-04-11 11:54:27,434 - Trading System - INFO - Monitor Bot is alive: True
2025-04-11 11:54:27,434 - Trading System - INFO - Improvement Bot is alive: True
2025-04-11 11:54:32,818 - Quantum Trading Bot - INFO - Starting trading cycle
2025-04-11 11:54:32,818 - Quantum Trading Bot - INFO - Processing AAPL
2025-04-11 11:54:32,818 - Quantum Trading Bot - INFO - Mock halal compliance check for AAPL: COMPLIANT
2025-04-11 11:54:32,849 - Quantum Trading Bot - INFO - Quantum device error rate: 0.0333
2025-04-11 11:54:32,856 - Quantum Trading Bot - INFO - Quantum prediction for AAPL: 0.4010 (confidence: 0.7734)
2025-04-11 11:54:32,856 - Quantum Trading Bot - INFO - Trading signal for AAPL: 0.4010 (source: quantum)
2025-04-11 11:54:32,856 - Quantum Trading Bot - INFO - HOLD signal for AAPL (score: 0.4010, source: quantum)
2025-04-11 11:54:32,858 - Quantum Trading Bot - INFO - Processing MSFT
2025-04-11 11:54:32,859 - Quantum Trading Bot - INFO - Mock halal compliance check for MSFT: COMPLIANT
2025-04-11 11:54:32,870 - Quantum Trading Bot - INFO - Quantum device error rate: 0.0330
2025-04-11 11:54:32,874 - Quantum Trading Bot - INFO - Quantum prediction for MSFT: 0.3720 (confidence: 0.9670)
2025-04-11 11:54:32,874 - Quantum Trading Bot - INFO - Trading signal for MSFT: 0.3720 (source: quantum)
2025-04-11 11:54:32,874 - Quantum Trading Bot - INFO - HOLD signal for MSFT (score: 0.3720, source: quantum)
2025-04-11 11:54:32,875 - Quantum Trading Bot - INFO - Processing NVDA
2025-04-11 11:54:32,875 - Quantum Trading Bot - INFO - Mock halal compliance check for NVDA: COMPLIANT
2025-04-11 11:54:32,884 - Quantum Trading Bot - INFO - Quantum device error rate: 0.0348
2025-04-11 11:54:32,886 - Quantum Trading Bot - INFO - Quantum prediction for NVDA: 0.6960 (confidence: 0.9652)
2025-04-11 11:54:32,887 - Quantum Trading Bot - INFO - Trading signal for NVDA: 0.6960 (source: quantum)
2025-04-11 11:54:32,887 - Quantum Trading Bot - INFO - HOLD signal for NVDA (score: 0.6960, source: quantum)
2025-04-11 11:54:32,898 - Quantum Trading Bot - INFO - Performance metrics saved: 40/72 winning trades
2025-04-11 11:54:32,898 - Quantum Trading Bot - INFO - Quantum prediction accuracy: 0.00
2025-04-11 11:54:32,898 - Quantum Trading Bot - INFO - Sleeping for 60 seconds
2025-04-11 11:55:27,437 - Trading System - INFO - Trading Bot is alive: True
2025-04-11 11:55:27,439 - Trading System - INFO - Monitor Bot is alive: True
2025-04-11 11:55:27,439 - Trading System - INFO - Improvement Bot is alive: True
2025-04-11 11:55:32,902 - Quantum Trading Bot - INFO - Starting trading cycle
2025-04-11 11:55:32,903 - Quantum Trading Bot - INFO - Processing AAPL
2025-04-11 11:55:32,903 - Quantum Trading Bot - INFO - Mock halal compliance check for AAPL: COMPLIANT
2025-04-11 11:55:32,930 - Quantum Trading Bot - INFO - Quantum device error rate: 0.0333
2025-04-11 11:55:32,936 - Quantum Trading Bot - INFO - Quantum prediction for AAPL: 0.5880 (confidence: 0.7734)
2025-04-11 11:55:32,936 - Quantum Trading Bot - INFO - Trading signal for AAPL: 0.5880 (source: quantum)
2025-04-11 11:55:32,936 - Quantum Trading Bot - INFO - HOLD signal for AAPL (score: 0.5880, source: quantum)
2025-04-11 11:55:32,938 - Quantum Trading Bot - INFO - Processing MSFT
2025-04-11 11:55:32,938 - Quantum Trading Bot - INFO - Mock halal compliance check for MSFT: COMPLIANT
2025-04-11 11:55:32,947 - Quantum Trading Bot - INFO - Quantum device error rate: 0.0414
2025-04-11 11:55:32,950 - Quantum Trading Bot - INFO - Quantum prediction for MSFT: 0.5210 (confidence: 0.7669)
2025-04-11 11:55:32,950 - Quantum Trading Bot - INFO - Trading signal for MSFT: 0.5210 (source: quantum)
2025-04-11 11:55:32,950 - Quantum Trading Bot - INFO - HOLD signal for MSFT (score: 0.5210, source: quantum)
2025-04-11 11:55:32,951 - Quantum Trading Bot - INFO - Processing NVDA
2025-04-11 11:55:32,951 - Quantum Trading Bot - INFO - Mock halal compliance check for NVDA: COMPLIANT
2025-04-11 11:55:32,959 - Quantum Trading Bot - INFO - Quantum device error rate: 0.0387
2025-04-11 11:55:32,961 - Quantum Trading Bot - INFO - Quantum prediction for NVDA: 0.3910 (confidence: 0.9613)
2025-04-11 11:55:32,961 - Quantum Trading Bot - INFO - Trading signal for NVDA: 0.3910 (source: quantum)
2025-04-11 11:55:32,961 - Quantum Trading Bot - INFO - HOLD signal for NVDA (score: 0.3910, source: quantum)
2025-04-11 11:55:32,972 - Quantum Trading Bot - INFO - Performance metrics saved: 40/72 winning trades
2025-04-11 11:55:32,972 - Quantum Trading Bot - INFO - Quantum prediction accuracy: 0.00
2025-04-11 11:55:32,972 - Quantum Trading Bot - INFO - Sleeping for 60 seconds
2025-04-11 11:56:27,461 - Trading System - INFO - Trading Bot is alive: True
2025-04-11 11:56:27,463 - Trading System - INFO - Monitor Bot is alive: True
2025-04-11 11:56:27,463 - Trading System - INFO - Improvement Bot is alive: True
2025-04-11 11:56:32,976 - Quantum Trading Bot - INFO - Starting trading cycle
2025-04-11 11:56:32,977 - Quantum Trading Bot - INFO - Processing AAPL
2025-04-11 11:56:32,977 - Quantum Trading Bot - INFO - Mock halal compliance check for AAPL: COMPLIANT
2025-04-11 11:56:33,008 - Quantum Trading Bot - INFO - Quantum device error rate: 0.0348
2025-04-11 11:56:33,013 - Quantum Trading Bot - INFO - Quantum prediction for AAPL: 0.7370 (confidence: 0.9652)
2025-04-11 11:56:33,013 - Quantum Trading Bot - INFO - Trading signal for AAPL: 0.7370 (source: quantum)
2025-04-11 11:56:33,013 - Quantum Trading Bot - INFO - HOLD signal for AAPL (score: 0.7370, source: quantum)
2025-04-11 11:56:33,015 - Quantum Trading Bot - INFO - Processing MSFT
2025-04-11 11:56:33,015 - Quantum Trading Bot - INFO - Mock halal compliance check for MSFT: COMPLIANT
2025-04-11 11:56:33,025 - Quantum Trading Bot - INFO - Quantum device error rate: 0.0366
2025-04-11 11:56:33,027 - Quantum Trading Bot - INFO - Quantum prediction for MSFT: 0.1120 (confidence: 0.9634)
2025-04-11 11:56:33,027 - Quantum Trading Bot - INFO - Trading signal for MSFT: 0.1120 (source: quantum)
2025-04-11 11:56:33,027 - Quantum Trading Bot - INFO - SELL signal for MSFT (score: 0.1120, source: quantum)
2025-04-11 11:56:33,028 - Quantum Trading Bot - WARNING - Cannot sell MSFT - no position
2025-04-11 11:56:33,030 - Quantum Trading Bot - INFO - Processing NVDA
2025-04-11 11:56:33,030 - Quantum Trading Bot - INFO - Mock halal compliance check for NVDA: COMPLIANT
2025-04-11 11:56:33,038 - Quantum Trading Bot - INFO - Quantum device error rate: 0.0252
2025-04-11 11:56:33,041 - Quantum Trading Bot - INFO - Quantum prediction for NVDA: 0.8860 (confidence: 0.9748)
2025-04-11 11:56:33,041 - Quantum Trading Bot - INFO - Trading signal for NVDA: 0.8860 (source: quantum)
2025-04-11 11:56:33,041 - Quantum Trading Bot - INFO - HOLD signal for NVDA (score: 0.8860, source: quantum)
2025-04-11 11:56:33,051 - Quantum Trading Bot - INFO - Performance metrics saved: 40/72 winning trades
2025-04-11 11:56:33,051 - Quantum Trading Bot - INFO - Quantum prediction accuracy: 0.00
2025-04-11 11:56:33,051 - Quantum Trading Bot - INFO - Sleeping for 60 seconds
2025-04-11 11:57:27,468 - Trading System - INFO - Trading Bot is alive: True
2025-04-11 11:57:27,471 - Trading System - INFO - Monitor Bot is alive: True
2025-04-11 11:57:27,471 - Trading System - INFO - Improvement Bot is alive: True
2025-04-11 11:57:33,056 - Quantum Trading Bot - INFO - Starting trading cycle
2025-04-11 11:57:33,056 - Quantum Trading Bot - INFO - Processing AAPL
2025-04-11 11:57:33,057 - Quantum Trading Bot - INFO - Mock halal compliance check for AAPL: COMPLIANT
2025-04-11 11:57:33,085 - Quantum Trading Bot - INFO - Quantum device error rate: 0.0285
2025-04-11 11:57:33,091 - Quantum Trading Bot - INFO - Quantum prediction for AAPL: 0.2550 (confidence: 0.9715)
2025-04-11 11:57:33,092 - Quantum Trading Bot - INFO - Trading signal for AAPL: 0.2550 (source: quantum)
2025-04-11 11:57:33,092 - Quantum Trading Bot - INFO - SELL signal for AAPL (score: 0.2550, source: quantum)
2025-04-11 11:57:33,093 - Quantum Trading Bot - WARNING - Cannot sell AAPL - no position
2025-04-11 11:57:33,095 - Quantum Trading Bot - INFO - Processing MSFT
2025-04-11 11:57:33,095 - Quantum Trading Bot - INFO - Mock halal compliance check for MSFT: COMPLIANT
2025-04-11 11:57:33,105 - Quantum Trading Bot - INFO - Quantum device error rate: 0.0363
2025-04-11 11:57:33,108 - Quantum Trading Bot - INFO - Quantum prediction for MSFT: 0.5310 (confidence: 0.7710)
2025-04-11 11:57:33,108 - Quantum Trading Bot - INFO - Trading signal for MSFT: 0.5310 (source: quantum)
2025-04-11 11:57:33,108 - Quantum Trading Bot - INFO - HOLD signal for MSFT (score: 0.5310, source: quantum)
2025-04-11 11:57:33,109 - Quantum Trading Bot - INFO - Processing NVDA
2025-04-11 11:57:33,109 - Quantum Trading Bot - INFO - Mock halal compliance check for NVDA: COMPLIANT
2025-04-11 11:57:33,117 - Quantum Trading Bot - INFO - Quantum device error rate: 0.0234
2025-04-11 11:57:33,119 - Quantum Trading Bot - INFO - Quantum prediction for NVDA: 0.3010 (confidence: 0.9766)
2025-04-11 11:57:33,119 - Quantum Trading Bot - INFO - Trading signal for NVDA: 0.3010 (source: quantum)
2025-04-11 11:57:33,120 - Quantum Trading Bot - INFO - HOLD signal for NVDA (score: 0.3010, source: quantum)
2025-04-11 11:57:33,130 - Quantum Trading Bot - INFO - Performance metrics saved: 40/72 winning trades
2025-04-11 11:57:33,130 - Quantum Trading Bot - INFO - Quantum prediction accuracy: 0.00
2025-04-11 11:57:33,130 - Quantum Trading Bot - INFO - Sleeping for 60 seconds
2025-04-11 11:58:27,474 - Trading System - INFO - Trading Bot is alive: True
2025-04-11 11:58:27,476 - Trading System - INFO - Monitor Bot is alive: True
2025-04-11 11:58:27,476 - Trading System - INFO - Improvement Bot is alive: True
2025-04-11 11:58:33,130 - Quantum Trading Bot - INFO - Starting trading cycle
2025-04-11 11:58:33,131 - Quantum Trading Bot - INFO - Processing AAPL
2025-04-11 11:58:33,131 - Quantum Trading Bot - INFO - Mock halal compliance check for AAPL: COMPLIANT
2025-04-11 11:58:33,154 - Quantum Trading Bot - INFO - Quantum device error rate: 0.0432
2025-04-11 11:58:33,158 - Quantum Trading Bot - INFO - Quantum prediction for AAPL: 0.5320 (confidence: 0.7654)
2025-04-11 11:58:33,158 - Quantum Trading Bot - INFO - Trading signal for AAPL: 0.5320 (source: quantum)
2025-04-11 11:58:33,158 - Quantum Trading Bot - INFO - HOLD signal for AAPL (score: 0.5320, source: quantum)
2025-04-11 11:58:33,160 - Quantum Trading Bot - INFO - Processing MSFT
2025-04-11 11:58:33,160 - Quantum Trading Bot - INFO - Mock halal compliance check for MSFT: COMPLIANT
2025-04-11 11:58:33,168 - Quantum Trading Bot - INFO - Quantum device error rate: 0.0336
2025-04-11 11:58:33,172 - Quantum Trading Bot - INFO - Quantum prediction for MSFT: 0.4800 (confidence: 0.7731)
2025-04-11 11:58:33,172 - Quantum Trading Bot - INFO - Trading signal for MSFT: 0.4800 (source: quantum)
2025-04-11 11:58:33,172 - Quantum Trading Bot - INFO - HOLD signal for MSFT (score: 0.4800, source: quantum)
2025-04-11 11:58:33,173 - Quantum Trading Bot - INFO - Processing NVDA
2025-04-11 11:58:33,173 - Quantum Trading Bot - INFO - Mock halal compliance check for NVDA: COMPLIANT
2025-04-11 11:58:33,183 - Quantum Trading Bot - INFO - Quantum device error rate: 0.0405
2025-04-11 11:58:33,186 - Quantum Trading Bot - INFO - Quantum prediction for NVDA: 0.5820 (confidence: 0.7676)
2025-04-11 11:58:33,186 - Quantum Trading Bot - INFO - Trading signal for NVDA: 0.5820 (source: quantum)
2025-04-11 11:58:33,186 - Quantum Trading Bot - INFO - HOLD signal for NVDA (score: 0.5820, source: quantum)
2025-04-11 11:58:33,198 - Quantum Trading Bot - INFO - Performance metrics saved: 40/72 winning trades
2025-04-11 11:58:33,198 - Quantum Trading Bot - INFO - Quantum prediction accuracy: 0.00
2025-04-11 11:58:33,211 - Quantum Trading Bot - INFO - Quantum device error rate: 0.0435
2025-04-11 11:58:33,213 - Quantum Trading Bot - INFO - Quantum portfolio optimization complete: {'AAPL': np.float64(0.32932531730126924), 'MSFT': np.float64(0.33533734134936544), 'NVDA': np.float64(0.33533734134936544)}
2025-04-11 11:58:33,213 - Quantum Trading Bot - INFO - Optimal portfolio weights: {'AAPL': np.float64(0.32932531730126924), 'MSFT': np.float64(0.33533734134936544), 'NVDA': np.float64(0.33533734134936544)}
2025-04-11 11:58:33,214 - Quantum Trading Bot - INFO - Sleeping for 60 seconds
2025-04-11 11:59:27,480 - Trading System - INFO - Trading Bot is alive: True
2025-04-11 11:59:27,483 - Trading System - INFO - Monitor Bot is alive: True
2025-04-11 11:59:27,483 - Trading System - INFO - Improvement Bot is alive: True
2025-04-11 11:59:33,219 - Quantum Trading Bot - INFO - Starting trading cycle
2025-04-11 11:59:33,220 - Quantum Trading Bot - INFO - Processing AAPL
2025-04-11 11:59:33,220 - Quantum Trading Bot - INFO - Mock halal compliance check for AAPL: COMPLIANT
2025-04-11 11:59:33,252 - Quantum Trading Bot - INFO - Quantum device error rate: 0.0420
2025-04-11 11:59:33,260 - Quantum Trading Bot - INFO - Quantum prediction for AAPL: 0.6520 (confidence: 0.9580)
2025-04-11 11:59:33,260 - Quantum Trading Bot - INFO - Trading signal for AAPL: 0.6520 (source: quantum)
2025-04-11 11:59:33,260 - Quantum Trading Bot - INFO - HOLD signal for AAPL (score: 0.6520, source: quantum)
2025-04-11 11:59:33,262 - Quantum Trading Bot - INFO - Processing MSFT
2025-04-11 11:59:33,262 - Quantum Trading Bot - INFO - Mock halal compliance check for MSFT: COMPLIANT
2025-04-11 11:59:33,273 - Quantum Trading Bot - INFO - Quantum device error rate: 0.0507
2025-04-11 11:59:33,283 - Quantum Trading Bot - INFO - Quantum prediction for MSFT: 0.6973 (confidence: 0.9493)
2025-04-11 11:59:33,283 - Quantum Trading Bot - INFO - Trading signal for MSFT: 0.6973 (source: quantum)
2025-04-11 11:59:33,284 - Quantum Trading Bot - INFO - HOLD signal for MSFT (score: 0.6973, source: quantum)
2025-04-11 11:59:33,285 - Quantum Trading Bot - INFO - Processing NVDA
2025-04-11 11:59:33,285 - Quantum Trading Bot - INFO - Mock halal compliance check for NVDA: COMPLIANT
2025-04-11 11:59:33,294 - Quantum Trading Bot - INFO - Quantum device error rate: 0.0411
2025-04-11 11:59:33,297 - Quantum Trading Bot - INFO - Quantum prediction for NVDA: 0.6870 (confidence: 0.9589)
2025-04-11 11:59:33,297 - Quantum Trading Bot - INFO - Trading signal for NVDA: 0.6870 (source: quantum)
2025-04-11 11:59:33,297 - Quantum Trading Bot - INFO - HOLD signal for NVDA (score: 0.6870, source: quantum)
2025-04-11 11:59:33,309 - Quantum Trading Bot - INFO - Performance metrics saved: 40/72 winning trades
2025-04-11 11:59:33,309 - Quantum Trading Bot - INFO - Quantum prediction accuracy: 0.00
2025-04-11 11:59:33,309 - Quantum Trading Bot - INFO - Sleeping for 60 seconds
2025-04-11 12:00:27,488 - Trading System - INFO - Trading Bot is alive: True
2025-04-11 12:00:27,492 - Trading System - INFO - Monitor Bot is alive: True
2025-04-11 12:00:27,492 - Trading System - INFO - Improvement Bot is alive: True
2025-04-11 12:00:33,313 - Quantum Trading Bot - INFO - Starting trading cycle
2025-04-11 12:00:33,314 - Quantum Trading Bot - INFO - Processing AAPL
2025-04-11 12:00:33,314 - Quantum Trading Bot - INFO - Mock halal compliance check for AAPL: COMPLIANT
2025-04-11 12:00:33,346 - Quantum Trading Bot - INFO - Quantum device error rate: 0.0390
2025-04-11 12:00:33,350 - Quantum Trading Bot - INFO - Quantum prediction for AAPL: 0.4550 (confidence: 0.7688)
2025-04-11 12:00:33,350 - Quantum Trading Bot - INFO - Trading signal for AAPL: 0.4550 (source: quantum)
2025-04-11 12:00:33,350 - Quantum Trading Bot - INFO - HOLD signal for AAPL (score: 0.4550, source: quantum)
2025-04-11 12:00:33,352 - Quantum Trading Bot - INFO - Processing MSFT
2025-04-11 12:00:33,352 - Quantum Trading Bot - INFO - Mock halal compliance check for MSFT: COMPLIANT
2025-04-11 12:00:33,361 - Quantum Trading Bot - INFO - Quantum device error rate: 0.0249
2025-04-11 12:00:33,364 - Quantum Trading Bot - INFO - Quantum prediction for MSFT: 0.2150 (confidence: 0.9751)
2025-04-11 12:00:33,364 - Quantum Trading Bot - INFO - Trading signal for MSFT: 0.2150 (source: quantum)
2025-04-11 12:00:33,364 - Quantum Trading Bot - INFO - SELL signal for MSFT (score: 0.2150, source: quantum)
2025-04-11 12:00:33,365 - Quantum Trading Bot - WARNING - Cannot sell MSFT - no position
2025-04-11 12:00:33,367 - Quantum Trading Bot - INFO - Processing NVDA
2025-04-11 12:00:33,367 - Quantum Trading Bot - INFO - Mock halal compliance check for NVDA: COMPLIANT
2025-04-11 12:00:33,375 - Quantum Trading Bot - INFO - Quantum device error rate: 0.0408
2025-04-11 12:00:33,378 - Quantum Trading Bot - INFO - Quantum prediction for NVDA: 0.7640 (confidence: 0.9592)
2025-04-11 12:00:33,378 - Quantum Trading Bot - INFO - Trading signal for NVDA: 0.7640 (source: quantum)
2025-04-11 12:00:33,378 - Quantum Trading Bot - INFO - HOLD signal for NVDA (score: 0.7640, source: quantum)
2025-04-11 12:00:33,388 - Quantum Trading Bot - INFO - Performance metrics saved: 40/72 winning trades
2025-04-11 12:00:33,388 - Quantum Trading Bot - INFO - Quantum prediction accuracy: 0.00
2025-04-11 12:00:33,389 - Quantum Trading Bot - INFO - Sleeping for 60 seconds
2025-04-11 12:01:27,497 - Trading System - INFO - Trading Bot is alive: True
2025-04-11 12:01:27,500 - Trading System - INFO - Monitor Bot is alive: True
2025-04-11 12:01:27,500 - Trading System - INFO - Improvement Bot is alive: True
2025-04-11 12:01:33,393 - Quantum Trading Bot - INFO - Starting trading cycle
2025-04-11 12:01:33,393 - Quantum Trading Bot - INFO - Processing AAPL
2025-04-11 12:01:33,394 - Quantum Trading Bot - INFO - Mock halal compliance check for AAPL: COMPLIANT
2025-04-11 12:01:33,419 - Quantum Trading Bot - INFO - Quantum device error rate: 0.0360
2025-04-11 12:01:33,424 - Quantum Trading Bot - INFO - Quantum prediction for AAPL: 0.4750 (confidence: 0.7712)
2025-04-11 12:01:33,424 - Quantum Trading Bot - INFO - Trading signal for AAPL: 0.4750 (source: quantum)
2025-04-11 12:01:33,424 - Quantum Trading Bot - INFO - HOLD signal for AAPL (score: 0.4750, source: quantum)
2025-04-11 12:01:33,426 - Quantum Trading Bot - INFO - Processing MSFT
2025-04-11 12:01:33,426 - Quantum Trading Bot - INFO - Mock halal compliance check for MSFT: COMPLIANT
2025-04-11 12:01:33,435 - Quantum Trading Bot - INFO - Quantum device error rate: 0.0342
2025-04-11 12:01:33,438 - Quantum Trading Bot - INFO - Quantum prediction for MSFT: 0.6410 (confidence: 0.9658)
2025-04-11 12:01:33,438 - Quantum Trading Bot - INFO - Trading signal for MSFT: 0.6410 (source: quantum)
2025-04-11 12:01:33,438 - Quantum Trading Bot - INFO - HOLD signal for MSFT (score: 0.6410, source: quantum)
2025-04-11 12:01:33,439 - Quantum Trading Bot - INFO - Processing NVDA
2025-04-11 12:01:33,439 - Quantum Trading Bot - INFO - Mock halal compliance check for NVDA: COMPLIANT
2025-04-11 12:01:33,447 - Quantum Trading Bot - INFO - Quantum device error rate: 0.0528
2025-04-11 12:01:33,454 - Quantum Trading Bot - INFO - Quantum prediction for NVDA: 0.8364 (confidence: 0.9472)
2025-04-11 12:01:33,454 - Quantum Trading Bot - INFO - Trading signal for NVDA: 0.8364 (source: quantum)
2025-04-11 12:01:33,454 - Quantum Trading Bot - INFO - HOLD signal for NVDA (score: 0.8364, source: quantum)
2025-04-11 12:01:33,465 - Quantum Trading Bot - INFO - Performance metrics saved: 40/72 winning trades
2025-04-11 12:01:33,465 - Quantum Trading Bot - INFO - Quantum prediction accuracy: 0.00
2025-04-11 12:01:33,465 - Quantum Trading Bot - INFO - Sleeping for 60 seconds
2025-04-11 12:02:27,503 - Trading System - INFO - Trading Bot is alive: True
2025-04-11 12:02:27,506 - Trading System - INFO - Monitor Bot is alive: True
2025-04-11 12:02:27,506 - Trading System - INFO - Improvement Bot is alive: True
2025-04-11 12:02:33,469 - Quantum Trading Bot - INFO - Starting trading cycle
2025-04-11 12:02:33,470 - Quantum Trading Bot - INFO - Processing AAPL
2025-04-11 12:02:33,470 - Quantum Trading Bot - INFO - Mock halal compliance check for AAPL: COMPLIANT
2025-04-11 12:02:33,494 - Quantum Trading Bot - INFO - Quantum device error rate: 0.0372
2025-04-11 12:02:33,500 - Quantum Trading Bot - INFO - Quantum prediction for AAPL: 0.6050 (confidence: 0.9628)
2025-04-11 12:02:33,500 - Quantum Trading Bot - INFO - Trading signal for AAPL: 0.6050 (source: quantum)
2025-04-11 12:02:33,500 - Quantum Trading Bot - INFO - HOLD signal for AAPL (score: 0.6050, source: quantum)
2025-04-11 12:02:33,502 - Quantum Trading Bot - INFO - Processing MSFT
2025-04-11 12:02:33,502 - Quantum Trading Bot - INFO - Mock halal compliance check for MSFT: COMPLIANT
2025-04-11 12:02:33,511 - Quantum Trading Bot - INFO - Quantum device error rate: 0.0357
2025-04-11 12:02:33,514 - Quantum Trading Bot - INFO - Quantum prediction for MSFT: 0.3860 (confidence: 0.9643)
2025-04-11 12:02:33,514 - Quantum Trading Bot - INFO - Trading signal for MSFT: 0.3860 (source: quantum)
2025-04-11 12:02:33,514 - Quantum Trading Bot - INFO - HOLD signal for MSFT (score: 0.3860, source: quantum)
2025-04-11 12:02:33,516 - Quantum Trading Bot - INFO - Processing NVDA
2025-04-11 12:02:33,516 - Quantum Trading Bot - INFO - Mock halal compliance check for NVDA: COMPLIANT
2025-04-11 12:02:33,523 - Quantum Trading Bot - INFO - Quantum device error rate: 0.0336
2025-04-11 12:02:33,526 - Quantum Trading Bot - INFO - Quantum prediction for NVDA: 0.5390 (confidence: 0.7731)
2025-04-11 12:02:33,526 - Quantum Trading Bot - INFO - Trading signal for NVDA: 0.5390 (source: quantum)
2025-04-11 12:02:33,526 - Quantum Trading Bot - INFO - HOLD signal for NVDA (score: 0.5390, source: quantum)
2025-04-11 12:02:33,537 - Quantum Trading Bot - INFO - Performance metrics saved: 40/72 winning trades
2025-04-11 12:02:33,537 - Quantum Trading Bot - INFO - Quantum prediction accuracy: 0.00
2025-04-11 12:02:33,537 - Quantum Trading Bot - INFO - Sleeping for 60 seconds
2025-04-11 12:03:27,511 - Trading System - INFO - Trading Bot is alive: True
2025-04-11 12:03:27,514 - Trading System - INFO - Monitor Bot is alive: True
2025-04-11 12:03:27,514 - Trading System - INFO - Improvement Bot is alive: True
2025-04-11 12:03:33,541 - Quantum Trading Bot - INFO - Starting trading cycle
2025-04-11 12:03:33,542 - Quantum Trading Bot - INFO - Processing AAPL
2025-04-11 12:03:33,542 - Quantum Trading Bot - INFO - Mock halal compliance check for AAPL: COMPLIANT
2025-04-11 12:03:33,570 - Quantum Trading Bot - INFO - Quantum device error rate: 0.0357
2025-04-11 12:03:33,575 - Quantum Trading Bot - INFO - Quantum prediction for AAPL: 0.5950 (confidence: 0.7714)
2025-04-11 12:03:33,575 - Quantum Trading Bot - INFO - Trading signal for AAPL: 0.5950 (source: quantum)
2025-04-11 12:03:33,575 - Quantum Trading Bot - INFO - HOLD signal for AAPL (score: 0.5950, source: quantum)
2025-04-11 12:03:33,577 - Quantum Trading Bot - INFO - Processing MSFT
2025-04-11 12:03:33,577 - Quantum Trading Bot - INFO - Mock halal compliance check for MSFT: COMPLIANT
2025-04-11 12:03:33,586 - Quantum Trading Bot - INFO - Quantum device error rate: 0.0333
2025-04-11 12:03:33,588 - Quantum Trading Bot - INFO - Quantum prediction for MSFT: 0.5650 (confidence: 0.7734)
2025-04-11 12:03:33,588 - Quantum Trading Bot - INFO - Trading signal for MSFT: 0.5650 (source: quantum)
2025-04-11 12:03:33,588 - Quantum Trading Bot - INFO - HOLD signal for MSFT (score: 0.5650, source: quantum)
2025-04-11 12:03:33,590 - Quantum Trading Bot - INFO - Processing NVDA
2025-04-11 12:03:33,590 - Quantum Trading Bot - INFO - Mock halal compliance check for NVDA: COMPLIANT
2025-04-11 12:03:33,598 - Quantum Trading Bot - INFO - Quantum device error rate: 0.0378
2025-04-11 12:03:33,601 - Quantum Trading Bot - INFO - Quantum prediction for NVDA: 0.5350 (confidence: 0.7698)
2025-04-11 12:03:33,601 - Quantum Trading Bot - INFO - Trading signal for NVDA: 0.5350 (source: quantum)
2025-04-11 12:03:33,601 - Quantum Trading Bot - INFO - HOLD signal for NVDA (score: 0.5350, source: quantum)
2025-04-11 12:03:33,612 - Quantum Trading Bot - INFO - Performance metrics saved: 40/72 winning trades
2025-04-11 12:03:33,612 - Quantum Trading Bot - INFO - Quantum prediction accuracy: 0.00
2025-04-11 12:03:33,612 - Quantum Trading Bot - INFO - Sleeping for 60 seconds
2025-04-11 12:04:27,514 - Trading System - INFO - Trading Bot is alive: True
2025-04-11 12:04:27,516 - Trading System - INFO - Monitor Bot is alive: True
2025-04-11 12:04:27,516 - Trading System - INFO - Improvement Bot is alive: True
2025-04-11 12:04:33,616 - Quantum Trading Bot - INFO - Starting trading cycle
2025-04-11 12:04:33,617 - Quantum Trading Bot - INFO - Processing AAPL
2025-04-11 12:04:33,617 - Quantum Trading Bot - INFO - Mock halal compliance check for AAPL: COMPLIANT
2025-04-11 12:04:33,644 - Quantum Trading Bot - INFO - Quantum device error rate: 0.0435
2025-04-11 12:04:33,649 - Quantum Trading Bot - INFO - Quantum prediction for AAPL: 0.6100 (confidence: 0.9565)
2025-04-11 12:04:33,650 - Quantum Trading Bot - INFO - Trading signal for AAPL: 0.6100 (source: quantum)
2025-04-11 12:04:33,650 - Quantum Trading Bot - INFO - HOLD signal for AAPL (score: 0.6100, source: quantum)
2025-04-11 12:04:33,652 - Quantum Trading Bot - INFO - Processing MSFT
2025-04-11 12:04:33,652 - Quantum Trading Bot - INFO - Mock halal compliance check for MSFT: COMPLIANT
2025-04-11 12:04:33,663 - Quantum Trading Bot - INFO - Quantum device error rate: 0.0354
2025-04-11 12:04:33,667 - Quantum Trading Bot - INFO - Quantum prediction for MSFT: 0.6180 (confidence: 0.9646)
2025-04-11 12:04:33,667 - Quantum Trading Bot - INFO - Trading signal for MSFT: 0.6180 (source: quantum)
2025-04-11 12:04:33,667 - Quantum Trading Bot - INFO - HOLD signal for MSFT (score: 0.6180, source: quantum)
2025-04-11 12:04:33,668 - Quantum Trading Bot - INFO - Processing NVDA
2025-04-11 12:04:33,668 - Quantum Trading Bot - INFO - Mock halal compliance check for NVDA: COMPLIANT
2025-04-11 12:04:33,677 - Quantum Trading Bot - INFO - Quantum device error rate: 0.0300
2025-04-11 12:04:33,680 - Quantum Trading Bot - INFO - Quantum prediction for NVDA: 0.5800 (confidence: 0.7760)
2025-04-11 12:04:33,680 - Quantum Trading Bot - INFO - Trading signal for NVDA: 0.5800 (source: quantum)
2025-04-11 12:04:33,680 - Quantum Trading Bot - INFO - HOLD signal for NVDA (score: 0.5800, source: quantum)
2025-04-11 12:04:33,691 - Quantum Trading Bot - INFO - Performance metrics saved: 40/72 winning trades
2025-04-11 12:04:33,691 - Quantum Trading Bot - INFO - Quantum prediction accuracy: 0.00
2025-04-11 12:04:33,691 - Quantum Trading Bot - INFO - Sleeping for 60 seconds
2025-04-11 12:05:27,517 - Trading System - INFO - Trading Bot is alive: True
2025-04-11 12:05:27,519 - Trading System - INFO - Monitor Bot is alive: True
2025-04-11 12:05:27,519 - Trading System - INFO - Improvement Bot is alive: True
2025-04-11 12:05:33,696 - Quantum Trading Bot - INFO - Starting trading cycle
2025-04-11 12:05:33,696 - Quantum Trading Bot - INFO - Processing AAPL
2025-04-11 12:05:33,696 - Quantum Trading Bot - INFO - Mock halal compliance check for AAPL: COMPLIANT
2025-04-11 12:05:33,724 - Quantum Trading Bot - INFO - Quantum device error rate: 0.0471
2025-04-11 12:05:33,731 - Quantum Trading Bot - INFO - Quantum prediction for AAPL: 0.5610 (confidence: 0.7623)
2025-04-11 12:05:33,731 - Quantum Trading Bot - INFO - Trading signal for AAPL: 0.5610 (source: quantum)
2025-04-11 12:05:33,731 - Quantum Trading Bot - INFO - HOLD signal for AAPL (score: 0.5610, source: quantum)
2025-04-11 12:05:33,733 - Quantum Trading Bot - INFO - Processing MSFT
2025-04-11 12:05:33,733 - Quantum Trading Bot - INFO - Mock halal compliance check for MSFT: COMPLIANT
2025-04-11 12:05:33,744 - Quantum Trading Bot - INFO - Quantum device error rate: 0.0411
2025-04-11 12:05:33,747 - Quantum Trading Bot - INFO - Quantum prediction for MSFT: 0.8730 (confidence: 0.9589)
2025-04-11 12:05:33,747 - Quantum Trading Bot - INFO - Trading signal for MSFT: 0.8730 (source: quantum)
2025-04-11 12:05:33,747 - Quantum Trading Bot - INFO - HOLD signal for MSFT (score: 0.8730, source: quantum)
2025-04-11 12:05:33,749 - Quantum Trading Bot - INFO - Processing NVDA
2025-04-11 12:05:33,749 - Quantum Trading Bot - INFO - Mock halal compliance check for NVDA: COMPLIANT
2025-04-11 12:05:33,758 - Quantum Trading Bot - INFO - Quantum device error rate: 0.0468
2025-04-11 12:05:33,761 - Quantum Trading Bot - INFO - Quantum prediction for NVDA: 0.4700 (confidence: 0.7626)
2025-04-11 12:05:33,761 - Quantum Trading Bot - INFO - Trading signal for NVDA: 0.4700 (source: quantum)
2025-04-11 12:05:33,761 - Quantum Trading Bot - INFO - HOLD signal for NVDA (score: 0.4700, source: quantum)
2025-04-11 12:05:33,772 - Quantum Trading Bot - INFO - Performance metrics saved: 40/72 winning trades
2025-04-11 12:05:33,772 - Quantum Trading Bot - INFO - Quantum prediction accuracy: 0.00
2025-04-11 12:05:33,772 - Quantum Trading Bot - INFO - Sleeping for 60 seconds
2025-04-11 12:06:27,524 - Trading System - INFO - Trading Bot is alive: True
2025-04-11 12:06:27,525 - Trading System - INFO - Monitor Bot is alive: True
2025-04-11 12:06:27,525 - Trading System - INFO - Improvement Bot is alive: True
2025-04-11 12:06:33,776 - Quantum Trading Bot - INFO - Starting trading cycle
2025-04-11 12:06:33,778 - Quantum Trading Bot - INFO - Processing AAPL
2025-04-11 12:06:33,778 - Quantum Trading Bot - INFO - Mock halal compliance check for AAPL: COMPLIANT
2025-04-11 12:06:33,799 - Quantum Trading Bot - INFO - Quantum device error rate: 0.0351
2025-04-11 12:06:33,803 - Quantum Trading Bot - INFO - Quantum prediction for AAPL: 0.8630 (confidence: 0.9649)
2025-04-11 12:06:33,803 - Quantum Trading Bot - INFO - Trading signal for AAPL: 0.8630 (source: quantum)
2025-04-11 12:06:33,803 - Quantum Trading Bot - INFO - HOLD signal for AAPL (score: 0.8630, source: quantum)
2025-04-11 12:06:33,805 - Quantum Trading Bot - INFO - Processing MSFT
2025-04-11 12:06:33,805 - Quantum Trading Bot - INFO - Mock halal compliance check for MSFT: COMPLIANT
2025-04-11 12:06:33,815 - Quantum Trading Bot - INFO - Quantum device error rate: 0.0474
2025-04-11 12:06:33,818 - Quantum Trading Bot - INFO - Quantum prediction for MSFT: 0.6870 (confidence: 0.9526)
2025-04-11 12:06:33,818 - Quantum Trading Bot - INFO - Trading signal for MSFT: 0.6870 (source: quantum)
2025-04-11 12:06:33,818 - Quantum Trading Bot - INFO - HOLD signal for MSFT (score: 0.6870, source: quantum)
2025-04-11 12:06:33,819 - Quantum Trading Bot - INFO - Processing NVDA
2025-04-11 12:06:33,819 - Quantum Trading Bot - INFO - Mock halal compliance check for NVDA: COMPLIANT
2025-04-11 12:06:33,827 - Quantum Trading Bot - INFO - Quantum device error rate: 0.0522
2025-04-11 12:06:33,835 - Quantum Trading Bot - INFO - Quantum prediction for NVDA: 0.5851 (confidence: 0.7582)
2025-04-11 12:06:33,835 - Quantum Trading Bot - INFO - Trading signal for NVDA: 0.5851 (source: quantum)
2025-04-11 12:06:33,835 - Quantum Trading Bot - INFO - HOLD signal for NVDA (score: 0.5851, source: quantum)
2025-04-11 12:06:33,846 - Quantum Trading Bot - INFO - Performance metrics saved: 40/72 winning trades
2025-04-11 12:06:33,846 - Quantum Trading Bot - INFO - Quantum prediction accuracy: 0.00
2025-04-11 12:06:33,846 - Quantum Trading Bot - INFO - Sleeping for 60 seconds
2025-04-11 12:07:27,527 - Trading System - INFO - Trading Bot is alive: True
2025-04-11 12:07:27,529 - Trading System - INFO - Monitor Bot is alive: True
2025-04-11 12:07:27,529 - Trading System - INFO - Improvement Bot is alive: True
2025-04-11 12:07:33,850 - Quantum Trading Bot - INFO - Starting trading cycle
2025-04-11 12:07:33,850 - Quantum Trading Bot - INFO - Processing AAPL
2025-04-11 12:07:33,850 - Quantum Trading Bot - INFO - Mock halal compliance check for AAPL: COMPLIANT
2025-04-11 12:07:33,869 - Quantum Trading Bot - INFO - Quantum device error rate: 0.0315
2025-04-11 12:07:33,873 - Quantum Trading Bot - INFO - Quantum prediction for AAPL: 0.8650 (confidence: 0.9685)
2025-04-11 12:07:33,873 - Quantum Trading Bot - INFO - Trading signal for AAPL: 0.8650 (source: quantum)
2025-04-11 12:07:33,873 - Quantum Trading Bot - INFO - HOLD signal for AAPL (score: 0.8650, source: quantum)
2025-04-11 12:07:33,875 - Quantum Trading Bot - INFO - Processing MSFT
2025-04-11 12:07:33,875 - Quantum Trading Bot - INFO - Mock halal compliance check for MSFT: COMPLIANT
2025-04-11 12:07:33,884 - Quantum Trading Bot - INFO - Quantum device error rate: 0.0366
2025-04-11 12:07:33,887 - Quantum Trading Bot - INFO - Quantum prediction for MSFT: 0.6250 (confidence: 0.9634)
2025-04-11 12:07:33,887 - Quantum Trading Bot - INFO - Trading signal for MSFT: 0.6250 (source: quantum)
2025-04-11 12:07:33,887 - Quantum Trading Bot - INFO - HOLD signal for MSFT (score: 0.6250, source: quantum)
2025-04-11 12:07:33,889 - Quantum Trading Bot - INFO - Processing NVDA
2025-04-11 12:07:33,889 - Quantum Trading Bot - INFO - Mock halal compliance check for NVDA: COMPLIANT
2025-04-11 12:07:33,896 - Quantum Trading Bot - INFO - Quantum device error rate: 0.0486
2025-04-11 12:07:33,900 - Quantum Trading Bot - INFO - Quantum prediction for NVDA: 0.8070 (confidence: 0.9514)
2025-04-11 12:07:33,900 - Quantum Trading Bot - INFO - Trading signal for NVDA: 0.8070 (source: quantum)
2025-04-11 12:07:33,900 - Quantum Trading Bot - INFO - HOLD signal for NVDA (score: 0.8070, source: quantum)
2025-04-11 12:07:33,910 - Quantum Trading Bot - INFO - Performance metrics saved: 40/72 winning trades
2025-04-11 12:07:33,910 - Quantum Trading Bot - INFO - Quantum prediction accuracy: 0.00
2025-04-11 12:07:33,910 - Quantum Trading Bot - INFO - Sleeping for 60 seconds
2025-04-11 12:08:27,529 - Trading System - INFO - Trading Bot is alive: True
2025-04-11 12:08:27,531 - Trading System - INFO - Monitor Bot is alive: True
2025-04-11 12:08:27,531 - Trading System - INFO - Improvement Bot is alive: True
2025-04-11 12:08:33,915 - Quantum Trading Bot - INFO - Starting trading cycle
2025-04-11 12:08:33,915 - Quantum Trading Bot - INFO - Processing AAPL
2025-04-11 12:08:33,915 - Quantum Trading Bot - INFO - Mock halal compliance check for AAPL: COMPLIANT
2025-04-11 12:08:33,935 - Quantum Trading Bot - INFO - Quantum device error rate: 0.0372
2025-04-11 12:08:33,941 - Quantum Trading Bot - INFO - Quantum prediction for AAPL: 0.6140 (confidence: 0.9628)
2025-04-11 12:08:33,941 - Quantum Trading Bot - INFO - Trading signal for AAPL: 0.6140 (source: quantum)
2025-04-11 12:08:33,941 - Quantum Trading Bot - INFO - HOLD signal for AAPL (score: 0.6140, source: quantum)
2025-04-11 12:08:33,943 - Quantum Trading Bot - INFO - Processing MSFT
2025-04-11 12:08:33,943 - Quantum Trading Bot - INFO - Mock halal compliance check for MSFT: COMPLIANT
2025-04-11 12:08:33,952 - Quantum Trading Bot - INFO - Quantum device error rate: 0.0540
2025-04-11 12:08:33,961 - Quantum Trading Bot - INFO - Quantum prediction for MSFT: 0.8258 (confidence: 0.9460)
2025-04-11 12:08:33,961 - Quantum Trading Bot - INFO - Trading signal for MSFT: 0.8258 (source: quantum)
2025-04-11 12:08:33,961 - Quantum Trading Bot - INFO - HOLD signal for MSFT (score: 0.8258, source: quantum)
2025-04-11 12:08:33,963 - Quantum Trading Bot - INFO - Processing NVDA
2025-04-11 12:08:33,963 - Quantum Trading Bot - INFO - Mock halal compliance check for NVDA: COMPLIANT
2025-04-11 12:08:33,971 - Quantum Trading Bot - INFO - Quantum device error rate: 0.0498
2025-04-11 12:08:33,973 - Quantum Trading Bot - INFO - Quantum prediction for NVDA: 0.2870 (confidence: 0.9502)
2025-04-11 12:08:33,973 - Quantum Trading Bot - INFO - Trading signal for NVDA: 0.2870 (source: quantum)
2025-04-11 12:08:33,973 - Quantum Trading Bot - INFO - SELL signal for NVDA (score: 0.2870, source: quantum)
2025-04-11 12:08:33,974 - Quantum Trading Bot - WARNING - Cannot sell NVDA - no position
2025-04-11 12:08:33,985 - Quantum Trading Bot - INFO - Performance metrics saved: 40/72 winning trades
2025-04-11 12:08:33,985 - Quantum Trading Bot - INFO - Quantum prediction accuracy: 0.00
2025-04-11 12:08:33,985 - Quantum Trading Bot - INFO - Sleeping for 60 seconds
2025-04-11 12:09:27,537 - Trading System - INFO - Trading Bot is alive: True
2025-04-11 12:09:27,539 - Trading System - INFO - Monitor Bot is alive: True
2025-04-11 12:09:27,539 - Trading System - INFO - Improvement Bot is alive: True
2025-04-11 12:09:33,994 - Quantum Trading Bot - INFO - Starting trading cycle
2025-04-11 12:09:33,994 - Quantum Trading Bot - INFO - Processing AAPL
2025-04-11 12:09:33,995 - Quantum Trading Bot - INFO - Mock halal compliance check for AAPL: COMPLIANT
2025-04-11 12:09:34,017 - Quantum Trading Bot - INFO - Quantum device error rate: 0.0522
2025-04-11 12:09:34,029 - Quantum Trading Bot - INFO - Quantum prediction for AAPL: 0.5781 (confidence: 0.7582)
2025-04-11 12:09:34,029 - Quantum Trading Bot - INFO - Trading signal for AAPL: 0.5781 (source: quantum)
2025-04-11 12:09:34,029 - Quantum Trading Bot - INFO - HOLD signal for AAPL (score: 0.5781, source: quantum)
2025-04-11 12:09:34,031 - Quantum Trading Bot - INFO - Processing MSFT
2025-04-11 12:09:34,031 - Quantum Trading Bot - INFO - Mock halal compliance check for MSFT: COMPLIANT
2025-04-11 12:09:34,040 - Quantum Trading Bot - INFO - Quantum device error rate: 0.0285
2025-04-11 12:09:34,043 - Quantum Trading Bot - INFO - Quantum prediction for MSFT: 0.3310 (confidence: 0.9715)
2025-04-11 12:09:34,043 - Quantum Trading Bot - INFO - Trading signal for MSFT: 0.3310 (source: quantum)
2025-04-11 12:09:34,043 - Quantum Trading Bot - INFO - HOLD signal for MSFT (score: 0.3310, source: quantum)
2025-04-11 12:09:34,045 - Quantum Trading Bot - INFO - Processing NVDA
2025-04-11 12:09:34,045 - Quantum Trading Bot - INFO - Mock halal compliance check for NVDA: COMPLIANT
2025-04-11 12:09:34,052 - Quantum Trading Bot - INFO - Quantum device error rate: 0.0267
2025-04-11 12:09:34,055 - Quantum Trading Bot - INFO - Quantum prediction for NVDA: 0.5230 (confidence: 0.7786)
2025-04-11 12:09:34,055 - Quantum Trading Bot - INFO - Trading signal for NVDA: 0.5230 (source: quantum)
2025-04-11 12:09:34,055 - Quantum Trading Bot - INFO - HOLD signal for NVDA (score: 0.5230, source: quantum)
2025-04-11 12:09:34,065 - Quantum Trading Bot - INFO - Performance metrics saved: 40/72 winning trades
2025-04-11 12:09:34,065 - Quantum Trading Bot - INFO - Quantum prediction accuracy: 0.00
2025-04-11 12:09:34,066 - Quantum Trading Bot - INFO - Sleeping for 60 seconds
2025-04-11 12:10:27,547 - Trading System - INFO - Trading Bot is alive: True
2025-04-11 12:10:27,548 - Trading System - INFO - Monitor Bot is alive: True
2025-04-11 12:10:27,548 - Trading System - INFO - Improvement Bot is alive: True
2025-04-11 12:10:34,075 - Quantum Trading Bot - INFO - Starting trading cycle
2025-04-11 12:10:34,075 - Quantum Trading Bot - INFO - Processing AAPL
2025-04-11 12:10:34,075 - Quantum Trading Bot - INFO - Mock halal compliance check for AAPL: COMPLIANT
2025-04-11 12:10:34,094 - Quantum Trading Bot - INFO - Quantum device error rate: 0.0339
2025-04-11 12:10:34,099 - Quantum Trading Bot - INFO - Quantum prediction for AAPL: 0.9290 (confidence: 0.9661)
2025-04-11 12:10:34,099 - Quantum Trading Bot - INFO - Trading signal for AAPL: 0.9290 (source: quantum)
2025-04-11 12:10:34,099 - Quantum Trading Bot - INFO - HOLD signal for AAPL (score: 0.9290, source: quantum)
2025-04-11 12:10:34,101 - Quantum Trading Bot - INFO - Processing MSFT
2025-04-11 12:10:34,101 - Quantum Trading Bot - INFO - Mock halal compliance check for MSFT: COMPLIANT
2025-04-11 12:10:34,111 - Quantum Trading Bot - INFO - Quantum device error rate: 0.0459
2025-04-11 12:10:34,114 - Quantum Trading Bot - INFO - Quantum prediction for MSFT: 0.7840 (confidence: 0.9541)
2025-04-11 12:10:34,114 - Quantum Trading Bot - INFO - Trading signal for MSFT: 0.7840 (source: quantum)
2025-04-11 12:10:34,114 - Quantum Trading Bot - INFO - HOLD signal for MSFT (score: 0.7840, source: quantum)
2025-04-11 12:10:34,115 - Quantum Trading Bot - INFO - Processing NVDA
2025-04-11 12:10:34,115 - Quantum Trading Bot - INFO - Mock halal compliance check for NVDA: COMPLIANT
2025-04-11 12:10:34,124 - Quantum Trading Bot - INFO - Quantum device error rate: 0.0363
2025-04-11 12:10:34,126 - Quantum Trading Bot - INFO - Quantum prediction for NVDA: 0.5660 (confidence: 0.7710)
2025-04-11 12:10:34,126 - Quantum Trading Bot - INFO - Trading signal for NVDA: 0.5660 (source: quantum)
2025-04-11 12:10:34,126 - Quantum Trading Bot - INFO - HOLD signal for NVDA (score: 0.5660, source: quantum)
2025-04-11 12:10:34,137 - Quantum Trading Bot - INFO - Performance metrics saved: 40/72 winning trades
2025-04-11 12:10:34,137 - Quantum Trading Bot - INFO - Quantum prediction accuracy: 0.00
2025-04-11 12:10:34,137 - Quantum Trading Bot - INFO - Sleeping for 60 seconds
2025-04-11 12:11:27,558 - Trading System - INFO - Trading Bot is alive: True
2025-04-11 12:11:27,559 - Trading System - INFO - Monitor Bot is alive: True
2025-04-11 12:11:27,560 - Trading System - INFO - Improvement Bot is alive: True
2025-04-11 12:11:34,146 - Quantum Trading Bot - INFO - Starting trading cycle
2025-04-11 12:11:34,147 - Quantum Trading Bot - INFO - Processing AAPL
2025-04-11 12:11:34,147 - Quantum Trading Bot - INFO - Mock halal compliance check for AAPL: COMPLIANT
2025-04-11 12:11:34,168 - Quantum Trading Bot - INFO - Quantum device error rate: 0.0333
2025-04-11 12:11:34,172 - Quantum Trading Bot - INFO - Quantum prediction for AAPL: 0.1030 (confidence: 0.9667)
2025-04-11 12:11:34,172 - Quantum Trading Bot - INFO - Trading signal for AAPL: 0.1030 (source: quantum)
2025-04-11 12:11:34,173 - Quantum Trading Bot - INFO - SELL signal for AAPL (score: 0.1030, source: quantum)
2025-04-11 12:11:34,174 - Quantum Trading Bot - WARNING - Cannot sell AAPL - no position
2025-04-11 12:11:34,176 - Quantum Trading Bot - INFO - Processing MSFT
2025-04-11 12:11:34,176 - Quantum Trading Bot - INFO - Mock halal compliance check for MSFT: COMPLIANT
2025-04-11 12:11:34,184 - Quantum Trading Bot - INFO - Quantum device error rate: 0.0249
2025-04-11 12:11:34,187 - Quantum Trading Bot - INFO - Quantum prediction for MSFT: 0.8030 (confidence: 0.9751)
2025-04-11 12:11:34,187 - Quantum Trading Bot - INFO - Trading signal for MSFT: 0.8030 (source: quantum)
2025-04-11 12:11:34,187 - Quantum Trading Bot - INFO - HOLD signal for MSFT (score: 0.8030, source: quantum)
2025-04-11 12:11:34,189 - Quantum Trading Bot - INFO - Processing NVDA
2025-04-11 12:11:34,189 - Quantum Trading Bot - INFO - Mock halal compliance check for NVDA: COMPLIANT
2025-04-11 12:11:34,196 - Quantum Trading Bot - INFO - Quantum device error rate: 0.0288
2025-04-11 12:11:34,199 - Quantum Trading Bot - INFO - Quantum prediction for NVDA: 0.2390 (confidence: 0.9712)
2025-04-11 12:11:34,199 - Quantum Trading Bot - INFO - Trading signal for NVDA: 0.2390 (source: quantum)
2025-04-11 12:11:34,199 - Quantum Trading Bot - INFO - SELL signal for NVDA (score: 0.2390, source: quantum)
2025-04-11 12:11:34,199 - Quantum Trading Bot - WARNING - Cannot sell NVDA - no position
2025-04-11 12:11:34,210 - Quantum Trading Bot - INFO - Performance metrics saved: 40/72 winning trades
2025-04-11 12:11:34,210 - Quantum Trading Bot - INFO - Quantum prediction accuracy: 0.00
2025-04-11 12:11:34,211 - Quantum Trading Bot - INFO - Sleeping for 60 seconds
2025-04-11 12:12:27,569 - Trading System - INFO - Trading Bot is alive: True
2025-04-11 12:12:27,569 - Trading System - INFO - Monitor Bot is alive: True
2025-04-11 12:12:27,570 - Trading System - INFO - Improvement Bot is alive: True
2025-04-11 12:12:34,220 - Quantum Trading Bot - INFO - Starting trading cycle
2025-04-11 12:12:34,220 - Quantum Trading Bot - INFO - Processing AAPL
2025-04-11 12:12:34,220 - Quantum Trading Bot - INFO - Mock halal compliance check for AAPL: COMPLIANT
2025-04-11 12:12:34,243 - Quantum Trading Bot - INFO - Quantum device error rate: 0.0297
2025-04-11 12:12:34,248 - Quantum Trading Bot - INFO - Quantum prediction for AAPL: 0.4240 (confidence: 0.7762)
2025-04-11 12:12:34,248 - Quantum Trading Bot - INFO - Trading signal for AAPL: 0.4240 (source: quantum)
2025-04-11 12:12:34,248 - Quantum Trading Bot - INFO - HOLD signal for AAPL (score: 0.4240, source: quantum)
2025-04-11 12:12:34,250 - Quantum Trading Bot - INFO - Processing MSFT
2025-04-11 12:12:34,250 - Quantum Trading Bot - INFO - Mock halal compliance check for MSFT: COMPLIANT
2025-04-11 12:12:34,260 - Quantum Trading Bot - INFO - Quantum device error rate: 0.0324
2025-04-11 12:12:34,263 - Quantum Trading Bot - INFO - Quantum prediction for MSFT: 0.5670 (confidence: 0.7741)
2025-04-11 12:12:34,263 - Quantum Trading Bot - INFO - Trading signal for MSFT: 0.5670 (source: quantum)
2025-04-11 12:12:34,263 - Quantum Trading Bot - INFO - HOLD signal for MSFT (score: 0.5670, source: quantum)
2025-04-11 12:12:34,265 - Quantum Trading Bot - INFO - Processing NVDA
2025-04-11 12:12:34,265 - Quantum Trading Bot - INFO - Mock halal compliance check for NVDA: COMPLIANT
2025-04-11 12:12:34,274 - Quantum Trading Bot - INFO - Quantum device error rate: 0.0255
2025-04-11 12:12:34,276 - Quantum Trading Bot - INFO - Quantum prediction for NVDA: 0.5900 (confidence: 0.7796)
2025-04-11 12:12:34,276 - Quantum Trading Bot - INFO - Trading signal for NVDA: 0.5900 (source: quantum)
2025-04-11 12:12:34,276 - Quantum Trading Bot - INFO - HOLD signal for NVDA (score: 0.5900, source: quantum)
2025-04-11 12:12:34,287 - Quantum Trading Bot - INFO - Performance metrics saved: 40/72 winning trades
2025-04-11 12:12:34,287 - Quantum Trading Bot - INFO - Quantum prediction accuracy: 0.00
2025-04-11 12:12:34,287 - Quantum Trading Bot - INFO - Sleeping for 60 seconds
2025-04-11 12:13:55,987 - Trading System - INFO - Trading Bot is alive: True
2025-04-11 12:13:55,989 - Trading System - INFO - Monitor Bot is alive: True
2025-04-11 12:13:55,989 - Trading System - INFO - Improvement Bot is alive: True
2025-04-11 12:14:02,704 - Quantum Trading Bot - INFO - Starting trading cycle
2025-04-11 12:14:02,704 - Quantum Trading Bot - INFO - Processing AAPL
2025-04-11 12:14:02,705 - Quantum Trading Bot - INFO - Mock halal compliance check for AAPL: COMPLIANT
2025-04-11 12:14:02,735 - Quantum Trading Bot - INFO - Quantum device error rate: 0.0513
2025-04-11 12:14:02,749 - Quantum Trading Bot - INFO - Quantum prediction for AAPL: 0.9419 (confidence: 0.9487)
2025-04-11 12:14:02,749 - Quantum Trading Bot - INFO - Trading signal for AAPL: 0.9419 (source: quantum)
2025-04-11 12:14:02,749 - Quantum Trading Bot - INFO - HOLD signal for AAPL (score: 0.9419, source: quantum)
2025-04-11 12:14:02,751 - Quantum Trading Bot - INFO - Processing MSFT
2025-04-11 12:14:02,751 - Quantum Trading Bot - INFO - Mock halal compliance check for MSFT: COMPLIANT
2025-04-11 12:14:02,760 - Quantum Trading Bot - INFO - Quantum device error rate: 0.0414
2025-04-11 12:14:02,762 - Quantum Trading Bot - INFO - Quantum prediction for MSFT: 0.2650 (confidence: 0.9586)
2025-04-11 12:14:02,762 - Quantum Trading Bot - INFO - Trading signal for MSFT: 0.2650 (source: quantum)
2025-04-11 12:14:02,762 - Quantum Trading Bot - INFO - SELL signal for MSFT (score: 0.2650, source: quantum)
2025-04-11 12:14:02,763 - Quantum Trading Bot - WARNING - Cannot sell MSFT - no position
2025-04-11 12:14:02,765 - Quantum Trading Bot - INFO - Processing NVDA
2025-04-11 12:14:02,765 - Quantum Trading Bot - INFO - Mock halal compliance check for NVDA: COMPLIANT
2025-04-11 12:14:02,773 - Quantum Trading Bot - INFO - Quantum device error rate: 0.0357
2025-04-11 12:14:02,776 - Quantum Trading Bot - INFO - Quantum prediction for NVDA: 0.7420 (confidence: 0.9643)
2025-04-11 12:14:02,776 - Quantum Trading Bot - INFO - Trading signal for NVDA: 0.7420 (source: quantum)
2025-04-11 12:14:02,776 - Quantum Trading Bot - INFO - HOLD signal for NVDA (score: 0.7420, source: quantum)
2025-04-11 12:14:02,787 - Quantum Trading Bot - INFO - Performance metrics saved: 40/72 winning trades
2025-04-11 12:14:02,787 - Quantum Trading Bot - INFO - Quantum prediction accuracy: 0.00
2025-04-11 12:14:02,788 - Quantum Trading Bot - INFO - Sleeping for 60 seconds
2025-04-11 12:16:11,128 - Trading System - INFO - Trading Bot is alive: True
2025-04-11 12:16:11,131 - Trading System - INFO - Monitor Bot is alive: True
2025-04-11 12:16:11,131 - Trading System - INFO - Improvement Bot is alive: True
2025-04-11 12:16:17,925 - Quantum Trading Bot - INFO - Starting trading cycle
2025-04-11 12:16:17,926 - Quantum Trading Bot - INFO - Processing AAPL
2025-04-11 12:16:17,927 - Quantum Trading Bot - INFO - Mock halal compliance check for AAPL: COMPLIANT
2025-04-11 12:16:17,959 - Quantum Trading Bot - INFO - Quantum device error rate: 0.0219
2025-04-11 12:16:17,965 - Quantum Trading Bot - INFO - Quantum prediction for AAPL: 0.7060 (confidence: 0.9781)
2025-04-11 12:16:17,965 - Quantum Trading Bot - INFO - Trading signal for AAPL: 0.7060 (source: quantum)
2025-04-11 12:16:17,965 - Quantum Trading Bot - INFO - HOLD signal for AAPL (score: 0.7060, source: quantum)
2025-04-11 12:16:17,967 - Quantum Trading Bot - INFO - Processing MSFT
2025-04-11 12:16:17,967 - Quantum Trading Bot - INFO - Mock halal compliance check for MSFT: COMPLIANT
2025-04-11 12:16:17,977 - Quantum Trading Bot - INFO - Quantum device error rate: 0.0435
2025-04-11 12:16:17,980 - Quantum Trading Bot - INFO - Quantum prediction for MSFT: 0.2790 (confidence: 0.9565)
2025-04-11 12:16:17,980 - Quantum Trading Bot - INFO - Trading signal for MSFT: 0.2790 (source: quantum)
2025-04-11 12:16:17,980 - Quantum Trading Bot - INFO - SELL signal for MSFT (score: 0.2790, source: quantum)
2025-04-11 12:16:17,981 - Quantum Trading Bot - WARNING - Cannot sell MSFT - no position
2025-04-11 12:16:17,982 - Quantum Trading Bot - INFO - Processing NVDA
2025-04-11 12:16:17,982 - Quantum Trading Bot - INFO - Mock halal compliance check for NVDA: COMPLIANT
2025-04-11 12:16:17,990 - Quantum Trading Bot - INFO - Quantum device error rate: 0.0444
2025-04-11 12:16:17,993 - Quantum Trading Bot - INFO - Quantum prediction for NVDA: 0.3700 (confidence: 0.9556)
2025-04-11 12:16:17,993 - Quantum Trading Bot - INFO - Trading signal for NVDA: 0.3700 (source: quantum)
2025-04-11 12:16:17,993 - Quantum Trading Bot - INFO - HOLD signal for NVDA (score: 0.3700, source: quantum)
2025-04-11 12:16:18,004 - Quantum Trading Bot - INFO - Performance metrics saved: 40/72 winning trades
2025-04-11 12:16:18,004 - Quantum Trading Bot - INFO - Quantum prediction accuracy: 0.00
2025-04-11 12:16:18,004 - Quantum Trading Bot - INFO - Sleeping for 60 seconds
2025-04-11 12:17:11,131 - Trading System - INFO - Trading Bot is alive: True
2025-04-11 12:17:11,133 - Trading System - INFO - Monitor Bot is alive: True
2025-04-11 12:17:11,133 - Trading System - INFO - Improvement Bot is alive: True
2025-04-11 12:17:18,008 - Quantum Trading Bot - INFO - Starting trading cycle
2025-04-11 12:17:18,009 - Quantum Trading Bot - INFO - Processing AAPL
2025-04-11 12:17:18,009 - Quantum Trading Bot - INFO - Mock halal compliance check for AAPL: COMPLIANT
2025-04-11 12:17:18,034 - Quantum Trading Bot - INFO - Quantum device error rate: 0.0441
2025-04-11 12:17:18,041 - Quantum Trading Bot - INFO - Quantum prediction for AAPL: 0.3070 (confidence: 0.9559)
2025-04-11 12:17:18,041 - Quantum Trading Bot - INFO - Trading signal for AAPL: 0.3070 (source: quantum)
2025-04-11 12:17:18,041 - Quantum Trading Bot - INFO - HOLD signal for AAPL (score: 0.3070, source: quantum)
2025-04-11 12:17:18,044 - Quantum Trading Bot - INFO - Processing MSFT
2025-04-11 12:17:18,044 - Quantum Trading Bot - INFO - Mock halal compliance check for MSFT: COMPLIANT
2025-04-11 12:17:18,054 - Quantum Trading Bot - INFO - Quantum device error rate: 0.0414
2025-04-11 12:17:18,058 - Quantum Trading Bot - INFO - Quantum prediction for MSFT: 0.5730 (confidence: 0.7669)
2025-04-11 12:17:18,058 - Quantum Trading Bot - INFO - Trading signal for MSFT: 0.5730 (source: quantum)
2025-04-11 12:17:18,058 - Quantum Trading Bot - INFO - HOLD signal for MSFT (score: 0.5730, source: quantum)
2025-04-11 12:17:18,060 - Quantum Trading Bot - INFO - Processing NVDA
2025-04-11 12:17:18,060 - Quantum Trading Bot - INFO - Mock halal compliance check for NVDA: COMPLIANT
2025-04-11 12:17:18,068 - Quantum Trading Bot - INFO - Quantum device error rate: 0.0300
2025-04-11 12:17:18,071 - Quantum Trading Bot - INFO - Quantum prediction for NVDA: 0.0630 (confidence: 0.9700)
2025-04-11 12:17:18,071 - Quantum Trading Bot - INFO - Trading signal for NVDA: 0.0630 (source: quantum)
2025-04-11 12:17:18,071 - Quantum Trading Bot - INFO - SELL signal for NVDA (score: 0.0630, source: quantum)
2025-04-11 12:17:18,072 - Quantum Trading Bot - WARNING - Cannot sell NVDA - no position
2025-04-11 12:17:18,083 - Quantum Trading Bot - INFO - Performance metrics saved: 40/72 winning trades
2025-04-11 12:17:18,083 - Quantum Trading Bot - INFO - Quantum prediction accuracy: 0.00
2025-04-11 12:17:18,083 - Quantum Trading Bot - INFO - Sleeping for 60 seconds
2025-04-11 12:18:11,138 - Trading System - INFO - Trading Bot is alive: True
2025-04-11 12:18:11,140 - Trading System - INFO - Monitor Bot is alive: True
2025-04-11 12:18:11,141 - Trading System - INFO - Improvement Bot is alive: True
2025-04-11 12:18:18,088 - Quantum Trading Bot - INFO - Starting trading cycle
2025-04-11 12:18:18,088 - Quantum Trading Bot - INFO - Processing AAPL
2025-04-11 12:18:18,089 - Quantum Trading Bot - INFO - Mock halal compliance check for AAPL: COMPLIANT
2025-04-11 12:18:18,125 - Quantum Trading Bot - INFO - Quantum device error rate: 0.0393
2025-04-11 12:18:18,131 - Quantum Trading Bot - INFO - Quantum prediction for AAPL: 0.6400 (confidence: 0.9607)
2025-04-11 12:18:18,131 - Quantum Trading Bot - INFO - Trading signal for AAPL: 0.6400 (source: quantum)
2025-04-11 12:18:18,131 - Quantum Trading Bot - INFO - HOLD signal for AAPL (score: 0.6400, source: quantum)
2025-04-11 12:18:18,133 - Quantum Trading Bot - INFO - Processing MSFT
2025-04-11 12:18:18,133 - Quantum Trading Bot - INFO - Mock halal compliance check for MSFT: COMPLIANT
2025-04-11 12:18:18,143 - Quantum Trading Bot - INFO - Quantum device error rate: 0.0399
2025-04-11 12:18:18,146 - Quantum Trading Bot - INFO - Quantum prediction for MSFT: 0.1490 (confidence: 0.9601)
2025-04-11 12:18:18,147 - Quantum Trading Bot - INFO - Trading signal for MSFT: 0.1490 (source: quantum)
2025-04-11 12:18:18,147 - Quantum Trading Bot - INFO - SELL signal for MSFT (score: 0.1490, source: quantum)
2025-04-11 12:18:18,148 - Quantum Trading Bot - WARNING - Cannot sell MSFT - no position
2025-04-11 12:18:18,149 - Quantum Trading Bot - INFO - Processing NVDA
2025-04-11 12:18:18,149 - Quantum Trading Bot - INFO - Mock halal compliance check for NVDA: COMPLIANT
2025-04-11 12:18:18,158 - Quantum Trading Bot - INFO - Quantum device error rate: 0.0396
2025-04-11 12:18:18,160 - Quantum Trading Bot - INFO - Quantum prediction for NVDA: 0.4950 (confidence: 0.7683)
2025-04-11 12:18:18,160 - Quantum Trading Bot - INFO - Trading signal for NVDA: 0.4950 (source: quantum)
2025-04-11 12:18:18,160 - Quantum Trading Bot - INFO - HOLD signal for NVDA (score: 0.4950, source: quantum)
2025-04-11 12:18:18,172 - Quantum Trading Bot - INFO - Performance metrics saved: 40/72 winning trades
2025-04-11 12:18:18,172 - Quantum Trading Bot - INFO - Quantum prediction accuracy: 0.00
2025-04-11 12:18:18,172 - Quantum Trading Bot - INFO - Sleeping for 60 seconds
2025-04-11 12:19:11,143 - Trading System - INFO - Trading Bot is alive: True
2025-04-11 12:19:11,145 - Trading System - INFO - Monitor Bot is alive: True
2025-04-11 12:19:11,145 - Trading System - INFO - Improvement Bot is alive: True
2025-04-11 12:19:18,172 - Quantum Trading Bot - INFO - Starting trading cycle
2025-04-11 12:19:18,173 - Quantum Trading Bot - INFO - Processing AAPL
2025-04-11 12:19:18,173 - Quantum Trading Bot - INFO - Mock halal compliance check for AAPL: COMPLIANT
2025-04-11 12:19:18,196 - Quantum Trading Bot - INFO - Quantum device error rate: 0.0288
2025-04-11 12:19:18,203 - Quantum Trading Bot - INFO - Quantum prediction for AAPL: 0.3170 (confidence: 0.9712)
2025-04-11 12:19:18,203 - Quantum Trading Bot - INFO - Trading signal for AAPL: 0.3170 (source: quantum)
2025-04-11 12:19:18,203 - Quantum Trading Bot - INFO - HOLD signal for AAPL (score: 0.3170, source: quantum)
2025-04-11 12:19:18,206 - Quantum Trading Bot - INFO - Processing MSFT
2025-04-11 12:19:18,206 - Quantum Trading Bot - INFO - Mock halal compliance check for MSFT: COMPLIANT
2025-04-11 12:19:18,218 - Quantum Trading Bot - INFO - Quantum device error rate: 0.0282
2025-04-11 12:19:18,222 - Quantum Trading Bot - INFO - Quantum prediction for MSFT: 0.3180 (confidence: 0.9718)
2025-04-11 12:19:18,222 - Quantum Trading Bot - INFO - Trading signal for MSFT: 0.3180 (source: quantum)
2025-04-11 12:19:18,222 - Quantum Trading Bot - INFO - HOLD signal for MSFT (score: 0.3180, source: quantum)
2025-04-11 12:19:18,224 - Quantum Trading Bot - INFO - Processing NVDA
2025-04-11 12:19:18,224 - Quantum Trading Bot - INFO - Mock halal compliance check for NVDA: COMPLIANT
2025-04-11 12:19:18,233 - Quantum Trading Bot - INFO - Quantum device error rate: 0.0402
2025-04-11 12:19:18,236 - Quantum Trading Bot - INFO - Quantum prediction for NVDA: 0.3400 (confidence: 0.9598)
2025-04-11 12:19:18,236 - Quantum Trading Bot - INFO - Trading signal for NVDA: 0.3400 (source: quantum)
2025-04-11 12:19:18,236 - Quantum Trading Bot - INFO - HOLD signal for NVDA (score: 0.3400, source: quantum)
2025-04-11 12:19:18,248 - Quantum Trading Bot - INFO - Performance metrics saved: 40/72 winning trades
2025-04-11 12:19:18,248 - Quantum Trading Bot - INFO - Quantum prediction accuracy: 0.00
2025-04-11 12:19:18,248 - Quantum Trading Bot - INFO - Sleeping for 60 seconds
2025-04-11 12:20:11,147 - Trading System - INFO - Trading Bot is alive: True
2025-04-11 12:20:11,149 - Trading System - INFO - Monitor Bot is alive: True
2025-04-11 12:20:11,149 - Trading System - INFO - Improvement Bot is alive: True
2025-04-11 12:20:18,252 - Quantum Trading Bot - INFO - Starting trading cycle
2025-04-11 12:20:18,252 - Quantum Trading Bot - INFO - Processing AAPL
2025-04-11 12:20:18,253 - Quantum Trading Bot - INFO - Mock halal compliance check for AAPL: COMPLIANT
2025-04-11 12:20:18,273 - Quantum Trading Bot - INFO - Quantum device error rate: 0.0333
2025-04-11 12:20:18,278 - Quantum Trading Bot - INFO - Quantum prediction for AAPL: 0.6040 (confidence: 0.9667)
2025-04-11 12:20:18,278 - Quantum Trading Bot - INFO - Trading signal for AAPL: 0.6040 (source: quantum)
2025-04-11 12:20:18,278 - Quantum Trading Bot - INFO - HOLD signal for AAPL (score: 0.6040, source: quantum)
2025-04-11 12:20:18,281 - Quantum Trading Bot - INFO - Processing MSFT
2025-04-11 12:20:18,281 - Quantum Trading Bot - INFO - Mock halal compliance check for MSFT: COMPLIANT
2025-04-11 12:20:18,291 - Quantum Trading Bot - INFO - Quantum device error rate: 0.0588
2025-04-11 12:20:18,300 - Quantum Trading Bot - INFO - Quantum prediction for MSFT: 0.6427 (confidence: 0.9412)
2025-04-11 12:20:18,300 - Quantum Trading Bot - INFO - Trading signal for MSFT: 0.6427 (source: quantum)
2025-04-11 12:20:18,300 - Quantum Trading Bot - INFO - HOLD signal for MSFT (score: 0.6427, source: quantum)
2025-04-11 12:20:18,302 - Quantum Trading Bot - INFO - Processing NVDA
2025-04-11 12:20:18,302 - Quantum Trading Bot - INFO - Mock halal compliance check for NVDA: COMPLIANT
2025-04-11 12:20:18,310 - Quantum Trading Bot - INFO - Quantum device error rate: 0.0276
2025-04-11 12:20:18,312 - Quantum Trading Bot - INFO - Quantum prediction for NVDA: 0.3880 (confidence: 0.9724)
2025-04-11 12:20:18,312 - Quantum Trading Bot - INFO - Trading signal for NVDA: 0.3880 (source: quantum)
2025-04-11 12:20:18,312 - Quantum Trading Bot - INFO - HOLD signal for NVDA (score: 0.3880, source: quantum)
2025-04-11 12:20:18,323 - Quantum Trading Bot - INFO - Performance metrics saved: 40/72 winning trades
2025-04-11 12:20:18,323 - Quantum Trading Bot - INFO - Quantum prediction accuracy: 0.00
2025-04-11 12:20:18,333 - Quantum Trading Bot - INFO - Quantum device error rate: 0.0399
2025-04-11 12:20:18,335 - Quantum Trading Bot - INFO - Quantum portfolio optimization complete: {'AAPL': np.float64(0.33003300330033003), 'MSFT': np.float64(0.333993399339934), 'NVDA': np.float64(0.335973597359736)}
2025-04-11 12:20:18,335 - Quantum Trading Bot - INFO - Optimal portfolio weights: {'AAPL': np.float64(0.33003300330033003), 'MSFT': np.float64(0.333993399339934), 'NVDA': np.float64(0.335973597359736)}
2025-04-11 12:20:18,336 - Quantum Trading Bot - INFO - Sleeping for 60 seconds
2025-04-11 12:21:11,152 - Trading System - INFO - Trading Bot is alive: True
2025-04-11 12:21:11,155 - Trading System - INFO - Monitor Bot is alive: True
2025-04-11 12:21:11,155 - Trading System - INFO - Improvement Bot is alive: True
2025-04-11 12:21:18,343 - Quantum Trading Bot - INFO - Starting trading cycle
2025-04-11 12:21:18,345 - Quantum Trading Bot - INFO - Processing AAPL
2025-04-11 12:21:18,346 - Quantum Trading Bot - INFO - Mock halal compliance check for AAPL: COMPLIANT
2025-04-11 12:21:18,370 - Quantum Trading Bot - INFO - Quantum device error rate: 0.0474
2025-04-11 12:21:18,376 - Quantum Trading Bot - INFO - Quantum prediction for AAPL: 0.6290 (confidence: 0.9526)
2025-04-11 12:21:18,376 - Quantum Trading Bot - INFO - Trading signal for AAPL: 0.6290 (source: quantum)
2025-04-11 12:21:18,376 - Quantum Trading Bot - INFO - HOLD signal for AAPL (score: 0.6290, source: quantum)
2025-04-11 12:21:18,379 - Quantum Trading Bot - INFO - Processing MSFT
2025-04-11 12:21:18,379 - Quantum Trading Bot - INFO - Mock halal compliance check for MSFT: COMPLIANT
2025-04-11 12:21:18,390 - Quantum Trading Bot - INFO - Quantum device error rate: 0.0432
2025-04-11 12:21:18,394 - Quantum Trading Bot - INFO - Quantum prediction for MSFT: 0.7390 (confidence: 0.9568)
2025-04-11 12:21:18,394 - Quantum Trading Bot - INFO - Trading signal for MSFT: 0.7390 (source: quantum)
2025-04-11 12:21:18,394 - Quantum Trading Bot - INFO - HOLD signal for MSFT (score: 0.7390, source: quantum)
2025-04-11 12:21:18,396 - Quantum Trading Bot - INFO - Processing NVDA
2025-04-11 12:21:18,396 - Quantum Trading Bot - INFO - Mock halal compliance check for NVDA: COMPLIANT
2025-04-11 12:21:18,405 - Quantum Trading Bot - INFO - Quantum device error rate: 0.0378
2025-04-11 12:21:18,407 - Quantum Trading Bot - INFO - Quantum prediction for NVDA: 0.7260 (confidence: 0.9622)
2025-04-11 12:21:18,407 - Quantum Trading Bot - INFO - Trading signal for NVDA: 0.7260 (source: quantum)
2025-04-11 12:21:18,407 - Quantum Trading Bot - INFO - HOLD signal for NVDA (score: 0.7260, source: quantum)
2025-04-11 12:21:18,419 - Quantum Trading Bot - INFO - Performance metrics saved: 40/72 winning trades
2025-04-11 12:21:18,419 - Quantum Trading Bot - INFO - Quantum prediction accuracy: 0.00
2025-04-11 12:21:18,419 - Quantum Trading Bot - INFO - Sleeping for 60 seconds
2025-04-11 12:22:11,158 - Trading System - INFO - Trading Bot is alive: True
2025-04-11 12:22:11,160 - Trading System - INFO - Monitor Bot is alive: True
2025-04-11 12:22:11,160 - Trading System - INFO - Improvement Bot is alive: True
2025-04-11 12:22:18,423 - Quantum Trading Bot - INFO - Starting trading cycle
2025-04-11 12:22:18,424 - Quantum Trading Bot - INFO - Processing AAPL
2025-04-11 12:22:18,424 - Quantum Trading Bot - INFO - Mock halal compliance check for AAPL: COMPLIANT
2025-04-11 12:22:18,444 - Quantum Trading Bot - INFO - Quantum device error rate: 0.0258
2025-04-11 12:22:18,450 - Quantum Trading Bot - INFO - Quantum prediction for AAPL: 0.6700 (confidence: 0.9742)
2025-04-11 12:22:18,450 - Quantum Trading Bot - INFO - Trading signal for AAPL: 0.6700 (source: quantum)
2025-04-11 12:22:18,450 - Quantum Trading Bot - INFO - HOLD signal for AAPL (score: 0.6700, source: quantum)
2025-04-11 12:22:18,453 - Quantum Trading Bot - INFO - Processing MSFT
2025-04-11 12:22:18,453 - Quantum Trading Bot - INFO - Mock halal compliance check for MSFT: COMPLIANT
2025-04-11 12:22:18,463 - Quantum Trading Bot - INFO - Quantum device error rate: 0.0384
2025-04-11 12:22:18,466 - Quantum Trading Bot - INFO - Quantum prediction for MSFT: 0.8720 (confidence: 0.9616)
2025-04-11 12:22:18,466 - Quantum Trading Bot - INFO - Trading signal for MSFT: 0.8720 (source: quantum)
2025-04-11 12:22:18,466 - Quantum Trading Bot - INFO - HOLD signal for MSFT (score: 0.8720, source: quantum)
2025-04-11 12:22:18,468 - Quantum Trading Bot - INFO - Processing NVDA
2025-04-11 12:22:18,468 - Quantum Trading Bot - INFO - Mock halal compliance check for NVDA: COMPLIANT
2025-04-11 12:22:18,477 - Quantum Trading Bot - INFO - Quantum device error rate: 0.0330
2025-04-11 12:22:18,480 - Quantum Trading Bot - INFO - Quantum prediction for NVDA: 0.9660 (confidence: 0.9670)
2025-04-11 12:22:18,480 - Quantum Trading Bot - INFO - Trading signal for NVDA: 0.9660 (source: quantum)
2025-04-11 12:22:18,480 - Quantum Trading Bot - INFO - HOLD signal for NVDA (score: 0.9660, source: quantum)
2025-04-11 12:22:18,491 - Quantum Trading Bot - INFO - Performance metrics saved: 40/72 winning trades
2025-04-11 12:22:18,491 - Quantum Trading Bot - INFO - Quantum prediction accuracy: 0.00
2025-04-11 12:22:18,491 - Quantum Trading Bot - INFO - Sleeping for 60 seconds
2025-04-11 12:23:11,164 - Trading System - INFO - Trading Bot is alive: True
2025-04-11 12:23:11,166 - Trading System - INFO - Monitor Bot is alive: True
2025-04-11 12:23:11,166 - Trading System - INFO - Improvement Bot is alive: True
2025-04-11 12:23:18,495 - Quantum Trading Bot - INFO - Starting trading cycle
2025-04-11 12:23:18,496 - Quantum Trading Bot - INFO - Processing AAPL
2025-04-11 12:23:18,496 - Quantum Trading Bot - INFO - Mock halal compliance check for AAPL: COMPLIANT
2025-04-11 12:23:18,515 - Quantum Trading Bot - INFO - Quantum device error rate: 0.0591
2025-04-11 12:23:18,528 - Quantum Trading Bot - INFO - Quantum prediction for AAPL: 0.4676 (confidence: 0.7527)
2025-04-11 12:23:18,528 - Quantum Trading Bot - INFO - Trading signal for AAPL: 0.4676 (source: quantum)
2025-04-11 12:23:18,528 - Quantum Trading Bot - INFO - HOLD signal for AAPL (score: 0.4676, source: quantum)
2025-04-11 12:23:18,530 - Quantum Trading Bot - INFO - Processing MSFT
2025-04-11 12:23:18,530 - Quantum Trading Bot - INFO - Mock halal compliance check for MSFT: COMPLIANT
2025-04-11 12:23:18,539 - Quantum Trading Bot - INFO - Quantum device error rate: 0.0330
2025-04-11 12:23:18,542 - Quantum Trading Bot - INFO - Quantum prediction for MSFT: 0.6300 (confidence: 0.9670)
2025-04-11 12:23:18,542 - Quantum Trading Bot - INFO - Trading signal for MSFT: 0.6300 (source: quantum)
2025-04-11 12:23:18,542 - Quantum Trading Bot - INFO - HOLD signal for MSFT (score: 0.6300, source: quantum)
2025-04-11 12:23:18,544 - Quantum Trading Bot - INFO - Processing NVDA
2025-04-11 12:23:18,544 - Quantum Trading Bot - INFO - Mock halal compliance check for NVDA: COMPLIANT
2025-04-11 12:23:18,552 - Quantum Trading Bot - INFO - Quantum device error rate: 0.0267
2025-04-11 12:23:18,554 - Quantum Trading Bot - INFO - Quantum prediction for NVDA: 0.6360 (confidence: 0.9733)
2025-04-11 12:23:18,554 - Quantum Trading Bot - INFO - Trading signal for NVDA: 0.6360 (source: quantum)
2025-04-11 12:23:18,554 - Quantum Trading Bot - INFO - HOLD signal for NVDA (score: 0.6360, source: quantum)
2025-04-11 12:23:18,565 - Quantum Trading Bot - INFO - Performance metrics saved: 40/72 winning trades
2025-04-11 12:23:18,565 - Quantum Trading Bot - INFO - Quantum prediction accuracy: 0.00
2025-04-11 12:23:18,565 - Quantum Trading Bot - INFO - Sleeping for 60 seconds
2025-04-11 12:24:11,170 - Trading System - INFO - Trading Bot is alive: True
2025-04-11 12:24:11,173 - Trading System - INFO - Monitor Bot is alive: True
2025-04-11 12:24:11,173 - Trading System - INFO - Improvement Bot is alive: True
2025-04-11 12:24:18,570 - Quantum Trading Bot - INFO - Starting trading cycle
2025-04-11 12:24:18,570 - Quantum Trading Bot - INFO - Processing AAPL
2025-04-11 12:24:18,570 - Quantum Trading Bot - INFO - Mock halal compliance check for AAPL: COMPLIANT
2025-04-11 12:24:18,595 - Quantum Trading Bot - INFO - Quantum device error rate: 0.0384
2025-04-11 12:24:18,603 - Quantum Trading Bot - INFO - Quantum prediction for AAPL: 0.7860 (confidence: 0.9616)
2025-04-11 12:24:18,603 - Quantum Trading Bot - INFO - Trading signal for AAPL: 0.7860 (source: quantum)
2025-04-11 12:24:18,603 - Quantum Trading Bot - INFO - HOLD signal for AAPL (score: 0.7860, source: quantum)
2025-04-11 12:24:18,605 - Quantum Trading Bot - INFO - Processing MSFT
2025-04-11 12:24:18,605 - Quantum Trading Bot - INFO - Mock halal compliance check for MSFT: COMPLIANT
2025-04-11 12:24:18,616 - Quantum Trading Bot - INFO - Quantum device error rate: 0.0537
2025-04-11 12:24:18,626 - Quantum Trading Bot - INFO - Quantum prediction for MSFT: 0.8556 (confidence: 0.9463)
2025-04-11 12:24:18,626 - Quantum Trading Bot - INFO - Trading signal for MSFT: 0.8556 (source: quantum)
2025-04-11 12:24:18,626 - Quantum Trading Bot - INFO - HOLD signal for MSFT (score: 0.8556, source: quantum)
2025-04-11 12:24:18,627 - Quantum Trading Bot - INFO - Processing NVDA
2025-04-11 12:24:18,627 - Quantum Trading Bot - INFO - Mock halal compliance check for NVDA: COMPLIANT
2025-04-11 12:24:18,636 - Quantum Trading Bot - INFO - Quantum device error rate: 0.0327
2025-04-11 12:24:18,638 - Quantum Trading Bot - INFO - Quantum prediction for NVDA: 0.2440 (confidence: 0.9673)
2025-04-11 12:24:18,638 - Quantum Trading Bot - INFO - Trading signal for NVDA: 0.2440 (source: quantum)
2025-04-11 12:24:18,638 - Quantum Trading Bot - INFO - SELL signal for NVDA (score: 0.2440, source: quantum)
2025-04-11 12:24:18,639 - Quantum Trading Bot - WARNING - Cannot sell NVDA - no position
2025-04-11 12:24:18,650 - Quantum Trading Bot - INFO - Performance metrics saved: 40/72 winning trades
2025-04-11 12:24:18,650 - Quantum Trading Bot - INFO - Quantum prediction accuracy: 0.00
2025-04-11 12:24:18,650 - Quantum Trading Bot - INFO - Sleeping for 60 seconds
2025-04-11 12:25:11,175 - Trading System - INFO - Trading Bot is alive: True
2025-04-11 12:25:11,178 - Trading System - INFO - Monitor Bot is alive: True
2025-04-11 12:25:11,178 - Trading System - INFO - Improvement Bot is alive: True
2025-04-11 12:25:18,654 - Quantum Trading Bot - INFO - Starting trading cycle
2025-04-11 12:25:18,655 - Quantum Trading Bot - INFO - Processing AAPL
2025-04-11 12:25:18,655 - Quantum Trading Bot - INFO - Mock halal compliance check for AAPL: COMPLIANT
2025-04-11 12:25:18,681 - Quantum Trading Bot - INFO - Quantum device error rate: 0.0375
2025-04-11 12:25:18,689 - Quantum Trading Bot - INFO - Quantum prediction for AAPL: 0.3600 (confidence: 0.9625)
2025-04-11 12:25:18,689 - Quantum Trading Bot - INFO - Trading signal for AAPL: 0.3600 (source: quantum)
2025-04-11 12:25:18,689 - Quantum Trading Bot - INFO - HOLD signal for AAPL (score: 0.3600, source: quantum)
2025-04-11 12:25:18,692 - Quantum Trading Bot - INFO - Processing MSFT
2025-04-11 12:25:18,692 - Quantum Trading Bot - INFO - Mock halal compliance check for MSFT: COMPLIANT
2025-04-11 12:25:18,703 - Quantum Trading Bot - INFO - Quantum device error rate: 0.0357
2025-04-11 12:25:18,706 - Quantum Trading Bot - INFO - Quantum prediction for MSFT: 0.6720 (confidence: 0.9643)
2025-04-11 12:25:18,707 - Quantum Trading Bot - INFO - Trading signal for MSFT: 0.6720 (source: quantum)
2025-04-11 12:25:18,707 - Quantum Trading Bot - INFO - HOLD signal for MSFT (score: 0.6720, source: quantum)
2025-04-11 12:25:18,709 - Quantum Trading Bot - INFO - Processing NVDA
2025-04-11 12:25:18,709 - Quantum Trading Bot - INFO - Mock halal compliance check for NVDA: COMPLIANT
2025-04-11 12:25:18,717 - Quantum Trading Bot - INFO - Quantum device error rate: 0.0378
2025-04-11 12:25:18,720 - Quantum Trading Bot - INFO - Quantum prediction for NVDA: 0.4930 (confidence: 0.7698)
2025-04-11 12:25:18,721 - Quantum Trading Bot - INFO - Trading signal for NVDA: 0.4930 (source: quantum)
2025-04-11 12:25:18,721 - Quantum Trading Bot - INFO - HOLD signal for NVDA (score: 0.4930, source: quantum)
2025-04-11 12:25:18,732 - Quantum Trading Bot - INFO - Performance metrics saved: 40/72 winning trades
2025-04-11 12:25:18,732 - Quantum Trading Bot - INFO - Quantum prediction accuracy: 0.00
2025-04-11 12:25:18,732 - Quantum Trading Bot - INFO - Sleeping for 60 seconds
2025-04-11 12:26:11,182 - Trading System - INFO - Trading Bot is alive: True
2025-04-11 12:26:11,184 - Trading System - INFO - Monitor Bot is alive: True
2025-04-11 12:26:11,184 - Trading System - INFO - Improvement Bot is alive: True
2025-04-11 12:26:18,737 - Quantum Trading Bot - INFO - Starting trading cycle
2025-04-11 12:26:18,737 - Quantum Trading Bot - INFO - Processing AAPL
2025-04-11 12:26:18,737 - Quantum Trading Bot - INFO - Mock halal compliance check for AAPL: COMPLIANT
2025-04-11 12:26:18,764 - Quantum Trading Bot - INFO - Quantum device error rate: 0.0438
2025-04-11 12:26:18,770 - Quantum Trading Bot - INFO - Quantum prediction for AAPL: 0.6790 (confidence: 0.9562)
2025-04-11 12:26:18,770 - Quantum Trading Bot - INFO - Trading signal for AAPL: 0.6790 (source: quantum)
2025-04-11 12:26:18,770 - Quantum Trading Bot - INFO - HOLD signal for AAPL (score: 0.6790, source: quantum)
2025-04-11 12:26:18,773 - Quantum Trading Bot - INFO - Processing MSFT
2025-04-11 12:26:18,773 - Quantum Trading Bot - INFO - Mock halal compliance check for MSFT: COMPLIANT
2025-04-11 12:26:18,785 - Quantum Trading Bot - INFO - Quantum device error rate: 0.0435
2025-04-11 12:26:18,788 - Quantum Trading Bot - INFO - Quantum prediction for MSFT: 0.4540 (confidence: 0.7652)
2025-04-11 12:26:18,788 - Quantum Trading Bot - INFO - Trading signal for MSFT: 0.4540 (source: quantum)
2025-04-11 12:26:18,788 - Quantum Trading Bot - INFO - HOLD signal for MSFT (score: 0.4540, source: quantum)
2025-04-11 12:26:18,790 - Quantum Trading Bot - INFO - Processing NVDA
2025-04-11 12:26:18,790 - Quantum Trading Bot - INFO - Mock halal compliance check for NVDA: COMPLIANT
2025-04-11 12:26:18,799 - Quantum Trading Bot - INFO - Quantum device error rate: 0.0336
2025-04-11 12:26:18,801 - Quantum Trading Bot - INFO - Quantum prediction for NVDA: 0.5610 (confidence: 0.7731)
2025-04-11 12:26:18,801 - Quantum Trading Bot - INFO - Trading signal for NVDA: 0.5610 (source: quantum)
2025-04-11 12:26:18,801 - Quantum Trading Bot - INFO - HOLD signal for NVDA (score: 0.5610, source: quantum)
2025-04-11 12:26:18,813 - Quantum Trading Bot - INFO - Performance metrics saved: 40/72 winning trades
2025-04-11 12:26:18,813 - Quantum Trading Bot - INFO - Quantum prediction accuracy: 0.00
2025-04-11 12:26:18,813 - Quantum Trading Bot - INFO - Sleeping for 60 seconds
2025-04-11 12:27:11,188 - Trading System - INFO - Trading Bot is alive: True
2025-04-11 12:27:11,192 - Trading System - INFO - Monitor Bot is alive: True
2025-04-11 12:27:11,193 - Trading System - INFO - Improvement Bot is alive: True
2025-04-11 12:27:18,817 - Quantum Trading Bot - INFO - Starting trading cycle
2025-04-11 12:27:18,818 - Quantum Trading Bot - INFO - Processing AAPL
2025-04-11 12:27:18,818 - Quantum Trading Bot - INFO - Mock halal compliance check for AAPL: COMPLIANT
2025-04-11 12:27:18,849 - Quantum Trading Bot - INFO - Quantum device error rate: 0.0612
2025-04-11 12:27:18,863 - Quantum Trading Bot - INFO - Quantum prediction for AAPL: 0.7007 (confidence: 0.9388)
2025-04-11 12:27:18,863 - Quantum Trading Bot - INFO - Trading signal for AAPL: 0.7007 (source: quantum)
2025-04-11 12:27:18,863 - Quantum Trading Bot - INFO - HOLD signal for AAPL (score: 0.7007, source: quantum)
2025-04-11 12:27:18,865 - Quantum Trading Bot - INFO - Processing MSFT
2025-04-11 12:27:18,866 - Quantum Trading Bot - INFO - Mock halal compliance check for MSFT: COMPLIANT
2025-04-11 12:27:18,874 - Quantum Trading Bot - INFO - Quantum device error rate: 0.0369
2025-04-11 12:27:18,878 - Quantum Trading Bot - INFO - Quantum prediction for MSFT: 0.4230 (confidence: 0.7705)
2025-04-11 12:27:18,878 - Quantum Trading Bot - INFO - Trading signal for MSFT: 0.4230 (source: quantum)
2025-04-11 12:27:18,878 - Quantum Trading Bot - INFO - HOLD signal for MSFT (score: 0.4230, source: quantum)
2025-04-11 12:27:18,879 - Quantum Trading Bot - INFO - Processing NVDA
2025-04-11 12:27:18,879 - Quantum Trading Bot - INFO - Mock halal compliance check for NVDA: COMPLIANT
2025-04-11 12:27:18,887 - Quantum Trading Bot - INFO - Quantum device error rate: 0.0282
2025-04-11 12:27:18,890 - Quantum Trading Bot - INFO - Quantum prediction for NVDA: 0.8040 (confidence: 0.9718)
2025-04-11 12:27:18,890 - Quantum Trading Bot - INFO - Trading signal for NVDA: 0.8040 (source: quantum)
2025-04-11 12:27:18,890 - Quantum Trading Bot - INFO - HOLD signal for NVDA (score: 0.8040, source: quantum)
2025-04-11 12:27:18,901 - Quantum Trading Bot - INFO - Performance metrics saved: 40/72 winning trades
2025-04-11 12:27:18,901 - Quantum Trading Bot - INFO - Quantum prediction accuracy: 0.00
2025-04-11 12:27:18,901 - Quantum Trading Bot - INFO - Sleeping for 60 seconds
2025-04-11 12:28:11,196 - Trading System - INFO - Trading Bot is alive: True
2025-04-11 12:28:11,197 - Trading System - INFO - Monitor Bot is alive: True
2025-04-11 12:28:11,198 - Trading System - INFO - Improvement Bot is alive: True
2025-04-11 12:28:18,911 - Quantum Trading Bot - INFO - Starting trading cycle
2025-04-11 12:28:18,911 - Quantum Trading Bot - INFO - Processing AAPL
2025-04-11 12:28:18,911 - Quantum Trading Bot - INFO - Mock halal compliance check for AAPL: COMPLIANT
2025-04-11 12:28:18,936 - Quantum Trading Bot - INFO - Quantum device error rate: 0.0219
2025-04-11 12:28:18,944 - Quantum Trading Bot - INFO - Quantum prediction for AAPL: 0.4830 (confidence: 0.7825)
2025-04-11 12:28:18,944 - Quantum Trading Bot - INFO - Trading signal for AAPL: 0.4830 (source: quantum)
2025-04-11 12:28:18,944 - Quantum Trading Bot - INFO - HOLD signal for AAPL (score: 0.4830, source: quantum)
2025-04-11 12:28:18,946 - Quantum Trading Bot - INFO - Processing MSFT
2025-04-11 12:28:18,946 - Quantum Trading Bot - INFO - Mock halal compliance check for MSFT: COMPLIANT
2025-04-11 12:28:18,958 - Quantum Trading Bot - INFO - Quantum device error rate: 0.0339
2025-04-11 12:28:18,961 - Quantum Trading Bot - INFO - Quantum prediction for MSFT: 0.5410 (confidence: 0.7729)
2025-04-11 12:28:18,961 - Quantum Trading Bot - INFO - Trading signal for MSFT: 0.5410 (source: quantum)
2025-04-11 12:28:18,961 - Quantum Trading Bot - INFO - HOLD signal for MSFT (score: 0.5410, source: quantum)
2025-04-11 12:28:18,963 - Quantum Trading Bot - INFO - Processing NVDA
2025-04-11 12:28:18,963 - Quantum Trading Bot - INFO - Mock halal compliance check for NVDA: COMPLIANT
2025-04-11 12:28:18,971 - Quantum Trading Bot - INFO - Quantum device error rate: 0.0456
2025-04-11 12:28:18,974 - Quantum Trading Bot - INFO - Quantum prediction for NVDA: 0.5220 (confidence: 0.7635)
2025-04-11 12:28:18,975 - Quantum Trading Bot - INFO - Trading signal for NVDA: 0.5220 (source: quantum)
2025-04-11 12:28:18,975 - Quantum Trading Bot - INFO - HOLD signal for NVDA (score: 0.5220, source: quantum)
2025-04-11 12:28:18,986 - Quantum Trading Bot - INFO - Performance metrics saved: 40/72 winning trades
2025-04-11 12:28:18,986 - Quantum Trading Bot - INFO - Quantum prediction accuracy: 0.00
2025-04-11 12:28:18,986 - Quantum Trading Bot - INFO - Sleeping for 60 seconds
2025-04-11 12:29:11,279 - Trading System - INFO - Trading Bot is alive: True
2025-04-11 12:29:11,281 - Trading System - INFO - Monitor Bot is alive: True
2025-04-11 12:29:11,281 - Trading System - INFO - Improvement Bot is alive: True
2025-04-11 12:29:19,072 - Quantum Trading Bot - INFO - Starting trading cycle
2025-04-11 12:29:19,072 - Quantum Trading Bot - INFO - Processing AAPL
2025-04-11 12:29:19,073 - Quantum Trading Bot - INFO - Mock halal compliance check for AAPL: COMPLIANT
2025-04-11 12:29:19,098 - Quantum Trading Bot - INFO - Quantum device error rate: 0.0426
2025-04-11 12:29:19,105 - Quantum Trading Bot - INFO - Quantum prediction for AAPL: 0.4390 (confidence: 0.7659)
2025-04-11 12:29:19,105 - Quantum Trading Bot - INFO - Trading signal for AAPL: 0.4390 (source: quantum)
2025-04-11 12:29:19,105 - Quantum Trading Bot - INFO - HOLD signal for AAPL (score: 0.4390, source: quantum)
2025-04-11 12:29:19,108 - Quantum Trading Bot - INFO - Processing MSFT
2025-04-11 12:29:19,108 - Quantum Trading Bot - INFO - Mock halal compliance check for MSFT: COMPLIANT
2025-04-11 12:29:19,118 - Quantum Trading Bot - INFO - Quantum device error rate: 0.0420
2025-04-11 12:29:19,122 - Quantum Trading Bot - INFO - Quantum prediction for MSFT: 0.2780 (confidence: 0.9580)
2025-04-11 12:29:19,122 - Quantum Trading Bot - INFO - Trading signal for MSFT: 0.2780 (source: quantum)
2025-04-11 12:29:19,122 - Quantum Trading Bot - INFO - SELL signal for MSFT (score: 0.2780, source: quantum)
2025-04-11 12:29:19,123 - Quantum Trading Bot - WARNING - Cannot sell MSFT - no position
2025-04-11 12:29:19,125 - Quantum Trading Bot - INFO - Processing NVDA
2025-04-11 12:29:19,125 - Quantum Trading Bot - INFO - Mock halal compliance check for NVDA: COMPLIANT
2025-04-11 12:29:19,134 - Quantum Trading Bot - INFO - Quantum device error rate: 0.0462
2025-04-11 12:29:19,136 - Quantum Trading Bot - INFO - Quantum prediction for NVDA: 0.6310 (confidence: 0.9538)
2025-04-11 12:29:19,136 - Quantum Trading Bot - INFO - Trading signal for NVDA: 0.6310 (source: quantum)
2025-04-11 12:29:19,136 - Quantum Trading Bot - INFO - HOLD signal for NVDA (score: 0.6310, source: quantum)
2025-04-11 12:29:19,149 - Quantum Trading Bot - INFO - Performance metrics saved: 40/72 winning trades
2025-04-11 12:29:19,149 - Quantum Trading Bot - INFO - Quantum prediction accuracy: 0.00
2025-04-11 12:29:19,149 - Quantum Trading Bot - INFO - Sleeping for 60 seconds
2025-04-11 12:30:11,285 - Trading System - INFO - Trading Bot is alive: True
2025-04-11 12:30:11,288 - Trading System - INFO - Monitor Bot is alive: True
2025-04-11 12:30:11,288 - Trading System - INFO - Improvement Bot is alive: True
2025-04-11 12:30:19,159 - Quantum Trading Bot - INFO - Starting trading cycle
2025-04-11 12:30:19,160 - Quantum Trading Bot - INFO - Processing AAPL
2025-04-11 12:30:19,160 - Quantum Trading Bot - INFO - Mock halal compliance check for AAPL: COMPLIANT
2025-04-11 12:30:19,179 - Quantum Trading Bot - INFO - Quantum device error rate: 0.0429
2025-04-11 12:30:19,184 - Quantum Trading Bot - INFO - Quantum prediction for AAPL: 0.3830 (confidence: 0.9571)
2025-04-11 12:30:19,185 - Quantum Trading Bot - INFO - Trading signal for AAPL: 0.3830 (source: quantum)
2025-04-11 12:30:19,185 - Quantum Trading Bot - INFO - HOLD signal for AAPL (score: 0.3830, source: quantum)
2025-04-11 12:30:19,187 - Quantum Trading Bot - INFO - Processing MSFT
2025-04-11 12:30:19,187 - Quantum Trading Bot - INFO - Mock halal compliance check for MSFT: COMPLIANT
2025-04-11 12:30:19,196 - Quantum Trading Bot - INFO - Quantum device error rate: 0.0537
2025-04-11 12:30:19,205 - Quantum Trading Bot - INFO - Quantum prediction for MSFT: 0.5674 (confidence: 0.7570)
2025-04-11 12:30:19,206 - Quantum Trading Bot - INFO - Trading signal for MSFT: 0.5674 (source: quantum)
2025-04-11 12:30:19,206 - Quantum Trading Bot - INFO - HOLD signal for MSFT (score: 0.5674, source: quantum)
2025-04-11 12:30:19,207 - Quantum Trading Bot - INFO - Processing NVDA
2025-04-11 12:30:19,207 - Quantum Trading Bot - INFO - Mock halal compliance check for NVDA: COMPLIANT
2025-04-11 12:30:19,215 - Quantum Trading Bot - INFO - Quantum device error rate: 0.0378
2025-04-11 12:30:19,218 - Quantum Trading Bot - INFO - Quantum prediction for NVDA: 0.1590 (confidence: 0.9622)
2025-04-11 12:30:19,218 - Quantum Trading Bot - INFO - Trading signal for NVDA: 0.1590 (source: quantum)
2025-04-11 12:30:19,218 - Quantum Trading Bot - INFO - SELL signal for NVDA (score: 0.1590, source: quantum)
2025-04-11 12:30:19,219 - Quantum Trading Bot - WARNING - Cannot sell NVDA - no position
2025-04-11 12:30:19,230 - Quantum Trading Bot - INFO - Performance metrics saved: 40/72 winning trades
2025-04-11 12:30:19,230 - Quantum Trading Bot - INFO - Quantum prediction accuracy: 0.00
2025-04-11 12:30:19,230 - Quantum Trading Bot - INFO - Sleeping for 60 seconds
2025-04-11 12:31:11,299 - Trading System - INFO - Trading Bot is alive: True
2025-04-11 12:31:11,302 - Trading System - INFO - Monitor Bot is alive: True
2025-04-11 12:31:11,302 - Trading System - INFO - Improvement Bot is alive: True
2025-04-11 12:31:19,240 - Quantum Trading Bot - INFO - Starting trading cycle
2025-04-11 12:31:19,241 - Quantum Trading Bot - INFO - Processing AAPL
2025-04-11 12:31:19,241 - Quantum Trading Bot - INFO - Mock halal compliance check for AAPL: COMPLIANT
2025-04-11 12:31:19,275 - Quantum Trading Bot - INFO - Quantum device error rate: 0.0315
2025-04-11 12:31:19,282 - Quantum Trading Bot - INFO - Quantum prediction for AAPL: 0.6140 (confidence: 0.9685)
2025-04-11 12:31:19,282 - Quantum Trading Bot - INFO - Trading signal for AAPL: 0.6140 (source: quantum)
2025-04-11 12:31:19,282 - Quantum Trading Bot - INFO - HOLD signal for AAPL (score: 0.6140, source: quantum)
2025-04-11 12:31:19,285 - Quantum Trading Bot - INFO - Processing MSFT
2025-04-11 12:31:19,285 - Quantum Trading Bot - INFO - Mock halal compliance check for MSFT: COMPLIANT
2025-04-11 12:31:19,295 - Quantum Trading Bot - INFO - Quantum device error rate: 0.0552
2025-04-11 12:31:19,305 - Quantum Trading Bot - INFO - Quantum prediction for MSFT: 0.6336 (confidence: 0.9448)
2025-04-11 12:31:19,305 - Quantum Trading Bot - INFO - Trading signal for MSFT: 0.6336 (source: quantum)
2025-04-11 12:31:19,305 - Quantum Trading Bot - INFO - HOLD signal for MSFT (score: 0.6336, source: quantum)
2025-04-11 12:31:19,307 - Quantum Trading Bot - INFO - Processing NVDA
2025-04-11 12:31:19,307 - Quantum Trading Bot - INFO - Mock halal compliance check for NVDA: COMPLIANT
2025-04-11 12:31:19,315 - Quantum Trading Bot - INFO - Quantum device error rate: 0.0441
2025-04-11 12:31:19,318 - Quantum Trading Bot - INFO - Quantum prediction for NVDA: 0.1200 (confidence: 0.9559)
2025-04-11 12:31:19,318 - Quantum Trading Bot - INFO - Trading signal for NVDA: 0.1200 (source: quantum)
2025-04-11 12:31:19,318 - Quantum Trading Bot - INFO - SELL signal for NVDA (score: 0.1200, source: quantum)
2025-04-11 12:31:19,319 - Quantum Trading Bot - WARNING - Cannot sell NVDA - no position
2025-04-11 12:31:19,330 - Quantum Trading Bot - INFO - Performance metrics saved: 40/72 winning trades
2025-04-11 12:31:19,330 - Quantum Trading Bot - INFO - Quantum prediction accuracy: 0.00
2025-04-11 12:31:19,330 - Quantum Trading Bot - INFO - Sleeping for 60 seconds
2025-04-11 12:32:11,305 - Trading System - INFO - Trading Bot is alive: True
2025-04-11 12:32:11,308 - Trading System - INFO - Monitor Bot is alive: True
2025-04-11 12:32:11,308 - Trading System - INFO - Improvement Bot is alive: True
2025-04-11 12:32:19,336 - Quantum Trading Bot - INFO - Starting trading cycle
2025-04-11 12:32:19,336 - Quantum Trading Bot - INFO - Processing AAPL
2025-04-11 12:32:19,337 - Quantum Trading Bot - INFO - Mock halal compliance check for AAPL: COMPLIANT
2025-04-11 12:32:19,366 - Quantum Trading Bot - INFO - Quantum device error rate: 0.0306
2025-04-11 12:32:19,372 - Quantum Trading Bot - INFO - Quantum prediction for AAPL: 0.0420 (confidence: 0.9694)
2025-04-11 12:32:19,372 - Quantum Trading Bot - INFO - Trading signal for AAPL: 0.0420 (source: quantum)
2025-04-11 12:32:19,372 - Quantum Trading Bot - INFO - SELL signal for AAPL (score: 0.0420, source: quantum)
2025-04-11 12:32:19,373 - Quantum Trading Bot - WARNING - Cannot sell AAPL - no position
2025-04-11 12:32:19,375 - Quantum Trading Bot - INFO - Processing MSFT
2025-04-11 12:32:19,375 - Quantum Trading Bot - INFO - Mock halal compliance check for MSFT: COMPLIANT
2025-04-11 12:32:19,385 - Quantum Trading Bot - INFO - Quantum device error rate: 0.0300
2025-04-11 12:32:19,387 - Quantum Trading Bot - INFO - Quantum prediction for MSFT: 0.5500 (confidence: 0.7760)
2025-04-11 12:32:19,387 - Quantum Trading Bot - INFO - Trading signal for MSFT: 0.5500 (source: quantum)
2025-04-11 12:32:19,387 - Quantum Trading Bot - INFO - HOLD signal for MSFT (score: 0.5500, source: quantum)
2025-04-11 12:32:19,389 - Quantum Trading Bot - INFO - Processing NVDA
2025-04-11 12:32:19,389 - Quantum Trading Bot - INFO - Mock halal compliance check for NVDA: COMPLIANT
2025-04-11 12:32:19,397 - Quantum Trading Bot - INFO - Quantum device error rate: 0.0291
2025-04-11 12:32:19,400 - Quantum Trading Bot - INFO - Quantum prediction for NVDA: 0.5280 (confidence: 0.7767)
2025-04-11 12:32:19,400 - Quantum Trading Bot - INFO - Trading signal for NVDA: 0.5280 (source: quantum)
2025-04-11 12:32:19,400 - Quantum Trading Bot - INFO - HOLD signal for NVDA (score: 0.5280, source: quantum)
2025-04-11 12:32:19,411 - Quantum Trading Bot - INFO - Performance metrics saved: 40/72 winning trades
2025-04-11 12:32:19,411 - Quantum Trading Bot - INFO - Quantum prediction accuracy: 0.00
2025-04-11 12:32:19,411 - Quantum Trading Bot - INFO - Sleeping for 60 seconds
2025-04-11 12:33:11,313 - Trading System - INFO - Trading Bot is alive: True
2025-04-11 12:33:11,316 - Trading System - INFO - Monitor Bot is alive: True
2025-04-11 12:33:11,316 - Trading System - INFO - Improvement Bot is alive: True
2025-04-11 12:33:19,417 - Quantum Trading Bot - INFO - Starting trading cycle
2025-04-11 12:33:19,417 - Quantum Trading Bot - INFO - Processing AAPL
2025-04-11 12:33:19,417 - Quantum Trading Bot - INFO - Mock halal compliance check for AAPL: COMPLIANT
2025-04-11 12:33:19,445 - Quantum Trading Bot - INFO - Quantum device error rate: 0.0564
2025-04-11 12:33:19,457 - Quantum Trading Bot - INFO - Quantum prediction for AAPL: 0.3870 (confidence: 0.9436)
2025-04-11 12:33:19,458 - Quantum Trading Bot - INFO - Trading signal for AAPL: 0.3870 (source: quantum)
2025-04-11 12:33:19,458 - Quantum Trading Bot - INFO - HOLD signal for AAPL (score: 0.3870, source: quantum)
2025-04-11 12:33:19,460 - Quantum Trading Bot - INFO - Processing MSFT
2025-04-11 12:33:19,460 - Quantum Trading Bot - INFO - Mock halal compliance check for MSFT: COMPLIANT
2025-04-11 12:33:19,468 - Quantum Trading Bot - INFO - Quantum device error rate: 0.0528
2025-04-11 12:33:19,477 - Quantum Trading Bot - INFO - Quantum prediction for MSFT: 0.9158 (confidence: 0.9472)
2025-04-11 12:33:19,477 - Quantum Trading Bot - INFO - Trading signal for MSFT: 0.9158 (source: quantum)
2025-04-11 12:33:19,477 - Quantum Trading Bot - INFO - HOLD signal for MSFT (score: 0.9158, source: quantum)
2025-04-11 12:33:19,479 - Quantum Trading Bot - INFO - Processing NVDA
2025-04-11 12:33:19,479 - Quantum Trading Bot - INFO - Mock halal compliance check for NVDA: COMPLIANT
2025-04-11 12:33:19,486 - Quantum Trading Bot - INFO - Quantum device error rate: 0.0504
2025-04-11 12:33:19,493 - Quantum Trading Bot - INFO - Quantum prediction for NVDA: 0.9136 (confidence: 0.9496)
2025-04-11 12:33:19,493 - Quantum Trading Bot - INFO - Trading signal for NVDA: 0.9136 (source: quantum)
2025-04-11 12:33:19,493 - Quantum Trading Bot - INFO - HOLD signal for NVDA (score: 0.9136, source: quantum)
2025-04-11 12:33:19,504 - Quantum Trading Bot - INFO - Performance metrics saved: 40/72 winning trades
2025-04-11 12:33:19,504 - Quantum Trading Bot - INFO - Quantum prediction accuracy: 0.00
2025-04-11 12:33:19,504 - Quantum Trading Bot - INFO - Sleeping for 60 seconds
2025-04-11 12:34:11,322 - Trading System - INFO - Trading Bot is alive: True
2025-04-11 12:34:11,325 - Trading System - INFO - Monitor Bot is alive: True
2025-04-11 12:34:11,325 - Trading System - INFO - Improvement Bot is alive: True
2025-04-11 12:34:19,511 - Quantum Trading Bot - INFO - Starting trading cycle
2025-04-11 12:34:19,512 - Quantum Trading Bot - INFO - Processing AAPL
2025-04-11 12:34:19,512 - Quantum Trading Bot - INFO - Mock halal compliance check for AAPL: COMPLIANT
2025-04-11 12:34:19,545 - Quantum Trading Bot - INFO - Quantum device error rate: 0.0318
2025-04-11 12:34:19,551 - Quantum Trading Bot - INFO - Quantum prediction for AAPL: 0.7510 (confidence: 0.9682)
2025-04-11 12:34:19,551 - Quantum Trading Bot - INFO - Trading signal for AAPL: 0.7510 (source: quantum)
2025-04-11 12:34:19,551 - Quantum Trading Bot - INFO - HOLD signal for AAPL (score: 0.7510, source: quantum)
2025-04-11 12:34:19,553 - Quantum Trading Bot - INFO - Processing MSFT
2025-04-11 12:34:19,553 - Quantum Trading Bot - INFO - Mock halal compliance check for MSFT: COMPLIANT
2025-04-11 12:34:19,561 - Quantum Trading Bot - INFO - Quantum device error rate: 0.0276
2025-04-11 12:34:19,564 - Quantum Trading Bot - INFO - Quantum prediction for MSFT: 0.4070 (confidence: 0.7779)
2025-04-11 12:34:19,564 - Quantum Trading Bot - INFO - Trading signal for MSFT: 0.4070 (source: quantum)
2025-04-11 12:34:19,564 - Quantum Trading Bot - INFO - HOLD signal for MSFT (score: 0.4070, source: quantum)
2025-04-11 12:34:19,566 - Quantum Trading Bot - INFO - Processing NVDA
2025-04-11 12:34:19,566 - Quantum Trading Bot - INFO - Mock halal compliance check for NVDA: COMPLIANT
2025-04-11 12:34:19,573 - Quantum Trading Bot - INFO - Quantum device error rate: 0.0489
2025-04-11 12:34:19,575 - Quantum Trading Bot - INFO - Quantum prediction for NVDA: 0.6470 (confidence: 0.9511)
2025-04-11 12:34:19,575 - Quantum Trading Bot - INFO - Trading signal for NVDA: 0.6470 (source: quantum)
2025-04-11 12:34:19,575 - Quantum Trading Bot - INFO - HOLD signal for NVDA (score: 0.6470, source: quantum)
2025-04-11 12:34:19,586 - Quantum Trading Bot - INFO - Performance metrics saved: 40/72 winning trades
2025-04-11 12:34:19,586 - Quantum Trading Bot - INFO - Quantum prediction accuracy: 0.00
2025-04-11 12:34:19,586 - Quantum Trading Bot - INFO - Sleeping for 60 seconds
2025-04-11 12:35:11,328 - Trading System - INFO - Trading Bot is alive: True
2025-04-11 12:35:11,330 - Trading System - INFO - Monitor Bot is alive: True
2025-04-11 12:35:11,330 - Trading System - INFO - Improvement Bot is alive: True
2025-04-11 12:35:19,591 - Quantum Trading Bot - INFO - Starting trading cycle
2025-04-11 12:35:19,592 - Quantum Trading Bot - INFO - Processing AAPL
2025-04-11 12:35:19,592 - Quantum Trading Bot - INFO - Mock halal compliance check for AAPL: COMPLIANT
2025-04-11 12:35:19,625 - Quantum Trading Bot - INFO - Quantum device error rate: 0.0393
2025-04-11 12:35:19,630 - Quantum Trading Bot - INFO - Quantum prediction for AAPL: 0.4320 (confidence: 0.7686)
2025-04-11 12:35:19,631 - Quantum Trading Bot - INFO - Trading signal for AAPL: 0.4320 (source: quantum)
2025-04-11 12:35:19,631 - Quantum Trading Bot - INFO - HOLD signal for AAPL (score: 0.4320, source: quantum)
2025-04-11 12:35:19,633 - Quantum Trading Bot - INFO - Processing MSFT
2025-04-11 12:35:19,633 - Quantum Trading Bot - INFO - Mock halal compliance check for MSFT: COMPLIANT
2025-04-11 12:35:19,643 - Quantum Trading Bot - INFO - Quantum device error rate: 0.0558
2025-04-11 12:35:19,653 - Quantum Trading Bot - INFO - Quantum prediction for MSFT: 0.5170 (confidence: 0.7554)
2025-04-11 12:35:19,653 - Quantum Trading Bot - INFO - Trading signal for MSFT: 0.5170 (source: quantum)
2025-04-11 12:35:19,653 - Quantum Trading Bot - INFO - HOLD signal for MSFT (score: 0.5170, source: quantum)
2025-04-11 12:35:19,655 - Quantum Trading Bot - INFO - Processing NVDA
2025-04-11 12:35:19,655 - Quantum Trading Bot - INFO - Mock halal compliance check for NVDA: COMPLIANT
2025-04-11 12:35:19,662 - Quantum Trading Bot - INFO - Quantum device error rate: 0.0522
2025-04-11 12:35:19,670 - Quantum Trading Bot - INFO - Quantum prediction for NVDA: 0.4426 (confidence: 0.7582)
2025-04-11 12:35:19,670 - Quantum Trading Bot - INFO - Trading signal for NVDA: 0.4426 (source: quantum)
2025-04-11 12:35:19,670 - Quantum Trading Bot - INFO - HOLD signal for NVDA (score: 0.4426, source: quantum)
2025-04-11 12:35:19,680 - Quantum Trading Bot - INFO - Performance metrics saved: 40/72 winning trades
2025-04-11 12:35:19,680 - Quantum Trading Bot - INFO - Quantum prediction accuracy: 0.00
2025-04-11 12:35:19,680 - Quantum Trading Bot - INFO - Sleeping for 60 seconds
2025-04-11 12:36:11,332 - Trading System - INFO - Trading Bot is alive: True
2025-04-11 12:36:11,335 - Trading System - INFO - Monitor Bot is alive: True
2025-04-11 12:36:11,335 - Trading System - INFO - Improvement Bot is alive: True
2025-04-11 12:36:19,686 - Quantum Trading Bot - INFO - Starting trading cycle
2025-04-11 12:36:19,686 - Quantum Trading Bot - INFO - Processing AAPL
2025-04-11 12:36:19,687 - Quantum Trading Bot - INFO - Mock halal compliance check for AAPL: COMPLIANT
2025-04-11 12:36:19,714 - Quantum Trading Bot - INFO - Quantum device error rate: 0.0339
2025-04-11 12:36:19,719 - Quantum Trading Bot - INFO - Quantum prediction for AAPL: 0.5970 (confidence: 0.7729)
2025-04-11 12:36:19,719 - Quantum Trading Bot - INFO - Trading signal for AAPL: 0.5970 (source: quantum)
2025-04-11 12:36:19,719 - Quantum Trading Bot - INFO - HOLD signal for AAPL (score: 0.5970, source: quantum)
2025-04-11 12:36:19,721 - Quantum Trading Bot - INFO - Processing MSFT
2025-04-11 12:36:19,721 - Quantum Trading Bot - INFO - Mock halal compliance check for MSFT: COMPLIANT
2025-04-11 12:36:19,730 - Quantum Trading Bot - INFO - Quantum device error rate: 0.0192
2025-04-11 12:36:19,733 - Quantum Trading Bot - INFO - Quantum prediction for MSFT: 0.3400 (confidence: 0.9808)
2025-04-11 12:36:19,733 - Quantum Trading Bot - INFO - Trading signal for MSFT: 0.3400 (source: quantum)
2025-04-11 12:36:19,733 - Quantum Trading Bot - INFO - HOLD signal for MSFT (score: 0.3400, source: quantum)
2025-04-11 12:36:19,737 - Quantum Trading Bot - INFO - Processing NVDA
2025-04-11 12:36:19,737 - Quantum Trading Bot - INFO - Mock halal compliance check for NVDA: COMPLIANT
2025-04-11 12:36:19,745 - Quantum Trading Bot - INFO - Quantum device error rate: 0.0345
2025-04-11 12:36:19,748 - Quantum Trading Bot - INFO - Quantum prediction for NVDA: 0.0240 (confidence: 0.9655)
2025-04-11 12:36:19,748 - Quantum Trading Bot - INFO - Trading signal for NVDA: 0.0240 (source: quantum)
2025-04-11 12:36:19,748 - Quantum Trading Bot - INFO - SELL signal for NVDA (score: 0.0240, source: quantum)
2025-04-11 12:36:19,749 - Quantum Trading Bot - WARNING - Cannot sell NVDA - no position
2025-04-11 12:36:19,760 - Quantum Trading Bot - INFO - Performance metrics saved: 40/72 winning trades
2025-04-11 12:36:19,760 - Quantum Trading Bot - INFO - Quantum prediction accuracy: 0.00
2025-04-11 12:36:19,760 - Quantum Trading Bot - INFO - Sleeping for 60 seconds
2025-04-11 12:37:11,340 - Trading System - INFO - Trading Bot is alive: True
2025-04-11 12:37:11,343 - Trading System - INFO - Monitor Bot is alive: True
2025-04-11 12:37:11,344 - Trading System - INFO - Improvement Bot is alive: True
2025-04-11 12:37:19,766 - Quantum Trading Bot - INFO - Starting trading cycle
2025-04-11 12:37:19,767 - Quantum Trading Bot - INFO - Processing AAPL
2025-04-11 12:37:19,767 - Quantum Trading Bot - INFO - Mock halal compliance check for AAPL: COMPLIANT
2025-04-11 12:37:19,798 - Quantum Trading Bot - INFO - Quantum device error rate: 0.0294
2025-04-11 12:37:19,802 - Quantum Trading Bot - INFO - Quantum prediction for AAPL: 0.8190 (confidence: 0.9706)
2025-04-11 12:37:19,803 - Quantum Trading Bot - INFO - Trading signal for AAPL: 0.8190 (source: quantum)
2025-04-11 12:37:19,803 - Quantum Trading Bot - INFO - HOLD signal for AAPL (score: 0.8190, source: quantum)
2025-04-11 12:37:19,805 - Quantum Trading Bot - INFO - Processing MSFT
2025-04-11 12:37:19,805 - Quantum Trading Bot - INFO - Mock halal compliance check for MSFT: COMPLIANT
2025-04-11 12:37:19,814 - Quantum Trading Bot - INFO - Quantum device error rate: 0.0408
2025-04-11 12:37:19,817 - Quantum Trading Bot - INFO - Quantum prediction for MSFT: 0.7800 (confidence: 0.9592)
2025-04-11 12:37:19,817 - Quantum Trading Bot - INFO - Trading signal for MSFT: 0.7800 (source: quantum)
2025-04-11 12:37:19,817 - Quantum Trading Bot - INFO - HOLD signal for MSFT (score: 0.7800, source: quantum)
2025-04-11 12:37:19,819 - Quantum Trading Bot - INFO - Processing NVDA
2025-04-11 12:37:19,819 - Quantum Trading Bot - INFO - Mock halal compliance check for NVDA: COMPLIANT
2025-04-11 12:37:19,827 - Quantum Trading Bot - INFO - Quantum device error rate: 0.0306
2025-04-11 12:37:19,829 - Quantum Trading Bot - INFO - Quantum prediction for NVDA: 0.7340 (confidence: 0.9694)
2025-04-11 12:37:19,829 - Quantum Trading Bot - INFO - Trading signal for NVDA: 0.7340 (source: quantum)
2025-04-11 12:37:19,829 - Quantum Trading Bot - INFO - HOLD signal for NVDA (score: 0.7340, source: quantum)
2025-04-11 12:37:19,840 - Quantum Trading Bot - INFO - Performance metrics saved: 40/72 winning trades
2025-04-11 12:37:19,840 - Quantum Trading Bot - INFO - Quantum prediction accuracy: 0.00
2025-04-11 12:37:19,840 - Quantum Trading Bot - INFO - Sleeping for 60 seconds
2025-04-11 12:38:11,350 - Trading System - INFO - Trading Bot is alive: True
2025-04-11 12:38:11,353 - Trading System - INFO - Monitor Bot is alive: True
2025-04-11 12:38:11,353 - Trading System - INFO - Improvement Bot is alive: True
2025-04-11 12:38:19,846 - Quantum Trading Bot - INFO - Starting trading cycle
2025-04-11 12:38:19,847 - Quantum Trading Bot - INFO - Processing AAPL
2025-04-11 12:38:19,847 - Quantum Trading Bot - INFO - Mock halal compliance check for AAPL: COMPLIANT
2025-04-11 12:38:19,876 - Quantum Trading Bot - INFO - Quantum device error rate: 0.0339
2025-04-11 12:38:19,881 - Quantum Trading Bot - INFO - Quantum prediction for AAPL: 0.8160 (confidence: 0.9661)
2025-04-11 12:38:19,881 - Quantum Trading Bot - INFO - Trading signal for AAPL: 0.8160 (source: quantum)
2025-04-11 12:38:19,881 - Quantum Trading Bot - INFO - HOLD signal for AAPL (score: 0.8160, source: quantum)
2025-04-11 12:38:19,883 - Quantum Trading Bot - INFO - Processing MSFT
2025-04-11 12:38:19,883 - Quantum Trading Bot - INFO - Mock halal compliance check for MSFT: COMPLIANT
2025-04-11 12:38:19,893 - Quantum Trading Bot - INFO - Quantum device error rate: 0.0339
2025-04-11 12:38:19,895 - Quantum Trading Bot - INFO - Quantum prediction for MSFT: 0.9020 (confidence: 0.9661)
2025-04-11 12:38:19,895 - Quantum Trading Bot - INFO - Trading signal for MSFT: 0.9020 (source: quantum)
2025-04-11 12:38:19,896 - Quantum Trading Bot - INFO - HOLD signal for MSFT (score: 0.9020, source: quantum)
2025-04-11 12:38:19,898 - Quantum Trading Bot - INFO - Processing NVDA
2025-04-11 12:38:19,898 - Quantum Trading Bot - INFO - Mock halal compliance check for NVDA: COMPLIANT
2025-04-11 12:38:19,905 - Quantum Trading Bot - INFO - Quantum device error rate: 0.0375
2025-04-11 12:38:19,908 - Quantum Trading Bot - INFO - Quantum prediction for NVDA: 0.6300 (confidence: 0.9625)
2025-04-11 12:38:19,908 - Quantum Trading Bot - INFO - Trading signal for NVDA: 0.6300 (source: quantum)
2025-04-11 12:38:19,908 - Quantum Trading Bot - INFO - HOLD signal for NVDA (score: 0.6300, source: quantum)
2025-04-11 12:38:19,924 - Quantum Trading Bot - INFO - Performance metrics saved: 40/72 winning trades
2025-04-11 12:38:19,924 - Quantum Trading Bot - INFO - Quantum prediction accuracy: 0.00
2025-04-11 12:38:19,924 - Quantum Trading Bot - INFO - Sleeping for 60 seconds
2025-04-11 12:39:11,357 - Trading System - INFO - Trading Bot is alive: True
2025-04-11 12:39:11,359 - Trading System - INFO - Monitor Bot is alive: True
2025-04-11 12:39:11,359 - Trading System - INFO - Improvement Bot is alive: True
2025-04-11 12:39:19,929 - Quantum Trading Bot - INFO - Starting trading cycle
2025-04-11 12:39:19,930 - Quantum Trading Bot - INFO - Processing AAPL
2025-04-11 12:39:19,930 - Quantum Trading Bot - INFO - Mock halal compliance check for AAPL: COMPLIANT
2025-04-11 12:39:19,945 - Quantum Trading Bot - INFO - Quantum device error rate: 0.0306
2025-04-11 12:39:19,951 - Quantum Trading Bot - INFO - Quantum prediction for AAPL: 0.6930 (confidence: 0.9694)
2025-04-11 12:39:19,951 - Quantum Trading Bot - INFO - Trading signal for AAPL: 0.6930 (source: quantum)
2025-04-11 12:39:19,951 - Quantum Trading Bot - INFO - HOLD signal for AAPL (score: 0.6930, source: quantum)
2025-04-11 12:39:19,953 - Quantum Trading Bot - INFO - Processing MSFT
2025-04-11 12:39:19,953 - Quantum Trading Bot - INFO - Mock halal compliance check for MSFT: COMPLIANT
2025-04-11 12:39:19,962 - Quantum Trading Bot - INFO - Quantum device error rate: 0.0351
2025-04-11 12:39:19,965 - Quantum Trading Bot - INFO - Quantum prediction for MSFT: 0.9340 (confidence: 0.9649)
2025-04-11 12:39:19,965 - Quantum Trading Bot - INFO - Trading signal for MSFT: 0.9340 (source: quantum)
2025-04-11 12:39:19,965 - Quantum Trading Bot - INFO - HOLD signal for MSFT (score: 0.9340, source: quantum)
2025-04-11 12:39:19,967 - Quantum Trading Bot - INFO - Processing NVDA
2025-04-11 12:39:19,967 - Quantum Trading Bot - INFO - Mock halal compliance check for NVDA: COMPLIANT
2025-04-11 12:39:19,975 - Quantum Trading Bot - INFO - Quantum device error rate: 0.0321
2025-04-11 12:39:19,978 - Quantum Trading Bot - INFO - Quantum prediction for NVDA: 0.6140 (confidence: 0.9679)
2025-04-11 12:39:19,978 - Quantum Trading Bot - INFO - Trading signal for NVDA: 0.6140 (source: quantum)
2025-04-11 12:39:19,978 - Quantum Trading Bot - INFO - HOLD signal for NVDA (score: 0.6140, source: quantum)
2025-04-11 12:39:19,989 - Quantum Trading Bot - INFO - Performance metrics saved: 40/72 winning trades
2025-04-11 12:39:19,989 - Quantum Trading Bot - INFO - Quantum prediction accuracy: 0.00
2025-04-11 12:39:19,989 - Quantum Trading Bot - INFO - Sleeping for 60 seconds
2025-04-11 12:40:11,364 - Trading System - INFO - Trading Bot is alive: True
2025-04-11 12:40:11,366 - Trading System - INFO - Monitor Bot is alive: True
2025-04-11 12:40:11,367 - Trading System - INFO - Improvement Bot is alive: True
2025-04-11 12:40:12,470 - Monitor Bot - INFO - Running scheduled task: Performance Metrics
2025-04-11 12:40:12,476 - Monitor Bot - INFO - === Performance Metrics ===
2025-04-11 12:40:12,476 - Monitor Bot - INFO - Date: 2025-04-11T12:39:19.979899
2025-04-11 12:40:12,476 - Monitor Bot - INFO - Total Trades: 72
2025-04-11 12:40:12,476 - Monitor Bot - INFO - Win Rate: 55.56%
2025-04-11 12:40:12,476 - Monitor Bot - INFO - Total Profit: $18.27
2025-04-11 12:40:12,476 - Monitor Bot - INFO - Average Profit per Trade: $0.25
2025-04-11 12:40:12,476 - Monitor Bot - INFO - Average Profit Percentage: 0.09%
2025-04-11 12:40:12,476 - Monitor Bot - INFO - Maximum Drawdown: 0.10%
2025-04-11 12:40:12,477 - Monitor Bot - INFO - Quantum Prediction Accuracy: 0.00%
2025-04-11 12:40:12,477 - Monitor Bot - INFO - ============================
2025-04-11 12:40:12,487 - Monitor Bot - INFO - Task Performance Metrics completed successfully
2025-04-11 12:40:19,994 - Quantum Trading Bot - INFO - Starting trading cycle
2025-04-11 12:40:19,995 - Quantum Trading Bot - INFO - Processing AAPL
2025-04-11 12:40:19,995 - Quantum Trading Bot - INFO - Mock halal compliance check for AAPL: COMPLIANT
2025-04-11 12:40:20,023 - Quantum Trading Bot - INFO - Quantum device error rate: 0.0336
2025-04-11 12:40:20,027 - Quantum Trading Bot - INFO - Quantum prediction for AAPL: 0.4890 (confidence: 0.7731)
2025-04-11 12:40:20,027 - Quantum Trading Bot - INFO - Trading signal for AAPL: 0.4890 (source: quantum)
2025-04-11 12:40:20,028 - Quantum Trading Bot - INFO - HOLD signal for AAPL (score: 0.4890, source: quantum)
2025-04-11 12:40:20,030 - Quantum Trading Bot - INFO - Processing MSFT
2025-04-11 12:40:20,030 - Quantum Trading Bot - INFO - Mock halal compliance check for MSFT: COMPLIANT
2025-04-11 12:40:20,040 - Quantum Trading Bot - INFO - Quantum device error rate: 0.0294
2025-04-11 12:40:20,043 - Quantum Trading Bot - INFO - Quantum prediction for MSFT: 0.6650 (confidence: 0.9706)
2025-04-11 12:40:20,043 - Quantum Trading Bot - INFO - Trading signal for MSFT: 0.6650 (source: quantum)
2025-04-11 12:40:20,043 - Quantum Trading Bot - INFO - HOLD signal for MSFT (score: 0.6650, source: quantum)
2025-04-11 12:40:20,045 - Quantum Trading Bot - INFO - Processing NVDA
2025-04-11 12:40:20,045 - Quantum Trading Bot - INFO - Mock halal compliance check for NVDA: COMPLIANT
2025-04-11 12:40:20,053 - Quantum Trading Bot - INFO - Quantum device error rate: 0.0372
2025-04-11 12:40:20,056 - Quantum Trading Bot - INFO - Quantum prediction for NVDA: 0.2010 (confidence: 0.9628)
2025-04-11 12:40:20,056 - Quantum Trading Bot - INFO - Trading signal for NVDA: 0.2010 (source: quantum)
2025-04-11 12:40:20,056 - Quantum Trading Bot - INFO - SELL signal for NVDA (score: 0.2010, source: quantum)
2025-04-11 12:40:20,057 - Quantum Trading Bot - WARNING - Cannot sell NVDA - no position
2025-04-11 12:40:20,068 - Quantum Trading Bot - INFO - Performance metrics saved: 40/72 winning trades
2025-04-11 12:40:20,068 - Quantum Trading Bot - INFO - Quantum prediction accuracy: 0.00
2025-04-11 12:40:20,079 - Quantum Trading Bot - INFO - Quantum device error rate: 0.0528
2025-04-11 12:40:20,080 - Quantum Trading Bot - INFO - Quantum portfolio optimization complete: {'AAPL': np.float64(0.34234234234234234), 'MSFT': np.float64(0.3194733194733195), 'NVDA': np.float64(0.3381843381843382)}
2025-04-11 12:40:20,080 - Quantum Trading Bot - INFO - Optimal portfolio weights: {'AAPL': np.float64(0.34234234234234234), 'MSFT': np.float64(0.3194733194733195), 'NVDA': np.float64(0.3381843381843382)}
2025-04-11 12:40:20,081 - Quantum Trading Bot - INFO - Sleeping for 60 seconds
2025-04-11 12:41:10,528 - Improvement Bot - INFO - Running scheduled task: System Health Analysis
2025-04-11 12:41:10,536 - Improvement Bot - INFO - Win rate trend: +0.00%
2025-04-11 12:41:10,537 - Improvement Bot - INFO - Profit trend: +0.00%
2025-04-11 12:41:10,539 - Improvement Bot - INFO - System health analysis completed: healthy
2025-04-11 12:41:10,539 - Improvement Bot - INFO - Task System Health Analysis completed successfully
2025-04-11 12:41:11,372 - Trading System - INFO - Trading Bot is alive: True
2025-04-11 12:41:11,372 - Trading System - INFO - Monitor Bot is alive: True
2025-04-11 12:41:11,372 - Trading System - INFO - Improvement Bot is alive: True
2025-04-11 12:41:20,086 - Quantum Trading Bot - INFO - Starting trading cycle
2025-04-11 12:41:20,087 - Quantum Trading Bot - INFO - Processing AAPL
2025-04-11 12:41:20,087 - Quantum Trading Bot - INFO - Mock halal compliance check for AAPL: COMPLIANT
2025-04-11 12:41:20,108 - Quantum Trading Bot - INFO - Quantum device error rate: 0.0246
2025-04-11 12:41:20,114 - Quantum Trading Bot - INFO - Quantum prediction for AAPL: 0.6720 (confidence: 0.9754)
2025-04-11 12:41:20,114 - Quantum Trading Bot - INFO - Trading signal for AAPL: 0.6720 (source: quantum)
2025-04-11 12:41:20,114 - Quantum Trading Bot - INFO - HOLD signal for AAPL (score: 0.6720, source: quantum)
2025-04-11 12:41:20,117 - Quantum Trading Bot - INFO - Processing MSFT
2025-04-11 12:41:20,117 - Quantum Trading Bot - INFO - Mock halal compliance check for MSFT: COMPLIANT
2025-04-11 12:41:20,128 - Quantum Trading Bot - INFO - Quantum device error rate: 0.0597
2025-04-11 12:41:20,137 - Quantum Trading Bot - INFO - Quantum prediction for MSFT: 0.6873 (confidence: 0.9403)
2025-04-11 12:41:20,137 - Quantum Trading Bot - INFO - Trading signal for MSFT: 0.6873 (source: quantum)
2025-04-11 12:41:20,137 - Quantum Trading Bot - INFO - HOLD signal for MSFT (score: 0.6873, source: quantum)
2025-04-11 12:41:20,140 - Quantum Trading Bot - INFO - Processing NVDA
2025-04-11 12:41:20,140 - Quantum Trading Bot - INFO - Mock halal compliance check for NVDA: COMPLIANT
2025-04-11 12:41:20,148 - Quantum Trading Bot - INFO - Quantum device error rate: 0.0363
2025-04-11 12:41:20,151 - Quantum Trading Bot - INFO - Quantum prediction for NVDA: 0.3590 (confidence: 0.9637)
2025-04-11 12:41:20,151 - Quantum Trading Bot - INFO - Trading signal for NVDA: 0.3590 (source: quantum)
2025-04-11 12:41:20,151 - Quantum Trading Bot - INFO - HOLD signal for NVDA (score: 0.3590, source: quantum)
2025-04-11 12:41:20,163 - Quantum Trading Bot - INFO - Performance metrics saved: 40/72 winning trades
2025-04-11 12:41:20,163 - Quantum Trading Bot - INFO - Quantum prediction accuracy: 0.00
2025-04-11 12:41:20,163 - Quantum Trading Bot - INFO - Sleeping for 60 seconds
2025-04-11 12:42:11,376 - Trading System - INFO - Trading Bot is alive: True
2025-04-11 12:42:11,378 - Trading System - INFO - Monitor Bot is alive: True
2025-04-11 12:42:11,378 - Trading System - INFO - Improvement Bot is alive: True
2025-04-11 12:42:20,165 - Quantum Trading Bot - INFO - Starting trading cycle
2025-04-11 12:42:20,166 - Quantum Trading Bot - INFO - Processing AAPL
2025-04-11 12:42:20,166 - Quantum Trading Bot - INFO - Mock halal compliance check for AAPL: COMPLIANT
2025-04-11 12:42:20,181 - Quantum Trading Bot - INFO - Quantum device error rate: 0.0354
2025-04-11 12:42:20,187 - Quantum Trading Bot - INFO - Quantum prediction for AAPL: 0.8190 (confidence: 0.9646)
2025-04-11 12:42:20,187 - Quantum Trading Bot - INFO - Trading signal for AAPL: 0.8190 (source: quantum)
2025-04-11 12:42:20,187 - Quantum Trading Bot - INFO - HOLD signal for AAPL (score: 0.8190, source: quantum)
2025-04-11 12:42:20,190 - Quantum Trading Bot - INFO - Processing MSFT
2025-04-11 12:42:20,190 - Quantum Trading Bot - INFO - Mock halal compliance check for MSFT: COMPLIANT
2025-04-11 12:42:20,200 - Quantum Trading Bot - INFO - Quantum device error rate: 0.0249
2025-04-11 12:42:20,203 - Quantum Trading Bot - INFO - Quantum prediction for MSFT: 0.5590 (confidence: 0.7801)
2025-04-11 12:42:20,203 - Quantum Trading Bot - INFO - Trading signal for MSFT: 0.5590 (source: quantum)
2025-04-11 12:42:20,203 - Quantum Trading Bot - INFO - HOLD signal for MSFT (score: 0.5590, source: quantum)
2025-04-11 12:42:20,205 - Quantum Trading Bot - INFO - Processing NVDA
2025-04-11 12:42:20,205 - Quantum Trading Bot - INFO - Mock halal compliance check for NVDA: COMPLIANT
2025-04-11 12:42:20,213 - Quantum Trading Bot - INFO - Quantum device error rate: 0.0393
2025-04-11 12:42:20,217 - Quantum Trading Bot - INFO - Quantum prediction for NVDA: 0.6810 (confidence: 0.9607)
2025-04-11 12:42:20,217 - Quantum Trading Bot - INFO - Trading signal for NVDA: 0.6810 (source: quantum)
2025-04-11 12:42:20,217 - Quantum Trading Bot - INFO - HOLD signal for NVDA (score: 0.6810, source: quantum)
2025-04-11 12:42:20,228 - Quantum Trading Bot - INFO - Performance metrics saved: 40/72 winning trades
2025-04-11 12:42:20,228 - Quantum Trading Bot - INFO - Quantum prediction accuracy: 0.00
2025-04-11 12:42:20,228 - Quantum Trading Bot - INFO - Sleeping for 60 seconds
2025-04-11 12:43:11,379 - Trading System - INFO - Trading Bot is alive: True
2025-04-11 12:43:11,382 - Trading System - INFO - Monitor Bot is alive: True
2025-04-11 12:43:11,382 - Trading System - INFO - Improvement Bot is alive: True
2025-04-11 12:43:20,233 - Quantum Trading Bot - INFO - Starting trading cycle
2025-04-11 12:43:20,234 - Quantum Trading Bot - INFO - Processing AAPL
2025-04-11 12:43:20,234 - Quantum Trading Bot - INFO - Mock halal compliance check for AAPL: COMPLIANT
2025-04-11 12:43:20,254 - Quantum Trading Bot - INFO - Quantum device error rate: 0.0453
2025-04-11 12:43:20,259 - Quantum Trading Bot - INFO - Quantum prediction for AAPL: 0.4800 (confidence: 0.7638)
2025-04-11 12:43:20,259 - Quantum Trading Bot - INFO - Trading signal for AAPL: 0.4800 (source: quantum)
2025-04-11 12:43:20,259 - Quantum Trading Bot - INFO - HOLD signal for AAPL (score: 0.4800, source: quantum)
2025-04-11 12:43:20,261 - Quantum Trading Bot - INFO - Processing MSFT
2025-04-11 12:43:20,261 - Quantum Trading Bot - INFO - Mock halal compliance check for MSFT: COMPLIANT
2025-04-11 12:43:20,269 - Quantum Trading Bot - INFO - Quantum device error rate: 0.0456
2025-04-11 12:43:20,272 - Quantum Trading Bot - INFO - Quantum prediction for MSFT: 0.6820 (confidence: 0.9544)
2025-04-11 12:43:20,272 - Quantum Trading Bot - INFO - Trading signal for MSFT: 0.6820 (source: quantum)
2025-04-11 12:43:20,272 - Quantum Trading Bot - INFO - HOLD signal for MSFT (score: 0.6820, source: quantum)
2025-04-11 12:43:20,274 - Quantum Trading Bot - INFO - Processing NVDA
2025-04-11 12:43:20,274 - Quantum Trading Bot - INFO - Mock halal compliance check for NVDA: COMPLIANT
2025-04-11 12:43:20,282 - Quantum Trading Bot - INFO - Quantum device error rate: 0.0357
2025-04-11 12:43:20,284 - Quantum Trading Bot - INFO - Quantum prediction for NVDA: 0.5740 (confidence: 0.7714)
2025-04-11 12:43:20,284 - Quantum Trading Bot - INFO - Trading signal for NVDA: 0.5740 (source: quantum)
2025-04-11 12:43:20,284 - Quantum Trading Bot - INFO - HOLD signal for NVDA (score: 0.5740, source: quantum)
2025-04-11 12:43:20,295 - Quantum Trading Bot - INFO - Performance metrics saved: 40/72 winning trades
2025-04-11 12:43:20,295 - Quantum Trading Bot - INFO - Quantum prediction accuracy: 0.00
2025-04-11 12:43:20,295 - Quantum Trading Bot - INFO - Sleeping for 60 seconds
2025-04-11 12:44:11,383 - Trading System - INFO - Trading Bot is alive: True
2025-04-11 12:44:11,385 - Trading System - INFO - Monitor Bot is alive: True
2025-04-11 12:44:11,385 - Trading System - INFO - Improvement Bot is alive: True
2025-04-11 12:44:20,300 - Quantum Trading Bot - INFO - Starting trading cycle
2025-04-11 12:44:20,301 - Quantum Trading Bot - INFO - Processing AAPL
2025-04-11 12:44:20,301 - Quantum Trading Bot - INFO - Mock halal compliance check for AAPL: COMPLIANT
2025-04-11 12:44:20,316 - Quantum Trading Bot - INFO - Quantum device error rate: 0.0288
2025-04-11 12:44:20,322 - Quantum Trading Bot - INFO - Quantum prediction for AAPL: 0.4110 (confidence: 0.7770)
2025-04-11 12:44:20,322 - Quantum Trading Bot - INFO - Trading signal for AAPL: 0.4110 (source: quantum)
2025-04-11 12:44:20,322 - Quantum Trading Bot - INFO - HOLD signal for AAPL (score: 0.4110, source: quantum)
2025-04-11 12:44:20,324 - Quantum Trading Bot - INFO - Processing MSFT
2025-04-11 12:44:20,324 - Quantum Trading Bot - INFO - Mock halal compliance check for MSFT: COMPLIANT
2025-04-11 12:44:20,334 - Quantum Trading Bot - INFO - Quantum device error rate: 0.0369
2025-04-11 12:44:20,337 - Quantum Trading Bot - INFO - Quantum prediction for MSFT: 0.1770 (confidence: 0.9631)
2025-04-11 12:44:20,337 - Quantum Trading Bot - INFO - Trading signal for MSFT: 0.1770 (source: quantum)
2025-04-11 12:44:20,337 - Quantum Trading Bot - INFO - SELL signal for MSFT (score: 0.1770, source: quantum)
2025-04-11 12:44:20,338 - Quantum Trading Bot - WARNING - Cannot sell MSFT - no position
2025-04-11 12:44:20,340 - Quantum Trading Bot - INFO - Processing NVDA
2025-04-11 12:44:20,340 - Quantum Trading Bot - INFO - Mock halal compliance check for NVDA: COMPLIANT
2025-04-11 12:44:20,348 - Quantum Trading Bot - INFO - Quantum device error rate: 0.0324
2025-04-11 12:44:20,351 - Quantum Trading Bot - INFO - Quantum prediction for NVDA: 0.1870 (confidence: 0.9676)
2025-04-11 12:44:20,351 - Quantum Trading Bot - INFO - Trading signal for NVDA: 0.1870 (source: quantum)
2025-04-11 12:44:20,351 - Quantum Trading Bot - INFO - SELL signal for NVDA (score: 0.1870, source: quantum)
2025-04-11 12:44:20,352 - Quantum Trading Bot - WARNING - Cannot sell NVDA - no position
2025-04-11 12:44:20,364 - Quantum Trading Bot - INFO - Performance metrics saved: 40/72 winning trades
2025-04-11 12:44:20,364 - Quantum Trading Bot - INFO - Quantum prediction accuracy: 0.00
2025-04-11 12:44:20,364 - Quantum Trading Bot - INFO - Sleeping for 60 seconds
2025-04-11 12:45:11,390 - Trading System - INFO - Trading Bot is alive: True
2025-04-11 12:45:11,392 - Trading System - INFO - Monitor Bot is alive: True
2025-04-11 12:45:11,392 - Trading System - INFO - Improvement Bot is alive: True
2025-04-11 12:45:20,367 - Quantum Trading Bot - INFO - Starting trading cycle
2025-04-11 12:45:20,367 - Quantum Trading Bot - INFO - Processing AAPL
2025-04-11 12:45:20,367 - Quantum Trading Bot - INFO - Mock halal compliance check for AAPL: COMPLIANT
2025-04-11 12:45:20,384 - Quantum Trading Bot - INFO - Quantum device error rate: 0.0324
2025-04-11 12:45:20,390 - Quantum Trading Bot - INFO - Quantum prediction for AAPL: 0.4100 (confidence: 0.7741)
2025-04-11 12:45:20,390 - Quantum Trading Bot - INFO - Trading signal for AAPL: 0.4100 (source: quantum)
2025-04-11 12:45:20,390 - Quantum Trading Bot - INFO - HOLD signal for AAPL (score: 0.4100, source: quantum)
2025-04-11 12:45:20,393 - Quantum Trading Bot - INFO - Processing MSFT
2025-04-11 12:45:20,393 - Quantum Trading Bot - INFO - Mock halal compliance check for MSFT: COMPLIANT
2025-04-11 12:45:20,402 - Quantum Trading Bot - INFO - Quantum device error rate: 0.0507
2025-04-11 12:45:20,411 - Quantum Trading Bot - INFO - Quantum prediction for MSFT: 0.8947 (confidence: 0.9493)
2025-04-11 12:45:20,411 - Quantum Trading Bot - INFO - Trading signal for MSFT: 0.8947 (source: quantum)
2025-04-11 12:45:20,411 - Quantum Trading Bot - INFO - HOLD signal for MSFT (score: 0.8947, source: quantum)
2025-04-11 12:45:20,413 - Quantum Trading Bot - INFO - Processing NVDA
2025-04-11 12:45:20,413 - Quantum Trading Bot - INFO - Mock halal compliance check for NVDA: COMPLIANT
2025-04-11 12:45:20,421 - Quantum Trading Bot - INFO - Quantum device error rate: 0.0321
2025-04-11 12:45:20,423 - Quantum Trading Bot - INFO - Quantum prediction for NVDA: 0.0850 (confidence: 0.9679)
2025-04-11 12:45:20,423 - Quantum Trading Bot - INFO - Trading signal for NVDA: 0.0850 (source: quantum)
2025-04-11 12:45:20,423 - Quantum Trading Bot - INFO - SELL signal for NVDA (score: 0.0850, source: quantum)
2025-04-11 12:45:20,424 - Quantum Trading Bot - WARNING - Cannot sell NVDA - no position
2025-04-11 12:45:20,435 - Quantum Trading Bot - INFO - Performance metrics saved: 40/72 winning trades
2025-04-11 12:45:20,436 - Quantum Trading Bot - INFO - Quantum prediction accuracy: 0.00
2025-04-11 12:45:20,436 - Quantum Trading Bot - INFO - Sleeping for 60 seconds
2025-04-11 12:46:11,398 - Trading System - INFO - Trading Bot is alive: True
2025-04-11 12:46:11,401 - Trading System - INFO - Monitor Bot is alive: True
2025-04-11 12:46:11,402 - Trading System - INFO - Improvement Bot is alive: True
2025-04-11 12:46:20,442 - Quantum Trading Bot - INFO - Starting trading cycle
2025-04-11 12:46:20,443 - Quantum Trading Bot - INFO - Processing AAPL
2025-04-11 12:46:20,443 - Quantum Trading Bot - INFO - Mock halal compliance check for AAPL: COMPLIANT
2025-04-11 12:46:20,478 - Quantum Trading Bot - INFO - Quantum device error rate: 0.0378
2025-04-11 12:46:20,482 - Quantum Trading Bot - INFO - Quantum prediction for AAPL: 0.5950 (confidence: 0.7698)
2025-04-11 12:46:20,482 - Quantum Trading Bot - INFO - Trading signal for AAPL: 0.5950 (source: quantum)
2025-04-11 12:46:20,482 - Quantum Trading Bot - INFO - HOLD signal for AAPL (score: 0.5950, source: quantum)
2025-04-11 12:46:20,484 - Quantum Trading Bot - INFO - Processing MSFT
2025-04-11 12:46:20,484 - Quantum Trading Bot - INFO - Mock halal compliance check for MSFT: COMPLIANT
2025-04-11 12:46:20,492 - Quantum Trading Bot - INFO - Quantum device error rate: 0.0291
2025-04-11 12:46:20,495 - Quantum Trading Bot - INFO - Quantum prediction for MSFT: 0.5540 (confidence: 0.7767)
2025-04-11 12:46:20,495 - Quantum Trading Bot - INFO - Trading signal for MSFT: 0.5540 (source: quantum)
2025-04-11 12:46:20,495 - Quantum Trading Bot - INFO - HOLD signal for MSFT (score: 0.5540, source: quantum)
2025-04-11 12:46:20,497 - Quantum Trading Bot - INFO - Processing NVDA
2025-04-11 12:46:20,497 - Quantum Trading Bot - INFO - Mock halal compliance check for NVDA: COMPLIANT
2025-04-11 12:46:20,504 - Quantum Trading Bot - INFO - Quantum device error rate: 0.0162
2025-04-11 12:46:20,506 - Quantum Trading Bot - INFO - Quantum prediction for NVDA: 0.7540 (confidence: 0.9838)
2025-04-11 12:46:20,506 - Quantum Trading Bot - INFO - Trading signal for NVDA: 0.7540 (source: quantum)
2025-04-11 12:46:20,506 - Quantum Trading Bot - INFO - HOLD signal for NVDA (score: 0.7540, source: quantum)
2025-04-11 12:46:20,517 - Quantum Trading Bot - INFO - Performance metrics saved: 40/72 winning trades
2025-04-11 12:46:20,517 - Quantum Trading Bot - INFO - Quantum prediction accuracy: 0.00
2025-04-11 12:46:20,517 - Quantum Trading Bot - INFO - Sleeping for 60 seconds
2025-04-11 12:47:11,412 - Trading System - INFO - Trading Bot is alive: True
2025-04-11 12:47:11,414 - Trading System - INFO - Monitor Bot is alive: True
2025-04-11 12:47:11,414 - Trading System - INFO - Improvement Bot is alive: True
2025-04-11 12:47:20,527 - Quantum Trading Bot - INFO - Starting trading cycle
2025-04-11 12:47:20,527 - Quantum Trading Bot - INFO - Processing AAPL
2025-04-11 12:47:20,527 - Quantum Trading Bot - INFO - Mock halal compliance check for AAPL: COMPLIANT
2025-04-11 12:47:20,544 - Quantum Trading Bot - INFO - Quantum device error rate: 0.0255
2025-04-11 12:47:20,549 - Quantum Trading Bot - INFO - Quantum prediction for AAPL: 0.1750 (confidence: 0.9745)
2025-04-11 12:47:20,549 - Quantum Trading Bot - INFO - Trading signal for AAPL: 0.1750 (source: quantum)
2025-04-11 12:47:20,549 - Quantum Trading Bot - INFO - SELL signal for AAPL (score: 0.1750, source: quantum)
2025-04-11 12:47:20,551 - Quantum Trading Bot - WARNING - Cannot sell AAPL - no position
2025-04-11 12:47:20,553 - Quantum Trading Bot - INFO - Processing MSFT
2025-04-11 12:47:20,554 - Quantum Trading Bot - INFO - Mock halal compliance check for MSFT: COMPLIANT
2025-04-11 12:47:20,563 - Quantum Trading Bot - INFO - Quantum device error rate: 0.0339
2025-04-11 12:47:20,567 - Quantum Trading Bot - INFO - Quantum prediction for MSFT: 0.5150 (confidence: 0.7729)
2025-04-11 12:47:20,567 - Quantum Trading Bot - INFO - Trading signal for MSFT: 0.5150 (source: quantum)
2025-04-11 12:47:20,567 - Quantum Trading Bot - INFO - HOLD signal for MSFT (score: 0.5150, source: quantum)
2025-04-11 12:47:20,569 - Quantum Trading Bot - INFO - Processing NVDA
2025-04-11 12:47:20,569 - Quantum Trading Bot - INFO - Mock halal compliance check for NVDA: COMPLIANT
2025-04-11 12:47:20,577 - Quantum Trading Bot - INFO - Quantum device error rate: 0.0297
2025-04-11 12:47:20,580 - Quantum Trading Bot - INFO - Quantum prediction for NVDA: 0.0550 (confidence: 0.9703)
2025-04-11 12:47:20,580 - Quantum Trading Bot - INFO - Trading signal for NVDA: 0.0550 (source: quantum)
2025-04-11 12:47:20,580 - Quantum Trading Bot - INFO - SELL signal for NVDA (score: 0.0550, source: quantum)
2025-04-11 12:47:20,580 - Quantum Trading Bot - WARNING - Cannot sell NVDA - no position
2025-04-11 12:47:20,592 - Quantum Trading Bot - INFO - Performance metrics saved: 40/72 winning trades
2025-04-11 12:47:20,592 - Quantum Trading Bot - INFO - Quantum prediction accuracy: 0.00
2025-04-11 12:47:20,592 - Quantum Trading Bot - INFO - Sleeping for 60 seconds
2025-04-11 12:48:11,423 - Trading System - INFO - Trading Bot is alive: True
2025-04-11 12:48:11,426 - Trading System - INFO - Monitor Bot is alive: True
2025-04-11 12:48:11,426 - Trading System - INFO - Improvement Bot is alive: True
2025-04-11 12:48:20,596 - Quantum Trading Bot - INFO - Starting trading cycle
2025-04-11 12:48:20,597 - Quantum Trading Bot - INFO - Processing AAPL
2025-04-11 12:48:20,597 - Quantum Trading Bot - INFO - Mock halal compliance check for AAPL: COMPLIANT
2025-04-11 12:48:20,619 - Quantum Trading Bot - INFO - Quantum device error rate: 0.0555
2025-04-11 12:48:20,630 - Quantum Trading Bot - INFO - Quantum prediction for AAPL: 0.8523 (confidence: 0.9445)
2025-04-11 12:48:20,630 - Quantum Trading Bot - INFO - Trading signal for AAPL: 0.8523 (source: quantum)
2025-04-11 12:48:20,630 - Quantum Trading Bot - INFO - HOLD signal for AAPL (score: 0.8523, source: quantum)
2025-04-11 12:48:20,633 - Quantum Trading Bot - INFO - Processing MSFT
2025-04-11 12:48:20,633 - Quantum Trading Bot - INFO - Mock halal compliance check for MSFT: COMPLIANT
2025-04-11 12:48:20,641 - Quantum Trading Bot - INFO - Quantum device error rate: 0.0231
2025-04-11 12:48:20,644 - Quantum Trading Bot - INFO - Quantum prediction for MSFT: 0.4040 (confidence: 0.7815)
2025-04-11 12:48:20,644 - Quantum Trading Bot - INFO - Trading signal for MSFT: 0.4040 (source: quantum)
2025-04-11 12:48:20,644 - Quantum Trading Bot - INFO - HOLD signal for MSFT (score: 0.4040, source: quantum)
2025-04-11 12:48:20,646 - Quantum Trading Bot - INFO - Processing NVDA
2025-04-11 12:48:20,646 - Quantum Trading Bot - INFO - Mock halal compliance check for NVDA: COMPLIANT
2025-04-11 12:48:20,653 - Quantum Trading Bot - INFO - Quantum device error rate: 0.0261
2025-04-11 12:48:20,656 - Quantum Trading Bot - INFO - Quantum prediction for NVDA: 0.5740 (confidence: 0.7791)
2025-04-11 12:48:20,656 - Quantum Trading Bot - INFO - Trading signal for NVDA: 0.5740 (source: quantum)
2025-04-11 12:48:20,656 - Quantum Trading Bot - INFO - HOLD signal for NVDA (score: 0.5740, source: quantum)
2025-04-11 12:48:20,668 - Quantum Trading Bot - INFO - Performance metrics saved: 40/72 winning trades
2025-04-11 12:48:20,668 - Quantum Trading Bot - INFO - Quantum prediction accuracy: 0.00
2025-04-11 12:48:20,668 - Quantum Trading Bot - INFO - Sleeping for 60 seconds
2025-04-11 12:49:11,430 - Trading System - INFO - Trading Bot is alive: True
2025-04-11 12:49:11,431 - Trading System - INFO - Monitor Bot is alive: True
2025-04-11 12:49:11,431 - Trading System - INFO - Improvement Bot is alive: True
2025-04-11 12:49:20,673 - Quantum Trading Bot - INFO - Starting trading cycle
2025-04-11 12:49:20,674 - Quantum Trading Bot - INFO - Processing AAPL
2025-04-11 12:49:20,674 - Quantum Trading Bot - INFO - Mock halal compliance check for AAPL: COMPLIANT
2025-04-11 12:49:20,691 - Quantum Trading Bot - INFO - Quantum device error rate: 0.0354
2025-04-11 12:49:20,695 - Quantum Trading Bot - INFO - Quantum prediction for AAPL: 0.5340 (confidence: 0.7717)
2025-04-11 12:49:20,695 - Quantum Trading Bot - INFO - Trading signal for AAPL: 0.5340 (source: quantum)
2025-04-11 12:49:20,695 - Quantum Trading Bot - INFO - HOLD signal for AAPL (score: 0.5340, source: quantum)
2025-04-11 12:49:20,698 - Quantum Trading Bot - INFO - Processing MSFT
2025-04-11 12:49:20,698 - Quantum Trading Bot - INFO - Mock halal compliance check for MSFT: COMPLIANT
2025-04-11 12:49:20,708 - Quantum Trading Bot - INFO - Quantum device error rate: 0.0381
2025-04-11 12:49:20,711 - Quantum Trading Bot - INFO - Quantum prediction for MSFT: 0.5650 (confidence: 0.7695)
2025-04-11 12:49:20,711 - Quantum Trading Bot - INFO - Trading signal for MSFT: 0.5650 (source: quantum)
2025-04-11 12:49:20,711 - Quantum Trading Bot - INFO - HOLD signal for MSFT (score: 0.5650, source: quantum)
2025-04-11 12:49:20,713 - Quantum Trading Bot - INFO - Processing NVDA
2025-04-11 12:49:20,713 - Quantum Trading Bot - INFO - Mock halal compliance check for NVDA: COMPLIANT
2025-04-11 12:49:20,721 - Quantum Trading Bot - INFO - Quantum device error rate: 0.0546
2025-04-11 12:49:20,730 - Quantum Trading Bot - INFO - Quantum prediction for NVDA: 0.6051 (confidence: 0.9454)
2025-04-11 12:49:20,730 - Quantum Trading Bot - INFO - Trading signal for NVDA: 0.6051 (source: quantum)
2025-04-11 12:49:20,730 - Quantum Trading Bot - INFO - HOLD signal for NVDA (score: 0.6051, source: quantum)
2025-04-11 12:49:20,741 - Quantum Trading Bot - INFO - Performance metrics saved: 40/72 winning trades
2025-04-11 12:49:20,741 - Quantum Trading Bot - INFO - Quantum prediction accuracy: 0.00
2025-04-11 12:49:20,741 - Quantum Trading Bot - INFO - Sleeping for 60 seconds
2025-04-11 12:50:11,442 - Trading System - INFO - Trading Bot is alive: True
2025-04-11 12:50:11,445 - Trading System - INFO - Monitor Bot is alive: True
2025-04-11 12:50:11,445 - Trading System - INFO - Improvement Bot is alive: True
2025-04-11 12:50:20,751 - Quantum Trading Bot - INFO - Starting trading cycle
2025-04-11 12:50:20,752 - Quantum Trading Bot - INFO - Processing AAPL
2025-04-11 12:50:20,752 - Quantum Trading Bot - INFO - Mock halal compliance check for AAPL: COMPLIANT
2025-04-11 12:50:20,784 - Quantum Trading Bot - INFO - Quantum device error rate: 0.0342
2025-04-11 12:50:20,791 - Quantum Trading Bot - INFO - Quantum prediction for AAPL: 0.5210 (confidence: 0.7726)
2025-04-11 12:50:20,791 - Quantum Trading Bot - INFO - Trading signal for AAPL: 0.5210 (source: quantum)
2025-04-11 12:50:20,791 - Quantum Trading Bot - INFO - HOLD signal for AAPL (score: 0.5210, source: quantum)
2025-04-11 12:50:20,794 - Quantum Trading Bot - INFO - Processing MSFT
2025-04-11 12:50:20,794 - Quantum Trading Bot - INFO - Mock halal compliance check for MSFT: COMPLIANT
2025-04-11 12:50:20,803 - Quantum Trading Bot - INFO - Quantum device error rate: 0.0384
2025-04-11 12:50:20,806 - Quantum Trading Bot - INFO - Quantum prediction for MSFT: 0.5030 (confidence: 0.7693)
2025-04-11 12:50:20,806 - Quantum Trading Bot - INFO - Trading signal for MSFT: 0.5030 (source: quantum)
2025-04-11 12:50:20,806 - Quantum Trading Bot - INFO - HOLD signal for MSFT (score: 0.5030, source: quantum)
2025-04-11 12:50:20,809 - Quantum Trading Bot - INFO - Processing NVDA
2025-04-11 12:50:20,809 - Quantum Trading Bot - INFO - Mock halal compliance check for NVDA: COMPLIANT
2025-04-11 12:50:20,817 - Quantum Trading Bot - INFO - Quantum device error rate: 0.0525
2025-04-11 12:50:20,825 - Quantum Trading Bot - INFO - Quantum prediction for NVDA: 0.1941 (confidence: 0.9475)
2025-04-11 12:50:20,825 - Quantum Trading Bot - INFO - Trading signal for NVDA: 0.1941 (source: quantum)
2025-04-11 12:50:20,825 - Quantum Trading Bot - INFO - SELL signal for NVDA (score: 0.1941, source: quantum)
2025-04-11 12:50:20,826 - Quantum Trading Bot - WARNING - Cannot sell NVDA - no position
2025-04-11 12:50:20,837 - Quantum Trading Bot - INFO - Performance metrics saved: 40/72 winning trades
2025-04-11 12:50:20,837 - Quantum Trading Bot - INFO - Quantum prediction accuracy: 0.00
2025-04-11 12:50:20,837 - Quantum Trading Bot - INFO - Sleeping for 60 seconds
2025-04-11 12:51:39,963 - Trading System - INFO - Trading Bot is alive: True
2025-04-11 12:51:39,964 - Trading System - INFO - Monitor Bot is alive: True
2025-04-11 12:51:39,965 - Trading System - INFO - Improvement Bot is alive: True
2025-04-11 13:08:55,237 - Quantum Trading Bot - INFO - Starting trading cycle
2025-04-11 13:08:55,238 - Quantum Trading Bot - INFO - Processing AAPL
2025-04-11 13:08:55,238 - Quantum Trading Bot - INFO - Mock halal compliance check for AAPL: COMPLIANT
2025-04-11 13:08:55,273 - Quantum Trading Bot - INFO - Quantum device error rate: 0.0588
2025-04-11 13:08:55,286 - Quantum Trading Bot - INFO - Quantum prediction for AAPL: 0.4490 (confidence: 0.7530)
2025-04-11 13:08:55,286 - Quantum Trading Bot - INFO - Trading signal for AAPL: 0.4490 (source: quantum)
2025-04-11 13:08:55,286 - Quantum Trading Bot - INFO - HOLD signal for AAPL (score: 0.4490, source: quantum)
2025-04-11 13:08:55,288 - Quantum Trading Bot - INFO - Processing MSFT
2025-04-11 13:08:55,288 - Quantum Trading Bot - INFO - Mock halal compliance check for MSFT: COMPLIANT
2025-04-11 13:08:55,297 - Quantum Trading Bot - INFO - Quantum device error rate: 0.0414
2025-04-11 13:08:55,300 - Quantum Trading Bot - INFO - Quantum prediction for MSFT: 0.2650 (confidence: 0.9586)
2025-04-11 13:08:55,300 - Quantum Trading Bot - INFO - Trading signal for MSFT: 0.2650 (source: quantum)
2025-04-11 13:08:55,300 - Quantum Trading Bot - INFO - SELL signal for MSFT (score: 0.2650, source: quantum)
2025-04-11 13:08:55,301 - Quantum Trading Bot - WARNING - Cannot sell MSFT - no position
2025-04-11 13:08:55,303 - Quantum Trading Bot - INFO - Processing NVDA
2025-04-11 13:08:55,303 - Quantum Trading Bot - INFO - Mock halal compliance check for NVDA: COMPLIANT
2025-04-11 13:08:55,311 - Quantum Trading Bot - INFO - Quantum device error rate: 0.0534
2025-04-11 13:08:55,318 - Quantum Trading Bot - INFO - Quantum prediction for NVDA: 0.2781 (confidence: 0.9466)
2025-04-11 13:08:55,318 - Quantum Trading Bot - INFO - Trading signal for NVDA: 0.2781 (source: quantum)
2025-04-11 13:08:55,318 - Quantum Trading Bot - INFO - SELL signal for NVDA (score: 0.2781, source: quantum)
2025-04-11 13:08:55,319 - Quantum Trading Bot - WARNING - Cannot sell NVDA - no position
2025-04-11 13:08:55,448 - Quantum Trading Bot - INFO - Performance metrics saved: 40/72 winning trades
2025-04-11 13:08:55,448 - Quantum Trading Bot - INFO - Quantum prediction accuracy: 0.00
2025-04-11 13:08:55,448 - Quantum Trading Bot - INFO - Sleeping for 60 seconds
2025-04-11 13:09:45,854 - Trading System - INFO - Trading Bot is alive: True
2025-04-11 13:09:45,857 - Trading System - INFO - Monitor Bot is alive: True
2025-04-11 13:09:45,857 - Trading System - INFO - Improvement Bot is alive: True
2025-04-11 13:09:55,455 - Quantum Trading Bot - INFO - Starting trading cycle
2025-04-11 13:09:55,455 - Quantum Trading Bot - INFO - Processing AAPL
2025-04-11 13:09:55,456 - Quantum Trading Bot - INFO - Mock halal compliance check for AAPL: COMPLIANT
2025-04-11 13:09:55,487 - Quantum Trading Bot - INFO - Quantum device error rate: 0.0270
2025-04-11 13:09:55,493 - Quantum Trading Bot - INFO - Quantum prediction for AAPL: 0.6240 (confidence: 0.9730)
2025-04-11 13:09:55,493 - Quantum Trading Bot - INFO - Trading signal for AAPL: 0.6240 (source: quantum)
2025-04-11 13:09:55,493 - Quantum Trading Bot - INFO - HOLD signal for AAPL (score: 0.6240, source: quantum)
2025-04-11 13:09:55,496 - Quantum Trading Bot - INFO - Processing MSFT
2025-04-11 13:09:55,496 - Quantum Trading Bot - INFO - Mock halal compliance check for MSFT: COMPLIANT
2025-04-11 13:09:55,506 - Quantum Trading Bot - INFO - Quantum device error rate: 0.0390
2025-04-11 13:09:55,509 - Quantum Trading Bot - INFO - Quantum prediction for MSFT: 0.3850 (confidence: 0.9610)
2025-04-11 13:09:55,509 - Quantum Trading Bot - INFO - Trading signal for MSFT: 0.3850 (source: quantum)
2025-04-11 13:09:55,509 - Quantum Trading Bot - INFO - HOLD signal for MSFT (score: 0.3850, source: quantum)
2025-04-11 13:09:55,511 - Quantum Trading Bot - INFO - Processing NVDA
2025-04-11 13:09:55,511 - Quantum Trading Bot - INFO - Mock halal compliance check for NVDA: COMPLIANT
2025-04-11 13:09:55,520 - Quantum Trading Bot - INFO - Quantum device error rate: 0.0444
2025-04-11 13:09:55,522 - Quantum Trading Bot - INFO - Quantum prediction for NVDA: 0.6600 (confidence: 0.9556)
2025-04-11 13:09:55,522 - Quantum Trading Bot - INFO - Trading signal for NVDA: 0.6600 (source: quantum)
2025-04-11 13:09:55,522 - Quantum Trading Bot - INFO - HOLD signal for NVDA (score: 0.6600, source: quantum)
2025-04-11 13:09:55,534 - Quantum Trading Bot - INFO - Performance metrics saved: 40/72 winning trades
2025-04-11 13:09:55,534 - Quantum Trading Bot - INFO - Quantum prediction accuracy: 0.00
2025-04-11 13:09:55,534 - Quantum Trading Bot - INFO - Sleeping for 60 seconds
2025-04-11 13:14:04,809 - Trading System - INFO - Trading Bot is alive: True
2025-04-11 13:14:04,810 - Trading System - INFO - Monitor Bot is alive: True
2025-04-11 13:14:04,810 - Trading System - INFO - Improvement Bot is alive: True
2025-04-11 13:14:14,486 - Quantum Trading Bot - INFO - Starting trading cycle
2025-04-11 13:14:14,486 - Quantum Trading Bot - INFO - Processing AAPL
2025-04-11 13:14:14,486 - Quantum Trading Bot - INFO - Mock halal compliance check for AAPL: COMPLIANT
2025-04-11 13:14:14,510 - Quantum Trading Bot - INFO - Quantum device error rate: 0.0342
2025-04-11 13:14:14,516 - Quantum Trading Bot - INFO - Quantum prediction for AAPL: 0.6710 (confidence: 0.9658)
2025-04-11 13:14:14,516 - Quantum Trading Bot - INFO - Trading signal for AAPL: 0.6710 (source: quantum)
2025-04-11 13:14:14,516 - Quantum Trading Bot - INFO - HOLD signal for AAPL (score: 0.6710, source: quantum)
2025-04-11 13:14:14,520 - Quantum Trading Bot - INFO - Processing MSFT
2025-04-11 13:14:14,520 - Quantum Trading Bot - INFO - Mock halal compliance check for MSFT: COMPLIANT
2025-04-11 13:14:14,529 - Quantum Trading Bot - INFO - Quantum device error rate: 0.0270
2025-04-11 13:14:14,533 - Quantum Trading Bot - INFO - Quantum prediction for MSFT: 0.4510 (confidence: 0.7784)
2025-04-11 13:14:14,533 - Quantum Trading Bot - INFO - Trading signal for MSFT: 0.4510 (source: quantum)
2025-04-11 13:14:14,533 - Quantum Trading Bot - INFO - HOLD signal for MSFT (score: 0.4510, source: quantum)
2025-04-11 13:14:14,535 - Quantum Trading Bot - INFO - Processing NVDA
2025-04-11 13:14:14,535 - Quantum Trading Bot - INFO - Mock halal compliance check for NVDA: COMPLIANT
2025-04-11 13:14:14,543 - Quantum Trading Bot - INFO - Quantum device error rate: 0.0273
2025-04-11 13:14:14,546 - Quantum Trading Bot - INFO - Quantum prediction for NVDA: 0.2800 (confidence: 0.9727)
2025-04-11 13:14:14,546 - Quantum Trading Bot - INFO - Trading signal for NVDA: 0.2800 (source: quantum)
2025-04-11 13:14:14,546 - Quantum Trading Bot - INFO - SELL signal for NVDA (score: 0.2800, source: quantum)
2025-04-11 13:14:14,547 - Quantum Trading Bot - WARNING - Cannot sell NVDA - no position
2025-04-11 13:14:14,559 - Quantum Trading Bot - INFO - Performance metrics saved: 40/72 winning trades
2025-04-11 13:14:14,559 - Quantum Trading Bot - INFO - Quantum prediction accuracy: 0.00
2025-04-11 13:14:14,559 - Quantum Trading Bot - INFO - Sleeping for 60 seconds
2025-04-11 13:19:17,195 - Trading System - INFO - Trading Bot is alive: True
2025-04-11 13:19:17,197 - Trading System - INFO - Monitor Bot is alive: True
2025-04-11 13:19:17,197 - Trading System - INFO - Improvement Bot is alive: True
2025-04-11 13:19:26,944 - Quantum Trading Bot - INFO - Starting trading cycle
2025-04-11 13:19:26,944 - Quantum Trading Bot - INFO - Processing AAPL
2025-04-11 13:19:26,944 - Quantum Trading Bot - INFO - Mock halal compliance check for AAPL: COMPLIANT
2025-04-11 13:19:26,966 - Quantum Trading Bot - INFO - Quantum device error rate: 0.0336
2025-04-11 13:19:26,971 - Quantum Trading Bot - INFO - Quantum prediction for AAPL: 0.9250 (confidence: 0.9664)
2025-04-11 13:19:26,971 - Quantum Trading Bot - INFO - Trading signal for AAPL: 0.9250 (source: quantum)
2025-04-11 13:19:26,971 - Quantum Trading Bot - INFO - HOLD signal for AAPL (score: 0.9250, source: quantum)
2025-04-11 13:19:26,974 - Quantum Trading Bot - INFO - Processing MSFT
2025-04-11 13:19:26,974 - Quantum Trading Bot - INFO - Mock halal compliance check for MSFT: COMPLIANT
2025-04-11 13:19:26,984 - Quantum Trading Bot - INFO - Quantum device error rate: 0.0414
2025-04-11 13:19:26,988 - Quantum Trading Bot - INFO - Quantum prediction for MSFT: 0.7430 (confidence: 0.9586)
2025-04-11 13:19:26,988 - Quantum Trading Bot - INFO - Trading signal for MSFT: 0.7430 (source: quantum)
2025-04-11 13:19:26,988 - Quantum Trading Bot - INFO - HOLD signal for MSFT (score: 0.7430, source: quantum)
2025-04-11 13:19:26,990 - Quantum Trading Bot - INFO - Processing NVDA
2025-04-11 13:19:26,991 - Quantum Trading Bot - INFO - Mock halal compliance check for NVDA: COMPLIANT
2025-04-11 13:19:26,999 - Quantum Trading Bot - INFO - Quantum device error rate: 0.0354
2025-04-11 13:19:27,002 - Quantum Trading Bot - INFO - Quantum prediction for NVDA: 0.6730 (confidence: 0.9646)
2025-04-11 13:19:27,002 - Quantum Trading Bot - INFO - Trading signal for NVDA: 0.6730 (source: quantum)
2025-04-11 13:19:27,002 - Quantum Trading Bot - INFO - HOLD signal for NVDA (score: 0.6730, source: quantum)
2025-04-11 13:19:27,013 - Quantum Trading Bot - INFO - Performance metrics saved: 40/72 winning trades
2025-04-11 13:19:27,013 - Quantum Trading Bot - INFO - Quantum prediction accuracy: 0.00
2025-04-11 13:19:27,013 - Quantum Trading Bot - INFO - Sleeping for 60 seconds
2025-04-11 13:24:30,202 - Trading System - INFO - Trading Bot is alive: True
2025-04-11 13:24:30,203 - Trading System - INFO - Monitor Bot is alive: True
2025-04-11 13:24:30,203 - Trading System - INFO - Improvement Bot is alive: True
2025-04-11 13:28:53,111 - Quantum Trading Bot - INFO - Starting trading cycle
2025-04-11 13:28:53,176 - Quantum Trading Bot - INFO - Processing AAPL
2025-04-11 13:28:53,176 - Quantum Trading Bot - INFO - Mock halal compliance check for AAPL: COMPLIANT
2025-04-11 13:28:53,203 - Quantum Trading Bot - INFO - Quantum device error rate: 0.0321
2025-04-11 13:28:53,213 - Quantum Trading Bot - INFO - Quantum prediction for AAPL: 0.3760 (confidence: 0.9679)
2025-04-11 13:28:53,213 - Quantum Trading Bot - INFO - Trading signal for AAPL: 0.3760 (source: quantum)
2025-04-11 13:28:53,213 - Quantum Trading Bot - INFO - HOLD signal for AAPL (score: 0.3760, source: quantum)
2025-04-11 13:28:53,215 - Quantum Trading Bot - INFO - Processing MSFT
2025-04-11 13:28:53,215 - Quantum Trading Bot - INFO - Mock halal compliance check for MSFT: COMPLIANT
2025-04-11 13:28:53,224 - Quantum Trading Bot - INFO - Quantum device error rate: 0.0456
2025-04-11 13:28:53,227 - Quantum Trading Bot - INFO - Quantum prediction for MSFT: 0.7800 (confidence: 0.9544)
2025-04-11 13:28:53,227 - Quantum Trading Bot - INFO - Trading signal for MSFT: 0.7800 (source: quantum)
2025-04-11 13:28:53,227 - Quantum Trading Bot - INFO - HOLD signal for MSFT (score: 0.7800, source: quantum)
2025-04-11 13:28:53,229 - Quantum Trading Bot - INFO - Processing NVDA
2025-04-11 13:28:53,229 - Quantum Trading Bot - INFO - Mock halal compliance check for NVDA: COMPLIANT
2025-04-11 13:28:53,240 - Quantum Trading Bot - INFO - Quantum device error rate: 0.0420
2025-04-11 13:28:53,244 - Quantum Trading Bot - INFO - Quantum prediction for NVDA: 0.4470 (confidence: 0.7664)
2025-04-11 13:28:53,244 - Quantum Trading Bot - INFO - Trading signal for NVDA: 0.4470 (source: quantum)
2025-04-11 13:28:53,244 - Quantum Trading Bot - INFO - HOLD signal for NVDA (score: 0.4470, source: quantum)
2025-04-11 13:28:53,255 - Quantum Trading Bot - INFO - Performance metrics saved: 40/72 winning trades
2025-04-11 13:28:53,255 - Quantum Trading Bot - INFO - Quantum prediction accuracy: 0.00
2025-04-11 13:28:53,255 - Quantum Trading Bot - INFO - Sleeping for 60 seconds
2025-04-11 13:33:56,223 - Trading System - INFO - Trading Bot is alive: True
2025-04-11 13:33:56,224 - Trading System - INFO - Monitor Bot is alive: True
2025-04-11 13:33:56,224 - Trading System - INFO - Improvement Bot is alive: True
2025-04-11 13:34:06,263 - Quantum Trading Bot - INFO - Starting trading cycle
2025-04-11 13:34:06,264 - Quantum Trading Bot - INFO - Processing AAPL
2025-04-11 13:34:06,264 - Quantum Trading Bot - INFO - Mock halal compliance check for AAPL: COMPLIANT
2025-04-11 13:34:06,295 - Quantum Trading Bot - INFO - Quantum device error rate: 0.0312
2025-04-11 13:34:06,301 - Quantum Trading Bot - INFO - Quantum prediction for AAPL: 0.3580 (confidence: 0.9688)
2025-04-11 13:34:06,301 - Quantum Trading Bot - INFO - Trading signal for AAPL: 0.3580 (source: quantum)
2025-04-11 13:34:06,301 - Quantum Trading Bot - INFO - HOLD signal for AAPL (score: 0.3580, source: quantum)
2025-04-11 13:34:06,304 - Quantum Trading Bot - INFO - Processing MSFT
2025-04-11 13:34:06,304 - Quantum Trading Bot - INFO - Mock halal compliance check for MSFT: COMPLIANT
2025-04-11 13:34:06,314 - Quantum Trading Bot - INFO - Quantum device error rate: 0.0315
2025-04-11 13:34:06,317 - Quantum Trading Bot - INFO - Quantum prediction for MSFT: 0.8850 (confidence: 0.9685)
2025-04-11 13:34:06,317 - Quantum Trading Bot - INFO - Trading signal for MSFT: 0.8850 (source: quantum)
2025-04-11 13:34:06,317 - Quantum Trading Bot - INFO - HOLD signal for MSFT (score: 0.8850, source: quantum)
2025-04-11 13:34:06,320 - Quantum Trading Bot - INFO - Processing NVDA
2025-04-11 13:34:06,320 - Quantum Trading Bot - INFO - Mock halal compliance check for NVDA: COMPLIANT
2025-04-11 13:34:06,328 - Quantum Trading Bot - INFO - Quantum device error rate: 0.0399
2025-04-11 13:34:06,331 - Quantum Trading Bot - INFO - Quantum prediction for NVDA: 0.9110 (confidence: 0.9601)
2025-04-11 13:34:06,331 - Quantum Trading Bot - INFO - Trading signal for NVDA: 0.9110 (source: quantum)
2025-04-11 13:34:06,331 - Quantum Trading Bot - INFO - HOLD signal for NVDA (score: 0.9110, source: quantum)
2025-04-11 13:34:06,343 - Quantum Trading Bot - INFO - Performance metrics saved: 40/72 winning trades
2025-04-11 13:34:06,343 - Quantum Trading Bot - INFO - Quantum prediction accuracy: 0.00
2025-04-11 13:34:06,343 - Quantum Trading Bot - INFO - Sleeping for 60 seconds
2025-04-11 13:38:53,268 - Trading System - INFO - Trading Bot is alive: True
2025-04-11 13:38:53,268 - Trading System - INFO - Monitor Bot is alive: True
2025-04-11 13:38:53,269 - Trading System - INFO - Improvement Bot is alive: True
2025-04-11 13:39:03,383 - Quantum Trading Bot - INFO - Starting trading cycle
2025-04-11 13:39:03,383 - Quantum Trading Bot - INFO - Processing AAPL
2025-04-11 13:39:03,383 - Quantum Trading Bot - INFO - Mock halal compliance check for AAPL: COMPLIANT
2025-04-11 13:39:03,405 - Quantum Trading Bot - INFO - Quantum device error rate: 0.0333
2025-04-11 13:39:03,411 - Quantum Trading Bot - INFO - Quantum prediction for AAPL: 0.5940 (confidence: 0.7734)
2025-04-11 13:39:03,411 - Quantum Trading Bot - INFO - Trading signal for AAPL: 0.5940 (source: quantum)
2025-04-11 13:39:03,411 - Quantum Trading Bot - INFO - HOLD signal for AAPL (score: 0.5940, source: quantum)
2025-04-11 13:39:03,415 - Quantum Trading Bot - INFO - Processing MSFT
2025-04-11 13:39:03,415 - Quantum Trading Bot - INFO - Mock halal compliance check for MSFT: COMPLIANT
2025-04-11 13:39:03,425 - Quantum Trading Bot - INFO - Quantum device error rate: 0.0381
2025-04-11 13:39:03,428 - Quantum Trading Bot - INFO - Quantum prediction for MSFT: 0.7060 (confidence: 0.9619)
2025-04-11 13:39:03,428 - Quantum Trading Bot - INFO - Trading signal for MSFT: 0.7060 (source: quantum)
2025-04-11 13:39:03,428 - Quantum Trading Bot - INFO - HOLD signal for MSFT (score: 0.7060, source: quantum)
2025-04-11 13:39:03,431 - Quantum Trading Bot - INFO - Processing NVDA
2025-04-11 13:39:03,431 - Quantum Trading Bot - INFO - Mock halal compliance check for NVDA: COMPLIANT
2025-04-11 13:39:03,439 - Quantum Trading Bot - INFO - Quantum device error rate: 0.0279
2025-04-11 13:39:03,442 - Quantum Trading Bot - INFO - Quantum prediction for NVDA: 0.6440 (confidence: 0.9721)
2025-04-11 13:39:03,442 - Quantum Trading Bot - INFO - Trading signal for NVDA: 0.6440 (source: quantum)
2025-04-11 13:39:03,442 - Quantum Trading Bot - INFO - HOLD signal for NVDA (score: 0.6440, source: quantum)
2025-04-11 13:39:03,454 - Quantum Trading Bot - INFO - Performance metrics saved: 40/72 winning trades
2025-04-11 13:39:03,454 - Quantum Trading Bot - INFO - Quantum prediction accuracy: 0.00
2025-04-11 13:39:03,454 - Quantum Trading Bot - INFO - Sleeping for 60 seconds
2025-04-11 13:44:06,269 - Trading System - INFO - Trading Bot is alive: True
2025-04-11 13:44:06,270 - Trading System - INFO - Monitor Bot is alive: True
2025-04-11 13:44:06,270 - Trading System - INFO - Improvement Bot is alive: True
2025-04-11 13:44:07,387 - Monitor Bot - INFO - Running scheduled task: Quantum System Health Check
2025-04-11 13:44:07,387 - Monitor Bot - INFO - Monitoring quantum system health
2025-04-11 13:44:07,389 - Monitor Bot - INFO - Average quantum error rate: 0.0341
2025-04-11 13:44:07,391 - Monitor Bot - INFO - Task Quantum System Health Check completed successfully
2025-04-11 13:44:07,392 - Monitor Bot - INFO - Running scheduled task: Performance Metrics
2025-04-11 13:44:07,398 - Monitor Bot - INFO - === Performance Metrics ===
2025-04-11 13:44:07,398 - Monitor Bot - INFO - Date: 2025-04-11T13:39:03.444277
2025-04-11 13:44:07,398 - Monitor Bot - INFO - Total Trades: 72
2025-04-11 13:44:07,398 - Monitor Bot - INFO - Win Rate: 55.56%
2025-04-11 13:44:07,398 - Monitor Bot - INFO - Total Profit: $18.27
2025-04-11 13:44:07,398 - Monitor Bot - INFO - Average Profit per Trade: $0.25
2025-04-11 13:44:07,399 - Monitor Bot - INFO - Average Profit Percentage: 0.09%
2025-04-11 13:44:07,399 - Monitor Bot - INFO - Maximum Drawdown: 0.10%
2025-04-11 13:44:07,399 - Monitor Bot - INFO - Quantum Prediction Accuracy: 0.00%
2025-04-11 13:44:07,399 - Monitor Bot - INFO - ============================
2025-04-11 13:44:07,408 - Monitor Bot - INFO - Task Performance Metrics completed successfully
2025-04-11 13:44:16,452 - Quantum Trading Bot - INFO - Starting trading cycle
2025-04-11 13:44:16,453 - Quantum Trading Bot - INFO - Processing AAPL
2025-04-11 13:44:16,453 - Quantum Trading Bot - INFO - Mock halal compliance check for AAPL: COMPLIANT
2025-04-11 13:44:16,469 - Quantum Trading Bot - INFO - Quantum device error rate: 0.0405
2025-04-11 13:44:16,473 - Quantum Trading Bot - INFO - Quantum prediction for AAPL: 0.4840 (confidence: 0.7676)
2025-04-11 13:44:16,473 - Quantum Trading Bot - INFO - Trading signal for AAPL: 0.4840 (source: quantum)
2025-04-11 13:44:16,473 - Quantum Trading Bot - INFO - HOLD signal for AAPL (score: 0.4840, source: quantum)
2025-04-11 13:44:16,476 - Quantum Trading Bot - INFO - Processing MSFT
2025-04-11 13:44:16,476 - Quantum Trading Bot - INFO - Mock halal compliance check for MSFT: COMPLIANT
2025-04-11 13:44:16,485 - Quantum Trading Bot - INFO - Quantum device error rate: 0.0480
2025-04-11 13:44:16,488 - Quantum Trading Bot - INFO - Quantum prediction for MSFT: 0.3340 (confidence: 0.9520)
2025-04-11 13:44:16,488 - Quantum Trading Bot - INFO - Trading signal for MSFT: 0.3340 (source: quantum)
2025-04-11 13:44:16,488 - Quantum Trading Bot - INFO - HOLD signal for MSFT (score: 0.3340, source: quantum)
2025-04-11 13:44:16,490 - Quantum Trading Bot - INFO - Processing NVDA
2025-04-11 13:44:16,491 - Quantum Trading Bot - INFO - Mock halal compliance check for NVDA: COMPLIANT
2025-04-11 13:44:16,498 - Quantum Trading Bot - INFO - Quantum device error rate: 0.0306
2025-04-11 13:44:16,501 - Quantum Trading Bot - INFO - Quantum prediction for NVDA: 0.4860 (confidence: 0.7755)
2025-04-11 13:44:16,501 - Quantum Trading Bot - INFO - Trading signal for NVDA: 0.4860 (source: quantum)
2025-04-11 13:44:16,501 - Quantum Trading Bot - INFO - HOLD signal for NVDA (score: 0.4860, source: quantum)
2025-04-11 13:44:16,514 - Quantum Trading Bot - INFO - Performance metrics saved: 40/72 winning trades
2025-04-11 13:44:16,514 - Quantum Trading Bot - INFO - Quantum prediction accuracy: 0.00
2025-04-11 13:44:16,514 - Quantum Trading Bot - INFO - Sleeping for 60 seconds
2025-04-11 13:49:19,267 - Trading System - INFO - Trading Bot is alive: True
2025-04-11 13:49:19,268 - Trading System - INFO - Monitor Bot is alive: True
2025-04-11 13:49:19,268 - Trading System - INFO - Improvement Bot is alive: True
2025-04-11 13:49:29,505 - Quantum Trading Bot - INFO - Starting trading cycle
2025-04-11 13:49:29,505 - Quantum Trading Bot - INFO - Processing AAPL
2025-04-11 13:49:29,505 - Quantum Trading Bot - INFO - Mock halal compliance check for AAPL: COMPLIANT
2025-04-11 13:49:29,522 - Quantum Trading Bot - INFO - Quantum device error rate: 0.0246
2025-04-11 13:49:29,528 - Quantum Trading Bot - INFO - Quantum prediction for AAPL: 0.5590 (confidence: 0.7803)
2025-04-11 13:49:29,528 - Quantum Trading Bot - INFO - Trading signal for AAPL: 0.5590 (source: quantum)
2025-04-11 13:49:29,528 - Quantum Trading Bot - INFO - HOLD signal for AAPL (score: 0.5590, source: quantum)
2025-04-11 13:49:29,531 - Quantum Trading Bot - INFO - Processing MSFT
2025-04-11 13:49:29,531 - Quantum Trading Bot - INFO - Mock halal compliance check for MSFT: COMPLIANT
2025-04-11 13:49:29,540 - Quantum Trading Bot - INFO - Quantum device error rate: 0.0390
2025-04-11 13:49:29,543 - Quantum Trading Bot - INFO - Quantum prediction for MSFT: 0.2810 (confidence: 0.9610)
2025-04-11 13:49:29,543 - Quantum Trading Bot - INFO - Trading signal for MSFT: 0.2810 (source: quantum)
2025-04-11 13:49:29,543 - Quantum Trading Bot - INFO - SELL signal for MSFT (score: 0.2810, source: quantum)
2025-04-11 13:49:29,544 - Quantum Trading Bot - WARNING - Cannot sell MSFT - no position
2025-04-11 13:49:29,546 - Quantum Trading Bot - INFO - Processing NVDA
2025-04-11 13:49:29,546 - Quantum Trading Bot - INFO - Mock halal compliance check for NVDA: COMPLIANT
2025-04-11 13:49:29,554 - Quantum Trading Bot - INFO - Quantum device error rate: 0.0411
2025-04-11 13:49:29,556 - Quantum Trading Bot - INFO - Quantum prediction for NVDA: 0.5000 (confidence: 0.7671)
2025-04-11 13:49:29,556 - Quantum Trading Bot - INFO - Trading signal for NVDA: 0.5000 (source: quantum)
2025-04-11 13:49:29,556 - Quantum Trading Bot - INFO - HOLD signal for NVDA (score: 0.5000, source: quantum)
2025-04-11 13:49:29,568 - Quantum Trading Bot - INFO - Performance metrics saved: 40/72 winning trades
2025-04-11 13:49:29,568 - Quantum Trading Bot - INFO - Quantum prediction accuracy: 0.00
2025-04-11 13:49:29,568 - Quantum Trading Bot - INFO - Sleeping for 60 seconds
2025-04-11 13:54:32,280 - Trading System - INFO - Trading Bot is alive: True
2025-04-11 13:54:32,281 - Trading System - INFO - Monitor Bot is alive: True
2025-04-11 13:54:32,282 - Trading System - INFO - Improvement Bot is alive: True
2025-04-11 13:58:55,656 - Quantum Trading Bot - INFO - Starting trading cycle
2025-04-11 13:58:55,657 - Quantum Trading Bot - INFO - Processing AAPL
2025-04-11 13:58:55,657 - Quantum Trading Bot - INFO - Mock halal compliance check for AAPL: COMPLIANT
2025-04-11 13:58:55,671 - Quantum Trading Bot - INFO - Quantum device error rate: 0.0306
2025-04-11 13:58:55,676 - Quantum Trading Bot - INFO - Quantum prediction for AAPL: 0.2590 (confidence: 0.9694)
2025-04-11 13:58:55,676 - Quantum Trading Bot - INFO - Trading signal for AAPL: 0.2590 (source: quantum)
2025-04-11 13:58:55,676 - Quantum Trading Bot - INFO - SELL signal for AAPL (score: 0.2590, source: quantum)
2025-04-11 13:58:55,677 - Quantum Trading Bot - WARNING - Cannot sell AAPL - no position
2025-04-11 13:58:55,679 - Quantum Trading Bot - INFO - Processing MSFT
2025-04-11 13:58:55,679 - Quantum Trading Bot - INFO - Mock halal compliance check for MSFT: COMPLIANT
2025-04-11 13:58:55,688 - Quantum Trading Bot - INFO - Quantum device error rate: 0.0381
2025-04-11 13:58:55,691 - Quantum Trading Bot - INFO - Quantum prediction for MSFT: 0.7690 (confidence: 0.9619)
2025-04-11 13:58:55,691 - Quantum Trading Bot - INFO - Trading signal for MSFT: 0.7690 (source: quantum)
2025-04-11 13:58:55,691 - Quantum Trading Bot - INFO - HOLD signal for MSFT (score: 0.7690, source: quantum)
2025-04-11 13:58:55,693 - Quantum Trading Bot - INFO - Processing NVDA
2025-04-11 13:58:55,693 - Quantum Trading Bot - INFO - Mock halal compliance check for NVDA: COMPLIANT
2025-04-11 13:58:55,701 - Quantum Trading Bot - INFO - Quantum device error rate: 0.0450
2025-04-11 13:58:55,704 - Quantum Trading Bot - INFO - Quantum prediction for NVDA: 0.4300 (confidence: 0.7640)
2025-04-11 13:58:55,704 - Quantum Trading Bot - INFO - Trading signal for NVDA: 0.4300 (source: quantum)
2025-04-11 13:58:55,704 - Quantum Trading Bot - INFO - HOLD signal for NVDA (score: 0.4300, source: quantum)
2025-04-11 13:58:55,715 - Quantum Trading Bot - INFO - Performance metrics saved: 40/72 winning trades
2025-04-11 13:58:55,715 - Quantum Trading Bot - INFO - Quantum prediction accuracy: 0.00
2025-04-11 13:58:55,725 - Quantum Trading Bot - INFO - Quantum device error rate: 0.0330
2025-04-11 13:58:55,727 - Quantum Trading Bot - INFO - Quantum portfolio optimization complete: {'AAPL': np.float64(0.3365885416666667), 'MSFT': np.float64(0.31705729166666663), 'NVDA': np.float64(0.3463541666666667)}
2025-04-11 13:58:55,727 - Quantum Trading Bot - INFO - Optimal portfolio weights: {'AAPL': np.float64(0.3365885416666667), 'MSFT': np.float64(0.31705729166666663), 'NVDA': np.float64(0.3463541666666667)}
2025-04-11 13:58:55,728 - Quantum Trading Bot - INFO - Sleeping for 60 seconds
2025-04-11 14:03:58,361 - Trading System - INFO - Trading Bot is alive: True
2025-04-11 14:03:58,363 - Trading System - INFO - Monitor Bot is alive: True
2025-04-11 14:03:58,363 - Trading System - INFO - Improvement Bot is alive: True
2025-04-11 14:04:08,730 - Quantum Trading Bot - INFO - Starting trading cycle
2025-04-11 14:04:08,730 - Quantum Trading Bot - INFO - Processing AAPL
2025-04-11 14:04:08,730 - Quantum Trading Bot - INFO - Mock halal compliance check for AAPL: COMPLIANT
2025-04-11 14:04:08,755 - Quantum Trading Bot - INFO - Quantum device error rate: 0.0426
2025-04-11 14:04:08,761 - Quantum Trading Bot - INFO - Quantum prediction for AAPL: 0.7360 (confidence: 0.9574)
2025-04-11 14:04:08,761 - Quantum Trading Bot - INFO - Trading signal for AAPL: 0.7360 (source: quantum)
2025-04-11 14:04:08,761 - Quantum Trading Bot - INFO - HOLD signal for AAPL (score: 0.7360, source: quantum)
2025-04-11 14:04:08,763 - Quantum Trading Bot - INFO - Processing MSFT
2025-04-11 14:04:08,763 - Quantum Trading Bot - INFO - Mock halal compliance check for MSFT: COMPLIANT
2025-04-11 14:04:08,772 - Quantum Trading Bot - INFO - Quantum device error rate: 0.0258
2025-04-11 14:04:08,776 - Quantum Trading Bot - INFO - Quantum prediction for MSFT: 0.6990 (confidence: 0.9742)
2025-04-11 14:04:08,776 - Quantum Trading Bot - INFO - Trading signal for MSFT: 0.6990 (source: quantum)
2025-04-11 14:04:08,776 - Quantum Trading Bot - INFO - HOLD signal for MSFT (score: 0.6990, source: quantum)
2025-04-11 14:04:08,778 - Quantum Trading Bot - INFO - Processing NVDA
2025-04-11 14:04:08,778 - Quantum Trading Bot - INFO - Mock halal compliance check for NVDA: COMPLIANT
2025-04-11 14:04:08,786 - Quantum Trading Bot - INFO - Quantum device error rate: 0.0522
2025-04-11 14:04:08,793 - Quantum Trading Bot - INFO - Quantum prediction for NVDA: 0.7542 (confidence: 0.9478)
2025-04-11 14:04:08,793 - Quantum Trading Bot - INFO - Trading signal for NVDA: 0.7542 (source: quantum)
2025-04-11 14:04:08,793 - Quantum Trading Bot - INFO - HOLD signal for NVDA (score: 0.7542, source: quantum)
2025-04-11 14:04:08,805 - Quantum Trading Bot - INFO - Performance metrics saved: 40/72 winning trades
2025-04-11 14:04:08,805 - Quantum Trading Bot - INFO - Quantum prediction accuracy: 0.00
2025-04-11 14:04:08,805 - Quantum Trading Bot - INFO - Sleeping for 60 seconds
2025-04-11 14:09:11,347 - Trading System - INFO - Trading Bot is alive: True
2025-04-11 14:09:11,348 - Trading System - INFO - Monitor Bot is alive: True
2025-04-11 14:09:11,348 - Trading System - INFO - Improvement Bot is alive: True
2025-04-11 14:09:21,783 - Quantum Trading Bot - INFO - Starting trading cycle
2025-04-11 14:09:21,783 - Quantum Trading Bot - INFO - Processing AAPL
2025-04-11 14:09:21,783 - Quantum Trading Bot - INFO - Mock halal compliance check for AAPL: COMPLIANT
2025-04-11 14:09:21,811 - Quantum Trading Bot - INFO - Quantum device error rate: 0.0357
2025-04-11 14:09:21,819 - Quantum Trading Bot - INFO - Quantum prediction for AAPL: 0.8500 (confidence: 0.9643)
2025-04-11 14:09:21,819 - Quantum Trading Bot - INFO - Trading signal for AAPL: 0.8500 (source: quantum)
2025-04-11 14:09:21,819 - Quantum Trading Bot - INFO - HOLD signal for AAPL (score: 0.8500, source: quantum)
2025-04-11 14:09:21,823 - Quantum Trading Bot - INFO - Processing MSFT
2025-04-11 14:09:21,823 - Quantum Trading Bot - INFO - Mock halal compliance check for MSFT: COMPLIANT
2025-04-11 14:09:21,834 - Quantum Trading Bot - INFO - Quantum device error rate: 0.0411
2025-04-11 14:09:21,838 - Quantum Trading Bot - INFO - Quantum prediction for MSFT: 0.3430 (confidence: 0.9589)
2025-04-11 14:09:21,838 - Quantum Trading Bot - INFO - Trading signal for MSFT: 0.3430 (source: quantum)
2025-04-11 14:09:21,838 - Quantum Trading Bot - INFO - HOLD signal for MSFT (score: 0.3430, source: quantum)
2025-04-11 14:09:21,840 - Quantum Trading Bot - INFO - Processing NVDA
2025-04-11 14:09:21,840 - Quantum Trading Bot - INFO - Mock halal compliance check for NVDA: COMPLIANT
2025-04-11 14:09:21,849 - Quantum Trading Bot - INFO - Quantum device error rate: 0.0399
2025-04-11 14:09:21,852 - Quantum Trading Bot - INFO - Quantum prediction for NVDA: 0.4330 (confidence: 0.7681)
2025-04-11 14:09:21,852 - Quantum Trading Bot - INFO - Trading signal for NVDA: 0.4330 (source: quantum)
2025-04-11 14:09:21,852 - Quantum Trading Bot - INFO - HOLD signal for NVDA (score: 0.4330, source: quantum)
2025-04-11 14:09:21,865 - Quantum Trading Bot - INFO - Performance metrics saved: 40/72 winning trades
2025-04-11 14:09:21,865 - Quantum Trading Bot - INFO - Quantum prediction accuracy: 0.00
2025-04-11 14:09:21,865 - Quantum Trading Bot - INFO - Sleeping for 60 seconds
2025-04-11 14:14:25,354 - Trading System - INFO - Trading Bot is alive: True
2025-04-11 14:14:25,356 - Trading System - INFO - Monitor Bot is alive: True
2025-04-11 14:14:25,356 - Trading System - INFO - Improvement Bot is alive: True
2025-04-11 14:14:35,875 - Quantum Trading Bot - INFO - Starting trading cycle
2025-04-11 14:14:35,877 - Quantum Trading Bot - INFO - Processing AAPL
2025-04-11 14:14:35,877 - Quantum Trading Bot - INFO - Mock halal compliance check for AAPL: COMPLIANT
2025-04-11 14:14:35,895 - Quantum Trading Bot - INFO - Quantum device error rate: 0.0330
2025-04-11 14:14:35,899 - Quantum Trading Bot - INFO - Quantum prediction for AAPL: 0.0640 (confidence: 0.9670)
2025-04-11 14:14:35,899 - Quantum Trading Bot - INFO - Trading signal for AAPL: 0.0640 (source: quantum)
2025-04-11 14:14:35,899 - Quantum Trading Bot - INFO - SELL signal for AAPL (score: 0.0640, source: quantum)
2025-04-11 14:14:35,900 - Quantum Trading Bot - WARNING - Cannot sell AAPL - no position
2025-04-11 14:14:35,903 - Quantum Trading Bot - INFO - Processing MSFT
2025-04-11 14:14:35,903 - Quantum Trading Bot - INFO - Mock halal compliance check for MSFT: COMPLIANT
2025-04-11 14:14:35,912 - Quantum Trading Bot - INFO - Quantum device error rate: 0.0303
2025-04-11 14:14:35,915 - Quantum Trading Bot - INFO - Quantum prediction for MSFT: 0.3070 (confidence: 0.9697)
2025-04-11 14:14:35,915 - Quantum Trading Bot - INFO - Trading signal for MSFT: 0.3070 (source: quantum)
2025-04-11 14:14:35,915 - Quantum Trading Bot - INFO - HOLD signal for MSFT (score: 0.3070, source: quantum)
2025-04-11 14:14:35,917 - Quantum Trading Bot - INFO - Processing NVDA
2025-04-11 14:14:35,917 - Quantum Trading Bot - INFO - Mock halal compliance check for NVDA: COMPLIANT
2025-04-11 14:14:35,925 - Quantum Trading Bot - INFO - Quantum device error rate: 0.0354
2025-04-11 14:14:35,929 - Quantum Trading Bot - INFO - Quantum prediction for NVDA: 0.6570 (confidence: 0.9646)
2025-04-11 14:14:35,929 - Quantum Trading Bot - INFO - Trading signal for NVDA: 0.6570 (source: quantum)
2025-04-11 14:14:35,929 - Quantum Trading Bot - INFO - HOLD signal for NVDA (score: 0.6570, source: quantum)
2025-04-11 14:14:35,940 - Quantum Trading Bot - INFO - Performance metrics saved: 40/72 winning trades
2025-04-11 14:14:35,940 - Quantum Trading Bot - INFO - Quantum prediction accuracy: 0.00
2025-04-11 14:14:35,940 - Quantum Trading Bot - INFO - Sleeping for 60 seconds
2025-04-11 14:19:39,356 - Trading System - INFO - Trading Bot is alive: True
2025-04-11 14:19:39,358 - Trading System - INFO - Monitor Bot is alive: True
2025-04-11 14:19:39,358 - Trading System - INFO - Improvement Bot is alive: True
2025-04-11 14:24:04,008 - Quantum Trading Bot - INFO - Starting trading cycle
2025-04-11 14:24:04,009 - Quantum Trading Bot - INFO - Processing AAPL
2025-04-11 14:24:04,009 - Quantum Trading Bot - INFO - Mock halal compliance check for AAPL: COMPLIANT
2025-04-11 14:24:04,046 - Quantum Trading Bot - INFO - Quantum device error rate: 0.0366
2025-04-11 14:24:04,051 - Quantum Trading Bot - INFO - Quantum prediction for AAPL: 0.6620 (confidence: 0.9634)
2025-04-11 14:24:04,051 - Quantum Trading Bot - INFO - Trading signal for AAPL: 0.6620 (source: quantum)
2025-04-11 14:24:04,051 - Quantum Trading Bot - INFO - HOLD signal for AAPL (score: 0.6620, source: quantum)
2025-04-11 14:24:04,055 - Quantum Trading Bot - INFO - Processing MSFT
2025-04-11 14:24:04,055 - Quantum Trading Bot - INFO - Mock halal compliance check for MSFT: COMPLIANT
2025-04-11 14:24:04,064 - Quantum Trading Bot - INFO - Quantum device error rate: 0.0534
2025-04-11 14:24:04,073 - Quantum Trading Bot - INFO - Quantum prediction for MSFT: 0.6963 (confidence: 0.9466)
2025-04-11 14:24:04,073 - Quantum Trading Bot - INFO - Trading signal for MSFT: 0.6963 (source: quantum)
2025-04-11 14:24:04,073 - Quantum Trading Bot - INFO - HOLD signal for MSFT (score: 0.6963, source: quantum)
2025-04-11 14:24:04,076 - Quantum Trading Bot - INFO - Processing NVDA
2025-04-11 14:24:04,076 - Quantum Trading Bot - INFO - Mock halal compliance check for NVDA: COMPLIANT
2025-04-11 14:24:04,084 - Quantum Trading Bot - INFO - Quantum device error rate: 0.0339
2025-04-11 14:24:04,086 - Quantum Trading Bot - INFO - Quantum prediction for NVDA: 0.2860 (confidence: 0.9661)
2025-04-11 14:24:04,086 - Quantum Trading Bot - INFO - Trading signal for NVDA: 0.2860 (source: quantum)
2025-04-11 14:24:04,086 - Quantum Trading Bot - INFO - SELL signal for NVDA (score: 0.2860, source: quantum)
2025-04-11 14:24:04,087 - Quantum Trading Bot - WARNING - Cannot sell NVDA - no position
2025-04-11 14:24:04,099 - Quantum Trading Bot - INFO - Performance metrics saved: 40/72 winning trades
2025-04-11 14:24:04,099 - Quantum Trading Bot - INFO - Quantum prediction accuracy: 0.00
2025-04-11 14:24:04,099 - Quantum Trading Bot - INFO - Sleeping for 60 seconds
2025-04-11 14:29:06,444 - Trading System - INFO - Trading Bot is alive: True
2025-04-11 14:29:06,446 - Trading System - INFO - Monitor Bot is alive: True
2025-04-11 14:29:06,447 - Trading System - INFO - Improvement Bot is alive: True
2025-04-11 14:29:17,108 - Quantum Trading Bot - INFO - Starting trading cycle
2025-04-11 14:29:17,109 - Quantum Trading Bot - INFO - Processing AAPL
2025-04-11 14:29:17,109 - Quantum Trading Bot - INFO - Mock halal compliance check for AAPL: COMPLIANT
2025-04-11 14:29:17,127 - Quantum Trading Bot - INFO - Quantum device error rate: 0.0312
2025-04-11 14:29:17,132 - Quantum Trading Bot - INFO - Quantum prediction for AAPL: 0.5840 (confidence: 0.7750)
2025-04-11 14:29:17,132 - Quantum Trading Bot - INFO - Trading signal for AAPL: 0.5840 (source: quantum)
2025-04-11 14:29:17,132 - Quantum Trading Bot - INFO - HOLD signal for AAPL (score: 0.5840, source: quantum)
2025-04-11 14:29:17,136 - Quantum Trading Bot - INFO - Processing MSFT
2025-04-11 14:29:17,136 - Quantum Trading Bot - INFO - Mock halal compliance check for MSFT: COMPLIANT
2025-04-11 14:29:17,145 - Quantum Trading Bot - INFO - Quantum device error rate: 0.0507
2025-04-11 14:29:17,154 - Quantum Trading Bot - INFO - Quantum prediction for MSFT: 0.5376 (confidence: 0.7594)
2025-04-11 14:29:17,154 - Quantum Trading Bot - INFO - Trading signal for MSFT: 0.5376 (source: quantum)
2025-04-11 14:29:17,154 - Quantum Trading Bot - INFO - HOLD signal for MSFT (score: 0.5376, source: quantum)
2025-04-11 14:29:17,157 - Quantum Trading Bot - INFO - Processing NVDA
2025-04-11 14:29:17,157 - Quantum Trading Bot - INFO - Mock halal compliance check for NVDA: COMPLIANT
2025-04-11 14:29:17,165 - Quantum Trading Bot - INFO - Quantum device error rate: 0.0402
2025-04-11 14:29:17,168 - Quantum Trading Bot - INFO - Quantum prediction for NVDA: 0.1510 (confidence: 0.9598)
2025-04-11 14:29:17,168 - Quantum Trading Bot - INFO - Trading signal for NVDA: 0.1510 (source: quantum)
2025-04-11 14:29:17,168 - Quantum Trading Bot - INFO - SELL signal for NVDA (score: 0.1510, source: quantum)
2025-04-11 14:29:17,168 - Quantum Trading Bot - WARNING - Cannot sell NVDA - no position
2025-04-11 14:29:17,180 - Quantum Trading Bot - INFO - Performance metrics saved: 40/72 winning trades
2025-04-11 14:29:17,180 - Quantum Trading Bot - INFO - Quantum prediction accuracy: 0.00
2025-04-11 14:29:17,180 - Quantum Trading Bot - INFO - Sleeping for 60 seconds
2025-04-11 14:30:06,448 - Trading System - INFO - Trading Bot is alive: True
2025-04-11 14:30:06,451 - Trading System - INFO - Monitor Bot is alive: True
2025-04-11 14:30:06,451 - Trading System - INFO - Improvement Bot is alive: True
2025-04-11 14:30:17,189 - Quantum Trading Bot - INFO - Starting trading cycle
2025-04-11 14:30:17,192 - Quantum Trading Bot - INFO - Processing AAPL
2025-04-11 14:30:17,194 - Quantum Trading Bot - INFO - Mock halal compliance check for AAPL: COMPLIANT
2025-04-11 14:30:17,213 - Quantum Trading Bot - INFO - Quantum device error rate: 0.0309
2025-04-11 14:30:17,218 - Quantum Trading Bot - INFO - Quantum prediction for AAPL: 0.7520 (confidence: 0.9691)
2025-04-11 14:30:17,218 - Quantum Trading Bot - INFO - Trading signal for AAPL: 0.7520 (source: quantum)
2025-04-11 14:30:17,218 - Quantum Trading Bot - INFO - HOLD signal for AAPL (score: 0.7520, source: quantum)
2025-04-11 14:30:17,221 - Quantum Trading Bot - INFO - Processing MSFT
2025-04-11 14:30:17,221 - Quantum Trading Bot - INFO - Mock halal compliance check for MSFT: COMPLIANT
2025-04-11 14:30:17,229 - Quantum Trading Bot - INFO - Quantum device error rate: 0.0591
2025-04-11 14:30:17,237 - Quantum Trading Bot - INFO - Quantum prediction for MSFT: 0.4085 (confidence: 0.7527)
2025-04-11 14:30:17,237 - Quantum Trading Bot - INFO - Trading signal for MSFT: 0.4085 (source: quantum)
2025-04-11 14:30:17,237 - Quantum Trading Bot - INFO - HOLD signal for MSFT (score: 0.4085, source: quantum)
2025-04-11 14:30:17,239 - Quantum Trading Bot - INFO - Processing NVDA
2025-04-11 14:30:17,239 - Quantum Trading Bot - INFO - Mock halal compliance check for NVDA: COMPLIANT
2025-04-11 14:30:17,247 - Quantum Trading Bot - INFO - Quantum device error rate: 0.0348
2025-04-11 14:30:17,249 - Quantum Trading Bot - INFO - Quantum prediction for NVDA: 0.4110 (confidence: 0.7722)
2025-04-11 14:30:17,249 - Quantum Trading Bot - INFO - Trading signal for NVDA: 0.4110 (source: quantum)
2025-04-11 14:30:17,249 - Quantum Trading Bot - INFO - HOLD signal for NVDA (score: 0.4110, source: quantum)
2025-04-11 14:30:17,260 - Quantum Trading Bot - INFO - Performance metrics saved: 40/72 winning trades
2025-04-11 14:30:17,260 - Quantum Trading Bot - INFO - Quantum prediction accuracy: 0.00
2025-04-11 14:30:17,260 - Quantum Trading Bot - INFO - Sleeping for 60 seconds
2025-04-11 14:31:06,456 - Trading System - INFO - Trading Bot is alive: True
2025-04-11 14:31:06,459 - Trading System - INFO - Monitor Bot is alive: True
2025-04-11 14:31:06,459 - Trading System - INFO - Improvement Bot is alive: True
2025-04-11 14:31:17,265 - Quantum Trading Bot - INFO - Starting trading cycle
2025-04-11 14:31:17,266 - Quantum Trading Bot - INFO - Processing AAPL
2025-04-11 14:31:17,266 - Quantum Trading Bot - INFO - Mock halal compliance check for AAPL: COMPLIANT
2025-04-11 14:31:17,288 - Quantum Trading Bot - INFO - Quantum device error rate: 0.0540
2025-04-11 14:31:17,299 - Quantum Trading Bot - INFO - Quantum prediction for AAPL: 0.8044 (confidence: 0.9460)
2025-04-11 14:31:17,299 - Quantum Trading Bot - INFO - Trading signal for AAPL: 0.8044 (source: quantum)
2025-04-11 14:31:17,300 - Quantum Trading Bot - INFO - HOLD signal for AAPL (score: 0.8044, source: quantum)
2025-04-11 14:31:17,302 - Quantum Trading Bot - INFO - Processing MSFT
2025-04-11 14:31:17,302 - Quantum Trading Bot - INFO - Mock halal compliance check for MSFT: COMPLIANT
2025-04-11 14:31:17,310 - Quantum Trading Bot - INFO - Quantum device error rate: 0.0486
2025-04-11 14:31:17,314 - Quantum Trading Bot - INFO - Quantum prediction for MSFT: 0.2580 (confidence: 0.9514)
2025-04-11 14:31:17,314 - Quantum Trading Bot - INFO - Trading signal for MSFT: 0.2580 (source: quantum)
2025-04-11 14:31:17,314 - Quantum Trading Bot - INFO - SELL signal for MSFT (score: 0.2580, source: quantum)
2025-04-11 14:31:17,315 - Quantum Trading Bot - WARNING - Cannot sell MSFT - no position
2025-04-11 14:31:17,317 - Quantum Trading Bot - INFO - Processing NVDA
2025-04-11 14:31:17,317 - Quantum Trading Bot - INFO - Mock halal compliance check for NVDA: COMPLIANT
2025-04-11 14:31:17,324 - Quantum Trading Bot - INFO - Quantum device error rate: 0.0504
2025-04-11 14:31:17,332 - Quantum Trading Bot - INFO - Quantum prediction for NVDA: 0.1547 (confidence: 0.9496)
2025-04-11 14:31:17,332 - Quantum Trading Bot - INFO - Trading signal for NVDA: 0.1547 (source: quantum)
2025-04-11 14:31:17,332 - Quantum Trading Bot - INFO - SELL signal for NVDA (score: 0.1547, source: quantum)
2025-04-11 14:31:17,333 - Quantum Trading Bot - WARNING - Cannot sell NVDA - no position
2025-04-11 14:31:17,344 - Quantum Trading Bot - INFO - Performance metrics saved: 40/72 winning trades
2025-04-11 14:31:17,344 - Quantum Trading Bot - INFO - Quantum prediction accuracy: 0.00
2025-04-11 14:31:17,344 - Quantum Trading Bot - INFO - Sleeping for 60 seconds
2025-04-11 14:32:06,463 - Trading System - INFO - Trading Bot is alive: True
2025-04-11 14:32:06,466 - Trading System - INFO - Monitor Bot is alive: True
2025-04-11 14:32:06,466 - Trading System - INFO - Improvement Bot is alive: True
2025-04-11 14:32:17,348 - Quantum Trading Bot - INFO - Starting trading cycle
2025-04-11 14:32:17,348 - Quantum Trading Bot - INFO - Processing AAPL
2025-04-11 14:32:17,348 - Quantum Trading Bot - INFO - Mock halal compliance check for AAPL: COMPLIANT
2025-04-11 14:32:17,373 - Quantum Trading Bot - INFO - Quantum device error rate: 0.0348
2025-04-11 14:32:17,378 - Quantum Trading Bot - INFO - Quantum prediction for AAPL: 0.3010 (confidence: 0.9652)
2025-04-11 14:32:17,378 - Quantum Trading Bot - INFO - Trading signal for AAPL: 0.3010 (source: quantum)
2025-04-11 14:32:17,378 - Quantum Trading Bot - INFO - HOLD signal for AAPL (score: 0.3010, source: quantum)
2025-04-11 14:32:17,381 - Quantum Trading Bot - INFO - Processing MSFT
2025-04-11 14:32:17,381 - Quantum Trading Bot - INFO - Mock halal compliance check for MSFT: COMPLIANT
2025-04-11 14:32:17,390 - Quantum Trading Bot - INFO - Quantum device error rate: 0.0396
2025-04-11 14:32:17,393 - Quantum Trading Bot - INFO - Quantum prediction for MSFT: 0.6030 (confidence: 0.9604)
2025-04-11 14:32:17,393 - Quantum Trading Bot - INFO - Trading signal for MSFT: 0.6030 (source: quantum)
2025-04-11 14:32:17,394 - Quantum Trading Bot - INFO - HOLD signal for MSFT (score: 0.6030, source: quantum)
2025-04-11 14:32:17,396 - Quantum Trading Bot - INFO - Processing NVDA
2025-04-11 14:32:17,396 - Quantum Trading Bot - INFO - Mock halal compliance check for NVDA: COMPLIANT
2025-04-11 14:32:17,403 - Quantum Trading Bot - INFO - Quantum device error rate: 0.0390
2025-04-11 14:32:17,405 - Quantum Trading Bot - INFO - Quantum prediction for NVDA: 0.4920 (confidence: 0.7688)
2025-04-11 14:32:17,406 - Quantum Trading Bot - INFO - Trading signal for NVDA: 0.4920 (source: quantum)
2025-04-11 14:32:17,406 - Quantum Trading Bot - INFO - HOLD signal for NVDA (score: 0.4920, source: quantum)
2025-04-11 14:32:17,417 - Quantum Trading Bot - INFO - Performance metrics saved: 40/72 winning trades
2025-04-11 14:32:17,417 - Quantum Trading Bot - INFO - Quantum prediction accuracy: 0.00
2025-04-11 14:32:17,417 - Quantum Trading Bot - INFO - Sleeping for 60 seconds
2025-04-11 14:33:06,471 - Trading System - INFO - Trading Bot is alive: True
2025-04-11 14:33:06,472 - Trading System - INFO - Monitor Bot is alive: True
2025-04-11 14:33:06,472 - Trading System - INFO - Improvement Bot is alive: True
2025-04-11 14:33:17,422 - Quantum Trading Bot - INFO - Starting trading cycle
2025-04-11 14:33:17,423 - Quantum Trading Bot - INFO - Processing AAPL
2025-04-11 14:33:17,423 - Quantum Trading Bot - INFO - Mock halal compliance check for AAPL: COMPLIANT
2025-04-11 14:33:17,453 - Quantum Trading Bot - INFO - Quantum device error rate: 0.0546
2025-04-11 14:33:17,467 - Quantum Trading Bot - INFO - Quantum prediction for AAPL: 0.2531 (confidence: 0.9454)
2025-04-11 14:33:17,467 - Quantum Trading Bot - INFO - Trading signal for AAPL: 0.2531 (source: quantum)
2025-04-11 14:33:17,467 - Quantum Trading Bot - INFO - SELL signal for AAPL (score: 0.2531, source: quantum)
2025-04-11 14:33:17,468 - Quantum Trading Bot - WARNING - Cannot sell AAPL - no position
2025-04-11 14:33:17,471 - Quantum Trading Bot - INFO - Processing MSFT
2025-04-11 14:33:17,472 - Quantum Trading Bot - INFO - Mock halal compliance check for MSFT: COMPLIANT
2025-04-11 14:33:17,481 - Quantum Trading Bot - INFO - Quantum device error rate: 0.0309
2025-04-11 14:33:17,485 - Quantum Trading Bot - INFO - Quantum prediction for MSFT: 0.4450 (confidence: 0.7753)
2025-04-11 14:33:17,485 - Quantum Trading Bot - INFO - Trading signal for MSFT: 0.4450 (source: quantum)
2025-04-11 14:33:17,485 - Quantum Trading Bot - INFO - HOLD signal for MSFT (score: 0.4450, source: quantum)
2025-04-11 14:33:17,487 - Quantum Trading Bot - INFO - Processing NVDA
2025-04-11 14:33:17,487 - Quantum Trading Bot - INFO - Mock halal compliance check for NVDA: COMPLIANT
2025-04-11 14:33:17,495 - Quantum Trading Bot - INFO - Quantum device error rate: 0.0405
2025-04-11 14:33:17,498 - Quantum Trading Bot - INFO - Quantum prediction for NVDA: 0.8550 (confidence: 0.9595)
2025-04-11 14:33:17,498 - Quantum Trading Bot - INFO - Trading signal for NVDA: 0.8550 (source: quantum)
2025-04-11 14:33:17,498 - Quantum Trading Bot - INFO - HOLD signal for NVDA (score: 0.8550, source: quantum)
2025-04-11 14:33:17,510 - Quantum Trading Bot - INFO - Performance metrics saved: 40/72 winning trades
2025-04-11 14:33:17,510 - Quantum Trading Bot - INFO - Quantum prediction accuracy: 0.00
2025-04-11 14:33:17,510 - Quantum Trading Bot - INFO - Sleeping for 60 seconds
2025-04-11 14:34:06,478 - Trading System - INFO - Trading Bot is alive: True
2025-04-11 14:34:06,480 - Trading System - INFO - Monitor Bot is alive: True
2025-04-11 14:34:06,481 - Trading System - INFO - Improvement Bot is alive: True
2025-04-11 14:34:17,515 - Quantum Trading Bot - INFO - Starting trading cycle
2025-04-11 14:34:17,516 - Quantum Trading Bot - INFO - Processing AAPL
2025-04-11 14:34:17,516 - Quantum Trading Bot - INFO - Mock halal compliance check for AAPL: COMPLIANT
2025-04-11 14:34:17,547 - Quantum Trading Bot - INFO - Quantum device error rate: 0.0504
2025-04-11 14:34:17,559 - Quantum Trading Bot - INFO - Quantum prediction for AAPL: 0.5779 (confidence: 0.7597)
2025-04-11 14:34:17,559 - Quantum Trading Bot - INFO - Trading signal for AAPL: 0.5779 (source: quantum)
2025-04-11 14:34:17,559 - Quantum Trading Bot - INFO - HOLD signal for AAPL (score: 0.5779, source: quantum)
2025-04-11 14:34:17,562 - Quantum Trading Bot - INFO - Processing MSFT
2025-04-11 14:34:17,562 - Quantum Trading Bot - INFO - Mock halal compliance check for MSFT: COMPLIANT
2025-04-11 14:34:17,571 - Quantum Trading Bot - INFO - Quantum device error rate: 0.0621
2025-04-11 14:34:17,579 - Quantum Trading Bot - INFO - Quantum prediction for MSFT: 0.9361 (confidence: 0.9379)
2025-04-11 14:34:17,579 - Quantum Trading Bot - INFO - Trading signal for MSFT: 0.9361 (source: quantum)
2025-04-11 14:34:17,579 - Quantum Trading Bot - INFO - HOLD signal for MSFT (score: 0.9361, source: quantum)
2025-04-11 14:34:17,582 - Quantum Trading Bot - INFO - Processing NVDA
2025-04-11 14:34:17,582 - Quantum Trading Bot - INFO - Mock halal compliance check for NVDA: COMPLIANT
2025-04-11 14:34:17,589 - Quantum Trading Bot - INFO - Quantum device error rate: 0.0294
2025-04-11 14:34:17,592 - Quantum Trading Bot - INFO - Quantum prediction for NVDA: 0.5450 (confidence: 0.7765)
2025-04-11 14:34:17,592 - Quantum Trading Bot - INFO - Trading signal for NVDA: 0.5450 (source: quantum)
2025-04-11 14:34:17,592 - Quantum Trading Bot - INFO - HOLD signal for NVDA (score: 0.5450, source: quantum)
2025-04-11 14:34:17,603 - Quantum Trading Bot - INFO - Performance metrics saved: 40/72 winning trades
2025-04-11 14:34:17,603 - Quantum Trading Bot - INFO - Quantum prediction accuracy: 0.00
2025-04-11 14:34:17,603 - Quantum Trading Bot - INFO - Sleeping for 60 seconds
2025-04-11 14:35:06,486 - Trading System - INFO - Trading Bot is alive: True
2025-04-11 14:35:06,488 - Trading System - INFO - Monitor Bot is alive: True
2025-04-11 14:35:06,488 - Trading System - INFO - Improvement Bot is alive: True
2025-04-11 14:35:17,607 - Quantum Trading Bot - INFO - Starting trading cycle
2025-04-11 14:35:17,607 - Quantum Trading Bot - INFO - Processing AAPL
2025-04-11 14:35:17,607 - Quantum Trading Bot - INFO - Mock halal compliance check for AAPL: COMPLIANT
2025-04-11 14:35:17,629 - Quantum Trading Bot - INFO - Quantum device error rate: 0.0441
2025-04-11 14:35:17,634 - Quantum Trading Bot - INFO - Quantum prediction for AAPL: 0.8630 (confidence: 0.9559)
2025-04-11 14:35:17,634 - Quantum Trading Bot - INFO - Trading signal for AAPL: 0.8630 (source: quantum)
2025-04-11 14:35:17,634 - Quantum Trading Bot - INFO - HOLD signal for AAPL (score: 0.8630, source: quantum)
2025-04-11 14:35:17,637 - Quantum Trading Bot - INFO - Processing MSFT
2025-04-11 14:35:17,637 - Quantum Trading Bot - INFO - Mock halal compliance check for MSFT: COMPLIANT
2025-04-11 14:35:17,645 - Quantum Trading Bot - INFO - Quantum device error rate: 0.0459
2025-04-11 14:35:17,648 - Quantum Trading Bot - INFO - Quantum prediction for MSFT: 0.7060 (confidence: 0.9541)
2025-04-11 14:35:17,648 - Quantum Trading Bot - INFO - Trading signal for MSFT: 0.7060 (source: quantum)
2025-04-11 14:35:17,648 - Quantum Trading Bot - INFO - HOLD signal for MSFT (score: 0.7060, source: quantum)
2025-04-11 14:35:17,650 - Quantum Trading Bot - INFO - Processing NVDA
2025-04-11 14:35:17,650 - Quantum Trading Bot - INFO - Mock halal compliance check for NVDA: COMPLIANT
2025-04-11 14:35:17,658 - Quantum Trading Bot - INFO - Quantum device error rate: 0.0297
2025-04-11 14:35:17,660 - Quantum Trading Bot - INFO - Quantum prediction for NVDA: 0.2300 (confidence: 0.9703)
2025-04-11 14:35:17,661 - Quantum Trading Bot - INFO - Trading signal for NVDA: 0.2300 (source: quantum)
2025-04-11 14:35:17,661 - Quantum Trading Bot - INFO - SELL signal for NVDA (score: 0.2300, source: quantum)
2025-04-11 14:35:17,661 - Quantum Trading Bot - WARNING - Cannot sell NVDA - no position
2025-04-11 14:35:17,673 - Quantum Trading Bot - INFO - Performance metrics saved: 40/72 winning trades
2025-04-11 14:35:17,673 - Quantum Trading Bot - INFO - Quantum prediction accuracy: 0.00
2025-04-11 14:35:17,673 - Quantum Trading Bot - INFO - Sleeping for 60 seconds
2025-04-11 14:36:06,492 - Trading System - INFO - Trading Bot is alive: True
2025-04-11 14:36:06,494 - Trading System - INFO - Monitor Bot is alive: True
2025-04-11 14:36:06,495 - Trading System - INFO - Improvement Bot is alive: True
2025-04-11 14:36:17,674 - Quantum Trading Bot - INFO - Starting trading cycle
2025-04-11 14:36:17,674 - Quantum Trading Bot - INFO - Processing AAPL
2025-04-11 14:36:17,674 - Quantum Trading Bot - INFO - Mock halal compliance check for AAPL: COMPLIANT
2025-04-11 14:36:17,696 - Quantum Trading Bot - INFO - Quantum device error rate: 0.0258
2025-04-11 14:36:17,702 - Quantum Trading Bot - INFO - Quantum prediction for AAPL: 0.8530 (confidence: 0.9742)
2025-04-11 14:36:17,702 - Quantum Trading Bot - INFO - Trading signal for AAPL: 0.8530 (source: quantum)
2025-04-11 14:36:17,703 - Quantum Trading Bot - INFO - HOLD signal for AAPL (score: 0.8530, source: quantum)
2025-04-11 14:36:17,706 - Quantum Trading Bot - INFO - Processing MSFT
2025-04-11 14:36:17,706 - Quantum Trading Bot - INFO - Mock halal compliance check for MSFT: COMPLIANT
2025-04-11 14:36:17,714 - Quantum Trading Bot - INFO - Quantum device error rate: 0.0357
2025-04-11 14:36:17,718 - Quantum Trading Bot - INFO - Quantum prediction for MSFT: 0.2190 (confidence: 0.9643)
2025-04-11 14:36:17,718 - Quantum Trading Bot - INFO - Trading signal for MSFT: 0.2190 (source: quantum)
2025-04-11 14:36:17,718 - Quantum Trading Bot - INFO - SELL signal for MSFT (score: 0.2190, source: quantum)
2025-04-11 14:36:17,719 - Quantum Trading Bot - WARNING - Cannot sell MSFT - no position
2025-04-11 14:36:17,721 - Quantum Trading Bot - INFO - Processing NVDA
2025-04-11 14:36:17,721 - Quantum Trading Bot - INFO - Mock halal compliance check for NVDA: COMPLIANT
2025-04-11 14:36:17,728 - Quantum Trading Bot - INFO - Quantum device error rate: 0.0570
2025-04-11 14:36:17,736 - Quantum Trading Bot - INFO - Quantum prediction for NVDA: 0.4412 (confidence: 0.7544)
2025-04-11 14:36:17,736 - Quantum Trading Bot - INFO - Trading signal for NVDA: 0.4412 (source: quantum)
2025-04-11 14:36:17,736 - Quantum Trading Bot - INFO - HOLD signal for NVDA (score: 0.4412, source: quantum)
2025-04-11 14:36:17,747 - Quantum Trading Bot - INFO - Performance metrics saved: 40/72 winning trades
2025-04-11 14:36:17,747 - Quantum Trading Bot - INFO - Quantum prediction accuracy: 0.00
2025-04-11 14:36:17,747 - Quantum Trading Bot - INFO - Sleeping for 60 seconds
2025-04-11 14:37:06,499 - Trading System - INFO - Trading Bot is alive: True
2025-04-11 14:37:06,501 - Trading System - INFO - Monitor Bot is alive: True
2025-04-11 14:37:06,501 - Trading System - INFO - Improvement Bot is alive: True
2025-04-11 14:37:17,749 - Quantum Trading Bot - INFO - Starting trading cycle
2025-04-11 14:37:17,749 - Quantum Trading Bot - INFO - Processing AAPL
2025-04-11 14:37:17,750 - Quantum Trading Bot - INFO - Mock halal compliance check for AAPL: COMPLIANT
2025-04-11 14:37:17,771 - Quantum Trading Bot - INFO - Quantum device error rate: 0.0336
2025-04-11 14:37:17,777 - Quantum Trading Bot - INFO - Quantum prediction for AAPL: 0.7120 (confidence: 0.9664)
2025-04-11 14:37:17,777 - Quantum Trading Bot - INFO - Trading signal for AAPL: 0.7120 (source: quantum)
2025-04-11 14:37:17,777 - Quantum Trading Bot - INFO - HOLD signal for AAPL (score: 0.7120, source: quantum)
2025-04-11 14:37:17,780 - Quantum Trading Bot - INFO - Processing MSFT
2025-04-11 14:37:17,780 - Quantum Trading Bot - INFO - Mock halal compliance check for MSFT: COMPLIANT
2025-04-11 14:37:17,788 - Quantum Trading Bot - INFO - Quantum device error rate: 0.0312
2025-04-11 14:37:17,791 - Quantum Trading Bot - INFO - Quantum prediction for MSFT: 0.3960 (confidence: 0.9688)
2025-04-11 14:37:17,791 - Quantum Trading Bot - INFO - Trading signal for MSFT: 0.3960 (source: quantum)
2025-04-11 14:37:17,791 - Quantum Trading Bot - INFO - HOLD signal for MSFT (score: 0.3960, source: quantum)
2025-04-11 14:37:17,794 - Quantum Trading Bot - INFO - Processing NVDA
2025-04-11 14:37:17,794 - Quantum Trading Bot - INFO - Mock halal compliance check for NVDA: COMPLIANT
2025-04-11 14:37:17,801 - Quantum Trading Bot - INFO - Quantum device error rate: 0.0396
2025-04-11 14:37:17,804 - Quantum Trading Bot - INFO - Quantum prediction for NVDA: 0.1200 (confidence: 0.9604)
2025-04-11 14:37:17,804 - Quantum Trading Bot - INFO - Trading signal for NVDA: 0.1200 (source: quantum)
2025-04-11 14:37:17,804 - Quantum Trading Bot - INFO - SELL signal for NVDA (score: 0.1200, source: quantum)
2025-04-11 14:37:17,805 - Quantum Trading Bot - WARNING - Cannot sell NVDA - no position
2025-04-11 14:37:17,817 - Quantum Trading Bot - INFO - Performance metrics saved: 40/72 winning trades
2025-04-11 14:37:17,817 - Quantum Trading Bot - INFO - Quantum prediction accuracy: 0.00
2025-04-11 14:37:17,817 - Quantum Trading Bot - INFO - Sleeping for 60 seconds
2025-04-11 14:38:06,506 - Trading System - INFO - Trading Bot is alive: True
2025-04-11 14:38:06,508 - Trading System - INFO - Monitor Bot is alive: True
2025-04-11 14:38:06,508 - Trading System - INFO - Improvement Bot is alive: True
2025-04-11 14:38:17,819 - Quantum Trading Bot - INFO - Starting trading cycle
2025-04-11 14:38:17,821 - Quantum Trading Bot - INFO - Processing AAPL
2025-04-11 14:38:17,821 - Quantum Trading Bot - INFO - Mock halal compliance check for AAPL: COMPLIANT
2025-04-11 14:38:17,845 - Quantum Trading Bot - INFO - Quantum device error rate: 0.0300
2025-04-11 14:38:17,851 - Quantum Trading Bot - INFO - Quantum prediction for AAPL: 0.3200 (confidence: 0.9700)
2025-04-11 14:38:17,851 - Quantum Trading Bot - INFO - Trading signal for AAPL: 0.3200 (source: quantum)
2025-04-11 14:38:17,851 - Quantum Trading Bot - INFO - HOLD signal for AAPL (score: 0.3200, source: quantum)
2025-04-11 14:38:17,854 - Quantum Trading Bot - INFO - Processing MSFT
2025-04-11 14:38:17,854 - Quantum Trading Bot - INFO - Mock halal compliance check for MSFT: COMPLIANT
2025-04-11 14:38:17,864 - Quantum Trading Bot - INFO - Quantum device error rate: 0.0162
2025-04-11 14:38:17,867 - Quantum Trading Bot - INFO - Quantum prediction for MSFT: 0.5740 (confidence: 0.7870)
2025-04-11 14:38:17,867 - Quantum Trading Bot - INFO - Trading signal for MSFT: 0.5740 (source: quantum)
2025-04-11 14:38:17,867 - Quantum Trading Bot - INFO - HOLD signal for MSFT (score: 0.5740, source: quantum)
2025-04-11 14:38:17,870 - Quantum Trading Bot - INFO - Processing NVDA
2025-04-11 14:38:17,870 - Quantum Trading Bot - INFO - Mock halal compliance check for NVDA: COMPLIANT
2025-04-11 14:38:17,880 - Quantum Trading Bot - INFO - Quantum device error rate: 0.0375
2025-04-11 14:38:17,883 - Quantum Trading Bot - INFO - Quantum prediction for NVDA: 0.3240 (confidence: 0.9625)
2025-04-11 14:38:17,883 - Quantum Trading Bot - INFO - Trading signal for NVDA: 0.3240 (source: quantum)
2025-04-11 14:38:17,883 - Quantum Trading Bot - INFO - HOLD signal for NVDA (score: 0.3240, source: quantum)
2025-04-11 14:38:17,895 - Quantum Trading Bot - INFO - Performance metrics saved: 40/72 winning trades
2025-04-11 14:38:17,895 - Quantum Trading Bot - INFO - Quantum prediction accuracy: 0.00
2025-04-11 14:38:17,895 - Quantum Trading Bot - INFO - Sleeping for 60 seconds
2025-04-11 14:39:06,513 - Trading System - INFO - Trading Bot is alive: True
2025-04-11 14:39:06,516 - Trading System - INFO - Monitor Bot is alive: True
2025-04-11 14:39:06,516 - Trading System - INFO - Improvement Bot is alive: True
2025-04-11 14:39:17,897 - Quantum Trading Bot - INFO - Starting trading cycle
2025-04-11 14:39:17,897 - Quantum Trading Bot - INFO - Processing AAPL
2025-04-11 14:39:17,897 - Quantum Trading Bot - INFO - Mock halal compliance check for AAPL: COMPLIANT
2025-04-11 14:39:17,916 - Quantum Trading Bot - INFO - Quantum device error rate: 0.0405
2025-04-11 14:39:17,922 - Quantum Trading Bot - INFO - Quantum prediction for AAPL: 0.5460 (confidence: 0.7676)
2025-04-11 14:39:17,922 - Quantum Trading Bot - INFO - Trading signal for AAPL: 0.5460 (source: quantum)
2025-04-11 14:39:17,922 - Quantum Trading Bot - INFO - HOLD signal for AAPL (score: 0.5460, source: quantum)
2025-04-11 14:39:17,926 - Quantum Trading Bot - INFO - Processing MSFT
2025-04-11 14:39:17,926 - Quantum Trading Bot - INFO - Mock halal compliance check for MSFT: COMPLIANT
2025-04-11 14:39:17,935 - Quantum Trading Bot - INFO - Quantum device error rate: 0.0429
2025-04-11 14:39:17,939 - Quantum Trading Bot - INFO - Quantum prediction for MSFT: 0.3580 (confidence: 0.9571)
2025-04-11 14:39:17,939 - Quantum Trading Bot - INFO - Trading signal for MSFT: 0.3580 (source: quantum)
2025-04-11 14:39:17,939 - Quantum Trading Bot - INFO - HOLD signal for MSFT (score: 0.3580, source: quantum)
2025-04-11 14:39:17,942 - Quantum Trading Bot - INFO - Processing NVDA
2025-04-11 14:39:17,942 - Quantum Trading Bot - INFO - Mock halal compliance check for NVDA: COMPLIANT
2025-04-11 14:39:17,950 - Quantum Trading Bot - INFO - Quantum device error rate: 0.0330
2025-04-11 14:39:17,953 - Quantum Trading Bot - INFO - Quantum prediction for NVDA: 0.2620 (confidence: 0.9670)
2025-04-11 14:39:17,953 - Quantum Trading Bot - INFO - Trading signal for NVDA: 0.2620 (source: quantum)
2025-04-11 14:39:17,953 - Quantum Trading Bot - INFO - SELL signal for NVDA (score: 0.2620, source: quantum)
2025-04-11 14:39:17,954 - Quantum Trading Bot - WARNING - Cannot sell NVDA - no position
2025-04-11 14:39:17,967 - Quantum Trading Bot - INFO - Performance metrics saved: 40/72 winning trades
2025-04-11 14:39:17,967 - Quantum Trading Bot - INFO - Quantum prediction accuracy: 0.00
2025-04-11 14:39:17,967 - Quantum Trading Bot - INFO - Sleeping for 60 seconds
2025-04-11 14:40:06,517 - Trading System - INFO - Trading Bot is alive: True
2025-04-11 14:40:06,520 - Trading System - INFO - Monitor Bot is alive: True
2025-04-11 14:40:06,520 - Trading System - INFO - Improvement Bot is alive: True
2025-04-11 14:40:17,971 - Quantum Trading Bot - INFO - Starting trading cycle
2025-04-11 14:40:17,972 - Quantum Trading Bot - INFO - Processing AAPL
2025-04-11 14:40:17,972 - Quantum Trading Bot - INFO - Mock halal compliance check for AAPL: COMPLIANT
2025-04-11 14:40:18,005 - Quantum Trading Bot - INFO - Quantum device error rate: 0.0588
2025-04-11 14:40:18,019 - Quantum Trading Bot - INFO - Quantum prediction for AAPL: 0.5124 (confidence: 0.7530)
2025-04-11 14:40:18,019 - Quantum Trading Bot - INFO - Trading signal for AAPL: 0.5124 (source: quantum)
2025-04-11 14:40:18,019 - Quantum Trading Bot - INFO - HOLD signal for AAPL (score: 0.5124, source: quantum)
2025-04-11 14:40:18,022 - Quantum Trading Bot - INFO - Processing MSFT
2025-04-11 14:40:18,022 - Quantum Trading Bot - INFO - Mock halal compliance check for MSFT: COMPLIANT
2025-04-11 14:40:18,031 - Quantum Trading Bot - INFO - Quantum device error rate: 0.0360
2025-04-11 14:40:18,034 - Quantum Trading Bot - INFO - Quantum prediction for MSFT: 0.6180 (confidence: 0.9640)
2025-04-11 14:40:18,034 - Quantum Trading Bot - INFO - Trading signal for MSFT: 0.6180 (source: quantum)
2025-04-11 14:40:18,034 - Quantum Trading Bot - INFO - HOLD signal for MSFT (score: 0.6180, source: quantum)
2025-04-11 14:40:18,036 - Quantum Trading Bot - INFO - Processing NVDA
2025-04-11 14:40:18,036 - Quantum Trading Bot - INFO - Mock halal compliance check for NVDA: COMPLIANT
2025-04-11 14:40:18,043 - Quantum Trading Bot - INFO - Quantum device error rate: 0.0390
2025-04-11 14:40:18,047 - Quantum Trading Bot - INFO - Quantum prediction for NVDA: 0.8650 (confidence: 0.9610)
2025-04-11 14:40:18,047 - Quantum Trading Bot - INFO - Trading signal for NVDA: 0.8650 (source: quantum)
2025-04-11 14:40:18,047 - Quantum Trading Bot - INFO - HOLD signal for NVDA (score: 0.8650, source: quantum)
2025-04-11 14:40:18,058 - Quantum Trading Bot - INFO - Performance metrics saved: 40/72 winning trades
2025-04-11 14:40:18,058 - Quantum Trading Bot - INFO - Quantum prediction accuracy: 0.00
2025-04-11 14:40:18,058 - Quantum Trading Bot - INFO - Sleeping for 60 seconds
2025-04-11 14:41:06,524 - Trading System - INFO - Trading Bot is alive: True
2025-04-11 14:41:06,526 - Trading System - INFO - Monitor Bot is alive: True
2025-04-11 14:41:06,526 - Trading System - INFO - Improvement Bot is alive: True
2025-04-11 14:41:18,063 - Quantum Trading Bot - INFO - Starting trading cycle
2025-04-11 14:41:18,065 - Quantum Trading Bot - INFO - Processing AAPL
2025-04-11 14:41:18,065 - Quantum Trading Bot - INFO - Mock halal compliance check for AAPL: COMPLIANT
2025-04-11 14:41:18,084 - Quantum Trading Bot - INFO - Quantum device error rate: 0.0255
2025-04-11 14:41:18,089 - Quantum Trading Bot - INFO - Quantum prediction for AAPL: 0.4570 (confidence: 0.7796)
2025-04-11 14:41:18,089 - Quantum Trading Bot - INFO - Trading signal for AAPL: 0.4570 (source: quantum)
2025-04-11 14:41:18,089 - Quantum Trading Bot - INFO - HOLD signal for AAPL (score: 0.4570, source: quantum)
2025-04-11 14:41:18,093 - Quantum Trading Bot - INFO - Processing MSFT
2025-04-11 14:41:18,093 - Quantum Trading Bot - INFO - Mock halal compliance check for MSFT: COMPLIANT
2025-04-11 14:41:18,103 - Quantum Trading Bot - INFO - Quantum device error rate: 0.0285
2025-04-11 14:41:18,106 - Quantum Trading Bot - INFO - Quantum prediction for MSFT: 0.4070 (confidence: 0.7772)
2025-04-11 14:41:18,106 - Quantum Trading Bot - INFO - Trading signal for MSFT: 0.4070 (source: quantum)
2025-04-11 14:41:18,106 - Quantum Trading Bot - INFO - HOLD signal for MSFT (score: 0.4070, source: quantum)
2025-04-11 14:41:18,109 - Quantum Trading Bot - INFO - Processing NVDA
2025-04-11 14:41:18,109 - Quantum Trading Bot - INFO - Mock halal compliance check for NVDA: COMPLIANT
2025-04-11 14:41:18,117 - Quantum Trading Bot - INFO - Quantum device error rate: 0.0537
2025-04-11 14:41:18,126 - Quantum Trading Bot - INFO - Quantum prediction for NVDA: 0.3993 (confidence: 0.9463)
2025-04-11 14:41:18,126 - Quantum Trading Bot - INFO - Trading signal for NVDA: 0.3993 (source: quantum)
2025-04-11 14:41:18,126 - Quantum Trading Bot - INFO - HOLD signal for NVDA (score: 0.3993, source: quantum)
2025-04-11 14:41:18,138 - Quantum Trading Bot - INFO - Performance metrics saved: 40/72 winning trades
2025-04-11 14:41:18,138 - Quantum Trading Bot - INFO - Quantum prediction accuracy: 0.00
2025-04-11 14:41:18,138 - Quantum Trading Bot - INFO - Sleeping for 60 seconds
2025-04-11 14:42:06,531 - Trading System - INFO - Trading Bot is alive: True
2025-04-11 14:42:06,533 - Trading System - INFO - Monitor Bot is alive: True
2025-04-11 14:42:06,533 - Trading System - INFO - Improvement Bot is alive: True
2025-04-11 14:42:18,142 - Quantum Trading Bot - INFO - Starting trading cycle
2025-04-11 14:42:18,143 - Quantum Trading Bot - INFO - Processing AAPL
2025-04-11 14:42:18,143 - Quantum Trading Bot - INFO - Mock halal compliance check for AAPL: COMPLIANT
2025-04-11 14:42:18,166 - Quantum Trading Bot - INFO - Quantum device error rate: 0.0618
2025-04-11 14:42:18,178 - Quantum Trading Bot - INFO - Quantum prediction for AAPL: 0.5144 (confidence: 0.7506)
2025-04-11 14:42:18,178 - Quantum Trading Bot - INFO - Trading signal for AAPL: 0.5144 (source: quantum)
2025-04-11 14:42:18,178 - Quantum Trading Bot - INFO - HOLD signal for AAPL (score: 0.5144, source: quantum)
2025-04-11 14:42:18,181 - Quantum Trading Bot - INFO - Processing MSFT
2025-04-11 14:42:18,181 - Quantum Trading Bot - INFO - Mock halal compliance check for MSFT: COMPLIANT
2025-04-11 14:42:18,190 - Quantum Trading Bot - INFO - Quantum device error rate: 0.0345
2025-04-11 14:42:18,193 - Quantum Trading Bot - INFO - Quantum prediction for MSFT: 0.3200 (confidence: 0.9655)
2025-04-11 14:42:18,193 - Quantum Trading Bot - INFO - Trading signal for MSFT: 0.3200 (source: quantum)
2025-04-11 14:42:18,193 - Quantum Trading Bot - INFO - HOLD signal for MSFT (score: 0.3200, source: quantum)
2025-04-11 14:42:18,196 - Quantum Trading Bot - INFO - Processing NVDA
2025-04-11 14:42:18,196 - Quantum Trading Bot - INFO - Mock halal compliance check for NVDA: COMPLIANT
2025-04-11 14:42:18,203 - Quantum Trading Bot - INFO - Quantum device error rate: 0.0291
2025-04-11 14:42:18,207 - Quantum Trading Bot - INFO - Quantum prediction for NVDA: 0.8060 (confidence: 0.9709)
2025-04-11 14:42:18,207 - Quantum Trading Bot - INFO - Trading signal for NVDA: 0.8060 (source: quantum)
2025-04-11 14:42:18,207 - Quantum Trading Bot - INFO - HOLD signal for NVDA (score: 0.8060, source: quantum)
2025-04-11 14:42:18,219 - Quantum Trading Bot - INFO - Performance metrics saved: 40/72 winning trades
2025-04-11 14:42:18,219 - Quantum Trading Bot - INFO - Quantum prediction accuracy: 0.00
2025-04-11 14:42:18,219 - Quantum Trading Bot - INFO - Sleeping for 60 seconds
2025-04-11 14:43:06,538 - Trading System - INFO - Trading Bot is alive: True
2025-04-11 14:43:06,540 - Trading System - INFO - Monitor Bot is alive: True
2025-04-11 14:43:06,540 - Trading System - INFO - Improvement Bot is alive: True
2025-04-11 14:43:18,224 - Quantum Trading Bot - INFO - Starting trading cycle
2025-04-11 14:43:18,224 - Quantum Trading Bot - INFO - Processing AAPL
2025-04-11 14:43:18,224 - Quantum Trading Bot - INFO - Mock halal compliance check for AAPL: COMPLIANT
2025-04-11 14:43:18,249 - Quantum Trading Bot - INFO - Quantum device error rate: 0.0327
2025-04-11 14:43:18,255 - Quantum Trading Bot - INFO - Quantum prediction for AAPL: 0.4580 (confidence: 0.7738)
2025-04-11 14:43:18,255 - Quantum Trading Bot - INFO - Trading signal for AAPL: 0.4580 (source: quantum)
2025-04-11 14:43:18,256 - Quantum Trading Bot - INFO - HOLD signal for AAPL (score: 0.4580, source: quantum)
2025-04-11 14:43:18,259 - Quantum Trading Bot - INFO - Processing MSFT
2025-04-11 14:43:18,259 - Quantum Trading Bot - INFO - Mock halal compliance check for MSFT: COMPLIANT
2025-04-11 14:43:18,268 - Quantum Trading Bot - INFO - Quantum device error rate: 0.0486
2025-04-11 14:43:18,272 - Quantum Trading Bot - INFO - Quantum prediction for MSFT: 0.6160 (confidence: 0.9514)
2025-04-11 14:43:18,272 - Quantum Trading Bot - INFO - Trading signal for MSFT: 0.6160 (source: quantum)
2025-04-11 14:43:18,272 - Quantum Trading Bot - INFO - HOLD signal for MSFT (score: 0.6160, source: quantum)
2025-04-11 14:43:18,274 - Quantum Trading Bot - INFO - Processing NVDA
2025-04-11 14:43:18,274 - Quantum Trading Bot - INFO - Mock halal compliance check for NVDA: COMPLIANT
2025-04-11 14:43:18,282 - Quantum Trading Bot - INFO - Quantum device error rate: 0.0339
2025-04-11 14:43:18,285 - Quantum Trading Bot - INFO - Quantum prediction for NVDA: 0.7800 (confidence: 0.9661)
2025-04-11 14:43:18,285 - Quantum Trading Bot - INFO - Trading signal for NVDA: 0.7800 (source: quantum)
2025-04-11 14:43:18,285 - Quantum Trading Bot - INFO - HOLD signal for NVDA (score: 0.7800, source: quantum)
2025-04-11 14:43:18,297 - Quantum Trading Bot - INFO - Performance metrics saved: 40/72 winning trades
2025-04-11 14:43:18,297 - Quantum Trading Bot - INFO - Quantum prediction accuracy: 0.00
2025-04-11 14:43:18,297 - Quantum Trading Bot - INFO - Sleeping for 60 seconds
2025-04-11 14:44:06,545 - Trading System - INFO - Trading Bot is alive: True
2025-04-11 14:44:06,547 - Trading System - INFO - Monitor Bot is alive: True
2025-04-11 14:44:06,548 - Trading System - INFO - Improvement Bot is alive: True
2025-04-11 14:44:07,688 - Monitor Bot - INFO - Running scheduled task: Performance Metrics
2025-04-11 14:44:07,696 - Monitor Bot - INFO - === Performance Metrics ===
2025-04-11 14:44:07,697 - Monitor Bot - INFO - Date: 2025-04-11T14:43:18.287786
2025-04-11 14:44:07,697 - Monitor Bot - INFO - Total Trades: 72
2025-04-11 14:44:07,697 - Monitor Bot - INFO - Win Rate: 55.56%
2025-04-11 14:44:07,697 - Monitor Bot - INFO - Total Profit: $18.27
2025-04-11 14:44:07,697 - Monitor Bot - INFO - Average Profit per Trade: $0.25
2025-04-11 14:44:07,697 - Monitor Bot - INFO - Average Profit Percentage: 0.09%
2025-04-11 14:44:07,697 - Monitor Bot - INFO - Maximum Drawdown: 0.10%
2025-04-11 14:44:07,697 - Monitor Bot - INFO - Quantum Prediction Accuracy: 0.00%
2025-04-11 14:44:07,697 - Monitor Bot - INFO - ============================
2025-04-11 14:44:07,710 - Monitor Bot - INFO - Task Performance Metrics completed successfully
2025-04-11 14:44:18,298 - Quantum Trading Bot - INFO - Starting trading cycle
2025-04-11 14:44:18,298 - Quantum Trading Bot - INFO - Processing AAPL
2025-04-11 14:44:18,298 - Quantum Trading Bot - INFO - Mock halal compliance check for AAPL: COMPLIANT
2025-04-11 14:44:18,319 - Quantum Trading Bot - INFO - Quantum device error rate: 0.0585
2025-04-11 14:44:18,331 - Quantum Trading Bot - INFO - Quantum prediction for AAPL: 0.7956 (confidence: 0.9415)
2025-04-11 14:44:18,331 - Quantum Trading Bot - INFO - Trading signal for AAPL: 0.7956 (source: quantum)
2025-04-11 14:44:18,331 - Quantum Trading Bot - INFO - HOLD signal for AAPL (score: 0.7956, source: quantum)
2025-04-11 14:44:18,334 - Quantum Trading Bot - INFO - Processing MSFT
2025-04-11 14:44:18,334 - Quantum Trading Bot - INFO - Mock halal compliance check for MSFT: COMPLIANT
2025-04-11 14:44:18,343 - Quantum Trading Bot - INFO - Quantum device error rate: 0.0555
2025-04-11 14:44:18,352 - Quantum Trading Bot - INFO - Quantum prediction for MSFT: 0.5155 (confidence: 0.7556)
2025-04-11 14:44:18,352 - Quantum Trading Bot - INFO - Trading signal for MSFT: 0.5155 (source: quantum)
2025-04-11 14:44:18,352 - Quantum Trading Bot - INFO - HOLD signal for MSFT (score: 0.5155, source: quantum)
2025-04-11 14:44:18,354 - Quantum Trading Bot - INFO - Processing NVDA
2025-04-11 14:44:18,354 - Quantum Trading Bot - INFO - Mock halal compliance check for NVDA: COMPLIANT
2025-04-11 14:44:18,362 - Quantum Trading Bot - INFO - Quantum device error rate: 0.0294
2025-04-11 14:44:18,365 - Quantum Trading Bot - INFO - Quantum prediction for NVDA: 0.1510 (confidence: 0.9706)
2025-04-11 14:44:18,365 - Quantum Trading Bot - INFO - Trading signal for NVDA: 0.1510 (source: quantum)
2025-04-11 14:44:18,365 - Quantum Trading Bot - INFO - SELL signal for NVDA (score: 0.1510, source: quantum)
2025-04-11 14:44:18,366 - Quantum Trading Bot - WARNING - Cannot sell NVDA - no position
2025-04-11 14:44:18,377 - Quantum Trading Bot - INFO - Performance metrics saved: 40/72 winning trades
2025-04-11 14:44:18,377 - Quantum Trading Bot - INFO - Quantum prediction accuracy: 0.00
2025-04-11 14:44:18,387 - Quantum Trading Bot - INFO - Quantum device error rate: 0.0321
2025-04-11 14:44:18,389 - Quantum Trading Bot - INFO - Quantum portfolio optimization complete: {'AAPL': np.float64(0.328562134027326), 'MSFT': np.float64(0.34417696811971377), 'NVDA': np.float64(0.3272608978529603)}
2025-04-11 14:44:18,389 - Quantum Trading Bot - INFO - Optimal portfolio weights: {'AAPL': np.float64(0.328562134027326), 'MSFT': np.float64(0.34417696811971377), 'NVDA': np.float64(0.3272608978529603)}
2025-04-11 14:44:18,390 - Quantum Trading Bot - INFO - Sleeping for 60 seconds
2025-04-11 14:45:06,552 - Trading System - INFO - Trading Bot is alive: True
2025-04-11 14:45:06,554 - Trading System - INFO - Monitor Bot is alive: True
2025-04-11 14:45:06,554 - Trading System - INFO - Improvement Bot is alive: True
2025-04-11 14:45:18,394 - Quantum Trading Bot - INFO - Starting trading cycle
2025-04-11 14:45:18,396 - Quantum Trading Bot - INFO - Processing AAPL
2025-04-11 14:45:18,396 - Quantum Trading Bot - INFO - Mock halal compliance check for AAPL: COMPLIANT
2025-04-11 14:45:18,422 - Quantum Trading Bot - INFO - Quantum device error rate: 0.0351
2025-04-11 14:45:18,428 - Quantum Trading Bot - INFO - Quantum prediction for AAPL: 0.5440 (confidence: 0.7719)
2025-04-11 14:45:18,428 - Quantum Trading Bot - INFO - Trading signal for AAPL: 0.5440 (source: quantum)
2025-04-11 14:45:18,428 - Quantum Trading Bot - INFO - HOLD signal for AAPL (score: 0.5440, source: quantum)
2025-04-11 14:45:18,432 - Quantum Trading Bot - INFO - Processing MSFT
2025-04-11 14:45:18,432 - Quantum Trading Bot - INFO - Mock halal compliance check for MSFT: COMPLIANT
2025-04-11 14:45:18,443 - Quantum Trading Bot - INFO - Quantum device error rate: 0.0222
2025-04-11 14:45:18,447 - Quantum Trading Bot - INFO - Quantum prediction for MSFT: 0.3840 (confidence: 0.9778)
2025-04-11 14:45:18,447 - Quantum Trading Bot - INFO - Trading signal for MSFT: 0.3840 (source: quantum)
2025-04-11 14:45:18,447 - Quantum Trading Bot - INFO - HOLD signal for MSFT (score: 0.3840, source: quantum)
2025-04-11 14:45:18,450 - Quantum Trading Bot - INFO - Processing NVDA
2025-04-11 14:45:18,450 - Quantum Trading Bot - INFO - Mock halal compliance check for NVDA: COMPLIANT
2025-04-11 14:45:18,458 - Quantum Trading Bot - INFO - Quantum device error rate: 0.0372
2025-04-11 14:45:18,461 - Quantum Trading Bot - INFO - Quantum prediction for NVDA: 0.0980 (confidence: 0.9628)
2025-04-11 14:45:18,461 - Quantum Trading Bot - INFO - Trading signal for NVDA: 0.0980 (source: quantum)
2025-04-11 14:45:18,461 - Quantum Trading Bot - INFO - SELL signal for NVDA (score: 0.0980, source: quantum)
2025-04-11 14:45:18,462 - Quantum Trading Bot - WARNING - Cannot sell NVDA - no position
2025-04-11 14:45:18,475 - Quantum Trading Bot - INFO - Performance metrics saved: 40/72 winning trades
2025-04-11 14:45:18,475 - Quantum Trading Bot - INFO - Quantum prediction accuracy: 0.00
2025-04-11 14:45:18,475 - Quantum Trading Bot - INFO - Sleeping for 60 seconds
2025-04-11 14:46:06,559 - Trading System - INFO - Trading Bot is alive: True
2025-04-11 14:46:06,562 - Trading System - INFO - Monitor Bot is alive: True
2025-04-11 14:46:06,562 - Trading System - INFO - Improvement Bot is alive: True
2025-04-11 14:46:18,480 - Quantum Trading Bot - INFO - Starting trading cycle
2025-04-11 14:46:18,480 - Quantum Trading Bot - INFO - Processing AAPL
2025-04-11 14:46:18,481 - Quantum Trading Bot - INFO - Mock halal compliance check for AAPL: COMPLIANT
2025-04-11 14:46:18,510 - Quantum Trading Bot - INFO - Quantum device error rate: 0.0537
2025-04-11 14:46:18,524 - Quantum Trading Bot - INFO - Quantum prediction for AAPL: 0.4044 (confidence: 0.7570)
2025-04-11 14:46:18,524 - Quantum Trading Bot - INFO - Trading signal for AAPL: 0.4044 (source: quantum)
2025-04-11 14:46:18,524 - Quantum Trading Bot - INFO - HOLD signal for AAPL (score: 0.4044, source: quantum)
2025-04-11 14:46:18,527 - Quantum Trading Bot - INFO - Processing MSFT
2025-04-11 14:46:18,527 - Quantum Trading Bot - INFO - Mock halal compliance check for MSFT: COMPLIANT
2025-04-11 14:46:18,536 - Quantum Trading Bot - INFO - Quantum device error rate: 0.0417
2025-04-11 14:46:18,540 - Quantum Trading Bot - INFO - Quantum prediction for MSFT: 0.6600 (confidence: 0.9583)
2025-04-11 14:46:18,540 - Quantum Trading Bot - INFO - Trading signal for MSFT: 0.6600 (source: quantum)
2025-04-11 14:46:18,540 - Quantum Trading Bot - INFO - HOLD signal for MSFT (score: 0.6600, source: quantum)
2025-04-11 14:46:18,542 - Quantum Trading Bot - INFO - Processing NVDA
2025-04-11 14:46:18,542 - Quantum Trading Bot - INFO - Mock halal compliance check for NVDA: COMPLIANT
2025-04-11 14:46:18,550 - Quantum Trading Bot - INFO - Quantum device error rate: 0.0369
2025-04-11 14:46:18,553 - Quantum Trading Bot - INFO - Quantum prediction for NVDA: 0.6020 (confidence: 0.9631)
2025-04-11 14:46:18,553 - Quantum Trading Bot - INFO - Trading signal for NVDA: 0.6020 (source: quantum)
2025-04-11 14:46:18,553 - Quantum Trading Bot - INFO - HOLD signal for NVDA (score: 0.6020, source: quantum)
2025-04-11 14:46:18,565 - Quantum Trading Bot - INFO - Performance metrics saved: 40/72 winning trades
2025-04-11 14:46:18,565 - Quantum Trading Bot - INFO - Quantum prediction accuracy: 0.00
2025-04-11 14:46:18,565 - Quantum Trading Bot - INFO - Sleeping for 60 seconds
2025-04-11 14:47:06,567 - Trading System - INFO - Trading Bot is alive: True
2025-04-11 14:47:06,570 - Trading System - INFO - Monitor Bot is alive: True
2025-04-11 14:47:06,570 - Trading System - INFO - Improvement Bot is alive: True
2025-04-11 14:47:18,569 - Quantum Trading Bot - INFO - Starting trading cycle
2025-04-11 14:47:18,570 - Quantum Trading Bot - INFO - Processing AAPL
2025-04-11 14:47:18,570 - Quantum Trading Bot - INFO - Mock halal compliance check for AAPL: COMPLIANT
2025-04-11 14:47:18,602 - Quantum Trading Bot - INFO - Quantum device error rate: 0.0531
2025-04-11 14:47:18,617 - Quantum Trading Bot - INFO - Quantum prediction for AAPL: 0.3269 (confidence: 0.9469)
2025-04-11 14:47:18,617 - Quantum Trading Bot - INFO - Trading signal for AAPL: 0.3269 (source: quantum)
2025-04-11 14:47:18,617 - Quantum Trading Bot - INFO - HOLD signal for AAPL (score: 0.3269, source: quantum)
2025-04-11 14:47:18,620 - Quantum Trading Bot - INFO - Processing MSFT
2025-04-11 14:47:18,620 - Quantum Trading Bot - INFO - Mock halal compliance check for MSFT: COMPLIANT
2025-04-11 14:47:18,629 - Quantum Trading Bot - INFO - Quantum device error rate: 0.0324
2025-04-11 14:47:18,632 - Quantum Trading Bot - INFO - Quantum prediction for MSFT: 0.2180 (confidence: 0.9676)
2025-04-11 14:47:18,632 - Quantum Trading Bot - INFO - Trading signal for MSFT: 0.2180 (source: quantum)
2025-04-11 14:47:18,632 - Quantum Trading Bot - INFO - SELL signal for MSFT (score: 0.2180, source: quantum)
2025-04-11 14:47:18,633 - Quantum Trading Bot - WARNING - Cannot sell MSFT - no position
2025-04-11 14:47:18,636 - Quantum Trading Bot - INFO - Processing NVDA
2025-04-11 14:47:18,636 - Quantum Trading Bot - INFO - Mock halal compliance check for NVDA: COMPLIANT
2025-04-11 14:47:18,644 - Quantum Trading Bot - INFO - Quantum device error rate: 0.0483
2025-04-11 14:47:18,647 - Quantum Trading Bot - INFO - Quantum prediction for NVDA: 0.6730 (confidence: 0.9517)
2025-04-11 14:47:18,647 - Quantum Trading Bot - INFO - Trading signal for NVDA: 0.6730 (source: quantum)
2025-04-11 14:47:18,647 - Quantum Trading Bot - INFO - HOLD signal for NVDA (score: 0.6730, source: quantum)
2025-04-11 14:47:18,659 - Quantum Trading Bot - INFO - Performance metrics saved: 40/72 winning trades
2025-04-11 14:47:18,659 - Quantum Trading Bot - INFO - Quantum prediction accuracy: 0.00
2025-04-11 14:47:18,659 - Quantum Trading Bot - INFO - Sleeping for 60 seconds
2025-04-11 14:48:06,573 - Trading System - INFO - Trading Bot is alive: True
2025-04-11 14:48:06,575 - Trading System - INFO - Monitor Bot is alive: True
2025-04-11 14:48:06,575 - Trading System - INFO - Improvement Bot is alive: True
2025-04-11 14:48:18,664 - Quantum Trading Bot - INFO - Starting trading cycle
2025-04-11 14:48:18,664 - Quantum Trading Bot - INFO - Processing AAPL
2025-04-11 14:48:18,664 - Quantum Trading Bot - INFO - Mock halal compliance check for AAPL: COMPLIANT
2025-04-11 14:48:18,688 - Quantum Trading Bot - INFO - Quantum device error rate: 0.0438
2025-04-11 14:48:18,695 - Quantum Trading Bot - INFO - Quantum prediction for AAPL: 0.4040 (confidence: 0.7650)
2025-04-11 14:48:18,695 - Quantum Trading Bot - INFO - Trading signal for AAPL: 0.4040 (source: quantum)
2025-04-11 14:48:18,695 - Quantum Trading Bot - INFO - HOLD signal for AAPL (score: 0.4040, source: quantum)
2025-04-11 14:48:18,698 - Quantum Trading Bot - INFO - Processing MSFT
2025-04-11 14:48:18,698 - Quantum Trading Bot - INFO - Mock halal compliance check for MSFT: COMPLIANT
2025-04-11 14:48:18,708 - Quantum Trading Bot - INFO - Quantum device error rate: 0.0387
2025-04-11 14:48:18,712 - Quantum Trading Bot - INFO - Quantum prediction for MSFT: 0.1260 (confidence: 0.9613)
2025-04-11 14:48:18,712 - Quantum Trading Bot - INFO - Trading signal for MSFT: 0.1260 (source: quantum)
2025-04-11 14:48:18,712 - Quantum Trading Bot - INFO - SELL signal for MSFT (score: 0.1260, source: quantum)
2025-04-11 14:48:18,713 - Quantum Trading Bot - WARNING - Cannot sell MSFT - no position
2025-04-11 14:48:18,716 - Quantum Trading Bot - INFO - Processing NVDA
2025-04-11 14:48:18,716 - Quantum Trading Bot - INFO - Mock halal compliance check for NVDA: COMPLIANT
2025-04-11 14:48:18,725 - Quantum Trading Bot - INFO - Quantum device error rate: 0.0348
2025-04-11 14:48:18,728 - Quantum Trading Bot - INFO - Quantum prediction for NVDA: 0.5690 (confidence: 0.7722)
2025-04-11 14:48:18,728 - Quantum Trading Bot - INFO - Trading signal for NVDA: 0.5690 (source: quantum)
2025-04-11 14:48:18,728 - Quantum Trading Bot - INFO - HOLD signal for NVDA (score: 0.5690, source: quantum)
2025-04-11 14:48:18,741 - Quantum Trading Bot - INFO - Performance metrics saved: 40/72 winning trades
2025-04-11 14:48:18,741 - Quantum Trading Bot - INFO - Quantum prediction accuracy: 0.00
2025-04-11 14:48:18,741 - Quantum Trading Bot - INFO - Sleeping for 60 seconds
2025-04-11 14:49:06,576 - Trading System - INFO - Trading Bot is alive: True
2025-04-11 14:49:06,578 - Trading System - INFO - Monitor Bot is alive: True
2025-04-11 14:49:06,578 - Trading System - INFO - Improvement Bot is alive: True
2025-04-11 14:49:18,746 - Quantum Trading Bot - INFO - Starting trading cycle
2025-04-11 14:49:18,748 - Quantum Trading Bot - INFO - Processing AAPL
2025-04-11 14:49:18,748 - Quantum Trading Bot - INFO - Mock halal compliance check for AAPL: COMPLIANT
2025-04-11 14:49:18,773 - Quantum Trading Bot - INFO - Quantum device error rate: 0.0399
2025-04-11 14:49:18,780 - Quantum Trading Bot - INFO - Quantum prediction for AAPL: 0.0880 (confidence: 0.9601)
2025-04-11 14:49:18,780 - Quantum Trading Bot - INFO - Trading signal for AAPL: 0.0880 (source: quantum)
2025-04-11 14:49:18,780 - Quantum Trading Bot - INFO - SELL signal for AAPL (score: 0.0880, source: quantum)
2025-04-11 14:49:18,781 - Quantum Trading Bot - WARNING - Cannot sell AAPL - no position
2025-04-11 14:49:18,785 - Quantum Trading Bot - INFO - Processing MSFT
2025-04-11 14:49:18,785 - Quantum Trading Bot - INFO - Mock halal compliance check for MSFT: COMPLIANT
2025-04-11 14:49:18,796 - Quantum Trading Bot - INFO - Quantum device error rate: 0.0414
2025-04-11 14:49:18,799 - Quantum Trading Bot - INFO - Quantum prediction for MSFT: 0.5970 (confidence: 0.7669)
2025-04-11 14:49:18,799 - Quantum Trading Bot - INFO - Trading signal for MSFT: 0.5970 (source: quantum)
2025-04-11 14:49:18,799 - Quantum Trading Bot - INFO - HOLD signal for MSFT (score: 0.5970, source: quantum)
2025-04-11 14:49:18,802 - Quantum Trading Bot - INFO - Processing NVDA
2025-04-11 14:49:18,802 - Quantum Trading Bot - INFO - Mock halal compliance check for NVDA: COMPLIANT
2025-04-11 14:49:18,810 - Quantum Trading Bot - INFO - Quantum device error rate: 0.0339
2025-04-11 14:49:18,813 - Quantum Trading Bot - INFO - Quantum prediction for NVDA: 0.8920 (confidence: 0.9661)
2025-04-11 14:49:18,813 - Quantum Trading Bot - INFO - Trading signal for NVDA: 0.8920 (source: quantum)
2025-04-11 14:49:18,813 - Quantum Trading Bot - INFO - HOLD signal for NVDA (score: 0.8920, source: quantum)
2025-04-11 14:49:18,826 - Quantum Trading Bot - INFO - Performance metrics saved: 40/72 winning trades
2025-04-11 14:49:18,826 - Quantum Trading Bot - INFO - Quantum prediction accuracy: 0.00
2025-04-11 14:49:18,826 - Quantum Trading Bot - INFO - Sleeping for 60 seconds
2025-04-11 14:50:06,583 - Trading System - INFO - Trading Bot is alive: True
2025-04-11 14:50:06,585 - Trading System - INFO - Monitor Bot is alive: True
2025-04-11 14:50:06,585 - Trading System - INFO - Improvement Bot is alive: True
2025-04-11 14:50:18,831 - Quantum Trading Bot - INFO - Starting trading cycle
2025-04-11 14:50:18,832 - Quantum Trading Bot - INFO - Processing AAPL
2025-04-11 14:50:18,832 - Quantum Trading Bot - INFO - Mock halal compliance check for AAPL: COMPLIANT
2025-04-11 14:50:18,851 - Quantum Trading Bot - INFO - Quantum device error rate: 0.0432
2025-04-11 14:50:18,858 - Quantum Trading Bot - INFO - Quantum prediction for AAPL: 0.5020 (confidence: 0.7654)
2025-04-11 14:50:18,858 - Quantum Trading Bot - INFO - Trading signal for AAPL: 0.5020 (source: quantum)
2025-04-11 14:50:18,858 - Quantum Trading Bot - INFO - HOLD signal for AAPL (score: 0.5020, source: quantum)
2025-04-11 14:50:18,862 - Quantum Trading Bot - INFO - Processing MSFT
2025-04-11 14:50:18,862 - Quantum Trading Bot - INFO - Mock halal compliance check for MSFT: COMPLIANT
2025-04-11 14:50:18,871 - Quantum Trading Bot - INFO - Quantum device error rate: 0.0474
2025-04-11 14:50:18,875 - Quantum Trading Bot - INFO - Quantum prediction for MSFT: 0.2140 (confidence: 0.9526)
2025-04-11 14:50:18,875 - Quantum Trading Bot - INFO - Trading signal for MSFT: 0.2140 (source: quantum)
2025-04-11 14:50:18,875 - Quantum Trading Bot - INFO - SELL signal for MSFT (score: 0.2140, source: quantum)
2025-04-11 14:50:18,876 - Quantum Trading Bot - WARNING - Cannot sell MSFT - no position
2025-04-11 14:50:18,878 - Quantum Trading Bot - INFO - Processing NVDA
2025-04-11 14:50:18,878 - Quantum Trading Bot - INFO - Mock halal compliance check for NVDA: COMPLIANT
2025-04-11 14:50:18,886 - Quantum Trading Bot - INFO - Quantum device error rate: 0.0420
2025-04-11 14:50:18,889 - Quantum Trading Bot - INFO - Quantum prediction for NVDA: 0.6740 (confidence: 0.9580)
2025-04-11 14:50:18,889 - Quantum Trading Bot - INFO - Trading signal for NVDA: 0.6740 (source: quantum)
2025-04-11 14:50:18,889 - Quantum Trading Bot - INFO - HOLD signal for NVDA (score: 0.6740, source: quantum)
2025-04-11 14:50:18,902 - Quantum Trading Bot - INFO - Performance metrics saved: 40/72 winning trades
2025-04-11 14:50:18,902 - Quantum Trading Bot - INFO - Quantum prediction accuracy: 0.00
2025-04-11 14:50:18,902 - Quantum Trading Bot - INFO - Sleeping for 60 seconds
2025-04-11 14:51:06,590 - Trading System - INFO - Trading Bot is alive: True
2025-04-11 14:51:06,592 - Trading System - INFO - Monitor Bot is alive: True
2025-04-11 14:51:06,592 - Trading System - INFO - Improvement Bot is alive: True
2025-04-11 14:51:18,909 - Quantum Trading Bot - INFO - Starting trading cycle
2025-04-11 14:51:18,910 - Quantum Trading Bot - INFO - Processing AAPL
2025-04-11 14:51:18,910 - Quantum Trading Bot - INFO - Mock halal compliance check for AAPL: COMPLIANT
2025-04-11 14:51:18,944 - Quantum Trading Bot - INFO - Quantum device error rate: 0.0312
2025-04-11 14:51:18,951 - Quantum Trading Bot - INFO - Quantum prediction for AAPL: 0.6690 (confidence: 0.9688)
2025-04-11 14:51:18,951 - Quantum Trading Bot - INFO - Trading signal for AAPL: 0.6690 (source: quantum)
2025-04-11 14:51:18,951 - Quantum Trading Bot - INFO - HOLD signal for AAPL (score: 0.6690, source: quantum)
2025-04-11 14:51:18,955 - Quantum Trading Bot - INFO - Processing MSFT
2025-04-11 14:51:18,955 - Quantum Trading Bot - INFO - Mock halal compliance check for MSFT: COMPLIANT
2025-04-11 14:51:18,964 - Quantum Trading Bot - INFO - Quantum device error rate: 0.0333
2025-04-11 14:51:18,969 - Quantum Trading Bot - INFO - Quantum prediction for MSFT: 0.7140 (confidence: 0.9667)
2025-04-11 14:51:18,969 - Quantum Trading Bot - INFO - Trading signal for MSFT: 0.7140 (source: quantum)
2025-04-11 14:51:18,969 - Quantum Trading Bot - INFO - HOLD signal for MSFT (score: 0.7140, source: quantum)
2025-04-11 14:51:18,972 - Quantum Trading Bot - INFO - Processing NVDA
2025-04-11 14:51:18,972 - Quantum Trading Bot - INFO - Mock halal compliance check for NVDA: COMPLIANT
2025-04-11 14:51:18,980 - Quantum Trading Bot - INFO - Quantum device error rate: 0.0504
2025-04-11 14:51:18,988 - Quantum Trading Bot - INFO - Quantum prediction for NVDA: 0.8753 (confidence: 0.9496)
2025-04-11 14:51:18,988 - Quantum Trading Bot - INFO - Trading signal for NVDA: 0.8753 (source: quantum)
2025-04-11 14:51:18,988 - Quantum Trading Bot - INFO - HOLD signal for NVDA (score: 0.8753, source: quantum)
2025-04-11 14:51:19,004 - Quantum Trading Bot - INFO - Performance metrics saved: 40/72 winning trades
2025-04-11 14:51:19,004 - Quantum Trading Bot - INFO - Quantum prediction accuracy: 0.00
2025-04-11 14:51:19,004 - Quantum Trading Bot - INFO - Sleeping for 60 seconds
2025-04-11 14:52:06,621 - Trading System - INFO - Trading Bot is alive: True
2025-04-11 14:52:06,623 - Trading System - INFO - Monitor Bot is alive: True
2025-04-11 14:52:06,624 - Trading System - INFO - Improvement Bot is alive: True
2025-04-11 14:52:19,030 - Quantum Trading Bot - INFO - Starting trading cycle
2025-04-11 14:52:19,031 - Quantum Trading Bot - INFO - Processing AAPL
2025-04-11 14:52:19,031 - Quantum Trading Bot - INFO - Mock halal compliance check for AAPL: COMPLIANT
2025-04-11 14:52:19,057 - Quantum Trading Bot - INFO - Quantum device error rate: 0.0231
2025-04-11 14:52:19,064 - Quantum Trading Bot - INFO - Quantum prediction for AAPL: 0.7070 (confidence: 0.9769)
2025-04-11 14:52:19,064 - Quantum Trading Bot - INFO - Trading signal for AAPL: 0.7070 (source: quantum)
2025-04-11 14:52:19,064 - Quantum Trading Bot - INFO - HOLD signal for AAPL (score: 0.7070, source: quantum)
2025-04-11 14:52:19,067 - Quantum Trading Bot - INFO - Processing MSFT
2025-04-11 14:52:19,067 - Quantum Trading Bot - INFO - Mock halal compliance check for MSFT: COMPLIANT
2025-04-11 14:52:19,076 - Quantum Trading Bot - INFO - Quantum device error rate: 0.0270
2025-04-11 14:52:19,080 - Quantum Trading Bot - INFO - Quantum prediction for MSFT: 0.1630 (confidence: 0.9730)
2025-04-11 14:52:19,080 - Quantum Trading Bot - INFO - Trading signal for MSFT: 0.1630 (source: quantum)
2025-04-11 14:52:19,080 - Quantum Trading Bot - INFO - SELL signal for MSFT (score: 0.1630, source: quantum)
2025-04-11 14:52:19,082 - Quantum Trading Bot - WARNING - Cannot sell MSFT - no position
2025-04-11 14:52:19,085 - Quantum Trading Bot - INFO - Processing NVDA
2025-04-11 14:52:19,085 - Quantum Trading Bot - INFO - Mock halal compliance check for NVDA: COMPLIANT
2025-04-11 14:52:19,093 - Quantum Trading Bot - INFO - Quantum device error rate: 0.0516
2025-04-11 14:52:19,109 - Quantum Trading Bot - INFO - Quantum prediction for NVDA: 0.0474 (confidence: 0.9484)
2025-04-11 14:52:19,109 - Quantum Trading Bot - INFO - Trading signal for NVDA: 0.0474 (source: quantum)
2025-04-11 14:52:19,109 - Quantum Trading Bot - INFO - SELL signal for NVDA (score: 0.0474, source: quantum)
2025-04-11 14:52:19,110 - Quantum Trading Bot - WARNING - Cannot sell NVDA - no position
2025-04-11 14:52:19,125 - Quantum Trading Bot - INFO - Performance metrics saved: 40/72 winning trades
2025-04-11 14:52:19,125 - Quantum Trading Bot - INFO - Quantum prediction accuracy: 0.00
2025-04-11 14:52:19,125 - Quantum Trading Bot - INFO - Sleeping for 60 seconds
2025-04-11 14:53:06,628 - Trading System - INFO - Trading Bot is alive: True
2025-04-11 14:53:06,631 - Trading System - INFO - Monitor Bot is alive: True
2025-04-11 14:53:06,631 - Trading System - INFO - Improvement Bot is alive: True
2025-04-11 14:53:19,131 - Quantum Trading Bot - INFO - Starting trading cycle
2025-04-11 14:53:19,131 - Quantum Trading Bot - INFO - Processing AAPL
2025-04-11 14:53:19,132 - Quantum Trading Bot - INFO - Mock halal compliance check for AAPL: COMPLIANT
2025-04-11 14:53:19,171 - Quantum Trading Bot - INFO - Quantum device error rate: 0.0393
2025-04-11 14:53:19,180 - Quantum Trading Bot - INFO - Quantum prediction for AAPL: 0.8980 (confidence: 0.9607)
2025-04-11 14:53:19,180 - Quantum Trading Bot - INFO - Trading signal for AAPL: 0.8980 (source: quantum)
2025-04-11 14:53:19,180 - Quantum Trading Bot - INFO - HOLD signal for AAPL (score: 0.8980, source: quantum)
2025-04-11 14:53:19,184 - Quantum Trading Bot - INFO - Processing MSFT
2025-04-11 14:53:19,184 - Quantum Trading Bot - INFO - Mock halal compliance check for MSFT: COMPLIANT
2025-04-11 14:53:19,196 - Quantum Trading Bot - INFO - Quantum device error rate: 0.0237
2025-04-11 14:53:19,201 - Quantum Trading Bot - INFO - Quantum prediction for MSFT: 0.4950 (confidence: 0.7810)
2025-04-11 14:53:19,201 - Quantum Trading Bot - INFO - Trading signal for MSFT: 0.4950 (source: quantum)
2025-04-11 14:53:19,201 - Quantum Trading Bot - INFO - HOLD signal for MSFT (score: 0.4950, source: quantum)
2025-04-11 14:53:19,204 - Quantum Trading Bot - INFO - Processing NVDA
2025-04-11 14:53:19,204 - Quantum Trading Bot - INFO - Mock halal compliance check for NVDA: COMPLIANT
2025-04-11 14:53:19,214 - Quantum Trading Bot - INFO - Quantum device error rate: 0.0246
2025-04-11 14:53:19,218 - Quantum Trading Bot - INFO - Quantum prediction for NVDA: 0.2320 (confidence: 0.9754)
2025-04-11 14:53:19,218 - Quantum Trading Bot - INFO - Trading signal for NVDA: 0.2320 (source: quantum)
2025-04-11 14:53:19,218 - Quantum Trading Bot - INFO - SELL signal for NVDA (score: 0.2320, source: quantum)
2025-04-11 14:53:19,220 - Quantum Trading Bot - WARNING - Cannot sell NVDA - no position
2025-04-11 14:53:19,233 - Quantum Trading Bot - INFO - Performance metrics saved: 40/72 winning trades
2025-04-11 14:53:19,234 - Quantum Trading Bot - INFO - Quantum prediction accuracy: 0.00
2025-04-11 14:53:19,234 - Quantum Trading Bot - INFO - Sleeping for 60 seconds
2025-04-11 14:54:06,634 - Trading System - INFO - Trading Bot is alive: True
2025-04-11 14:54:06,637 - Trading System - INFO - Monitor Bot is alive: True
2025-04-11 14:54:06,637 - Trading System - INFO - Improvement Bot is alive: True
2025-04-11 14:54:19,237 - Quantum Trading Bot - INFO - Starting trading cycle
2025-04-11 14:54:19,237 - Quantum Trading Bot - INFO - Processing AAPL
2025-04-11 14:54:19,237 - Quantum Trading Bot - INFO - Mock halal compliance check for AAPL: COMPLIANT
2025-04-11 14:54:19,259 - Quantum Trading Bot - INFO - Quantum device error rate: 0.0396
2025-04-11 14:54:19,269 - Quantum Trading Bot - INFO - Quantum prediction for AAPL: 0.3200 (confidence: 0.9604)
2025-04-11 14:54:19,269 - Quantum Trading Bot - INFO - Trading signal for AAPL: 0.3200 (source: quantum)
2025-04-11 14:54:19,269 - Quantum Trading Bot - INFO - HOLD signal for AAPL (score: 0.3200, source: quantum)
2025-04-11 14:54:19,273 - Quantum Trading Bot - INFO - Processing MSFT
2025-04-11 14:54:19,274 - Quantum Trading Bot - INFO - Mock halal compliance check for MSFT: COMPLIANT
2025-04-11 14:54:19,283 - Quantum Trading Bot - INFO - Quantum device error rate: 0.0261
2025-04-11 14:54:19,287 - Quantum Trading Bot - INFO - Quantum prediction for MSFT: 0.5870 (confidence: 0.7791)
2025-04-11 14:54:19,287 - Quantum Trading Bot - INFO - Trading signal for MSFT: 0.5870 (source: quantum)
2025-04-11 14:54:19,287 - Quantum Trading Bot - INFO - HOLD signal for MSFT (score: 0.5870, source: quantum)
2025-04-11 14:54:19,289 - Quantum Trading Bot - INFO - Processing NVDA
2025-04-11 14:54:19,289 - Quantum Trading Bot - INFO - Mock halal compliance check for NVDA: COMPLIANT
2025-04-11 14:54:19,298 - Quantum Trading Bot - INFO - Quantum device error rate: 0.0459
2025-04-11 14:54:19,301 - Quantum Trading Bot - INFO - Quantum prediction for NVDA: 0.4100 (confidence: 0.7633)
2025-04-11 14:54:19,301 - Quantum Trading Bot - INFO - Trading signal for NVDA: 0.4100 (source: quantum)
2025-04-11 14:54:19,301 - Quantum Trading Bot - INFO - HOLD signal for NVDA (score: 0.4100, source: quantum)
2025-04-11 14:54:19,314 - Quantum Trading Bot - INFO - Performance metrics saved: 40/72 winning trades
2025-04-11 14:54:19,314 - Quantum Trading Bot - INFO - Quantum prediction accuracy: 0.00
2025-04-11 14:54:19,315 - Quantum Trading Bot - INFO - Sleeping for 60 seconds
2025-04-11 14:55:06,643 - Trading System - INFO - Trading Bot is alive: True
2025-04-11 14:55:06,646 - Trading System - INFO - Monitor Bot is alive: True
2025-04-11 14:55:06,646 - Trading System - INFO - Improvement Bot is alive: True
2025-04-11 14:55:19,319 - Quantum Trading Bot - INFO - Starting trading cycle
2025-04-11 14:55:19,321 - Quantum Trading Bot - INFO - Processing AAPL
2025-04-11 14:55:19,321 - Quantum Trading Bot - INFO - Mock halal compliance check for AAPL: COMPLIANT
2025-04-11 14:55:19,343 - Quantum Trading Bot - INFO - Quantum device error rate: 0.0357
2025-04-11 14:55:19,349 - Quantum Trading Bot - INFO - Quantum prediction for AAPL: 0.3780 (confidence: 0.9643)
2025-04-11 14:55:19,349 - Quantum Trading Bot - INFO - Trading signal for AAPL: 0.3780 (source: quantum)
2025-04-11 14:55:19,349 - Quantum Trading Bot - INFO - HOLD signal for AAPL (score: 0.3780, source: quantum)
2025-04-11 14:55:19,352 - Quantum Trading Bot - INFO - Processing MSFT
2025-04-11 14:55:19,352 - Quantum Trading Bot - INFO - Mock halal compliance check for MSFT: COMPLIANT
2025-04-11 14:55:19,361 - Quantum Trading Bot - INFO - Quantum device error rate: 0.0423
2025-04-11 14:55:19,365 - Quantum Trading Bot - INFO - Quantum prediction for MSFT: 0.2270 (confidence: 0.9577)
2025-04-11 14:55:19,365 - Quantum Trading Bot - INFO - Trading signal for MSFT: 0.2270 (source: quantum)
2025-04-11 14:55:19,365 - Quantum Trading Bot - INFO - SELL signal for MSFT (score: 0.2270, source: quantum)
2025-04-11 14:55:19,366 - Quantum Trading Bot - WARNING - Cannot sell MSFT - no position
2025-04-11 14:55:19,369 - Quantum Trading Bot - INFO - Processing NVDA
2025-04-11 14:55:19,369 - Quantum Trading Bot - INFO - Mock halal compliance check for NVDA: COMPLIANT
2025-04-11 14:55:19,377 - Quantum Trading Bot - INFO - Quantum device error rate: 0.0528
2025-04-11 14:55:19,386 - Quantum Trading Bot - INFO - Quantum prediction for NVDA: 0.5081 (confidence: 0.7578)
2025-04-11 14:55:19,386 - Quantum Trading Bot - INFO - Trading signal for NVDA: 0.5081 (source: quantum)
2025-04-11 14:55:19,387 - Quantum Trading Bot - INFO - HOLD signal for NVDA (score: 0.5081, source: quantum)
2025-04-11 14:55:19,399 - Quantum Trading Bot - INFO - Performance metrics saved: 40/72 winning trades
2025-04-11 14:55:19,399 - Quantum Trading Bot - INFO - Quantum prediction accuracy: 0.00
2025-04-11 14:55:19,399 - Quantum Trading Bot - INFO - Sleeping for 60 seconds
2025-04-11 14:56:06,650 - Trading System - INFO - Trading Bot is alive: True
2025-04-11 14:56:06,652 - Trading System - INFO - Monitor Bot is alive: True
2025-04-11 14:56:06,652 - Trading System - INFO - Improvement Bot is alive: True
2025-04-11 14:56:19,404 - Quantum Trading Bot - INFO - Starting trading cycle
2025-04-11 14:56:19,405 - Quantum Trading Bot - INFO - Processing AAPL
2025-04-11 14:56:19,405 - Quantum Trading Bot - INFO - Mock halal compliance check for AAPL: COMPLIANT
2025-04-11 14:56:19,416 - Quantum Trading Bot - INFO - Quantum device error rate: 0.0249
2025-04-11 14:56:19,421 - Quantum Trading Bot - INFO - Quantum prediction for AAPL: 0.7060 (confidence: 0.9751)
2025-04-11 14:56:19,421 - Quantum Trading Bot - INFO - Trading signal for AAPL: 0.7060 (source: quantum)
2025-04-11 14:56:19,421 - Quantum Trading Bot - INFO - HOLD signal for AAPL (score: 0.7060, source: quantum)
2025-04-11 14:56:19,424 - Quantum Trading Bot - INFO - Processing MSFT
2025-04-11 14:56:19,424 - Quantum Trading Bot - INFO - Mock halal compliance check for MSFT: COMPLIANT
2025-04-11 14:56:19,433 - Quantum Trading Bot - INFO - Quantum device error rate: 0.0189
2025-04-11 14:56:19,436 - Quantum Trading Bot - INFO - Quantum prediction for MSFT: 0.2290 (confidence: 0.9811)
2025-04-11 14:56:19,436 - Quantum Trading Bot - INFO - Trading signal for MSFT: 0.2290 (source: quantum)
2025-04-11 14:56:19,436 - Quantum Trading Bot - INFO - SELL signal for MSFT (score: 0.2290, source: quantum)
2025-04-11 14:56:19,437 - Quantum Trading Bot - WARNING - Cannot sell MSFT - no position
2025-04-11 14:56:19,440 - Quantum Trading Bot - INFO - Processing NVDA
2025-04-11 14:56:19,440 - Quantum Trading Bot - INFO - Mock halal compliance check for NVDA: COMPLIANT
2025-04-11 14:56:19,447 - Quantum Trading Bot - INFO - Quantum device error rate: 0.0243
2025-04-11 14:56:19,451 - Quantum Trading Bot - INFO - Quantum prediction for NVDA: 0.5050 (confidence: 0.7806)
2025-04-11 14:56:19,451 - Quantum Trading Bot - INFO - Trading signal for NVDA: 0.5050 (source: quantum)
2025-04-11 14:56:19,451 - Quantum Trading Bot - INFO - HOLD signal for NVDA (score: 0.5050, source: quantum)
2025-04-11 14:56:19,466 - Quantum Trading Bot - INFO - Performance metrics saved: 40/72 winning trades
2025-04-11 14:56:19,466 - Quantum Trading Bot - INFO - Quantum prediction accuracy: 0.00
2025-04-11 14:56:19,466 - Quantum Trading Bot - INFO - Sleeping for 60 seconds
2025-04-11 14:57:06,655 - Trading System - INFO - Trading Bot is alive: True
2025-04-11 14:57:06,657 - Trading System - INFO - Monitor Bot is alive: True
2025-04-11 14:57:06,657 - Trading System - INFO - Improvement Bot is alive: True
2025-04-11 14:57:19,471 - Quantum Trading Bot - INFO - Starting trading cycle
2025-04-11 14:57:19,471 - Quantum Trading Bot - INFO - Processing AAPL
2025-04-11 14:57:19,471 - Quantum Trading Bot - INFO - Mock halal compliance check for AAPL: COMPLIANT
2025-04-11 14:57:19,485 - Quantum Trading Bot - INFO - Quantum device error rate: 0.0267
2025-04-11 14:57:19,490 - Quantum Trading Bot - INFO - Quantum prediction for AAPL: 0.5900 (confidence: 0.7786)
2025-04-11 14:57:19,490 - Quantum Trading Bot - INFO - Trading signal for AAPL: 0.5900 (source: quantum)
2025-04-11 14:57:19,490 - Quantum Trading Bot - INFO - HOLD signal for AAPL (score: 0.5900, source: quantum)
2025-04-11 14:57:19,492 - Quantum Trading Bot - INFO - Processing MSFT
2025-04-11 14:57:19,492 - Quantum Trading Bot - INFO - Mock halal compliance check for MSFT: COMPLIANT
2025-04-11 14:57:19,500 - Quantum Trading Bot - INFO - Quantum device error rate: 0.0303
2025-04-11 14:57:19,504 - Quantum Trading Bot - INFO - Quantum prediction for MSFT: 0.5640 (confidence: 0.7758)
2025-04-11 14:57:19,504 - Quantum Trading Bot - INFO - Trading signal for MSFT: 0.5640 (source: quantum)
2025-04-11 14:57:19,504 - Quantum Trading Bot - INFO - HOLD signal for MSFT (score: 0.5640, source: quantum)
2025-04-11 14:57:19,506 - Quantum Trading Bot - INFO - Processing NVDA
2025-04-11 14:57:19,506 - Quantum Trading Bot - INFO - Mock halal compliance check for NVDA: COMPLIANT
2025-04-11 14:57:19,513 - Quantum Trading Bot - INFO - Quantum device error rate: 0.0417
2025-04-11 14:57:19,517 - Quantum Trading Bot - INFO - Quantum prediction for NVDA: 0.5370 (confidence: 0.7666)
2025-04-11 14:57:19,517 - Quantum Trading Bot - INFO - Trading signal for NVDA: 0.5370 (source: quantum)
2025-04-11 14:57:19,517 - Quantum Trading Bot - INFO - HOLD signal for NVDA (score: 0.5370, source: quantum)
2025-04-11 14:57:19,529 - Quantum Trading Bot - INFO - Performance metrics saved: 40/72 winning trades
2025-04-11 14:57:19,529 - Quantum Trading Bot - INFO - Quantum prediction accuracy: 0.00
2025-04-11 14:57:19,529 - Quantum Trading Bot - INFO - Sleeping for 60 seconds
2025-04-11 14:58:06,660 - Trading System - INFO - Trading Bot is alive: True
2025-04-11 14:58:06,662 - Trading System - INFO - Monitor Bot is alive: True
2025-04-11 14:58:06,662 - Trading System - INFO - Improvement Bot is alive: True
2025-04-11 14:58:19,534 - Quantum Trading Bot - INFO - Starting trading cycle
2025-04-11 14:58:19,535 - Quantum Trading Bot - INFO - Processing AAPL
2025-04-11 14:58:19,535 - Quantum Trading Bot - INFO - Mock halal compliance check for AAPL: COMPLIANT
2025-04-11 14:58:19,562 - Quantum Trading Bot - INFO - Quantum device error rate: 0.0357
2025-04-11 14:58:19,570 - Quantum Trading Bot - INFO - Quantum prediction for AAPL: 0.2220 (confidence: 0.9643)
2025-04-11 14:58:19,570 - Quantum Trading Bot - INFO - Trading signal for AAPL: 0.2220 (source: quantum)
2025-04-11 14:58:19,571 - Quantum Trading Bot - INFO - SELL signal for AAPL (score: 0.2220, source: quantum)
2025-04-11 14:58:19,573 - Quantum Trading Bot - WARNING - Cannot sell AAPL - no position
2025-04-11 14:58:19,576 - Quantum Trading Bot - INFO - Processing MSFT
2025-04-11 14:58:19,576 - Quantum Trading Bot - INFO - Mock halal compliance check for MSFT: COMPLIANT
2025-04-11 14:58:19,584 - Quantum Trading Bot - INFO - Quantum device error rate: 0.0588
2025-04-11 14:58:19,593 - Quantum Trading Bot - INFO - Quantum prediction for MSFT: 0.2766 (confidence: 0.9412)
2025-04-11 14:58:19,593 - Quantum Trading Bot - INFO - Trading signal for MSFT: 0.2766 (source: quantum)
2025-04-11 14:58:19,593 - Quantum Trading Bot - INFO - SELL signal for MSFT (score: 0.2766, source: quantum)
2025-04-11 14:58:19,594 - Quantum Trading Bot - WARNING - Cannot sell MSFT - no position
2025-04-11 14:58:19,596 - Quantum Trading Bot - INFO - Processing NVDA
2025-04-11 14:58:19,596 - Quantum Trading Bot - INFO - Mock halal compliance check for NVDA: COMPLIANT
2025-04-11 14:58:19,604 - Quantum Trading Bot - INFO - Quantum device error rate: 0.0327
2025-04-11 14:58:19,608 - Quantum Trading Bot - INFO - Quantum prediction for NVDA: 0.4740 (confidence: 0.7738)
2025-04-11 14:58:19,608 - Quantum Trading Bot - INFO - Trading signal for NVDA: 0.4740 (source: quantum)
2025-04-11 14:58:19,608 - Quantum Trading Bot - INFO - HOLD signal for NVDA (score: 0.4740, source: quantum)
2025-04-11 14:58:19,620 - Quantum Trading Bot - INFO - Performance metrics saved: 40/72 winning trades
2025-04-11 14:58:19,620 - Quantum Trading Bot - INFO - Quantum prediction accuracy: 0.00
2025-04-11 14:58:19,621 - Quantum Trading Bot - INFO - Sleeping for 60 seconds
2025-04-11 14:59:06,666 - Trading System - INFO - Trading Bot is alive: True
2025-04-11 14:59:06,668 - Trading System - INFO - Monitor Bot is alive: True
2025-04-11 14:59:06,668 - Trading System - INFO - Improvement Bot is alive: True
2025-04-11 14:59:19,622 - Quantum Trading Bot - INFO - Starting trading cycle
2025-04-11 14:59:19,623 - Quantum Trading Bot - INFO - Processing AAPL
2025-04-11 14:59:19,623 - Quantum Trading Bot - INFO - Mock halal compliance check for AAPL: COMPLIANT
2025-04-11 14:59:19,637 - Quantum Trading Bot - INFO - Quantum device error rate: 0.0369
2025-04-11 14:59:19,642 - Quantum Trading Bot - INFO - Quantum prediction for AAPL: 0.3170 (confidence: 0.9631)
2025-04-11 14:59:19,642 - Quantum Trading Bot - INFO - Trading signal for AAPL: 0.3170 (source: quantum)
2025-04-11 14:59:19,642 - Quantum Trading Bot - INFO - HOLD signal for AAPL (score: 0.3170, source: quantum)
2025-04-11 14:59:19,645 - Quantum Trading Bot - INFO - Processing MSFT
2025-04-11 14:59:19,645 - Quantum Trading Bot - INFO - Mock halal compliance check for MSFT: COMPLIANT
2025-04-11 14:59:19,653 - Quantum Trading Bot - INFO - Quantum device error rate: 0.0330
2025-04-11 14:59:19,657 - Quantum Trading Bot - INFO - Quantum prediction for MSFT: 0.3800 (confidence: 0.9670)
2025-04-11 14:59:19,657 - Quantum Trading Bot - INFO - Trading signal for MSFT: 0.3800 (source: quantum)
2025-04-11 14:59:19,657 - Quantum Trading Bot - INFO - HOLD signal for MSFT (score: 0.3800, source: quantum)
2025-04-11 14:59:19,659 - Quantum Trading Bot - INFO - Processing NVDA
2025-04-11 14:59:19,659 - Quantum Trading Bot - INFO - Mock halal compliance check for NVDA: COMPLIANT
2025-04-11 14:59:19,673 - Quantum Trading Bot - INFO - Quantum device error rate: 0.0282
2025-04-11 14:59:19,677 - Quantum Trading Bot - INFO - Quantum prediction for NVDA: 0.7650 (confidence: 0.9718)
2025-04-11 14:59:19,678 - Quantum Trading Bot - INFO - Trading signal for NVDA: 0.7650 (source: quantum)
2025-04-11 14:59:19,678 - Quantum Trading Bot - INFO - HOLD signal for NVDA (score: 0.7650, source: quantum)
2025-04-11 14:59:19,690 - Quantum Trading Bot - INFO - Performance metrics saved: 40/72 winning trades
2025-04-11 14:59:19,690 - Quantum Trading Bot - INFO - Quantum prediction accuracy: 0.00
2025-04-11 14:59:19,691 - Quantum Trading Bot - INFO - Sleeping for 60 seconds
2025-04-11 15:00:06,674 - Trading System - INFO - Trading Bot is alive: True
2025-04-11 15:00:06,676 - Trading System - INFO - Monitor Bot is alive: True
2025-04-11 15:00:06,677 - Trading System - INFO - Improvement Bot is alive: True
2025-04-11 15:00:19,696 - Quantum Trading Bot - INFO - Starting trading cycle
2025-04-11 15:00:19,696 - Quantum Trading Bot - INFO - Processing AAPL
2025-04-11 15:00:19,697 - Quantum Trading Bot - INFO - Mock halal compliance check for AAPL: COMPLIANT
2025-04-11 15:00:19,706 - Quantum Trading Bot - INFO - Quantum device error rate: 0.0495
2025-04-11 15:00:19,709 - Quantum Trading Bot - INFO - Quantum prediction for AAPL: 0.7870 (confidence: 0.9505)
2025-04-11 15:00:19,710 - Quantum Trading Bot - INFO - Trading signal for AAPL: 0.7870 (source: quantum)
2025-04-11 15:00:19,710 - Quantum Trading Bot - INFO - HOLD signal for AAPL (score: 0.7870, source: quantum)
2025-04-11 15:00:19,712 - Quantum Trading Bot - INFO - Processing MSFT
2025-04-11 15:00:19,712 - Quantum Trading Bot - INFO - Mock halal compliance check for MSFT: COMPLIANT
2025-04-11 15:00:19,721 - Quantum Trading Bot - INFO - Quantum device error rate: 0.0390
2025-04-11 15:00:19,724 - Quantum Trading Bot - INFO - Quantum prediction for MSFT: 0.7640 (confidence: 0.9610)
2025-04-11 15:00:19,724 - Quantum Trading Bot - INFO - Trading signal for MSFT: 0.7640 (source: quantum)
2025-04-11 15:00:19,724 - Quantum Trading Bot - INFO - HOLD signal for MSFT (score: 0.7640, source: quantum)
2025-04-11 15:00:19,727 - Quantum Trading Bot - INFO - Processing NVDA
2025-04-11 15:00:19,727 - Quantum Trading Bot - INFO - Mock halal compliance check for NVDA: COMPLIANT
2025-04-11 15:00:19,735 - Quantum Trading Bot - INFO - Quantum device error rate: 0.0375
2025-04-11 15:00:19,739 - Quantum Trading Bot - INFO - Quantum prediction for NVDA: 0.6040 (confidence: 0.9625)
2025-04-11 15:00:19,739 - Quantum Trading Bot - INFO - Trading signal for NVDA: 0.6040 (source: quantum)
2025-04-11 15:00:19,739 - Quantum Trading Bot - INFO - HOLD signal for NVDA (score: 0.6040, source: quantum)
2025-04-11 15:00:19,751 - Quantum Trading Bot - INFO - Performance metrics saved: 40/72 winning trades
2025-04-11 15:00:19,751 - Quantum Trading Bot - INFO - Quantum prediction accuracy: 0.00
2025-04-11 15:00:19,751 - Quantum Trading Bot - INFO - Sleeping for 60 seconds
2025-04-11 15:01:06,682 - Trading System - INFO - Trading Bot is alive: True
2025-04-11 15:01:06,683 - Trading System - INFO - Monitor Bot is alive: True
2025-04-11 15:01:06,683 - Trading System - INFO - Improvement Bot is alive: True
2025-04-11 15:01:19,756 - Quantum Trading Bot - INFO - Starting trading cycle
2025-04-11 15:01:19,757 - Quantum Trading Bot - INFO - Processing AAPL
2025-04-11 15:01:19,757 - Quantum Trading Bot - INFO - Mock halal compliance check for AAPL: COMPLIANT
2025-04-11 15:01:19,771 - Quantum Trading Bot - INFO - Quantum device error rate: 0.0456
2025-04-11 15:01:19,776 - Quantum Trading Bot - INFO - Quantum prediction for AAPL: 0.6140 (confidence: 0.9544)
2025-04-11 15:01:19,776 - Quantum Trading Bot - INFO - Trading signal for AAPL: 0.6140 (source: quantum)
2025-04-11 15:01:19,776 - Quantum Trading Bot - INFO - HOLD signal for AAPL (score: 0.6140, source: quantum)
2025-04-11 15:01:19,779 - Quantum Trading Bot - INFO - Processing MSFT
2025-04-11 15:01:19,779 - Quantum Trading Bot - INFO - Mock halal compliance check for MSFT: COMPLIANT
2025-04-11 15:01:19,787 - Quantum Trading Bot - INFO - Quantum device error rate: 0.0255
2025-04-11 15:01:19,790 - Quantum Trading Bot - INFO - Quantum prediction for MSFT: 0.4500 (confidence: 0.7796)
2025-04-11 15:01:19,790 - Quantum Trading Bot - INFO - Trading signal for MSFT: 0.4500 (source: quantum)
2025-04-11 15:01:19,790 - Quantum Trading Bot - INFO - HOLD signal for MSFT (score: 0.4500, source: quantum)
2025-04-11 15:01:19,793 - Quantum Trading Bot - INFO - Processing NVDA
2025-04-11 15:01:19,793 - Quantum Trading Bot - INFO - Mock halal compliance check for NVDA: COMPLIANT
2025-04-11 15:01:19,800 - Quantum Trading Bot - INFO - Quantum device error rate: 0.0357
2025-04-11 15:01:19,804 - Quantum Trading Bot - INFO - Quantum prediction for NVDA: 0.7680 (confidence: 0.9643)
2025-04-11 15:01:19,804 - Quantum Trading Bot - INFO - Trading signal for NVDA: 0.7680 (source: quantum)
2025-04-11 15:01:19,804 - Quantum Trading Bot - INFO - HOLD signal for NVDA (score: 0.7680, source: quantum)
2025-04-11 15:01:19,816 - Quantum Trading Bot - INFO - Performance metrics saved: 40/72 winning trades
2025-04-11 15:01:19,816 - Quantum Trading Bot - INFO - Quantum prediction accuracy: 0.00
2025-04-11 15:01:19,817 - Quantum Trading Bot - INFO - Sleeping for 60 seconds
2025-04-11 15:02:06,688 - Trading System - INFO - Trading Bot is alive: True
2025-04-11 15:02:06,691 - Trading System - INFO - Monitor Bot is alive: True
2025-04-11 15:02:06,691 - Trading System - INFO - Improvement Bot is alive: True
2025-04-11 15:02:19,822 - Quantum Trading Bot - INFO - Starting trading cycle
2025-04-11 15:02:19,822 - Quantum Trading Bot - INFO - Processing AAPL
2025-04-11 15:02:19,822 - Quantum Trading Bot - INFO - Mock halal compliance check for AAPL: COMPLIANT
2025-04-11 15:02:19,846 - Quantum Trading Bot - INFO - Quantum device error rate: 0.0462
2025-04-11 15:02:19,857 - Quantum Trading Bot - INFO - Quantum prediction for AAPL: 0.4650 (confidence: 0.7630)
2025-04-11 15:02:19,857 - Quantum Trading Bot - INFO - Trading signal for AAPL: 0.4650 (source: quantum)
2025-04-11 15:02:19,857 - Quantum Trading Bot - INFO - HOLD signal for AAPL (score: 0.4650, source: quantum)
2025-04-11 15:02:19,860 - Quantum Trading Bot - INFO - Processing MSFT
2025-04-11 15:02:19,860 - Quantum Trading Bot - INFO - Mock halal compliance check for MSFT: COMPLIANT
2025-04-11 15:02:19,869 - Quantum Trading Bot - INFO - Quantum device error rate: 0.0399
2025-04-11 15:02:19,872 - Quantum Trading Bot - INFO - Quantum prediction for MSFT: 0.4690 (confidence: 0.7681)
2025-04-11 15:02:19,872 - Quantum Trading Bot - INFO - Trading signal for MSFT: 0.4690 (source: quantum)
2025-04-11 15:02:19,872 - Quantum Trading Bot - INFO - HOLD signal for MSFT (score: 0.4690, source: quantum)
2025-04-11 15:02:19,877 - Quantum Trading Bot - INFO - Processing NVDA
2025-04-11 15:02:19,877 - Quantum Trading Bot - INFO - Mock halal compliance check for NVDA: COMPLIANT
2025-04-11 15:02:19,895 - Quantum Trading Bot - INFO - Quantum device error rate: 0.0402
2025-04-11 15:02:19,900 - Quantum Trading Bot - INFO - Quantum prediction for NVDA: 0.8330 (confidence: 0.9598)
2025-04-11 15:02:19,901 - Quantum Trading Bot - INFO - Trading signal for NVDA: 0.8330 (source: quantum)
2025-04-11 15:02:19,901 - Quantum Trading Bot - INFO - HOLD signal for NVDA (score: 0.8330, source: quantum)
2025-04-11 15:02:19,917 - Quantum Trading Bot - INFO - Performance metrics saved: 40/72 winning trades
2025-04-11 15:02:19,917 - Quantum Trading Bot - INFO - Quantum prediction accuracy: 0.00
2025-04-11 15:02:19,917 - Quantum Trading Bot - INFO - Sleeping for 60 seconds
2025-04-11 15:03:06,696 - Trading System - INFO - Trading Bot is alive: True
2025-04-11 15:03:06,698 - Trading System - INFO - Monitor Bot is alive: True
2025-04-11 15:03:06,698 - Trading System - INFO - Improvement Bot is alive: True
2025-04-11 15:03:19,922 - Quantum Trading Bot - INFO - Starting trading cycle
2025-04-11 15:03:19,924 - Quantum Trading Bot - INFO - Processing AAPL
2025-04-11 15:03:19,924 - Quantum Trading Bot - INFO - Mock halal compliance check for AAPL: COMPLIANT
2025-04-11 15:03:19,963 - Quantum Trading Bot - INFO - Quantum device error rate: 0.0258
2025-04-11 15:03:19,973 - Quantum Trading Bot - INFO - Quantum prediction for AAPL: 0.6750 (confidence: 0.9742)
2025-04-11 15:03:19,973 - Quantum Trading Bot - INFO - Trading signal for AAPL: 0.6750 (source: quantum)
2025-04-11 15:03:19,973 - Quantum Trading Bot - INFO - HOLD signal for AAPL (score: 0.6750, source: quantum)
2025-04-11 15:03:19,976 - Quantum Trading Bot - INFO - Processing MSFT
2025-04-11 15:03:19,977 - Quantum Trading Bot - INFO - Mock halal compliance check for MSFT: COMPLIANT
2025-04-11 15:03:19,985 - Quantum Trading Bot - INFO - Quantum device error rate: 0.0369
2025-04-11 15:03:19,991 - Quantum Trading Bot - INFO - Quantum prediction for MSFT: 0.5670 (confidence: 0.7705)
2025-04-11 15:03:19,991 - Quantum Trading Bot - INFO - Trading signal for MSFT: 0.5670 (source: quantum)
2025-04-11 15:03:19,991 - Quantum Trading Bot - INFO - HOLD signal for MSFT (score: 0.5670, source: quantum)
2025-04-11 15:03:19,995 - Quantum Trading Bot - INFO - Processing NVDA
2025-04-11 15:03:19,995 - Quantum Trading Bot - INFO - Mock halal compliance check for NVDA: COMPLIANT
2025-04-11 15:03:20,004 - Quantum Trading Bot - INFO - Quantum device error rate: 0.0657
2025-04-11 15:03:20,018 - Quantum Trading Bot - INFO - Quantum prediction for NVDA: 0.4410 (confidence: 0.7474)
2025-04-11 15:03:20,018 - Quantum Trading Bot - INFO - Trading signal for NVDA: 0.4410 (source: quantum)
2025-04-11 15:03:20,018 - Quantum Trading Bot - INFO - HOLD signal for NVDA (score: 0.4410, source: quantum)
2025-04-11 15:03:20,038 - Quantum Trading Bot - INFO - Performance metrics saved: 40/72 winning trades
2025-04-11 15:03:20,038 - Quantum Trading Bot - INFO - Quantum prediction accuracy: 0.00
2025-04-11 15:03:20,038 - Quantum Trading Bot - INFO - Sleeping for 60 seconds
2025-04-11 15:04:06,707 - Trading System - INFO - Trading Bot is alive: True
2025-04-11 15:04:06,709 - Trading System - INFO - Monitor Bot is alive: True
2025-04-11 15:04:06,709 - Trading System - INFO - Improvement Bot is alive: True
2025-04-11 15:04:20,048 - Quantum Trading Bot - INFO - Starting trading cycle
2025-04-11 15:04:20,049 - Quantum Trading Bot - INFO - Processing AAPL
2025-04-11 15:04:20,049 - Quantum Trading Bot - INFO - Mock halal compliance check for AAPL: COMPLIANT
2025-04-11 15:04:20,057 - Quantum Trading Bot - INFO - Quantum device error rate: 0.0420
2025-04-11 15:04:20,061 - Quantum Trading Bot - INFO - Quantum prediction for AAPL: 0.6390 (confidence: 0.9580)
2025-04-11 15:04:20,061 - Quantum Trading Bot - INFO - Trading signal for AAPL: 0.6390 (source: quantum)
2025-04-11 15:04:20,061 - Quantum Trading Bot - INFO - HOLD signal for AAPL (score: 0.6390, source: quantum)
2025-04-11 15:04:20,064 - Quantum Trading Bot - INFO - Processing MSFT
2025-04-11 15:04:20,064 - Quantum Trading Bot - INFO - Mock halal compliance check for MSFT: COMPLIANT
2025-04-11 15:04:20,071 - Quantum Trading Bot - INFO - Quantum device error rate: 0.0294
2025-04-11 15:04:20,075 - Quantum Trading Bot - INFO - Quantum prediction for MSFT: 0.4180 (confidence: 0.7765)
2025-04-11 15:04:20,075 - Quantum Trading Bot - INFO - Trading signal for MSFT: 0.4180 (source: quantum)
2025-04-11 15:04:20,075 - Quantum Trading Bot - INFO - HOLD signal for MSFT (score: 0.4180, source: quantum)
2025-04-11 15:04:20,078 - Quantum Trading Bot - INFO - Processing NVDA
2025-04-11 15:04:20,078 - Quantum Trading Bot - INFO - Mock halal compliance check for NVDA: COMPLIANT
2025-04-11 15:04:20,091 - Quantum Trading Bot - INFO - Quantum device error rate: 0.0372
2025-04-11 15:04:20,096 - Quantum Trading Bot - INFO - Quantum prediction for NVDA: 0.0820 (confidence: 0.9628)
2025-04-11 15:04:20,096 - Quantum Trading Bot - INFO - Trading signal for NVDA: 0.0820 (source: quantum)
2025-04-11 15:04:20,096 - Quantum Trading Bot - INFO - SELL signal for NVDA (score: 0.0820, source: quantum)
2025-04-11 15:04:20,097 - Quantum Trading Bot - WARNING - Cannot sell NVDA - no position
2025-04-11 15:04:20,110 - Quantum Trading Bot - INFO - Performance metrics saved: 40/72 winning trades
2025-04-11 15:04:20,110 - Quantum Trading Bot - INFO - Quantum prediction accuracy: 0.00
2025-04-11 15:04:20,122 - Quantum Trading Bot - INFO - Quantum device error rate: 0.0180
2025-04-11 15:04:20,125 - Quantum Trading Bot - INFO - Quantum portfolio optimization complete: {'AAPL': np.float64(0.3407859078590786), 'MSFT': np.float64(0.3245257452574526), 'NVDA': np.float64(0.3346883468834688)}
2025-04-11 15:04:20,125 - Quantum Trading Bot - INFO - Optimal portfolio weights: {'AAPL': np.float64(0.3407859078590786), 'MSFT': np.float64(0.3245257452574526), 'NVDA': np.float64(0.3346883468834688)}
2025-04-11 15:04:20,126 - Quantum Trading Bot - INFO - Sleeping for 60 seconds
2025-04-11 15:05:05,376 - Improvement Bot - INFO - Running scheduled task: System Health Analysis
2025-04-11 15:05:05,387 - Improvement Bot - INFO - Win rate trend: +0.00%
2025-04-11 15:05:05,387 - Improvement Bot - INFO - Profit trend: +0.00%
2025-04-11 15:05:05,388 - Improvement Bot - INFO - System health analysis completed: healthy
2025-04-11 15:05:05,389 - Improvement Bot - INFO - Task System Health Analysis completed successfully
2025-04-11 15:05:06,714 - Trading System - INFO - Trading Bot is alive: True
2025-04-11 15:05:06,714 - Trading System - INFO - Monitor Bot is alive: True
2025-04-11 15:05:06,715 - Trading System - INFO - Improvement Bot is alive: True
2025-04-11 15:05:20,129 - Quantum Trading Bot - INFO - Starting trading cycle
2025-04-11 15:05:20,129 - Quantum Trading Bot - INFO - Processing AAPL
2025-04-11 15:05:20,129 - Quantum Trading Bot - INFO - Mock halal compliance check for AAPL: COMPLIANT
2025-04-11 15:05:20,143 - Quantum Trading Bot - INFO - Quantum device error rate: 0.0315
2025-04-11 15:05:20,148 - Quantum Trading Bot - INFO - Quantum prediction for AAPL: 0.3090 (confidence: 0.9685)
2025-04-11 15:05:20,148 - Quantum Trading Bot - INFO - Trading signal for AAPL: 0.3090 (source: quantum)
2025-04-11 15:05:20,148 - Quantum Trading Bot - INFO - HOLD signal for AAPL (score: 0.3090, source: quantum)
2025-04-11 15:05:20,151 - Quantum Trading Bot - INFO - Processing MSFT
2025-04-11 15:05:20,151 - Quantum Trading Bot - INFO - Mock halal compliance check for MSFT: COMPLIANT
2025-04-11 15:05:20,159 - Quantum Trading Bot - INFO - Quantum device error rate: 0.0498
2025-04-11 15:05:20,163 - Quantum Trading Bot - INFO - Quantum prediction for MSFT: 0.6580 (confidence: 0.9502)
2025-04-11 15:05:20,163 - Quantum Trading Bot - INFO - Trading signal for MSFT: 0.6580 (source: quantum)
2025-04-11 15:05:20,163 - Quantum Trading Bot - INFO - HOLD signal for MSFT (score: 0.6580, source: quantum)
2025-04-11 15:05:20,166 - Quantum Trading Bot - INFO - Processing NVDA
2025-04-11 15:05:20,166 - Quantum Trading Bot - INFO - Mock halal compliance check for NVDA: COMPLIANT
2025-04-11 15:05:20,174 - Quantum Trading Bot - INFO - Quantum device error rate: 0.0546
2025-04-11 15:05:20,183 - Quantum Trading Bot - INFO - Quantum prediction for NVDA: 0.7770 (confidence: 0.9454)
2025-04-11 15:05:20,183 - Quantum Trading Bot - INFO - Trading signal for NVDA: 0.7770 (source: quantum)
2025-04-11 15:05:20,183 - Quantum Trading Bot - INFO - HOLD signal for NVDA (score: 0.7770, source: quantum)
2025-04-11 15:05:20,196 - Quantum Trading Bot - INFO - Performance metrics saved: 40/72 winning trades
2025-04-11 15:05:20,196 - Quantum Trading Bot - INFO - Quantum prediction accuracy: 0.00
2025-04-11 15:05:20,196 - Quantum Trading Bot - INFO - Sleeping for 60 seconds
2025-04-11 15:06:06,717 - Trading System - INFO - Trading Bot is alive: True
2025-04-11 15:06:06,719 - Trading System - INFO - Monitor Bot is alive: True
2025-04-11 15:06:06,719 - Trading System - INFO - Improvement Bot is alive: True
2025-04-11 15:06:20,202 - Quantum Trading Bot - INFO - Starting trading cycle
2025-04-11 15:06:20,202 - Quantum Trading Bot - INFO - Processing AAPL
2025-04-11 15:06:20,202 - Quantum Trading Bot - INFO - Mock halal compliance check for AAPL: COMPLIANT
2025-04-11 15:06:20,215 - Quantum Trading Bot - INFO - Quantum device error rate: 0.0333
2025-04-11 15:06:20,219 - Quantum Trading Bot - INFO - Quantum prediction for AAPL: 0.7660 (confidence: 0.9667)
2025-04-11 15:06:20,220 - Quantum Trading Bot - INFO - Trading signal for AAPL: 0.7660 (source: quantum)
2025-04-11 15:06:20,220 - Quantum Trading Bot - INFO - HOLD signal for AAPL (score: 0.7660, source: quantum)
2025-04-11 15:06:20,222 - Quantum Trading Bot - INFO - Processing MSFT
2025-04-11 15:06:20,222 - Quantum Trading Bot - INFO - Mock halal compliance check for MSFT: COMPLIANT
2025-04-11 15:06:20,230 - Quantum Trading Bot - INFO - Quantum device error rate: 0.0456
2025-04-11 15:06:20,233 - Quantum Trading Bot - INFO - Quantum prediction for MSFT: 0.6080 (confidence: 0.9544)
2025-04-11 15:06:20,233 - Quantum Trading Bot - INFO - Trading signal for MSFT: 0.6080 (source: quantum)
2025-04-11 15:06:20,233 - Quantum Trading Bot - INFO - HOLD signal for MSFT (score: 0.6080, source: quantum)
2025-04-11 15:06:20,236 - Quantum Trading Bot - INFO - Processing NVDA
2025-04-11 15:06:20,236 - Quantum Trading Bot - INFO - Mock halal compliance check for NVDA: COMPLIANT
2025-04-11 15:06:20,243 - Quantum Trading Bot - INFO - Quantum device error rate: 0.0459
2025-04-11 15:06:20,247 - Quantum Trading Bot - INFO - Quantum prediction for NVDA: 0.6670 (confidence: 0.9541)
2025-04-11 15:06:20,247 - Quantum Trading Bot - INFO - Trading signal for NVDA: 0.6670 (source: quantum)
2025-04-11 15:06:20,247 - Quantum Trading Bot - INFO - HOLD signal for NVDA (score: 0.6670, source: quantum)
2025-04-11 15:06:20,259 - Quantum Trading Bot - INFO - Performance metrics saved: 40/72 winning trades
2025-04-11 15:06:20,259 - Quantum Trading Bot - INFO - Quantum prediction accuracy: 0.00
2025-04-11 15:06:20,259 - Quantum Trading Bot - INFO - Sleeping for 60 seconds
2025-04-11 15:07:06,730 - Trading System - INFO - Trading Bot is alive: True
2025-04-11 15:07:06,732 - Trading System - INFO - Monitor Bot is alive: True
2025-04-11 15:07:06,732 - Trading System - INFO - Improvement Bot is alive: True
2025-04-11 15:07:20,261 - Quantum Trading Bot - INFO - Starting trading cycle
2025-04-11 15:07:20,262 - Quantum Trading Bot - INFO - Processing AAPL
2025-04-11 15:07:20,263 - Quantum Trading Bot - INFO - Mock halal compliance check for AAPL: COMPLIANT
2025-04-11 15:07:20,288 - Quantum Trading Bot - INFO - Quantum device error rate: 0.0345
2025-04-11 15:07:20,294 - Quantum Trading Bot - INFO - Quantum prediction for AAPL: 0.2490 (confidence: 0.9655)
2025-04-11 15:07:20,294 - Quantum Trading Bot - INFO - Trading signal for AAPL: 0.2490 (source: quantum)
2025-04-11 15:07:20,294 - Quantum Trading Bot - INFO - SELL signal for AAPL (score: 0.2490, source: quantum)
2025-04-11 15:07:20,295 - Quantum Trading Bot - WARNING - Cannot sell AAPL - no position
2025-04-11 15:07:20,298 - Quantum Trading Bot - INFO - Processing MSFT
2025-04-11 15:07:20,298 - Quantum Trading Bot - INFO - Mock halal compliance check for MSFT: COMPLIANT
2025-04-11 15:07:20,306 - Quantum Trading Bot - INFO - Quantum device error rate: 0.0414
2025-04-11 15:07:20,311 - Quantum Trading Bot - INFO - Quantum prediction for MSFT: 0.2070 (confidence: 0.9586)
2025-04-11 15:07:20,311 - Quantum Trading Bot - INFO - Trading signal for MSFT: 0.2070 (source: quantum)
2025-04-11 15:07:20,312 - Quantum Trading Bot - INFO - SELL signal for MSFT (score: 0.2070, source: quantum)
2025-04-11 15:07:20,312 - Quantum Trading Bot - WARNING - Cannot sell MSFT - no position
2025-04-11 15:07:20,315 - Quantum Trading Bot - INFO - Processing NVDA
2025-04-11 15:07:20,315 - Quantum Trading Bot - INFO - Mock halal compliance check for NVDA: COMPLIANT
2025-04-11 15:07:20,323 - Quantum Trading Bot - INFO - Quantum device error rate: 0.0339
2025-04-11 15:07:20,326 - Quantum Trading Bot - INFO - Quantum prediction for NVDA: 0.6800 (confidence: 0.9661)
2025-04-11 15:07:20,326 - Quantum Trading Bot - INFO - Trading signal for NVDA: 0.6800 (source: quantum)
2025-04-11 15:07:20,326 - Quantum Trading Bot - INFO - HOLD signal for NVDA (score: 0.6800, source: quantum)
2025-04-11 15:07:20,340 - Quantum Trading Bot - INFO - Performance metrics saved: 40/72 winning trades
2025-04-11 15:07:20,340 - Quantum Trading Bot - INFO - Quantum prediction accuracy: 0.00
2025-04-11 15:07:20,340 - Quantum Trading Bot - INFO - Sleeping for 60 seconds
2025-04-11 15:08:06,736 - Trading System - INFO - Trading Bot is alive: True
2025-04-11 15:08:06,738 - Trading System - INFO - Monitor Bot is alive: True
2025-04-11 15:08:06,738 - Trading System - INFO - Improvement Bot is alive: True
2025-04-11 15:08:20,343 - Quantum Trading Bot - INFO - Starting trading cycle
2025-04-11 15:08:20,344 - Quantum Trading Bot - INFO - Processing AAPL
2025-04-11 15:08:20,344 - Quantum Trading Bot - INFO - Mock halal compliance check for AAPL: COMPLIANT
2025-04-11 15:08:20,355 - Quantum Trading Bot - INFO - Quantum device error rate: 0.0468
2025-04-11 15:08:20,360 - Quantum Trading Bot - INFO - Quantum prediction for AAPL: 0.4300 (confidence: 0.7626)
2025-04-11 15:08:20,360 - Quantum Trading Bot - INFO - Trading signal for AAPL: 0.4300 (source: quantum)
2025-04-11 15:08:20,360 - Quantum Trading Bot - INFO - HOLD signal for AAPL (score: 0.4300, source: quantum)
2025-04-11 15:08:20,364 - Quantum Trading Bot - INFO - Processing MSFT
2025-04-11 15:08:20,364 - Quantum Trading Bot - INFO - Mock halal compliance check for MSFT: COMPLIANT
2025-04-11 15:08:20,373 - Quantum Trading Bot - INFO - Quantum device error rate: 0.0363
2025-04-11 15:08:20,377 - Quantum Trading Bot - INFO - Quantum prediction for MSFT: 0.1920 (confidence: 0.9637)
2025-04-11 15:08:20,377 - Quantum Trading Bot - INFO - Trading signal for MSFT: 0.1920 (source: quantum)
2025-04-11 15:08:20,377 - Quantum Trading Bot - INFO - SELL signal for MSFT (score: 0.1920, source: quantum)
2025-04-11 15:08:20,378 - Quantum Trading Bot - WARNING - Cannot sell MSFT - no position
2025-04-11 15:08:20,381 - Quantum Trading Bot - INFO - Processing NVDA
2025-04-11 15:08:20,381 - Quantum Trading Bot - INFO - Mock halal compliance check for NVDA: COMPLIANT
2025-04-11 15:08:20,389 - Quantum Trading Bot - INFO - Quantum device error rate: 0.0528
2025-04-11 15:08:20,399 - Quantum Trading Bot - INFO - Quantum prediction for NVDA: 0.9431 (confidence: 0.9472)
2025-04-11 15:08:20,399 - Quantum Trading Bot - INFO - Trading signal for NVDA: 0.9431 (source: quantum)
2025-04-11 15:08:20,399 - Quantum Trading Bot - INFO - HOLD signal for NVDA (score: 0.9431, source: quantum)
2025-04-11 15:08:20,413 - Quantum Trading Bot - INFO - Performance metrics saved: 40/72 winning trades
2025-04-11 15:08:20,414 - Quantum Trading Bot - INFO - Quantum prediction accuracy: 0.00
2025-04-11 15:08:20,414 - Quantum Trading Bot - INFO - Sleeping for 60 seconds
2025-04-11 15:09:06,743 - Trading System - INFO - Trading Bot is alive: True
2025-04-11 15:09:06,745 - Trading System - INFO - Monitor Bot is alive: True
2025-04-11 15:09:06,745 - Trading System - INFO - Improvement Bot is alive: True
2025-04-11 15:09:20,419 - Quantum Trading Bot - INFO - Starting trading cycle
2025-04-11 15:09:20,419 - Quantum Trading Bot - INFO - Processing AAPL
2025-04-11 15:09:20,419 - Quantum Trading Bot - INFO - Mock halal compliance check for AAPL: COMPLIANT
2025-04-11 15:09:20,439 - Quantum Trading Bot - INFO - Quantum device error rate: 0.0237
2025-04-11 15:09:20,446 - Quantum Trading Bot - INFO - Quantum prediction for AAPL: 0.4320 (confidence: 0.7810)
2025-04-11 15:09:20,447 - Quantum Trading Bot - INFO - Trading signal for AAPL: 0.4320 (source: quantum)
2025-04-11 15:09:20,447 - Quantum Trading Bot - INFO - HOLD signal for AAPL (score: 0.4320, source: quantum)
2025-04-11 15:09:20,450 - Quantum Trading Bot - INFO - Processing MSFT
2025-04-11 15:09:20,450 - Quantum Trading Bot - INFO - Mock halal compliance check for MSFT: COMPLIANT
2025-04-11 15:09:20,459 - Quantum Trading Bot - INFO - Quantum device error rate: 0.0429
2025-04-11 15:09:20,463 - Quantum Trading Bot - INFO - Quantum prediction for MSFT: 0.7800 (confidence: 0.9571)
2025-04-11 15:09:20,463 - Quantum Trading Bot - INFO - Trading signal for MSFT: 0.7800 (source: quantum)
2025-04-11 15:09:20,463 - Quantum Trading Bot - INFO - HOLD signal for MSFT (score: 0.7800, source: quantum)
2025-04-11 15:09:20,465 - Quantum Trading Bot - INFO - Processing NVDA
2025-04-11 15:09:20,465 - Quantum Trading Bot - INFO - Mock halal compliance check for NVDA: COMPLIANT
2025-04-11 15:09:20,474 - Quantum Trading Bot - INFO - Quantum device error rate: 0.0327
2025-04-11 15:09:20,477 - Quantum Trading Bot - INFO - Quantum prediction for NVDA: 0.3280 (confidence: 0.9673)
2025-04-11 15:09:20,477 - Quantum Trading Bot - INFO - Trading signal for NVDA: 0.3280 (source: quantum)
2025-04-11 15:09:20,477 - Quantum Trading Bot - INFO - HOLD signal for NVDA (score: 0.3280, source: quantum)
2025-04-11 15:09:20,490 - Quantum Trading Bot - INFO - Performance metrics saved: 40/72 winning trades
2025-04-11 15:09:20,490 - Quantum Trading Bot - INFO - Quantum prediction accuracy: 0.00
2025-04-11 15:09:20,490 - Quantum Trading Bot - INFO - Sleeping for 60 seconds
2025-04-11 15:10:06,751 - Trading System - INFO - Trading Bot is alive: True
2025-04-11 15:10:06,753 - Trading System - INFO - Monitor Bot is alive: True
2025-04-11 15:10:06,753 - Trading System - INFO - Improvement Bot is alive: True
2025-04-11 15:10:20,496 - Quantum Trading Bot - INFO - Starting trading cycle
2025-04-11 15:10:20,497 - Quantum Trading Bot - INFO - Processing AAPL
2025-04-11 15:10:20,497 - Quantum Trading Bot - INFO - Mock halal compliance check for AAPL: COMPLIANT
2025-04-11 15:10:20,531 - Quantum Trading Bot - INFO - Quantum device error rate: 0.0423
2025-04-11 15:10:20,537 - Quantum Trading Bot - INFO - Quantum prediction for AAPL: 0.5470 (confidence: 0.7662)
2025-04-11 15:10:20,537 - Quantum Trading Bot - INFO - Trading signal for AAPL: 0.5470 (source: quantum)
2025-04-11 15:10:20,537 - Quantum Trading Bot - INFO - HOLD signal for AAPL (score: 0.5470, source: quantum)
2025-04-11 15:10:20,540 - Quantum Trading Bot - INFO - Processing MSFT
2025-04-11 15:10:20,540 - Quantum Trading Bot - INFO - Mock halal compliance check for MSFT: COMPLIANT
2025-04-11 15:10:20,550 - Quantum Trading Bot - INFO - Quantum device error rate: 0.0192
2025-04-11 15:10:20,555 - Quantum Trading Bot - INFO - Quantum prediction for MSFT: 0.4800 (confidence: 0.7846)
2025-04-11 15:10:20,555 - Quantum Trading Bot - INFO - Trading signal for MSFT: 0.4800 (source: quantum)
2025-04-11 15:10:20,555 - Quantum Trading Bot - INFO - HOLD signal for MSFT (score: 0.4800, source: quantum)
2025-04-11 15:10:20,559 - Quantum Trading Bot - INFO - Processing NVDA
2025-04-11 15:10:20,559 - Quantum Trading Bot - INFO - Mock halal compliance check for NVDA: COMPLIANT
2025-04-11 15:10:20,569 - Quantum Trading Bot - INFO - Quantum device error rate: 0.0687
2025-04-11 15:10:20,578 - Quantum Trading Bot - INFO - Quantum prediction for NVDA: 0.5469 (confidence: 0.7450)
2025-04-11 15:10:20,578 - Quantum Trading Bot - INFO - Trading signal for NVDA: 0.5469 (source: quantum)
2025-04-11 15:10:20,578 - Quantum Trading Bot - INFO - HOLD signal for NVDA (score: 0.5469, source: quantum)
2025-04-11 15:10:20,592 - Quantum Trading Bot - INFO - Performance metrics saved: 40/72 winning trades
2025-04-11 15:10:20,592 - Quantum Trading Bot - INFO - Quantum prediction accuracy: 0.00
2025-04-11 15:10:20,592 - Quantum Trading Bot - INFO - Sleeping for 60 seconds
2025-04-11 15:11:06,756 - Trading System - INFO - Trading Bot is alive: True
2025-04-11 15:11:06,759 - Trading System - INFO - Monitor Bot is alive: True
2025-04-11 15:11:06,759 - Trading System - INFO - Improvement Bot is alive: True
2025-04-11 15:11:20,595 - Quantum Trading Bot - INFO - Starting trading cycle
2025-04-11 15:11:20,596 - Quantum Trading Bot - INFO - Processing AAPL
2025-04-11 15:11:20,596 - Quantum Trading Bot - INFO - Mock halal compliance check for AAPL: COMPLIANT
2025-04-11 15:11:20,621 - Quantum Trading Bot - INFO - Quantum device error rate: 0.0309
2025-04-11 15:11:20,629 - Quantum Trading Bot - INFO - Quantum prediction for AAPL: 0.8690 (confidence: 0.9691)
2025-04-11 15:11:20,630 - Quantum Trading Bot - INFO - Trading signal for AAPL: 0.8690 (source: quantum)
2025-04-11 15:11:20,630 - Quantum Trading Bot - INFO - HOLD signal for AAPL (score: 0.8690, source: quantum)
2025-04-11 15:11:20,633 - Quantum Trading Bot - INFO - Processing MSFT
2025-04-11 15:11:20,633 - Quantum Trading Bot - INFO - Mock halal compliance check for MSFT: COMPLIANT
2025-04-11 15:11:20,645 - Quantum Trading Bot - INFO - Quantum device error rate: 0.0384
2025-04-11 15:11:20,649 - Quantum Trading Bot - INFO - Quantum prediction for MSFT: 0.0460 (confidence: 0.9616)
2025-04-11 15:11:20,649 - Quantum Trading Bot - INFO - Trading signal for MSFT: 0.0460 (source: quantum)
2025-04-11 15:11:20,649 - Quantum Trading Bot - INFO - SELL signal for MSFT (score: 0.0460, source: quantum)
2025-04-11 15:11:20,650 - Quantum Trading Bot - WARNING - Cannot sell MSFT - no position
2025-04-11 15:11:20,654 - Quantum Trading Bot - INFO - Processing NVDA
2025-04-11 15:11:20,654 - Quantum Trading Bot - INFO - Mock halal compliance check for NVDA: COMPLIANT
2025-04-11 15:11:20,665 - Quantum Trading Bot - INFO - Quantum device error rate: 0.0420
2025-04-11 15:11:20,669 - Quantum Trading Bot - INFO - Quantum prediction for NVDA: 0.3480 (confidence: 0.9580)
2025-04-11 15:11:20,669 - Quantum Trading Bot - INFO - Trading signal for NVDA: 0.3480 (source: quantum)
2025-04-11 15:11:20,669 - Quantum Trading Bot - INFO - HOLD signal for NVDA (score: 0.3480, source: quantum)
2025-04-11 15:11:20,683 - Quantum Trading Bot - INFO - Performance metrics saved: 40/72 winning trades
2025-04-11 15:11:20,683 - Quantum Trading Bot - INFO - Quantum prediction accuracy: 0.00
2025-04-11 15:11:20,683 - Quantum Trading Bot - INFO - Sleeping for 60 seconds
2025-04-11 15:12:06,764 - Trading System - INFO - Trading Bot is alive: True
2025-04-11 15:12:06,766 - Trading System - INFO - Monitor Bot is alive: True
2025-04-11 15:12:06,767 - Trading System - INFO - Improvement Bot is alive: True
2025-04-11 15:12:20,685 - Quantum Trading Bot - INFO - Starting trading cycle
2025-04-11 15:12:20,686 - Quantum Trading Bot - INFO - Processing AAPL
2025-04-11 15:12:20,686 - Quantum Trading Bot - INFO - Mock halal compliance check for AAPL: COMPLIANT
2025-04-11 15:12:20,705 - Quantum Trading Bot - INFO - Quantum device error rate: 0.0414
2025-04-11 15:12:20,712 - Quantum Trading Bot - INFO - Quantum prediction for AAPL: 0.5630 (confidence: 0.7669)
2025-04-11 15:12:20,712 - Quantum Trading Bot - INFO - Trading signal for AAPL: 0.5630 (source: quantum)
2025-04-11 15:12:20,712 - Quantum Trading Bot - INFO - HOLD signal for AAPL (score: 0.5630, source: quantum)
2025-04-11 15:12:20,715 - Quantum Trading Bot - INFO - Processing MSFT
2025-04-11 15:12:20,715 - Quantum Trading Bot - INFO - Mock halal compliance check for MSFT: COMPLIANT
2025-04-11 15:12:20,723 - Quantum Trading Bot - INFO - Quantum device error rate: 0.0363
2025-04-11 15:12:20,727 - Quantum Trading Bot - INFO - Quantum prediction for MSFT: 0.5340 (confidence: 0.7710)
2025-04-11 15:12:20,727 - Quantum Trading Bot - INFO - Trading signal for MSFT: 0.5340 (source: quantum)
2025-04-11 15:12:20,727 - Quantum Trading Bot - INFO - HOLD signal for MSFT (score: 0.5340, source: quantum)
2025-04-11 15:12:20,730 - Quantum Trading Bot - INFO - Processing NVDA
2025-04-11 15:12:20,730 - Quantum Trading Bot - INFO - Mock halal compliance check for NVDA: COMPLIANT
2025-04-11 15:12:20,737 - Quantum Trading Bot - INFO - Quantum device error rate: 0.0303
2025-04-11 15:12:20,741 - Quantum Trading Bot - INFO - Quantum prediction for NVDA: 0.0630 (confidence: 0.9697)
2025-04-11 15:12:20,741 - Quantum Trading Bot - INFO - Trading signal for NVDA: 0.0630 (source: quantum)
2025-04-11 15:12:20,741 - Quantum Trading Bot - INFO - SELL signal for NVDA (score: 0.0630, source: quantum)
2025-04-11 15:12:20,742 - Quantum Trading Bot - WARNING - Cannot sell NVDA - no position
2025-04-11 15:12:20,759 - Quantum Trading Bot - INFO - Performance metrics saved: 40/72 winning trades
2025-04-11 15:12:20,759 - Quantum Trading Bot - INFO - Quantum prediction accuracy: 0.00
2025-04-11 15:12:20,760 - Quantum Trading Bot - INFO - Sleeping for 60 seconds
2025-04-11 15:13:06,772 - Trading System - INFO - Trading Bot is alive: True
2025-04-11 15:13:06,775 - Trading System - INFO - Monitor Bot is alive: True
2025-04-11 15:13:06,776 - Trading System - INFO - Improvement Bot is alive: True
2025-04-11 15:13:20,760 - Quantum Trading Bot - INFO - Starting trading cycle
2025-04-11 15:13:20,760 - Quantum Trading Bot - INFO - Processing AAPL
2025-04-11 15:13:20,760 - Quantum Trading Bot - INFO - Mock halal compliance check for AAPL: COMPLIANT
2025-04-11 15:13:20,774 - Quantum Trading Bot - INFO - Quantum device error rate: 0.0384
2025-04-11 15:13:20,780 - Quantum Trading Bot - INFO - Quantum prediction for AAPL: 0.4250 (confidence: 0.7693)
2025-04-11 15:13:20,780 - Quantum Trading Bot - INFO - Trading signal for AAPL: 0.4250 (source: quantum)
2025-04-11 15:13:20,780 - Quantum Trading Bot - INFO - HOLD signal for AAPL (score: 0.4250, source: quantum)
2025-04-11 15:13:20,783 - Quantum Trading Bot - INFO - Processing MSFT
2025-04-11 15:13:20,783 - Quantum Trading Bot - INFO - Mock halal compliance check for MSFT: COMPLIANT
2025-04-11 15:13:20,791 - Quantum Trading Bot - INFO - Quantum device error rate: 0.0369
2025-04-11 15:13:20,796 - Quantum Trading Bot - INFO - Quantum prediction for MSFT: 0.1340 (confidence: 0.9631)
2025-04-11 15:13:20,796 - Quantum Trading Bot - INFO - Trading signal for MSFT: 0.1340 (source: quantum)
2025-04-11 15:13:20,796 - Quantum Trading Bot - INFO - SELL signal for MSFT (score: 0.1340, source: quantum)
2025-04-11 15:13:20,797 - Quantum Trading Bot - WARNING - Cannot sell MSFT - no position
2025-04-11 15:13:20,800 - Quantum Trading Bot - INFO - Processing NVDA
2025-04-11 15:13:20,800 - Quantum Trading Bot - INFO - Mock halal compliance check for NVDA: COMPLIANT
2025-04-11 15:13:20,808 - Quantum Trading Bot - INFO - Quantum device error rate: 0.0252
2025-04-11 15:13:20,812 - Quantum Trading Bot - INFO - Quantum prediction for NVDA: 0.4110 (confidence: 0.7798)
2025-04-11 15:13:20,812 - Quantum Trading Bot - INFO - Trading signal for NVDA: 0.4110 (source: quantum)
2025-04-11 15:13:20,812 - Quantum Trading Bot - INFO - HOLD signal for NVDA (score: 0.4110, source: quantum)
2025-04-11 15:13:20,825 - Quantum Trading Bot - INFO - Performance metrics saved: 40/72 winning trades
2025-04-11 15:13:20,825 - Quantum Trading Bot - INFO - Quantum prediction accuracy: 0.00
2025-04-11 15:13:20,825 - Quantum Trading Bot - INFO - Sleeping for 60 seconds
2025-04-11 15:14:06,781 - Trading System - INFO - Trading Bot is alive: True
2025-04-11 15:14:06,783 - Trading System - INFO - Monitor Bot is alive: True
2025-04-11 15:14:06,783 - Trading System - INFO - Improvement Bot is alive: True
2025-04-11 15:14:20,827 - Quantum Trading Bot - INFO - Starting trading cycle
2025-04-11 15:14:20,828 - Quantum Trading Bot - INFO - Processing AAPL
2025-04-11 15:14:20,828 - Quantum Trading Bot - INFO - Mock halal compliance check for AAPL: COMPLIANT
2025-04-11 15:14:20,842 - Quantum Trading Bot - INFO - Quantum device error rate: 0.0315
2025-04-11 15:14:20,848 - Quantum Trading Bot - INFO - Quantum prediction for AAPL: 0.7080 (confidence: 0.9685)
2025-04-11 15:14:20,848 - Quantum Trading Bot - INFO - Trading signal for AAPL: 0.7080 (source: quantum)
2025-04-11 15:14:20,848 - Quantum Trading Bot - INFO - HOLD signal for AAPL (score: 0.7080, source: quantum)
2025-04-11 15:14:20,851 - Quantum Trading Bot - INFO - Processing MSFT
2025-04-11 15:14:20,851 - Quantum Trading Bot - INFO - Mock halal compliance check for MSFT: COMPLIANT
2025-04-11 15:14:20,859 - Quantum Trading Bot - INFO - Quantum device error rate: 0.0375
2025-04-11 15:14:20,862 - Quantum Trading Bot - INFO - Quantum prediction for MSFT: 0.5060 (confidence: 0.7700)
2025-04-11 15:14:20,862 - Quantum Trading Bot - INFO - Trading signal for MSFT: 0.5060 (source: quantum)
2025-04-11 15:14:20,862 - Quantum Trading Bot - INFO - HOLD signal for MSFT (score: 0.5060, source: quantum)
2025-04-11 15:14:20,864 - Quantum Trading Bot - INFO - Processing NVDA
2025-04-11 15:14:20,864 - Quantum Trading Bot - INFO - Mock halal compliance check for NVDA: COMPLIANT
2025-04-11 15:14:20,872 - Quantum Trading Bot - INFO - Quantum device error rate: 0.0447
2025-04-11 15:14:20,876 - Quantum Trading Bot - INFO - Quantum prediction for NVDA: 0.4070 (confidence: 0.7642)
2025-04-11 15:14:20,876 - Quantum Trading Bot - INFO - Trading signal for NVDA: 0.4070 (source: quantum)
2025-04-11 15:14:20,876 - Quantum Trading Bot - INFO - HOLD signal for NVDA (score: 0.4070, source: quantum)
2025-04-11 15:14:20,889 - Quantum Trading Bot - INFO - Performance metrics saved: 40/72 winning trades
2025-04-11 15:14:20,889 - Quantum Trading Bot - INFO - Quantum prediction accuracy: 0.00
2025-04-11 15:14:20,890 - Quantum Trading Bot - INFO - Sleeping for 60 seconds
2025-04-11 15:15:06,788 - Trading System - INFO - Trading Bot is alive: True
2025-04-11 15:15:06,789 - Trading System - INFO - Monitor Bot is alive: True
2025-04-11 15:15:06,789 - Trading System - INFO - Improvement Bot is alive: True
2025-04-11 15:15:20,895 - Quantum Trading Bot - INFO - Starting trading cycle
2025-04-11 15:15:20,895 - Quantum Trading Bot - INFO - Processing AAPL
2025-04-11 15:15:20,895 - Quantum Trading Bot - INFO - Mock halal compliance check for AAPL: COMPLIANT
2025-04-11 15:15:20,903 - Quantum Trading Bot - INFO - Quantum device error rate: 0.0231
2025-04-11 15:15:20,908 - Quantum Trading Bot - INFO - Quantum prediction for AAPL: 0.4230 (confidence: 0.7815)
2025-04-11 15:15:20,908 - Quantum Trading Bot - INFO - Trading signal for AAPL: 0.4230 (source: quantum)
2025-04-11 15:15:20,908 - Quantum Trading Bot - INFO - HOLD signal for AAPL (score: 0.4230, source: quantum)
2025-04-11 15:15:20,910 - Quantum Trading Bot - INFO - Processing MSFT
2025-04-11 15:15:20,910 - Quantum Trading Bot - INFO - Mock halal compliance check for MSFT: COMPLIANT
2025-04-11 15:15:20,918 - Quantum Trading Bot - INFO - Quantum device error rate: 0.0213
2025-04-11 15:15:20,921 - Quantum Trading Bot - INFO - Quantum prediction for MSFT: 0.8020 (confidence: 0.9787)
2025-04-11 15:15:20,922 - Quantum Trading Bot - INFO - Trading signal for MSFT: 0.8020 (source: quantum)
2025-04-11 15:15:20,922 - Quantum Trading Bot - INFO - HOLD signal for MSFT (score: 0.8020, source: quantum)
2025-04-11 15:15:20,924 - Quantum Trading Bot - INFO - Processing NVDA
2025-04-11 15:15:20,924 - Quantum Trading Bot - INFO - Mock halal compliance check for NVDA: COMPLIANT
2025-04-11 15:15:20,931 - Quantum Trading Bot - INFO - Quantum device error rate: 0.0333
2025-04-11 15:15:20,934 - Quantum Trading Bot - INFO - Quantum prediction for NVDA: 0.6160 (confidence: 0.9667)
2025-04-11 15:15:20,934 - Quantum Trading Bot - INFO - Trading signal for NVDA: 0.6160 (source: quantum)
2025-04-11 15:15:20,934 - Quantum Trading Bot - INFO - HOLD signal for NVDA (score: 0.6160, source: quantum)
2025-04-11 15:15:20,947 - Quantum Trading Bot - INFO - Performance metrics saved: 40/72 winning trades
2025-04-11 15:15:20,947 - Quantum Trading Bot - INFO - Quantum prediction accuracy: 0.00
2025-04-11 15:15:20,947 - Quantum Trading Bot - INFO - Sleeping for 60 seconds
2025-04-11 15:16:06,795 - Trading System - INFO - Trading Bot is alive: True
2025-04-11 15:16:06,797 - Trading System - INFO - Monitor Bot is alive: True
2025-04-11 15:16:06,797 - Trading System - INFO - Improvement Bot is alive: True
2025-04-11 15:16:20,952 - Quantum Trading Bot - INFO - Starting trading cycle
2025-04-11 15:16:20,953 - Quantum Trading Bot - INFO - Processing AAPL
2025-04-11 15:16:20,953 - Quantum Trading Bot - INFO - Mock halal compliance check for AAPL: COMPLIANT
2025-04-11 15:16:20,966 - Quantum Trading Bot - INFO - Quantum device error rate: 0.0363
2025-04-11 15:16:20,971 - Quantum Trading Bot - INFO - Quantum prediction for AAPL: 0.3550 (confidence: 0.9637)
2025-04-11 15:16:20,971 - Quantum Trading Bot - INFO - Trading signal for AAPL: 0.3550 (source: quantum)
2025-04-11 15:16:20,971 - Quantum Trading Bot - INFO - HOLD signal for AAPL (score: 0.3550, source: quantum)
2025-04-11 15:16:20,974 - Quantum Trading Bot - INFO - Processing MSFT
2025-04-11 15:16:20,974 - Quantum Trading Bot - INFO - Mock halal compliance check for MSFT: COMPLIANT
2025-04-11 15:16:20,982 - Quantum Trading Bot - INFO - Quantum device error rate: 0.0681
2025-04-11 15:16:20,992 - Quantum Trading Bot - INFO - Quantum prediction for MSFT: 0.1207 (confidence: 0.9319)
2025-04-11 15:16:20,992 - Quantum Trading Bot - INFO - Trading signal for MSFT: 0.1207 (source: quantum)
2025-04-11 15:16:20,992 - Quantum Trading Bot - INFO - SELL signal for MSFT (score: 0.1207, source: quantum)
2025-04-11 15:16:20,994 - Quantum Trading Bot - WARNING - Cannot sell MSFT - no position
2025-04-11 15:16:20,997 - Quantum Trading Bot - INFO - Processing NVDA
2025-04-11 15:16:20,997 - Quantum Trading Bot - INFO - Mock halal compliance check for NVDA: COMPLIANT
2025-04-11 15:16:21,006 - Quantum Trading Bot - INFO - Quantum device error rate: 0.0339
2025-04-11 15:16:21,009 - Quantum Trading Bot - INFO - Quantum prediction for NVDA: 0.6740 (confidence: 0.9661)
2025-04-11 15:16:21,009 - Quantum Trading Bot - INFO - Trading signal for NVDA: 0.6740 (source: quantum)
2025-04-11 15:16:21,009 - Quantum Trading Bot - INFO - HOLD signal for NVDA (score: 0.6740, source: quantum)
2025-04-11 15:16:21,022 - Quantum Trading Bot - INFO - Performance metrics saved: 40/72 winning trades
2025-04-11 15:16:21,022 - Quantum Trading Bot - INFO - Quantum prediction accuracy: 0.00
2025-04-11 15:16:21,022 - Quantum Trading Bot - INFO - Sleeping for 60 seconds
2025-04-11 15:17:06,797 - Trading System - INFO - Trading Bot is alive: True
2025-04-11 15:17:06,799 - Trading System - INFO - Monitor Bot is alive: True
2025-04-11 15:17:06,800 - Trading System - INFO - Improvement Bot is alive: True
2025-04-11 15:17:21,027 - Quantum Trading Bot - INFO - Starting trading cycle
2025-04-11 15:17:21,028 - Quantum Trading Bot - INFO - Processing AAPL
2025-04-11 15:17:21,028 - Quantum Trading Bot - INFO - Mock halal compliance check for AAPL: COMPLIANT
2025-04-11 15:17:21,036 - Quantum Trading Bot - INFO - Quantum device error rate: 0.0324
2025-04-11 15:17:21,041 - Quantum Trading Bot - INFO - Quantum prediction for AAPL: 0.5550 (confidence: 0.7741)
2025-04-11 15:17:21,041 - Quantum Trading Bot - INFO - Trading signal for AAPL: 0.5550 (source: quantum)
2025-04-11 15:17:21,041 - Quantum Trading Bot - INFO - HOLD signal for AAPL (score: 0.5550, source: quantum)
2025-04-11 15:17:21,043 - Quantum Trading Bot - INFO - Processing MSFT
2025-04-11 15:17:21,043 - Quantum Trading Bot - INFO - Mock halal compliance check for MSFT: COMPLIANT
2025-04-11 15:17:21,051 - Quantum Trading Bot - INFO - Quantum device error rate: 0.0375
2025-04-11 15:17:21,056 - Quantum Trading Bot - INFO - Quantum prediction for MSFT: 0.8340 (confidence: 0.9625)
2025-04-11 15:17:21,056 - Quantum Trading Bot - INFO - Trading signal for MSFT: 0.8340 (source: quantum)
2025-04-11 15:17:21,056 - Quantum Trading Bot - INFO - HOLD signal for MSFT (score: 0.8340, source: quantum)
2025-04-11 15:17:21,059 - Quantum Trading Bot - INFO - Processing NVDA
2025-04-11 15:17:21,059 - Quantum Trading Bot - INFO - Mock halal compliance check for NVDA: COMPLIANT
2025-04-11 15:17:21,067 - Quantum Trading Bot - INFO - Quantum device error rate: 0.0384
2025-04-11 15:17:21,071 - Quantum Trading Bot - INFO - Quantum prediction for NVDA: 0.3410 (confidence: 0.9616)
2025-04-11 15:17:21,071 - Quantum Trading Bot - INFO - Trading signal for NVDA: 0.3410 (source: quantum)
2025-04-11 15:17:21,071 - Quantum Trading Bot - INFO - HOLD signal for NVDA (score: 0.3410, source: quantum)
2025-04-11 15:17:21,090 - Quantum Trading Bot - INFO - Performance metrics saved: 40/72 winning trades
2025-04-11 15:17:21,090 - Quantum Trading Bot - INFO - Quantum prediction accuracy: 0.00
2025-04-11 15:17:21,090 - Quantum Trading Bot - INFO - Sleeping for 60 seconds
2025-04-11 15:18:06,801 - Trading System - INFO - Trading Bot is alive: True
2025-04-11 15:18:06,803 - Trading System - INFO - Monitor Bot is alive: True
2025-04-11 15:18:06,803 - Trading System - INFO - Improvement Bot is alive: True
2025-04-11 15:18:21,095 - Quantum Trading Bot - INFO - Starting trading cycle
2025-04-11 15:18:21,096 - Quantum Trading Bot - INFO - Processing AAPL
2025-04-11 15:18:21,097 - Quantum Trading Bot - INFO - Mock halal compliance check for AAPL: COMPLIANT
2025-04-11 15:18:21,128 - Quantum Trading Bot - INFO - Quantum device error rate: 0.0405
2025-04-11 15:18:21,134 - Quantum Trading Bot - INFO - Quantum prediction for AAPL: 0.2710 (confidence: 0.9595)
2025-04-11 15:18:21,135 - Quantum Trading Bot - INFO - Trading signal for AAPL: 0.2710 (source: quantum)
2025-04-11 15:18:21,135 - Quantum Trading Bot - INFO - SELL signal for AAPL (score: 0.2710, source: quantum)
2025-04-11 15:18:21,137 - Quantum Trading Bot - WARNING - Cannot sell AAPL - no position
2025-04-11 15:18:21,140 - Quantum Trading Bot - INFO - Processing MSFT
2025-04-11 15:18:21,140 - Quantum Trading Bot - INFO - Mock halal compliance check for MSFT: COMPLIANT
2025-04-11 15:18:21,153 - Quantum Trading Bot - INFO - Quantum device error rate: 0.0297
2025-04-11 15:18:21,158 - Quantum Trading Bot - INFO - Quantum prediction for MSFT: 0.2700 (confidence: 0.9703)
2025-04-11 15:18:21,159 - Quantum Trading Bot - INFO - Trading signal for MSFT: 0.2700 (source: quantum)
2025-04-11 15:18:21,159 - Quantum Trading Bot - INFO - SELL signal for MSFT (score: 0.2700, source: quantum)
2025-04-11 15:18:21,160 - Quantum Trading Bot - WARNING - Cannot sell MSFT - no position
2025-04-11 15:18:21,165 - Quantum Trading Bot - INFO - Processing NVDA
2025-04-11 15:18:21,165 - Quantum Trading Bot - INFO - Mock halal compliance check for NVDA: COMPLIANT
2025-04-11 15:18:21,176 - Quantum Trading Bot - INFO - Quantum device error rate: 0.0378
2025-04-11 15:18:21,182 - Quantum Trading Bot - INFO - Quantum prediction for NVDA: 0.0550 (confidence: 0.9622)
2025-04-11 15:18:21,182 - Quantum Trading Bot - INFO - Trading signal for NVDA: 0.0550 (source: quantum)
2025-04-11 15:18:21,182 - Quantum Trading Bot - INFO - SELL signal for NVDA (score: 0.0550, source: quantum)
2025-04-11 15:18:21,182 - Quantum Trading Bot - WARNING - Cannot sell NVDA - no position
2025-04-11 15:18:21,197 - Quantum Trading Bot - INFO - Performance metrics saved: 40/72 winning trades
2025-04-11 15:18:21,197 - Quantum Trading Bot - INFO - Quantum prediction accuracy: 0.00
2025-04-11 15:18:21,197 - Quantum Trading Bot - INFO - Sleeping for 60 seconds
2025-04-11 15:19:06,808 - Trading System - INFO - Trading Bot is alive: True
2025-04-11 15:19:06,811 - Trading System - INFO - Monitor Bot is alive: True
2025-04-11 15:19:06,811 - Trading System - INFO - Improvement Bot is alive: True
2025-04-11 15:19:21,200 - Quantum Trading Bot - INFO - Starting trading cycle
2025-04-11 15:19:21,201 - Quantum Trading Bot - INFO - Processing AAPL
2025-04-11 15:19:21,201 - Quantum Trading Bot - INFO - Mock halal compliance check for AAPL: COMPLIANT
2025-04-11 15:19:21,225 - Quantum Trading Bot - INFO - Quantum device error rate: 0.0321
2025-04-11 15:19:21,230 - Quantum Trading Bot - INFO - Quantum prediction for AAPL: 0.4650 (confidence: 0.7743)
2025-04-11 15:19:21,230 - Quantum Trading Bot - INFO - Trading signal for AAPL: 0.4650 (source: quantum)
2025-04-11 15:19:21,231 - Quantum Trading Bot - INFO - HOLD signal for AAPL (score: 0.4650, source: quantum)
2025-04-11 15:19:21,233 - Quantum Trading Bot - INFO - Processing MSFT
2025-04-11 15:19:21,233 - Quantum Trading Bot - INFO - Mock halal compliance check for MSFT: COMPLIANT
2025-04-11 15:19:21,241 - Quantum Trading Bot - INFO - Quantum device error rate: 0.0384
2025-04-11 15:19:21,244 - Quantum Trading Bot - INFO - Quantum prediction for MSFT: 0.6900 (confidence: 0.9616)
2025-04-11 15:19:21,244 - Quantum Trading Bot - INFO - Trading signal for MSFT: 0.6900 (source: quantum)
2025-04-11 15:19:21,244 - Quantum Trading Bot - INFO - HOLD signal for MSFT (score: 0.6900, source: quantum)
2025-04-11 15:19:21,247 - Quantum Trading Bot - INFO - Processing NVDA
2025-04-11 15:19:21,247 - Quantum Trading Bot - INFO - Mock halal compliance check for NVDA: COMPLIANT
2025-04-11 15:19:21,254 - Quantum Trading Bot - INFO - Quantum device error rate: 0.0537
2025-04-11 15:19:21,261 - Quantum Trading Bot - INFO - Quantum prediction for NVDA: 0.4425 (confidence: 0.7570)
2025-04-11 15:19:21,261 - Quantum Trading Bot - INFO - Trading signal for NVDA: 0.4425 (source: quantum)
2025-04-11 15:19:21,261 - Quantum Trading Bot - INFO - HOLD signal for NVDA (score: 0.4425, source: quantum)
2025-04-11 15:19:21,273 - Quantum Trading Bot - INFO - Performance metrics saved: 40/72 winning trades
2025-04-11 15:19:21,273 - Quantum Trading Bot - INFO - Quantum prediction accuracy: 0.00
2025-04-11 15:19:21,273 - Quantum Trading Bot - INFO - Sleeping for 60 seconds
2025-04-11 15:20:06,817 - Trading System - INFO - Trading Bot is alive: True
2025-04-11 15:20:06,818 - Trading System - INFO - Monitor Bot is alive: True
2025-04-11 15:20:06,818 - Trading System - INFO - Improvement Bot is alive: True
2025-04-11 15:20:21,278 - Quantum Trading Bot - INFO - Starting trading cycle
2025-04-11 15:20:21,279 - Quantum Trading Bot - INFO - Processing AAPL
2025-04-11 15:20:21,279 - Quantum Trading Bot - INFO - Mock halal compliance check for AAPL: COMPLIANT
2025-04-11 15:20:21,287 - Quantum Trading Bot - INFO - Quantum device error rate: 0.0267
2025-04-11 15:20:21,291 - Quantum Trading Bot - INFO - Quantum prediction for AAPL: 0.3410 (confidence: 0.9733)
2025-04-11 15:20:21,291 - Quantum Trading Bot - INFO - Trading signal for AAPL: 0.3410 (source: quantum)
2025-04-11 15:20:21,291 - Quantum Trading Bot - INFO - HOLD signal for AAPL (score: 0.3410, source: quantum)
2025-04-11 15:20:21,294 - Quantum Trading Bot - INFO - Processing MSFT
2025-04-11 15:20:21,294 - Quantum Trading Bot - INFO - Mock halal compliance check for MSFT: COMPLIANT
2025-04-11 15:20:21,302 - Quantum Trading Bot - INFO - Quantum device error rate: 0.0426
2025-04-11 15:20:21,305 - Quantum Trading Bot - INFO - Quantum prediction for MSFT: 0.4390 (confidence: 0.7659)
2025-04-11 15:20:21,305 - Quantum Trading Bot - INFO - Trading signal for MSFT: 0.4390 (source: quantum)
2025-04-11 15:20:21,305 - Quantum Trading Bot - INFO - HOLD signal for MSFT (score: 0.4390, source: quantum)
2025-04-11 15:20:21,308 - Quantum Trading Bot - INFO - Processing NVDA
2025-04-11 15:20:21,308 - Quantum Trading Bot - INFO - Mock halal compliance check for NVDA: COMPLIANT
2025-04-11 15:20:21,315 - Quantum Trading Bot - INFO - Quantum device error rate: 0.0462
2025-04-11 15:20:21,319 - Quantum Trading Bot - INFO - Quantum prediction for NVDA: 0.3360 (confidence: 0.9538)
2025-04-11 15:20:21,319 - Quantum Trading Bot - INFO - Trading signal for NVDA: 0.3360 (source: quantum)
2025-04-11 15:20:21,319 - Quantum Trading Bot - INFO - HOLD signal for NVDA (score: 0.3360, source: quantum)
2025-04-11 15:20:21,332 - Quantum Trading Bot - INFO - Performance metrics saved: 40/72 winning trades
2025-04-11 15:20:21,332 - Quantum Trading Bot - INFO - Quantum prediction accuracy: 0.00
2025-04-11 15:20:21,332 - Quantum Trading Bot - INFO - Sleeping for 60 seconds
2025-04-11 15:21:06,824 - Trading System - INFO - Trading Bot is alive: True
2025-04-11 15:21:06,827 - Trading System - INFO - Monitor Bot is alive: True
2025-04-11 15:21:06,827 - Trading System - INFO - Improvement Bot is alive: True
2025-04-11 15:21:21,337 - Quantum Trading Bot - INFO - Starting trading cycle
2025-04-11 15:21:21,338 - Quantum Trading Bot - INFO - Processing AAPL
2025-04-11 15:21:21,338 - Quantum Trading Bot - INFO - Mock halal compliance check for AAPL: COMPLIANT
2025-04-11 15:21:21,350 - Quantum Trading Bot - INFO - Quantum device error rate: 0.0312
2025-04-11 15:21:21,354 - Quantum Trading Bot - INFO - Quantum prediction for AAPL: 0.3680 (confidence: 0.9688)
2025-04-11 15:21:21,354 - Quantum Trading Bot - INFO - Trading signal for AAPL: 0.3680 (source: quantum)
2025-04-11 15:21:21,354 - Quantum Trading Bot - INFO - HOLD signal for AAPL (score: 0.3680, source: quantum)
2025-04-11 15:21:21,358 - Quantum Trading Bot - INFO - Processing MSFT
2025-04-11 15:21:21,358 - Quantum Trading Bot - INFO - Mock halal compliance check for MSFT: COMPLIANT
2025-04-11 15:21:21,366 - Quantum Trading Bot - INFO - Quantum device error rate: 0.0399
2025-04-11 15:21:21,370 - Quantum Trading Bot - INFO - Quantum prediction for MSFT: 0.6960 (confidence: 0.9601)
2025-04-11 15:21:21,370 - Quantum Trading Bot - INFO - Trading signal for MSFT: 0.6960 (source: quantum)
2025-04-11 15:21:21,370 - Quantum Trading Bot - INFO - HOLD signal for MSFT (score: 0.6960, source: quantum)
2025-04-11 15:21:21,373 - Quantum Trading Bot - INFO - Processing NVDA
2025-04-11 15:21:21,373 - Quantum Trading Bot - INFO - Mock halal compliance check for NVDA: COMPLIANT
2025-04-11 15:21:21,381 - Quantum Trading Bot - INFO - Quantum device error rate: 0.0369
2025-04-11 15:21:21,384 - Quantum Trading Bot - INFO - Quantum prediction for NVDA: 0.8470 (confidence: 0.9631)
2025-04-11 15:21:21,384 - Quantum Trading Bot - INFO - Trading signal for NVDA: 0.8470 (source: quantum)
2025-04-11 15:21:21,384 - Quantum Trading Bot - INFO - HOLD signal for NVDA (score: 0.8470, source: quantum)
2025-04-11 15:21:21,399 - Quantum Trading Bot - INFO - Performance metrics saved: 40/72 winning trades
2025-04-11 15:21:21,400 - Quantum Trading Bot - INFO - Quantum prediction accuracy: 0.00
2025-04-11 15:21:21,400 - Quantum Trading Bot - INFO - Sleeping for 60 seconds
2025-04-11 15:22:06,845 - Trading System - INFO - Trading Bot is alive: True
2025-04-11 15:22:06,847 - Trading System - INFO - Monitor Bot is alive: True
2025-04-11 15:22:06,847 - Trading System - INFO - Improvement Bot is alive: True
2025-04-11 15:22:21,418 - Quantum Trading Bot - INFO - Starting trading cycle
2025-04-11 15:22:21,418 - Quantum Trading Bot - INFO - Processing AAPL
2025-04-11 15:22:21,418 - Quantum Trading Bot - INFO - Mock halal compliance check for AAPL: COMPLIANT
2025-04-11 15:22:21,428 - Quantum Trading Bot - INFO - Quantum device error rate: 0.0387
2025-04-11 15:22:21,433 - Quantum Trading Bot - INFO - Quantum prediction for AAPL: 0.2110 (confidence: 0.9613)
2025-04-11 15:22:21,433 - Quantum Trading Bot - INFO - Trading signal for AAPL: 0.2110 (source: quantum)
2025-04-11 15:22:21,433 - Quantum Trading Bot - INFO - SELL signal for AAPL (score: 0.2110, source: quantum)
2025-04-11 15:22:21,434 - Quantum Trading Bot - WARNING - Cannot sell AAPL - no position
2025-04-11 15:22:21,437 - Quantum Trading Bot - INFO - Processing MSFT
2025-04-11 15:22:21,437 - Quantum Trading Bot - INFO - Mock halal compliance check for MSFT: COMPLIANT
2025-04-11 15:22:21,445 - Quantum Trading Bot - INFO - Quantum device error rate: 0.0387
2025-04-11 15:22:21,449 - Quantum Trading Bot - INFO - Quantum prediction for MSFT: 0.1040 (confidence: 0.9613)
2025-04-11 15:22:21,449 - Quantum Trading Bot - INFO - Trading signal for MSFT: 0.1040 (source: quantum)
2025-04-11 15:22:21,449 - Quantum Trading Bot - INFO - SELL signal for MSFT (score: 0.1040, source: quantum)
2025-04-11 15:22:21,450 - Quantum Trading Bot - WARNING - Cannot sell MSFT - no position
2025-04-11 15:22:21,453 - Quantum Trading Bot - INFO - Processing NVDA
2025-04-11 15:22:21,453 - Quantum Trading Bot - INFO - Mock halal compliance check for NVDA: COMPLIANT
2025-04-11 15:22:21,461 - Quantum Trading Bot - INFO - Quantum device error rate: 0.0192
2025-04-11 15:22:21,465 - Quantum Trading Bot - INFO - Quantum prediction for NVDA: 0.4000 (confidence: 0.7846)
2025-04-11 15:22:21,465 - Quantum Trading Bot - INFO - Trading signal for NVDA: 0.4000 (source: quantum)
2025-04-11 15:22:21,465 - Quantum Trading Bot - INFO - HOLD signal for NVDA (score: 0.4000, source: quantum)
2025-04-11 15:22:21,478 - Quantum Trading Bot - INFO - Performance metrics saved: 40/72 winning trades
2025-04-11 15:22:21,478 - Quantum Trading Bot - INFO - Quantum prediction accuracy: 0.00
2025-04-11 15:22:21,478 - Quantum Trading Bot - INFO - Sleeping for 60 seconds
2025-04-11 15:23:06,859 - Trading System - INFO - Trading Bot is alive: True
2025-04-11 15:23:06,861 - Trading System - INFO - Monitor Bot is alive: True
2025-04-11 15:23:06,861 - Trading System - INFO - Improvement Bot is alive: True
2025-04-11 15:23:21,482 - Quantum Trading Bot - INFO - Starting trading cycle
2025-04-11 15:23:21,483 - Quantum Trading Bot - INFO - Processing AAPL
2025-04-11 15:23:21,483 - Quantum Trading Bot - INFO - Mock halal compliance check for AAPL: COMPLIANT
2025-04-11 15:23:21,493 - Quantum Trading Bot - INFO - Quantum device error rate: 0.0318
2025-04-11 15:23:21,497 - Quantum Trading Bot - INFO - Quantum prediction for AAPL: 0.5770 (confidence: 0.7746)
2025-04-11 15:23:21,497 - Quantum Trading Bot - INFO - Trading signal for AAPL: 0.5770 (source: quantum)
2025-04-11 15:23:21,497 - Quantum Trading Bot - INFO - HOLD signal for AAPL (score: 0.5770, source: quantum)
2025-04-11 15:23:21,500 - Quantum Trading Bot - INFO - Processing MSFT
2025-04-11 15:23:21,500 - Quantum Trading Bot - INFO - Mock halal compliance check for MSFT: COMPLIANT
2025-04-11 15:23:21,509 - Quantum Trading Bot - INFO - Quantum device error rate: 0.0462
2025-04-11 15:23:21,513 - Quantum Trading Bot - INFO - Quantum prediction for MSFT: 0.8840 (confidence: 0.9538)
2025-04-11 15:23:21,513 - Quantum Trading Bot - INFO - Trading signal for MSFT: 0.8840 (source: quantum)
2025-04-11 15:23:21,513 - Quantum Trading Bot - INFO - HOLD signal for MSFT (score: 0.8840, source: quantum)
2025-04-11 15:23:21,516 - Quantum Trading Bot - INFO - Processing NVDA
2025-04-11 15:23:21,516 - Quantum Trading Bot - INFO - Mock halal compliance check for NVDA: COMPLIANT
2025-04-11 15:23:21,524 - Quantum Trading Bot - INFO - Quantum device error rate: 0.0345
2025-04-11 15:23:21,528 - Quantum Trading Bot - INFO - Quantum prediction for NVDA: 0.6060 (confidence: 0.9655)
2025-04-11 15:23:21,528 - Quantum Trading Bot - INFO - Trading signal for NVDA: 0.6060 (source: quantum)
2025-04-11 15:23:21,528 - Quantum Trading Bot - INFO - HOLD signal for NVDA (score: 0.6060, source: quantum)
2025-04-11 15:23:21,541 - Quantum Trading Bot - INFO - Performance metrics saved: 40/72 winning trades
2025-04-11 15:23:21,541 - Quantum Trading Bot - INFO - Quantum prediction accuracy: 0.00
2025-04-11 15:23:21,541 - Quantum Trading Bot - INFO - Sleeping for 60 seconds
2025-04-11 15:24:06,866 - Trading System - INFO - Trading Bot is alive: True
2025-04-11 15:24:06,870 - Trading System - INFO - Monitor Bot is alive: True
2025-04-11 15:24:06,870 - Trading System - INFO - Improvement Bot is alive: True
2025-04-11 15:24:21,542 - Quantum Trading Bot - INFO - Starting trading cycle
2025-04-11 15:24:21,542 - Quantum Trading Bot - INFO - Processing AAPL
2025-04-11 15:24:21,542 - Quantum Trading Bot - INFO - Mock halal compliance check for AAPL: COMPLIANT
2025-04-11 15:24:21,553 - Quantum Trading Bot - INFO - Quantum device error rate: 0.0402
2025-04-11 15:24:21,557 - Quantum Trading Bot - INFO - Quantum prediction for AAPL: 0.6100 (confidence: 0.9598)
2025-04-11 15:24:21,557 - Quantum Trading Bot - INFO - Trading signal for AAPL: 0.6100 (source: quantum)
2025-04-11 15:24:21,558 - Quantum Trading Bot - INFO - HOLD signal for AAPL (score: 0.6100, source: quantum)
2025-04-11 15:24:21,561 - Quantum Trading Bot - INFO - Processing MSFT
2025-04-11 15:24:21,561 - Quantum Trading Bot - INFO - Mock halal compliance check for MSFT: COMPLIANT
2025-04-11 15:24:21,570 - Quantum Trading Bot - INFO - Quantum device error rate: 0.0228
2025-04-11 15:24:21,575 - Quantum Trading Bot - INFO - Quantum prediction for MSFT: 0.4740 (confidence: 0.7818)
2025-04-11 15:24:21,575 - Quantum Trading Bot - INFO - Trading signal for MSFT: 0.4740 (source: quantum)
2025-04-11 15:24:21,575 - Quantum Trading Bot - INFO - HOLD signal for MSFT (score: 0.4740, source: quantum)
2025-04-11 15:24:21,578 - Quantum Trading Bot - INFO - Processing NVDA
2025-04-11 15:24:21,578 - Quantum Trading Bot - INFO - Mock halal compliance check for NVDA: COMPLIANT
2025-04-11 15:24:21,587 - Quantum Trading Bot - INFO - Quantum device error rate: 0.0399
2025-04-11 15:24:21,591 - Quantum Trading Bot - INFO - Quantum prediction for NVDA: 0.1960 (confidence: 0.9601)
2025-04-11 15:24:21,592 - Quantum Trading Bot - INFO - Trading signal for NVDA: 0.1960 (source: quantum)
2025-04-11 15:24:21,592 - Quantum Trading Bot - INFO - SELL signal for NVDA (score: 0.1960, source: quantum)
2025-04-11 15:24:21,593 - Quantum Trading Bot - WARNING - Cannot sell NVDA - no position
2025-04-11 15:24:21,606 - Quantum Trading Bot - INFO - Performance metrics saved: 40/72 winning trades
2025-04-11 15:24:21,607 - Quantum Trading Bot - INFO - Quantum prediction accuracy: 0.00
2025-04-11 15:24:21,628 - Quantum Trading Bot - INFO - Quantum device error rate: 0.0348
2025-04-11 15:24:21,631 - Quantum Trading Bot - INFO - Quantum portfolio optimization complete: {'AAPL': np.float64(0.3364299933642999), 'MSFT': np.float64(0.3231585932315859), 'NVDA': np.float64(0.3404114134041141)}
2025-04-11 15:24:21,631 - Quantum Trading Bot - INFO - Optimal portfolio weights: {'AAPL': np.float64(0.3364299933642999), 'MSFT': np.float64(0.3231585932315859), 'NVDA': np.float64(0.3404114134041141)}
2025-04-11 15:24:21,632 - Quantum Trading Bot - INFO - Sleeping for 60 seconds
2025-04-11 15:25:06,875 - Trading System - INFO - Trading Bot is alive: True
2025-04-11 15:25:06,877 - Trading System - INFO - Monitor Bot is alive: True
2025-04-11 15:25:06,877 - Trading System - INFO - Improvement Bot is alive: True
2025-04-11 15:25:21,633 - Quantum Trading Bot - INFO - Starting trading cycle
2025-04-11 15:25:21,633 - Quantum Trading Bot - INFO - Processing AAPL
2025-04-11 15:25:21,634 - Quantum Trading Bot - INFO - Mock halal compliance check for AAPL: COMPLIANT
2025-04-11 15:25:21,642 - Quantum Trading Bot - INFO - Quantum device error rate: 0.0387
2025-04-11 15:25:21,646 - Quantum Trading Bot - INFO - Quantum prediction for AAPL: 0.2440 (confidence: 0.9613)
2025-04-11 15:25:21,646 - Quantum Trading Bot - INFO - Trading signal for AAPL: 0.2440 (source: quantum)
2025-04-11 15:25:21,646 - Quantum Trading Bot - INFO - SELL signal for AAPL (score: 0.2440, source: quantum)
2025-04-11 15:25:21,647 - Quantum Trading Bot - WARNING - Cannot sell AAPL - no position
2025-04-11 15:25:21,650 - Quantum Trading Bot - INFO - Processing MSFT
2025-04-11 15:25:21,650 - Quantum Trading Bot - INFO - Mock halal compliance check for MSFT: COMPLIANT
2025-04-11 15:25:21,658 - Quantum Trading Bot - INFO - Quantum device error rate: 0.0303
2025-04-11 15:25:21,661 - Quantum Trading Bot - INFO - Quantum prediction for MSFT: 0.2690 (confidence: 0.9697)
2025-04-11 15:25:21,661 - Quantum Trading Bot - INFO - Trading signal for MSFT: 0.2690 (source: quantum)
2025-04-11 15:25:21,661 - Quantum Trading Bot - INFO - SELL signal for MSFT (score: 0.2690, source: quantum)
2025-04-11 15:25:21,662 - Quantum Trading Bot - WARNING - Cannot sell MSFT - no position
2025-04-11 15:25:21,665 - Quantum Trading Bot - INFO - Processing NVDA
2025-04-11 15:25:21,665 - Quantum Trading Bot - INFO - Mock halal compliance check for NVDA: COMPLIANT
2025-04-11 15:25:21,673 - Quantum Trading Bot - INFO - Quantum device error rate: 0.0342
2025-04-11 15:25:21,676 - Quantum Trading Bot - INFO - Quantum prediction for NVDA: 0.4310 (confidence: 0.7726)
2025-04-11 15:25:21,676 - Quantum Trading Bot - INFO - Trading signal for NVDA: 0.4310 (source: quantum)
2025-04-11 15:25:21,676 - Quantum Trading Bot - INFO - HOLD signal for NVDA (score: 0.4310, source: quantum)
2025-04-11 15:25:21,688 - Quantum Trading Bot - INFO - Performance metrics saved: 40/72 winning trades
2025-04-11 15:25:21,688 - Quantum Trading Bot - INFO - Quantum prediction accuracy: 0.00
2025-04-11 15:25:21,689 - Quantum Trading Bot - INFO - Sleeping for 60 seconds
2025-04-11 15:26:06,880 - Trading System - INFO - Trading Bot is alive: True
2025-04-11 15:26:06,881 - Trading System - INFO - Monitor Bot is alive: True
2025-04-11 15:26:06,881 - Trading System - INFO - Improvement Bot is alive: True
2025-04-11 15:26:21,692 - Quantum Trading Bot - INFO - Starting trading cycle
2025-04-11 15:26:21,692 - Quantum Trading Bot - INFO - Processing AAPL
2025-04-11 15:26:21,692 - Quantum Trading Bot - INFO - Mock halal compliance check for AAPL: COMPLIANT
2025-04-11 15:26:21,707 - Quantum Trading Bot - INFO - Quantum device error rate: 0.0351
2025-04-11 15:26:21,713 - Quantum Trading Bot - INFO - Quantum prediction for AAPL: 0.3700 (confidence: 0.9649)
2025-04-11 15:26:21,713 - Quantum Trading Bot - INFO - Trading signal for AAPL: 0.3700 (source: quantum)
2025-04-11 15:26:21,713 - Quantum Trading Bot - INFO - HOLD signal for AAPL (score: 0.3700, source: quantum)
2025-04-11 15:26:21,716 - Quantum Trading Bot - INFO - Processing MSFT
2025-04-11 15:26:21,716 - Quantum Trading Bot - INFO - Mock halal compliance check for MSFT: COMPLIANT
2025-04-11 15:26:21,724 - Quantum Trading Bot - INFO - Quantum device error rate: 0.0534
2025-04-11 15:26:21,734 - Quantum Trading Bot - INFO - Quantum prediction for MSFT: 0.5189 (confidence: 0.7573)
2025-04-11 15:26:21,734 - Quantum Trading Bot - INFO - Trading signal for MSFT: 0.5189 (source: quantum)
2025-04-11 15:26:21,734 - Quantum Trading Bot - INFO - HOLD signal for MSFT (score: 0.5189, source: quantum)
2025-04-11 15:26:21,737 - Quantum Trading Bot - INFO - Processing NVDA
2025-04-11 15:26:21,737 - Quantum Trading Bot - INFO - Mock halal compliance check for NVDA: COMPLIANT
2025-04-11 15:26:21,745 - Quantum Trading Bot - INFO - Quantum device error rate: 0.0411
2025-04-11 15:26:21,749 - Quantum Trading Bot - INFO - Quantum prediction for NVDA: 0.0960 (confidence: 0.9589)
2025-04-11 15:26:21,749 - Quantum Trading Bot - INFO - Trading signal for NVDA: 0.0960 (source: quantum)
2025-04-11 15:26:21,749 - Quantum Trading Bot - INFO - SELL signal for NVDA (score: 0.0960, source: quantum)
2025-04-11 15:26:21,749 - Quantum Trading Bot - WARNING - Cannot sell NVDA - no position
2025-04-11 15:26:21,763 - Quantum Trading Bot - INFO - Performance metrics saved: 40/72 winning trades
2025-04-11 15:26:21,763 - Quantum Trading Bot - INFO - Quantum prediction accuracy: 0.00
2025-04-11 15:26:21,763 - Quantum Trading Bot - INFO - Sleeping for 60 seconds
2025-04-11 15:27:06,884 - Trading System - INFO - Trading Bot is alive: True
2025-04-11 15:27:06,886 - Trading System - INFO - Monitor Bot is alive: True
2025-04-11 15:27:06,887 - Trading System - INFO - Improvement Bot is alive: True
2025-04-11 15:27:21,768 - Quantum Trading Bot - INFO - Starting trading cycle
2025-04-11 15:27:21,769 - Quantum Trading Bot - INFO - Processing AAPL
2025-04-11 15:27:21,769 - Quantum Trading Bot - INFO - Mock halal compliance check for AAPL: COMPLIANT
2025-04-11 15:27:21,783 - Quantum Trading Bot - INFO - Quantum device error rate: 0.0525
2025-04-11 15:27:21,793 - Quantum Trading Bot - INFO - Quantum prediction for AAPL: 0.9300 (confidence: 0.9475)
2025-04-11 15:27:21,793 - Quantum Trading Bot - INFO - Trading signal for AAPL: 0.9300 (source: quantum)
2025-04-11 15:27:21,793 - Quantum Trading Bot - INFO - HOLD signal for AAPL (score: 0.9300, source: quantum)
2025-04-11 15:27:21,796 - Quantum Trading Bot - INFO - Processing MSFT
2025-04-11 15:27:21,796 - Quantum Trading Bot - INFO - Mock halal compliance check for MSFT: COMPLIANT
2025-04-11 15:27:21,803 - Quantum Trading Bot - INFO - Quantum device error rate: 0.0165
2025-04-11 15:27:21,807 - Quantum Trading Bot - INFO - Quantum prediction for MSFT: 0.7880 (confidence: 0.9835)
2025-04-11 15:27:21,807 - Quantum Trading Bot - INFO - Trading signal for MSFT: 0.7880 (source: quantum)
2025-04-11 15:27:21,807 - Quantum Trading Bot - INFO - HOLD signal for MSFT (score: 0.7880, source: quantum)
2025-04-11 15:27:21,810 - Quantum Trading Bot - INFO - Processing NVDA
2025-04-11 15:27:21,810 - Quantum Trading Bot - INFO - Mock halal compliance check for NVDA: COMPLIANT
2025-04-11 15:27:21,817 - Quantum Trading Bot - INFO - Quantum device error rate: 0.0390
2025-04-11 15:27:21,820 - Quantum Trading Bot - INFO - Quantum prediction for NVDA: 0.4550 (confidence: 0.7688)
2025-04-11 15:27:21,820 - Quantum Trading Bot - INFO - Trading signal for NVDA: 0.4550 (source: quantum)
2025-04-11 15:27:21,820 - Quantum Trading Bot - INFO - HOLD signal for NVDA (score: 0.4550, source: quantum)
2025-04-11 15:27:21,833 - Quantum Trading Bot - INFO - Performance metrics saved: 40/72 winning trades
2025-04-11 15:27:21,833 - Quantum Trading Bot - INFO - Quantum prediction accuracy: 0.00
2025-04-11 15:27:21,833 - Quantum Trading Bot - INFO - Sleeping for 60 seconds
2025-04-11 15:28:06,892 - Trading System - INFO - Trading Bot is alive: True
2025-04-11 15:28:06,893 - Trading System - INFO - Monitor Bot is alive: True
2025-04-11 15:28:06,893 - Trading System - INFO - Improvement Bot is alive: True
2025-04-11 15:28:21,839 - Quantum Trading Bot - INFO - Starting trading cycle
2025-04-11 15:28:21,839 - Quantum Trading Bot - INFO - Processing AAPL
2025-04-11 15:28:21,839 - Quantum Trading Bot - INFO - Mock halal compliance check for AAPL: COMPLIANT
2025-04-11 15:28:21,848 - Quantum Trading Bot - INFO - Quantum device error rate: 0.0294
2025-04-11 15:28:21,854 - Quantum Trading Bot - INFO - Quantum prediction for AAPL: 0.3990 (confidence: 0.9706)
2025-04-11 15:28:21,854 - Quantum Trading Bot - INFO - Trading signal for AAPL: 0.3990 (source: quantum)
2025-04-11 15:28:21,854 - Quantum Trading Bot - INFO - HOLD signal for AAPL (score: 0.3990, source: quantum)
2025-04-11 15:28:21,857 - Quantum Trading Bot - INFO - Processing MSFT
2025-04-11 15:28:21,857 - Quantum Trading Bot - INFO - Mock halal compliance check for MSFT: COMPLIANT
2025-04-11 15:28:21,865 - Quantum Trading Bot - INFO - Quantum device error rate: 0.0228
2025-04-11 15:28:21,868 - Quantum Trading Bot - INFO - Quantum prediction for MSFT: 0.5390 (confidence: 0.7818)
2025-04-11 15:28:21,868 - Quantum Trading Bot - INFO - Trading signal for MSFT: 0.5390 (source: quantum)
2025-04-11 15:28:21,868 - Quantum Trading Bot - INFO - HOLD signal for MSFT (score: 0.5390, source: quantum)
2025-04-11 15:28:21,871 - Quantum Trading Bot - INFO - Processing NVDA
2025-04-11 15:28:21,871 - Quantum Trading Bot - INFO - Mock halal compliance check for NVDA: COMPLIANT
2025-04-11 15:28:21,879 - Quantum Trading Bot - INFO - Quantum device error rate: 0.0426
2025-04-11 15:28:21,882 - Quantum Trading Bot - INFO - Quantum prediction for NVDA: 0.7260 (confidence: 0.9574)
2025-04-11 15:28:21,882 - Quantum Trading Bot - INFO - Trading signal for NVDA: 0.7260 (source: quantum)
2025-04-11 15:28:21,882 - Quantum Trading Bot - INFO - HOLD signal for NVDA (score: 0.7260, source: quantum)
2025-04-11 15:28:21,895 - Quantum Trading Bot - INFO - Performance metrics saved: 40/72 winning trades
2025-04-11 15:28:21,896 - Quantum Trading Bot - INFO - Quantum prediction accuracy: 0.00
2025-04-11 15:28:21,896 - Quantum Trading Bot - INFO - Sleeping for 60 seconds
2025-04-11 15:29:06,894 - Trading System - INFO - Trading Bot is alive: True
2025-04-11 15:29:06,896 - Trading System - INFO - Monitor Bot is alive: True
2025-04-11 15:29:06,896 - Trading System - INFO - Improvement Bot is alive: True
2025-04-11 15:29:21,897 - Quantum Trading Bot - INFO - Starting trading cycle
2025-04-11 15:29:21,898 - Quantum Trading Bot - INFO - Processing AAPL
2025-04-11 15:29:21,898 - Quantum Trading Bot - INFO - Mock halal compliance check for AAPL: COMPLIANT
2025-04-11 15:29:21,907 - Quantum Trading Bot - INFO - Quantum device error rate: 0.0369
2025-04-11 15:29:21,912 - Quantum Trading Bot - INFO - Quantum prediction for AAPL: 0.5540 (confidence: 0.7705)
2025-04-11 15:29:21,912 - Quantum Trading Bot - INFO - Trading signal for AAPL: 0.5540 (source: quantum)
2025-04-11 15:29:21,912 - Quantum Trading Bot - INFO - HOLD signal for AAPL (score: 0.5540, source: quantum)
2025-04-11 15:29:21,916 - Quantum Trading Bot - INFO - Processing MSFT
2025-04-11 15:29:21,916 - Quantum Trading Bot - INFO - Mock halal compliance check for MSFT: COMPLIANT
2025-04-11 15:29:21,927 - Quantum Trading Bot - INFO - Quantum device error rate: 0.0426
2025-04-11 15:29:21,930 - Quantum Trading Bot - INFO - Quantum prediction for MSFT: 0.9070 (confidence: 0.9574)
2025-04-11 15:29:21,930 - Quantum Trading Bot - INFO - Trading signal for MSFT: 0.9070 (source: quantum)
2025-04-11 15:29:21,930 - Quantum Trading Bot - INFO - HOLD signal for MSFT (score: 0.9070, source: quantum)
2025-04-11 15:29:21,933 - Quantum Trading Bot - INFO - Processing NVDA
2025-04-11 15:29:21,933 - Quantum Trading Bot - INFO - Mock halal compliance check for NVDA: COMPLIANT
2025-04-11 15:29:21,941 - Quantum Trading Bot - INFO - Quantum device error rate: 0.0372
2025-04-11 15:29:21,944 - Quantum Trading Bot - INFO - Quantum prediction for NVDA: 0.0920 (confidence: 0.9628)
2025-04-11 15:29:21,944 - Quantum Trading Bot - INFO - Trading signal for NVDA: 0.0920 (source: quantum)
2025-04-11 15:29:21,944 - Quantum Trading Bot - INFO - SELL signal for NVDA (score: 0.0920, source: quantum)
2025-04-11 15:29:21,945 - Quantum Trading Bot - WARNING - Cannot sell NVDA - no position
2025-04-11 15:29:21,959 - Quantum Trading Bot - INFO - Performance metrics saved: 40/72 winning trades
2025-04-11 15:29:21,959 - Quantum Trading Bot - INFO - Quantum prediction accuracy: 0.00
2025-04-11 15:29:21,959 - Quantum Trading Bot - INFO - Sleeping for 60 seconds
2025-04-11 15:30:06,901 - Trading System - INFO - Trading Bot is alive: True
2025-04-11 15:30:06,903 - Trading System - INFO - Monitor Bot is alive: True
2025-04-11 15:30:06,903 - Trading System - INFO - Improvement Bot is alive: True
2025-04-11 15:30:21,962 - Quantum Trading Bot - INFO - Starting trading cycle
2025-04-11 15:30:21,962 - Quantum Trading Bot - INFO - Processing AAPL
2025-04-11 15:30:21,962 - Quantum Trading Bot - INFO - Mock halal compliance check for AAPL: COMPLIANT
2025-04-11 15:30:21,991 - Quantum Trading Bot - INFO - Quantum device error rate: 0.0450
2025-04-11 15:30:21,998 - Quantum Trading Bot - INFO - Quantum prediction for AAPL: 0.6900 (confidence: 0.9550)
2025-04-11 15:30:21,999 - Quantum Trading Bot - INFO - Trading signal for AAPL: 0.6900 (source: quantum)
2025-04-11 15:30:21,999 - Quantum Trading Bot - INFO - HOLD signal for AAPL (score: 0.6900, source: quantum)
2025-04-11 15:30:22,002 - Quantum Trading Bot - INFO - Processing MSFT
2025-04-11 15:30:22,002 - Quantum Trading Bot - INFO - Mock halal compliance check for MSFT: COMPLIANT
2025-04-11 15:30:22,011 - Quantum Trading Bot - INFO - Quantum device error rate: 0.0408
2025-04-11 15:30:22,015 - Quantum Trading Bot - INFO - Quantum prediction for MSFT: 0.7660 (confidence: 0.9592)
2025-04-11 15:30:22,015 - Quantum Trading Bot - INFO - Trading signal for MSFT: 0.7660 (source: quantum)
2025-04-11 15:30:22,015 - Quantum Trading Bot - INFO - HOLD signal for MSFT (score: 0.7660, source: quantum)
2025-04-11 15:30:22,018 - Quantum Trading Bot - INFO - Processing NVDA
2025-04-11 15:30:22,019 - Quantum Trading Bot - INFO - Mock halal compliance check for NVDA: COMPLIANT
2025-04-11 15:30:22,028 - Quantum Trading Bot - INFO - Quantum device error rate: 0.0567
2025-04-11 15:30:22,038 - Quantum Trading Bot - INFO - Quantum prediction for NVDA: 0.0565 (confidence: 0.9433)
2025-04-11 15:30:22,038 - Quantum Trading Bot - INFO - Trading signal for NVDA: 0.0565 (source: quantum)
2025-04-11 15:30:22,038 - Quantum Trading Bot - INFO - SELL signal for NVDA (score: 0.0565, source: quantum)
2025-04-11 15:30:22,039 - Quantum Trading Bot - WARNING - Cannot sell NVDA - no position
2025-04-11 15:30:22,057 - Quantum Trading Bot - INFO - Performance metrics saved: 40/72 winning trades
2025-04-11 15:30:22,057 - Quantum Trading Bot - INFO - Quantum prediction accuracy: 0.00
2025-04-11 15:30:22,057 - Quantum Trading Bot - INFO - Sleeping for 60 seconds
2025-04-11 15:31:06,914 - Trading System - INFO - Trading Bot is alive: True
2025-04-11 15:31:06,917 - Trading System - INFO - Monitor Bot is alive: True
2025-04-11 15:31:06,917 - Trading System - INFO - Improvement Bot is alive: True
2025-04-11 15:31:22,063 - Quantum Trading Bot - INFO - Starting trading cycle
2025-04-11 15:31:22,064 - Quantum Trading Bot - INFO - Processing AAPL
2025-04-11 15:31:22,064 - Quantum Trading Bot - INFO - Mock halal compliance check for AAPL: COMPLIANT
2025-04-11 15:31:22,080 - Quantum Trading Bot - INFO - Quantum device error rate: 0.0369
2025-04-11 15:31:22,086 - Quantum Trading Bot - INFO - Quantum prediction for AAPL: 0.8180 (confidence: 0.9631)
2025-04-11 15:31:22,086 - Quantum Trading Bot - INFO - Trading signal for AAPL: 0.8180 (source: quantum)
2025-04-11 15:31:22,086 - Quantum Trading Bot - INFO - HOLD signal for AAPL (score: 0.8180, source: quantum)
2025-04-11 15:31:22,089 - Quantum Trading Bot - INFO - Processing MSFT
2025-04-11 15:31:22,089 - Quantum Trading Bot - INFO - Mock halal compliance check for MSFT: COMPLIANT
2025-04-11 15:31:22,097 - Quantum Trading Bot - INFO - Quantum device error rate: 0.0435
2025-04-11 15:31:22,101 - Quantum Trading Bot - INFO - Quantum prediction for MSFT: 0.2820 (confidence: 0.9565)
2025-04-11 15:31:22,101 - Quantum Trading Bot - INFO - Trading signal for MSFT: 0.2820 (source: quantum)
2025-04-11 15:31:22,101 - Quantum Trading Bot - INFO - SELL signal for MSFT (score: 0.2820, source: quantum)
2025-04-11 15:31:22,103 - Quantum Trading Bot - WARNING - Cannot sell MSFT - no position
2025-04-11 15:31:22,106 - Quantum Trading Bot - INFO - Processing NVDA
2025-04-11 15:31:22,106 - Quantum Trading Bot - INFO - Mock halal compliance check for NVDA: COMPLIANT
2025-04-11 15:31:22,113 - Quantum Trading Bot - INFO - Quantum device error rate: 0.0573
2025-04-11 15:31:22,123 - Quantum Trading Bot - INFO - Quantum prediction for NVDA: 0.6770 (confidence: 0.9427)
2025-04-11 15:31:22,123 - Quantum Trading Bot - INFO - Trading signal for NVDA: 0.6770 (source: quantum)
2025-04-11 15:31:22,123 - Quantum Trading Bot - INFO - HOLD signal for NVDA (score: 0.6770, source: quantum)
2025-04-11 15:31:22,137 - Quantum Trading Bot - INFO - Performance metrics saved: 40/72 winning trades
2025-04-11 15:31:22,137 - Quantum Trading Bot - INFO - Quantum prediction accuracy: 0.00
2025-04-11 15:31:22,137 - Quantum Trading Bot - INFO - Sleeping for 60 seconds
2025-04-11 15:32:06,919 - Trading System - INFO - Trading Bot is alive: True
2025-04-11 15:32:06,921 - Trading System - INFO - Monitor Bot is alive: True
2025-04-11 15:32:06,921 - Trading System - INFO - Improvement Bot is alive: True
2025-04-11 15:32:22,141 - Quantum Trading Bot - INFO - Starting trading cycle
2025-04-11 15:32:22,142 - Quantum Trading Bot - INFO - Processing AAPL
2025-04-11 15:32:22,143 - Quantum Trading Bot - INFO - Mock halal compliance check for AAPL: COMPLIANT
2025-04-11 15:32:22,174 - Quantum Trading Bot - INFO - Quantum device error rate: 0.0501
2025-04-11 15:32:22,187 - Quantum Trading Bot - INFO - Quantum prediction for AAPL: 0.3879 (confidence: 0.9499)
2025-04-11 15:32:22,188 - Quantum Trading Bot - INFO - Trading signal for AAPL: 0.3879 (source: quantum)
2025-04-11 15:32:22,188 - Quantum Trading Bot - INFO - HOLD signal for AAPL (score: 0.3879, source: quantum)
2025-04-11 15:32:22,192 - Quantum Trading Bot - INFO - Processing MSFT
2025-04-11 15:32:22,192 - Quantum Trading Bot - INFO - Mock halal compliance check for MSFT: COMPLIANT
2025-04-11 15:32:22,200 - Quantum Trading Bot - INFO - Quantum device error rate: 0.0441
2025-04-11 15:32:22,205 - Quantum Trading Bot - INFO - Quantum prediction for MSFT: 0.4750 (confidence: 0.7647)
2025-04-11 15:32:22,205 - Quantum Trading Bot - INFO - Trading signal for MSFT: 0.4750 (source: quantum)
2025-04-11 15:32:22,205 - Quantum Trading Bot - INFO - HOLD signal for MSFT (score: 0.4750, source: quantum)
2025-04-11 15:32:22,209 - Quantum Trading Bot - INFO - Processing NVDA
2025-04-11 15:32:22,209 - Quantum Trading Bot - INFO - Mock halal compliance check for NVDA: COMPLIANT
2025-04-11 15:32:22,217 - Quantum Trading Bot - INFO - Quantum device error rate: 0.0354
2025-04-11 15:32:22,221 - Quantum Trading Bot - INFO - Quantum prediction for NVDA: 0.0310 (confidence: 0.9646)
2025-04-11 15:32:22,221 - Quantum Trading Bot - INFO - Trading signal for NVDA: 0.0310 (source: quantum)
2025-04-11 15:32:22,221 - Quantum Trading Bot - INFO - SELL signal for NVDA (score: 0.0310, source: quantum)
2025-04-11 15:32:22,222 - Quantum Trading Bot - WARNING - Cannot sell NVDA - no position
2025-04-11 15:32:22,237 - Quantum Trading Bot - INFO - Performance metrics saved: 40/72 winning trades
2025-04-11 15:32:22,237 - Quantum Trading Bot - INFO - Quantum prediction accuracy: 0.00
2025-04-11 15:32:22,238 - Quantum Trading Bot - INFO - Sleeping for 60 seconds
2025-04-11 15:33:06,927 - Trading System - INFO - Trading Bot is alive: True
2025-04-11 15:33:06,930 - Trading System - INFO - Monitor Bot is alive: True
2025-04-11 15:33:06,930 - Trading System - INFO - Improvement Bot is alive: True
2025-04-11 15:33:22,240 - Quantum Trading Bot - INFO - Starting trading cycle
2025-04-11 15:33:22,241 - Quantum Trading Bot - INFO - Processing AAPL
2025-04-11 15:33:22,241 - Quantum Trading Bot - INFO - Mock halal compliance check for AAPL: COMPLIANT
2025-04-11 15:33:22,264 - Quantum Trading Bot - INFO - Quantum device error rate: 0.0423
2025-04-11 15:33:22,274 - Quantum Trading Bot - INFO - Quantum prediction for AAPL: 0.8750 (confidence: 0.9577)
2025-04-11 15:33:22,274 - Quantum Trading Bot - INFO - Trading signal for AAPL: 0.8750 (source: quantum)
2025-04-11 15:33:22,274 - Quantum Trading Bot - INFO - HOLD signal for AAPL (score: 0.8750, source: quantum)
2025-04-11 15:33:22,278 - Quantum Trading Bot - INFO - Processing MSFT
2025-04-11 15:33:22,278 - Quantum Trading Bot - INFO - Mock halal compliance check for MSFT: COMPLIANT
2025-04-11 15:33:22,286 - Quantum Trading Bot - INFO - Quantum device error rate: 0.0591
2025-04-11 15:33:22,296 - Quantum Trading Bot - INFO - Quantum prediction for MSFT: 0.6189 (confidence: 0.9409)
2025-04-11 15:33:22,296 - Quantum Trading Bot - INFO - Trading signal for MSFT: 0.6189 (source: quantum)
2025-04-11 15:33:22,296 - Quantum Trading Bot - INFO - HOLD signal for MSFT (score: 0.6189, source: quantum)
2025-04-11 15:33:22,299 - Quantum Trading Bot - INFO - Processing NVDA
2025-04-11 15:33:22,299 - Quantum Trading Bot - INFO - Mock halal compliance check for NVDA: COMPLIANT
2025-04-11 15:33:22,310 - Quantum Trading Bot - INFO - Quantum device error rate: 0.0453
2025-04-11 15:33:22,314 - Quantum Trading Bot - INFO - Quantum prediction for NVDA: 0.2410 (confidence: 0.9547)
2025-04-11 15:33:22,315 - Quantum Trading Bot - INFO - Trading signal for NVDA: 0.2410 (source: quantum)
2025-04-11 15:33:22,315 - Quantum Trading Bot - INFO - SELL signal for NVDA (score: 0.2410, source: quantum)
2025-04-11 15:33:22,316 - Quantum Trading Bot - WARNING - Cannot sell NVDA - no position
2025-04-11 15:33:22,331 - Quantum Trading Bot - INFO - Performance metrics saved: 40/72 winning trades
2025-04-11 15:33:22,331 - Quantum Trading Bot - INFO - Quantum prediction accuracy: 0.00
2025-04-11 15:33:22,331 - Quantum Trading Bot - INFO - Sleeping for 60 seconds
2025-04-11 15:34:06,934 - Trading System - INFO - Trading Bot is alive: True
2025-04-11 15:34:06,936 - Trading System - INFO - Monitor Bot is alive: True
2025-04-11 15:34:06,936 - Trading System - INFO - Improvement Bot is alive: True
2025-04-11 15:34:22,336 - Quantum Trading Bot - INFO - Starting trading cycle
2025-04-11 15:34:22,337 - Quantum Trading Bot - INFO - Processing AAPL
2025-04-11 15:34:22,338 - Quantum Trading Bot - INFO - Mock halal compliance check for AAPL: COMPLIANT
2025-04-11 15:34:22,368 - Quantum Trading Bot - INFO - Quantum device error rate: 0.0360
2025-04-11 15:34:22,375 - Quantum Trading Bot - INFO - Quantum prediction for AAPL: 0.6050 (confidence: 0.9640)
2025-04-11 15:34:22,375 - Quantum Trading Bot - INFO - Trading signal for AAPL: 0.6050 (source: quantum)
2025-04-11 15:34:22,375 - Quantum Trading Bot - INFO - HOLD signal for AAPL (score: 0.6050, source: quantum)
2025-04-11 15:34:22,379 - Quantum Trading Bot - INFO - Processing MSFT
2025-04-11 15:34:22,379 - Quantum Trading Bot - INFO - Mock halal compliance check for MSFT: COMPLIANT
2025-04-11 15:34:22,389 - Quantum Trading Bot - INFO - Quantum device error rate: 0.0351
2025-04-11 15:34:22,393 - Quantum Trading Bot - INFO - Quantum prediction for MSFT: 0.3040 (confidence: 0.9649)
2025-04-11 15:34:22,393 - Quantum Trading Bot - INFO - Trading signal for MSFT: 0.3040 (source: quantum)
2025-04-11 15:34:22,393 - Quantum Trading Bot - INFO - HOLD signal for MSFT (score: 0.3040, source: quantum)
2025-04-11 15:34:22,397 - Quantum Trading Bot - INFO - Processing NVDA
2025-04-11 15:34:22,398 - Quantum Trading Bot - INFO - Mock halal compliance check for NVDA: COMPLIANT
2025-04-11 15:34:22,407 - Quantum Trading Bot - INFO - Quantum device error rate: 0.0438
2025-04-11 15:34:22,415 - Quantum Trading Bot - INFO - Quantum prediction for NVDA: 0.5360 (confidence: 0.7650)
2025-04-11 15:34:22,415 - Quantum Trading Bot - INFO - Trading signal for NVDA: 0.5360 (source: quantum)
2025-04-11 15:34:22,415 - Quantum Trading Bot - INFO - HOLD signal for NVDA (score: 0.5360, source: quantum)
2025-04-11 15:34:22,430 - Quantum Trading Bot - INFO - Performance metrics saved: 40/72 winning trades
2025-04-11 15:34:22,431 - Quantum Trading Bot - INFO - Quantum prediction accuracy: 0.00
2025-04-11 15:34:22,431 - Quantum Trading Bot - INFO - Sleeping for 60 seconds
2025-04-11 15:35:06,941 - Trading System - INFO - Trading Bot is alive: True
2025-04-11 15:35:06,943 - Trading System - INFO - Monitor Bot is alive: True
2025-04-11 15:35:06,944 - Trading System - INFO - Improvement Bot is alive: True
2025-04-11 15:35:22,435 - Quantum Trading Bot - INFO - Starting trading cycle
2025-04-11 15:35:22,435 - Quantum Trading Bot - INFO - Processing AAPL
2025-04-11 15:35:22,435 - Quantum Trading Bot - INFO - Mock halal compliance check for AAPL: COMPLIANT
2025-04-11 15:35:22,463 - Quantum Trading Bot - INFO - Quantum device error rate: 0.0390
2025-04-11 15:35:22,470 - Quantum Trading Bot - INFO - Quantum prediction for AAPL: 0.5450 (confidence: 0.7688)
2025-04-11 15:35:22,470 - Quantum Trading Bot - INFO - Trading signal for AAPL: 0.5450 (source: quantum)
2025-04-11 15:35:22,470 - Quantum Trading Bot - INFO - HOLD signal for AAPL (score: 0.5450, source: quantum)
2025-04-11 15:35:22,476 - Quantum Trading Bot - INFO - Processing MSFT
2025-04-11 15:35:22,476 - Quantum Trading Bot - INFO - Mock halal compliance check for MSFT: COMPLIANT
2025-04-11 15:35:22,487 - Quantum Trading Bot - INFO - Quantum device error rate: 0.0321
2025-04-11 15:35:22,491 - Quantum Trading Bot - INFO - Quantum prediction for MSFT: 0.7630 (confidence: 0.9679)
2025-04-11 15:35:22,491 - Quantum Trading Bot - INFO - Trading signal for MSFT: 0.7630 (source: quantum)
2025-04-11 15:35:22,491 - Quantum Trading Bot - INFO - HOLD signal for MSFT (score: 0.7630, source: quantum)
2025-04-11 15:35:22,496 - Quantum Trading Bot - INFO - Processing NVDA
2025-04-11 15:35:22,496 - Quantum Trading Bot - INFO - Mock halal compliance check for NVDA: COMPLIANT
2025-04-11 15:35:22,504 - Quantum Trading Bot - INFO - Quantum device error rate: 0.0429
2025-04-11 15:35:22,508 - Quantum Trading Bot - INFO - Quantum prediction for NVDA: 0.2950 (confidence: 0.9571)
2025-04-11 15:35:22,508 - Quantum Trading Bot - INFO - Trading signal for NVDA: 0.2950 (source: quantum)
2025-04-11 15:35:22,508 - Quantum Trading Bot - INFO - SELL signal for NVDA (score: 0.2950, source: quantum)
2025-04-11 15:35:22,510 - Quantum Trading Bot - WARNING - Cannot sell NVDA - no position
2025-04-11 15:35:22,524 - Quantum Trading Bot - INFO - Performance metrics saved: 40/72 winning trades
2025-04-11 15:35:22,524 - Quantum Trading Bot - INFO - Quantum prediction accuracy: 0.00
2025-04-11 15:35:22,524 - Quantum Trading Bot - INFO - Sleeping for 60 seconds
2025-04-11 15:36:06,948 - Trading System - INFO - Trading Bot is alive: True
2025-04-11 15:36:06,951 - Trading System - INFO - Monitor Bot is alive: True
2025-04-11 15:36:06,951 - Trading System - INFO - Improvement Bot is alive: True
2025-04-11 15:36:22,526 - Quantum Trading Bot - INFO - Starting trading cycle
2025-04-11 15:36:22,526 - Quantum Trading Bot - INFO - Processing AAPL
2025-04-11 15:36:22,526 - Quantum Trading Bot - INFO - Mock halal compliance check for AAPL: COMPLIANT
2025-04-11 15:36:22,535 - Quantum Trading Bot - INFO - Quantum device error rate: 0.0369
2025-04-11 15:36:22,539 - Quantum Trading Bot - INFO - Quantum prediction for AAPL: 0.5890 (confidence: 0.7705)
2025-04-11 15:36:22,539 - Quantum Trading Bot - INFO - Trading signal for AAPL: 0.5890 (source: quantum)
2025-04-11 15:36:22,539 - Quantum Trading Bot - INFO - HOLD signal for AAPL (score: 0.5890, source: quantum)
2025-04-11 15:36:22,542 - Quantum Trading Bot - INFO - Processing MSFT
2025-04-11 15:36:22,542 - Quantum Trading Bot - INFO - Mock halal compliance check for MSFT: COMPLIANT
2025-04-11 15:36:22,550 - Quantum Trading Bot - INFO - Quantum device error rate: 0.0378
2025-04-11 15:36:22,553 - Quantum Trading Bot - INFO - Quantum prediction for MSFT: 0.7010 (confidence: 0.9622)
2025-04-11 15:36:22,553 - Quantum Trading Bot - INFO - Trading signal for MSFT: 0.7010 (source: quantum)
2025-04-11 15:36:22,553 - Quantum Trading Bot - INFO - HOLD signal for MSFT (score: 0.7010, source: quantum)
2025-04-11 15:36:22,556 - Quantum Trading Bot - INFO - Processing NVDA
2025-04-11 15:36:22,556 - Quantum Trading Bot - INFO - Mock halal compliance check for NVDA: COMPLIANT
2025-04-11 15:36:22,563 - Quantum Trading Bot - INFO - Quantum device error rate: 0.0318
2025-04-11 15:36:22,567 - Quantum Trading Bot - INFO - Quantum prediction for NVDA: 0.3690 (confidence: 0.9682)
2025-04-11 15:36:22,567 - Quantum Trading Bot - INFO - Trading signal for NVDA: 0.3690 (source: quantum)
2025-04-11 15:36:22,567 - Quantum Trading Bot - INFO - HOLD signal for NVDA (score: 0.3690, source: quantum)
2025-04-11 15:36:22,579 - Quantum Trading Bot - INFO - Performance metrics saved: 40/72 winning trades
2025-04-11 15:36:22,579 - Quantum Trading Bot - INFO - Quantum prediction accuracy: 0.00
2025-04-11 15:36:22,579 - Quantum Trading Bot - INFO - Sleeping for 60 seconds
2025-04-11 15:37:06,957 - Trading System - INFO - Trading Bot is alive: True
2025-04-11 15:37:06,958 - Trading System - INFO - Monitor Bot is alive: True
2025-04-11 15:37:06,958 - Trading System - INFO - Improvement Bot is alive: True
2025-04-11 15:37:22,584 - Quantum Trading Bot - INFO - Starting trading cycle
2025-04-11 15:37:22,584 - Quantum Trading Bot - INFO - Processing AAPL
2025-04-11 15:37:22,584 - Quantum Trading Bot - INFO - Mock halal compliance check for AAPL: COMPLIANT
2025-04-11 15:37:22,592 - Quantum Trading Bot - INFO - Quantum device error rate: 0.0414
2025-04-11 15:37:22,597 - Quantum Trading Bot - INFO - Quantum prediction for AAPL: 0.2630 (confidence: 0.9586)
2025-04-11 15:37:22,597 - Quantum Trading Bot - INFO - Trading signal for AAPL: 0.2630 (source: quantum)
2025-04-11 15:37:22,597 - Quantum Trading Bot - INFO - SELL signal for AAPL (score: 0.2630, source: quantum)
2025-04-11 15:37:22,599 - Quantum Trading Bot - WARNING - Cannot sell AAPL - no position
2025-04-11 15:37:22,603 - Quantum Trading Bot - INFO - Processing MSFT
2025-04-11 15:37:22,603 - Quantum Trading Bot - INFO - Mock halal compliance check for MSFT: COMPLIANT
2025-04-11 15:37:22,612 - Quantum Trading Bot - INFO - Quantum device error rate: 0.0465
2025-04-11 15:37:22,616 - Quantum Trading Bot - INFO - Quantum prediction for MSFT: 0.6480 (confidence: 0.9535)
2025-04-11 15:37:22,616 - Quantum Trading Bot - INFO - Trading signal for MSFT: 0.6480 (source: quantum)
2025-04-11 15:37:22,616 - Quantum Trading Bot - INFO - HOLD signal for MSFT (score: 0.6480, source: quantum)
2025-04-11 15:37:22,619 - Quantum Trading Bot - INFO - Processing NVDA
2025-04-11 15:37:22,619 - Quantum Trading Bot - INFO - Mock halal compliance check for NVDA: COMPLIANT
2025-04-11 15:37:22,627 - Quantum Trading Bot - INFO - Quantum device error rate: 0.0417
2025-04-11 15:37:22,631 - Quantum Trading Bot - INFO - Quantum prediction for NVDA: 0.5550 (confidence: 0.7666)
2025-04-11 15:37:22,631 - Quantum Trading Bot - INFO - Trading signal for NVDA: 0.5550 (source: quantum)
2025-04-11 15:37:22,631 - Quantum Trading Bot - INFO - HOLD signal for NVDA (score: 0.5550, source: quantum)
2025-04-11 15:37:22,644 - Quantum Trading Bot - INFO - Performance metrics saved: 40/72 winning trades
2025-04-11 15:37:22,644 - Quantum Trading Bot - INFO - Quantum prediction accuracy: 0.00
2025-04-11 15:37:22,644 - Quantum Trading Bot - INFO - Sleeping for 60 seconds
2025-04-11 15:38:06,964 - Trading System - INFO - Trading Bot is alive: True
2025-04-11 15:38:06,967 - Trading System - INFO - Monitor Bot is alive: True
2025-04-11 15:38:06,967 - Trading System - INFO - Improvement Bot is alive: True
2025-04-11 15:38:22,650 - Quantum Trading Bot - INFO - Starting trading cycle
2025-04-11 15:38:22,650 - Quantum Trading Bot - INFO - Processing AAPL
2025-04-11 15:38:22,650 - Quantum Trading Bot - INFO - Mock halal compliance check for AAPL: COMPLIANT
2025-04-11 15:38:22,659 - Quantum Trading Bot - INFO - Quantum device error rate: 0.0324
2025-04-11 15:38:22,664 - Quantum Trading Bot - INFO - Quantum prediction for AAPL: 0.5970 (confidence: 0.7741)
2025-04-11 15:38:22,664 - Quantum Trading Bot - INFO - Trading signal for AAPL: 0.5970 (source: quantum)
2025-04-11 15:38:22,664 - Quantum Trading Bot - INFO - HOLD signal for AAPL (score: 0.5970, source: quantum)
2025-04-11 15:38:22,667 - Quantum Trading Bot - INFO - Processing MSFT
2025-04-11 15:38:22,667 - Quantum Trading Bot - INFO - Mock halal compliance check for MSFT: COMPLIANT
2025-04-11 15:38:22,673 - Quantum Trading Bot - INFO - Quantum device error rate: 0.0327
2025-04-11 15:38:22,676 - Quantum Trading Bot - INFO - Quantum prediction for MSFT: 0.3110 (confidence: 0.9673)
2025-04-11 15:38:22,676 - Quantum Trading Bot - INFO - Trading signal for MSFT: 0.3110 (source: quantum)
2025-04-11 15:38:22,676 - Quantum Trading Bot - INFO - HOLD signal for MSFT (score: 0.3110, source: quantum)
2025-04-11 15:38:22,679 - Quantum Trading Bot - INFO - Processing NVDA
2025-04-11 15:38:22,679 - Quantum Trading Bot - INFO - Mock halal compliance check for NVDA: COMPLIANT
2025-04-11 15:38:22,685 - Quantum Trading Bot - INFO - Quantum device error rate: 0.0468
2025-04-11 15:38:22,688 - Quantum Trading Bot - INFO - Quantum prediction for NVDA: 0.3070 (confidence: 0.9532)
2025-04-11 15:38:22,688 - Quantum Trading Bot - INFO - Trading signal for NVDA: 0.3070 (source: quantum)
2025-04-11 15:38:22,688 - Quantum Trading Bot - INFO - HOLD signal for NVDA (score: 0.3070, source: quantum)
2025-04-11 15:38:22,701 - Quantum Trading Bot - INFO - Performance metrics saved: 40/72 winning trades
2025-04-11 15:38:22,701 - Quantum Trading Bot - INFO - Quantum prediction accuracy: 0.00
2025-04-11 15:38:22,701 - Quantum Trading Bot - INFO - Sleeping for 60 seconds
2025-04-11 15:39:06,971 - Trading System - INFO - Trading Bot is alive: True
2025-04-11 15:39:06,972 - Trading System - INFO - Monitor Bot is alive: True
2025-04-11 15:39:06,973 - Trading System - INFO - Improvement Bot is alive: True
2025-04-11 15:39:22,705 - Quantum Trading Bot - INFO - Starting trading cycle
2025-04-11 15:39:22,705 - Quantum Trading Bot - INFO - Processing AAPL
2025-04-11 15:39:22,705 - Quantum Trading Bot - INFO - Mock halal compliance check for AAPL: COMPLIANT
2025-04-11 15:39:22,714 - Quantum Trading Bot - INFO - Quantum device error rate: 0.0492
2025-04-11 15:39:22,719 - Quantum Trading Bot - INFO - Quantum prediction for AAPL: 0.5930 (confidence: 0.7606)
2025-04-11 15:39:22,719 - Quantum Trading Bot - INFO - Trading signal for AAPL: 0.5930 (source: quantum)
2025-04-11 15:39:22,719 - Quantum Trading Bot - INFO - HOLD signal for AAPL (score: 0.5930, source: quantum)
2025-04-11 15:39:22,722 - Quantum Trading Bot - INFO - Processing MSFT
2025-04-11 15:39:22,722 - Quantum Trading Bot - INFO - Mock halal compliance check for MSFT: COMPLIANT
2025-04-11 15:39:22,730 - Quantum Trading Bot - INFO - Quantum device error rate: 0.0453
2025-04-11 15:39:22,733 - Quantum Trading Bot - INFO - Quantum prediction for MSFT: 0.5640 (confidence: 0.7638)
2025-04-11 15:39:22,733 - Quantum Trading Bot - INFO - Trading signal for MSFT: 0.5640 (source: quantum)
2025-04-11 15:39:22,733 - Quantum Trading Bot - INFO - HOLD signal for MSFT (score: 0.5640, source: quantum)
2025-04-11 15:39:22,736 - Quantum Trading Bot - INFO - Processing NVDA
2025-04-11 15:39:22,736 - Quantum Trading Bot - INFO - Mock halal compliance check for NVDA: COMPLIANT
2025-04-11 15:39:22,743 - Quantum Trading Bot - INFO - Quantum device error rate: 0.0390
2025-04-11 15:39:22,747 - Quantum Trading Bot - INFO - Quantum prediction for NVDA: 0.2120 (confidence: 0.9610)
2025-04-11 15:39:22,747 - Quantum Trading Bot - INFO - Trading signal for NVDA: 0.2120 (source: quantum)
2025-04-11 15:39:22,747 - Quantum Trading Bot - INFO - SELL signal for NVDA (score: 0.2120, source: quantum)
2025-04-11 15:39:22,748 - Quantum Trading Bot - WARNING - Cannot sell NVDA - no position
2025-04-11 15:39:22,762 - Quantum Trading Bot - INFO - Performance metrics saved: 40/72 winning trades
2025-04-11 15:39:22,762 - Quantum Trading Bot - INFO - Quantum prediction accuracy: 0.00
2025-04-11 15:39:22,762 - Quantum Trading Bot - INFO - Sleeping for 60 seconds
2025-04-11 15:40:06,979 - Trading System - INFO - Trading Bot is alive: True
2025-04-11 15:40:06,982 - Trading System - INFO - Monitor Bot is alive: True
2025-04-11 15:40:06,982 - Trading System - INFO - Improvement Bot is alive: True
2025-04-11 15:40:22,763 - Quantum Trading Bot - INFO - Starting trading cycle
2025-04-11 15:40:22,763 - Quantum Trading Bot - INFO - Processing AAPL
2025-04-11 15:40:22,763 - Quantum Trading Bot - INFO - Mock halal compliance check for AAPL: COMPLIANT
2025-04-11 15:40:22,788 - Quantum Trading Bot - INFO - Quantum device error rate: 0.0270
2025-04-11 15:40:22,796 - Quantum Trading Bot - INFO - Quantum prediction for AAPL: 0.5510 (confidence: 0.7784)
2025-04-11 15:40:22,796 - Quantum Trading Bot - INFO - Trading signal for AAPL: 0.5510 (source: quantum)
2025-04-11 15:40:22,796 - Quantum Trading Bot - INFO - HOLD signal for AAPL (score: 0.5510, source: quantum)
2025-04-11 15:40:22,802 - Quantum Trading Bot - INFO - Processing MSFT
2025-04-11 15:40:22,802 - Quantum Trading Bot - INFO - Mock halal compliance check for MSFT: COMPLIANT
2025-04-11 15:40:22,812 - Quantum Trading Bot - INFO - Quantum device error rate: 0.0480
2025-04-11 15:40:22,816 - Quantum Trading Bot - INFO - Quantum prediction for MSFT: 0.5940 (confidence: 0.7616)
2025-04-11 15:40:22,816 - Quantum Trading Bot - INFO - Trading signal for MSFT: 0.5940 (source: quantum)
2025-04-11 15:40:22,816 - Quantum Trading Bot - INFO - HOLD signal for MSFT (score: 0.5940, source: quantum)
2025-04-11 15:40:22,819 - Quantum Trading Bot - INFO - Processing NVDA
2025-04-11 15:40:22,819 - Quantum Trading Bot - INFO - Mock halal compliance check for NVDA: COMPLIANT
2025-04-11 15:40:22,833 - Quantum Trading Bot - INFO - Quantum device error rate: 0.0378
2025-04-11 15:40:22,837 - Quantum Trading Bot - INFO - Quantum prediction for NVDA: 0.2230 (confidence: 0.9622)
2025-04-11 15:40:22,837 - Quantum Trading Bot - INFO - Trading signal for NVDA: 0.2230 (source: quantum)
2025-04-11 15:40:22,837 - Quantum Trading Bot - INFO - SELL signal for NVDA (score: 0.2230, source: quantum)
2025-04-11 15:40:22,838 - Quantum Trading Bot - WARNING - Cannot sell NVDA - no position
2025-04-11 15:40:22,854 - Quantum Trading Bot - INFO - Performance metrics saved: 40/72 winning trades
2025-04-11 15:40:22,854 - Quantum Trading Bot - INFO - Quantum prediction accuracy: 0.00
2025-04-11 15:40:22,855 - Quantum Trading Bot - INFO - Sleeping for 60 seconds
2025-04-11 15:41:06,988 - Trading System - INFO - Trading Bot is alive: True
2025-04-11 15:41:06,991 - Trading System - INFO - Monitor Bot is alive: True
2025-04-11 15:41:06,991 - Trading System - INFO - Improvement Bot is alive: True
2025-04-11 15:41:22,856 - Quantum Trading Bot - INFO - Starting trading cycle
2025-04-11 15:41:22,857 - Quantum Trading Bot - INFO - Processing AAPL
2025-04-11 15:41:22,857 - Quantum Trading Bot - INFO - Mock halal compliance check for AAPL: COMPLIANT
2025-04-11 15:41:22,885 - Quantum Trading Bot - INFO - Quantum device error rate: 0.0222
2025-04-11 15:41:22,891 - Quantum Trading Bot - INFO - Quantum prediction for AAPL: 0.7450 (confidence: 0.9778)
2025-04-11 15:41:22,891 - Quantum Trading Bot - INFO - Trading signal for AAPL: 0.7450 (source: quantum)
2025-04-11 15:41:22,891 - Quantum Trading Bot - INFO - HOLD signal for AAPL (score: 0.7450, source: quantum)
2025-04-11 15:41:22,895 - Quantum Trading Bot - INFO - Processing MSFT
2025-04-11 15:41:22,895 - Quantum Trading Bot - INFO - Mock halal compliance check for MSFT: COMPLIANT
2025-04-11 15:41:22,903 - Quantum Trading Bot - INFO - Quantum device error rate: 0.0483
2025-04-11 15:41:22,912 - Quantum Trading Bot - INFO - Quantum prediction for MSFT: 0.9010 (confidence: 0.9517)
2025-04-11 15:41:22,912 - Quantum Trading Bot - INFO - Trading signal for MSFT: 0.9010 (source: quantum)
2025-04-11 15:41:22,912 - Quantum Trading Bot - INFO - HOLD signal for MSFT (score: 0.9010, source: quantum)
2025-04-11 15:41:22,916 - Quantum Trading Bot - INFO - Processing NVDA
2025-04-11 15:41:22,916 - Quantum Trading Bot - INFO - Mock halal compliance check for NVDA: COMPLIANT
2025-04-11 15:41:22,925 - Quantum Trading Bot - INFO - Quantum device error rate: 0.0309
2025-04-11 15:41:22,929 - Quantum Trading Bot - INFO - Quantum prediction for NVDA: 0.6440 (confidence: 0.9691)
2025-04-11 15:41:22,929 - Quantum Trading Bot - INFO - Trading signal for NVDA: 0.6440 (source: quantum)
2025-04-11 15:41:22,929 - Quantum Trading Bot - INFO - HOLD signal for NVDA (score: 0.6440, source: quantum)
2025-04-11 15:41:22,944 - Quantum Trading Bot - INFO - Performance metrics saved: 40/72 winning trades
2025-04-11 15:41:22,944 - Quantum Trading Bot - INFO - Quantum prediction accuracy: 0.00
2025-04-11 15:41:22,944 - Quantum Trading Bot - INFO - Sleeping for 60 seconds
2025-04-11 15:42:06,997 - Trading System - INFO - Trading Bot is alive: True
2025-04-11 15:42:06,998 - Trading System - INFO - Monitor Bot is alive: True
2025-04-11 15:42:06,999 - Trading System - INFO - Improvement Bot is alive: True
2025-04-11 15:42:22,949 - Quantum Trading Bot - INFO - Starting trading cycle
2025-04-11 15:42:22,950 - Quantum Trading Bot - INFO - Processing AAPL
2025-04-11 15:42:22,950 - Quantum Trading Bot - INFO - Mock halal compliance check for AAPL: COMPLIANT
2025-04-11 15:42:22,958 - Quantum Trading Bot - INFO - Quantum device error rate: 0.0492
2025-04-11 15:42:22,962 - Quantum Trading Bot - INFO - Quantum prediction for AAPL: 0.0440 (confidence: 0.9508)
2025-04-11 15:42:22,962 - Quantum Trading Bot - INFO - Trading signal for AAPL: 0.0440 (source: quantum)
2025-04-11 15:42:22,962 - Quantum Trading Bot - INFO - SELL signal for AAPL (score: 0.0440, source: quantum)
2025-04-11 15:42:22,963 - Quantum Trading Bot - WARNING - Cannot sell AAPL - no position
2025-04-11 15:42:22,966 - Quantum Trading Bot - INFO - Processing MSFT
2025-04-11 15:42:22,966 - Quantum Trading Bot - INFO - Mock halal compliance check for MSFT: COMPLIANT
2025-04-11 15:42:22,974 - Quantum Trading Bot - INFO - Quantum device error rate: 0.0486
2025-04-11 15:42:22,977 - Quantum Trading Bot - INFO - Quantum prediction for MSFT: 0.4500 (confidence: 0.7611)
2025-04-11 15:42:22,977 - Quantum Trading Bot - INFO - Trading signal for MSFT: 0.4500 (source: quantum)
2025-04-11 15:42:22,977 - Quantum Trading Bot - INFO - HOLD signal for MSFT (score: 0.4500, source: quantum)
2025-04-11 15:42:22,980 - Quantum Trading Bot - INFO - Processing NVDA
2025-04-11 15:42:22,980 - Quantum Trading Bot - INFO - Mock halal compliance check for NVDA: COMPLIANT
2025-04-11 15:42:22,988 - Quantum Trading Bot - INFO - Quantum device error rate: 0.0402
2025-04-11 15:42:22,991 - Quantum Trading Bot - INFO - Quantum prediction for NVDA: 0.4250 (confidence: 0.7678)
2025-04-11 15:42:22,991 - Quantum Trading Bot - INFO - Trading signal for NVDA: 0.4250 (source: quantum)
2025-04-11 15:42:22,991 - Quantum Trading Bot - INFO - HOLD signal for NVDA (score: 0.4250, source: quantum)
2025-04-11 15:42:23,005 - Quantum Trading Bot - INFO - Performance metrics saved: 40/72 winning trades
2025-04-11 15:42:23,005 - Quantum Trading Bot - INFO - Quantum prediction accuracy: 0.00
2025-04-11 15:42:23,005 - Quantum Trading Bot - INFO - Sleeping for 60 seconds
2025-04-11 15:43:07,000 - Trading System - INFO - Trading Bot is alive: True
2025-04-11 15:43:07,001 - Trading System - INFO - Monitor Bot is alive: True
2025-04-11 15:43:07,001 - Trading System - INFO - Improvement Bot is alive: True
2025-04-11 15:43:23,006 - Quantum Trading Bot - INFO - Starting trading cycle
2025-04-11 15:43:23,007 - Quantum Trading Bot - INFO - Processing AAPL
2025-04-11 15:43:23,008 - Quantum Trading Bot - INFO - Mock halal compliance check for AAPL: COMPLIANT
2025-04-11 15:43:23,043 - Quantum Trading Bot - INFO - Quantum device error rate: 0.0183
2025-04-11 15:43:23,048 - Quantum Trading Bot - INFO - Quantum prediction for AAPL: 0.2850 (confidence: 0.9817)
2025-04-11 15:43:23,048 - Quantum Trading Bot - INFO - Trading signal for AAPL: 0.2850 (source: quantum)
2025-04-11 15:43:23,048 - Quantum Trading Bot - INFO - SELL signal for AAPL (score: 0.2850, source: quantum)
2025-04-11 15:43:23,049 - Quantum Trading Bot - WARNING - Cannot sell AAPL - no position
2025-04-11 15:43:23,053 - Quantum Trading Bot - INFO - Processing MSFT
2025-04-11 15:43:23,053 - Quantum Trading Bot - INFO - Mock halal compliance check for MSFT: COMPLIANT
2025-04-11 15:43:23,064 - Quantum Trading Bot - INFO - Quantum device error rate: 0.0468
2025-04-11 15:43:23,069 - Quantum Trading Bot - INFO - Quantum prediction for MSFT: 0.5560 (confidence: 0.7626)
2025-04-11 15:43:23,069 - Quantum Trading Bot - INFO - Trading signal for MSFT: 0.5560 (source: quantum)
2025-04-11 15:43:23,069 - Quantum Trading Bot - INFO - HOLD signal for MSFT (score: 0.5560, source: quantum)
2025-04-11 15:43:23,072 - Quantum Trading Bot - INFO - Processing NVDA
2025-04-11 15:43:23,072 - Quantum Trading Bot - INFO - Mock halal compliance check for NVDA: COMPLIANT
2025-04-11 15:43:23,081 - Quantum Trading Bot - INFO - Quantum device error rate: 0.0291
2025-04-11 15:43:23,085 - Quantum Trading Bot - INFO - Quantum prediction for NVDA: 0.6410 (confidence: 0.9709)
2025-04-11 15:43:23,085 - Quantum Trading Bot - INFO - Trading signal for NVDA: 0.6410 (source: quantum)
2025-04-11 15:43:23,085 - Quantum Trading Bot - INFO - HOLD signal for NVDA (score: 0.6410, source: quantum)
2025-04-11 15:43:23,102 - Quantum Trading Bot - INFO - Performance metrics saved: 40/72 winning trades
2025-04-11 15:43:23,102 - Quantum Trading Bot - INFO - Quantum prediction accuracy: 0.00
2025-04-11 15:43:23,102 - Quantum Trading Bot - INFO - Sleeping for 60 seconds
2025-04-11 15:44:07,004 - Trading System - INFO - Trading Bot is alive: True
2025-04-11 15:44:07,006 - Trading System - INFO - Monitor Bot is alive: True
2025-04-11 15:44:07,007 - Trading System - INFO - Improvement Bot is alive: True
2025-04-11 15:44:08,161 - Monitor Bot - INFO - Running scheduled task: Performance Metrics
2025-04-11 15:44:08,171 - Monitor Bot - INFO - === Performance Metrics ===
2025-04-11 15:44:08,171 - Monitor Bot - INFO - Date: 2025-04-11T15:43:23.090179
2025-04-11 15:44:08,172 - Monitor Bot - INFO - Total Trades: 72
2025-04-11 15:44:08,172 - Monitor Bot - INFO - Win Rate: 55.56%
2025-04-11 15:44:08,172 - Monitor Bot - INFO - Total Profit: $18.27
2025-04-11 15:44:08,172 - Monitor Bot - INFO - Average Profit per Trade: $0.25
2025-04-11 15:44:08,172 - Monitor Bot - INFO - Average Profit Percentage: 0.09%
2025-04-11 15:44:08,172 - Monitor Bot - INFO - Maximum Drawdown: 0.10%
2025-04-11 15:44:08,172 - Monitor Bot - INFO - Quantum Prediction Accuracy: 0.00%
2025-04-11 15:44:08,172 - Monitor Bot - INFO - ============================
2025-04-11 15:44:08,179 - Monitor Bot - INFO - Task Performance Metrics completed successfully
2025-04-11 15:44:23,108 - Quantum Trading Bot - INFO - Starting trading cycle
2025-04-11 15:44:23,108 - Quantum Trading Bot - INFO - Processing AAPL
2025-04-11 15:44:23,108 - Quantum Trading Bot - INFO - Mock halal compliance check for AAPL: COMPLIANT
2025-04-11 15:44:23,122 - Quantum Trading Bot - INFO - Quantum device error rate: 0.0312
2025-04-11 15:44:23,126 - Quantum Trading Bot - INFO - Quantum prediction for AAPL: 0.6880 (confidence: 0.9688)
2025-04-11 15:44:23,126 - Quantum Trading Bot - INFO - Trading signal for AAPL: 0.6880 (source: quantum)
2025-04-11 15:44:23,126 - Quantum Trading Bot - INFO - HOLD signal for AAPL (score: 0.6880, source: quantum)
2025-04-11 15:44:23,130 - Quantum Trading Bot - INFO - Processing MSFT
2025-04-11 15:44:23,130 - Quantum Trading Bot - INFO - Mock halal compliance check for MSFT: COMPLIANT
2025-04-11 15:44:23,137 - Quantum Trading Bot - INFO - Quantum device error rate: 0.0195
2025-04-11 15:44:23,141 - Quantum Trading Bot - INFO - Quantum prediction for MSFT: 0.3150 (confidence: 0.9805)
2025-04-11 15:44:23,141 - Quantum Trading Bot - INFO - Trading signal for MSFT: 0.3150 (source: quantum)
2025-04-11 15:44:23,141 - Quantum Trading Bot - INFO - HOLD signal for MSFT (score: 0.3150, source: quantum)
2025-04-11 15:44:23,144 - Quantum Trading Bot - INFO - Processing NVDA
2025-04-11 15:44:23,144 - Quantum Trading Bot - INFO - Mock halal compliance check for NVDA: COMPLIANT
2025-04-11 15:44:23,151 - Quantum Trading Bot - INFO - Quantum device error rate: 0.0339
2025-04-11 15:44:23,154 - Quantum Trading Bot - INFO - Quantum prediction for NVDA: 0.4770 (confidence: 0.7729)
2025-04-11 15:44:23,154 - Quantum Trading Bot - INFO - Trading signal for NVDA: 0.4770 (source: quantum)
2025-04-11 15:44:23,154 - Quantum Trading Bot - INFO - HOLD signal for NVDA (score: 0.4770, source: quantum)
2025-04-11 15:44:23,168 - Quantum Trading Bot - INFO - Performance metrics saved: 40/72 winning trades
2025-04-11 15:44:23,168 - Quantum Trading Bot - INFO - Quantum prediction accuracy: 0.00
2025-04-11 15:44:23,180 - Quantum Trading Bot - INFO - Quantum device error rate: 0.0192
2025-04-11 15:44:23,183 - Quantum Trading Bot - INFO - Quantum portfolio optimization complete: {'AAPL': np.float64(0.3370165745856354), 'MSFT': np.float64(0.3301104972375691), 'NVDA': np.float64(0.3328729281767956)}
2025-04-11 15:44:23,183 - Quantum Trading Bot - INFO - Optimal portfolio weights: {'AAPL': np.float64(0.3370165745856354), 'MSFT': np.float64(0.3301104972375691), 'NVDA': np.float64(0.3328729281767956)}
2025-04-11 15:44:23,183 - Quantum Trading Bot - INFO - Sleeping for 60 seconds
2025-04-11 15:45:07,011 - Trading System - INFO - Trading Bot is alive: True
2025-04-11 15:45:07,013 - Trading System - INFO - Monitor Bot is alive: True
2025-04-11 15:45:07,013 - Trading System - INFO - Improvement Bot is alive: True
2025-04-11 15:45:23,187 - Quantum Trading Bot - INFO - Starting trading cycle
2025-04-11 15:45:23,189 - Quantum Trading Bot - INFO - Processing AAPL
2025-04-11 15:45:23,189 - Quantum Trading Bot - INFO - Mock halal compliance check for AAPL: COMPLIANT
2025-04-11 15:45:23,221 - Quantum Trading Bot - INFO - Quantum device error rate: 0.0357
2025-04-11 15:45:23,230 - Quantum Trading Bot - INFO - Quantum prediction for AAPL: 0.2850 (confidence: 0.9643)
2025-04-11 15:45:23,230 - Quantum Trading Bot - INFO - Trading signal for AAPL: 0.2850 (source: quantum)
2025-04-11 15:45:23,230 - Quantum Trading Bot - INFO - SELL signal for AAPL (score: 0.2850, source: quantum)
2025-04-11 15:45:23,232 - Quantum Trading Bot - WARNING - Cannot sell AAPL - no position
2025-04-11 15:45:23,237 - Quantum Trading Bot - INFO - Processing MSFT
2025-04-11 15:45:23,237 - Quantum Trading Bot - INFO - Mock halal compliance check for MSFT: COMPLIANT
2025-04-11 15:45:23,250 - Quantum Trading Bot - INFO - Quantum device error rate: 0.0354
2025-04-11 15:45:23,258 - Quantum Trading Bot - INFO - Quantum prediction for MSFT: 0.8120 (confidence: 0.9646)
2025-04-11 15:45:23,258 - Quantum Trading Bot - INFO - Trading signal for MSFT: 0.8120 (source: quantum)
2025-04-11 15:45:23,258 - Quantum Trading Bot - INFO - HOLD signal for MSFT (score: 0.8120, source: quantum)
2025-04-11 15:45:23,261 - Quantum Trading Bot - INFO - Processing NVDA
2025-04-11 15:45:23,261 - Quantum Trading Bot - INFO - Mock halal compliance check for NVDA: COMPLIANT
2025-04-11 15:45:23,270 - Quantum Trading Bot - INFO - Quantum device error rate: 0.0330
2025-04-11 15:45:23,275 - Quantum Trading Bot - INFO - Quantum prediction for NVDA: 0.8990 (confidence: 0.9670)
2025-04-11 15:45:23,276 - Quantum Trading Bot - INFO - Trading signal for NVDA: 0.8990 (source: quantum)
2025-04-11 15:45:23,276 - Quantum Trading Bot - INFO - HOLD signal for NVDA (score: 0.8990, source: quantum)
2025-04-11 15:45:23,293 - Quantum Trading Bot - INFO - Performance metrics saved: 40/72 winning trades
2025-04-11 15:45:23,294 - Quantum Trading Bot - INFO - Quantum prediction accuracy: 0.00
2025-04-11 15:45:23,294 - Quantum Trading Bot - INFO - Sleeping for 60 seconds
2025-04-11 15:46:07,019 - Trading System - INFO - Trading Bot is alive: True
2025-04-11 15:46:07,020 - Trading System - INFO - Monitor Bot is alive: True
2025-04-11 15:46:07,020 - Trading System - INFO - Improvement Bot is alive: True
2025-04-11 15:46:23,297 - Quantum Trading Bot - INFO - Starting trading cycle
2025-04-11 15:46:23,299 - Quantum Trading Bot - INFO - Processing AAPL
2025-04-11 15:46:23,299 - Quantum Trading Bot - INFO - Mock halal compliance check for AAPL: COMPLIANT
2025-04-11 15:46:23,332 - Quantum Trading Bot - INFO - Quantum device error rate: 0.0420
2025-04-11 15:46:23,338 - Quantum Trading Bot - INFO - Quantum prediction for AAPL: 0.5550 (confidence: 0.7664)
2025-04-11 15:46:23,338 - Quantum Trading Bot - INFO - Trading signal for AAPL: 0.5550 (source: quantum)
2025-04-11 15:46:23,338 - Quantum Trading Bot - INFO - HOLD signal for AAPL (score: 0.5550, source: quantum)
2025-04-11 15:46:23,343 - Quantum Trading Bot - INFO - Processing MSFT
2025-04-11 15:46:23,343 - Quantum Trading Bot - INFO - Mock halal compliance check for MSFT: COMPLIANT
2025-04-11 15:46:23,354 - Quantum Trading Bot - INFO - Quantum device error rate: 0.0501
2025-04-11 15:46:23,364 - Quantum Trading Bot - INFO - Quantum prediction for MSFT: 0.2323 (confidence: 0.9499)
2025-04-11 15:46:23,364 - Quantum Trading Bot - INFO - Trading signal for MSFT: 0.2323 (source: quantum)
2025-04-11 15:46:23,364 - Quantum Trading Bot - INFO - SELL signal for MSFT (score: 0.2323, source: quantum)
2025-04-11 15:46:23,365 - Quantum Trading Bot - WARNING - Cannot sell MSFT - no position
2025-04-11 15:46:23,369 - Quantum Trading Bot - INFO - Processing NVDA
2025-04-11 15:46:23,369 - Quantum Trading Bot - INFO - Mock halal compliance check for NVDA: COMPLIANT
2025-04-11 15:46:23,376 - Quantum Trading Bot - INFO - Quantum device error rate: 0.0342
2025-04-11 15:46:23,380 - Quantum Trading Bot - INFO - Quantum prediction for NVDA: 0.1440 (confidence: 0.9658)
2025-04-11 15:46:23,380 - Quantum Trading Bot - INFO - Trading signal for NVDA: 0.1440 (source: quantum)
2025-04-11 15:46:23,380 - Quantum Trading Bot - INFO - SELL signal for NVDA (score: 0.1440, source: quantum)
2025-04-11 15:46:23,381 - Quantum Trading Bot - WARNING - Cannot sell NVDA - no position
2025-04-11 15:46:23,394 - Quantum Trading Bot - INFO - Performance metrics saved: 40/72 winning trades
2025-04-11 15:46:23,394 - Quantum Trading Bot - INFO - Quantum prediction accuracy: 0.00
2025-04-11 15:46:23,394 - Quantum Trading Bot - INFO - Sleeping for 60 seconds
2025-04-11 15:47:07,022 - Trading System - INFO - Trading Bot is alive: True
2025-04-11 15:47:07,024 - Trading System - INFO - Monitor Bot is alive: True
2025-04-11 15:47:07,024 - Trading System - INFO - Improvement Bot is alive: True
2025-04-11 15:47:23,400 - Quantum Trading Bot - INFO - Starting trading cycle
2025-04-11 15:47:23,401 - Quantum Trading Bot - INFO - Processing AAPL
2025-04-11 15:47:23,402 - Quantum Trading Bot - INFO - Mock halal compliance check for AAPL: COMPLIANT
2025-04-11 15:47:23,430 - Quantum Trading Bot - INFO - Quantum device error rate: 0.0339
2025-04-11 15:47:23,437 - Quantum Trading Bot - INFO - Quantum prediction for AAPL: 0.8000 (confidence: 0.9661)
2025-04-11 15:47:23,437 - Quantum Trading Bot - INFO - Trading signal for AAPL: 0.8000 (source: quantum)
2025-04-11 15:47:23,437 - Quantum Trading Bot - INFO - HOLD signal for AAPL (score: 0.8000, source: quantum)
2025-04-11 15:47:23,442 - Quantum Trading Bot - INFO - Processing MSFT
2025-04-11 15:47:23,442 - Quantum Trading Bot - INFO - Mock halal compliance check for MSFT: COMPLIANT
2025-04-11 15:47:23,454 - Quantum Trading Bot - INFO - Quantum device error rate: 0.0273
2025-04-11 15:47:23,458 - Quantum Trading Bot - INFO - Quantum prediction for MSFT: 0.6420 (confidence: 0.9727)
2025-04-11 15:47:23,458 - Quantum Trading Bot - INFO - Trading signal for MSFT: 0.6420 (source: quantum)
2025-04-11 15:47:23,458 - Quantum Trading Bot - INFO - HOLD signal for MSFT (score: 0.6420, source: quantum)
2025-04-11 15:47:23,462 - Quantum Trading Bot - INFO - Processing NVDA
2025-04-11 15:47:23,462 - Quantum Trading Bot - INFO - Mock halal compliance check for NVDA: COMPLIANT
2025-04-11 15:47:23,472 - Quantum Trading Bot - INFO - Quantum device error rate: 0.0291
2025-04-11 15:47:23,477 - Quantum Trading Bot - INFO - Quantum prediction for NVDA: 0.4390 (confidence: 0.7767)
2025-04-11 15:47:23,477 - Quantum Trading Bot - INFO - Trading signal for NVDA: 0.4390 (source: quantum)
2025-04-11 15:47:23,477 - Quantum Trading Bot - INFO - HOLD signal for NVDA (score: 0.4390, source: quantum)
2025-04-11 15:47:23,491 - Quantum Trading Bot - INFO - Performance metrics saved: 40/72 winning trades
2025-04-11 15:47:23,491 - Quantum Trading Bot - INFO - Quantum prediction accuracy: 0.00
2025-04-11 15:47:23,491 - Quantum Trading Bot - INFO - Sleeping for 60 seconds
2025-04-11 15:48:07,028 - Trading System - INFO - Trading Bot is alive: True
2025-04-11 15:48:07,030 - Trading System - INFO - Monitor Bot is alive: True
2025-04-11 15:48:07,031 - Trading System - INFO - Improvement Bot is alive: True
2025-04-11 15:48:23,497 - Quantum Trading Bot - INFO - Starting trading cycle
2025-04-11 15:48:23,499 - Quantum Trading Bot - INFO - Processing AAPL
2025-04-11 15:48:23,499 - Quantum Trading Bot - INFO - Mock halal compliance check for AAPL: COMPLIANT
2025-04-11 15:48:23,522 - Quantum Trading Bot - INFO - Quantum device error rate: 0.0366
2025-04-11 15:48:23,527 - Quantum Trading Bot - INFO - Quantum prediction for AAPL: 0.9620 (confidence: 0.9634)
2025-04-11 15:48:23,528 - Quantum Trading Bot - INFO - Trading signal for AAPL: 0.9620 (source: quantum)
2025-04-11 15:48:23,528 - Quantum Trading Bot - INFO - HOLD signal for AAPL (score: 0.9620, source: quantum)
2025-04-11 15:48:23,532 - Quantum Trading Bot - INFO - Processing MSFT
2025-04-11 15:48:23,533 - Quantum Trading Bot - INFO - Mock halal compliance check for MSFT: COMPLIANT
2025-04-11 15:48:23,542 - Quantum Trading Bot - INFO - Quantum device error rate: 0.0333
2025-04-11 15:48:23,546 - Quantum Trading Bot - INFO - Quantum prediction for MSFT: 0.5510 (confidence: 0.7734)
2025-04-11 15:48:23,546 - Quantum Trading Bot - INFO - Trading signal for MSFT: 0.5510 (source: quantum)
2025-04-11 15:48:23,546 - Quantum Trading Bot - INFO - HOLD signal for MSFT (score: 0.5510, source: quantum)
2025-04-11 15:48:23,550 - Quantum Trading Bot - INFO - Processing NVDA
2025-04-11 15:48:23,550 - Quantum Trading Bot - INFO - Mock halal compliance check for NVDA: COMPLIANT
2025-04-11 15:48:23,558 - Quantum Trading Bot - INFO - Quantum device error rate: 0.0240
2025-04-11 15:48:23,561 - Quantum Trading Bot - INFO - Quantum prediction for NVDA: 0.9890 (confidence: 0.9760)
2025-04-11 15:48:23,561 - Quantum Trading Bot - INFO - Trading signal for NVDA: 0.9890 (source: quantum)
2025-04-11 15:48:23,561 - Quantum Trading Bot - INFO - HOLD signal for NVDA (score: 0.9890, source: quantum)
2025-04-11 15:48:23,576 - Quantum Trading Bot - INFO - Performance metrics saved: 40/72 winning trades
2025-04-11 15:48:23,577 - Quantum Trading Bot - INFO - Quantum prediction accuracy: 0.00
2025-04-11 15:48:23,577 - Quantum Trading Bot - INFO - Sleeping for 60 seconds
2025-04-11 15:49:07,035 - Trading System - INFO - Trading Bot is alive: True
2025-04-11 15:49:07,038 - Trading System - INFO - Monitor Bot is alive: True
2025-04-11 15:49:07,038 - Trading System - INFO - Improvement Bot is alive: True
2025-04-11 15:49:23,580 - Quantum Trading Bot - INFO - Starting trading cycle
2025-04-11 15:49:23,581 - Quantum Trading Bot - INFO - Processing AAPL
2025-04-11 15:49:23,581 - Quantum Trading Bot - INFO - Mock halal compliance check for AAPL: COMPLIANT
2025-04-11 15:49:23,612 - Quantum Trading Bot - INFO - Quantum device error rate: 0.0285
2025-04-11 15:49:23,624 - Quantum Trading Bot - INFO - Quantum prediction for AAPL: 0.2740 (confidence: 0.9715)
2025-04-11 15:49:23,624 - Quantum Trading Bot - INFO - Trading signal for AAPL: 0.2740 (source: quantum)
2025-04-11 15:49:23,624 - Quantum Trading Bot - INFO - SELL signal for AAPL (score: 0.2740, source: quantum)
2025-04-11 15:49:23,625 - Quantum Trading Bot - WARNING - Cannot sell AAPL - no position
2025-04-11 15:49:23,631 - Quantum Trading Bot - INFO - Processing MSFT
2025-04-11 15:49:23,631 - Quantum Trading Bot - INFO - Mock halal compliance check for MSFT: COMPLIANT
2025-04-11 15:49:23,641 - Quantum Trading Bot - INFO - Quantum device error rate: 0.0387
2025-04-11 15:49:23,645 - Quantum Trading Bot - INFO - Quantum prediction for MSFT: 0.7360 (confidence: 0.9613)
2025-04-11 15:49:23,645 - Quantum Trading Bot - INFO - Trading signal for MSFT: 0.7360 (source: quantum)
2025-04-11 15:49:23,645 - Quantum Trading Bot - INFO - HOLD signal for MSFT (score: 0.7360, source: quantum)
2025-04-11 15:49:23,649 - Quantum Trading Bot - INFO - Processing NVDA
2025-04-11 15:49:23,649 - Quantum Trading Bot - INFO - Mock halal compliance check for NVDA: COMPLIANT
2025-04-11 15:49:23,658 - Quantum Trading Bot - INFO - Quantum device error rate: 0.0417
2025-04-11 15:49:23,661 - Quantum Trading Bot - INFO - Quantum prediction for NVDA: 0.1580 (confidence: 0.9583)
2025-04-11 15:49:23,661 - Quantum Trading Bot - INFO - Trading signal for NVDA: 0.1580 (source: quantum)
2025-04-11 15:49:23,661 - Quantum Trading Bot - INFO - SELL signal for NVDA (score: 0.1580, source: quantum)
2025-04-11 15:49:23,662 - Quantum Trading Bot - WARNING - Cannot sell NVDA - no position
2025-04-11 15:49:23,676 - Quantum Trading Bot - INFO - Performance metrics saved: 40/72 winning trades
2025-04-11 15:49:23,676 - Quantum Trading Bot - INFO - Quantum prediction accuracy: 0.00
2025-04-11 15:49:23,676 - Quantum Trading Bot - INFO - Sleeping for 60 seconds
2025-04-11 15:50:07,040 - Trading System - INFO - Trading Bot is alive: True
2025-04-11 15:50:07,042 - Trading System - INFO - Monitor Bot is alive: True
2025-04-11 15:50:07,042 - Trading System - INFO - Improvement Bot is alive: True
2025-04-11 15:50:23,681 - Quantum Trading Bot - INFO - Starting trading cycle
2025-04-11 15:50:23,683 - Quantum Trading Bot - INFO - Processing AAPL
2025-04-11 15:50:23,683 - Quantum Trading Bot - INFO - Mock halal compliance check for AAPL: COMPLIANT
2025-04-11 15:50:23,713 - Quantum Trading Bot - INFO - Quantum device error rate: 0.0393
2025-04-11 15:50:23,722 - Quantum Trading Bot - INFO - Quantum prediction for AAPL: 0.3790 (confidence: 0.9607)
2025-04-11 15:50:23,722 - Quantum Trading Bot - INFO - Trading signal for AAPL: 0.3790 (source: quantum)
2025-04-11 15:50:23,722 - Quantum Trading Bot - INFO - HOLD signal for AAPL (score: 0.3790, source: quantum)
2025-04-11 15:50:23,727 - Quantum Trading Bot - INFO - Processing MSFT
2025-04-11 15:50:23,727 - Quantum Trading Bot - INFO - Mock halal compliance check for MSFT: COMPLIANT
2025-04-11 15:50:23,738 - Quantum Trading Bot - INFO - Quantum device error rate: 0.0474
2025-04-11 15:50:23,742 - Quantum Trading Bot - INFO - Quantum prediction for MSFT: 0.5790 (confidence: 0.7621)
2025-04-11 15:50:23,742 - Quantum Trading Bot - INFO - Trading signal for MSFT: 0.5790 (source: quantum)
2025-04-11 15:50:23,742 - Quantum Trading Bot - INFO - HOLD signal for MSFT (score: 0.5790, source: quantum)
2025-04-11 15:50:23,746 - Quantum Trading Bot - INFO - Processing NVDA
2025-04-11 15:50:23,746 - Quantum Trading Bot - INFO - Mock halal compliance check for NVDA: COMPLIANT
2025-04-11 15:50:23,754 - Quantum Trading Bot - INFO - Quantum device error rate: 0.0480
2025-04-11 15:50:23,759 - Quantum Trading Bot - INFO - Quantum prediction for NVDA: 0.6990 (confidence: 0.9520)
2025-04-11 15:50:23,759 - Quantum Trading Bot - INFO - Trading signal for NVDA: 0.6990 (source: quantum)
2025-04-11 15:50:23,759 - Quantum Trading Bot - INFO - HOLD signal for NVDA (score: 0.6990, source: quantum)
2025-04-11 15:50:23,773 - Quantum Trading Bot - INFO - Performance metrics saved: 40/72 winning trades
2025-04-11 15:50:23,773 - Quantum Trading Bot - INFO - Quantum prediction accuracy: 0.00
2025-04-11 15:50:23,773 - Quantum Trading Bot - INFO - Sleeping for 60 seconds
2025-04-11 15:51:07,048 - Trading System - INFO - Trading Bot is alive: True
2025-04-11 15:51:07,050 - Trading System - INFO - Monitor Bot is alive: True
2025-04-11 15:51:07,050 - Trading System - INFO - Improvement Bot is alive: True
2025-04-11 15:51:23,774 - Quantum Trading Bot - INFO - Starting trading cycle
2025-04-11 15:51:23,775 - Quantum Trading Bot - INFO - Processing AAPL
2025-04-11 15:51:23,775 - Quantum Trading Bot - INFO - Mock halal compliance check for AAPL: COMPLIANT
2025-04-11 15:51:23,807 - Quantum Trading Bot - INFO - Quantum device error rate: 0.0303
2025-04-11 15:51:23,814 - Quantum Trading Bot - INFO - Quantum prediction for AAPL: 0.5860 (confidence: 0.7758)
2025-04-11 15:51:23,814 - Quantum Trading Bot - INFO - Trading signal for AAPL: 0.5860 (source: quantum)
2025-04-11 15:51:23,814 - Quantum Trading Bot - INFO - HOLD signal for AAPL (score: 0.5860, source: quantum)
2025-04-11 15:51:23,819 - Quantum Trading Bot - INFO - Processing MSFT
2025-04-11 15:51:23,819 - Quantum Trading Bot - INFO - Mock halal compliance check for MSFT: COMPLIANT
2025-04-11 15:51:23,830 - Quantum Trading Bot - INFO - Quantum device error rate: 0.0312
2025-04-11 15:51:23,835 - Quantum Trading Bot - INFO - Quantum prediction for MSFT: 0.6150 (confidence: 0.9688)
2025-04-11 15:51:23,835 - Quantum Trading Bot - INFO - Trading signal for MSFT: 0.6150 (source: quantum)
2025-04-11 15:51:23,835 - Quantum Trading Bot - INFO - HOLD signal for MSFT (score: 0.6150, source: quantum)
2025-04-11 15:51:23,839 - Quantum Trading Bot - INFO - Processing NVDA
2025-04-11 15:51:23,839 - Quantum Trading Bot - INFO - Mock halal compliance check for NVDA: COMPLIANT
2025-04-11 15:51:23,848 - Quantum Trading Bot - INFO - Quantum device error rate: 0.0450
2025-04-11 15:51:23,852 - Quantum Trading Bot - INFO - Quantum prediction for NVDA: 0.5270 (confidence: 0.7640)
2025-04-11 15:51:23,852 - Quantum Trading Bot - INFO - Trading signal for NVDA: 0.5270 (source: quantum)
2025-04-11 15:51:23,852 - Quantum Trading Bot - INFO - HOLD signal for NVDA (score: 0.5270, source: quantum)
2025-04-11 15:51:23,866 - Quantum Trading Bot - INFO - Performance metrics saved: 40/72 winning trades
2025-04-11 15:51:23,867 - Quantum Trading Bot - INFO - Quantum prediction accuracy: 0.00
2025-04-11 15:51:23,867 - Quantum Trading Bot - INFO - Sleeping for 60 seconds
2025-04-11 15:52:07,054 - Trading System - INFO - Trading Bot is alive: True
2025-04-11 15:52:07,056 - Trading System - INFO - Monitor Bot is alive: True
2025-04-11 15:52:07,056 - Trading System - INFO - Improvement Bot is alive: True
2025-04-11 15:52:23,872 - Quantum Trading Bot - INFO - Starting trading cycle
2025-04-11 15:52:23,873 - Quantum Trading Bot - INFO - Processing AAPL
2025-04-11 15:52:23,874 - Quantum Trading Bot - INFO - Mock halal compliance check for AAPL: COMPLIANT
2025-04-11 15:52:23,906 - Quantum Trading Bot - INFO - Quantum device error rate: 0.0474
2025-04-11 15:52:23,913 - Quantum Trading Bot - INFO - Quantum prediction for AAPL: 0.9110 (confidence: 0.9526)
2025-04-11 15:52:23,913 - Quantum Trading Bot - INFO - Trading signal for AAPL: 0.9110 (source: quantum)
2025-04-11 15:52:23,913 - Quantum Trading Bot - INFO - HOLD signal for AAPL (score: 0.9110, source: quantum)
2025-04-11 15:52:23,919 - Quantum Trading Bot - INFO - Processing MSFT
2025-04-11 15:52:23,919 - Quantum Trading Bot - INFO - Mock halal compliance check for MSFT: COMPLIANT
2025-04-11 15:52:23,930 - Quantum Trading Bot - INFO - Quantum device error rate: 0.0243
2025-04-11 15:52:23,934 - Quantum Trading Bot - INFO - Quantum prediction for MSFT: 0.2030 (confidence: 0.9757)
2025-04-11 15:52:23,935 - Quantum Trading Bot - INFO - Trading signal for MSFT: 0.2030 (source: quantum)
2025-04-11 15:52:23,935 - Quantum Trading Bot - INFO - SELL signal for MSFT (score: 0.2030, source: quantum)
2025-04-11 15:52:23,937 - Quantum Trading Bot - WARNING - Cannot sell MSFT - no position
2025-04-11 15:52:23,941 - Quantum Trading Bot - INFO - Processing NVDA
2025-04-11 15:52:23,941 - Quantum Trading Bot - INFO - Mock halal compliance check for NVDA: COMPLIANT
2025-04-11 15:52:23,949 - Quantum Trading Bot - INFO - Quantum device error rate: 0.0342
2025-04-11 15:52:23,953 - Quantum Trading Bot - INFO - Quantum prediction for NVDA: 0.4900 (confidence: 0.7726)
2025-04-11 15:52:23,953 - Quantum Trading Bot - INFO - Trading signal for NVDA: 0.4900 (source: quantum)
2025-04-11 15:52:23,953 - Quantum Trading Bot - INFO - HOLD signal for NVDA (score: 0.4900, source: quantum)
2025-04-11 15:52:23,967 - Quantum Trading Bot - INFO - Performance metrics saved: 40/72 winning trades
2025-04-11 15:52:23,967 - Quantum Trading Bot - INFO - Quantum prediction accuracy: 0.00
2025-04-11 15:52:23,967 - Quantum Trading Bot - INFO - Sleeping for 60 seconds
2025-04-11 15:53:07,062 - Trading System - INFO - Trading Bot is alive: True
2025-04-11 15:53:07,065 - Trading System - INFO - Monitor Bot is alive: True
2025-04-11 15:53:07,065 - Trading System - INFO - Improvement Bot is alive: True
2025-04-11 15:53:23,968 - Quantum Trading Bot - INFO - Starting trading cycle
2025-04-11 15:53:23,969 - Quantum Trading Bot - INFO - Processing AAPL
2025-04-11 15:53:23,969 - Quantum Trading Bot - INFO - Mock halal compliance check for AAPL: COMPLIANT
2025-04-11 15:53:24,002 - Quantum Trading Bot - INFO - Quantum device error rate: 0.0462
2025-04-11 15:53:24,009 - Quantum Trading Bot - INFO - Quantum prediction for AAPL: 0.8190 (confidence: 0.9538)
2025-04-11 15:53:24,010 - Quantum Trading Bot - INFO - Trading signal for AAPL: 0.8190 (source: quantum)
2025-04-11 15:53:24,010 - Quantum Trading Bot - INFO - HOLD signal for AAPL (score: 0.8190, source: quantum)
2025-04-11 15:53:24,015 - Quantum Trading Bot - INFO - Processing MSFT
2025-04-11 15:53:24,015 - Quantum Trading Bot - INFO - Mock halal compliance check for MSFT: COMPLIANT
2025-04-11 15:53:24,026 - Quantum Trading Bot - INFO - Quantum device error rate: 0.0618
2025-04-11 15:53:24,037 - Quantum Trading Bot - INFO - Quantum prediction for MSFT: 0.6689 (confidence: 0.9382)
2025-04-11 15:53:24,037 - Quantum Trading Bot - INFO - Trading signal for MSFT: 0.6689 (source: quantum)
2025-04-11 15:53:24,037 - Quantum Trading Bot - INFO - HOLD signal for MSFT (score: 0.6689, source: quantum)
2025-04-11 15:53:24,041 - Quantum Trading Bot - INFO - Processing NVDA
2025-04-11 15:53:24,041 - Quantum Trading Bot - INFO - Mock halal compliance check for NVDA: COMPLIANT
2025-04-11 15:53:24,049 - Quantum Trading Bot - INFO - Quantum device error rate: 0.0540
2025-04-11 15:53:24,058 - Quantum Trading Bot - INFO - Quantum prediction for NVDA: 0.8328 (confidence: 0.9460)
2025-04-11 15:53:24,058 - Quantum Trading Bot - INFO - Trading signal for NVDA: 0.8328 (source: quantum)
2025-04-11 15:53:24,058 - Quantum Trading Bot - INFO - HOLD signal for NVDA (score: 0.8328, source: quantum)
2025-04-11 15:53:24,072 - Quantum Trading Bot - INFO - Performance metrics saved: 40/72 winning trades
2025-04-11 15:53:24,072 - Quantum Trading Bot - INFO - Quantum prediction accuracy: 0.00
2025-04-11 15:53:24,072 - Quantum Trading Bot - INFO - Sleeping for 60 seconds
2025-04-11 15:54:07,063 - Trading System - INFO - Trading Bot is alive: True
2025-04-11 15:54:07,065 - Trading System - INFO - Monitor Bot is alive: True
2025-04-11 15:54:07,065 - Trading System - INFO - Improvement Bot is alive: True
2025-04-11 15:54:24,073 - Quantum Trading Bot - INFO - Starting trading cycle
2025-04-11 15:54:24,075 - Quantum Trading Bot - INFO - Processing AAPL
2025-04-11 15:54:24,075 - Quantum Trading Bot - INFO - Mock halal compliance check for AAPL: COMPLIANT
2025-04-11 15:54:24,105 - Quantum Trading Bot - INFO - Quantum device error rate: 0.0324
2025-04-11 15:54:24,114 - Quantum Trading Bot - INFO - Quantum prediction for AAPL: 0.5330 (confidence: 0.7741)
2025-04-11 15:54:24,114 - Quantum Trading Bot - INFO - Trading signal for AAPL: 0.5330 (source: quantum)
2025-04-11 15:54:24,114 - Quantum Trading Bot - INFO - HOLD signal for AAPL (score: 0.5330, source: quantum)
2025-04-11 15:54:24,119 - Quantum Trading Bot - INFO - Processing MSFT
2025-04-11 15:54:24,119 - Quantum Trading Bot - INFO - Mock halal compliance check for MSFT: COMPLIANT
2025-04-11 15:54:24,130 - Quantum Trading Bot - INFO - Quantum device error rate: 0.0345
2025-04-11 15:54:24,134 - Quantum Trading Bot - INFO - Quantum prediction for MSFT: 0.5710 (confidence: 0.7724)
2025-04-11 15:54:24,134 - Quantum Trading Bot - INFO - Trading signal for MSFT: 0.5710 (source: quantum)
2025-04-11 15:54:24,134 - Quantum Trading Bot - INFO - HOLD signal for MSFT (score: 0.5710, source: quantum)
2025-04-11 15:54:24,138 - Quantum Trading Bot - INFO - Processing NVDA
2025-04-11 15:54:24,138 - Quantum Trading Bot - INFO - Mock halal compliance check for NVDA: COMPLIANT
2025-04-11 15:54:24,147 - Quantum Trading Bot - INFO - Quantum device error rate: 0.0468
2025-04-11 15:54:24,151 - Quantum Trading Bot - INFO - Quantum prediction for NVDA: 0.4380 (confidence: 0.7626)
2025-04-11 15:54:24,151 - Quantum Trading Bot - INFO - Trading signal for NVDA: 0.4380 (source: quantum)
2025-04-11 15:54:24,151 - Quantum Trading Bot - INFO - HOLD signal for NVDA (score: 0.4380, source: quantum)
2025-04-11 15:54:24,174 - Quantum Trading Bot - INFO - Performance metrics saved: 40/72 winning trades
2025-04-11 15:54:24,174 - Quantum Trading Bot - INFO - Quantum prediction accuracy: 0.00
2025-04-11 15:54:24,174 - Quantum Trading Bot - INFO - Sleeping for 60 seconds
2025-04-11 15:55:07,071 - Trading System - INFO - Trading Bot is alive: True
2025-04-11 15:55:07,074 - Trading System - INFO - Monitor Bot is alive: True
2025-04-11 15:55:07,074 - Trading System - INFO - Improvement Bot is alive: True
2025-04-11 15:55:24,180 - Quantum Trading Bot - INFO - Starting trading cycle
2025-04-11 15:55:24,181 - Quantum Trading Bot - INFO - Processing AAPL
2025-04-11 15:55:24,181 - Quantum Trading Bot - INFO - Mock halal compliance check for AAPL: COMPLIANT
2025-04-11 15:55:24,212 - Quantum Trading Bot - INFO - Quantum device error rate: 0.0393
2025-04-11 15:55:24,220 - Quantum Trading Bot - INFO - Quantum prediction for AAPL: 0.6250 (confidence: 0.9607)
2025-04-11 15:55:24,220 - Quantum Trading Bot - INFO - Trading signal for AAPL: 0.6250 (source: quantum)
2025-04-11 15:55:24,220 - Quantum Trading Bot - INFO - HOLD signal for AAPL (score: 0.6250, source: quantum)
2025-04-11 15:55:24,225 - Quantum Trading Bot - INFO - Processing MSFT
2025-04-11 15:55:24,225 - Quantum Trading Bot - INFO - Mock halal compliance check for MSFT: COMPLIANT
2025-04-11 15:55:24,237 - Quantum Trading Bot - INFO - Quantum device error rate: 0.0414
2025-04-11 15:55:24,241 - Quantum Trading Bot - INFO - Quantum prediction for MSFT: 0.5050 (confidence: 0.7669)
2025-04-11 15:55:24,241 - Quantum Trading Bot - INFO - Trading signal for MSFT: 0.5050 (source: quantum)
2025-04-11 15:55:24,241 - Quantum Trading Bot - INFO - HOLD signal for MSFT (score: 0.5050, source: quantum)
2025-04-11 15:55:24,245 - Quantum Trading Bot - INFO - Processing NVDA
2025-04-11 15:55:24,245 - Quantum Trading Bot - INFO - Mock halal compliance check for NVDA: COMPLIANT
2025-04-11 15:55:24,254 - Quantum Trading Bot - INFO - Quantum device error rate: 0.0468
2025-04-11 15:55:24,258 - Quantum Trading Bot - INFO - Quantum prediction for NVDA: 0.0870 (confidence: 0.9532)
2025-04-11 15:55:24,258 - Quantum Trading Bot - INFO - Trading signal for NVDA: 0.0870 (source: quantum)
2025-04-11 15:55:24,258 - Quantum Trading Bot - INFO - SELL signal for NVDA (score: 0.0870, source: quantum)
2025-04-11 15:55:24,259 - Quantum Trading Bot - WARNING - Cannot sell NVDA - no position
2025-04-11 15:55:24,274 - Quantum Trading Bot - INFO - Performance metrics saved: 40/72 winning trades
2025-04-11 15:55:24,274 - Quantum Trading Bot - INFO - Quantum prediction accuracy: 0.00
2025-04-11 15:55:24,274 - Quantum Trading Bot - INFO - Sleeping for 60 seconds
2025-04-11 15:56:07,076 - Trading System - INFO - Trading Bot is alive: True
2025-04-11 15:56:07,078 - Trading System - INFO - Monitor Bot is alive: True
2025-04-11 15:56:07,078 - Trading System - INFO - Improvement Bot is alive: True
2025-04-11 15:56:24,278 - Quantum Trading Bot - INFO - Starting trading cycle
2025-04-11 15:56:24,280 - Quantum Trading Bot - INFO - Processing AAPL
2025-04-11 15:56:24,280 - Quantum Trading Bot - INFO - Mock halal compliance check for AAPL: COMPLIANT
2025-04-11 15:56:24,305 - Quantum Trading Bot - INFO - Quantum device error rate: 0.0387
2025-04-11 15:56:24,312 - Quantum Trading Bot - INFO - Quantum prediction for AAPL: 0.6730 (confidence: 0.9613)
2025-04-11 15:56:24,312 - Quantum Trading Bot - INFO - Trading signal for AAPL: 0.6730 (source: quantum)
2025-04-11 15:56:24,312 - Quantum Trading Bot - INFO - HOLD signal for AAPL (score: 0.6730, source: quantum)
2025-04-11 15:56:24,317 - Quantum Trading Bot - INFO - Processing MSFT
2025-04-11 15:56:24,317 - Quantum Trading Bot - INFO - Mock halal compliance check for MSFT: COMPLIANT
2025-04-11 15:56:24,327 - Quantum Trading Bot - INFO - Quantum device error rate: 0.0396
2025-04-11 15:56:24,332 - Quantum Trading Bot - INFO - Quantum prediction for MSFT: 0.4510 (confidence: 0.7683)
2025-04-11 15:56:24,332 - Quantum Trading Bot - INFO - Trading signal for MSFT: 0.4510 (source: quantum)
2025-04-11 15:56:24,332 - Quantum Trading Bot - INFO - HOLD signal for MSFT (score: 0.4510, source: quantum)
2025-04-11 15:56:24,336 - Quantum Trading Bot - INFO - Processing NVDA
2025-04-11 15:56:24,336 - Quantum Trading Bot - INFO - Mock halal compliance check for NVDA: COMPLIANT
2025-04-11 15:56:24,345 - Quantum Trading Bot - INFO - Quantum device error rate: 0.0354
2025-04-11 15:56:24,349 - Quantum Trading Bot - INFO - Quantum prediction for NVDA: 0.3340 (confidence: 0.9646)
2025-04-11 15:56:24,349 - Quantum Trading Bot - INFO - Trading signal for NVDA: 0.3340 (source: quantum)
2025-04-11 15:56:24,349 - Quantum Trading Bot - INFO - HOLD signal for NVDA (score: 0.3340, source: quantum)
2025-04-11 15:56:24,366 - Quantum Trading Bot - INFO - Performance metrics saved: 40/72 winning trades
2025-04-11 15:56:24,366 - Quantum Trading Bot - INFO - Quantum prediction accuracy: 0.00
2025-04-11 15:56:24,366 - Quantum Trading Bot - INFO - Sleeping for 60 seconds
2025-04-11 15:57:07,082 - Trading System - INFO - Trading Bot is alive: True
2025-04-11 15:57:07,085 - Trading System - INFO - Monitor Bot is alive: True
2025-04-11 15:57:07,085 - Trading System - INFO - Improvement Bot is alive: True
2025-04-11 15:57:24,371 - Quantum Trading Bot - INFO - Starting trading cycle
2025-04-11 15:57:24,372 - Quantum Trading Bot - INFO - Processing AAPL
2025-04-11 15:57:24,373 - Quantum Trading Bot - INFO - Mock halal compliance check for AAPL: COMPLIANT
2025-04-11 15:57:24,412 - Quantum Trading Bot - INFO - Quantum device error rate: 0.0390
2025-04-11 15:57:24,418 - Quantum Trading Bot - INFO - Quantum prediction for AAPL: 0.6430 (confidence: 0.9610)
2025-04-11 15:57:24,418 - Quantum Trading Bot - INFO - Trading signal for AAPL: 0.6430 (source: quantum)
2025-04-11 15:57:24,418 - Quantum Trading Bot - INFO - HOLD signal for AAPL (score: 0.6430, source: quantum)
2025-04-11 15:57:24,423 - Quantum Trading Bot - INFO - Processing MSFT
2025-04-11 15:57:24,423 - Quantum Trading Bot - INFO - Mock halal compliance check for MSFT: COMPLIANT
2025-04-11 15:57:24,433 - Quantum Trading Bot - INFO - Quantum device error rate: 0.0426
2025-04-11 15:57:24,438 - Quantum Trading Bot - INFO - Quantum prediction for MSFT: 0.2570 (confidence: 0.9574)
2025-04-11 15:57:24,438 - Quantum Trading Bot - INFO - Trading signal for MSFT: 0.2570 (source: quantum)
2025-04-11 15:57:24,438 - Quantum Trading Bot - INFO - SELL signal for MSFT (score: 0.2570, source: quantum)
2025-04-11 15:57:24,440 - Quantum Trading Bot - WARNING - Cannot sell MSFT - no position
2025-04-11 15:57:24,444 - Quantum Trading Bot - INFO - Processing NVDA
2025-04-11 15:57:24,444 - Quantum Trading Bot - INFO - Mock halal compliance check for NVDA: COMPLIANT
2025-04-11 15:57:24,454 - Quantum Trading Bot - INFO - Quantum device error rate: 0.0309
2025-04-11 15:57:24,457 - Quantum Trading Bot - INFO - Quantum prediction for NVDA: 0.2910 (confidence: 0.9691)
2025-04-11 15:57:24,457 - Quantum Trading Bot - INFO - Trading signal for NVDA: 0.2910 (source: quantum)
2025-04-11 15:57:24,458 - Quantum Trading Bot - INFO - SELL signal for NVDA (score: 0.2910, source: quantum)
2025-04-11 15:57:24,458 - Quantum Trading Bot - WARNING - Cannot sell NVDA - no position
2025-04-11 15:57:24,472 - Quantum Trading Bot - INFO - Performance metrics saved: 40/72 winning trades
2025-04-11 15:57:24,472 - Quantum Trading Bot - INFO - Quantum prediction accuracy: 0.00
2025-04-11 15:57:24,472 - Quantum Trading Bot - INFO - Sleeping for 60 seconds
2025-04-11 15:58:07,091 - Trading System - INFO - Trading Bot is alive: True
2025-04-11 15:58:07,093 - Trading System - INFO - Monitor Bot is alive: True
2025-04-11 15:58:07,093 - Trading System - INFO - Improvement Bot is alive: True
2025-04-11 15:58:24,477 - Quantum Trading Bot - INFO - Starting trading cycle
2025-04-11 15:58:24,478 - Quantum Trading Bot - INFO - Processing AAPL
2025-04-11 15:58:24,478 - Quantum Trading Bot - INFO - Mock halal compliance check for AAPL: COMPLIANT
2025-04-11 15:58:24,507 - Quantum Trading Bot - INFO - Quantum device error rate: 0.0426
2025-04-11 15:58:24,516 - Quantum Trading Bot - INFO - Quantum prediction for AAPL: 0.5340 (confidence: 0.7659)
2025-04-11 15:58:24,516 - Quantum Trading Bot - INFO - Trading signal for AAPL: 0.5340 (source: quantum)
2025-04-11 15:58:24,516 - Quantum Trading Bot - INFO - HOLD signal for AAPL (score: 0.5340, source: quantum)
2025-04-11 15:58:24,521 - Quantum Trading Bot - INFO - Processing MSFT
2025-04-11 15:58:24,521 - Quantum Trading Bot - INFO - Mock halal compliance check for MSFT: COMPLIANT
2025-04-11 15:58:24,531 - Quantum Trading Bot - INFO - Quantum device error rate: 0.0633
2025-04-11 15:58:24,543 - Quantum Trading Bot - INFO - Quantum prediction for MSFT: 0.4401 (confidence: 0.7494)
2025-04-11 15:58:24,543 - Quantum Trading Bot - INFO - Trading signal for MSFT: 0.4401 (source: quantum)
2025-04-11 15:58:24,543 - Quantum Trading Bot - INFO - HOLD signal for MSFT (score: 0.4401, source: quantum)
2025-04-11 15:58:24,547 - Quantum Trading Bot - INFO - Processing NVDA
2025-04-11 15:58:24,547 - Quantum Trading Bot - INFO - Mock halal compliance check for NVDA: COMPLIANT
2025-04-11 15:58:24,555 - Quantum Trading Bot - INFO - Quantum device error rate: 0.0396
2025-04-11 15:58:24,559 - Quantum Trading Bot - INFO - Quantum prediction for NVDA: 0.7370 (confidence: 0.9604)
2025-04-11 15:58:24,559 - Quantum Trading Bot - INFO - Trading signal for NVDA: 0.7370 (source: quantum)
2025-04-11 15:58:24,559 - Quantum Trading Bot - INFO - HOLD signal for NVDA (score: 0.7370, source: quantum)
2025-04-11 15:58:24,574 - Quantum Trading Bot - INFO - Performance metrics saved: 40/72 winning trades
2025-04-11 15:58:24,574 - Quantum Trading Bot - INFO - Quantum prediction accuracy: 0.00
2025-04-11 15:58:24,574 - Quantum Trading Bot - INFO - Sleeping for 60 seconds
2025-04-11 15:59:07,095 - Trading System - INFO - Trading Bot is alive: True
2025-04-11 15:59:07,097 - Trading System - INFO - Monitor Bot is alive: True
2025-04-11 15:59:07,097 - Trading System - INFO - Improvement Bot is alive: True
2025-04-11 15:59:24,579 - Quantum Trading Bot - INFO - Starting trading cycle
2025-04-11 15:59:24,581 - Quantum Trading Bot - INFO - Processing AAPL
2025-04-11 15:59:24,581 - Quantum Trading Bot - INFO - Mock halal compliance check for AAPL: COMPLIANT
2025-04-11 15:59:24,610 - Quantum Trading Bot - INFO - Quantum device error rate: 0.0405
2025-04-11 15:59:24,616 - Quantum Trading Bot - INFO - Quantum prediction for AAPL: 0.5960 (confidence: 0.7676)
2025-04-11 15:59:24,617 - Quantum Trading Bot - INFO - Trading signal for AAPL: 0.5960 (source: quantum)
2025-04-11 15:59:24,617 - Quantum Trading Bot - INFO - HOLD signal for AAPL (score: 0.5960, source: quantum)
2025-04-11 15:59:24,622 - Quantum Trading Bot - INFO - Processing MSFT
2025-04-11 15:59:24,622 - Quantum Trading Bot - INFO - Mock halal compliance check for MSFT: COMPLIANT
2025-04-11 15:59:24,633 - Quantum Trading Bot - INFO - Quantum device error rate: 0.0516
2025-04-11 15:59:24,645 - Quantum Trading Bot - INFO - Quantum prediction for MSFT: 0.5717 (confidence: 0.7587)
2025-04-11 15:59:24,645 - Quantum Trading Bot - INFO - Trading signal for MSFT: 0.5717 (source: quantum)
2025-04-11 15:59:24,645 - Quantum Trading Bot - INFO - HOLD signal for MSFT (score: 0.5717, source: quantum)
2025-04-11 15:59:24,649 - Quantum Trading Bot - INFO - Processing NVDA
2025-04-11 15:59:24,649 - Quantum Trading Bot - INFO - Mock halal compliance check for NVDA: COMPLIANT
2025-04-11 15:59:24,658 - Quantum Trading Bot - INFO - Quantum device error rate: 0.0459
2025-04-11 15:59:24,662 - Quantum Trading Bot - INFO - Quantum prediction for NVDA: 0.8690 (confidence: 0.9541)
2025-04-11 15:59:24,662 - Quantum Trading Bot - INFO - Trading signal for NVDA: 0.8690 (source: quantum)
2025-04-11 15:59:24,662 - Quantum Trading Bot - INFO - HOLD signal for NVDA (score: 0.8690, source: quantum)
2025-04-11 15:59:24,677 - Quantum Trading Bot - INFO - Performance metrics saved: 40/72 winning trades
2025-04-11 15:59:24,677 - Quantum Trading Bot - INFO - Quantum prediction accuracy: 0.00
2025-04-11 15:59:24,677 - Quantum Trading Bot - INFO - Sleeping for 60 seconds
2025-04-11 16:00:07,102 - Trading System - INFO - Trading Bot is alive: True
2025-04-11 16:00:07,105 - Trading System - INFO - Monitor Bot is alive: True
2025-04-11 16:00:07,105 - Trading System - INFO - Improvement Bot is alive: True
2025-04-11 16:00:24,678 - Quantum Trading Bot - INFO - Starting trading cycle
2025-04-11 16:00:24,679 - Quantum Trading Bot - INFO - Market is closed, waiting...
2025-04-11 16:00:24,679 - Quantum Trading Bot - INFO - Sleeping for 60 seconds
2025-04-11 16:01:07,111 - Trading System - INFO - Trading Bot is alive: True
2025-04-11 16:01:07,113 - Trading System - INFO - Monitor Bot is alive: True
2025-04-11 16:01:07,114 - Trading System - INFO - Improvement Bot is alive: True
2025-04-11 16:01:24,681 - Quantum Trading Bot - INFO - Starting trading cycle
2025-04-11 16:01:24,682 - Quantum Trading Bot - INFO - Market is closed, waiting...
2025-04-11 16:01:24,682 - Quantum Trading Bot - INFO - Sleeping for 60 seconds
2025-04-11 16:02:07,118 - Trading System - INFO - Trading Bot is alive: True
2025-04-11 16:02:07,121 - Trading System - INFO - Monitor Bot is alive: True
2025-04-11 16:02:07,121 - Trading System - INFO - Improvement Bot is alive: True
2025-04-11 16:02:24,688 - Quantum Trading Bot - INFO - Starting trading cycle
2025-04-11 16:02:24,689 - Quantum Trading Bot - INFO - Market is closed, waiting...
2025-04-11 16:02:24,689 - Quantum Trading Bot - INFO - Sleeping for 60 seconds
2025-04-11 16:03:07,123 - Trading System - INFO - Trading Bot is alive: True
2025-04-11 16:03:07,125 - Trading System - INFO - Monitor Bot is alive: True
2025-04-11 16:03:07,125 - Trading System - INFO - Improvement Bot is alive: True
2025-04-11 16:03:24,694 - Quantum Trading Bot - INFO - Starting trading cycle
2025-04-11 16:03:24,695 - Quantum Trading Bot - INFO - Market is closed, waiting...
2025-04-11 16:03:24,695 - Quantum Trading Bot - INFO - Sleeping for 60 seconds
2025-04-11 16:04:07,136 - Trading System - INFO - Trading Bot is alive: True
2025-04-11 16:04:07,138 - Trading System - INFO - Monitor Bot is alive: True
2025-04-11 16:04:07,138 - Trading System - INFO - Improvement Bot is alive: True
2025-04-11 16:04:24,704 - Quantum Trading Bot - INFO - Starting trading cycle
2025-04-11 16:04:24,705 - Quantum Trading Bot - INFO - Market is closed, waiting...
2025-04-11 16:04:24,705 - Quantum Trading Bot - INFO - Sleeping for 60 seconds
2025-04-11 16:05:05,419 - Improvement Bot - INFO - Running scheduled task: System Health Analysis
2025-04-11 16:05:05,428 - Improvement Bot - INFO - Win rate trend: +0.00%
2025-04-11 16:05:05,428 - Improvement Bot - INFO - Profit trend: +0.00%
2025-04-11 16:05:05,430 - Improvement Bot - INFO - System health analysis completed: healthy
2025-04-11 16:05:05,431 - Improvement Bot - INFO - Task System Health Analysis completed successfully
2025-04-11 16:05:07,143 - Trading System - INFO - Trading Bot is alive: True
2025-04-11 16:05:07,144 - Trading System - INFO - Monitor Bot is alive: True
2025-04-11 16:05:07,144 - Trading System - INFO - Improvement Bot is alive: True
2025-04-11 16:05:24,714 - Quantum Trading Bot - INFO - Starting trading cycle
2025-04-11 16:05:24,717 - Quantum Trading Bot - INFO - Market is closed, waiting...
2025-04-11 16:05:24,717 - Quantum Trading Bot - INFO - Sleeping for 60 seconds
2025-04-11 16:06:07,150 - Trading System - INFO - Trading Bot is alive: True
2025-04-11 16:06:07,151 - Trading System - INFO - Monitor Bot is alive: True
2025-04-11 16:06:07,152 - Trading System - INFO - Improvement Bot is alive: True
2025-04-11 16:06:24,727 - Quantum Trading Bot - INFO - Starting trading cycle
2025-04-11 16:06:24,728 - Quantum Trading Bot - INFO - Market is closed, waiting...
2025-04-11 16:06:24,728 - Quantum Trading Bot - INFO - Sleeping for 60 seconds
2025-04-11 16:07:07,161 - Trading System - INFO - Trading Bot is alive: True
2025-04-11 16:07:07,163 - Trading System - INFO - Monitor Bot is alive: True
2025-04-11 16:07:07,163 - Trading System - INFO - Improvement Bot is alive: True
2025-04-11 16:07:24,730 - Quantum Trading Bot - INFO - Starting trading cycle
2025-04-11 16:07:24,732 - Quantum Trading Bot - INFO - Market is closed, waiting...
2025-04-11 16:07:24,733 - Quantum Trading Bot - INFO - Sleeping for 60 seconds
2025-04-11 16:08:07,164 - Trading System - INFO - Trading Bot is alive: True
2025-04-11 16:08:07,166 - Trading System - INFO - Monitor Bot is alive: True
2025-04-11 16:08:07,166 - Trading System - INFO - Improvement Bot is alive: True
2025-04-11 16:08:24,737 - Quantum Trading Bot - INFO - Starting trading cycle
2025-04-11 16:08:24,739 - Quantum Trading Bot - INFO - Market is closed, waiting...
2025-04-11 16:08:24,739 - Quantum Trading Bot - INFO - Sleeping for 60 seconds
2025-04-11 16:09:07,170 - Trading System - INFO - Trading Bot is alive: True
2025-04-11 16:09:07,171 - Trading System - INFO - Monitor Bot is alive: True
2025-04-11 16:09:07,171 - Trading System - INFO - Improvement Bot is alive: True
2025-04-11 16:09:24,744 - Quantum Trading Bot - INFO - Starting trading cycle
2025-04-11 16:09:24,747 - Quantum Trading Bot - INFO - Market is closed, waiting...
2025-04-11 16:09:24,747 - Quantum Trading Bot - INFO - Sleeping for 60 seconds
2025-04-11 16:10:07,175 - Trading System - INFO - Trading Bot is alive: True
2025-04-11 16:10:07,177 - Trading System - INFO - Monitor Bot is alive: True
2025-04-11 16:10:07,177 - Trading System - INFO - Improvement Bot is alive: True
2025-04-11 16:10:24,752 - Quantum Trading Bot - INFO - Starting trading cycle
2025-04-11 16:10:24,754 - Quantum Trading Bot - INFO - Market is closed, waiting...
2025-04-11 16:10:24,754 - Quantum Trading Bot - INFO - Sleeping for 60 seconds
2025-04-11 16:11:07,182 - Trading System - INFO - Trading Bot is alive: True
2025-04-11 16:11:07,184 - Trading System - INFO - Monitor Bot is alive: True
2025-04-11 16:11:07,184 - Trading System - INFO - Improvement Bot is alive: True
2025-04-11 16:11:24,756 - Quantum Trading Bot - INFO - Starting trading cycle
2025-04-11 16:11:24,759 - Quantum Trading Bot - INFO - Market is closed, waiting...
2025-04-11 16:11:24,759 - Quantum Trading Bot - INFO - Sleeping for 60 seconds
2025-04-11 16:12:07,187 - Trading System - INFO - Trading Bot is alive: True
2025-04-11 16:12:07,188 - Trading System - INFO - Monitor Bot is alive: True
2025-04-11 16:12:07,189 - Trading System - INFO - Improvement Bot is alive: True
2025-04-11 16:12:24,762 - Quantum Trading Bot - INFO - Starting trading cycle
2025-04-11 16:12:24,764 - Quantum Trading Bot - INFO - Market is closed, waiting...
2025-04-11 16:12:24,764 - Quantum Trading Bot - INFO - Sleeping for 60 seconds
2025-04-11 16:13:07,190 - Trading System - INFO - Trading Bot is alive: True
2025-04-11 16:13:07,192 - Trading System - INFO - Monitor Bot is alive: True
2025-04-11 16:13:07,192 - Trading System - INFO - Improvement Bot is alive: True
2025-04-11 16:13:24,766 - Quantum Trading Bot - INFO - Starting trading cycle
2025-04-11 16:13:24,766 - Quantum Trading Bot - INFO - Market is closed, waiting...
2025-04-11 16:13:24,766 - Quantum Trading Bot - INFO - Sleeping for 60 seconds
2025-04-11 16:14:07,197 - Trading System - INFO - Trading Bot is alive: True
2025-04-11 16:14:07,199 - Trading System - INFO - Monitor Bot is alive: True
2025-04-11 16:14:07,199 - Trading System - INFO - Improvement Bot is alive: True
2025-04-11 16:14:24,768 - Quantum Trading Bot - INFO - Starting trading cycle
2025-04-11 16:14:24,769 - Quantum Trading Bot - INFO - Market is closed, waiting...
2025-04-11 16:14:24,769 - Quantum Trading Bot - INFO - Sleeping for 60 seconds
2025-04-11 16:15:07,205 - Trading System - INFO - Trading Bot is alive: True
2025-04-11 16:15:07,210 - Trading System - INFO - Monitor Bot is alive: True
2025-04-11 16:15:07,211 - Trading System - INFO - Improvement Bot is alive: True
2025-04-11 16:15:24,770 - Quantum Trading Bot - INFO - Starting trading cycle
2025-04-11 16:15:24,771 - Quantum Trading Bot - INFO - Market is closed, waiting...
2025-04-11 16:15:24,771 - Quantum Trading Bot - INFO - Sleeping for 60 seconds
2025-04-11 16:16:07,213 - Trading System - INFO - Trading Bot is alive: True
2025-04-11 16:16:07,215 - Trading System - INFO - Monitor Bot is alive: True
2025-04-11 16:16:07,215 - Trading System - INFO - Improvement Bot is alive: True
2025-04-11 16:16:24,776 - Quantum Trading Bot - INFO - Starting trading cycle
2025-04-11 16:16:24,777 - Quantum Trading Bot - INFO - Market is closed, waiting...
2025-04-11 16:16:24,777 - Quantum Trading Bot - INFO - Sleeping for 60 seconds
2025-04-11 16:17:07,218 - Trading System - INFO - Trading Bot is alive: True
2025-04-11 16:17:07,221 - Trading System - INFO - Monitor Bot is alive: True
2025-04-11 16:17:07,221 - Trading System - INFO - Improvement Bot is alive: True
2025-04-11 16:17:24,780 - Quantum Trading Bot - INFO - Starting trading cycle
2025-04-11 16:17:24,784 - Quantum Trading Bot - INFO - Market is closed, waiting...
2025-04-11 16:17:24,784 - Quantum Trading Bot - INFO - Sleeping for 60 seconds
2025-04-11 16:18:07,229 - Trading System - INFO - Trading Bot is alive: True
2025-04-11 16:18:07,231 - Trading System - INFO - Monitor Bot is alive: True
2025-04-11 16:18:07,231 - Trading System - INFO - Improvement Bot is alive: True
2025-04-11 16:18:24,779 - Quantum Trading Bot - INFO - Starting trading cycle
2025-04-11 16:18:24,780 - Quantum Trading Bot - INFO - Market is closed, waiting...
2025-04-11 16:18:24,780 - Quantum Trading Bot - INFO - Sleeping for 60 seconds
2025-04-11 16:19:07,214 - Trading System - INFO - Trading Bot is alive: True
2025-04-11 16:19:07,216 - Trading System - INFO - Monitor Bot is alive: True
2025-04-11 16:19:07,217 - Trading System - INFO - Improvement Bot is alive: True
2025-04-11 16:19:24,780 - Quantum Trading Bot - INFO - Starting trading cycle
2025-04-11 16:19:24,780 - Quantum Trading Bot - INFO - Market is closed, waiting...
2025-04-11 16:19:24,781 - Quantum Trading Bot - INFO - Sleeping for 60 seconds
2025-04-11 16:20:07,221 - Trading System - INFO - Trading Bot is alive: True
2025-04-11 16:20:07,222 - Trading System - INFO - Monitor Bot is alive: True
2025-04-11 16:20:07,223 - Trading System - INFO - Improvement Bot is alive: True
2025-04-11 16:20:24,785 - Quantum Trading Bot - INFO - Starting trading cycle
2025-04-11 16:20:24,786 - Quantum Trading Bot - INFO - Market is closed, waiting...
2025-04-11 16:20:24,786 - Quantum Trading Bot - INFO - Sleeping for 60 seconds
2025-04-11 16:21:07,227 - Trading System - INFO - Trading Bot is alive: True
2025-04-11 16:21:07,229 - Trading System - INFO - Monitor Bot is alive: True
2025-04-11 16:21:07,229 - Trading System - INFO - Improvement Bot is alive: True
2025-04-11 16:21:24,787 - Quantum Trading Bot - INFO - Starting trading cycle
2025-04-11 16:21:24,788 - Quantum Trading Bot - INFO - Market is closed, waiting...
2025-04-11 16:21:24,788 - Quantum Trading Bot - INFO - Sleeping for 60 seconds
2025-04-11 16:22:07,231 - Trading System - INFO - Trading Bot is alive: True
2025-04-11 16:22:07,232 - Trading System - INFO - Monitor Bot is alive: True
2025-04-11 16:22:07,232 - Trading System - INFO - Improvement Bot is alive: True
2025-04-11 16:22:24,789 - Quantum Trading Bot - INFO - Starting trading cycle
2025-04-11 16:22:24,789 - Quantum Trading Bot - INFO - Market is closed, waiting...
2025-04-11 16:22:24,790 - Quantum Trading Bot - INFO - Sleeping for 60 seconds
2025-04-11 16:23:07,236 - Trading System - INFO - Trading Bot is alive: True
2025-04-11 16:23:07,239 - Trading System - INFO - Monitor Bot is alive: True
2025-04-11 16:23:07,239 - Trading System - INFO - Improvement Bot is alive: True
2025-04-11 16:23:24,795 - Quantum Trading Bot - INFO - Starting trading cycle
2025-04-11 16:23:24,796 - Quantum Trading Bot - INFO - Market is closed, waiting...
2025-04-11 16:23:24,796 - Quantum Trading Bot - INFO - Sleeping for 60 seconds
2025-04-11 16:24:07,242 - Trading System - INFO - Trading Bot is alive: True
2025-04-11 16:24:07,243 - Trading System - INFO - Monitor Bot is alive: True
2025-04-11 16:24:07,244 - Trading System - INFO - Improvement Bot is alive: True
2025-04-11 16:24:24,800 - Quantum Trading Bot - INFO - Starting trading cycle
2025-04-11 16:24:24,800 - Quantum Trading Bot - INFO - Market is closed, waiting...
2025-04-11 16:24:24,800 - Quantum Trading Bot - INFO - Sleeping for 60 seconds
2025-04-11 16:25:07,249 - Trading System - INFO - Trading Bot is alive: True
2025-04-11 16:25:07,251 - Trading System - INFO - Monitor Bot is alive: True
2025-04-11 16:25:07,251 - Trading System - INFO - Improvement Bot is alive: True
2025-04-11 16:25:24,803 - Quantum Trading Bot - INFO - Starting trading cycle
2025-04-11 16:25:24,805 - Quantum Trading Bot - INFO - Market is closed, waiting...
2025-04-11 16:25:24,805 - Quantum Trading Bot - INFO - Sleeping for 60 seconds
2025-04-11 16:26:07,254 - Trading System - INFO - Trading Bot is alive: True
2025-04-11 16:26:07,256 - Trading System - INFO - Monitor Bot is alive: True
2025-04-11 16:26:07,256 - Trading System - INFO - Improvement Bot is alive: True
2025-04-11 16:26:24,810 - Quantum Trading Bot - INFO - Starting trading cycle
2025-04-11 16:26:24,812 - Quantum Trading Bot - INFO - Market is closed, waiting...
2025-04-11 16:26:24,812 - Quantum Trading Bot - INFO - Sleeping for 60 seconds
2025-04-11 16:27:07,260 - Trading System - INFO - Trading Bot is alive: True
2025-04-11 16:27:07,261 - Trading System - INFO - Monitor Bot is alive: True
2025-04-11 16:27:07,261 - Trading System - INFO - Improvement Bot is alive: True
2025-04-11 16:27:24,817 - Quantum Trading Bot - INFO - Starting trading cycle
2025-04-11 16:27:24,818 - Quantum Trading Bot - INFO - Market is closed, waiting...
2025-04-11 16:27:24,818 - Quantum Trading Bot - INFO - Sleeping for 60 seconds
2025-04-11 16:28:07,266 - Trading System - INFO - Trading Bot is alive: True
2025-04-11 16:28:07,268 - Trading System - INFO - Monitor Bot is alive: True
2025-04-11 16:28:07,269 - Trading System - INFO - Improvement Bot is alive: True
2025-04-11 16:28:24,818 - Quantum Trading Bot - INFO - Starting trading cycle
2025-04-11 16:28:24,819 - Quantum Trading Bot - INFO - Market is closed, waiting...
2025-04-11 16:28:24,820 - Quantum Trading Bot - INFO - Sleeping for 60 seconds
2025-04-11 16:29:07,271 - Trading System - INFO - Trading Bot is alive: True
2025-04-11 16:29:07,273 - Trading System - INFO - Monitor Bot is alive: True
2025-04-11 16:29:07,273 - Trading System - INFO - Improvement Bot is alive: True
2025-04-11 16:29:24,825 - Quantum Trading Bot - INFO - Starting trading cycle
2025-04-11 16:29:24,826 - Quantum Trading Bot - INFO - Market is closed, waiting...
2025-04-11 16:29:24,827 - Quantum Trading Bot - INFO - Sleeping for 60 seconds
2025-04-11 16:30:07,278 - Trading System - INFO - Trading Bot is alive: True
2025-04-11 16:30:07,279 - Trading System - INFO - Monitor Bot is alive: True
2025-04-11 16:30:07,280 - Trading System - INFO - Improvement Bot is alive: True
2025-04-11 16:30:24,831 - Quantum Trading Bot - INFO - Starting trading cycle
2025-04-11 16:30:24,832 - Quantum Trading Bot - INFO - Market is closed, waiting...
2025-04-11 16:30:24,832 - Quantum Trading Bot - INFO - Sleeping for 60 seconds
2025-04-11 16:31:07,285 - Trading System - INFO - Trading Bot is alive: True
2025-04-11 16:31:07,286 - Trading System - INFO - Monitor Bot is alive: True
2025-04-11 16:31:07,286 - Trading System - INFO - Improvement Bot is alive: True
2025-04-11 16:31:24,837 - Quantum Trading Bot - INFO - Starting trading cycle
2025-04-11 16:31:24,838 - Quantum Trading Bot - INFO - Market is closed, waiting...
2025-04-11 16:31:24,838 - Quantum Trading Bot - INFO - Sleeping for 60 seconds
2025-04-11 16:32:07,288 - Trading System - INFO - Trading Bot is alive: True
2025-04-11 16:32:07,288 - Trading System - INFO - Monitor Bot is alive: True
2025-04-11 16:32:07,288 - Trading System - INFO - Improvement Bot is alive: True
2025-04-11 16:32:24,838 - Quantum Trading Bot - INFO - Starting trading cycle
2025-04-11 16:32:24,839 - Quantum Trading Bot - INFO - Market is closed, waiting...
2025-04-11 16:32:24,839 - Quantum Trading Bot - INFO - Sleeping for 60 seconds
2025-04-11 16:33:07,293 - Trading System - INFO - Trading Bot is alive: True
2025-04-11 16:33:07,295 - Trading System - INFO - Monitor Bot is alive: True
2025-04-11 16:33:07,295 - Trading System - INFO - Improvement Bot is alive: True
2025-04-11 16:33:24,844 - Quantum Trading Bot - INFO - Starting trading cycle
2025-04-11 16:33:24,846 - Quantum Trading Bot - INFO - Market is closed, waiting...
2025-04-11 16:33:24,846 - Quantum Trading Bot - INFO - Sleeping for 60 seconds
2025-04-11 16:34:07,299 - Trading System - INFO - Trading Bot is alive: True
2025-04-11 16:34:07,301 - Trading System - INFO - Monitor Bot is alive: True
2025-04-11 16:34:07,301 - Trading System - INFO - Improvement Bot is alive: True
2025-04-11 16:34:24,848 - Quantum Trading Bot - INFO - Starting trading cycle
2025-04-11 16:34:24,848 - Quantum Trading Bot - INFO - Market is closed, waiting...
2025-04-11 16:34:24,848 - Quantum Trading Bot - INFO - Sleeping for 60 seconds
2025-04-11 16:35:07,306 - Trading System - INFO - Trading Bot is alive: True
2025-04-11 16:35:07,307 - Trading System - INFO - Monitor Bot is alive: True
2025-04-11 16:35:07,308 - Trading System - INFO - Improvement Bot is alive: True
2025-04-11 16:35:24,851 - Quantum Trading Bot - INFO - Starting trading cycle
2025-04-11 16:35:24,853 - Quantum Trading Bot - INFO - Market is closed, waiting...
2025-04-11 16:35:24,853 - Quantum Trading Bot - INFO - Sleeping for 60 seconds
2025-04-11 16:36:07,309 - Trading System - INFO - Trading Bot is alive: True
2025-04-11 16:36:07,311 - Trading System - INFO - Monitor Bot is alive: True
2025-04-11 16:36:07,311 - Trading System - INFO - Improvement Bot is alive: True
2025-04-11 16:36:24,854 - Quantum Trading Bot - INFO - Starting trading cycle
2025-04-11 16:36:24,855 - Quantum Trading Bot - INFO - Market is closed, waiting...
2025-04-11 16:36:24,855 - Quantum Trading Bot - INFO - Sleeping for 60 seconds
2025-04-11 16:37:07,314 - Trading System - INFO - Trading Bot is alive: True
2025-04-11 16:37:07,316 - Trading System - INFO - Monitor Bot is alive: True
2025-04-11 16:37:07,316 - Trading System - INFO - Improvement Bot is alive: True
2025-04-11 16:37:24,856 - Quantum Trading Bot - INFO - Starting trading cycle
2025-04-11 16:37:24,858 - Quantum Trading Bot - INFO - Market is closed, waiting...
2025-04-11 16:37:24,858 - Quantum Trading Bot - INFO - Sleeping for 60 seconds
2025-04-11 16:38:07,322 - Trading System - INFO - Trading Bot is alive: True
2025-04-11 16:38:07,323 - Trading System - INFO - Monitor Bot is alive: True
2025-04-11 16:38:07,323 - Trading System - INFO - Improvement Bot is alive: True
2025-04-11 16:38:24,863 - Quantum Trading Bot - INFO - Starting trading cycle
2025-04-11 16:38:24,865 - Quantum Trading Bot - INFO - Market is closed, waiting...
2025-04-11 16:38:24,865 - Quantum Trading Bot - INFO - Sleeping for 60 seconds
2025-04-11 16:39:07,326 - Trading System - INFO - Trading Bot is alive: True
2025-04-11 16:39:07,327 - Trading System - INFO - Monitor Bot is alive: True
2025-04-11 16:39:07,327 - Trading System - INFO - Improvement Bot is alive: True
2025-04-11 16:39:24,868 - Quantum Trading Bot - INFO - Starting trading cycle
2025-04-11 16:39:24,870 - Quantum Trading Bot - INFO - Market is closed, waiting...
2025-04-11 16:39:24,870 - Quantum Trading Bot - INFO - Sleeping for 60 seconds
2025-04-11 16:40:07,329 - Trading System - INFO - Trading Bot is alive: True
2025-04-11 16:40:07,331 - Trading System - INFO - Monitor Bot is alive: True
2025-04-11 16:40:07,331 - Trading System - INFO - Improvement Bot is alive: True
2025-04-11 16:40:24,875 - Quantum Trading Bot - INFO - Starting trading cycle
2025-04-11 16:40:24,877 - Quantum Trading Bot - INFO - Market is closed, waiting...
2025-04-11 16:40:24,877 - Quantum Trading Bot - INFO - Sleeping for 60 seconds
2025-04-11 16:41:07,336 - Trading System - INFO - Trading Bot is alive: True
2025-04-11 16:41:07,337 - Trading System - INFO - Monitor Bot is alive: True
2025-04-11 16:41:07,337 - Trading System - INFO - Improvement Bot is alive: True
2025-04-11 16:41:24,878 - Quantum Trading Bot - INFO - Starting trading cycle
2025-04-11 16:41:24,880 - Quantum Trading Bot - INFO - Market is closed, waiting...
2025-04-11 16:41:24,880 - Quantum Trading Bot - INFO - Sleeping for 60 seconds
2025-04-11 16:42:07,343 - Trading System - INFO - Trading Bot is alive: True
2025-04-11 16:42:07,344 - Trading System - INFO - Monitor Bot is alive: True
2025-04-11 16:42:07,344 - Trading System - INFO - Improvement Bot is alive: True
2025-04-11 16:42:24,885 - Quantum Trading Bot - INFO - Starting trading cycle
2025-04-11 16:42:24,886 - Quantum Trading Bot - INFO - Market is closed, waiting...
2025-04-11 16:42:24,887 - Quantum Trading Bot - INFO - Sleeping for 60 seconds
2025-04-11 16:43:07,348 - Trading System - INFO - Trading Bot is alive: True
2025-04-11 16:43:07,350 - Trading System - INFO - Monitor Bot is alive: True
2025-04-11 16:43:07,350 - Trading System - INFO - Improvement Bot is alive: True
2025-04-11 16:43:24,892 - Quantum Trading Bot - INFO - Starting trading cycle
2025-04-11 16:43:24,893 - Quantum Trading Bot - INFO - Market is closed, waiting...
2025-04-11 16:43:24,894 - Quantum Trading Bot - INFO - Sleeping for 60 seconds
2025-04-11 16:44:07,354 - Trading System - INFO - Trading Bot is alive: True
2025-04-11 16:44:07,354 - Trading System - INFO - Monitor Bot is alive: True
2025-04-11 16:44:07,355 - Trading System - INFO - Improvement Bot is alive: True
2025-04-11 16:44:08,539 - Monitor Bot - INFO - Running scheduled task: Quantum System Health Check
2025-04-11 16:44:08,540 - Monitor Bot - INFO - Monitoring quantum system health
2025-04-11 16:44:08,543 - Monitor Bot - INFO - Average quantum error rate: 0.0482
2025-04-11 16:44:08,546 - Monitor Bot - INFO - Task Quantum System Health Check completed successfully
2025-04-11 16:44:08,546 - Monitor Bot - INFO - Running scheduled task: Performance Metrics
2025-04-11 16:44:08,553 - Monitor Bot - INFO - === Performance Metrics ===
2025-04-11 16:44:08,553 - Monitor Bot - INFO - Date: 2025-04-11T15:59:24.665786
2025-04-11 16:44:08,553 - Monitor Bot - INFO - Total Trades: 72
2025-04-11 16:44:08,553 - Monitor Bot - INFO - Win Rate: 55.56%
2025-04-11 16:44:08,553 - Monitor Bot - INFO - Total Profit: $18.27
2025-04-11 16:44:08,553 - Monitor Bot - INFO - Average Profit per Trade: $0.25
2025-04-11 16:44:08,553 - Monitor Bot - INFO - Average Profit Percentage: 0.09%
2025-04-11 16:44:08,553 - Monitor Bot - INFO - Maximum Drawdown: 0.10%
2025-04-11 16:44:08,553 - Monitor Bot - INFO - Quantum Prediction Accuracy: 0.00%
2025-04-11 16:44:08,553 - Monitor Bot - INFO - ============================
2025-04-11 16:44:08,564 - Monitor Bot - INFO - Task Performance Metrics completed successfully
2025-04-11 16:44:24,895 - Quantum Trading Bot - INFO - Starting trading cycle
2025-04-11 16:44:24,896 - Quantum Trading Bot - INFO - Market is closed, waiting...
2025-04-11 16:44:24,896 - Quantum Trading Bot - INFO - Sleeping for 60 seconds
2025-04-11 16:45:07,360 - Trading System - INFO - Trading Bot is alive: True
2025-04-11 16:45:07,362 - Trading System - INFO - Monitor Bot is alive: True
2025-04-11 16:45:07,362 - Trading System - INFO - Improvement Bot is alive: True
2025-04-11 16:45:24,899 - Quantum Trading Bot - INFO - Starting trading cycle
2025-04-11 16:45:24,900 - Quantum Trading Bot - INFO - Market is closed, waiting...
2025-04-11 16:45:24,900 - Quantum Trading Bot - INFO - Sleeping for 60 seconds
2025-04-11 16:46:07,366 - Trading System - INFO - Trading Bot is alive: True
2025-04-11 16:46:07,368 - Trading System - INFO - Monitor Bot is alive: True
2025-04-11 16:46:07,368 - Trading System - INFO - Improvement Bot is alive: True
2025-04-11 16:46:24,905 - Quantum Trading Bot - INFO - Starting trading cycle
2025-04-11 16:46:24,905 - Quantum Trading Bot - INFO - Market is closed, waiting...
2025-04-11 16:46:24,905 - Quantum Trading Bot - INFO - Sleeping for 60 seconds
2025-04-11 16:47:07,357 - Trading System - INFO - Trading Bot is alive: True
2025-04-11 16:47:07,358 - Trading System - INFO - Monitor Bot is alive: True
2025-04-11 16:47:07,358 - Trading System - INFO - Improvement Bot is alive: True
2025-04-11 16:47:24,874 - Quantum Trading Bot - INFO - Starting trading cycle
2025-04-11 16:47:24,875 - Quantum Trading Bot - INFO - Market is closed, waiting...
2025-04-11 16:47:24,875 - Quantum Trading Bot - INFO - Sleeping for 60 seconds
2025-04-11 16:48:07,333 - Trading System - INFO - Trading Bot is alive: True
2025-04-11 16:48:07,335 - Trading System - INFO - Monitor Bot is alive: True
2025-04-11 16:48:07,335 - Trading System - INFO - Improvement Bot is alive: True
2025-04-11 16:48:24,867 - Quantum Trading Bot - INFO - Starting trading cycle
2025-04-11 16:48:24,868 - Quantum Trading Bot - INFO - Market is closed, waiting...
2025-04-11 16:48:24,868 - Quantum Trading Bot - INFO - Sleeping for 60 seconds
2025-04-11 16:49:07,339 - Trading System - INFO - Trading Bot is alive: True
2025-04-11 16:49:07,341 - Trading System - INFO - Monitor Bot is alive: True
2025-04-11 16:49:07,341 - Trading System - INFO - Improvement Bot is alive: True
2025-04-11 16:49:24,872 - Quantum Trading Bot - INFO - Starting trading cycle
2025-04-11 16:49:24,872 - Quantum Trading Bot - INFO - Market is closed, waiting...
2025-04-11 16:49:24,872 - Quantum Trading Bot - INFO - Sleeping for 60 seconds
2025-04-11 16:50:07,344 - Trading System - INFO - Trading Bot is alive: True
2025-04-11 16:50:07,345 - Trading System - INFO - Monitor Bot is alive: True
2025-04-11 16:50:07,345 - Trading System - INFO - Improvement Bot is alive: True
2025-04-11 16:50:24,877 - Quantum Trading Bot - INFO - Starting trading cycle
2025-04-11 16:50:24,878 - Quantum Trading Bot - INFO - Market is closed, waiting...
2025-04-11 16:50:24,878 - Quantum Trading Bot - INFO - Sleeping for 60 seconds
2025-04-11 16:51:07,346 - Trading System - INFO - Trading Bot is alive: True
2025-04-11 16:51:07,347 - Trading System - INFO - Monitor Bot is alive: True
2025-04-11 16:51:07,348 - Trading System - INFO - Improvement Bot is alive: True
2025-04-11 16:51:24,883 - Quantum Trading Bot - INFO - Starting trading cycle
2025-04-11 16:51:24,884 - Quantum Trading Bot - INFO - Market is closed, waiting...
2025-04-11 16:51:24,884 - Quantum Trading Bot - INFO - Sleeping for 60 seconds
2025-04-11 16:52:07,357 - Trading System - INFO - Trading Bot is alive: True
2025-04-11 16:52:07,360 - Trading System - INFO - Monitor Bot is alive: True
2025-04-11 16:52:07,360 - Trading System - INFO - Improvement Bot is alive: True
2025-04-11 16:52:24,890 - Quantum Trading Bot - INFO - Starting trading cycle
2025-04-11 16:52:24,890 - Quantum Trading Bot - INFO - Market is closed, waiting...
2025-04-11 16:52:24,891 - Quantum Trading Bot - INFO - Sleeping for 60 seconds
2025-04-11 16:53:07,364 - Trading System - INFO - Trading Bot is alive: True
2025-04-11 16:53:07,366 - Trading System - INFO - Monitor Bot is alive: True
2025-04-11 16:53:07,366 - Trading System - INFO - Improvement Bot is alive: True
2025-04-11 16:53:24,897 - Quantum Trading Bot - INFO - Starting trading cycle
2025-04-11 16:53:24,898 - Quantum Trading Bot - INFO - Market is closed, waiting...
2025-04-11 16:53:24,899 - Quantum Trading Bot - INFO - Sleeping for 60 seconds
2025-04-11 16:54:07,371 - Trading System - INFO - Trading Bot is alive: True
2025-04-11 16:54:07,373 - Trading System - INFO - Monitor Bot is alive: True
2025-04-11 16:54:07,373 - Trading System - INFO - Improvement Bot is alive: True
2025-04-11 16:54:24,905 - Quantum Trading Bot - INFO - Starting trading cycle
2025-04-11 16:54:24,905 - Quantum Trading Bot - INFO - Market is closed, waiting...
2025-04-11 16:54:24,905 - Quantum Trading Bot - INFO - Sleeping for 60 seconds
2025-04-11 16:55:07,380 - Trading System - INFO - Trading Bot is alive: True
2025-04-11 16:55:07,382 - Trading System - INFO - Monitor Bot is alive: True
2025-04-11 16:55:07,382 - Trading System - INFO - Improvement Bot is alive: True
2025-04-11 16:55:53,321 - Quantum Trading Bot - INFO - Starting trading cycle
2025-04-11 16:55:53,323 - Quantum Trading Bot - INFO - Market is closed, waiting...
2025-04-11 16:55:53,323 - Quantum Trading Bot - INFO - Sleeping for 60 seconds
2025-04-11 16:59:52,812 - Trading System - INFO - Trading Bot is alive: True
2025-04-11 16:59:52,886 - Trading System - INFO - Monitor Bot is alive: True
2025-04-11 16:59:52,886 - Trading System - INFO - Improvement Bot is alive: True
2025-04-11 17:00:10,352 - Quantum Trading Bot - INFO - Starting trading cycle
2025-04-11 17:00:10,353 - Quantum Trading Bot - INFO - Market is closed, waiting...
2025-04-11 17:00:10,354 - Quantum Trading Bot - INFO - Sleeping for 60 seconds
2025-04-11 17:15:50,988 - Trading System - INFO - Trading Bot is alive: True
2025-04-11 17:15:50,991 - Trading System - INFO - Monitor Bot is alive: True
2025-04-11 17:15:50,991 - Trading System - INFO - Improvement Bot is alive: True
2025-04-11 17:16:08,469 - Quantum Trading Bot - INFO - Starting trading cycle
2025-04-11 17:16:08,470 - Quantum Trading Bot - INFO - Market is closed, waiting...
2025-04-11 17:16:08,470 - Quantum Trading Bot - INFO - Sleeping for 60 seconds
2025-04-11 17:33:44,819 - Trading System - INFO - Trading Bot is alive: True
2025-04-11 17:33:44,821 - Trading System - INFO - Monitor Bot is alive: True
2025-04-11 17:33:44,821 - Trading System - INFO - Improvement Bot is alive: True
2025-04-11 17:34:02,283 - Quantum Trading Bot - INFO - Starting trading cycle
2025-04-11 17:34:02,284 - Quantum Trading Bot - INFO - Market is closed, waiting...
2025-04-11 17:34:02,285 - Quantum Trading Bot - INFO - Sleeping for 60 seconds
2025-04-11 17:38:56,155 - Trading System - INFO - Trading Bot is alive: True
2025-04-11 17:38:56,157 - Trading System - INFO - Monitor Bot is alive: True
2025-04-11 17:38:56,157 - Trading System - INFO - Improvement Bot is alive: True
2025-04-11 17:55:31,639 - Quantum Trading Bot - INFO - Starting trading cycle
2025-04-11 17:55:31,640 - Quantum Trading Bot - INFO - Market is closed, waiting...
2025-04-11 17:55:31,640 - Quantum Trading Bot - INFO - Sleeping for 60 seconds
2025-04-11 18:11:28,118 - Trading System - INFO - Trading Bot is alive: True
2025-04-11 18:11:28,118 - Trading System - INFO - Monitor Bot is alive: True
2025-04-11 18:11:28,118 - Trading System - INFO - Improvement Bot is alive: True
2025-04-11 18:11:29,246 - Monitor Bot - INFO - Running scheduled task: Performance Metrics
2025-04-11 18:11:29,255 - Monitor Bot - INFO - === Performance Metrics ===
2025-04-11 18:11:29,255 - Monitor Bot - INFO - Date: 2025-04-11T15:59:24.665786
2025-04-11 18:11:29,255 - Monitor Bot - INFO - Total Trades: 72
2025-04-11 18:11:29,255 - Monitor Bot - INFO - Win Rate: 55.56%
2025-04-11 18:11:29,255 - Monitor Bot - INFO - Total Profit: $18.27
2025-04-11 18:11:29,255 - Monitor Bot - INFO - Average Profit per Trade: $0.25
2025-04-11 18:11:29,255 - Monitor Bot - INFO - Average Profit Percentage: 0.09%
2025-04-11 18:11:29,255 - Monitor Bot - INFO - Maximum Drawdown: 0.10%
2025-04-11 18:11:29,255 - Monitor Bot - INFO - Quantum Prediction Accuracy: 0.00%
2025-04-11 18:11:29,255 - Monitor Bot - INFO - ============================
2025-04-11 18:11:29,267 - Monitor Bot - INFO - Task Performance Metrics completed successfully
2025-04-11 18:11:45,564 - Quantum Trading Bot - INFO - Starting trading cycle
2025-04-11 18:11:45,565 - Quantum Trading Bot - INFO - Market is closed, waiting...
2025-04-11 18:11:45,565 - Quantum Trading Bot - INFO - Sleeping for 60 seconds
2025-04-11 18:27:41,959 - Trading System - INFO - Trading Bot is alive: True
2025-04-11 18:27:41,960 - Trading System - INFO - Monitor Bot is alive: True
2025-04-11 18:27:41,960 - Trading System - INFO - Improvement Bot is alive: True
2025-04-11 18:27:59,422 - Quantum Trading Bot - INFO - Starting trading cycle
2025-04-11 18:27:59,424 - Quantum Trading Bot - INFO - Market is closed, waiting...
2025-04-11 18:27:59,424 - Quantum Trading Bot - INFO - Sleeping for 60 seconds
2025-04-11 18:44:16,830 - Trading System - INFO - Trading Bot is alive: True
2025-04-11 18:44:16,832 - Trading System - INFO - Monitor Bot is alive: True
2025-04-11 18:44:16,832 - Trading System - INFO - Improvement Bot is alive: True
2025-04-11 18:44:34,297 - Quantum Trading Bot - INFO - Starting trading cycle
2025-04-11 18:44:34,298 - Quantum Trading Bot - INFO - Market is closed, waiting...
2025-04-11 18:44:34,298 - Quantum Trading Bot - INFO - Sleeping for 60 seconds
2025-04-11 18:51:27,500 - Trading System - INFO - Trading Bot is alive: True
2025-04-11 18:51:27,502 - Trading System - INFO - Monitor Bot is alive: True
2025-04-11 18:51:27,502 - Trading System - INFO - Improvement Bot is alive: True
2025-04-11 18:51:44,966 - Quantum Trading Bot - INFO - Starting trading cycle
2025-04-11 18:51:44,968 - Quantum Trading Bot - INFO - Market is closed, waiting...
2025-04-11 18:51:44,968 - Quantum Trading Bot - INFO - Sleeping for 60 seconds
2025-04-11 19:07:39,396 - Trading System - INFO - Trading Bot is alive: True
2025-04-11 19:07:39,397 - Trading System - INFO - Monitor Bot is alive: True
2025-04-11 19:07:39,397 - Trading System - INFO - Improvement Bot is alive: True
2025-04-11 19:23:58,733 - Quantum Trading Bot - INFO - Starting trading cycle
2025-04-11 19:23:58,735 - Quantum Trading Bot - INFO - Market is closed, waiting...
2025-04-11 19:23:58,735 - Quantum Trading Bot - INFO - Sleeping for 60 seconds
2025-04-11 19:40:40,980 - Improvement Bot - INFO - Running scheduled task: Code Quality Check - Trading Bot
2025-04-11 19:40:40,988 - Improvement Bot - INFO - Found 2 issues in trading_bot
2025-04-11 19:40:40,988 - Improvement Bot - INFO - Task Code Quality Check - Trading Bot completed successfully
2025-04-11 19:40:40,988 - Improvement Bot - INFO - Running scheduled task: Code Quality Check - Monitor Bot
2025-04-11 19:40:40,990 - Improvement Bot - INFO - No issues found in monitor_bot
2025-04-11 19:40:40,990 - Improvement Bot - WARNING - Task Code Quality Check - Monitor Bot completed with warnings
2025-04-11 19:40:40,990 - Improvement Bot - INFO - Running scheduled task: Code Quality Check - Improvement Bot
2025-04-11 19:40:40,993 - Improvement Bot - INFO - Found 6 issues in improvement_bot
2025-04-11 19:40:40,993 - Improvement Bot - INFO - Task Code Quality Check - Improvement Bot completed successfully
2025-04-11 19:40:40,993 - Improvement Bot - INFO - Running scheduled task: System Health Analysis
2025-04-11 19:40:41,005 - Improvement Bot - INFO - Win rate trend: +0.00%
2025-04-11 19:40:41,005 - Improvement Bot - INFO - Profit trend: +0.00%
2025-04-11 19:40:41,006 - Improvement Bot - INFO - System health analysis completed: healthy
2025-04-11 19:40:41,007 - Improvement Bot - INFO - Task System Health Analysis completed successfully
2025-04-11 19:40:43,180 - Trading System - INFO - Trading Bot is alive: True
2025-04-11 19:40:43,180 - Trading System - INFO - Monitor Bot is alive: True
2025-04-11 19:40:43,181 - Trading System - INFO - Improvement Bot is alive: True
2025-04-11 19:40:44,340 - Monitor Bot - INFO - Running scheduled task: Performance Metrics
2025-04-11 19:40:44,347 - Monitor Bot - INFO - === Performance Metrics ===
2025-04-11 19:40:44,348 - Monitor Bot - INFO - Date: 2025-04-11T15:59:24.665786
2025-04-11 19:40:44,348 - Monitor Bot - INFO - Total Trades: 72
2025-04-11 19:40:44,348 - Monitor Bot - INFO - Win Rate: 55.56%
2025-04-11 19:40:44,348 - Monitor Bot - INFO - Total Profit: $18.27
2025-04-11 19:40:44,348 - Monitor Bot - INFO - Average Profit per Trade: $0.25
2025-04-11 19:40:44,348 - Monitor Bot - INFO - Average Profit Percentage: 0.09%
2025-04-11 19:40:44,348 - Monitor Bot - INFO - Maximum Drawdown: 0.10%
2025-04-11 19:40:44,348 - Monitor Bot - INFO - Quantum Prediction Accuracy: 0.00%
2025-04-11 19:40:44,348 - Monitor Bot - INFO - ============================
2025-04-11 19:40:44,359 - Monitor Bot - INFO - Task Performance Metrics completed successfully
2025-04-11 19:41:00,647 - Quantum Trading Bot - INFO - Starting trading cycle
2025-04-11 19:41:00,648 - Quantum Trading Bot - INFO - Market is closed, waiting...
2025-04-11 19:41:00,648 - Quantum Trading Bot - INFO - Sleeping for 60 seconds
2025-04-11 19:52:04,677 - Trading System - INFO - Trading Bot is alive: True
2025-04-11 19:52:04,678 - Trading System - INFO - Monitor Bot is alive: True
2025-04-11 19:52:04,679 - Trading System - INFO - Improvement Bot is alive: True
2025-04-11 19:52:05,865 - Monitor Bot - INFO - Running scheduled task: Quantum System Health Check
2025-04-11 19:52:05,866 - Monitor Bot - INFO - Monitoring quantum system health
2025-04-11 19:52:05,870 - Monitor Bot - INFO - Average quantum error rate: 0.0482
2025-04-11 19:52:05,872 - Monitor Bot - INFO - Task Quantum System Health Check completed successfully
2025-04-11 19:52:22,154 - Quantum Trading Bot - INFO - Starting trading cycle
2025-04-11 19:52:22,155 - Quantum Trading Bot - INFO - Market is closed, waiting...
2025-04-11 19:52:22,155 - Quantum Trading Bot - INFO - Sleeping for 60 seconds
2025-04-11 20:08:05,535 - Trading System - INFO - Trading Bot is alive: True
2025-04-11 20:08:05,537 - Trading System - INFO - Monitor Bot is alive: True
2025-04-11 20:08:05,537 - Trading System - INFO - Improvement Bot is alive: True
2025-04-11 20:08:23,025 - Quantum Trading Bot - INFO - Starting trading cycle
2025-04-11 20:08:23,027 - Quantum Trading Bot - INFO - Market is closed, waiting...
2025-04-11 20:08:23,027 - Quantum Trading Bot - INFO - Sleeping for 60 seconds
2025-04-11 20:20:08,001 - Trading System - INFO - Trading Bot is alive: True
2025-04-11 20:20:08,001 - Trading System - INFO - Monitor Bot is alive: True
2025-04-11 20:20:08,002 - Trading System - INFO - Improvement Bot is alive: True
2025-04-11 20:20:25,477 - Quantum Trading Bot - INFO - Starting trading cycle
2025-04-11 20:20:25,479 - Quantum Trading Bot - INFO - Market is closed, waiting...
2025-04-11 20:20:25,479 - Quantum Trading Bot - INFO - Sleeping for 60 seconds
2025-04-11 20:37:35,985 - Trading System - INFO - Trading Bot is alive: True
2025-04-11 20:37:35,986 - Trading System - INFO - Monitor Bot is alive: True
2025-04-11 20:37:35,986 - Trading System - INFO - Improvement Bot is alive: True
2025-04-11 20:37:53,461 - Quantum Trading Bot - INFO - Starting trading cycle
2025-04-11 20:37:53,463 - Quantum Trading Bot - INFO - Market is closed, waiting...
2025-04-11 20:37:53,463 - Quantum Trading Bot - INFO - Sleeping for 60 seconds
2025-04-11 20:53:40,660 - Trading System - INFO - Trading Bot is alive: True
2025-04-11 20:53:40,662 - Trading System - INFO - Monitor Bot is alive: True
2025-04-11 20:53:40,662 - Trading System - INFO - Improvement Bot is alive: True
2025-04-11 20:53:41,858 - Monitor Bot - INFO - Running scheduled task: Performance Metrics
2025-04-11 20:53:41,866 - Monitor Bot - INFO - === Performance Metrics ===
2025-04-11 20:53:41,867 - Monitor Bot - INFO - Date: 2025-04-11T15:59:24.665786
2025-04-11 20:53:41,867 - Monitor Bot - INFO - Total Trades: 72
2025-04-11 20:53:41,867 - Monitor Bot - INFO - Win Rate: 55.56%
2025-04-11 20:53:41,867 - Monitor Bot - INFO - Total Profit: $18.27
2025-04-11 20:53:41,867 - Monitor Bot - INFO - Average Profit per Trade: $0.25
2025-04-11 20:53:41,867 - Monitor Bot - INFO - Average Profit Percentage: 0.09%
2025-04-11 20:53:41,867 - Monitor Bot - INFO - Maximum Drawdown: 0.10%
2025-04-11 20:53:41,867 - Monitor Bot - INFO - Quantum Prediction Accuracy: 0.00%
2025-04-11 20:53:41,867 - Monitor Bot - INFO - ============================
2025-04-11 20:53:41,882 - Monitor Bot - INFO - Task Performance Metrics completed successfully
2025-04-11 20:57:33,975 - Quantum Trading Bot - INFO - Starting trading cycle
2025-04-11 20:57:33,976 - Quantum Trading Bot - INFO - Market is closed, waiting...
2025-04-11 20:57:33,976 - Quantum Trading Bot - INFO - Sleeping for 60 seconds
2025-04-11 20:58:20,711 - Trading System - INFO - Trading Bot is alive: True
2025-04-11 20:58:20,712 - Trading System - INFO - Monitor Bot is alive: True
2025-04-11 20:58:20,712 - Trading System - INFO - Improvement Bot is alive: True
2025-04-11 20:58:38,192 - Quantum Trading Bot - INFO - Starting trading cycle
2025-04-11 20:58:38,193 - Quantum Trading Bot - INFO - Market is closed, waiting...
2025-04-11 20:58:38,193 - Quantum Trading Bot - INFO - Sleeping for 60 seconds
2025-04-11 21:14:37,943 - Trading System - INFO - Trading Bot is alive: True
2025-04-11 21:14:37,945 - Trading System - INFO - Monitor Bot is alive: True
2025-04-11 21:14:37,945 - Trading System - INFO - Improvement Bot is alive: True
2025-04-11 21:14:55,425 - Quantum Trading Bot - INFO - Starting trading cycle
2025-04-11 21:14:55,427 - Quantum Trading Bot - INFO - Market is closed, waiting...
2025-04-11 21:14:55,427 - Quantum Trading Bot - INFO - Sleeping for 60 seconds
2025-04-11 21:30:51,819 - Trading System - INFO - Trading Bot is alive: True
2025-04-11 21:30:51,821 - Trading System - INFO - Monitor Bot is alive: True
2025-04-11 21:30:51,821 - Trading System - INFO - Improvement Bot is alive: True
2025-04-11 21:31:09,300 - Quantum Trading Bot - INFO - Starting trading cycle
2025-04-11 21:31:09,301 - Quantum Trading Bot - INFO - Market is closed, waiting...
2025-04-11 21:31:09,301 - Quantum Trading Bot - INFO - Sleeping for 60 seconds
2025-04-11 21:46:52,752 - Trading System - INFO - Trading Bot is alive: True
2025-04-11 21:46:52,754 - Trading System - INFO - Monitor Bot is alive: True
2025-04-11 21:46:52,754 - Trading System - INFO - Improvement Bot is alive: True
2025-04-11 21:47:10,231 - Quantum Trading Bot - INFO - Starting trading cycle
2025-04-11 21:47:10,232 - Quantum Trading Bot - INFO - Market is closed, waiting...
2025-04-11 21:47:10,232 - Quantum Trading Bot - INFO - Sleeping for 60 seconds
2025-04-11 21:54:44,335 - Trading System - INFO - Trading Bot is alive: True
2025-04-11 21:54:44,337 - Trading System - INFO - Monitor Bot is alive: True
2025-04-11 21:54:44,337 - Trading System - INFO - Improvement Bot is alive: True
2025-04-11 21:54:45,563 - Monitor Bot - INFO - Running scheduled task: Performance Metrics
2025-04-11 21:54:45,572 - Monitor Bot - INFO - === Performance Metrics ===
2025-04-11 21:54:45,572 - Monitor Bot - INFO - Date: 2025-04-11T15:59:24.665786
2025-04-11 21:54:45,572 - Monitor Bot - INFO - Total Trades: 72
2025-04-11 21:54:45,572 - Monitor Bot - INFO - Win Rate: 55.56%
2025-04-11 21:54:45,572 - Monitor Bot - INFO - Total Profit: $18.27
2025-04-11 21:54:45,572 - Monitor Bot - INFO - Average Profit per Trade: $0.25
2025-04-11 21:54:45,572 - Monitor Bot - INFO - Average Profit Percentage: 0.09%
2025-04-11 21:54:45,572 - Monitor Bot - INFO - Maximum Drawdown: 0.10%
2025-04-11 21:54:45,572 - Monitor Bot - INFO - Quantum Prediction Accuracy: 0.00%
2025-04-11 21:54:45,572 - Monitor Bot - INFO - ============================
2025-04-11 21:54:45,583 - Monitor Bot - INFO - Task Performance Metrics completed successfully
2025-04-11 21:59:10,395 - Quantum Trading Bot - INFO - Starting trading cycle
2025-04-11 21:59:10,397 - Quantum Trading Bot - INFO - Market is closed, waiting...
2025-04-11 21:59:10,397 - Quantum Trading Bot - INFO - Sleeping for 60 seconds
2025-04-11 22:15:23,092 - Trading System - INFO - Trading Bot is alive: True
2025-04-11 22:15:23,093 - Trading System - INFO - Monitor Bot is alive: True
2025-04-11 22:15:23,093 - Trading System - INFO - Improvement Bot is alive: True
2025-04-11 22:15:40,577 - Quantum Trading Bot - INFO - Starting trading cycle
2025-04-11 22:15:40,579 - Quantum Trading Bot - INFO - Market is closed, waiting...
2025-04-11 22:15:40,579 - Quantum Trading Bot - INFO - Sleeping for 60 seconds
2025-04-11 22:18:02,608 - Trading System - INFO - Trading Bot is alive: True
2025-04-11 22:18:02,609 - Trading System - INFO - Monitor Bot is alive: True
2025-04-11 22:18:02,610 - Trading System - INFO - Improvement Bot is alive: True
2025-04-11 22:18:20,089 - Quantum Trading Bot - INFO - Starting trading cycle
2025-04-11 22:18:20,091 - Quantum Trading Bot - INFO - Market is closed, waiting...
2025-04-11 22:18:20,091 - Quantum Trading Bot - INFO - Sleeping for 60 seconds
2025-04-11 22:36:00,814 - Trading System - INFO - Trading Bot is alive: True
2025-04-11 22:36:00,816 - Trading System - INFO - Monitor Bot is alive: True
2025-04-11 22:36:00,816 - Trading System - INFO - Improvement Bot is alive: True
2025-04-11 22:52:25,177 - Quantum Trading Bot - INFO - Starting trading cycle
2025-04-11 22:52:25,178 - Quantum Trading Bot - INFO - Market is closed, waiting...
2025-04-11 22:52:25,178 - Quantum Trading Bot - INFO - Sleeping for 60 seconds
2025-04-11 22:53:07,706 - Trading System - INFO - Trading Bot is alive: True
2025-04-11 22:53:07,706 - Trading System - INFO - Monitor Bot is alive: True
2025-04-11 22:53:07,707 - Trading System - INFO - Improvement Bot is alive: True
2025-04-11 22:53:08,950 - Monitor Bot - INFO - Running scheduled task: Quantum System Health Check
2025-04-11 22:53:08,950 - Monitor Bot - INFO - Monitoring quantum system health
2025-04-11 22:53:08,953 - Monitor Bot - INFO - Average quantum error rate: 0.0482
2025-04-11 22:53:08,955 - Monitor Bot - INFO - Task Quantum System Health Check completed successfully
2025-04-11 22:55:20,072 - Quantum Trading Bot - INFO - Starting trading cycle
2025-04-11 22:55:20,074 - Quantum Trading Bot - INFO - Market is closed, waiting...
2025-04-11 22:55:20,074 - Quantum Trading Bot - INFO - Sleeping for 60 seconds
2025-04-11 23:01:37,647 - Trading System - INFO - Trading Bot is alive: True
2025-04-11 23:01:37,648 - Trading System - INFO - Monitor Bot is alive: True
2025-04-11 23:01:37,648 - Trading System - INFO - Improvement Bot is alive: True
2025-04-11 23:01:38,899 - Monitor Bot - INFO - Running scheduled task: Performance Metrics
2025-04-11 23:01:38,907 - Monitor Bot - INFO - === Performance Metrics ===
2025-04-11 23:01:38,907 - Monitor Bot - INFO - Date: 2025-04-11T15:59:24.665786
2025-04-11 23:01:38,908 - Monitor Bot - INFO - Total Trades: 72
2025-04-11 23:01:38,908 - Monitor Bot - INFO - Win Rate: 55.56%
2025-04-11 23:01:38,908 - Monitor Bot - INFO - Total Profit: $18.27
2025-04-11 23:01:38,908 - Monitor Bot - INFO - Average Profit per Trade: $0.25
2025-04-11 23:01:38,908 - Monitor Bot - INFO - Average Profit Percentage: 0.09%
2025-04-11 23:01:38,908 - Monitor Bot - INFO - Maximum Drawdown: 0.10%
2025-04-11 23:01:38,908 - Monitor Bot - INFO - Quantum Prediction Accuracy: 0.00%
2025-04-11 23:01:38,908 - Monitor Bot - INFO - ============================
2025-04-11 23:01:38,919 - Monitor Bot - INFO - Task Performance Metrics completed successfully
2025-04-11 23:01:55,130 - Quantum Trading Bot - INFO - Starting trading cycle
2025-04-11 23:01:55,131 - Quantum Trading Bot - INFO - Market is closed, waiting...
2025-04-11 23:01:55,132 - Quantum Trading Bot - INFO - Sleeping for 60 seconds
2025-04-11 23:17:48,321 - Trading System - INFO - Trading Bot is alive: True
2025-04-11 23:17:48,322 - Trading System - INFO - Monitor Bot is alive: True
2025-04-11 23:17:48,323 - Trading System - INFO - Improvement Bot is alive: True
2025-04-11 23:18:05,802 - Quantum Trading Bot - INFO - Starting trading cycle
2025-04-11 23:18:05,804 - Quantum Trading Bot - INFO - Market is closed, waiting...
2025-04-11 23:18:05,804 - Quantum Trading Bot - INFO - Sleeping for 60 seconds
2025-04-11 23:18:48,416 - Trading System - INFO - Trading Bot is alive: True
2025-04-11 23:18:48,416 - Trading System - INFO - Monitor Bot is alive: True
2025-04-11 23:18:48,416 - Trading System - INFO - Improvement Bot is alive: True
2025-04-11 23:34:32,120 - Quantum Trading Bot - INFO - Starting trading cycle
2025-04-11 23:34:32,121 - Quantum Trading Bot - INFO - Market is closed, waiting...
2025-04-11 23:34:32,121 - Quantum Trading Bot - INFO - Sleeping for 60 seconds
2025-04-11 23:35:14,647 - Trading System - INFO - Trading Bot is alive: True
2025-04-11 23:35:14,649 - Trading System - INFO - Monitor Bot is alive: True
2025-04-11 23:35:14,649 - Trading System - INFO - Improvement Bot is alive: True
2025-04-11 23:50:51,481 - Quantum Trading Bot - INFO - Starting trading cycle
2025-04-11 23:50:51,482 - Quantum Trading Bot - INFO - Market is closed, waiting...
2025-04-11 23:50:51,482 - Quantum Trading Bot - INFO - Sleeping for 60 seconds
2025-04-11 23:51:34,005 - Trading System - INFO - Trading Bot is alive: True
2025-04-11 23:51:34,006 - Trading System - INFO - Monitor Bot is alive: True
2025-04-11 23:51:34,006 - Trading System - INFO - Improvement Bot is alive: True
2025-04-11 23:56:21,415 - Quantum Trading Bot - INFO - Starting trading cycle
2025-04-11 23:56:21,417 - Quantum Trading Bot - INFO - Market is closed, waiting...
2025-04-11 23:56:21,417 - Quantum Trading Bot - INFO - Sleeping for 60 seconds
2025-04-12 00:12:27,870 - Trading System - INFO - Trading Bot is alive: True
2025-04-12 00:12:27,872 - Trading System - INFO - Monitor Bot is alive: True
2025-04-12 00:12:27,873 - Trading System - INFO - Improvement Bot is alive: True
2025-04-12 00:12:29,140 - Monitor Bot - INFO - Running scheduled task: Performance Metrics
2025-04-12 00:12:29,149 - Monitor Bot - INFO - === Performance Metrics ===
2025-04-12 00:12:29,150 - Monitor Bot - INFO - Date: 2025-04-11T15:59:24.665786
2025-04-12 00:12:29,150 - Monitor Bot - INFO - Total Trades: 72
2025-04-12 00:12:29,150 - Monitor Bot - INFO - Win Rate: 55.56%
2025-04-12 00:12:29,150 - Monitor Bot - INFO - Total Profit: $18.27
2025-04-12 00:12:29,150 - Monitor Bot - INFO - Average Profit per Trade: $0.25
2025-04-12 00:12:29,150 - Monitor Bot - INFO - Average Profit Percentage: 0.09%
2025-04-12 00:12:29,150 - Monitor Bot - INFO - Maximum Drawdown: 0.10%
2025-04-12 00:12:29,150 - Monitor Bot - INFO - Quantum Prediction Accuracy: 0.00%
2025-04-12 00:12:29,150 - Monitor Bot - INFO - ============================
2025-04-12 00:12:29,164 - Monitor Bot - INFO - Task Performance Metrics completed successfully
2025-04-12 00:12:45,342 - Quantum Trading Bot - INFO - Starting trading cycle
2025-04-12 00:12:45,344 - Quantum Trading Bot - INFO - Market is closed, waiting...
2025-04-12 00:12:45,344 - Quantum Trading Bot - INFO - Sleeping for 60 seconds
2025-04-12 00:27:30,501 - Trading System - INFO - Trading Bot is alive: True
2025-04-12 00:27:30,504 - Trading System - INFO - Monitor Bot is alive: True
2025-04-12 00:27:30,504 - Trading System - INFO - Improvement Bot is alive: True
2025-04-12 00:27:47,983 - Quantum Trading Bot - INFO - Starting trading cycle
2025-04-12 00:27:47,984 - Quantum Trading Bot - INFO - Market is closed, waiting...
2025-04-12 00:27:47,984 - Quantum Trading Bot - INFO - Sleeping for 60 seconds
2025-04-12 00:28:30,514 - Trading System - INFO - Trading Bot is alive: True
2025-04-12 00:28:30,515 - Trading System - INFO - Monitor Bot is alive: True
2025-04-12 00:28:30,515 - Trading System - INFO - Improvement Bot is alive: True
2025-04-12 00:28:47,993 - Quantum Trading Bot - INFO - Starting trading cycle
2025-04-12 00:28:47,994 - Quantum Trading Bot - INFO - Market is closed, waiting...
2025-04-12 00:28:47,994 - Quantum Trading Bot - INFO - Sleeping for 60 seconds
2025-04-12 00:31:12,617 - Trading System - INFO - Trading Bot is alive: True
2025-04-12 00:31:12,618 - Trading System - INFO - Monitor Bot is alive: True
2025-04-12 00:31:12,618 - Trading System - INFO - Improvement Bot is alive: True
2025-04-12 00:31:30,088 - Quantum Trading Bot - INFO - Starting trading cycle
2025-04-12 00:31:30,091 - Quantum Trading Bot - INFO - Market is closed, waiting...
2025-04-12 00:31:30,091 - Quantum Trading Bot - INFO - Sleeping for 60 seconds
2025-04-12 00:48:40,683 - Trading System - INFO - Trading Bot is alive: True
2025-04-12 00:48:40,685 - Trading System - INFO - Monitor Bot is alive: True
2025-04-12 00:48:40,685 - Trading System - INFO - Improvement Bot is alive: True
2025-04-12 00:48:58,169 - Quantum Trading Bot - INFO - Starting trading cycle
2025-04-12 00:48:58,171 - Quantum Trading Bot - INFO - Market is closed, waiting...
2025-04-12 00:48:58,171 - Quantum Trading Bot - INFO - Sleeping for 60 seconds
2025-04-12 00:57:30,158 - Trading System - INFO - Trading Bot is alive: True
2025-04-12 00:57:30,160 - Trading System - INFO - Monitor Bot is alive: True
2025-04-12 00:57:30,160 - Trading System - INFO - Improvement Bot is alive: True
2025-04-12 00:57:47,639 - Quantum Trading Bot - INFO - Starting trading cycle
2025-04-12 00:57:47,640 - Quantum Trading Bot - INFO - Market is closed, waiting...
2025-04-12 00:57:47,641 - Quantum Trading Bot - INFO - Sleeping for 60 seconds
2025-04-12 01:14:14,043 - Trading System - INFO - Trading Bot is alive: True
2025-04-12 01:14:14,045 - Trading System - INFO - Monitor Bot is alive: True
2025-04-12 01:14:14,046 - Trading System - INFO - Improvement Bot is alive: True
2025-04-12 01:14:15,334 - Monitor Bot - INFO - Running scheduled task: Performance Metrics
2025-04-12 01:14:15,343 - Monitor Bot - INFO - === Performance Metrics ===
2025-04-12 01:14:15,343 - Monitor Bot - INFO - Date: 2025-04-11T15:59:24.665786
2025-04-12 01:14:15,343 - Monitor Bot - INFO - Total Trades: 72
2025-04-12 01:14:15,343 - Monitor Bot - INFO - Win Rate: 55.56%
2025-04-12 01:14:15,344 - Monitor Bot - INFO - Total Profit: $18.27
2025-04-12 01:14:15,344 - Monitor Bot - INFO - Average Profit per Trade: $0.25
2025-04-12 01:14:15,344 - Monitor Bot - INFO - Average Profit Percentage: 0.09%
2025-04-12 01:14:15,344 - Monitor Bot - INFO - Maximum Drawdown: 0.10%
2025-04-12 01:14:15,344 - Monitor Bot - INFO - Quantum Prediction Accuracy: 0.00%
2025-04-12 01:14:15,344 - Monitor Bot - INFO - ============================
2025-04-12 01:14:15,355 - Monitor Bot - INFO - Task Performance Metrics completed successfully
2025-04-12 01:14:31,523 - Quantum Trading Bot - INFO - Starting trading cycle
2025-04-12 01:14:31,524 - Quantum Trading Bot - INFO - Market is closed, waiting...
2025-04-12 01:14:31,524 - Quantum Trading Bot - INFO - Sleeping for 60 seconds
2025-04-12 01:15:14,045 - Trading System - INFO - Trading Bot is alive: True
2025-04-12 01:15:14,046 - Trading System - INFO - Monitor Bot is alive: True
2025-04-12 01:15:14,046 - Trading System - INFO - Improvement Bot is alive: True
2025-04-12 01:15:31,526 - Quantum Trading Bot - INFO - Starting trading cycle
2025-04-12 01:15:31,527 - Quantum Trading Bot - INFO - Market is closed, waiting...
2025-04-12 01:15:31,527 - Quantum Trading Bot - INFO - Sleeping for 60 seconds
2025-04-12 01:32:42,258 - Trading System - INFO - Trading Bot is alive: True
2025-04-12 01:32:42,259 - Trading System - INFO - Monitor Bot is alive: True
2025-04-12 01:32:42,259 - Trading System - INFO - Improvement Bot is alive: True
2025-04-12 01:32:59,744 - Quantum Trading Bot - INFO - Starting trading cycle
2025-04-12 01:32:59,745 - Quantum Trading Bot - INFO - Market is closed, waiting...
2025-04-12 01:32:59,745 - Quantum Trading Bot - INFO - Sleeping for 60 seconds
2025-04-12 01:33:42,272 - Trading System - INFO - Trading Bot is alive: True
2025-04-12 01:33:42,274 - Trading System - INFO - Monitor Bot is alive: True
2025-04-12 01:33:42,274 - Trading System - INFO - Improvement Bot is alive: True
2025-04-12 01:33:59,753 - Quantum Trading Bot - INFO - Starting trading cycle
2025-04-12 01:33:59,754 - Quantum Trading Bot - INFO - Market is closed, waiting...
2025-04-12 01:33:59,754 - Quantum Trading Bot - INFO - Sleeping for 60 seconds
2025-04-12 01:34:42,280 - Trading System - INFO - Trading Bot is alive: True
2025-04-12 01:34:42,281 - Trading System - INFO - Monitor Bot is alive: True
2025-04-12 01:34:42,281 - Trading System - INFO - Improvement Bot is alive: True
2025-04-12 01:34:59,762 - Quantum Trading Bot - INFO - Starting trading cycle
2025-04-12 01:34:59,763 - Quantum Trading Bot - INFO - Market is closed, waiting...
2025-04-12 01:34:59,763 - Quantum Trading Bot - INFO - Sleeping for 60 seconds
2025-04-12 01:35:42,292 - Trading System - INFO - Trading Bot is alive: True
2025-04-12 01:35:42,293 - Trading System - INFO - Monitor Bot is alive: True
2025-04-12 01:35:42,293 - Trading System - INFO - Improvement Bot is alive: True
2025-04-12 01:35:59,770 - Quantum Trading Bot - INFO - Starting trading cycle
2025-04-12 01:35:59,771 - Quantum Trading Bot - INFO - Market is closed, waiting...
2025-04-12 01:35:59,771 - Quantum Trading Bot - INFO - Sleeping for 60 seconds
2025-04-12 01:53:36,743 - Trading System - INFO - Trading Bot is alive: True
2025-04-12 01:53:36,745 - Trading System - INFO - Monitor Bot is alive: True
2025-04-12 01:53:36,746 - Trading System - INFO - Improvement Bot is alive: True
2025-04-12 01:53:38,058 - Monitor Bot - INFO - Running scheduled task: Quantum System Health Check
2025-04-12 01:53:38,059 - Monitor Bot - INFO - Monitoring quantum system health
2025-04-12 01:53:38,061 - Monitor Bot - INFO - Average quantum error rate: 0.0482
2025-04-12 01:53:38,065 - Monitor Bot - INFO - Task Quantum System Health Check completed successfully
2025-04-12 01:53:54,208 - Quantum Trading Bot - INFO - Starting trading cycle
2025-04-12 01:53:54,210 - Quantum Trading Bot - INFO - Market is closed, waiting...
2025-04-12 01:53:54,210 - Quantum Trading Bot - INFO - Sleeping for 60 seconds
2025-04-12 02:11:03,670 - Trading System - INFO - Trading Bot is alive: True
2025-04-12 02:11:03,671 - Trading System - INFO - Monitor Bot is alive: True
2025-04-12 02:11:03,671 - Trading System - INFO - Improvement Bot is alive: True
2025-04-12 02:11:21,154 - Quantum Trading Bot - INFO - Starting trading cycle
2025-04-12 02:11:21,155 - Quantum Trading Bot - INFO - Market is closed, waiting...
2025-04-12 02:11:21,156 - Quantum Trading Bot - INFO - Sleeping for 60 seconds
2025-04-12 02:29:03,613 - Trading System - INFO - Trading Bot is alive: True
2025-04-12 02:29:03,614 - Trading System - INFO - Monitor Bot is alive: True
2025-04-12 02:29:03,614 - Trading System - INFO - Improvement Bot is alive: True
2025-04-12 02:29:04,935 - Monitor Bot - INFO - Running scheduled task: Performance Metrics
2025-04-12 02:29:04,943 - Monitor Bot - INFO - === Performance Metrics ===
2025-04-12 02:29:04,943 - Monitor Bot - INFO - Date: 2025-04-11T15:59:24.665786
2025-04-12 02:29:04,943 - Monitor Bot - INFO - Total Trades: 72
2025-04-12 02:29:04,943 - Monitor Bot - INFO - Win Rate: 55.56%
2025-04-12 02:29:04,943 - Monitor Bot - INFO - Total Profit: $18.27
2025-04-12 02:29:04,943 - Monitor Bot - INFO - Average Profit per Trade: $0.25
2025-04-12 02:29:04,943 - Monitor Bot - INFO - Average Profit Percentage: 0.09%
2025-04-12 02:29:04,943 - Monitor Bot - INFO - Maximum Drawdown: 0.10%
2025-04-12 02:29:04,943 - Monitor Bot - INFO - Quantum Prediction Accuracy: 0.00%
2025-04-12 02:29:04,944 - Monitor Bot - INFO - ============================
2025-04-12 02:29:04,953 - Monitor Bot - INFO - Task Performance Metrics completed successfully
2025-04-12 02:44:47,032 - Quantum Trading Bot - INFO - Starting trading cycle
2025-04-12 02:44:47,034 - Quantum Trading Bot - INFO - Market is closed, waiting...
2025-04-12 02:44:47,034 - Quantum Trading Bot - INFO - Sleeping for 60 seconds
2025-04-12 02:45:29,563 - Trading System - INFO - Trading Bot is alive: True
2025-04-12 02:45:29,565 - Trading System - INFO - Monitor Bot is alive: True
2025-04-12 02:45:29,565 - Trading System - INFO - Improvement Bot is alive: True
2025-04-12 03:01:12,748 - Quantum Trading Bot - INFO - Starting trading cycle
2025-04-12 03:01:12,749 - Quantum Trading Bot - INFO - Market is closed, waiting...
2025-04-12 03:01:12,749 - Quantum Trading Bot - INFO - Sleeping for 60 seconds
2025-04-12 03:01:55,266 - Trading System - INFO - Trading Bot is alive: True
2025-04-12 03:01:55,267 - Trading System - INFO - Monitor Bot is alive: True
2025-04-12 03:01:55,268 - Trading System - INFO - Improvement Bot is alive: True
2025-04-12 03:17:22,628 - Quantum Trading Bot - INFO - Starting trading cycle
2025-04-12 03:17:22,629 - Quantum Trading Bot - INFO - Market is closed, waiting...
2025-04-12 03:17:22,629 - Quantum Trading Bot - INFO - Sleeping for 60 seconds
2025-04-12 03:33:34,058 - Trading System - INFO - Trading Bot is alive: True
2025-04-12 03:33:34,059 - Trading System - INFO - Monitor Bot is alive: True
2025-04-12 03:33:34,059 - Trading System - INFO - Improvement Bot is alive: True
2025-04-12 03:33:35,400 - Monitor Bot - INFO - Running scheduled task: Performance Metrics
2025-04-12 03:33:35,408 - Monitor Bot - INFO - === Performance Metrics ===
2025-04-12 03:33:35,409 - Monitor Bot - INFO - Date: 2025-04-11T15:59:24.665786
2025-04-12 03:33:35,409 - Monitor Bot - INFO - Total Trades: 72
2025-04-12 03:33:35,409 - Monitor Bot - INFO - Win Rate: 55.56%
2025-04-12 03:33:35,409 - Monitor Bot - INFO - Total Profit: $18.27
2025-04-12 03:33:35,409 - Monitor Bot - INFO - Average Profit per Trade: $0.25
2025-04-12 03:33:35,409 - Monitor Bot - INFO - Average Profit Percentage: 0.09%
2025-04-12 03:33:35,409 - Monitor Bot - INFO - Maximum Drawdown: 0.10%
2025-04-12 03:33:35,409 - Monitor Bot - INFO - Quantum Prediction Accuracy: 0.00%
2025-04-12 03:33:35,409 - Monitor Bot - INFO - ============================
2025-04-12 03:33:35,419 - Monitor Bot - INFO - Task Performance Metrics completed successfully
2025-04-12 03:33:51,537 - Quantum Trading Bot - INFO - Starting trading cycle
2025-04-12 03:33:51,539 - Quantum Trading Bot - INFO - Market is closed, waiting...
2025-04-12 03:33:51,539 - Quantum Trading Bot - INFO - Sleeping for 60 seconds
2025-04-12 03:50:29,740 - Trading System - INFO - Trading Bot is alive: True
2025-04-12 03:50:29,741 - Trading System - INFO - Monitor Bot is alive: True
2025-04-12 03:50:29,741 - Trading System - INFO - Improvement Bot is alive: True
2025-04-12 03:50:47,209 - Quantum Trading Bot - INFO - Starting trading cycle
2025-04-12 03:50:47,211 - Quantum Trading Bot - INFO - Market is closed, waiting...
2025-04-12 03:50:47,211 - Quantum Trading Bot - INFO - Sleeping for 60 seconds
2025-04-12 04:07:04,680 - Trading System - INFO - Trading Bot is alive: True
2025-04-12 04:07:04,681 - Trading System - INFO - Monitor Bot is alive: True
2025-04-12 04:07:04,681 - Trading System - INFO - Improvement Bot is alive: True
2025-04-12 04:23:17,080 - Quantum Trading Bot - INFO - Starting trading cycle
2025-04-12 04:23:17,082 - Quantum Trading Bot - INFO - Market is closed, waiting...
2025-04-12 04:23:17,082 - Quantum Trading Bot - INFO - Sleeping for 60 seconds
2025-04-12 04:40:28,512 - Trading System - INFO - Trading Bot is alive: True
2025-04-12 04:40:28,513 - Trading System - INFO - Monitor Bot is alive: True
2025-04-12 04:40:28,514 - Trading System - INFO - Improvement Bot is alive: True
2025-04-12 04:40:29,891 - Monitor Bot - INFO - Running scheduled task: Performance Metrics
2025-04-12 04:40:29,902 - Monitor Bot - INFO - === Performance Metrics ===
2025-04-12 04:40:29,902 - Monitor Bot - INFO - Date: 2025-04-11T15:59:24.665786
2025-04-12 04:40:29,902 - Monitor Bot - INFO - Total Trades: 72
2025-04-12 04:40:29,902 - Monitor Bot - INFO - Win Rate: 55.56%
2025-04-12 04:40:29,902 - Monitor Bot - INFO - Total Profit: $18.27
2025-04-12 04:40:29,902 - Monitor Bot - INFO - Average Profit per Trade: $0.25
2025-04-12 04:40:29,902 - Monitor Bot - INFO - Average Profit Percentage: 0.09%
2025-04-12 04:40:29,902 - Monitor Bot - INFO - Maximum Drawdown: 0.10%
2025-04-12 04:40:29,902 - Monitor Bot - INFO - Quantum Prediction Accuracy: 0.00%
2025-04-12 04:40:29,902 - Monitor Bot - INFO - ============================
2025-04-12 04:40:29,914 - Monitor Bot - INFO - Task Performance Metrics completed successfully
2025-04-12 04:40:46,021 - Quantum Trading Bot - INFO - Starting trading cycle
2025-04-12 04:40:46,023 - Quantum Trading Bot - INFO - Market is closed, waiting...
2025-04-12 04:40:46,023 - Quantum Trading Bot - INFO - Sleeping for 60 seconds
2025-04-12 04:46:54,507 - Trading System - INFO - Trading Bot is alive: True
2025-04-12 04:46:54,508 - Trading System - INFO - Monitor Bot is alive: True
2025-04-12 04:46:54,509 - Trading System - INFO - Improvement Bot is alive: True
2025-04-12 04:47:11,991 - Quantum Trading Bot - INFO - Starting trading cycle
2025-04-12 04:47:11,992 - Quantum Trading Bot - INFO - Market is closed, waiting...
2025-04-12 04:47:11,992 - Quantum Trading Bot - INFO - Sleeping for 60 seconds
2025-04-12 05:04:31,502 - Trading System - INFO - Trading Bot is alive: True
2025-04-12 05:04:31,504 - Trading System - INFO - Monitor Bot is alive: True
2025-04-12 05:04:31,504 - Trading System - INFO - Improvement Bot is alive: True
2025-04-12 05:04:32,906 - Monitor Bot - INFO - Running scheduled task: Quantum System Health Check
2025-04-12 05:04:32,906 - Monitor Bot - INFO - Monitoring quantum system health
2025-04-12 05:04:32,909 - Monitor Bot - INFO - Average quantum error rate: 0.0482
2025-04-12 05:04:32,912 - Monitor Bot - INFO - Task Quantum System Health Check completed successfully
2025-04-12 05:04:48,987 - Quantum Trading Bot - INFO - Starting trading cycle
2025-04-12 05:04:48,988 - Quantum Trading Bot - INFO - Market is closed, waiting...
2025-04-12 05:04:48,989 - Quantum Trading Bot - INFO - Sleeping for 60 seconds
2025-04-12 05:21:25,464 - Trading System - INFO - Trading Bot is alive: True
2025-04-12 05:21:25,465 - Trading System - INFO - Monitor Bot is alive: True
2025-04-12 05:21:25,466 - Trading System - INFO - Improvement Bot is alive: True
2025-04-12 05:37:38,828 - Quantum Trading Bot - INFO - Starting trading cycle
2025-04-12 05:37:38,829 - Quantum Trading Bot - INFO - Market is closed, waiting...
2025-04-12 05:37:38,829 - Quantum Trading Bot - INFO - Sleeping for 60 seconds
2025-04-12 05:38:21,356 - Trading System - INFO - Trading Bot is alive: True
2025-04-12 05:38:21,359 - Trading System - INFO - Monitor Bot is alive: True
2025-04-12 05:38:21,359 - Trading System - INFO - Improvement Bot is alive: True
2025-04-12 05:54:28,298 - Quantum Trading Bot - INFO - Starting trading cycle
2025-04-12 05:54:28,300 - Quantum Trading Bot - INFO - Market is closed, waiting...
2025-04-12 05:54:28,300 - Quantum Trading Bot - INFO - Sleeping for 60 seconds
2025-04-12 06:10:10,786 - Trading System - INFO - Trading Bot is alive: True
2025-04-12 06:10:10,864 - Trading System - INFO - Monitor Bot is alive: True
2025-04-12 06:10:10,864 - Trading System - INFO - Improvement Bot is alive: True
2025-04-12 06:10:12,116 - Monitor Bot - INFO - Running scheduled task: Performance Metrics
2025-04-12 06:10:12,124 - Monitor Bot - INFO - === Performance Metrics ===
2025-04-12 06:10:12,124 - Monitor Bot - INFO - Date: 2025-04-11T15:59:24.665786
2025-04-12 06:10:12,124 - Monitor Bot - INFO - Total Trades: 72
2025-04-12 06:10:12,124 - Monitor Bot - INFO - Win Rate: 55.56%
2025-04-12 06:10:12,124 - Monitor Bot - INFO - Total Profit: $18.27
2025-04-12 06:10:12,124 - Monitor Bot - INFO - Average Profit per Trade: $0.25
2025-04-12 06:10:12,124 - Monitor Bot - INFO - Average Profit Percentage: 0.09%
2025-04-12 06:10:12,124 - Monitor Bot - INFO - Maximum Drawdown: 0.10%
2025-04-12 06:10:12,124 - Monitor Bot - INFO - Quantum Prediction Accuracy: 0.00%
2025-04-12 06:10:12,124 - Monitor Bot - INFO - ============================
2025-04-12 06:10:12,141 - Monitor Bot - INFO - Task Performance Metrics completed successfully
2025-04-12 06:10:28,186 - Quantum Trading Bot - INFO - Starting trading cycle
2025-04-12 06:10:28,188 - Quantum Trading Bot - INFO - Market is closed, waiting...
2025-04-12 06:10:28,188 - Quantum Trading Bot - INFO - Sleeping for 60 seconds
2025-04-12 06:26:19,760 - Trading System - INFO - Trading Bot is alive: True
2025-04-12 06:26:19,761 - Trading System - INFO - Monitor Bot is alive: True
2025-04-12 06:26:19,762 - Trading System - INFO - Improvement Bot is alive: True
2025-04-12 06:26:37,100 - Quantum Trading Bot - INFO - Starting trading cycle
2025-04-12 06:26:37,102 - Quantum Trading Bot - INFO - Market is closed, waiting...
2025-04-12 06:26:37,102 - Quantum Trading Bot - INFO - Sleeping for 60 seconds
2025-04-12 06:42:40,711 - Trading System - INFO - Trading Bot is alive: True
2025-04-12 06:42:40,713 - Trading System - INFO - Monitor Bot is alive: True
2025-04-12 06:42:40,713 - Trading System - INFO - Improvement Bot is alive: True
2025-04-12 06:42:58,036 - Quantum Trading Bot - INFO - Starting trading cycle
2025-04-12 06:42:58,038 - Quantum Trading Bot - INFO - Market is closed, waiting...
2025-04-12 06:42:58,038 - Quantum Trading Bot - INFO - Sleeping for 60 seconds
2025-04-12 07:00:09,413 - Trading System - INFO - Trading Bot is alive: True
2025-04-12 07:00:09,415 - Trading System - INFO - Monitor Bot is alive: True
2025-04-12 07:00:09,415 - Trading System - INFO - Improvement Bot is alive: True
2025-04-12 07:00:26,738 - Quantum Trading Bot - INFO - Starting trading cycle
2025-04-12 07:00:26,740 - Quantum Trading Bot - INFO - Market is closed, waiting...
2025-04-12 07:00:26,740 - Quantum Trading Bot - INFO - Sleeping for 60 seconds
2025-04-12 07:18:13,310 - Trading System - INFO - Trading Bot is alive: True
2025-04-12 07:18:13,310 - Trading System - INFO - Monitor Bot is alive: True
2025-04-12 07:18:13,311 - Trading System - INFO - Improvement Bot is alive: True
2025-04-12 07:18:14,596 - Monitor Bot - INFO - Running scheduled task: Performance Metrics
2025-04-12 07:18:14,604 - Monitor Bot - INFO - === Performance Metrics ===
2025-04-12 07:18:14,604 - Monitor Bot - INFO - Date: 2025-04-11T15:59:24.665786
2025-04-12 07:18:14,604 - Monitor Bot - INFO - Total Trades: 72
2025-04-12 07:18:14,604 - Monitor Bot - INFO - Win Rate: 55.56%
2025-04-12 07:18:14,604 - Monitor Bot - INFO - Total Profit: $18.27
2025-04-12 07:18:14,605 - Monitor Bot - INFO - Average Profit per Trade: $0.25
2025-04-12 07:18:14,605 - Monitor Bot - INFO - Average Profit Percentage: 0.09%
2025-04-12 07:18:14,605 - Monitor Bot - INFO - Maximum Drawdown: 0.10%
2025-04-12 07:18:14,605 - Monitor Bot - INFO - Quantum Prediction Accuracy: 0.00%
2025-04-12 07:18:14,605 - Monitor Bot - INFO - ============================
2025-04-12 07:18:14,618 - Monitor Bot - INFO - Task Performance Metrics completed successfully
2025-04-12 07:34:21,589 - Quantum Trading Bot - INFO - Starting trading cycle
2025-04-12 07:34:21,591 - Quantum Trading Bot - INFO - Market is closed, waiting...
2025-04-12 07:34:21,591 - Quantum Trading Bot - INFO - Sleeping for 60 seconds
2025-04-12 07:50:10,095 - Trading System - INFO - Trading Bot is alive: True
2025-04-12 07:50:10,096 - Trading System - INFO - Monitor Bot is alive: True
2025-04-12 07:50:10,096 - Trading System - INFO - Improvement Bot is alive: True
2025-04-12 07:50:27,443 - Quantum Trading Bot - INFO - Starting trading cycle
2025-04-12 07:50:27,444 - Quantum Trading Bot - INFO - Market is closed, waiting...
2025-04-12 07:50:27,445 - Quantum Trading Bot - INFO - Sleeping for 60 seconds
2025-04-12 08:07:08,013 - Trading System - INFO - Trading Bot is alive: True
2025-04-12 08:07:08,015 - Trading System - INFO - Monitor Bot is alive: True
2025-04-12 08:07:08,015 - Trading System - INFO - Improvement Bot is alive: True
2025-04-12 08:07:09,321 - Monitor Bot - INFO - Running scheduled task: Quantum System Health Check
2025-04-12 08:07:09,322 - Monitor Bot - INFO - Monitoring quantum system health
2025-04-12 08:07:09,326 - Monitor Bot - INFO - Average quantum error rate: 0.0482
2025-04-12 08:07:09,329 - Monitor Bot - INFO - Task Quantum System Health Check completed successfully
2025-04-12 08:07:25,336 - Quantum Trading Bot - INFO - Starting trading cycle
2025-04-12 08:07:25,337 - Quantum Trading Bot - INFO - Market is closed, waiting...
2025-04-12 08:07:25,338 - Quantum Trading Bot - INFO - Sleeping for 60 seconds
2025-04-12 08:24:36,404 - Trading System - INFO - Trading Bot is alive: True
2025-04-12 08:24:36,406 - Trading System - INFO - Monitor Bot is alive: True
2025-04-12 08:24:36,406 - Trading System - INFO - Improvement Bot is alive: True
2025-04-12 08:24:37,721 - Monitor Bot - INFO - Running scheduled task: Performance Metrics
2025-04-12 08:24:37,729 - Monitor Bot - INFO - === Performance Metrics ===
2025-04-12 08:24:37,729 - Monitor Bot - INFO - Date: 2025-04-11T15:59:24.665786
2025-04-12 08:24:37,729 - Monitor Bot - INFO - Total Trades: 72
2025-04-12 08:24:37,729 - Monitor Bot - INFO - Win Rate: 55.56%
2025-04-12 08:24:37,729 - Monitor Bot - INFO - Total Profit: $18.27
2025-04-12 08:24:37,729 - Monitor Bot - INFO - Average Profit per Trade: $0.25
2025-04-12 08:24:37,729 - Monitor Bot - INFO - Average Profit Percentage: 0.09%
2025-04-12 08:24:37,729 - Monitor Bot - INFO - Maximum Drawdown: 0.10%
2025-04-12 08:24:37,729 - Monitor Bot - INFO - Quantum Prediction Accuracy: 0.00%
2025-04-12 08:24:37,730 - Monitor Bot - INFO - ============================
2025-04-12 08:24:37,739 - Monitor Bot - INFO - Task Performance Metrics completed successfully
2025-04-12 08:24:53,733 - Quantum Trading Bot - INFO - Starting trading cycle
2025-04-12 08:24:53,734 - Quantum Trading Bot - INFO - Market is closed, waiting...
2025-04-12 08:24:53,734 - Quantum Trading Bot - INFO - Sleeping for 60 seconds
2025-04-12 08:41:54,304 - Trading System - INFO - Trading Bot is alive: True
2025-04-12 08:41:54,306 - Trading System - INFO - Monitor Bot is alive: True
2025-04-12 08:41:54,307 - Trading System - INFO - Improvement Bot is alive: True
2025-04-12 08:42:11,639 - Quantum Trading Bot - INFO - Starting trading cycle
2025-04-12 08:42:11,640 - Quantum Trading Bot - INFO - Market is closed, waiting...
2025-04-12 08:42:11,641 - Quantum Trading Bot - INFO - Sleeping for 60 seconds
2025-04-12 08:44:38,998 - Trading System - INFO - Trading Bot is alive: True
2025-04-12 08:44:38,999 - Trading System - INFO - Monitor Bot is alive: True
2025-04-12 08:44:39,000 - Trading System - INFO - Improvement Bot is alive: True
2025-04-12 09:00:20,359 - Quantum Trading Bot - INFO - Starting trading cycle
2025-04-12 09:00:20,360 - Quantum Trading Bot - INFO - Market is closed, waiting...
2025-04-12 09:00:20,360 - Quantum Trading Bot - INFO - Sleeping for 60 seconds
2025-04-12 09:17:03,041 - Trading System - INFO - Trading Bot is alive: True
2025-04-12 09:17:03,042 - Trading System - INFO - Monitor Bot is alive: True
2025-04-12 09:17:03,042 - Trading System - INFO - Improvement Bot is alive: True
2025-04-12 09:17:20,371 - Quantum Trading Bot - INFO - Starting trading cycle
2025-04-12 09:17:20,373 - Quantum Trading Bot - INFO - Market is closed, waiting...
2025-04-12 09:17:20,373 - Quantum Trading Bot - INFO - Sleeping for 60 seconds
2025-04-12 09:34:52,013 - Trading System - INFO - Trading Bot is alive: True
2025-04-12 09:34:52,015 - Trading System - INFO - Monitor Bot is alive: True
2025-04-12 09:34:52,015 - Trading System - INFO - Improvement Bot is alive: True
2025-04-12 09:34:53,352 - Monitor Bot - INFO - Running scheduled task: Performance Metrics
2025-04-12 09:34:53,361 - Monitor Bot - INFO - === Performance Metrics ===
2025-04-12 09:34:53,361 - Monitor Bot - INFO - Date: 2025-04-11T15:59:24.665786
2025-04-12 09:34:53,361 - Monitor Bot - INFO - Total Trades: 72
2025-04-12 09:34:53,361 - Monitor Bot - INFO - Win Rate: 55.56%
2025-04-12 09:34:53,361 - Monitor Bot - INFO - Total Profit: $18.27
2025-04-12 09:34:53,361 - Monitor Bot - INFO - Average Profit per Trade: $0.25
2025-04-12 09:34:53,361 - Monitor Bot - INFO - Average Profit Percentage: 0.09%
2025-04-12 09:34:53,361 - Monitor Bot - INFO - Maximum Drawdown: 0.10%
2025-04-12 09:34:53,361 - Monitor Bot - INFO - Quantum Prediction Accuracy: 0.00%
2025-04-12 09:34:53,361 - Monitor Bot - INFO - ============================
2025-04-12 09:34:53,373 - Monitor Bot - INFO - Task Performance Metrics completed successfully
2025-04-12 09:35:09,342 - Quantum Trading Bot - INFO - Starting trading cycle
2025-04-12 09:35:09,343 - Quantum Trading Bot - INFO - Market is closed, waiting...
2025-04-12 09:35:09,344 - Quantum Trading Bot - INFO - Sleeping for 60 seconds
2025-04-12 09:45:31,009 - Trading System - INFO - Trading Bot is alive: True
2025-04-12 09:45:31,011 - Trading System - INFO - Monitor Bot is alive: True
2025-04-12 09:45:31,011 - Trading System - INFO - Improvement Bot is alive: True
2025-04-12 09:47:53,105 - Quantum Trading Bot - INFO - Starting trading cycle
2025-04-12 09:47:53,106 - Quantum Trading Bot - INFO - Market is closed, waiting...
2025-04-12 09:47:53,107 - Quantum Trading Bot - INFO - Sleeping for 60 seconds
2025-04-12 09:48:35,792 - Trading System - INFO - Trading Bot is alive: True
2025-04-12 09:48:35,794 - Trading System - INFO - Monitor Bot is alive: True
2025-04-12 09:48:35,794 - Trading System - INFO - Improvement Bot is alive: True
2025-04-12 10:04:10,194 - Quantum Trading Bot - INFO - Starting trading cycle
2025-04-12 10:04:10,199 - Quantum Trading Bot - INFO - Market is closed, waiting...
2025-04-12 10:04:10,199 - Quantum Trading Bot - INFO - Sleeping for 60 seconds
2025-04-12 10:08:26,545 - Trading System - INFO - Trading Bot is alive: True
2025-04-12 10:08:26,545 - Trading System - INFO - Monitor Bot is alive: True
2025-04-12 10:08:26,545 - Trading System - INFO - Improvement Bot is alive: True
2025-04-12 10:08:43,873 - Quantum Trading Bot - INFO - Starting trading cycle
2025-04-12 10:08:43,879 - Quantum Trading Bot - INFO - Market is closed, waiting...
2025-04-12 10:08:43,879 - Quantum Trading Bot - INFO - Sleeping for 60 seconds
2025-04-12 10:25:23,633 - Improvement Bot - INFO - Running scheduled task: Code Quality Check - Trading Bot
2025-04-12 10:25:23,640 - Improvement Bot - INFO - Found 2 issues in trading_bot
2025-04-12 10:25:23,640 - Improvement Bot - INFO - Task Code Quality Check - Trading Bot completed successfully
2025-04-12 10:25:23,640 - Improvement Bot - INFO - Running scheduled task: Code Quality Check - Monitor Bot
2025-04-12 10:25:23,642 - Improvement Bot - INFO - No issues found in monitor_bot
2025-04-12 10:25:23,642 - Improvement Bot - WARNING - Task Code Quality Check - Monitor Bot completed with warnings
2025-04-12 10:25:23,642 - Improvement Bot - INFO - Running scheduled task: Code Quality Check - Improvement Bot
2025-04-12 10:25:23,643 - Improvement Bot - INFO - Found 6 issues in improvement_bot
2025-04-12 10:25:23,643 - Improvement Bot - INFO - Task Code Quality Check - Improvement Bot completed successfully
2025-04-12 10:25:23,644 - Improvement Bot - INFO - Running scheduled task: Quantum Error Analysis
2025-04-12 10:25:23,644 - Improvement Bot - INFO - Analyzing quantum error rates
2025-04-12 10:25:23,645 - Improvement Bot - INFO - Quantum error analysis completed: avg error 0.0431, trend +0.0105
2025-04-12 10:25:23,645 - Improvement Bot - INFO - Task Quantum Error Analysis completed successfully
2025-04-12 10:25:23,645 - Improvement Bot - INFO - Running scheduled task: System Health Analysis
2025-04-12 10:25:23,651 - Improvement Bot - INFO - Win rate trend: +0.00%
2025-04-12 10:25:23,651 - Improvement Bot - INFO - Profit trend: +0.00%
2025-04-12 10:25:23,651 - Improvement Bot - INFO - System health analysis completed: healthy
2025-04-12 10:25:23,652 - Improvement Bot - INFO - Task System Health Analysis completed successfully
2025-04-12 10:25:26,632 - Trading System - INFO - Trading Bot is alive: True
2025-04-12 10:25:26,632 - Trading System - INFO - Monitor Bot is alive: True
2025-04-12 10:25:26,632 - Trading System - INFO - Improvement Bot is alive: True
2025-04-12 10:25:43,959 - Quantum Trading Bot - INFO - Starting trading cycle
2025-04-12 10:25:43,961 - Quantum Trading Bot - INFO - Market is closed, waiting...
2025-04-12 10:25:43,961 - Quantum Trading Bot - INFO - Sleeping for 60 seconds
2025-04-12 10:41:30,581 - Trading System - INFO - Trading Bot is alive: True
2025-04-12 10:41:30,582 - Trading System - INFO - Monitor Bot is alive: True
2025-04-12 10:41:30,583 - Trading System - INFO - Improvement Bot is alive: True
2025-04-12 10:41:31,943 - Monitor Bot - INFO - Running scheduled task: Performance Metrics
2025-04-12 10:41:31,952 - Monitor Bot - INFO - === Performance Metrics ===
2025-04-12 10:41:31,952 - Monitor Bot - INFO - Date: 2025-04-11T15:59:24.665786
2025-04-12 10:41:31,952 - Monitor Bot - INFO - Total Trades: 72
2025-04-12 10:41:31,952 - Monitor Bot - INFO - Win Rate: 55.56%
2025-04-12 10:41:31,952 - Monitor Bot - INFO - Total Profit: $18.27
2025-04-12 10:41:31,952 - Monitor Bot - INFO - Average Profit per Trade: $0.25
2025-04-12 10:41:31,953 - Monitor Bot - INFO - Average Profit Percentage: 0.09%
2025-04-12 10:41:31,953 - Monitor Bot - INFO - Maximum Drawdown: 0.10%
2025-04-12 10:41:31,953 - Monitor Bot - INFO - Quantum Prediction Accuracy: 0.00%
2025-04-12 10:41:31,953 - Monitor Bot - INFO - ============================
2025-04-12 10:41:31,963 - Monitor Bot - INFO - Task Performance Metrics completed successfully
2025-04-12 10:41:31,963 - Monitor Bot - INFO - Running scheduled task: Performance Charts
